date,Year,Month,CARDI_5P,CARDI_1P,CARDI_10P
2015/1/7,2015,1,1.467176026,1.244239631,1.416473018
2015/1/8,2015,1,1.443129847,1.225520833,1.446018665
2015/1/9,2015,1,1.393267672,1.189707234,1.463926469
2015/1/12,2015,1,1.435020755,1.271840924,1.470762653
2015/1/13,2015,1,1.525286598,1.331652958,1.414274992
2015/1/14,2015,1,1.479580462,1.258473445,1.405297793
2015/1/15,2015,1,1.356059529,1.251217265,1.533558853
2015/1/16,2015,1,1.386807541,1.227238144,1.442435381
2015/1/19,2015,1,1.367207759,1.26460177,1.79209195
2015/1/20,2015,1,1.336750946,1.346249435,1.571428571
2015/1/21,2015,1,1.475398605,1.467977396,1.54572678
2015/1/22,2015,1,1.520053052,1.544273504,1.539257153
2015/1/23,2015,1,1.498707362,1.607612782,1.540818848
2015/1/26,2015,1,1.450337787,1.576532964,1.532577335
2015/1/27,2015,1,1.5101918,1.508769982,1.557603807
2015/1/28,2015,1,1.401509889,1.603976234,1.57841292
2015/1/29,2015,1,1.436068426,1.564629529,1.661019053
2015/1/30,2015,1,1.500450535,1.564780716,1.533933203
2015/2/2,2015,2,1.509981373,1.448327296,1.496721767
2015/2/3,2015,2,1.440558379,1.552079791,1.590714
2015/2/4,2015,2,1.485829347,1.558924044,1.571502207
2015/2/5,2015,2,1.399870319,1.552187431,1.834748455
2015/2/6,2015,2,1.397814525,1.665990763,1.816498553
2015/2/9,2015,2,1.479951916,1.681491094,1.522903882
2015/2/10,2015,2,1.540679651,1.508853884,1.541316527
2015/2/11,2015,2,1.616036127,1.669332406,1.626461298
2015/2/12,2015,2,1.579803276,1.915597569,1.53126315
2015/2/13,2015,2,1.422128507,1.456259352,1.508793519
2015/2/16,2015,2,1.467617453,1.707937548,1.436055554
2015/2/17,2015,2,1.252492121,1.507417434,1.4685988
2015/2/25,2015,2,1.316209185,1.72564899,1.479325584
2015/2/26,2015,2,1.355651094,1.521687782,1.495071365
2015/2/27,2015,2,1.351561463,1.423252437,1.538487932
2015/3/2,2015,3,1.417994963,1.575375565,1.52477604
2015/3/3,2015,3,1.42382636,1.678259122,1.555100257
2015/3/4,2015,3,1.379476769,1.851483095,1.520262521
2015/3/5,2015,3,1.377296971,1.798385469,1.517074195
2015/3/6,2015,3,1.306578567,1.774229635,1.600362916
2015/3/9,2015,3,1.331753206,1.717697362,1.562033991
2015/3/10,2015,3,1.315678239,1.784833925,1.597479528
2015/3/11,2015,3,1.333552224,1.814345114,1.581785884
2015/3/12,2015,3,1.269758042,1.663574779,1.611247723
2015/3/13,2015,3,1.23509862,1.550913311,1.499875741
2015/3/16,2015,3,1.393173488,1.588247338,1.651474531
2015/3/17,2015,3,1.459329202,1.835577758,1.423071639
2015/3/18,2015,3,1.397460842,2.05056494,1.518743184
2015/3/19,2015,3,1.40043669,1.776832312,1.416789248
2015/3/20,2015,3,1.391004381,1.756923732,1.444366833
2015/3/23,2015,3,1.463398612,1.591828003,1.455539922
2015/3/24,2015,3,1.264840734,1.499135882,1.454935666
2015/3/25,2015,3,1.277523947,1.590031083,1.487257339
2015/3/26,2015,3,1.370388629,1.515832595,1.462763394
2015/3/27,2015,3,1.365796804,1.653517644,1.508014681
2015/3/30,2015,3,1.362525162,1.655657701,1.590976094
2015/3/31,2015,3,1.558733748,1.67336275,1.481602046
2015/4/1,2015,4,1.376444368,1.658154382,1.455033367
2015/4/2,2015,4,1.428593393,1.501640112,1.448870735
2015/4/3,2015,4,1.475782016,1.495390918,1.493435964
2015/4/7,2015,4,1.404546773,1.694481504,1.465417623
2015/4/8,2015,4,1.254700043,1.468077994,1.357469881
2015/4/9,2015,4,1.365547329,1.502998001,1.32371231
2015/4/10,2015,4,1.32552616,1.516804345,1.340273375
2015/4/13,2015,4,1.32923256,1.60969163,1.251459796
2015/4/14,2015,4,1.471187402,1.786580437,1.466269301
2015/4/15,2015,4,1.394363788,1.794459963,1.462661695
2015/4/16,2015,4,1.370054003,1.499057789,1.416726677
2015/4/17,2015,4,1.320666278,1.494238424,1.385769144
2015/4/20,2015,4,1.286167871,1.409384796,1.248260965
2015/4/21,2015,4,1.354102123,1.484143763,1.205645491
2015/4/22,2015,4,1.298071047,1.517612124,1.325347519
2015/4/23,2015,4,1.342255623,1.630926954,1.304235035
2015/4/24,2015,4,1.062950919,0.972879077,1.075846378
2015/4/27,2015,4,1.094238906,1.137740412,1.116844215
2015/4/28,2015,4,1.089453205,1.069573792,1.12772308
2015/4/29,2015,4,1.046639065,0.981616447,1.029875729
2015/4/30,2015,4,0.933553454,0.904629915,1.13070447
2015/5/4,2015,5,0.925363926,0.901907081,1.071792456
2015/5/5,2015,5,1.016576026,0.987422048,1.151067094
2015/5/6,2015,5,1.061810929,1.045134443,1.16323273
2015/5/7,2015,5,1.158623137,1.007159402,1.224272099
2015/5/8,2015,5,1.121927585,1.074263098,1.233739164
2015/5/11,2015,5,1.042976416,0.965668158,1.154486872
2015/5/12,2015,5,1.161835623,1.307185295,1.152741788
2015/5/13,2015,5,1.072908737,1.42443456,1.196027764
2015/5/14,2015,5,1.243834357,1.075370753,1.276996871
2015/5/15,2015,5,1.005468922,1.226233337,1.256817821
2015/5/18,2015,5,1.178553239,1.166618733,1.444649431
2015/5/19,2015,5,1.085672083,0.971483587,1.496407821
2015/5/20,2015,5,1.086616881,0.971140593,1.370759951
2015/5/21,2015,5,0.998555674,0.764496546,1.128219106
2015/5/22,2015,5,0.908818419,0.869216348,1.210510634
2015/5/25,2015,5,1.136110036,1.048945587,1.296715869
2015/5/26,2015,5,1.077013723,1.012420828,1.185452809
2015/5/27,2015,5,1.198446948,0.938232572,1.124847307
2015/5/28,2015,5,1.280948841,0.959709332,1.047181708
2015/5/29,2015,5,1.188317902,1.029891516,1.314128708
2015/6/1,2015,6,1.152554215,1.15150786,1.271958735
2015/6/2,2015,6,1.116490028,1.099372225,1.265746679
2015/6/3,2015,6,1.10636852,1.109381022,1.322975977
2015/6/4,2015,6,1.066809645,1.070002957,1.250507308
2015/6/5,2015,6,1.178672129,1.062751408,1.204639165
2015/6/8,2015,6,1.156362866,1.072467709,1.15946244
2015/6/9,2015,6,1.147658715,1.098709767,1.185527899
2015/6/10,2015,6,1.142899769,1.097148012,1.166540941
2015/6/11,2015,6,1.144732752,1.146031076,1.195783035
2015/6/12,2015,6,1.13372144,1.129064768,1.245512511
2015/6/15,2015,6,1.199657539,1.153310562,1.295747195
2015/6/16,2015,6,1.246845195,1.261756814,1.239892609
2015/6/17,2015,6,1.206614138,1.229320455,1.302861
2015/6/18,2015,6,1.232971785,1.208783526,1.17989718
2015/6/19,2015,6,1.104889848,1.224578915,1.217592646
2015/6/23,2015,6,1.191118696,1.255534604,1.228952521
2015/6/24,2015,6,1.147830456,1.213093117,1.265556481
2015/6/25,2015,6,1.256442889,1.217315319,1.158331068
2015/6/26,2015,6,1.04971155,1.092634823,1.122463819
2015/6/29,2015,6,0.954105098,1.039192196,1.274975824
2015/6/30,2015,6,0.987446367,1.057094437,1.338081268
2015/7/1,2015,7,1.014569354,1.080850332,1.233074753
2015/7/2,2015,7,1.160095269,1.196244411,1.333873632
2015/7/3,2015,7,1.385527425,1.187106918,1.251915177
2015/7/6,2015,7,1.19584234,1.226489414,1.244483401
2015/7/7,2015,7,1.097720853,1.045912836,1.226791897
2015/7/8,2015,7,1.157716314,1.035141071,1.201358084
2015/7/9,2015,7,1.16279645,1.009494133,1.175486239
2015/7/10,2015,7,1.179992977,1.096082672,1.148222632
2015/7/13,2015,7,1.174828728,1.085136384,1.139850751
2015/7/14,2015,7,1.222633695,1.103822676,1.177870218
2015/7/15,2015,7,1.437550154,1.105395738,1.353679173
2015/7/16,2015,7,1.814663714,1.20384238,1.26675708
2015/7/17,2015,7,1.515487285,1.261956577,1.311732237
2015/7/20,2015,7,1.414876639,1.334937249,1.080688012
2015/7/21,2015,7,1.308394877,1.19487756,1.216793175
2015/7/22,2015,7,1.197815545,1.220602865,1.157582914
2015/7/23,2015,7,1.130827581,1.161205126,1.105388576
2015/7/24,2015,7,1.160162736,1.200152944,1.120751385
2015/7/27,2015,7,1.238586181,1.208918784,1.145069316
2015/7/28,2015,7,1.316380655,1.209084027,1.093292788
2015/7/29,2015,7,1.224546698,1.129200056,1.160618863
2015/7/30,2015,7,1.14947349,1.072151666,1.188278646
2015/7/31,2015,7,1.075339925,1.163101604,1.29119608
2015/8/3,2015,8,1.260876764,1.128096539,1.238978258
2015/8/4,2015,8,1.245092333,1.199071132,1.168000676
2015/8/5,2015,8,1.247712866,1.367055137,1.253907226
2015/8/6,2015,8,1.189664388,1.163125428,1.105386462
2015/8/7,2015,8,1.210567776,1.20369362,1.059198586
2015/8/10,2015,8,0.983692597,1.130631592,1.06624125
2015/8/11,2015,8,1.183547107,1.210850743,1.052157241
2015/8/12,2015,8,1.359672819,1.269314116,1.297259163
2015/8/13,2015,8,1.156989247,1.292767107,1.160028028
2015/8/14,2015,8,1.316003904,1.19707326,1.181224852
2015/8/17,2015,8,1.111582041,1.134739257,1.123444352
2015/8/18,2015,8,1.393608456,1.435827518,1.236163025
2015/8/19,2015,8,1.190927978,1.520255231,1.228058619
2015/8/20,2015,8,1.381729956,1.734393374,1.227329953
2015/8/21,2015,8,1.368200438,1.428403353,1.13876598
2015/8/24,2015,8,1.434905287,1.3792839,1.245495906
2015/8/25,2015,8,1.417356292,1.405969255,1.263238037
2015/8/26,2015,8,1.451240454,1.437503354,1.328834215
2015/8/27,2015,8,1.379916856,1.335679531,1.28150989
2015/8/28,2015,8,1.317072196,1.355748982,1.361698217
2015/8/31,2015,8,1.352668435,1.450441311,1.263630276
2015/9/1,2015,9,1.324123897,1.650340282,1.291832633
2015/9/2,2015,9,1.362874799,1.4680995,1.276222887
2015/9/7,2015,9,1.316581091,1.429358988,1.215216064
2015/9/8,2015,9,1.329307238,1.151048658,1.318836281
2015/9/9,2015,9,1.479669156,1.114841943,1.218519729
2015/9/10,2015,9,1.500033495,1.36692778,1.346008718
2015/9/11,2015,9,1.299336129,1.443470985,1.321006236
2015/9/14,2015,9,1.542307692,1.443054419,1.290584374
2015/9/15,2015,9,1.584713953,1.526500866,1.220720013
2015/9/16,2015,9,1.715516452,1.452972767,1.357767453
2015/9/17,2015,9,1.730252439,1.608397096,1.313465934
2015/9/18,2015,9,1.610254983,1.55001461,1.31490445
2015/9/21,2015,9,1.387678173,1.318389713,1.354239857
2015/9/22,2015,9,1.575081793,1.385345634,1.38271365
2015/9/23,2015,9,1.397703438,1.421448864,1.237266996
2015/9/24,2015,9,1.455782787,1.364603393,1.264956469
2015/9/25,2015,9,1.412255732,1.380559115,1.223641456
2015/9/28,2015,9,1.317277163,1.308750714,1.299954405
2015/9/29,2015,9,1.329403593,1.379112353,1.236430264
2015/9/30,2015,9,1.315263118,1.316481244,1.191473305
2015/10/8,2015,10,1.22629178,1.328275067,1.381323844
2015/10/9,2015,10,1.203803068,1.321516322,1.237846442
2015/10/12,2015,10,1.141294536,1.237175895,1.192829112
2015/10/13,2015,10,1.3079915,1.481255715,1.178956451
2015/10/14,2015,10,1.099879797,1.160677936,1.068015461
2015/10/15,2015,10,1.107249756,1.257600832,1.044661716
2015/10/16,2015,10,1.107953203,1.146054628,1.095264238
2015/10/19,2015,10,1.139633672,1.193747744,1.019761703
2015/10/20,2015,10,1.052144294,1.133188626,1.028109057
2015/10/21,2015,10,1.079351179,0.940667778,1.00354184
2015/10/22,2015,10,1.077893181,0.898993964,0.963612345
2015/10/23,2015,10,1.134590446,0.994121673,0.863920195
2015/10/26,2015,10,1.096909414,1.002597506,0.942624281
2015/10/27,2015,10,1.110854208,1.070877649,0.946774463
2015/10/28,2015,10,1.065295733,0.909659198,0.906277637
2015/10/29,2015,10,0.970645356,0.818263237,0.946706632
2015/10/30,2015,10,0.936056563,0.876136791,0.8815673
2015/11/2,2015,11,0.910467403,0.838386948,0.902503359
2015/11/3,2015,11,0.871425552,0.802615791,0.868476208
2015/11/4,2015,11,0.96689773,0.908728855,0.9172557
2015/11/5,2015,11,1.097653181,0.910554345,0.942405767
2015/11/6,2015,11,0.992867414,0.969184104,0.932434407
2015/11/9,2015,11,1.000075851,0.866385678,0.955122096
2015/11/10,2015,11,0.919044284,0.826994264,0.873204265
2015/11/11,2015,11,0.848865955,0.777546041,0.994908191
2015/11/12,2015,11,0.886634892,0.810547978,0.984556205
2015/11/13,2015,11,0.862718289,0.785130615,0.927316741
2015/11/16,2015,11,0.849857641,0.739635748,1.027147677
2015/11/17,2015,11,0.850667424,0.726360322,0.983591784
2015/11/18,2015,11,0.884960453,0.726101451,0.973570742
2015/11/19,2015,11,0.831332654,0.799255121,0.971646871
2015/11/20,2015,11,0.83618289,0.738298757,0.974957387
2015/11/23,2015,11,0.845041773,0.720451314,0.921607904
2015/11/24,2015,11,0.828824402,0.722656067,0.922752084
2015/11/25,2015,11,0.797915095,0.703526819,0.899529618
2015/11/26,2015,11,0.91508301,0.813297178,0.906991438
2015/11/27,2015,11,0.950178941,0.937762129,0.90038053
2015/11/30,2015,11,0.857380183,0.881064835,0.892303983
2015/12/1,2015,12,0.979429911,0.931568508,0.976790473
2015/12/2,2015,12,0.906677614,0.924926686,0.984543342
2015/12/3,2015,12,0.894703582,0.997051323,0.881259683
2015/12/4,2015,12,0.83833262,0.856303725,0.954662911
2015/12/7,2015,12,0.845247337,0.807544053,0.974211608
2015/12/8,2015,12,0.899539662,0.93942489,0.953108224
2015/12/9,2015,12,0.947833632,0.943443083,1.004031248
2015/12/10,2015,12,0.820147514,0.790729331,1.087789746
2015/12/11,2015,12,0.952530737,0.932894132,0.953677511
2015/12/14,2015,12,0.881551874,0.920890645,1.02012938
2015/12/15,2015,12,0.878840949,0.93070056,0.998641604
2015/12/16,2015,12,0.936592733,0.941751527,0.980212647
2015/12/17,2015,12,0.931726607,0.935050768,1.008958814
2015/12/18,2015,12,0.92824731,0.931651749,1.040004724
2015/12/21,2015,12,1.027538638,1.02373432,1.044534286
2015/12/22,2015,12,0.964184136,0.975729366,0.975938223
2015/12/23,2015,12,0.94032482,1.025022584,1.039813568
2015/12/24,2015,12,1.06661083,1.072491209,1.012445991
2015/12/25,2015,12,0.993314825,1.156751653,0.98227437
2015/12/28,2015,12,0.891035549,0.992191659,0.994782408
2015/12/29,2015,12,0.891560765,0.942252252,0.979414218
2015/12/30,2015,12,0.956943805,0.854570303,0.936738776
2015/12/31,2015,12,0.989134221,1.004374373,0.925973776
2016/1/4,2016,1,0.964706652,0.878422363,0.939209908
2016/1/5,2016,1,0.912102484,1.053126769,1.132588434
2016/1/6,2016,1,0.949059184,0.905051777,1.031090459
2016/1/7,2016,1,0.889118729,0.957882367,1.050736659
2016/1/8,2016,1,0.94722065,1.00680887,1.065173047
2016/1/11,2016,1,1.008615623,0.979916422,1.020830237
2016/1/12,2016,1,1.030327215,0.876593399,1.039303896
2016/1/13,2016,1,1.037469451,0.9792739,1.080565367
2016/1/14,2016,1,0.936867782,0.80993989,1.036889332
2016/1/15,2016,1,0.940125122,0.873612297,1.019385104
2016/1/18,2016,1,0.901994115,0.857718787,1.04847708
2016/1/19,2016,1,0.933821786,0.921337855,0.969905731
2016/1/20,2016,1,0.947797326,0.915258643,0.984410691
2016/1/21,2016,1,0.863261808,0.817676669,1.058312287
2016/1/22,2016,1,0.861319692,0.913881836,1.028001874
2016/1/25,2016,1,0.917435756,0.922198674,1.027827432
2016/1/26,2016,1,1.023444783,1.249677211,1.102090139
2016/1/27,2016,1,1.098577016,1.205489317,1.104637218
2016/1/28,2016,1,1.154661199,1.331222184,1.241029185
2016/1/29,2016,1,1.216797963,1.218006013,1.300203507
2016/2/1,2016,2,1.050728377,1.131538103,1.149000923
2016/2/2,2016,2,1.154237961,1.102484236,1.036113852
2016/2/3,2016,2,1.060444857,1.226442715,1.114304231
2016/2/4,2016,2,1.036026108,1.271417323,1.061585399
2016/2/5,2016,2,0.983013244,1.282088637,1.114786898
2016/2/15,2016,2,1.177012196,1.265918156,1.106322319
2016/2/16,2016,2,1.239054112,1.207992802,1.175325285
2016/2/17,2016,2,1.107189112,1.188261272,1.118378493
2016/2/18,2016,2,1.088858679,1.238268264,1.101310633
2016/2/19,2016,2,1.038302747,1.248847282,1.090465775
2016/2/22,2016,2,1.059213311,1.071648803,1.11256854
2016/2/23,2016,2,0.991896891,1.027085364,1.105655676
2016/2/24,2016,2,1.09531297,1.17888936,1.176650461
2016/2/25,2016,2,1.246736257,1.166757113,1.21806102
2016/2/26,2016,2,1.157428481,1.111078991,1.192400464
2016/2/29,2016,2,1.258190748,1.390944817,1.214272912
2016/3/1,2016,3,1.379265965,1.476508959,1.210100292
2016/3/2,2016,3,1.197576299,1.306872209,1.21293296
2016/3/3,2016,3,1.320293299,1.27899519,1.241605883
2016/3/4,2016,3,1.255110918,1.405403173,1.268715279
2016/3/7,2016,3,1.251127041,1.187293285,1.231234421
2016/3/8,2016,3,1.199801008,1.199059803,1.200423493
2016/3/9,2016,3,1.293191453,1.348847103,1.24696472
2016/3/10,2016,3,1.164704734,1.255208333,1.120652691
2016/3/11,2016,3,1.217586202,1.299467465,1.154169094
2016/3/14,2016,3,1.316472555,1.447406037,1.296113661
2016/3/15,2016,3,1.209085015,1.389405281,1.200408444
2016/3/16,2016,3,1.244604945,1.423912139,1.236537134
2016/3/17,2016,3,1.297901211,1.376928073,1.234451141
2016/3/18,2016,3,1.223814617,1.31778809,1.206004801
2016/3/21,2016,3,1.214348162,1.393547405,1.203318009
2016/3/22,2016,3,1.120110334,1.438049623,1.215477458
2016/3/23,2016,3,1.33089582,1.400980762,1.217072016
2016/3/24,2016,3,1.152010135,1.291720916,1.199690881
2016/3/25,2016,3,1.314562715,1.344694534,1.289173697
2016/3/28,2016,3,1.195547671,1.204648485,1.156862981
2016/3/29,2016,3,1.154305442,1.337352191,1.185433728
2016/3/30,2016,3,1.338486901,1.349147287,1.23180588
2016/3/31,2016,3,1.364288313,1.265011716,1.20667006
2016/4/1,2016,4,1.370165511,1.305598698,1.26276534
2016/4/5,2016,4,1.370943933,1.177325021,1.194274392
2016/4/6,2016,4,1.436866332,1.289790358,1.176788431
2016/4/7,2016,4,1.274061214,1.407171686,1.231618995
2016/4/8,2016,4,1.359176084,1.4810514,1.168810951
2016/4/11,2016,4,1.410656006,1.431552662,1.147223521
2016/4/12,2016,4,1.229160299,1.443798103,1.149475655
2016/4/13,2016,4,1.290606099,1.410752479,1.178985758
2016/4/14,2016,4,1.257990941,1.261697647,1.200937494
2016/4/15,2016,4,1.255149375,1.404781879,1.339415542
2016/4/18,2016,4,1.23775537,1.62445465,1.216093818
2016/4/19,2016,4,1.292140854,1.440661373,1.247590373
2016/4/20,2016,4,1.331240722,1.475513774,1.270860312
2016/4/21,2016,4,1.251786958,1.449650034,1.332338522
2016/4/22,2016,4,1.18468401,1.449054622,1.345015499
2016/4/25,2016,4,1.216573149,1.351595903,1.30446105
2016/4/26,2016,4,1.364892019,1.328690808,1.328866238
2016/4/27,2016,4,1.336649408,1.506874329,1.31715501
2016/4/28,2016,4,1.440041049,1.479395455,1.356289453
2016/4/29,2016,4,1.362902469,1.382885239,1.393336014
2016/5/3,2016,5,1.324386188,1.305396218,1.354217057
2016/5/4,2016,5,1.252715794,1.296696107,1.373909982
2016/5/5,2016,5,1.241022141,1.364945438,1.290426092
2016/5/6,2016,5,1.166402683,1.419765607,1.219500845
2016/5/9,2016,5,1.251639076,1.412623444,1.170460158
2016/5/10,2016,5,1.251919889,1.575293699,1.251124878
2016/5/11,2016,5,1.229568945,1.421176735,1.157899579
2016/5/12,2016,5,1.156176465,1.493699625,1.150869821
2016/5/13,2016,5,1.197485822,1.402043133,1.190870652
2016/5/16,2016,5,1.19867417,1.189417882,1.174757026
2016/5/17,2016,5,1.279132587,1.249624705,1.19481252
2016/5/18,2016,5,1.378775441,1.284851873,1.261854964
2016/5/19,2016,5,1.319253839,1.236814567,1.292554191
2016/5/20,2016,5,1.202548905,1.257682677,1.277526922
2016/5/23,2016,5,1.266548862,1.279990227,1.217769908
2016/5/24,2016,5,1.317114241,1.331732592,1.275575286
2016/5/25,2016,5,1.312480657,1.387141419,1.284958662
2016/5/26,2016,5,1.278061581,1.303400033,1.224441512
2016/5/27,2016,5,1.405249189,1.293781726,1.289010007
2016/5/30,2016,5,1.160411939,1.19589491,1.232962457
2016/5/31,2016,5,1.174686557,1.302086839,1.245379849
2016/6/1,2016,6,1.145465412,1.20353687,1.174755282
2016/6/2,2016,6,1.088018367,1.353364962,1.163733538
2016/6/3,2016,6,1.124380312,1.147254171,1.146324291
2016/6/6,2016,6,1.085929077,1.185078667,1.158828846
2016/6/7,2016,6,1.072364425,1.145606267,1.194653524
2016/6/8,2016,6,1.059889607,1.174007704,1.212639179
2016/6/13,2016,6,1.093962711,1.085141086,1.163116897
2016/6/14,2016,6,1.205442936,1.15580786,1.116468196
2016/6/15,2016,6,1.134682339,1.169607675,1.128710832
2016/6/16,2016,6,1.15419381,1.204962432,1.148016825
2016/6/17,2016,6,1.133888514,1.192942011,1.09080181
2016/6/20,2016,6,1.050442122,1.103858576,1.090654068
2016/6/21,2016,6,1.136698508,1.157093676,1.134239779
2016/6/22,2016,6,1.078641618,1.204516712,1.125556284
2016/6/23,2016,6,1.149304473,1.131448158,1.192400466
2016/6/24,2016,6,1.150390505,1.233132102,1.148189361
2016/6/27,2016,6,1.083670948,1.1558753,1.099878071
2016/6/28,2016,6,1.126684322,1.269012082,1.138697238
2016/6/29,2016,6,1.178480899,1.289084507,1.173061928
2016/6/30,2016,6,1.252694271,1.29004329,1.145878267
2016/7/1,2016,7,1.158612033,1.148599671,1.155526291
2016/7/4,2016,7,1.281929305,1.263806971,1.180644068
2016/7/5,2016,7,1.185692407,1.251566852,1.125671408
2016/7/6,2016,7,1.28949178,1.252907481,1.14993418
2016/7/7,2016,7,1.284544941,1.245283019,1.06651817
2016/7/8,2016,7,1.286613971,1.29971025,1.074911614
2016/7/11,2016,7,1.262674867,1.276866359,1.157824201
2016/7/12,2016,7,1.296916743,1.234928312,1.130289562
2016/7/13,2016,7,1.245788378,1.183978873,1.177942343
2016/7/14,2016,7,1.193633396,1.126450116,1.126843989
2016/7/15,2016,7,1.155904542,1.125290408,1.087570428
2016/7/18,2016,7,1.141685649,1.236993183,1.13012824
2016/7/19,2016,7,1.158405833,1.218823106,1.19311114
2016/7/20,2016,7,1.146967147,1.119212347,1.1227475
2016/7/21,2016,7,1.135194668,1.101160862,1.147845415
2016/7/22,2016,7,1.140379173,1.148891967,1.113923878
2016/7/25,2016,7,1.165153856,1.17162593,1.233071373
2016/7/26,2016,7,1.121286905,1.033680971,1.152675124
2016/7/27,2016,7,1.034797812,1.019750356,1.06677043
2016/7/28,2016,7,1.154109691,1.152996028,1.059291185
2016/7/29,2016,7,1.105130058,1.093413978,1.077440109
2016/8/1,2016,8,1.095712098,1.024769388,1.041713852
2016/8/2,2016,8,1.059532034,0.958375635,0.997120681
2016/8/3,2016,8,1.062257148,1.067183463,1.005379848
2016/8/4,2016,8,1.045649073,1.13170564,1.023934275
2016/8/5,2016,8,0.976397063,1.025454545,1.05383118
2016/8/8,2016,8,1.047511886,1.061173084,1.015110143
2016/8/9,2016,8,1.106991065,1.073720888,1.018559188
2016/8/10,2016,8,0.991973182,1.014369345,1.006806186
2016/8/11,2016,8,1.025394074,1.092897196,1.02100017
2016/8/12,2016,8,1.018200944,1.01455869,1.012803163
2016/8/15,2016,8,1.024379376,1.084640091,1.043352512
2016/8/16,2016,8,0.930727301,0.972933161,1.055236007
2016/8/17,2016,8,1.022789072,1.051107325,1.067660371
2016/8/18,2016,8,1.105685946,1.085110546,1.050669892
2016/8/19,2016,8,1.042755344,1.073790862,1.212283731
2016/8/22,2016,8,1.090749656,1.041353383,1.102129053
2016/8/23,2016,8,0.993951059,0.958757167,1.069487889
2016/8/24,2016,8,1.011198618,0.983807929,1.071357067
2016/8/25,2016,8,0.989645371,0.956757769,1.06551939
2016/8/26,2016,8,0.994133029,0.980341246,1.063380951
2016/8/29,2016,8,0.969463014,1.036941263,1.030016848
2016/8/30,2016,8,0.887730381,1.06159562,1.05624629
2016/8/31,2016,8,0.952946657,0.982203072,1.042728272
2016/9/1,2016,9,0.991286006,1.022243714,1.006261621
2016/9/2,2016,9,0.908502773,0.879720512,1.01071362
2016/9/5,2016,9,0.916111368,0.704054245,0.945231391
2016/9/6,2016,9,0.981389076,0.811053146,0.978879362
2016/9/7,2016,9,0.979676596,0.931481481,0.954315629
2016/9/8,2016,9,0.924724374,0.865645933,0.929610469
2016/9/9,2016,9,0.89615303,0.831137502,0.994645876
2016/9/12,2016,9,0.931504744,0.836888805,0.939631361
2016/9/13,2016,9,0.914487977,0.852362205,0.987797709
2016/9/14,2016,9,0.899702338,0.854112467,0.954400588
2016/9/19,2016,9,0.895538077,0.867431737,1.02124529
2016/9/20,2016,9,0.927779872,0.888843731,1.074739742
2016/9/21,2016,9,0.890725852,0.881578947,1.012413923
2016/9/22,2016,9,0.954061521,0.814111007,1.026767478
2016/9/23,2016,9,0.971051001,0.889337298,1.011606042
2016/9/26,2016,9,0.84928375,0.768961708,1.012226098
2016/9/27,2016,9,0.893938256,0.819341329,1.003568093
2016/9/28,2016,9,0.843930219,0.813127557,0.978387133
2016/9/29,2016,9,0.890070396,0.873684211,0.956221282
2016/9/30,2016,9,0.878303673,0.909315746,0.969452273
2016/10/10,2016,10,0.863438858,0.871666667,1.000796571
2016/10/11,2016,10,0.966821303,0.948377004,1.076705926
2016/10/12,2016,10,0.931264671,0.877250409,0.998581743
2016/10/13,2016,10,0.879482555,0.752933057,1.022679155
2016/10/14,2016,10,0.9118479,0.903042596,1.00879032
2016/10/17,2016,10,1.001947085,0.876468206,0.861048218
2016/10/18,2016,10,0.915655497,0.848247503,0.968899776
2016/10/19,2016,10,0.994438265,0.891106719,0.924491136
2016/10/20,2016,10,0.930672516,0.872142424,0.945689503
2016/10/21,2016,10,0.893573747,0.843044727,0.986061662
2016/10/24,2016,10,0.903584162,0.872645373,0.946285631
2016/10/25,2016,10,1.012726188,0.920127119,0.988601531
2016/10/26,2016,10,0.947393106,0.944025834,0.933819528
2016/10/27,2016,10,0.971999847,0.936708861,1.021294878
2016/10/28,2016,10,0.966109843,0.932373473,1.073126069
2016/10/31,2016,10,1.070396134,0.945297297,1.036512158
2016/11/1,2016,11,1.032844136,0.898915401,1.041341322
2016/11/2,2016,11,1.08120011,1.04188607,1.036148051
2016/11/3,2016,11,1.018916291,0.934837093,1.063132141
2016/11/4,2016,11,1.0690251,1.034316095,1.076687707
2016/11/7,2016,11,1.099645765,1.060323069,1.087093231
2016/11/8,2016,11,1.063608018,1.03003876,1.114771904
2016/11/9,2016,11,1.112980879,1.03417782,1.148043069
2016/11/10,2016,11,1.127252616,1.026478594,1.134334026
2016/11/11,2016,11,1.085634378,1.073409852,1.183870676
2016/11/14,2016,11,1.122175583,1.04937691,1.10384726
2016/11/15,2016,11,1.155498744,1.074637681,1.312949471
2016/11/16,2016,11,1.159587978,1.042397661,1.263051348
2016/11/17,2016,11,1.210958771,1.108244815,1.223551565
2016/11/18,2016,11,1.178489165,1.132231405,1.183806067
2016/11/21,2016,11,1.13765949,1.070256971,1.104467194
2016/11/22,2016,11,1.126155179,1.079957917,1.098801567
2016/11/23,2016,11,1.161950154,1.126813541,1.148334661
2016/11/24,2016,11,1.058960942,1.05770691,1.100576087
2016/11/25,2016,11,1.083502478,1.016855346,1.167977308
2016/11/28,2016,11,1.093006728,0.993135572,1.158010791
2016/11/29,2016,11,1.063287125,1.031052887,1.214722248
2016/11/30,2016,11,1.131521343,1.079866889,1.144722357
2016/12/1,2016,12,1.114637483,1.070650859,1.312141929
2016/12/2,2016,12,1.131904296,1.1320059,1.18339375
2016/12/5,2016,12,1.095808644,1.076271186,1.232616647
2016/12/6,2016,12,0.99148954,0.961538462,1.125555739
2016/12/7,2016,12,1.119109429,1.013125141,1.132221392
2016/12/8,2016,12,1.06636224,1.02689037,1.131916576
2016/12/9,2016,12,1.170401251,1.132200189,1.150791549
2016/12/12,2016,12,0.981597611,1.00754717,1.110264431
2016/12/13,2016,12,1.118053285,1.144634526,1.067001309
2016/12/14,2016,12,1.072875753,0.986096701,1.082247425
2016/12/15,2016,12,0.98735755,0.982803965,1.106587959
2016/12/16,2016,12,1.027667549,1.019817998,1.220029169
2016/12/19,2016,12,1.116539561,1.130606554,1.156780835
2016/12/20,2016,12,0.988117573,0.933819185,1.183642372
2016/12/21,2016,12,1.016641791,0.897780265,1.115622106
2016/12/22,2016,12,0.982413629,1.117795059,0.922142982
2016/12/23,2016,12,1.064575214,1.08719893,1.224056507
2016/12/26,2016,12,1.132999672,1.159581882,1.13740641
2016/12/27,2016,12,1.18527057,1.064937895,1.205193699
2016/12/28,2016,12,1.238277194,1.085808581,1.122399632
2016/12/29,2016,12,1.137737175,1.104918773,1.146019417
2016/12/30,2016,12,0.988299342,1.053375912,1.104723646
2017/1/3,2017,1,1.129584249,1.096005297,1.151116453
2017/1/4,2017,1,0.837157247,1.055604396,0.870410915
2017/1/5,2017,1,1.032870317,1.175522962,0.933461324
2017/1/6,2017,1,1.172343045,1.162842893,1.200622757
2017/1/9,2017,1,1.186551866,1.162796567,1.061975742
2017/1/10,2017,1,1.113456697,1.066882666,1.241017396
2017/1/11,2017,1,1.190748274,1.170217918,1.215802438
2017/1/12,2017,1,1.192155807,1.153902084,1.211351787
2017/1/13,2017,1,1.14142324,1.101698806,1.212311373
2017/1/16,2017,1,1.12969733,1.108727811,1.192612936
2017/1/17,2017,1,1.123034541,1.08483228,1.210842523
2017/1/18,2017,1,1.090588975,1.117603912,1.159380264
2017/1/19,2017,1,1.053043688,1.051306413,1.120673582
2017/1/20,2017,1,1.0760359,1.075918762,1.148911183
2017/1/23,2017,1,1.184668836,1.092592593,1.182813233
2017/1/24,2017,1,1.202532212,1.146492095,1.201823193
2017/1/25,2017,1,1.203435767,1.129531174,1.163758744
2017/1/26,2017,1,1.294130588,1.152053807,1.099351103
2017/2/3,2017,2,1.148141043,1.15089877,1.146604131
2017/2/6,2017,2,1.120063448,1.113475177,1.053545802
2017/2/7,2017,2,1.043317173,1.034823635,1.062635862
2017/2/8,2017,2,1.083574333,1.045264624,1.161011684
2017/2/9,2017,2,1.092094161,1.105251089,1.18242162
2017/2/10,2017,2,1.130657349,1.095271372,1.199919127
2017/2/13,2017,2,1.14373494,1.170242537,1.21270907
2017/2/14,2017,2,1.141120836,1.076140932,1.133180496
2017/2/15,2017,2,1.135120745,1.262226362,1.126299797
2017/2/16,2017,2,1.010068266,1.098218472,1.125754864
2017/2/17,2017,2,1.093007495,1.145480226,1.086058486
2017/2/20,2017,2,1.111263128,1.169614512,1.098008105
2017/2/21,2017,2,1.091958083,1.110816191,1.055157486
2017/2/22,2017,2,1.005318955,1.090469917,1.036259329
2017/2/23,2017,2,1.076925958,1.063003818,1.081436842
2017/2/24,2017,2,1.077974684,0.989845568,1.06741593
2017/2/27,2017,2,1.082143829,1.076561451,1.057362431
2017/2/28,2017,2,1.175414537,1.163004484,1.085814557
2017/3/1,2017,3,1.143813396,1.128741841,1.070484665
2017/3/2,2017,3,1.175657731,1.082738626,1.177878763
2017/3/3,2017,3,1.106147353,1.131511329,1.060262497
2017/3/6,2017,3,1.112293192,1.119584439,1.033851663
2017/3/7,2017,3,1.080306085,1.129885605,1.102987311
2017/3/8,2017,3,1.063394938,1.124669073,1.047299231
2017/3/9,2017,3,1.104817932,1.097958192,1.031274191
2017/3/10,2017,3,1.105771644,1.138228942,1.029512567
2017/3/13,2017,3,1.109676391,1.073973224,1.041846933
2017/3/14,2017,3,1.100819261,1.139906565,1.008658171
2017/3/15,2017,3,1.144490514,1.166428231,1.015669902
2017/3/16,2017,3,1.114138923,1.109520401,1.002609346
2017/3/17,2017,3,1.255389322,1.158684211,1.018846653
2017/3/20,2017,3,1.253423346,1.153238547,1.189401617
2017/3/21,2017,3,1.219685224,1.187676508,1.13121091
2017/3/22,2017,3,1.159444183,1.178424305,1.024673117
2017/3/23,2017,3,1.234132171,1.180248246,1.028790199
2017/3/24,2017,3,0.592434911,1.255080214,0.565850757
2017/3/27,2017,3,1.0761922,1.091263651,0.874239277
2017/3/28,2017,3,1.02273226,1.060176991,0.712158629
2017/3/29,2017,3,1.15615727,1.169821381,1.043385731
2017/3/30,2017,3,1.060382392,1.017094017,0.720738772
2017/3/31,2017,3,1.037502827,1.097817512,0.719457607
2017/4/5,2017,4,1.127037636,1.116981132,0.982044394
2017/4/6,2017,4,0.966469428,1.070640756,0.679853595
2017/4/7,2017,4,1.036572837,1.052707235,1.00188171
2017/4/10,2017,4,0.886105965,0.928803994,1.034525026
2017/4/11,2017,4,0.973168601,0.963076923,1.16301339
2017/4/12,2017,4,1.001133737,1.000930233,1.169143124
2017/4/13,2017,4,0.972698518,0.985255016,1.103233564
2017/4/14,2017,4,1.104173868,1.095460123,1.083691578
2017/4/17,2017,4,1.060336825,1.051251203,1.149946638
2017/4/18,2017,4,0.999096954,0.980027868,1.066861268
2017/4/19,2017,4,1.011452707,1.042086694,1.09186599
2017/4/20,2017,4,1.128139596,1.07636714,1.032168214
2017/4/21,2017,4,1.099736842,1.092723598,1.135598712
2017/4/24,2017,4,1.21981587,1.253539254,1.262150346
2017/4/25,2017,4,1.201297593,1.103793344,1.035515183
2017/4/26,2017,4,1.184914013,1.19642016,0.972796656
2017/4/27,2017,4,0.996127228,1.149868327,1.203967371
2017/4/28,2017,4,0.969510947,1.15744186,1.240948426
2017/5/2,2017,5,0.850807547,1.136521137,1.269933098
2017/5/3,2017,5,0.88939942,0.987308622,1.191611472
2017/5/4,2017,5,0.965653756,1.136500579,1.462721459
2017/5/5,2017,5,1.072457037,1.057395143,1.333437788
2017/5/8,2017,5,1.044973439,1.099882214,1.497068465
2017/5/9,2017,5,1.114312419,1.236462991,1.573744749
2017/5/10,2017,5,1.164665088,1.160564728,1.447608267
2017/5/11,2017,5,1.169219882,1.181328966,1.278999186
2017/5/12,2017,5,1.13521068,1.194694573,1.415789957
2017/5/15,2017,5,1.160703586,1.182640587,1.288394197
2017/5/16,2017,5,1.18662574,1.134200139,1.381084787
2017/5/17,2017,5,1.141651376,1.111849645,1.160250982
2017/5/18,2017,5,1.154599217,1.07295044,1.34647125
2017/5/19,2017,5,1.234302057,1.092679493,1.209314217
2017/5/22,2017,5,1.089426938,1.109039415,1.23338237
2017/5/23,2017,5,1.233631918,1.79834462,1.381710401
2017/5/24,2017,5,1.430645231,1.360018837,1.416472353
2017/5/25,2017,5,1.351416001,1.731690305,1.38623308
2017/5/26,2017,5,1.36257751,1.747706422,1.337639692
2017/5/31,2017,5,1.40886382,1.428874735,1.301065131
2017/6/1,2017,6,1.418710856,1.193118488,1.342048323
2017/6/2,2017,6,1.326793793,1.17994918,1.281133719
2017/6/5,2017,6,1.320676309,1.128921456,1.352923669
2017/6/6,2017,6,1.298272772,1.096652627,1.28496271
2017/6/7,2017,6,1.374882849,1.1755084,1.220592268
2017/6/8,2017,6,1.383385633,1.236774042,1.360041685
2017/6/9,2017,6,1.344597673,1.185373398,1.241745745
2017/6/12,2017,6,1.28435204,1.157222844,1.266182507
2017/6/13,2017,6,1.249113581,1.129699666,1.225611269
2017/6/14,2017,6,1.172673252,1.06952217,1.266873029
2017/6/15,2017,6,1.089684726,1.045187053,1.45985388
2017/6/16,2017,6,1.111758326,1.041841004,1.118501867
2017/6/19,2017,6,1.142606567,1.059601165,1.002633332
2017/6/20,2017,6,1.109642946,1.051493535,1.043601301
2017/6/21,2017,6,1.157860877,1.059101655,1.066851925
2017/6/22,2017,6,1.11924644,1.085524862,1.155242112
2017/6/23,2017,6,1.044523848,1.037175539,1.102464682
2017/6/26,2017,6,1.145778731,1.062023939,1.26557318
2017/6/27,2017,6,1.117588579,0.973274411,1.293513095
2017/6/28,2017,6,1.243128713,1.043310463,1.269265933
2017/6/29,2017,6,1.248661271,1.085031001,1.23298039
2017/6/30,2017,6,1.158344072,1.091420851,1.228301746
2017/7/3,2017,7,1.132594288,1.148062195,1.227988813
2017/7/4,2017,7,1.089173213,1.068995825,1.185064381
2017/7/5,2017,7,1.111610159,1.015032818,1.247114588
2017/7/6,2017,7,1.108680529,1.016172507,1.138543849
2017/7/7,2017,7,1.12444043,1.095309811,1.21793802
2017/7/10,2017,7,1.057311795,1.076726886,1.167214269
2017/7/11,2017,7,1.009168841,1.027251437,1.123861159
2017/7/12,2017,7,1.032505215,1.100383632,1.110870741
2017/7/13,2017,7,1.127616918,1.086023883,1.03170307
2017/7/14,2017,7,0.998667111,1.011728395,0.960372157
2017/7/17,2017,7,1.080536413,1.081295581,1.071343454
2017/7/18,2017,7,1.058685202,1.087651951,0.956135242
2017/7/19,2017,7,0.962993736,1.055369458,1.038740725
2017/7/20,2017,7,1.1738379,1.049460255,1.088223593
2017/7/21,2017,7,1.169510889,1.147891628,1.171544139
2017/7/24,2017,7,1.076479275,1.147394644,1.127394162
2017/7/25,2017,7,1.028518826,1.107904642,1.117847327
2017/7/26,2017,7,1.095366196,1.032857143,1.045674125
2017/7/27,2017,7,0.994249958,1.10999344,1.056970011
2017/7/28,2017,7,0.885583814,1.007869249,0.922785266
2017/7/31,2017,7,0.961835921,1.152716593,1.033386474
2017/8/1,2017,8,0.865806852,1.176572668,1.15302999
2017/8/2,2017,8,1.094951128,1.135123794,1.150149947
2017/8/3,2017,8,1.090467451,1.157872609,1.242849905
2017/8/4,2017,8,1.160134167,1.110058923,0.966459777
2017/8/7,2017,8,1.076800694,1.119102537,1.103399804
2017/8/8,2017,8,1.257336598,1.233908288,1.1117129
2017/8/9,2017,8,1.185013546,1.127362994,1.264583668
2017/8/10,2017,8,1.242922055,1.21572327,1.306279685
2017/8/11,2017,8,1.526394825,1.255670977,1.521956965
2017/8/14,2017,8,1.523272426,1.282466202,1.476805365
2017/8/15,2017,8,1.501879481,1.297711572,1.85146341
2017/8/16,2017,8,1.538109232,1.259631491,1.542722012
2017/8/17,2017,8,1.975660488,1.374291115,1.734774552
2017/8/18,2017,8,1.512906539,1.264758855,1.598117967
2017/8/21,2017,8,1.706234886,1.165078155,1.766463268
2017/8/22,2017,8,1.469868616,1.316479017,1.949743733
2017/8/23,2017,8,2.026488349,1.350102669,1.731213316
2017/8/24,2017,8,2.190325895,1.264976038,1.780578219
2017/8/25,2017,8,2.108743208,1.325510823,2.153420733
2017/8/28,2017,8,1.925536559,1.38113748,2.150316766
2017/8/29,2017,8,1.424525526,1.26641651,1.401360313
2017/8/30,2017,8,1.46769254,1.349327818,1.646510114
2017/8/31,2017,8,1.612329463,1.363543162,1.619596288
2017/9/1,2017,9,1.505964438,1.162537166,1.901891143
2017/9/4,2017,9,1.984646593,1.41927815,2.159922194
2017/9/5,2017,9,1.471107391,1.329228243,1.986284432
2017/9/6,2017,9,1.441810749,1.257936508,2.060281561
2017/9/7,2017,9,1.496653725,1.258376913,1.68398276
2017/9/8,2017,9,1.471597116,1.477992432,2.129983546
2017/9/11,2017,9,1.461736557,1.358251634,1.468363509
2017/9/12,2017,9,1.419893833,1.505060938,1.555770706
2017/9/13,2017,9,1.469139832,1.440463864,1.590687387
2017/9/14,2017,9,1.469440832,1.421019108,1.766908982
2017/9/15,2017,9,1.44614235,1.358291032,1.546263635
2017/9/18,2017,9,1.369388994,1.227191413,1.513424067
2017/9/19,2017,9,1.410940119,1.292288027,1.439860374
2017/9/20,2017,9,1.361223439,1.324190555,1.463480177
2017/9/21,2017,9,1.359042867,1.22371134,1.515081335
2017/9/22,2017,9,1.420296535,1.375727348,1.385748387
2017/9/25,2017,9,1.421730214,1.311441974,1.444225816
2017/9/26,2017,9,1.371588995,1.310949788,1.453537516
2017/9/27,2017,9,1.516433553,1.296862266,1.411107306
2017/9/28,2017,9,1.419518231,1.330040799,1.428602298
2017/9/29,2017,9,1.414071601,1.298418127,1.399948179
2017/10/9,2017,10,1.433913678,1.309528752,1.395916696
2017/10/10,2017,10,1.373833188,1.281309398,1.413950266
2017/10/11,2017,10,1.445481802,1.283548909,1.418355424
2017/10/12,2017,10,1.42576256,1.325932132,1.363918187
2017/10/13,2017,10,1.299091688,1.21463606,1.32179115
2017/10/16,2017,10,1.294255485,1.219175455,1.26332803
2017/10/17,2017,10,1.255064032,1.170852284,1.312907387
2017/10/18,2017,10,1.250345194,1.171281646,1.227323953
2017/10/19,2017,10,1.260306429,1.241815168,1.302624692
2017/10/20,2017,10,1.218435711,1.328112286,1.396638939
2017/10/23,2017,10,1.19545817,1.367735043,1.30976175
2017/10/24,2017,10,1.15487764,1.263081395,1.312015215
2017/10/25,2017,10,1.169073316,1.206512778,1.301847288
2017/10/26,2017,10,1.274885952,1.25,1.333956584
2017/10/27,2017,10,1.279026289,1.285917496,1.344484343
2017/10/30,2017,10,1.243268866,1.200247474,1.426384743
2017/10/31,2017,10,1.188361582,1.202092737,1.293736063
2017/11/1,2017,11,1.27654483,1.217249797,1.29232385
2017/11/2,2017,11,1.261783464,1.260505875,1.322957915
2017/11/3,2017,11,1.151804468,1.04610951,1.278073581
2017/11/6,2017,11,1.19907727,1.096988659,1.267453655
2017/11/7,2017,11,1.119507025,1.021782178,1.295487313
2017/11/8,2017,11,1.05571879,1.026085264,1.267177541
2017/11/9,2017,11,1.058179354,1.031665994,1.230507414
2017/11/10,2017,11,1.058666573,1.023939276,1.163915472
2017/11/13,2017,11,1.05222238,1.06902586,1.208169805
2017/11/14,2017,11,1.094090514,0.96753129,1.126725675
2017/11/15,2017,11,0.876550283,0.918207817,0.872293872
2017/11/16,2017,11,0.945426861,0.948158254,0.962852433
2017/11/17,2017,11,0.905981786,0.881903439,0.836296262
2017/11/20,2017,11,0.888625045,0.818483578,0.866800151
2017/11/21,2017,11,0.867833837,0.830367939,0.825662009
2017/11/22,2017,11,0.858258716,0.928240312,0.89520238
2017/11/23,2017,11,0.73926532,0.734719206,0.750673101
2017/11/24,2017,11,0.796932215,0.764816557,0.787617797
2017/11/27,2017,11,0.790248338,0.772909004,0.756338356
2017/11/28,2017,11,0.737408234,0.762069508,0.744668179
2017/11/29,2017,11,0.723320787,0.768633048,0.811172481
2017/11/30,2017,11,0.70730998,0.674734357,0.736851226
2017/12/1,2017,12,0.725782414,0.859624514,0.730845521
2017/12/4,2017,12,0.690119407,0.699182327,0.700799195
2017/12/5,2017,12,0.752123803,0.746340049,0.728383905
2017/12/6,2017,12,0.699871009,0.689045428,0.732691678
2017/12/7,2017,12,0.720282516,0.725416906,0.758171442
2017/12/8,2017,12,0.724520453,0.698314108,0.710306473
2017/12/11,2017,12,0.716661782,0.652076633,0.823109302
2017/12/12,2017,12,0.862089292,0.720063101,0.690102289
2017/12/13,2017,12,0.681692975,0.655669828,0.616846956
2017/12/14,2017,12,0.698524582,0.666571469,0.6838066
2017/12/15,2017,12,0.687979476,0.693146205,0.647088745
2017/12/18,2017,12,0.679527381,0.694329382,0.702555854
2017/12/19,2017,12,0.72694399,0.683878371,0.673885906
2017/12/20,2017,12,0.634919856,0.67548451,0.659781737
2017/12/21,2017,12,0.667441332,0.710503843,0.679211126
2017/12/22,2017,12,0.709660723,0.696516711,0.684777494
2017/12/25,2017,12,0.719349775,0.671796307,0.724962425
2017/12/26,2017,12,0.707925177,0.72403472,0.712715798
2017/12/27,2017,12,0.687306739,0.701525054,0.798208275
2017/12/28,2017,12,0.748012117,0.700085812,0.770729413
2017/12/29,2017,12,0.704020284,0.684072727,0.728179612
2018/1/2,2018,1,0.754219714,0.757417623,0.833162178
2018/1/3,2018,1,0.751426809,0.704901681,0.815941729
2018/1/4,2018,1,0.705403087,0.634480011,0.815421489
2018/1/5,2018,1,0.755235602,0.712676458,0.789648548
2018/1/8,2018,1,0.773227142,0.729517556,0.836033783
2018/1/9,2018,1,0.839793775,0.783225223,0.83445768
2018/1/10,2018,1,0.727482075,0.766766021,0.796866788
2018/1/11,2018,1,0.736991289,0.729567822,0.773864384
2018/1/12,2018,1,0.695212494,0.705131922,0.735132365
2018/1/15,2018,1,0.787613716,0.782082324,0.882672914
2018/1/16,2018,1,0.805258165,0.773488372,0.805716595
2018/1/17,2018,1,0.822875276,0.77031857,0.823915574
2018/1/18,2018,1,0.774284668,0.74398725,0.909339268
2018/1/19,2018,1,0.838989916,0.818252609,0.866237925
2018/1/22,2018,1,0.846343337,0.80712255,0.84088378
2018/1/23,2018,1,0.738247342,0.77464144,0.837604046
2018/1/24,2018,1,0.758872996,0.764132554,0.800041168
2018/1/25,2018,1,0.9020915,0.895052717,0.943023224
2018/1/26,2018,1,0.84144293,0.832042977,0.943821154
2018/1/29,2018,1,0.793656706,0.749255066,0.927214192
2018/1/30,2018,1,0.849727719,0.773267614,0.89592874
2018/1/31,2018,1,0.855066347,0.788934426,0.87138283
2018/2/1,2018,2,0.828369458,0.814256737,0.873838366
2018/2/2,2018,2,0.988290793,0.870084978,1.030517199
2018/2/5,2018,2,0.947886757,0.882747069,0.954486281
2018/2/6,2018,2,0.961252669,0.877639752,0.969476938
2018/2/7,2018,2,0.951116619,0.866646462,0.971377502
2018/2/8,2018,2,1.0094306,0.856747707,1.046307326
2018/2/9,2018,2,1.073077519,1.016283239,1.220042981
2018/2/12,2018,2,1.106066838,1.105084746,1.144653865
2018/2/13,2018,2,1.051578947,1.006728097,1.224593167
2018/2/14,2018,2,1.315046284,1.050358659,1.405387537
2018/2/22,2018,2,1.198209107,1.120340294,1.218650313
2018/2/23,2018,2,1.268703399,1.166001596,1.292912801
2018/2/26,2018,2,1.818943597,1.132699205,1.252092357
2018/2/27,2018,2,1.224028385,1.201955442,1.56112372
2018/2/28,2018,2,1.347808299,1.199460007,1.676657278
2018/3/1,2018,3,1.194128357,1.113306773,1.419178222
2018/3/2,2018,3,1.328252553,1.199867747,1.492980612
2018/3/5,2018,3,1.327948159,1.197563098,1.555211121
2018/3/6,2018,3,1.167658904,1.184365039,1.160805319
2018/3/7,2018,3,1.376175453,1.217624393,1.216941537
2018/3/8,2018,3,1.251574074,1.274287676,1.175132255
2018/3/9,2018,3,1.18968211,1.154376745,1.220078054
2018/3/12,2018,3,1.245754891,1.101253459,1.288921209
2018/3/13,2018,3,1.300595786,1.196540362,1.235048982
2018/3/14,2018,3,1.295478028,1.257341961,1.232195699
2018/3/15,2018,3,1.211430356,1.262915601,1.299133003
2018/3/16,2018,3,1.260202812,1.297527855,1.24833717
2018/3/19,2018,3,1.265619212,1.310130944,1.2107699
2018/3/20,2018,3,1.240234496,1.141792309,1.181551755
2018/3/21,2018,3,1.097942039,1.122735043,1.103919132
2018/3/22,2018,3,1.154989447,1.146427373,1.128862272
2018/3/23,2018,3,1.039318311,1.161698842,1.277871355
2018/3/26,2018,3,1.093510833,1.174214343,1.280078949
2018/3/27,2018,3,1.138388181,1.167531625,1.168853479
2018/3/28,2018,3,1.153779492,1.258363436,1.219429006
2018/3/29,2018,3,1.139012209,1.183271435,1.167898133
2018/3/30,2018,3,1.205448505,1.29789272,1.083183764
2018/4/2,2018,4,1.16615458,1.137066832,1.144222217
2018/4/3,2018,4,1.225593931,1.18035167,1.167695757
2018/4/4,2018,4,1.456761211,1.084790756,1.161430003
2018/4/9,2018,4,1.147665732,1.09872,1.240019509
2018/4/10,2018,4,1.090867531,1.013863773,0.982677939
2018/4/11,2018,4,1.192525737,1.154836633,1.083390033
2018/4/12,2018,4,1.140883114,1.183128936,1.129970624
2018/4/13,2018,4,1.085003399,1.162680159,1.109836734
2018/4/16,2018,4,1.136483997,1.10875576,1.127252169
2018/4/17,2018,4,1.056350676,1.0553044,1.071916239
2018/4/18,2018,4,1.05738709,1.074894515,1.043986222
2018/4/19,2018,4,1.107834051,1.081930582,1.049570835
2018/4/20,2018,4,1.115859635,1.116040956,1.049165663
2018/4/23,2018,4,1.148471616,1.057833405,0.992669753
2018/4/24,2018,4,1.052257603,1.072485207,1.070310811
2018/4/25,2018,4,1.083965105,1.053923655,1.004938675
2018/4/26,2018,4,1.043920261,0.978254649,1.09430927
2018/4/27,2018,4,1.072630765,1.018561171,1.076625447
2018/5/2,2018,5,1.168174649,1.128859857,1.100158614
2018/5/3,2018,5,1.058811202,1.0768564,1.096126565
2018/5/4,2018,5,1.018249436,1.082138004,1.124952176
2018/5/7,2018,5,1.018443545,1.127186977,1.139058321
2018/5/8,2018,5,1.118180278,1.073025335,1.09696452
2018/5/9,2018,5,1.05432733,1.033307633,1.117822398
2018/5/10,2018,5,1.023126588,0.950276243,1.156474375
2018/5/11,2018,5,1.013857262,0.991012947,1.156501668
2018/5/14,2018,5,0.943845645,0.909781576,1.227524944
2018/5/15,2018,5,1.12675627,1.075422825,1.173131383
2018/5/16,2018,5,1.237035724,1.100162075,1.221678861
2018/5/17,2018,5,1.018611961,1.019292092,1.170743703
2018/5/18,2018,5,1.069498069,1.070072037,1.181094919
2018/5/21,2018,5,0.996916444,1.023161822,1.09164818
2018/5/22,2018,5,1.100995509,0.931460674,0.971499476
2018/5/23,2018,5,1.080650701,0.965213049,0.996884941
2018/5/24,2018,5,1.118379763,0.986690472,1.122234904
2018/5/25,2018,5,1.132091097,0.933465086,1.037717891
2018/5/28,2018,5,1.06965859,0.986415215,1.070672265
2018/5/29,2018,5,0.96878979,0.89222561,1.039113289
2018/5/30,2018,5,0.991928115,0.945004727,1.113460874
2018/5/31,2018,5,1.031509727,0.984610238,1.03011033
2018/6/1,2018,6,0.982347673,1.01428097,1.077765257
2018/6/4,2018,6,0.949354518,1.010872942,1.004922497
2018/6/5,2018,6,0.972006179,1.154120198,1.027162305
2018/6/6,2018,6,1.118616918,1.149428789,1.038264331
2018/6/7,2018,6,1.049625134,1.157934932,1.107501282
2018/6/8,2018,6,1.003083472,0.912395709,0.950001926
2018/6/11,2018,6,1.197252346,0.870635287,1.074650667
2018/6/12,2018,6,0.959077763,0.806945262,1.012580038
2018/6/13,2018,6,0.952595685,0.86094447,1.04806366
2018/6/14,2018,6,0.940228571,0.841289717,1.136194969
2018/6/15,2018,6,0.90440847,0.86316104,1.064211747
2018/6/19,2018,6,0.922281331,0.851660939,1.092989102
2018/6/20,2018,6,0.998011004,0.938249667,1.127297465
2018/6/21,2018,6,1.023521119,0.99772555,1.121221053
2018/6/22,2018,6,1.064267489,0.959897094,1.111449139
2018/6/25,2018,6,0.95901492,0.905022966,1.069714544
2018/6/26,2018,6,1.105227223,0.905290851,0.947931304
2018/6/27,2018,6,0.934433054,0.871300058,0.986640443
2018/6/28,2018,6,1.065570993,0.811975891,0.940856703
2018/6/29,2018,6,1.074082345,1.032701711,0.974128434
2018/7/2,2018,7,1.00625575,0.954619125,1.072363887
2018/7/3,2018,7,1.021934682,0.956065978,1.034788739
2018/7/4,2018,7,0.938794233,0.933093309,0.979675033
2018/7/5,2018,7,1.023755866,0.927921524,1.023318731
2018/7/6,2018,7,0.940809576,0.863541811,1.090776296
2018/7/9,2018,7,0.90625,0.943075371,1.04588993
2018/7/10,2018,7,0.952463135,0.89135036,1.081237773
2018/7/11,2018,7,1.099165549,0.856684343,1.075829769
2018/7/12,2018,7,1.075492073,0.868221411,0.960697661
2018/7/13,2018,7,0.833444043,0.883413803,0.887357298
2018/7/16,2018,7,0.892913345,0.863701373,0.890517892
2018/7/17,2018,7,0.901785714,0.788577557,0.843809402
2018/7/18,2018,7,0.924957248,0.908730159,0.901126492
2018/7/19,2018,7,0.944678394,0.876410757,0.919478282
2018/7/20,2018,7,0.958008731,0.930181114,1.003087656
2018/7/23,2018,7,0.864248959,0.884001121,0.956548327
2018/7/24,2018,7,0.962954085,0.947440377,0.950862031
2018/7/25,2018,7,1.003321318,0.986221357,0.950033854
2018/7/26,2018,7,0.94933042,0.942105263,0.911156214
2018/7/27,2018,7,0.902532043,0.900311105,0.961845801
2018/7/30,2018,7,0.989381002,0.922276957,1.018366441
2018/7/31,2018,7,1.055400857,0.956697535,0.956770017
2018/8/1,2018,8,0.905035904,0.706564125,0.935220028
2018/8/2,2018,8,0.87487319,0.768830606,0.996638289
2018/8/3,2018,8,0.958630843,0.927636849,0.854013461
2018/8/6,2018,8,1.001645665,1.125756266,0.901410866
2018/8/7,2018,8,0.972344172,1.045272206,0.780020677
2018/8/8,2018,8,1.047083663,1.061065458,0.937306682
2018/8/9,2018,8,1.105264475,1.073626374,1.016058483
2018/8/10,2018,8,1.117917074,1.140538974,0.956875736
2018/8/13,2018,8,1.058774917,1.071938339,0.980535905
2018/8/14,2018,8,1.054150854,1.122563054,0.956005539
2018/8/15,2018,8,1.003017631,1.08698649,0.947309718
2018/8/16,2018,8,1.099086472,1.044176707,0.897497742
2018/8/17,2018,8,1.046925173,1.092827606,1.258676812
2018/8/20,2018,8,1.169681398,1.236675033,0.970117739
2018/8/21,2018,8,1.105843733,1.261365319,0.887523746
2018/8/22,2018,8,1.094647753,1.134155081,0.944990646
2018/8/23,2018,8,1.058575519,1.01533361,0.984606172
2018/8/24,2018,8,1.056064653,1.108764825,0.915855251
2018/8/27,2018,8,1.315827879,1.124273158,1.16722932
2018/8/28,2018,8,1.492147297,1.080470781,1.239459796
2018/8/29,2018,8,0.928278968,1.039068881,1.301660739
2018/8/30,2018,8,0.911415398,0.969224456,1.329749385
2018/8/31,2018,8,0.934511993,1.007411631,0.924772906
2018/9/3,2018,9,0.969163209,1.00714911,0.928460231
2018/9/4,2018,9,1.007721172,0.9862553,0.914311583
2018/9/5,2018,9,0.896261661,0.995883021,0.928076654
2018/9/6,2018,9,0.939824821,1.033456195,0.977116563
2018/9/7,2018,9,1.024729875,0.977435482,0.970931943
2018/9/10,2018,9,1.083674304,0.983742156,1.011604117
2018/9/11,2018,9,1.090313275,1.005898491,0.911147713
2018/9/12,2018,9,1.090812982,0.979089616,0.935562179
2018/9/13,2018,9,1.095249019,1.041751527,0.94375234
2018/9/14,2018,9,1.000789116,0.992770706,0.788522171
2018/9/17,2018,9,1.479958313,0.907751253,0.865411484
2018/9/18,2018,9,1.160961106,0.90692343,0.972257013
2018/9/19,2018,9,1.069480929,0.951918899,0.982726156
2018/9/20,2018,9,1.06232944,0.951347305,1.135437157
2018/9/21,2018,9,1.126971108,0.957993537,0.969306896
2018/9/25,2018,9,0.897031709,0.940827525,1.091771654
2018/9/26,2018,9,0.9893109,0.969843185,0.870029871
2018/9/27,2018,9,0.914549469,0.876571759,0.911626567
2018/9/28,2018,9,0.920318288,0.842269419,0.95788286
2018/10/8,2018,10,0.856209802,0.843137255,0.846507827
2018/10/9,2018,10,0.858692586,0.820441218,0.909813002
2018/10/10,2018,10,0.78200726,0.801005025,0.980815241
2018/10/11,2018,10,0.782171208,0.800720769,0.886680452
2018/10/12,2018,10,0.925445743,0.867269781,0.842941827
2018/10/15,2018,10,0.804195499,0.782473425,0.843661943
2018/10/16,2018,10,0.863270075,0.892383227,0.913530785
2018/10/17,2018,10,0.851677521,0.853193874,0.81557211
2018/10/18,2018,10,0.887993041,0.79555923,0.921899973
2018/10/19,2018,10,0.941279541,0.905191292,0.854020461
2018/10/22,2018,10,0.966894447,0.883847321,0.903412593
2018/10/23,2018,10,0.94775181,0.927574171,0.932666793
2018/10/24,2018,10,0.984876281,0.986927224,0.991296012
2018/10/25,2018,10,0.988140754,1.029318213,0.953086153
2018/10/26,2018,10,0.91052772,0.927160494,1.020037811
2018/10/29,2018,10,0.902452403,0.930609511,0.961313236
2018/10/30,2018,10,0.937925796,0.927702703,1.047629249
2018/10/31,2018,10,0.960794552,0.974951564,1.053083073
2018/11/1,2018,11,0.945001824,0.912376036,0.95562822
2018/11/2,2018,11,0.983969329,1.014533333,0.99573299
2018/11/5,2018,11,0.951948255,0.961307538,0.952501878
2018/11/6,2018,11,1.026613164,1.01313583,0.932441256
2018/11/7,2018,11,0.979314366,0.969892769,0.943538752
2018/11/8,2018,11,0.964851682,0.963994565,0.985993253
2018/11/9,2018,11,0.92374334,0.881586095,0.999163108
2018/11/12,2018,11,0.878697065,0.832243118,0.955021913
2018/11/13,2018,11,0.938332656,0.89352105,0.96950857
2018/11/14,2018,11,0.937096848,0.91137658,0.97418679
2018/11/15,2018,11,1.011078422,0.99215914,1.066012116
2018/11/16,2018,11,1.032483852,0.93780573,1.080843145
2018/11/19,2018,11,0.928774322,0.873984319,1.274354929
2018/11/20,2018,11,0.954259095,0.902497027,1.22188182
2018/11/21,2018,11,0.983091191,0.850449725,0.980915955
2018/11/22,2018,11,0.873238525,0.852208835,0.978562471
2018/11/23,2018,11,0.843838361,0.937956708,0.998680634
2018/11/26,2018,11,0.834324445,0.915334353,0.940163943
2018/11/27,2018,11,0.793039414,0.780835627,0.94055147
2018/11/28,2018,11,0.793071239,0.765204271,0.954534649
2018/11/29,2018,11,0.820571965,0.778786778,0.974913375
2018/11/30,2018,11,0.858205235,0.88322237,0.994326184
2018/12/3,2018,12,0.894979389,0.891739016,0.963423745
2018/12/4,2018,12,0.803747047,0.927280197,0.940184225
2018/12/5,2018,12,0.936787116,0.920027913,0.950028313
2018/12/6,2018,12,0.885054555,0.90490155,0.908169339
2018/12/7,2018,12,0.909720263,0.893549664,0.92810592
2018/12/10,2018,12,0.895347619,0.937568306,0.952264645
2018/12/11,2018,12,0.895698563,0.984918127,0.932588253
2018/12/12,2018,12,0.952841622,0.932525708,0.929335525
2018/12/13,2018,12,0.893684016,0.917899308,0.953067546
2018/12/14,2018,12,0.881103361,0.849613755,0.943773238
2018/12/17,2018,12,0.928054638,0.896736994,0.937452626
2018/12/18,2018,12,1.068175892,0.988564168,1.047929257
2018/12/19,2018,12,0.955120978,0.897667521,0.987562826
2018/12/20,2018,12,0.946473632,0.91320804,1.100756316
2018/12/21,2018,12,0.9941023,0.988887326,1.007081162
2018/12/24,2018,12,0.983633494,0.929034821,0.974543499
2018/12/25,2018,12,0.979060956,1.072555205,0.919065274
2018/12/26,2018,12,0.932040543,0.948186528,0.9947027
2018/12/27,2018,12,0.888738189,0.880200143,0.929865938
2018/12/28,2018,12,0.807362693,0.835629784,1.002993209
2019/1/2,2019,1,0.84555925,0.803684281,0.885780616
2019/1/3,2019,1,0.847517959,0.860761265,0.906530765
2019/1/4,2019,1,0.881683146,0.859237119,0.845581361
2019/1/7,2019,1,0.874660623,0.891689471,0.94157131
2019/1/8,2019,1,0.992340945,0.945153248,1.015231953
2019/1/9,2019,1,0.949994064,0.918248175,0.986806835
2019/1/10,2019,1,1.042152519,0.984909457,0.959140144
2019/1/11,2019,1,0.950048817,0.962141195,0.991076865
2019/1/14,2019,1,0.946043719,1.003614079,0.940165244
2019/1/15,2019,1,0.956154718,0.90700465,0.98465705
2019/1/16,2019,1,0.923632636,0.90923994,0.993092455
2019/1/17,2019,1,0.864742613,0.956575875,0.927551234
2019/1/18,2019,1,0.885412405,0.902479842,0.89759767
2019/1/21,2019,1,1.005768122,1.010347752,0.908447664
2019/1/22,2019,1,0.941361984,0.876450825,0.866642474
2019/1/23,2019,1,0.904445608,0.914391859,0.95022755
2019/1/24,2019,1,0.879269792,0.902054467,0.856214752
2019/1/25,2019,1,0.9169805,0.84975868,0.891321501
2019/1/28,2019,1,0.921604938,0.830726344,0.821772216
2019/1/29,2019,1,0.839536469,0.819993771,0.786558191
2019/1/30,2019,1,0.857623899,0.856028701,0.771379475
2019/1/31,2019,1,0.847274797,0.837884225,0.764001951
2019/2/1,2019,2,0.841453128,0.774912448,0.740200671
2019/2/11,2019,2,0.867773819,0.774263231,0.798186525
2019/2/12,2019,2,0.840026314,0.765243902,0.832958527
2019/2/13,2019,2,0.778745359,0.756123216,0.808787693
2019/2/14,2019,2,0.793155952,0.82497814,0.85338892
2019/2/15,2019,2,0.770931061,0.784234753,0.760518878
2019/2/18,2019,2,0.785211527,0.827262215,0.792650766
2019/2/19,2019,2,0.752075153,0.734140636,0.774946921
2019/2/20,2019,2,0.770157929,0.774536909,0.81314451
2019/2/21,2019,2,0.744009365,0.718668065,0.780123356
2019/2/22,2019,2,0.779251623,0.746663107,0.826030898
2019/2/25,2019,2,0.759955092,0.785947499,0.818052311
2019/2/26,2019,2,0.764449878,0.72613166,0.812786917
2019/2/27,2019,2,0.78550963,0.813950095,0.804759477
2019/2/28,2019,2,0.714388993,0.740771124,0.918040765
2019/3/1,2019,3,0.942316086,0.699466265,0.934001535
2019/3/4,2019,3,0.701498602,0.709167688,0.736899336
2019/3/5,2019,3,0.720510357,0.674692276,0.776110934
2019/3/6,2019,3,0.71818992,0.683944037,0.974548306
2019/3/7,2019,3,0.724557333,0.645114754,0.909918117
2019/3/8,2019,3,0.953390829,1.02041913,1.144167717
2019/3/11,2019,3,0.971884249,1.016833667,0.972263064
2019/3/12,2019,3,0.94803431,0.897222943,0.921996094
2019/3/13,2019,3,0.99262698,1.026946496,1.053665321
2019/3/14,2019,3,1.025127809,1.027800053,0.979902233
2019/3/15,2019,3,1.005556572,1.042158516,1.017609344
2019/3/18,2019,3,1.08903831,1.078175457,1.005228261
2019/3/19,2019,3,1.115874689,1.151381658,1.012277424
2019/3/20,2019,3,1.086927011,1.109653233,1.069726707
2019/3/21,2019,3,1.043996397,1.044299674,1.049418319
2019/3/22,2019,3,1.027112467,1.077772139,1.028345404
2019/3/25,2019,3,1.035770352,1.138230341,1.030182066
2019/3/26,2019,3,1.090005952,1.056141673,1.017697425
2019/3/27,2019,3,1.052129238,1.081373412,1.045339326
2019/3/28,2019,3,1.014583288,1.054010827,1.02814257
2019/3/29,2019,3,0.941026888,0.931549397,0.949976966
2019/4/1,2019,4,0.975538329,0.949901197,1.021724177
2019/4/2,2019,4,1.040354699,1.073849144,0.976043229
2019/4/3,2019,4,1.045359084,1.10927275,1.010896657
2019/4/4,2019,4,1.01826617,1.037341992,1.078722857
2019/4/8,2019,4,1.082208933,1.065411765,1.055503999
2019/4/9,2019,4,1.052135743,1.092374676,1.084550903
2019/4/10,2019,4,1.095569333,1.047716428,1.039813965
2019/4/11,2019,4,1.053744331,1.045313194,1.104993883
2019/4/12,2019,4,1.055825436,0.985960294,1.082401442
2019/4/15,2019,4,1.04965264,1.056749183,1.11803272
2019/4/16,2019,4,1.055691428,1.115302491,1.134662074
2019/4/17,2019,4,1.067145407,0.992360496,1.056824786
2019/4/18,2019,4,1.085079658,1.018365776,1.052760724
2019/4/19,2019,4,1.037736215,0.979515829,1.06400921
2019/4/22,2019,4,1.115777311,1.053799891,1.09834206
2019/4/23,2019,4,1.091556972,1.033611691,1.109467426
2019/4/24,2019,4,0.997276888,1.056088561,1.030117218
2019/4/25,2019,4,1.03243899,1.029210499,1.048629249
2019/4/26,2019,4,0.999845174,0.979093718,1.055662577
2019/4/29,2019,4,1.088362788,1.08396451,1.01569215
2019/4/30,2019,4,0.964958546,0.969045393,1.046747082
2019/5/6,2019,5,0.869338818,0.917079843,0.995984301
2019/5/7,2019,5,0.916566719,0.92291495,0.937281782
2019/5/8,2019,5,0.952782989,0.975644428,1.024432366
2019/5/9,2019,5,0.985669213,0.951510765,0.935205117
2019/5/10,2019,5,0.942910801,0.880613985,0.919141976
2019/5/13,2019,5,0.95957222,0.988345831,0.912729229
2019/5/14,2019,5,0.92989665,0.976946814,0.903926385
2019/5/15,2019,5,0.970670071,0.917578021,0.96613402
2019/5/16,2019,5,0.993739301,0.927239274,0.981812805
2019/5/17,2019,5,1.043230552,0.978709737,0.962498666
2019/5/20,2019,5,0.969548703,0.793333839,0.952568341
2019/5/21,2019,5,0.96720751,0.725395065,0.972836503
2019/5/22,2019,5,0.936203588,0.707276159,0.973723639
2019/5/23,2019,5,0.928177623,0.771087996,1.027611607
2019/5/24,2019,5,0.994927901,0.861953932,0.981203264
2019/5/27,2019,5,0.930749322,0.857332604,1.0004184
2019/5/28,2019,5,0.896248052,0.843297468,1.017788513
2019/5/29,2019,5,0.871105745,0.910766581,1.001487373
2019/5/30,2019,5,0.901680328,0.874612245,1.002382875
2019/5/31,2019,5,0.858723863,0.87623238,0.986427246
2019/6/3,2019,6,0.91460001,0.784114879,0.972623153
2019/6/4,2019,6,0.935511815,0.790003071,0.99215994
2019/6/5,2019,6,0.920706501,0.850650987,0.926690878
2019/6/6,2019,6,0.918527844,0.883880146,0.914930542
2019/6/10,2019,6,0.898974739,0.79330792,0.908921744
2019/6/11,2019,6,0.898799014,0.846394168,1.025372449
2019/6/12,2019,6,0.772820596,0.72858004,0.80774389
2019/6/13,2019,6,0.865585457,0.700552486,0.902836094
2019/6/14,2019,6,0.829942532,0.718693752,0.839927186
2019/6/17,2019,6,0.892200583,0.681000081,0.889909484
2019/6/18,2019,6,0.88893483,0.679898649,0.874648088
2019/6/19,2019,6,0.852505307,0.67378246,0.872277279
2019/6/20,2019,6,0.820559599,0.642220638,0.837753405
2019/6/21,2019,6,0.825969944,0.668125456,0.883835351
2019/6/24,2019,6,0.868430391,0.707759993,0.852682678
2019/6/25,2019,6,0.901061896,0.681602048,0.845666334
2019/6/26,2019,6,0.793420217,0.636744464,0.845759842
2019/6/27,2019,6,0.813051733,0.659305707,0.881241811
2019/6/28,2019,6,0.818567213,0.653281714,0.832500498
2019/7/1,2019,7,0.873203024,0.65608418,0.86221622
2019/7/2,2019,7,0.853224506,0.674602437,0.906737564
2019/7/3,2019,7,0.94658623,0.775816054,0.808323277
2019/7/4,2019,7,0.89633282,0.668569797,0.874951673
2019/7/5,2019,7,0.921812136,0.719419556,0.86473874
2019/7/8,2019,7,0.995931341,0.842629698,0.837846535
2019/7/9,2019,7,0.968433505,0.760564801,0.835947983
2019/7/10,2019,7,1.046101864,0.728050984,0.851128117
2019/7/11,2019,7,0.949075853,0.69739819,0.914385235
2019/7/12,2019,7,0.830376897,0.705314942,0.847638878
2019/7/15,2019,7,0.82685794,0.647681499,0.888659813
2019/7/16,2019,7,0.937071584,0.73645894,0.830575662
2019/7/17,2019,7,1.084617654,0.697993019,0.888346669
2019/7/18,2019,7,0.950745955,0.650989175,0.890423506
2019/7/19,2019,7,0.991471016,0.697184485,0.902288538
2019/7/22,2019,7,0.930953272,0.69291578,0.85168241
2019/7/23,2019,7,0.914197489,0.682225266,0.93966526
2019/7/24,2019,7,0.886908354,0.655101035,0.892826398
2019/7/25,2019,7,0.878717347,0.659097525,0.951352365
2019/7/26,2019,7,0.877903333,0.739429237,0.942173489
2019/7/29,2019,7,1.016780707,0.758447328,0.924507134
2019/7/30,2019,7,0.957452872,0.80060423,0.836590667
2019/7/31,2019,7,0.872571355,0.717409388,0.840500532
2019/8/1,2019,8,0.801145696,0.815391611,0.908409835
2019/8/2,2019,8,0.824128954,0.715174309,0.901445943
2019/8/5,2019,8,0.749321729,0.722508591,0.867717429
2019/8/6,2019,8,0.853806327,0.776822091,0.949318208
2019/8/7,2019,8,0.805419826,0.785816733,0.867607318
2019/8/8,2019,8,0.81155303,0.795490135,0.916871631
2019/8/9,2019,8,0.796113664,0.738675958,0.924721974
2019/8/12,2019,8,0.738046643,0.702796696,0.873342518
2019/8/13,2019,8,0.761667791,0.717956334,0.867003055
2019/8/14,2019,8,0.753416258,0.701735188,0.834368183
2019/8/15,2019,8,0.778244048,0.735088575,0.806944571
2019/8/16,2019,8,0.762394429,0.70790653,0.833476994
2019/8/19,2019,8,0.818092808,0.696283299,0.827993595
2019/8/20,2019,8,0.784607993,0.73358059,0.813729789
2019/8/21,2019,8,0.789085025,0.764531044,0.81686395
2019/8/22,2019,8,0.831467278,0.815609918,0.78435696
2019/8/23,2019,8,0.782392174,0.793092522,0.773768255
2019/8/26,2019,8,0.781419131,0.796375775,0.780513933
2019/8/27,2019,8,0.765777622,0.738236211,0.782846616
2019/8/28,2019,8,0.60146845,0.627665317,0.75807302
2019/8/29,2019,8,0.750043245,0.517661124,0.703943577
2019/8/30,2019,8,0.751480644,0.483115303,0.731001177
2019/9/2,2019,9,0.710481189,0.775061881,0.673252844
2019/9/3,2019,9,0.757194497,0.833252545,0.740849053
2019/9/4,2019,9,0.775506209,0.819208166,0.69659273
2019/9/5,2019,9,0.798484976,0.808088946,0.790517742
2019/9/6,2019,9,0.789547038,0.806791009,0.777860748
2019/9/9,2019,9,0.762657425,0.771834061,0.755897486
2019/9/10,2019,9,0.739880969,0.765281566,0.743909627
2019/9/11,2019,9,0.78555415,0.750718934,0.761714
2019/9/12,2019,9,0.78346652,0.734077875,0.716249814
2019/9/16,2019,9,0.76133977,0.727353332,0.755575266
2019/9/17,2019,9,0.807888929,0.773019272,0.800725
2019/9/18,2019,9,0.753218769,0.743537015,0.783089713
2019/9/19,2019,9,0.782384278,0.758719182,0.815598495
2019/9/20,2019,9,0.762542736,0.718605324,0.815207107
2019/9/23,2019,9,0.767792021,0.75,0.746199394
2019/9/24,2019,9,0.726765394,0.748964497,0.728941889
2019/9/25,2019,9,0.740220371,0.760221155,0.745746883
2019/9/26,2019,9,0.787320784,0.819915563,0.732873956
2019/9/27,2019,9,0.768282135,0.807134571,0.767453865
2019/9/30,2019,9,0.772177693,0.796199121,0.78260082
2019/10/8,2019,10,0.778399674,0.814803716,0.755019979
2019/10/9,2019,10,0.745753175,0.727580621,0.729672877
2019/10/10,2019,10,0.835676979,0.809313292,0.738636793
2019/10/11,2019,10,0.806397877,0.806246116,0.702684119
2019/10/14,2019,10,0.777892142,0.757355126,0.727359976
2019/10/15,2019,10,0.786448325,0.780661809,0.718704878
2019/10/16,2019,10,0.733459156,0.756796258,0.728817937
2019/10/17,2019,10,0.760137494,0.778706555,0.717939359
2019/10/18,2019,10,0.790629123,0.76571694,0.71250126
2019/10/21,2019,10,0.734494015,0.770222743,0.683963345
2019/10/22,2019,10,0.768426739,0.783236152,0.707375363
2019/10/23,2019,10,0.812762142,0.789294026,0.745732301
2019/10/24,2019,10,0.78748127,0.764544205,0.754083664
2019/10/25,2019,10,0.698867704,0.750663521,0.752948004
2019/10/28,2019,10,0.722295549,0.768868641,0.757945757
2019/10/29,2019,10,0.71194702,0.738477706,0.731223232
2019/10/30,2019,10,0.789668326,0.790045396,0.732842404
2019/10/31,2019,10,0.72464643,0.764381403,0.725051343
2019/11/1,2019,11,0.70264153,0.701035638,0.766105068
2019/11/4,2019,11,0.66350633,0.691874259,0.757926627
2019/11/5,2019,11,0.65822751,0.71904188,0.744910834
2019/11/6,2019,11,0.711851153,0.715208897,0.729315944
2019/11/7,2019,11,0.723025061,0.681182639,0.701396458
2019/11/8,2019,11,0.676722492,0.666468931,0.657204479
2019/11/11,2019,11,0.679044505,0.705720404,0.609377609
2019/11/12,2019,11,0.678979724,0.717345079,0.676075323
2019/11/13,2019,11,0.658842147,0.713486544,0.636694939
2019/11/14,2019,11,0.677921795,0.727934345,0.616832093
2019/11/15,2019,11,0.626541351,0.693247876,0.64596209
2019/11/18,2019,11,0.639994744,0.676934636,0.635146053
2019/11/19,2019,11,0.639557941,0.678107046,0.64370791
2019/11/20,2019,11,0.65618941,0.708710584,0.66814691
2019/11/21,2019,11,0.672029703,0.74356926,0.662212905
2019/11/22,2019,11,0.629012983,0.684345048,0.678327866
2019/11/25,2019,11,0.672130246,0.71689776,0.688832925
2019/11/26,2019,11,0.666286763,0.673946243,0.660491206
2019/11/27,2019,11,0.680619815,0.688278553,0.746164188
2019/11/28,2019,11,0.708210194,0.668497625,0.720161806
2019/11/29,2019,11,0.69251674,0.685423934,0.70897921
2019/12/2,2019,12,0.712536209,0.714307811,0.722804943
2019/12/3,2019,12,0.717533132,0.676870748,0.70805029
2019/12/4,2019,12,0.679079368,0.669687358,0.689781916
2019/12/5,2019,12,0.645737246,0.656490903,0.697191475
2019/12/6,2019,12,0.68584501,0.684986803,0.689665425
2019/12/9,2019,12,0.678524795,0.657829457,0.698077942
2019/12/10,2019,12,0.673166148,0.648139571,0.658426406
2019/12/11,2019,12,0.684122698,0.636121136,0.675320251
2019/12/12,2019,12,0.688407734,0.633477189,0.647542914
2019/12/13,2019,12,0.697859309,0.657424812,0.663513721
2019/12/16,2019,12,0.680192689,0.693693694,0.628131021
2019/12/17,2019,12,0.639428046,0.682311054,0.66907048
2019/12/18,2019,12,0.651274821,0.691433278,0.684466085
2019/12/19,2019,12,0.706669854,0.695991091,0.716362138
2019/12/20,2019,12,0.728309671,0.728113644,0.647928797
2019/12/23,2019,12,0.705581915,0.746339,0.639897398
2019/12/24,2019,12,0.702646096,0.718545216,0.634055719
2019/12/25,2019,12,0.716775731,0.733211131,0.668567063
2019/12/26,2019,12,0.700936205,0.729215359,0.664228429
2019/12/27,2019,12,0.716061241,0.762392875,0.706475899
2019/12/30,2019,12,0.777890873,0.818619859,0.715809596
2019/12/31,2019,12,0.762983492,0.75908501,0.710506855
2020/1/2,2020,1,0.775367156,0.774937343,0.732529838
2020/1/3,2020,1,0.755713589,0.73260938,0.754788924
2020/1/6,2020,1,0.786469408,0.801278977,0.778885461
2020/1/7,2020,1,0.752214718,0.773943197,0.738829434
2020/1/8,2020,1,0.735949068,0.797754637,0.768483206
2020/1/9,2020,1,0.716311462,0.751885607,0.788941256
2020/1/10,2020,1,0.706254906,0.718245507,0.772074272
2020/1/13,2020,1,0.738782966,0.761313085,0.733501087
2020/1/14,2020,1,0.707407614,0.726691612,0.675581731
2020/1/15,2020,1,0.727067304,0.748507577,0.67633896
2020/1/16,2020,1,0.761438386,0.744737252,0.716203921
2020/1/17,2020,1,0.745008475,0.726699477,0.670602693
2020/1/20,2020,1,0.770547945,0.744043887,0.743077679
2020/1/21,2020,1,0.776553275,0.779400461,0.714960716
2020/1/22,2020,1,0.748387097,0.771206596,0.731448666
2020/1/23,2020,1,0.720758559,0.687924581,0.753680399
2020/2/3,2020,2,1.117431836,1.116352985,0.998702188
2020/2/4,2020,2,1.079639495,1.006883921,0.943066713
2020/2/5,2020,2,1.092279282,0.987727606,0.885511056
2020/2/6,2020,2,1.144230445,1.110681613,0.921252026
2020/2/7,2020,2,1.045741247,1.06614937,0.915831359
2020/2/10,2020,2,1.052043229,1.215420962,0.956083438
2020/2/11,2020,2,1.133779866,1.046454451,0.879909131
2020/2/12,2020,2,1.102616148,1.158046174,0.932675461
2020/2/13,2020,2,1.14739455,1.10987078,0.982579273
2020/2/14,2020,2,1.060963428,1.005219527,0.941094435
2020/2/17,2020,2,1.065409839,0.929564777,0.926643021
2020/2/18,2020,2,1.110074598,0.934644461,0.900618184
2020/2/19,2020,2,1.082478145,0.885406774,0.924188519
2020/2/20,2020,2,1.122261356,1.258184619,0.888100248
2020/2/21,2020,2,1.067891374,1.149071052,0.922274844
2020/2/24,2020,2,1.08382328,1.078458589,0.948748356
2020/2/25,2020,2,1.132003656,1.032953105,0.874518211
2020/2/26,2020,2,1.144061171,0.921593186,0.910130544
2020/2/27,2020,2,1.098649033,1.160385969,0.886298388
2020/2/28,2020,2,0.940744317,0.950953678,0.869208325
2020/3/2,2020,3,0.995291245,1.05623225,0.933418514
2020/3/3,2020,3,1.012450825,1.012623822,0.872492392
2020/3/4,2020,3,0.960968974,1.052286789,0.834811609
2020/3/5,2020,3,1.057279137,1.114809911,0.834656817
2020/3/6,2020,3,0.977531753,1.039831055,0.847046629
2020/3/9,2020,3,0.983845267,0.985296652,0.822526548
2020/3/10,2020,3,1.020339122,0.998938296,0.800036093
2020/3/11,2020,3,1.064463258,0.976087618,0.821461846
2020/3/12,2020,3,1.007750862,1.081088083,0.860409471
2020/3/13,2020,3,0.993104501,1.020451093,0.849174124
2020/3/16,2020,3,0.902546626,0.906809479,0.834506935
2020/3/17,2020,3,0.901645823,0.901779186,0.829096816
2020/3/18,2020,3,0.916681435,0.974965838,0.845973207
2020/3/19,2020,3,0.911563143,0.98831423,0.809760792
2020/3/20,2020,3,0.901396361,0.969525709,0.818190756
2020/3/23,2020,3,0.929188871,1.109425982,0.827911236
2020/3/24,2020,3,0.966537834,1.0068793,0.810456555
2020/3/25,2020,3,0.957726399,1.067680562,0.828545992
2020/3/26,2020,3,0.933434475,1.079503482,0.876394052
2020/3/27,2020,3,0.91960201,1.249060728,0.838247055
2020/3/30,2020,3,0.874324473,1.196653506,0.851573037
2020/3/31,2020,3,0.915802341,1.386637531,0.874948071
2020/4/1,2020,4,0.943525549,1.567209317,0.814808917
2020/4/2,2020,4,0.852163624,1.196068198,0.831189547
2020/4/3,2020,4,0.884797553,1.279618409,0.776177159
2020/4/7,2020,4,0.891574056,1.385280771,0.805066991
2020/4/8,2020,4,0.89211855,1.303238599,0.7608116
2020/4/9,2020,4,0.956510227,1.22513157,0.782779169
2020/4/10,2020,4,0.959095578,1.29772713,0.855719125
2020/4/13,2020,4,1.008430468,1.245875082,0.818864096
2020/4/14,2020,4,0.989562725,1.259552122,0.789908327
2020/4/15,2020,4,1.028270151,1.196492046,0.81422411
2020/4/16,2020,4,1.049405587,1.253099747,0.809452887
2020/4/17,2020,4,0.983405008,1.291222824,0.811964197
2020/4/20,2020,4,1.056934715,1.241034583,0.819726088
2020/4/21,2020,4,0.950363677,1.195082516,0.862726189
2020/4/22,2020,4,0.913938431,1.076521546,0.839641288
2020/4/23,2020,4,0.928030787,1.168709568,0.799415347
2020/4/24,2020,4,0.958814562,1.163279057,0.824020353
2020/4/27,2020,4,0.938373269,1.196881669,0.86382514
2020/4/28,2020,4,1.013714375,1.266158097,0.829884753
2020/4/29,2020,4,0.954038066,1.227773523,0.832046376
2020/4/30,2020,4,0.980898456,1.275862069,0.807885896
2020/5/6,2020,5,0.680908262,0.728606119,0.719982668
2020/5/7,2020,5,0.731753316,0.73397644,0.701226154
2020/5/8,2020,5,0.739823593,0.748862512,0.689756707
2020/5/11,2020,5,0.718613342,0.752885469,0.692009919
2020/5/12,2020,5,0.711854933,0.728609883,0.721382079
2020/5/13,2020,5,0.66967387,0.657489288,0.713679141
2020/5/14,2020,5,0.713932895,0.758951035,0.648964069
2020/5/15,2020,5,0.726720038,0.772337701,0.682664451
2020/5/18,2020,5,0.760271476,0.792219633,0.692019641
2020/5/19,2020,5,0.72209514,0.747357294,0.635573314
2020/5/20,2020,5,0.725491147,0.736057007,0.636953021
2020/5/21,2020,5,0.747313738,0.73958832,0.648390448
2020/5/22,2020,5,0.677824796,0.659115426,0.636969825
2020/5/25,2020,5,0.695457954,0.723003765,0.654551635
2020/5/26,2020,5,0.723042677,0.729082458,0.667935011
2020/5/27,2020,5,0.710404153,0.701747339,0.687860041
2020/5/28,2020,5,0.69037961,0.691081517,0.656106254
2020/5/29,2020,5,0.713846861,0.717631815,0.731305588
2020/6/1,2020,6,0.697712831,0.672252533,0.729789348
2020/6/2,2020,6,0.681969417,0.652135143,0.672127759
2020/6/3,2020,6,0.726566945,0.709287797,0.699835604
2020/6/4,2020,6,0.663433426,0.702552835,0.685446009
2020/6/5,2020,6,0.664381684,0.669470405,0.682726749
2020/6/8,2020,6,0.700564147,0.734188611,0.641904639
2020/6/9,2020,6,0.758905994,0.698930539,0.635255166
2020/6/10,2020,6,0.67935317,0.69574845,0.601318184
2020/6/11,2020,6,0.688686687,0.710817488,0.667950865
2020/6/12,2020,6,0.674843533,0.697513514,0.667893458
2020/6/15,2020,6,0.732291686,0.73250424,0.647788239
2020/6/16,2020,6,0.66095682,0.722568932,0.697661024
2020/6/17,2020,6,0.765509486,0.735470701,0.726626026
2020/6/18,2020,6,0.741444186,0.751393939,0.701348279
2020/6/19,2020,6,0.74263009,0.78969428,0.722190703
2020/6/22,2020,6,0.709991048,0.751049642,0.700057768
2020/6/23,2020,6,0.737727481,0.759075055,0.718760143
2020/6/24,2020,6,0.781367621,0.804758107,0.725112484
2020/6/29,2020,6,0.741357406,0.786241434,0.790463697
2020/6/30,2020,6,0.782638334,0.859540515,0.807765872
2020/7/1,2020,7,0.772646661,0.833516484,0.73253888
2020/7/2,2020,7,0.786073421,0.793267957,0.741849205
2020/7/3,2020,7,0.732068637,0.793062041,0.796083592
2020/7/6,2020,7,0.815692813,0.803368534,0.755152838
2020/7/7,2020,7,0.779948297,0.767749105,0.748402152
2020/7/8,2020,7,0.794510908,0.831191668,0.767485433
2020/7/9,2020,7,0.793757706,0.835818993,0.787013186
2020/7/10,2020,7,0.86205389,0.88295998,0.853453347
2020/7/13,2020,7,0.910606751,0.872951853,0.857408178
2020/7/14,2020,7,0.877803722,0.989225031,0.837664003
2020/7/15,2020,7,0.877560117,0.896062433,0.861899984
2020/7/16,2020,7,0.900602657,0.826305853,0.790440679
2020/7/17,2020,7,0.797399378,0.7791982,0.818328529
2020/7/20,2020,7,0.785901658,0.804172845,0.842886548
2020/7/21,2020,7,0.878448889,0.813349815,0.828120081
2020/7/22,2020,7,0.804758259,0.851344228,0.819211168
2020/7/23,2020,7,0.864770631,0.839749609,0.824638916
2020/7/24,2020,7,0.809293457,0.853256472,0.76702045
2020/7/27,2020,7,0.775237289,0.881020996,0.754315985
2020/7/28,2020,7,0.829780616,0.877702285,0.797713166
2020/7/29,2020,7,0.720559942,0.832519677,0.7575682
2020/7/30,2020,7,0.74648657,0.862656073,0.760658721
2020/7/31,2020,7,0.772441565,0.80433213,0.795983916
2020/8/3,2020,8,0.767064141,0.810852267,0.78671384
2020/8/4,2020,8,0.729858139,0.767989733,0.823772592
2020/8/5,2020,8,0.7898739,0.833949416,0.824032156
2020/8/6,2020,8,0.729279287,0.827409201,0.803523199
2020/8/7,2020,8,0.749701148,0.794335991,0.774015044
2020/8/10,2020,8,0.745856447,0.785797779,0.765246705
2020/8/11,2020,8,0.781669586,0.761830089,0.818382558
2020/8/12,2020,8,0.751424641,0.717243841,0.766794794
2020/8/13,2020,8,0.763318284,0.758769563,0.813907728
2020/8/14,2020,8,0.765992389,0.760204999,0.787826535
2020/8/17,2020,8,0.783461041,0.752991226,0.744648342
2020/8/18,2020,8,0.831282831,0.77126705,0.773943876
2020/8/19,2020,8,0.768970848,0.772015824,0.811236256
2020/8/20,2020,8,0.780116039,0.783371338,0.831625343
2020/8/21,2020,8,0.762959345,0.777059774,0.716366464
2020/8/24,2020,8,0.804553185,0.808639064,0.726597114
2020/8/25,2020,8,0.760121457,0.793883225,0.724997496
2020/8/26,2020,8,0.71729177,0.802433044,0.781683619
2020/8/27,2020,8,0.793224201,0.830880144,0.781424416
2020/8/28,2020,8,0.75206111,0.829645347,0.748679004
2020/8/31,2020,8,0.780288358,0.830770797,0.804493232
2020/9/1,2020,9,0.784661029,0.844060389,0.756092097
2020/9/2,2020,9,0.769401134,0.77700751,0.770073143
2020/9/3,2020,9,0.83499532,0.750369686,0.796934351
2020/9/4,2020,9,0.822206456,0.846183991,0.774845431
2020/9/7,2020,9,0.842310345,0.859941726,0.781897249
2020/9/8,2020,9,0.81038126,0.820256636,0.749277654
2020/9/9,2020,9,0.85851575,0.860340109,0.767565107
2020/9/10,2020,9,0.812608985,0.868961353,0.812299871
2020/9/11,2020,9,0.857280945,0.88189778,0.787785524
2020/9/14,2020,9,0.838112589,0.871492646,0.807090311
2020/9/15,2020,9,0.813354787,0.897025903,0.762039923
2020/9/16,2020,9,0.813341392,0.901181878,0.789158862
2020/9/17,2020,9,0.807055369,0.864797032,0.773585229
2020/9/18,2020,9,0.806111299,0.852316076,0.790511383
2020/9/21,2020,9,0.845631624,0.886146759,0.765189277
2020/9/22,2020,9,0.86593851,0.884736215,0.746753461
2020/9/23,2020,9,0.857273168,0.860113624,0.749562601
2020/9/24,2020,9,0.776481,0.776522791,0.759274939
2020/9/25,2020,9,0.810949246,0.798530955,0.725510552
2020/9/28,2020,9,0.836619663,0.782408858,0.714506354
2020/9/29,2020,9,0.744516226,0.786879966,0.738026969
2020/9/30,2020,9,0.770163856,0.820970441,0.75142543
2020/10/9,2020,10,0.8246621,0.793778281,0.752943736
2020/10/12,2020,10,0.790859982,0.808943532,0.731119541
2020/10/13,2020,10,0.812701402,0.777692812,0.700233256
2020/10/14,2020,10,0.816458942,0.770505004,0.707876482
2020/10/15,2020,10,0.74937557,0.76560999,0.63592282
2020/10/16,2020,10,0.794807605,0.750466776,0.696630636
2020/10/19,2020,10,0.765297118,0.749832252,0.615554708
2020/10/20,2020,10,0.747238918,0.748384118,0.67627993
2020/10/21,2020,10,0.76763863,0.769101704,0.706940063
2020/10/22,2020,10,0.80289733,0.828662084,0.784834264
2020/10/23,2020,10,0.751225291,0.815465486,0.713711687
2020/10/26,2020,10,0.766561958,0.782104281,0.70611351
2020/10/27,2020,10,0.76277107,0.777941967,0.701240534
2020/10/28,2020,10,0.799780555,0.828434066,0.690700198
2020/10/29,2020,10,0.800620069,0.907550535,0.860578818
2020/10/30,2020,10,0.803267101,0.891712877,0.880797713
2020/11/2,2020,11,0.778284018,0.802514479,0.775046032
2020/11/3,2020,11,0.820049106,0.893955146,0.800575928
2020/11/4,2020,11,0.821465077,0.832036412,0.764566103
2020/11/5,2020,11,0.841652551,0.824636441,0.827174844
2020/11/6,2020,11,0.765351595,0.76265317,0.814633301
2020/11/9,2020,11,0.802753568,0.856091224,0.790088609
2020/11/10,2020,11,0.812075061,0.872279903,0.789617139
2020/11/11,2020,11,0.842364408,0.857123381,0.760601678
2020/11/12,2020,11,0.896144768,0.868986552,0.777236399
2020/11/13,2020,11,0.899324324,0.890571429,0.827187772
2020/11/16,2020,11,0.875958584,0.856474474,0.823144566
2020/11/17,2020,11,0.878036189,0.859430122,0.79749362
2020/11/18,2020,11,0.880732037,0.907997682,0.804349415
2020/11/19,2020,11,0.870001812,0.893958961,0.773474902
2020/11/20,2020,11,0.883600797,0.909024211,0.79512575
2020/11/23,2020,11,0.847762411,0.845921864,0.78208778
2020/11/24,2020,11,0.842125964,0.872603138,0.807398542
2020/11/25,2020,11,0.811266373,0.821367521,0.831578947
2020/11/26,2020,11,0.844440363,0.865932452,0.782856315
2020/11/27,2020,11,0.856737189,0.849551509,0.848295583
2020/11/30,2020,11,0.859004068,0.793236586,0.815502102
2020/12/1,2020,12,0.796801927,0.846990188,0.760973315
2020/12/2,2020,12,0.762080803,0.788655789,0.802766684
2020/12/3,2020,12,0.770600533,0.830888346,0.778627566
2020/12/4,2020,12,0.794745365,0.839050132,0.791174337
2020/12/7,2020,12,0.865374218,0.840125821,0.805965329
2020/12/8,2020,12,0.841321461,0.81103976,0.847388988
2020/12/9,2020,12,0.801708855,0.80740233,0.792211497
2020/12/10,2020,12,0.831691794,0.828744124,0.799152955
2020/12/11,2020,12,0.859353343,0.830239081,0.83998337
2020/12/14,2020,12,0.839781144,0.830265849,0.805008191
2020/12/15,2020,12,0.897360387,0.860232221,0.845264291
2020/12/16,2020,12,0.829580889,0.83844207,0.820319373
2020/12/17,2020,12,0.886836946,0.876739848,0.802905489
2020/12/18,2020,12,0.822556505,0.818743853,0.80799103
2020/12/21,2020,12,0.876198164,0.863992307,0.828868633
2020/12/22,2020,12,0.922271405,0.883743434,0.914326829
2020/12/23,2020,12,0.930479239,0.897800246,0.866832419
2020/12/24,2020,12,0.911593593,0.873645219,0.865899866
2020/12/25,2020,12,0.93773199,0.945781386,0.901282235
2020/12/28,2020,12,0.870560324,0.870171247,0.858827169
2020/12/29,2020,12,0.86706251,0.848194353,0.916565368
2020/12/30,2020,12,0.862809026,0.882377332,0.893633327
2020/12/31,2020,12,0.838433207,0.823920699,0.922252559
2021/1/4,2021,1,0.812819147,0.796905458,0.883951418
2021/1/5,2021,1,0.825561552,0.758359023,0.892785057
2021/1/6,2021,1,0.83724691,0.832057298,0.864112421
2021/1/7,2021,1,0.84658371,0.837804117,0.901210284
2021/1/8,2021,1,0.857498914,0.859728507,0.884318187
2021/1/11,2021,1,0.907297426,0.892536147,0.911122292
2021/1/12,2021,1,0.892744407,0.900237827,0.938003581
2021/1/13,2021,1,0.921880133,0.835450845,0.976863695
2021/1/14,2021,1,0.866065652,0.889685877,0.868087031
2021/1/15,2021,1,0.857876454,0.838357151,0.879476266
2021/1/18,2021,1,0.887775204,0.874239351,0.849654461
2021/1/19,2021,1,0.867042265,0.88501827,0.848924411
2021/1/20,2021,1,0.929879598,0.904377021,0.832009383
2021/1/21,2021,1,0.872089195,0.853754455,0.891765909
2021/1/22,2021,1,0.909111003,0.885668868,0.898306675
2021/1/25,2021,1,0.954607463,0.908649763,0.912031007
2021/1/26,2021,1,0.959553939,0.922406488,0.883712951
2021/1/27,2021,1,0.89612419,0.883881352,0.880182613
2021/1/28,2021,1,0.874676218,0.867454671,0.886279211
2021/1/29,2021,1,0.84223765,0.844018059,0.867691639
2021/2/1,2021,2,0.901078951,0.898993365,0.936726645
2021/2/2,2021,2,0.90781276,0.880452158,0.890980727
2021/2/3,2021,2,0.921066323,0.88169592,0.85009858
2021/2/4,2021,2,0.820686831,0.848954821,0.886029265
2021/2/5,2021,2,0.888752662,0.855978564,0.878164308
2021/2/8,2021,2,0.884308537,0.850917915,0.848944786
2021/2/9,2021,2,0.884616167,0.805210666,0.87162639
2021/2/10,2021,2,0.818619341,0.821584529,0.894785499
2021/2/18,2021,2,0.831559401,0.879395901,0.890223397
2021/2/19,2021,2,0.832720806,0.8287264,0.888997145
2021/2/22,2021,2,0.884882294,0.898564198,0.815743723
2021/2/23,2021,2,0.804763054,0.81617357,0.800655488
2021/2/24,2021,2,0.861469392,0.848581974,0.846038407
2021/2/25,2021,2,0.866428047,0.894333844,0.896393263
2021/2/26,2021,2,0.940139086,0.871883511,0.890971301
2021/3/1,2021,3,0.879651351,0.887668282,0.8060522
2021/3/2,2021,3,0.844087943,0.814205457,0.886797667
2021/3/3,2021,3,0.898474946,0.899001953,0.951659206
2021/3/4,2021,3,0.891295302,0.933158298,0.968862222
2021/3/5,2021,3,0.916870604,0.908943441,0.922017653
2021/3/8,2021,3,0.879396017,0.921282799,0.918395682
2021/3/9,2021,3,0.895574445,0.924832785,0.903206982
2021/3/10,2021,3,0.868831027,0.925778383,0.927264599
2021/3/11,2021,3,0.903596431,0.921195374,0.878891928
2021/3/12,2021,3,0.902981729,1.013784191,0.899999144
2021/3/15,2021,3,0.88058473,0.935326913,0.921585872
2021/3/16,2021,3,0.901741785,0.90220317,0.927864904
2021/3/17,2021,3,0.899961184,0.900884268,0.935698329
2021/3/18,2021,3,0.969697519,0.910175508,0.916052293
2021/3/19,2021,3,0.867351297,0.910016978,0.922350454
2021/3/22,2021,3,0.936280606,0.960008647,0.912615427
2021/3/23,2021,3,0.918624535,0.950144509,0.937898117
2021/3/24,2021,3,0.929682244,0.942498137,0.895219696
2021/3/25,2021,3,0.930033536,0.560734801,0.933063041
2021/3/26,2021,3,0.903096646,0.534430334,0.91058306
2021/3/29,2021,3,0.953092031,0.578845021,0.911876277
2021/3/30,2021,3,0.998034379,0.578170392,0.922862494
2021/3/31,2021,3,1.001904264,0.634043313,0.95571235
2021/4/1,2021,4,0.998241926,0.609781538,0.988473189
2021/4/2,2021,4,0.991447529,0.589946777,0.925201061
2021/4/6,2021,4,0.998431373,0.569450223,0.956212233
2021/4/7,2021,4,0.976028729,0.960833167,0.961942595
2021/4/8,2021,4,0.944719545,1.005691135,0.960444051
2021/4/9,2021,4,1.025396764,0.881848499,0.930422668
2021/4/12,2021,4,0.99804939,1.10210914,0.932659635
2021/4/13,2021,4,1.033579098,0.967031831,0.902988466
2021/4/14,2021,4,1.015716622,1.002699336,1.030679105
2021/4/15,2021,4,0.987647837,1.003000517,0.995618199
2021/4/16,2021,4,0.920104165,0.953764197,0.955277948
2021/4/19,2021,4,0.9508289,0.973378213,0.911796355
2021/4/20,2021,4,0.924373379,0.939959839,0.961394273
2021/4/21,2021,4,0.851300104,0.775799538,0.988384703
2021/4/22,2021,4,0.891525778,0.925108795,0.953316932
2021/4/23,2021,4,0.845704341,0.956921488,0.995827473
2021/4/26,2021,4,0.929747511,0.815315315,0.940345571
2021/4/27,2021,4,1.00441931,1.008778503,0.946896423
2021/4/28,2021,4,0.93388545,0.804393305,0.956125402
2021/4/29,2021,4,1.025803385,0.847677906,0.929852482
2021/4/30,2021,4,0.959552028,0.819703104,0.957671552
2021/5/6,2021,5,0.869339097,0.776573242,1.009708485
2021/5/7,2021,5,1.001726923,0.822840929,0.947973861
2021/5/10,2021,5,1.035330381,0.841712527,1.018857188
2021/5/11,2021,5,1.094545237,1.113551795,1.019256844
2021/5/12,2021,5,1.039180766,1.058923321,1.002116037
2021/5/13,2021,5,0.908314607,0.865325077,1.035735547
2021/5/14,2021,5,0.927036604,0.859964922,0.97578052
2021/5/17,2021,5,0.925021193,0.835697819,0.993225823
2021/5/18,2021,5,1.01777104,0.890864556,0.967636469
2021/5/19,2021,5,0.959897691,0.825065502,1.015224639
2021/5/20,2021,5,1.036887709,0.897134935,0.963184604
2021/5/21,2021,5,1.029784123,0.872633083,1.00170239
2021/5/24,2021,5,1.072823942,0.842407391,0.967145448
2021/5/25,2021,5,0.955326127,0.809291836,0.967191481
2021/5/26,2021,5,0.938857958,0.728816527,1.068977808
2021/5/27,2021,5,0.948374491,0.687082405,1.064067833
2021/5/28,2021,5,0.981234189,1.076691533,1.011458629
2021/5/31,2021,5,0.984895455,0.700080192,1.144667191
2021/6/1,2021,6,0.988140582,0.99936516,1.049589834
2021/6/2,2021,6,0.952540242,1.003545201,0.985773351
2021/6/3,2021,6,0.971513093,0.975101626,0.988892784
2021/6/4,2021,6,1.020277555,0.998308833,1.00933242
2021/6/7,2021,6,1.007899965,0.953865979,0.942996914
2021/6/8,2021,6,0.929830694,0.89711169,0.924917664
2021/6/9,2021,6,1.006125893,0.955825303,1.0286683
2021/6/10,2021,6,1.016843419,1.007731621,1.030564919
2021/6/11,2021,6,1.061609184,1.06701101,1.011752112
2021/6/15,2021,6,0.992342771,1.005096567,1.068816968
2021/6/16,2021,6,1.003881239,1.097292724,1.076870405
2021/6/17,2021,6,1.08545556,1.084505101,1.103864052
2021/6/18,2021,6,0.979648155,0.986414491,1.131665561
2021/6/21,2021,6,0.964863714,1.022383147,1.082002309
2021/6/22,2021,6,1.033119684,1.033324375,1.144713385
2021/6/23,2021,6,1.105967334,1.046388964,1.117353371
2021/6/24,2021,6,1.108634604,1.036638518,1.105798955
2021/6/25,2021,6,1.083177737,1.104542807,1.140888132
2021/6/28,2021,6,1.057903677,1.064791839,1.092925499
2021/6/29,2021,6,0.917557821,0.914531026,1.028549972
2021/6/30,2021,6,1.007756011,0.988162497,1.032065585
2021/7/1,2021,7,0.99845893,1.027515169,1.040657001
2021/7/2,2021,7,0.94819035,0.944505798,1.019547312
2021/7/5,2021,7,0.941726674,0.976101672,1.038159106
2021/7/6,2021,7,0.986301026,0.944945609,1.047157344
2021/7/7,2021,7,0.930902894,0.998144712,1.059819791
2021/7/8,2021,7,0.982325674,0.990552421,1.025645039
2021/7/9,2021,7,0.999097031,1.023108666,1.034904893
2021/7/12,2021,7,0.965103517,1.014767647,1.090432276
2021/7/13,2021,7,1.012893391,1.086530384,1.119409891
2021/7/14,2021,7,1.076311813,1.019505678,1.059572153
2021/7/15,2021,7,1.079422013,1.037901268,1.065876019
2021/7/16,2021,7,1.062317784,0.977806619,1.083597912
2021/7/19,2021,7,0.943794525,0.975631539,1.02926973
2021/7/20,2021,7,0.958326427,0.948359263,1.042318719
2021/7/21,2021,7,0.970320306,0.967069446,1.020103059
2021/7/22,2021,7,0.944725555,0.947173079,1.01546901
2021/7/23,2021,7,1.024012018,1.049024641,1.143856563
2021/7/26,2021,7,1.066945296,1.042801064,1.027245048
2021/7/27,2021,7,1.109746234,1.07477351,1.062341089
2021/7/28,2021,7,1.060168243,1.085760518,1.08903241
2021/7/29,2021,7,1.073602842,1.066946138,1.172833807
2021/7/30,2021,7,1.104243696,1.075933401,1.121357415
2021/8/2,2021,8,1.095928424,1.061656556,1.092808675
2021/8/3,2021,8,1.000996293,0.996221068,1.016307539
2021/8/4,2021,8,0.969060284,0.964010283,1.060660564
2021/8/5,2021,8,1.033993105,1.107593371,1.052646318
2021/8/6,2021,8,0.9399039,0.996195852,0.971632512
2021/8/9,2021,8,0.952827784,0.980616302,1.111235225
2021/8/10,2021,8,0.96627144,0.971049457,1.016434893
2021/8/11,2021,8,0.969938284,0.902061856,1.073977994
2021/8/12,2021,8,1.027707865,1.014174174,1.115337047
2021/8/13,2021,8,1.015565655,0.988120694,1.107137515
2021/8/16,2021,8,0.917193073,0.95953963,1.066359658
2021/8/17,2021,8,0.979004295,0.972063037,1.061260639
2021/8/18,2021,8,0.961644402,0.980854907,1.131820663
2021/8/19,2021,8,0.988677076,0.942481611,1.112226509
2021/8/20,2021,8,0.974749892,0.962539147,1.01601385
2021/8/23,2021,8,0.965158606,0.887330528,1.043998175
2021/8/24,2021,8,0.988428333,0.972636524,1.151937722
2021/8/25,2021,8,1.057547838,1.021762397,1.147890537
2021/8/26,2021,8,1.054387876,0.978720741,1.019424453
2021/8/27,2021,8,1.057088375,1.076305717,1.104541298
2021/8/30,2021,8,1.077419648,1.153353846,1.061442295
2021/8/31,2021,8,1.091158565,1.112924839,1.109073482
2021/9/1,2021,9,1.02717978,1.09100617,1.031602995
2021/9/2,2021,9,1.207116129,1.137326862,1.120977367
2021/9/3,2021,9,1.118493617,1.109483794,1.110840296
2021/9/6,2021,9,1.075056508,1.125031227,1.047298272
2021/9/7,2021,9,1.108919084,1.189879697,1.088690093
2021/9/8,2021,9,1.018183376,1.0671109,1.061754268
2021/9/9,2021,9,1.010149893,1.084663764,0.981131525
2021/9/10,2021,9,1.067076172,1.124233313,1.046998567
2021/9/13,2021,9,1.068216496,1.10769412,1.070191642
2021/9/14,2021,9,1.06031373,1.068969347,1.061233947
2021/9/15,2021,9,1.099482547,1.139263663,1.075641547
2021/9/16,2021,9,1.191613847,1.133561644,1.00495398
2021/9/17,2021,9,1.193988493,1.202136306,1.139466328
2021/9/22,2021,9,1.148928675,1.123048164,1.218754788
2021/9/23,2021,9,1.140244431,1.097779288,1.158152938
2021/9/24,2021,9,1.235828921,1.235142985,1.242955206
2021/9/27,2021,9,1.214923309,1.257728495,1.197720569
2021/9/28,2021,9,1.118463875,1.217252043,1.267380264
2021/9/29,2021,9,1.3168765,1.358604917,1.297107616
2021/9/30,2021,9,1.362672594,1.400185486,1.323550318
2021/10/8,2021,10,1.299834973,1.327809546,1.326509078
2021/10/11,2021,10,1.357223747,1.329375208,1.299638262
2021/10/12,2021,10,1.394978105,1.354876206,1.290306787
2021/10/13,2021,10,1.398906366,1.343731812,1.268808403
2021/10/14,2021,10,1.237630936,1.319464913,1.32773468
2021/10/15,2021,10,1.38101578,1.322569642,1.248121743
2021/10/18,2021,10,1.256383478,1.330544426,1.361609946
2021/10/19,2021,10,1.279543067,1.410476751,1.256549579
2021/10/20,2021,10,1.300080348,1.403131115,1.282712296
2021/10/21,2021,10,1.340282997,1.401650463,1.30135654
2021/10/22,2021,10,1.30858766,1.313159986,1.294956151
2021/10/25,2021,10,1.438286312,1.444859813,1.276637649
2021/10/26,2021,10,1.336532296,1.393287639,1.240596933
2021/10/27,2021,10,1.34740127,1.442683952,1.262767603
2021/10/28,2021,10,1.379667243,1.421258878,1.293584121
2021/10/29,2021,10,1.326696087,1.393243879,1.292776746
2021/11/1,2021,11,1.370284076,1.394821208,1.297028146
2021/11/2,2021,11,1.363180365,1.390093642,1.310076467
2021/11/3,2021,11,1.347757316,1.433967015,1.377322535
2021/11/4,2021,11,1.410210541,1.393708528,1.323597299
2021/11/5,2021,11,1.430405241,1.438935756,1.347619101
2021/11/8,2021,11,1.351676097,1.350079066,1.400591683
2021/11/9,2021,11,1.443357822,1.432044485,1.540217633
2021/11/10,2021,11,1.489430814,1.527924828,1.550478278
2021/11/11,2021,11,1.495533912,1.536657682,1.417955214
2021/11/12,2021,11,1.40468196,1.470557784,1.504227744
2021/11/15,2021,11,1.343774269,1.337279566,1.378132507
2021/11/16,2021,11,1.343934268,1.349720528,1.407975678
2021/11/17,2021,11,1.294247121,1.355851331,1.484796992
2021/11/18,2021,11,1.34895821,1.499472435,1.508683949
2021/11/19,2021,11,1.271152213,1.389465688,1.486073783
2021/11/22,2021,11,1.542696247,1.550560334,1.540902408
2021/11/23,2021,11,1.440354432,1.518244384,1.497292532
2021/11/24,2021,11,1.376906977,1.370239596,1.451083858
2021/11/25,2021,11,1.416641225,1.458140458,1.493321956
2021/11/26,2021,11,1.413238603,1.445563735,1.541270795
2021/11/29,2021,11,1.401045339,1.430769231,1.617634481
2021/11/30,2021,11,1.397765634,1.472339862,1.611100302
2021/12/1,2021,12,1.428384082,1.423877894,1.527894918
2021/12/2,2021,12,1.519431329,1.411385748,1.58107141
2021/12/3,2021,12,1.591793458,1.448109302,1.582602474
2021/12/6,2021,12,1.48874776,1.560503388,1.528444624
2021/12/7,2021,12,1.566844644,1.562213263,1.592467831
2021/12/8,2021,12,1.498226039,1.561456534,1.641310132
2021/12/9,2021,12,1.496478412,1.588192736,1.543373681
2021/12/10,2021,12,1.477808671,1.531453965,1.623090875
2021/12/13,2021,12,1.453208122,1.513285358,1.656740598
2021/12/14,2021,12,1.402478247,1.523696351,1.621909161
2021/12/15,2021,12,1.433608616,1.628359062,1.689425002
2021/12/16,2021,12,1.428365025,1.646026682,1.709976391
2021/12/17,2021,12,1.46946205,1.585639382,1.650995204
2021/12/20,2021,12,1.425400512,1.589442379,1.580294904
2021/12/21,2021,12,1.434074189,1.535714286,1.58065842
2021/12/22,2021,12,1.308419288,1.405623057,1.573356838
2021/12/23,2021,12,1.350100552,1.469830028,1.55974244
2021/12/24,2021,12,1.417101949,1.457010294,1.595429907
2021/12/27,2021,12,1.41348094,1.514367816,1.585546232
2021/12/28,2021,12,1.381857783,1.466199075,1.513838196
2021/12/29,2021,12,1.286512287,1.435615625,1.317588365
2021/12/30,2021,12,1.20675714,1.237722729,1.303131727
2021/12/31,2021,12,1.280339678,1.30282419,1.293405564
2022/1/4,2022,1,1.229978296,1.156868327,1.207105309
2022/1/5,2022,1,1.224166483,1.233006827,1.166560591
2022/1/6,2022,1,1.243438612,1.288838269,1.133578904
2022/1/7,2022,1,1.300388816,1.381085705,1.291225226
2022/1/10,2022,1,1.212813695,1.226342332,1.191543719
2022/1/11,2022,1,1.226157666,1.191591504,1.23991595
2022/1/12,2022,1,1.277047805,1.269525268,1.23882901
2022/1/13,2022,1,1.3075553,1.251598837,1.170163969
2022/1/14,2022,1,1.244130803,1.173488439,1.198421499
2022/1/17,2022,1,1.132298186,1.127188029,1.251188421
2022/1/18,2022,1,1.200352526,1.170919107,1.242866695
2022/1/19,2022,1,1.185881577,1.171287277,1.187011819
2022/1/20,2022,1,1.197959014,1.144634076,1.188722777
2022/1/21,2022,1,1.163835888,1.104631989,1.179921244
2022/1/24,2022,1,1.124790292,1.037724898,1.180999013
2022/1/25,2022,1,1.143862284,1.110186807,1.182335076
2022/1/26,2022,1,1.23022161,1.103453343,1.074930377
2022/1/27,2022,1,1.156119074,1.131664692,1.121318758
2022/1/28,2022,1,1.086053739,1.083430064,1.138953125
2022/2/7,2022,2,1.109700477,1.189982996,1.163208061
2022/2/8,2022,2,1.106070062,1.148337993,1.156855481
2022/2/9,2022,2,1.189259561,1.230803505,1.157758974
2022/2/10,2022,2,1.161559586,1.252671181,1.201920778
2022/2/11,2022,2,1.096116559,1.166012677,1.179021153
2022/2/14,2022,2,1.123096017,1.125055367,1.094183948
2022/2/15,2022,2,1.157260023,1.168603774,1.107698309
2022/2/16,2022,2,1.234090975,1.287593985,1.128834198
2022/2/17,2022,2,1.26624189,1.166308684,1.133433913
2022/2/18,2022,2,1.213775252,1.20150263,1.23832835
2022/2/21,2022,2,1.273558101,1.296424452,1.161900819
2022/2/22,2022,2,1.155058436,1.15366242,1.155848715
2022/2/23,2022,2,1.23859669,1.190811639,1.193386572
2022/2/24,2022,2,1.12731444,1.10713246,1.110206836
2022/2/25,2022,2,1.280782477,1.26206286,1.13426041
2022/2/28,2022,2,1.222306664,1.26259564,1.202873709
2022/3/1,2022,3,1.198440302,1.163070972,1.098109743
2022/3/2,2022,3,1.243350057,1.183589744,1.200991553
2022/3/3,2022,3,1.243568363,1.223246136,1.136270707
2022/3/4,2022,3,1.318120609,1.228272914,1.209315338
2022/3/7,2022,3,1.22390568,1.255155022,1.14474922
2022/3/8,2022,3,1.33193616,1.286366313,1.160992392
2022/3/9,2022,3,1.248880078,1.134790773,1.169473165
2022/3/10,2022,3,1.201662891,1.114003591,1.052853595
2022/3/11,2022,3,1.162178502,1.19511522,1.128922715
2022/3/14,2022,3,1.136904467,1.169736119,1.06948108
2022/3/15,2022,3,1.090219561,1.072463768,1.169495828
2022/3/16,2022,3,1.153910945,1.111771995,1.140221627
2022/3/17,2022,3,1.106220594,1.062009045,1.090949309
2022/3/18,2022,3,1.108905339,1.112871287,1.137344787
2022/3/21,2022,3,1.153530555,1.145092639,1.232468191
2022/3/22,2022,3,1.117932881,1.074140616,1.135732962
2022/3/23,2022,3,1.089592569,1.133350462,1.123152659
2022/3/24,2022,3,1.113752665,1.132077956,1.130133209
2022/3/25,2022,3,1.030299806,1.11975197,1.158698658
2022/3/28,2022,3,1.144236879,1.123467824,1.184197314
2022/3/29,2022,3,1.168861259,1.177037686,1.100718989
2022/3/30,2022,3,1.070872794,1.041870715,1.082822365
2022/3/31,2022,3,1.114682611,1.182245883,1.132384635
2022/4/1,2022,4,1.197250408,1.18137958,1.125711841
2022/4/6,2022,4,1.1813686,1.25397467,1.181351617
2022/4/7,2022,4,1.169770951,1.16321666,1.103114773
2022/4/8,2022,4,1.228734763,1.203391944,1.1698865
2022/4/11,2022,4,1.247942136,1.266674841,1.13007246
2022/4/12,2022,4,1.257826647,1.237236505,1.18575436
2022/4/13,2022,4,1.267588166,1.040240569,1.223151494
2022/4/14,2022,4,1.178643026,1.194261881,1.176114589
2022/4/15,2022,4,1.216444086,1.009591514,1.160482231
2022/4/18,2022,4,1.200743738,0.987143305,1.148959908
2022/4/19,2022,4,1.245794037,1.029380681,1.093968609
2022/4/20,2022,4,1.108187552,1.005042546,1.199941209
2022/4/21,2022,4,1.138046993,0.999895681,1.18566826
2022/4/22,2022,4,1.129859284,1.00207857,1.168060175
2022/4/25,2022,4,1.158720104,0.974053296,1.210843095
2022/4/26,2022,4,1.137092804,1.092366236,1.263939128
2022/4/27,2022,4,1.165100483,1.108012785,1.126451352
2022/4/28,2022,4,1.130003859,1.13089554,1.135579505
2022/4/29,2022,4,1.217277381,1.125767226,1.1585637
2022/5/5,2022,5,1.174993471,1.152120575,1.164374389
2022/5/6,2022,5,1.138779016,1.107073477,1.139713166
2022/5/9,2022,5,1.187648257,1.036614041,1.05248171
2022/5/10,2022,5,1.162444022,1.123116708,1.076098993
2022/5/11,2022,5,1.24261176,1.280247238,1.119243833
2022/5/12,2022,5,1.181378402,1.129198362,1.04696694
2022/5/13,2022,5,1.149388601,1.110924181,1.138809352
2022/5/16,2022,5,1.243517723,1.174502279,1.139653121
2022/5/17,2022,5,1.154508285,1.132719787,1.042670534
2022/5/18,2022,5,1.149171624,1.075146462,1.043956238
2022/5/19,2022,5,1.159663866,1.153515065,1.061096176
2022/5/20,2022,5,1.178872299,1.19417596,1.077950556
2022/5/23,2022,5,1.181325651,1.179303652,1.004018029
2022/5/24,2022,5,1.130081647,1.106285848,1.088284619
2022/5/25,2022,5,1.15441775,1.171858593,1.112609127
2022/5/26,2022,5,1.121623896,1.224470018,1.032507202
2022/5/27,2022,5,1.090221317,1.15936538,1.082139479
2022/5/30,2022,5,1.085233453,1.146035368,1.08887495
2022/5/31,2022,5,1.098595806,1.106422827,1.107885051
2022/6/1,2022,6,1.07872373,1.113662858,1.116664409
2022/6/2,2022,6,1.066533112,1.098815567,1.08256965
2022/6/6,2022,6,1.056204654,1.143396686,1.061876264
2022/6/7,2022,6,1.102382331,1.124955752,0.982523185
2022/6/8,2022,6,1.130637636,1.260826405,1.064392961
2022/6/9,2022,6,1.041437297,1.160229401,1.025276547
2022/6/10,2022,6,1.116780705,1.137636343,1.047287923
2022/6/13,2022,6,1.065755245,1.078535237,0.98753619
2022/6/14,2022,6,1.117301647,1.124941725,1.046169848
2022/6/15,2022,6,1.050034385,1.094688481,1.017085664
2022/6/16,2022,6,1.036222584,1.048333902,1.010770098
2022/6/17,2022,6,1.101294416,1.077186018,1.043338537
2022/6/20,2022,6,1.02955634,1.125219632,1.048788225
2022/6/21,2022,6,1.074492291,1.169497877,1.074467501
2022/6/22,2022,6,1.06163277,1.270374662,1.031825036
2022/6/23,2022,6,1.110034022,1.188640452,1.039185437
2022/6/24,2022,6,0.973740185,1.141914573,1.078139905
2022/6/27,2022,6,0.982279327,1.050322432,1.067650891
2022/6/28,2022,6,0.94588766,1.012697706,1.115548242
2022/6/29,2022,6,0.959416966,0.986486486,1.030983617
2022/6/30,2022,6,1.029897896,1.075556991,1.022048501
2022/7/1,2022,7,1.038013785,1.077256944,1.075273263
2022/7/4,2022,7,1.067225903,1.030382399,1.138258428
2022/7/5,2022,7,1.00373599,1.066278694,1.043994394
2022/7/6,2022,7,0.982524046,1.105293243,1.045647661
2022/7/7,2022,7,1.022762812,1.020790021,1.084206442
2022/7/8,2022,7,1.017310695,0.979120994,1.124246502
2022/7/11,2022,7,1.015067299,0.952881583,1.036332226
2022/7/12,2022,7,0.961032568,1.0232239,0.984607551
2022/7/13,2022,7,1.019110042,1.141788428,1.016131132
2022/7/14,2022,7,1.044145953,1.061787905,1.128722605
2022/7/15,2022,7,1.121920227,1.113220416,1.105361135
2022/7/18,2022,7,1.070308642,1.077864528,1.082636324
2022/7/19,2022,7,1.106391744,1.207597711,1.11768136
2022/7/20,2022,7,1.135578584,1.124015517,1.092908116
2022/7/21,2022,7,1.084123536,1.172697368,1.096367542
2022/7/22,2022,7,1.043319286,1.076732088,1.055365902
2022/7/25,2022,7,1.109807705,1.149135622,1.015010071
2022/7/26,2022,7,0.995828101,1.084398977,1.004592089
2022/7/27,2022,7,1.17416602,1.141199497,1.022233543
2022/7/28,2022,7,0.975853916,0.988312735,0.918379779
2022/7/29,2022,7,0.938453081,0.940970874,0.966344013
2022/8/1,2022,8,0.925835257,0.996367061,0.956842402
2022/8/2,2022,8,0.954237079,1.029728275,1.006287429
2022/8/3,2022,8,0.977725178,0.988856789,0.937885081
2022/8/4,2022,8,1.020304699,1.016893284,0.942656511
2022/8/5,2022,8,1.064503729,1.039415042,1.015332302
2022/8/8,2022,8,1.084468736,1.003206841,1.033341702
2022/8/9,2022,8,1.05241733,1.022246337,0.993592482
2022/8/10,2022,8,1.059566127,1.034212002,1.003315625
2022/8/11,2022,8,1.034007638,1.004887984,1.060189368
2022/8/12,2022,8,1.100783129,1.08913847,1.009461213
2022/8/15,2022,8,1.121994166,1.100296234,1.032504162
2022/8/16,2022,8,1.036982059,1.071851104,1.040304336
2022/8/17,2022,8,1.020139486,1.040376483,0.984632522
2022/8/18,2022,8,1.050801793,0.989583333,1.007311802
2022/8/19,2022,8,1.068825065,1.023532669,1.096465696
2022/8/22,2022,8,1.130044601,1.108935813,1.081563982
2022/8/23,2022,8,1.057251121,1.060597637,1.059442003
2022/8/24,2022,8,1.017443752,0.97744881,1.054267941
2022/8/25,2022,8,1.003532426,0.955022683,1.017075228
2022/8/26,2022,8,1.05395368,0.952070297,1.060233461
2022/8/29,2022,8,1.01464923,0.987403101,1.011183981
2022/8/30,2022,8,1.044872293,1.060347166,1.070524889
2022/8/31,2022,8,1.043329355,1.029203289,1.042330603
2022/9/1,2022,9,0.977861373,0.956269402,0.983385306
2022/9/2,2022,9,1.039264939,0.985110268,1.058088639
2022/9/5,2022,9,1.06926707,1.013624752,0.996151539
2022/9/6,2022,9,1.066789087,1.037088485,1.064880597
2022/9/7,2022,9,1.1187898,1.058038882,1.060003307
2022/9/8,2022,9,1.10762089,0.999159899,1.088697191
2022/9/9,2022,9,1.143335403,1.148115168,1.076008226
2022/9/13,2022,9,1.13615404,1.075178816,1.037290786
2022/9/14,2022,9,1.083625219,1.036248562,0.982641608
2022/9/15,2022,9,1.118010628,1.070325638,1.030041092
2022/9/16,2022,9,1.160440138,1.099236641,1.172339567
2022/9/19,2022,9,1.072308726,1.119926199,1.120874405
2022/9/20,2022,9,1.135943636,1.134636098,1.233600163
2022/9/21,2022,9,1.161919425,1.135450222,1.110015506
2022/9/22,2022,9,1.139712864,1.123255076,1.194698444
2022/9/23,2022,9,1.06693934,1.059291051,1.040653026
2022/9/26,2022,9,1.025256622,1.031914894,1.158605303
2022/9/27,2022,9,1.130143861,1.131717771,1.16181178
2022/9/28,2022,9,1.047616326,1.063627577,1.195719096
2022/9/29,2022,9,1.134026693,1.044984899,1.206985525
2022/9/30,2022,9,1.253207314,1.124102564,1.184413217
2022/10/10,2022,10,1.119615385,1.098504137,1.187079638
2022/10/11,2022,10,1.101508834,1.05541482,1.099095922
2022/10/12,2022,10,1.123248873,1.140539672,1.121904653
2022/10/13,2022,10,1.070047733,1.04503501,1.120737236
2022/10/14,2022,10,0.991243234,1.061612157,1.139028139
2022/10/17,2022,10,1.076375922,1.050282841,1.159185549
2022/10/18,2022,10,1.064458936,1.021226042,1.1037086
2022/10/19,2022,10,1.051422064,1.023324984,1.105490692
2022/10/20,2022,10,1.144338462,1.050920051,1.037198905
2022/10/21,2022,10,1.098955266,1.06929882,1.02109102
2022/10/24,2022,10,1.033859303,1.021283304,0.985141363
2022/10/25,2022,10,1.030372124,1.025874236,1.045568067
2022/10/26,2022,10,1.0467253,0.996669838,1.000478617
2022/10/27,2022,10,1.01996746,0.951493686,1.062514208
2022/10/28,2022,10,1.031141869,0.961401884,1.055664234
2022/10/31,2022,10,1.045111027,0.939881832,1.053531922
2022/11/1,2022,11,1.035060382,0.992809978,1.099891171
2022/11/2,2022,11,1.025530874,0.963249234,1.104165237
2022/11/3,2022,11,1.029928869,1.027602159,1.049411642
2022/11/4,2022,11,1.055223511,1.035773335,1.136503449
2022/11/7,2022,11,1.094315789,1.032404508,1.04124771
2022/11/8,2022,11,1.086692964,1.018187671,1.103306963
2022/11/9,2022,11,1.017428088,0.987438384,1.085886716
2022/11/10,2022,11,1.071165255,1.010493344,1.117964014
2022/11/11,2022,11,0.922643443,1.010096154,1.0280559
2022/11/14,2022,11,1.123930418,1.082204875,1.082919762
2022/11/15,2022,11,1.106444155,1.079871692,1.155888851
2022/11/16,2022,11,1.156188547,1.073580717,1.052313613
2022/11/17,2022,11,1.133109254,1.060035127,1.102488061
2022/11/18,2022,11,1.133792094,1.091332263,1.082956047
2022/11/21,2022,11,1.033094911,1.002014879,1.08678151
2022/11/22,2022,11,1.033810036,0.96918975,1.061734035
2022/11/23,2022,11,1.087704527,1.064987163,1.064021213
2022/11/24,2022,11,1.131987845,1.055208008,1.017663876
2022/11/25,2022,11,1.028446898,1.014708313,1.010273012
2022/11/28,2022,11,1.150817214,1.058964525,1.033676709
2022/11/29,2022,11,1.135652682,1.019179374,1.134418193
2022/11/30,2022,11,1.05039523,1.027388829,1.077582383
2022/12/1,2022,12,1.053545062,1.024298785,1.023800341
2022/12/2,2022,12,1.097044502,1.132227488,1.06083996
2022/12/5,2022,12,1.127787307,1.122263661,1.048560178
2022/12/6,2022,12,1.11301997,1.052211974,1.071210381
2022/12/7,2022,12,1.082542303,1.01379845,1.02975194
2022/12/8,2022,12,1.09930472,1.029065073,1.06266184
2022/12/9,2022,12,1.04446456,1.023937395,1.024145338
2022/12/12,2022,12,1.149845594,1.097533987,1.023409845
2022/12/13,2022,12,1.175190907,1.043382584,1.024334235
2022/12/14,2022,12,1.119119404,1.052580801,0.991455585
2022/12/15,2022,12,1.139203148,1.119435216,1.037194315
2022/12/16,2022,12,1.097502108,1.047689041,0.96804807
2022/12/19,2022,12,1.072191758,0.976604489,0.9887184
2022/12/20,2022,12,1.073365543,1.025577812,0.99018536
2022/12/21,2022,12,1.039569856,1.019093079,0.942839329
2022/12/22,2022,12,1.025867187,0.944058014,0.974986089
2022/12/23,2022,12,0.963960695,0.962882435,0.970797748
2022/12/26,2022,12,0.959066901,0.961853282,0.953303496
2022/12/27,2022,12,0.921866949,0.867696343,1.007050985
2022/12/28,2022,12,0.948323724,0.925752306,1.004489134
2022/12/29,2022,12,1.00297108,1.056068812,0.97187524
2022/12/30,2022,12,0.970152041,0.965886492,0.965411861
2023/1/3,2023,1,1.014449535,1.009278659,0.969520876
2023/1/4,2023,1,1.020491575,0.961290323,1.011396569
2023/1/5,2023,1,0.977228555,0.984435798,1.038407776
2023/1/6,2023,1,0.996991444,0.93020052,1.042722107
2023/1/9,2023,1,0.986447536,0.971502988,1.028799532
2023/1/10,2023,1,1.026015157,1.034390282,1.020583872
2023/1/11,2023,1,1.017235189,1.032410225,1.013687558
2023/1/12,2023,1,1.00097144,1.092238657,0.96981767
2023/1/13,2023,1,0.973790875,1.130279292,0.956189559
2023/1/16,2023,1,0.994345452,1.095980707,0.958632719
2023/1/17,2023,1,1.069040987,1.062024291,1.015374725
2023/1/18,2023,1,1.053627046,1.090387139,1.005634438
2023/1/19,2023,1,1.112932766,1.133559898,0.982631824
2023/1/20,2023,1,1.093600295,1.154461853,1.15601874
2023/1/30,2023,1,1.114470392,1.117498314,1.111963675
2023/1/31,2023,1,1.014089026,1.05909928,1.144439862
2023/2/1,2023,2,1.053858182,1.042019598,1.114457408
2023/2/2,2023,2,1.034015945,1.031047185,1.093600736
2023/2/3,2023,2,1.005978208,1.04611059,1.104239773
2023/2/6,2023,2,1.045808967,1.048832272,1.055610025
2023/2/7,2023,2,1.000703161,0.952467674,1.104820645
2023/2/8,2023,2,1.044009607,1.06597979,1.061044432
2023/2/9,2023,2,0.995739965,1.00148368,1.032300251
2023/2/10,2023,2,1.06695279,1.052662262,1.070169408
2023/2/13,2023,2,1.057901699,1.039177277,1.143489275
2023/2/14,2023,2,1.044941442,1.006413994,1.119950673
2023/2/15,2023,2,1.038525419,1.031299841,1.136031885
2023/2/16,2023,2,0.9590906,0.979162756,1.164915765
2023/2/17,2023,2,0.962969119,0.992731446,1.010964112
2023/2/20,2023,2,0.927197667,0.960290828,0.996571137
2023/2/21,2023,2,1.019921389,0.984559491,1.03025455
2023/2/22,2023,2,0.941863843,1.020679468,1.0613636
2023/2/23,2023,2,0.938934561,0.987943003,1.043157494
2023/2/24,2023,2,0.918875286,0.893228691,1.073866753
2023/2/27,2023,2,0.928791326,0.933730454,1.136864363
2023/2/28,2023,2,0.927098163,0.910014514,1.106891107
2023/3/1,2023,3,0.93370112,0.90088968,1.06574909
2023/3/2,2023,3,0.909642766,0.89602555,1.0488126
2023/3/3,2023,3,0.909185027,0.937361419,0.985544576
2023/3/6,2023,3,0.930670958,0.960546282,1.054357001
2023/3/7,2023,3,0.941889519,0.920879534,1.035396932
2023/3/8,2023,3,0.917154466,0.896868554,0.96456706
2023/3/9,2023,3,0.957581258,0.920666911,0.985522165
2023/3/10,2023,3,1.053254438,1.087628866,0.988529258
2023/3/13,2023,3,0.989311366,0.995123781,1.016240297
2023/3/14,2023,3,0.984751532,0.97448591,0.975809718
2023/3/15,2023,3,0.94053419,0.961750789,1.012015446
2023/3/16,2023,3,0.957186649,0.973091603,1.054870663
2023/3/17,2023,3,0.872089662,0.944947349,1.000321916
2023/3/20,2023,3,0.948498146,0.99137931,0.972831367
2023/3/21,2023,3,0.934040449,0.989121989,0.954748657
2023/3/22,2023,3,0.943786982,0.96287403,0.945143626
2023/3/23,2023,3,0.915479399,0.871473354,0.943629211
2023/3/24,2023,3,0.861356164,0.866327643,0.909214564
2023/3/27,2023,3,0.906856994,0.950570342,0.941989038
2023/3/28,2023,3,0.927870295,0.919010761,0.917302269
2023/3/29,2023,3,0.98064584,0.960736427,0.908433458
2023/3/30,2023,3,0.935442655,0.892857143,0.924064814
2023/3/31,2023,3,0.905043287,0.892445106,0.935835351
2023/4/3,2023,4,0.94259777,0.849472151,1.000391472
2023/4/4,2023,4,0.836561784,0.79214173,0.927323962
2023/4/6,2023,4,0.878784867,0.813511612,0.96131114
2023/4/7,2023,4,0.840256616,0.808305085,0.928777671
2023/4/10,2023,4,0.824091229,0.812096195,0.909606728
2023/4/11,2023,4,0.85146328,0.789955126,0.895533795
2023/4/12,2023,4,0.818683788,0.838093538,0.89068226
2023/4/13,2023,4,0.848406132,0.859942467,0.888194379
2023/4/14,2023,4,0.859116931,0.832376167,0.893851143
2023/4/17,2023,4,1.006842901,0.928870293,0.955833457
2023/4/18,2023,4,0.983694709,0.893073673,0.904062765
2023/4/19,2023,4,0.997511436,0.936603335,0.958185333
2023/4/20,2023,4,0.91316932,0.851782364,0.912543565
2023/4/21,2023,4,0.946837795,0.907088654,0.874168733
2023/4/24,2023,4,0.834286064,0.830874786,0.873822509
2023/4/25,2023,4,0.827493598,0.820818505,0.893746747
2023/4/26,2023,4,0.820153866,0.836030964,0.947416945
2023/4/27,2023,4,0.776308656,0.82601798,0.972575053
2023/4/28,2023,4,0.83467279,0.797952586,0.917423513
2023/5/4,2023,5,0.815705229,0.863131037,0.900307368
2023/5/5,2023,5,0.836473415,0.791659516,0.924846367
2023/5/8,2023,5,0.860909982,0.822111977,0.899022304
2023/5/9,2023,5,0.856892751,0.810621062,0.953003483
2023/5/10,2023,5,0.86607115,0.881289167,0.887319064
2023/5/11,2023,5,0.891648822,0.882701203,0.889126446
2023/5/12,2023,5,0.878062199,0.951468481,0.921939043
2023/5/15,2023,5,0.892425332,0.935183461,0.907132665
2023/5/16,2023,5,0.957095129,0.964865381,0.921336005
2023/5/17,2023,5,0.886843242,0.889197188,0.902830277
2023/5/18,2023,5,0.837892222,0.812645115,0.91681268
2023/5/19,2023,5,0.827124374,0.833181901,0.877001536
2023/5/22,2023,5,0.892369559,0.844225604,0.947424221
2023/5/23,2023,5,0.968789275,0.896719775,0.943240658
2023/5/24,2023,5,0.843659044,0.822092805,0.959530994
2023/5/25,2023,5,0.815907633,0.810284665,0.894179638
2023/5/26,2023,5,0.868847032,0.843538658,0.93555684
2023/5/29,2023,5,0.899199683,0.875804968,0.933690679
2023/5/30,2023,5,0.91360108,0.885959993,0.841342391
2023/5/31,2023,5,0.917263059,0.874054054,0.919476598
2023/6/1,2023,6,0.874612346,0.871314667,0.948948504
2023/6/2,2023,6,0.870009624,0.861059652,0.975208825
2023/6/5,2023,6,0.811856809,0.823761665,0.936967103
2023/6/6,2023,6,0.840378647,0.879371247,0.91068035
2023/6/7,2023,6,0.919667961,0.856909684,0.93154671
2023/6/8,2023,6,0.86369598,0.832051282,0.961513372
2023/6/9,2023,6,0.879565189,0.85585751,0.950962794
2023/6/12,2023,6,0.892045824,0.858521486,0.953822188
2023/6/13,2023,6,0.872730705,0.816229117,0.836363636
2023/6/14,2023,6,0.904483431,0.852038068,0.834699316
2023/6/15,2023,6,0.900200539,0.850177155,0.791676589
2023/6/16,2023,6,0.868473045,0.853985381,0.895438522
2023/6/19,2023,6,0.861672853,0.785111149,0.816203144
2023/6/20,2023,6,0.824500816,0.816473001,0.83232045
2023/6/21,2023,6,0.875228088,0.818795431,0.892927598
2023/6/26,2023,6,0.854128529,0.808669391,0.842834235
2023/6/27,2023,6,0.949926714,0.863922344,0.933332274
2023/6/28,2023,6,0.954191389,0.85556545,0.929971223
2023/6/29,2023,6,0.884244581,0.826183558,0.874475702
2023/6/30,2023,6,0.879683784,0.869415808,0.895372759
2023/7/3,2023,7,0.883028194,0.849905221,0.880719849
2023/7/4,2023,7,0.886770004,0.882106732,0.866509761
2023/7/5,2023,7,0.904643395,0.859540939,0.915822719
2023/7/6,2023,7,0.919209933,0.843830889,0.914613871
2023/7/7,2023,7,0.92400226,0.850720659,0.866392411
2023/7/10,2023,7,0.930331754,0.831410825,0.95417939
2023/7/11,2023,7,0.87595722,0.782725592,0.921111792
2023/7/12,2023,7,0.893051793,0.808768971,0.973552361
2023/7/13,2023,7,0.934570111,0.847390284,0.881936981
2023/7/14,2023,7,0.892161774,0.818373812,0.854810724
2023/7/17,2023,7,0.890798302,0.861264241,0.918348314
2023/7/18,2023,7,0.947170739,0.89812431,0.938929928
2023/7/19,2023,7,0.938378796,0.901418969,0.960091335
2023/7/20,2023,7,0.939026152,0.853177502,0.917141975
2023/7/21,2023,7,0.93208852,0.856673361,0.966735861
2023/7/24,2023,7,0.894444061,0.886406309,0.87061663
2023/7/25,2023,7,0.909553319,0.839846006,0.905884999
2023/7/26,2023,7,0.900381624,0.883548632,0.969486372
2023/7/27,2023,7,0.891055299,0.859901478,0.976454771
2023/7/28,2023,7,0.984576891,0.913621922,0.933955
2023/7/31,2023,7,0.951064554,0.892380366,0.890415526
2023/8/1,2023,8,0.928337473,0.90907347,0.92492061
2023/8/2,2023,8,0.946189852,0.932077867,0.867017306
2023/8/3,2023,8,0.870733884,0.914152146,0.883565909
2023/8/4,2023,8,0.904130622,0.907965332,0.901575661
2023/8/7,2023,8,0.941676748,0.919670443,0.855653119
2023/8/8,2023,8,0.856513464,0.927508904,0.898172136
2023/8/9,2023,8,0.938430103,0.893525489,0.904144358
2023/8/10,2023,8,0.87613755,0.913243007,0.901892042
2023/8/11,2023,8,0.871481885,0.919285407,0.909869923
2023/8/14,2023,8,0.856161459,0.898541114,0.886224499
2023/8/15,2023,8,0.870960224,0.909674658,0.894156072
2023/8/16,2023,8,0.889941018,0.910487056,0.877034257
2023/8/17,2023,8,0.888040916,0.869040051,0.89139592
2023/8/18,2023,8,0.896697576,0.934099956,0.881653135
2023/8/21,2023,8,0.904672223,0.956271577,0.862454358
2023/8/22,2023,8,0.834037512,0.864321608,0.831204012
2023/8/23,2023,8,0.897683319,0.861825193,0.837228824
2023/8/24,2023,8,0.827588816,0.82545529,0.818186819
2023/8/25,2023,8,0.865737114,0.807486631,0.781786701
2023/8/28,2023,8,0.817925508,0.840520922,0.765444397
2023/8/29,2023,8,0.86361064,0.854681337,0.788526572
2023/8/30,2023,8,0.839434089,0.833542714,0.74545174
2023/8/31,2023,8,0.852845373,0.830958962,0.809308395
2023/9/1,2023,9,0.853946267,0.868689011,0.822113695
2023/9/4,2023,9,0.831850727,0.936357773,0.881840926
2023/9/5,2023,9,0.942372881,0.918751292,0.879242977
2023/9/6,2023,9,0.915900184,0.934554974,0.923742658
2023/9/7,2023,9,0.915440049,0.885749639,0.903890118
2023/9/8,2023,9,0.903811324,0.848725449,0.877675496
2023/9/11,2023,9,0.908965026,0.921993499,0.880850986
2023/9/12,2023,9,0.94554493,0.903085525,0.948847152
2023/9/13,2023,9,0.907021754,0.875562833,0.920508951
2023/9/14,2023,9,0.966486093,0.928556058,0.926321091
2023/9/15,2023,9,0.941651407,0.90710626,0.867825647
2023/9/18,2023,9,0.965078329,0.947769558,0.950408899
2023/9/19,2023,9,0.952586879,0.865563599,0.948909551
2023/9/20,2023,9,0.987898115,0.980116959,0.877705159
2023/9/21,2023,9,0.944919658,0.949167592,0.920686319
2023/9/22,2023,9,0.920393812,0.897222222,0.883873694
2023/9/25,2023,9,0.918346693,0.972716763,0.895534183
2023/9/26,2023,9,0.976952996,0.977533139,0.904488538
2023/9/27,2023,9,0.883256827,0.918635756,0.894058263
2023/9/28,2023,9,0.904445841,0.928200497,0.880159381
2023/10/9,2023,10,0.868958026,0.856685861,0.902801601
2023/10/10,2023,10,0.858334281,0.906116001,0.890327552
2023/10/11,2023,10,0.851875049,0.926700368,0.83615871
2023/10/12,2023,10,0.925917141,0.952658739,0.881629917
2023/10/13,2023,10,0.942537343,1.045656755,0.810593117
2023/10/16,2023,10,0.82341047,0.883139662,0.767050426
2023/10/17,2023,10,0.909090909,0.951709797,0.794070763
2023/10/18,2023,10,0.915563578,0.953998585,0.818879631
2023/10/19,2023,10,0.913374774,0.902337776,0.888808298
2023/10/20,2023,10,0.966739945,0.939380231,0.865541197
2023/10/23,2023,10,0.934385752,0.997664643,0.884190579
2023/10/24,2023,10,0.945782399,0.925336323,0.909822712
2023/10/25,2023,10,0.936466317,0.936217171,0.944714048
2023/10/26,2023,10,0.903080449,0.932169686,0.89894225
2023/10/27,2023,10,0.982865856,0.974613687,0.897789341
2023/10/30,2023,10,0.917306892,0.940976645,0.87456446
2023/10/31,2023,10,0.938898611,0.992462869,0.835487061
2023/11/1,2023,11,0.933826614,0.914345114,0.829893423
2023/11/2,2023,11,0.849361256,0.870858831,0.826608846
2023/11/3,2023,11,0.899168276,0.925350263,0.839110145
2023/11/6,2023,11,0.94319383,0.873902133,0.866453125
2023/11/7,2023,11,0.909349422,1.001768347,0.82020881
2023/11/8,2023,11,0.93138397,0.900544389,0.776540749
2023/11/9,2023,11,0.91243313,0.933829611,0.836485236
2023/11/10,2023,11,0.821046545,0.904800486,0.876755386
2023/11/13,2023,11,0.860304188,0.877358491,0.919997013
2023/11/14,2023,11,0.896708202,0.931686047,0.830067562
2023/11/15,2023,11,0.923150923,0.957064298,0.855655163
2023/11/16,2023,11,0.898901845,0.887425396,0.85181017
2023/11/17,2023,11,0.8892866,0.843101343,0.865183178
2023/11/20,2023,11,0.930937921,0.935397317,0.856149373
2023/11/21,2023,11,0.876321242,0.913116474,0.844527236
2023/11/22,2023,11,0.927219261,0.935463918,0.89737933
2023/11/23,2023,11,0.942221215,0.927967892,0.862028566
2023/11/24,2023,11,0.910427858,0.889458573,0.843139578
2023/11/27,2023,11,0.898821039,0.914239482,0.898451438
2023/11/28,2023,11,0.860660346,0.939235749,0.837455959
2023/11/29,2023,11,0.961180865,1.01662234,0.885952508
2023/11/30,2023,11,0.94856248,1.029177719,0.892665703
2023/12/1,2023,12,0.951247258,1.010567177,0.863177603
2023/12/4,2023,12,0.964503694,1.013092938,0.905605928
2023/12/5,2023,12,0.958543984,0.921394677,0.916864439
2023/12/6,2023,12,0.992546097,0.934302088,0.904679317
2023/12/7,2023,12,0.921240579,0.969200948,0.893444211
2023/12/8,2023,12,0.958100559,0.962742176,0.916507318
2023/12/11,2023,12,0.896031473,0.924888606,0.865757549
2023/12/12,2023,12,0.842208562,0.916523605,0.912558289
2023/12/13,2023,12,0.903671309,0.943866493,0.897188653
2023/12/14,2023,12,0.866559233,0.899057008,0.839519326
2023/12/15,2023,12,0.909985769,0.981506239,0.90281178
2023/12/18,2023,12,0.940348366,0.899728997,0.892793955
2023/12/19,2023,12,0.856592284,0.886628523,0.831745751
2023/12/20,2023,12,0.856458591,0.90945674,0.86356924
2023/12/21,2023,12,0.828400411,0.919763883,0.799331219
2023/12/22,2023,12,0.871949775,0.943230457,0.845797437
2023/12/25,2023,12,0.85650668,0.917614834,0.779006089
2023/12/26,2023,12,0.906362025,0.903753819,0.794368977
2023/12/27,2023,12,0.871018988,0.922533704,0.776556273
2023/12/28,2023,12,1.187749971,1.169266442,0.863049004
2023/12/29,2023,12,0.928146866,0.945006599,0.829495099
2024/1/2,2024,1,1.013692701,0.964639931,0.816383115
2024/1/3,2024,1,1.011473523,0.995432797,0.850285848
2024/1/4,2024,1,1.009104415,0.989302525,0.795748418
2024/1/5,2024,1,0.949763942,0.974477958,0.813902636
2024/1/8,2024,1,0.941819917,0.904450796,0.843551146
2024/1/9,2024,1,0.978810044,0.985230235,0.863165951
2024/1/10,2024,1,0.942892919,0.97254902,0.900174085
2024/1/11,2024,1,0.878306686,0.880572597,0.867242773
2024/1/12,2024,1,0.891543098,0.938263525,0.870825017
2024/1/15,2024,1,0.947190505,0.915959253,0.866510028
2024/1/16,2024,1,0.883969411,0.930885972,0.882651426
2024/1/17,2024,1,0.887915045,0.909751037,0.830373047
2024/1/18,2024,1,0.8866756,0.927641409,0.880857549
2024/1/19,2024,1,0.796818563,0.872618283,0.851741328
2024/1/22,2024,1,0.898388202,0.93663091,0.925214914
2024/1/23,2024,1,0.901498551,0.924490208,0.907734147
2024/1/24,2024,1,0.953354049,0.996499176,0.886150066
2024/1/25,2024,1,0.906043165,0.954648061,0.920278521
2024/1/26,2024,1,0.891073853,0.951386016,0.922034442
2024/1/29,2024,1,0.889518314,0.934954407,0.912305636
2024/1/30,2024,1,0.883624273,0.917861294,0.907826907
2024/1/31,2024,1,0.865192438,0.938112745,0.929670259
2024/2/1,2024,2,0.902025196,0.944551777,0.934779763
2024/2/2,2024,2,0.913307387,0.935209557,0.952062687
2024/2/5,2024,2,0.870829181,0.893008884,0.904612979
2024/2/6,2024,2,0.875733261,0.933513722,0.966202134
2024/2/7,2024,2,0.832151222,0.8933039,0.982251537
2024/2/8,2024,2,0.839772028,0.844702467,0.879746557
2024/2/19,2024,2,0.82286967,0.879676631,0.951738149
2024/2/20,2024,2,0.813864091,0.840917638,0.94861911
2024/2/21,2024,2,0.825757816,0.877346455,0.934225144
2024/2/22,2024,2,0.908980223,0.906441166,0.981921359
2024/2/23,2024,2,0.948206078,0.978780864,1.052451803
2024/2/26,2024,2,0.995596624,0.97154091,0.969549312
2024/2/27,2024,2,0.945971689,0.941738651,0.895228036
2024/2/28,2024,2,0.990004744,0.961385781,0.904699979
2024/2/29,2024,2,0.937766467,0.932578009,0.887523293
2024/3/1,2024,3,0.874594995,0.89611771,0.898145623
2024/3/4,2024,3,0.901539428,0.946998378,0.874944898
2024/3/5,2024,3,0.859925592,0.929785661,0.898772833
2024/3/6,2024,3,0.913541305,0.946240465,0.910268952
2024/3/7,2024,3,0.83302539,0.890610921,0.938857041
2024/3/8,2024,3,0.816398243,0.823774592,0.854437774
2024/3/11,2024,3,0.807472403,0.888888889,0.922198871
2024/3/12,2024,3,0.869686573,0.916792232,0.944478438
2024/3/13,2024,3,0.870736867,0.918647472,0.857926944
2024/3/14,2024,3,0.858261179,0.937585266,0.849278987
2024/3/15,2024,3,0.945223475,0.959618334,0.858060116
2024/3/18,2024,3,0.911906194,0.989792388,0.880843128
2024/3/19,2024,3,0.857699358,0.997699929,0.860552611
2024/3/20,2024,3,0.794692776,0.995213615,0.860445358
2024/3/21,2024,3,0.91202518,1.044128508,0.926656677
2024/3/22,2024,3,0.855575492,0.971197752,0.911739957
2024/3/25,2024,3,0.90649404,1.010179844,0.942364011
2024/3/26,2024,3,0.914557417,0.965698342,0.906010704
2024/3/27,2024,3,1.013647146,1.021681121,0.931954887
2024/3/28,2024,3,0.897928261,0.964883492,0.845315581
2024/3/29,2024,3,0.89457438,0.984848485,0.883804475
2024/4/1,2024,4,0.893274512,0.991419255,0.89923924
2024/4/2,2024,4,0.820197665,0.963740138,0.937922349
2024/4/3,2024,4,0.894485196,1.013321332,0.935490582
2024/4/8,2024,4,0.933842633,0.999642538,0.905901468
2024/4/9,2024,4,0.919059894,0.91601269,0.934430615
2024/4/10,2024,4,0.948362524,0.940910613,0.930796352
2024/4/11,2024,4,0.907267704,1.011856987,0.971169123
2024/4/12,2024,4,0.913099042,1.031985294,0.974804748
2024/4/15,2024,4,0.882868405,0.995883301,0.946902655
2024/4/16,2024,4,0.861755773,1.042234332,0.90509119
2024/4/17,2024,4,0.95497912,1.012467976,0.92228945
2024/4/18,2024,4,0.919338415,1.05266055,0.955945788
2024/4/19,2024,4,0.934231755,0.948493343,0.895191788
2024/4/22,2024,4,0.923775463,0.977781666,0.957132065
2024/4/23,2024,4,0.984954677,0.988253584,1.046149865
2024/4/24,2024,4,1.031989137,1.036416983,0.985467288
2024/4/25,2024,4,1.027343997,1.034841954,1.000748355
2024/4/26,2024,4,1.020228169,0.977914314,1.007933689
2024/4/29,2024,4,0.977413403,0.990641248,0.958466412
2024/4/30,2024,4,0.999558039,0.987056148,1.041523345
2024/5/6,2024,5,0.954997631,0.970088375,1.004806018
2024/5/7,2024,5,1.01291784,1.036724653,0.944785936
2024/5/8,2024,5,0.9568587,1.045661302,1.025096497
2024/5/9,2024,5,1.029056914,1.125695217,0.964531439
2024/5/10,2024,5,1.049875634,0.988122673,1.02785204
2024/5/13,2024,5,1.035308993,1.052809991,0.986510818
2024/5/14,2024,5,1.063142958,1.0025,1.05562581
2024/5/15,2024,5,1.039728805,1.051962617,1.033606172
2024/5/16,2024,5,0.99264638,1.027437351,1.041435408
2024/5/17,2024,5,1.0958629,0.996028881,1.046229513
2024/5/20,2024,5,1.059611412,0.989407883,1.008812219
2024/5/21,2024,5,1.039922796,0.990362306,1.135483241
2024/5/22,2024,5,1.017290231,0.942662949,1.032424704
2024/5/23,2024,5,0.977400235,0.979314003,1.031249521
2024/5/24,2024,5,1.024590164,0.964909187,1.022000061
2024/5/27,2024,5,1.09168429,1.058699809,1.065879695
2024/5/28,2024,5,1.04309686,1.049922601,1.057936284
2024/5/29,2024,5,1.014047581,1.076664174,1.032469391
2024/5/30,2024,5,1.01632352,0.998062357,0.975554073
2024/5/31,2024,5,1.037834807,0.902023073,0.955644748
2024/6/3,2024,6,1.04580027,0.974847287,1.026224319
2024/6/4,2024,6,1.079194982,1.049308588,1.080062356
2024/6/5,2024,6,1.124429967,1.040126913,1.091103628
2024/6/6,2024,6,1.151009021,1.027094543,1.060586999
2024/6/7,2024,6,1.136400323,0.971137195,1.117152247
2024/6/11,2024,6,1.017686393,0.992409867,1.068410069
2024/6/12,2024,6,1.064714058,0.999817051,1.089376366
2024/6/13,2024,6,1.076801239,1.070354665,1.039399441
2024/6/14,2024,6,1.067548117,0.997875354,1.131085504
2024/6/17,2024,6,1.102901228,1.075121768,1.040666839
2024/6/18,2024,6,1.127151325,1.016061325,1.005919095
2024/6/19,2024,6,1.004754889,1.021718779,1.039728253
2024/6/20,2024,6,1.10295584,0.99761205,1.099632196
2024/6/21,2024,6,1.010188934,1.034685368,1.098502622
2024/6/24,2024,6,0.997057587,0.981783681,1.045285308
2024/6/25,2024,6,1.144871654,1.078350109,1.063163147
2024/6/26,2024,6,1.019411161,1.040175171,1.031398172
2024/6/27,2024,6,1.051421079,1.075751422,1.028510934
2024/6/28,2024,6,1.030511142,1.011935042,0.994492953
2024/7/1,2024,7,1.060910357,1.032340761,1.023154289
2024/7/2,2024,7,1.009244938,1.087726123,1.148576353
2024/7/3,2024,7,1.073421758,1.058870326,1.077839114
2024/7/4,2024,7,0.972338113,1.029486927,1.083838089
2024/7/5,2024,7,1.014275618,0.993199849,1.117404719
2024/7/8,2024,7,1.037956308,1.018287938,1.113564839
2024/7/9,2024,7,0.993067841,1.014210629,1.035222128
2024/7/10,2024,7,0.99948174,0.998103906,1.141211941
2024/7/11,2024,7,1.012880031,1.00227704,1.106011168
2024/7/12,2024,7,1.071404336,0.997885835,1.161212737
2024/7/15,2024,7,1.054607993,1.003748828,1.175281214
2024/7/16,2024,7,1.111454219,0.995454545,1.062811682
2024/7/17,2024,7,1.141494261,0.996058559,1.093049952
2024/7/18,2024,7,1.080699131,0.964974055,1.140916017
2024/7/19,2024,7,1.031534954,0.990654206,1.115140314
2024/7/22,2024,7,1.031547059,1.013498099,1.08127389
2024/7/23,2024,7,0.98704382,1.007403189,1.095148844
2024/7/24,2024,7,0.972171809,0.953728906,1.046201113
2024/7/25,2024,7,0.968196767,0.884601182,0.964476051
2024/7/26,2024,7,0.904773007,0.859540636,0.952442946
2024/7/29,2024,7,0.966438471,0.904309715,1.023283366
2024/7/30,2024,7,0.977731602,0.937010809,1.057467651
2024/7/31,2024,7,0.963092502,0.931829919,1.047046703
2024/8/1,2024,8,1.015457337,0.949548886,1.108583993
2024/8/2,2024,8,1.126889318,1.002249719,1.061757234
2024/8/5,2024,8,1.072863248,0.971918308,1.025378305
2024/8/6,2024,8,1.02904505,0.932262828,1.00526291
2024/8/7,2024,8,0.952526645,0.937556235,0.984064573
2024/8/8,2024,8,0.935419266,0.925381166,1.000706458
2024/8/9,2024,8,1.058501853,1.037249851,1.01994619
2024/8/12,2024,8,1.062579543,1.019310345,1.016496582
2024/8/13,2024,8,1.080191145,1.044481054,0.962645489
2024/8/14,2024,8,1.073387219,1.042827443,0.955764324
2024/8/15,2024,8,1.025902147,0.978320851,1.03687993
2024/8/16,2024,8,1.026953362,1.020373871,1.022049894
2024/8/19,2024,8,0.998133191,0.961155176,1.035798832
2024/8/20,2024,8,1.017127173,1.055678838,1.026513485
2024/8/21,2024,8,0.976354537,0.973820943,1.046013323
2024/8/22,2024,8,0.992891087,0.973914816,1.061653343
2024/8/23,2024,8,0.938404565,0.911057692,1.006067282
2024/8/26,2024,8,0.955351208,0.903396819,0.925654905
2024/8/27,2024,8,1.021449253,0.928613569,1.010320339
2024/8/28,2024,8,1.017355996,0.968048688,1.028510683
2024/8/29,2024,8,1.054908794,1.012605042,1.033988925
2024/8/30,2024,8,1.004843779,0.99054326,0.96024905
2024/9/2,2024,9,1.022578057,0.949607204,0.959523733
2024/9/3,2024,9,0.984465239,1.015438452,0.981997387
2024/9/4,2024,9,0.99008073,0.966042832,0.950342274
2024/9/5,2024,9,1.007164934,1.050814204,0.906482914
2024/9/6,2024,9,0.938989445,0.924488626,0.935994673
2024/9/9,2024,9,0.978546636,0.953602193,0.938212791
2024/9/10,2024,9,0.961122479,0.945575642,0.93624299
2024/9/11,2024,9,0.980115809,0.995421595,0.968285024
2024/9/12,2024,9,0.93737017,0.995718178,0.900352395
2024/9/13,2024,9,0.956105934,0.961683654,0.921038229
2024/9/18,2024,9,0.948898081,0.950835053,0.950671644
2024/9/19,2024,9,0.971013435,0.937124005,0.942878842
2024/9/20,2024,9,0.972427359,0.909868796,0.950677829
2024/9/23,2024,9,0.983195021,0.989910749,0.919121221
2024/9/24,2024,9,0.952927788,0.99001398,0.992946052
2024/9/25,2024,9,1.029240397,1.026672138,1.01745358
2024/9/26,2024,9,0.966361485,0.980142664,0.957404817
2024/9/27,2024,9,0.941417302,0.96490566,1.024302502
2024/9/30,2024,9,0.977891545,1.009123068,0.922374363
2024/10/8,2024,10,0.993588498,1.042056075,0.952226473
2024/10/9,2024,10,1.187847169,1.194931436,1.023603744
2024/10/10,2024,10,1.192432872,1.290131457,1.013084279
2024/10/11,2024,10,1.169955577,1.246724138,1.011159631
2024/10/14,2024,10,1.160345641,1.316356683,1.024967477
2024/10/15,2024,10,1.127934537,1.172109297,1.027550159
2024/10/16,2024,10,1.212559407,1.175764746,1.036967044
2024/10/17,2024,10,1.176954018,1.20697636,0.986935032
2024/10/18,2024,10,1.043656583,1.160262726,1.098641193
2024/10/21,2024,10,1.00956962,1.115701171,1.032576563
2024/10/22,2024,10,1.01939721,0.989535058,0.96201547
2024/10/23,2024,10,1.067804346,1.141350856,0.915095718
2024/10/24,2024,10,1.076317609,1.135534967,0.893180019
2024/10/25,2024,10,1.055927789,1.04906987,1.018993288
2024/10/28,2024,10,0.968305701,1.038195975,0.887179162
2024/10/29,2024,10,0.964016574,1.229529808,0.888325891
2024/10/30,2024,10,0.910524676,1.086258349,0.905850792
2024/10/31,2024,10,0.886999227,1.159059852,0.918035778
2024/11/1,2024,11,0.85266988,0.997745844,0.817502466
2024/11/4,2024,11,0.883599905,0.993580798,0.88563239
2024/11/5,2024,11,0.929550738,0.972580203,0.889397637
2024/11/6,2024,11,0.932467112,1.045725916,0.975294599
2024/11/7,2024,11,0.954947761,1.154617132,0.953261225
2024/11/8,2024,11,0.946638184,1.086416624,0.917923481
2024/11/11,2024,11,0.901297897,1.131896664,0.98434496
2024/11/12,2024,11,0.913019427,1.195799548,0.935647656
2024/11/13,2024,11,0.99468168,1.087068332,0.945347765
2024/11/14,2024,11,0.944473976,1.069572713,0.919621208
2024/11/15,2024,11,0.957166859,1.061908753,0.921571459
2024/11/18,2024,11,0.939713624,1.098531212,0.919064477
2024/11/19,2024,11,0.973615963,1.101891925,0.890773505
2024/11/20,2024,11,0.979035502,1.124306606,0.887831757
2024/11/21,2024,11,0.940065828,1.121510237,0.915884455
2024/11/22,2024,11,0.924652177,1.150904456,0.905656432
2024/11/25,2024,11,1.009998009,1.189419581,0.909523108
2024/11/26,2024,11,0.955144652,1.181149651,0.915848282
2024/11/27,2024,11,0.956929336,1.086213258,0.940772357
2024/11/28,2024,11,0.948535768,1.091854419,0.865910868
2024/11/29,2024,11,0.904277721,1.173607748,0.837296729
2024/12/2,2024,12,0.883987454,1.011784512,0.819313611
2024/12/3,2024,12,0.84873157,1.120128327,0.871096299
2024/12/4,2024,12,0.911085124,1.143375242,0.87250384
2024/12/5,2024,12,0.832762956,1.129315389,0.930990043
2024/12/6,2024,12,0.869842879,1.439301417,0.871768575
2024/12/9,2024,12,0.838381185,1.265921245,0.892716409
2024/12/10,2024,12,0.814431682,1.250207814,0.911881787
2024/12/11,2024,12,0.870213275,1.215785663,0.895433535
2024/12/12,2024,12,0.896902515,1.224371597,0.92305127
2024/12/13,2024,12,0.964803576,1.368732633,0.976254892
2024/12/16,2024,12,0.98314418,1.20440076,0.973577014
2024/12/17,2024,12,1.009294803,1.382439024,0.975025245
2024/12/18,2024,12,0.956528424,1.30367181,0.99562436
2024/12/19,2024,12,0.991396414,1.273852203,0.940850792
2024/12/20,2024,12,0.953466182,1.245098039,0.898570813
2024/12/23,2024,12,0.932161312,1.109101317,0.930221363
2024/12/24,2024,12,0.858660246,1.080641688,0.900840047
2024/12/25,2024,12,0.871117414,1.062044578,0.963707101
2024/12/26,2024,12,0.857777549,1.045639262,0.92086114
2024/12/27,2024,12,0.877605147,0.976006345,0.907246148
2024/12/30,2024,12,0.90126796,1.007664423,0.948700808
2024/12/31,2024,12,0.85634069,0.895230902,0.931117825
2025/1/2,2025,1,0.908913468,1.049454703,0.916044953
2025/1/3,2025,1,0.951422849,0.977555556,0.884720998
2025/1/6,2025,1,0.934074285,0.984887236,0.913851133
2025/1/7,2025,1,0.786134009,0.788963288,0.806550266
2025/1/8,2025,1,0.784926706,0.82753928,0.787612729
2025/1/9,2025,1,0.757229235,0.756057398,0.838558677
2025/1/10,2025,1,0.767710792,0.786792225,0.752757408
2025/1/13,2025,1,0.795163184,0.782113821,0.79209412
2025/1/14,2025,1,0.775240468,0.81894576,0.756594898
2025/1/15,2025,1,0.778182155,0.827563937,0.764329411
2025/1/16,2025,1,0.73966488,0.751857177,0.797884867
2025/1/17,2025,1,0.779455782,0.782094595,0.843392492
2025/1/20,2025,1,0.770101848,0.80559739,0.777644102
2025/1/21,2025,1,0.77165425,0.79793341,0.716083185
2025/1/22,2025,1,0.764131413,0.782472809,0.773999957
2025/1/23,2025,1,0.804987018,0.816804764,0.746477811
2025/1/24,2025,1,0.71837538,0.783160622,0.776949234
2025/1/27,2025,1,0.752313555,0.828508104,0.758002138
