Date,CVaR_HC,CVaR_LC,CVaR_HL_Ratio
2014-07-07,NA,NA,NA
2014-07-08,NA,NA,NA
2014-07-09,NA,NA,NA
2014-07-10,NA,NA,NA
2014-07-11,NA,NA,NA
2014-07-14,NA,NA,NA
2014-07-15,NA,NA,NA
2014-07-16,NA,NA,NA
2014-07-17,NA,NA,NA
2014-07-18,NA,NA,NA
2014-07-21,NA,NA,NA
2014-07-22,NA,NA,NA
2014-07-23,NA,NA,NA
2014-07-24,NA,NA,NA
2014-07-25,NA,NA,NA
2014-07-28,NA,NA,NA
2014-07-29,NA,NA,NA
2014-07-30,NA,NA,NA
2014-07-31,NA,NA,NA
2014-08-01,NA,NA,NA
2014-08-04,NA,NA,NA
2014-08-05,NA,NA,NA
2014-08-06,NA,NA,NA
2014-08-07,NA,NA,NA
2014-08-08,NA,NA,NA
2014-08-11,NA,NA,NA
2014-08-12,NA,NA,NA
2014-08-13,NA,NA,NA
2014-08-14,NA,NA,NA
2014-08-15,NA,NA,NA
2014-08-18,NA,NA,NA
2014-08-19,NA,NA,NA
2014-08-20,NA,NA,NA
2014-08-21,NA,NA,NA
2014-08-22,NA,NA,NA
2014-08-25,NA,NA,NA
2014-08-26,NA,NA,NA
2014-08-27,NA,NA,NA
2014-08-28,NA,NA,NA
2014-08-29,NA,NA,NA
2014-09-01,NA,NA,NA
2014-09-02,NA,NA,NA
2014-09-03,NA,NA,NA
2014-09-04,NA,NA,NA
2014-09-05,NA,NA,NA
2014-09-09,NA,NA,NA
2014-09-10,NA,NA,NA
2014-09-11,NA,NA,NA
2014-09-12,NA,NA,NA
2014-09-15,NA,NA,NA
2014-09-16,NA,NA,NA
2014-09-17,NA,NA,NA
2014-09-18,NA,NA,NA
2014-09-19,NA,NA,NA
2014-09-22,NA,NA,NA
2014-09-23,NA,NA,NA
2014-09-24,NA,NA,NA
2014-09-25,NA,NA,NA
2014-09-26,NA,NA,NA
2014-09-29,NA,NA,NA
2014-09-30,NA,NA,NA
2014-10-08,NA,NA,NA
2014-10-09,0.0340900221301983,0.0386649490348939,0.881677668821783
2014-10-10,0.0341697851860736,0.0384755996204876,0.888089737992772
2014-10-13,0.0342611614631734,0.038668747846993,0.886016831957946
2014-10-14,0.0338371005308656,0.0382433610099079,0.8847836496928
2014-10-15,0.0338025334220729,0.0380612279010173,0.888109377605483
2014-10-16,0.0345504466402987,0.0388012275927384,0.890447256023538
2014-10-17,0.0354252991611302,0.0392698068913677,0.902100162069231
2014-10-20,0.0353483243455477,0.038863924302539,0.909540788273878
2014-10-21,0.0352042936928379,0.0379896789066499,0.926680474961203
2014-10-22,0.0356727301844943,0.0380415595876117,0.937730486636283
2014-10-23,0.0368399024438823,0.0386716358239534,0.952633672172293
2014-10-24,0.0368116112457761,0.0388201874430721,0.948259492558054
2014-10-27,0.0369235608779626,0.0388548042691175,0.950295891911367
2014-10-28,0.0367153034198848,0.0383267807179582,0.957954274585908
2014-10-29,0.036462374046098,0.037710057339731,0.966913778931901
2014-10-30,0.0364952627328972,0.0377464453374959,0.966852968712372
2014-10-31,0.0365365444945959,0.0379129139264516,0.963696553777803
2014-11-03,0.0365460652635701,0.0378738288593888,0.964942451402307
2014-11-04,0.0366094891628197,0.0381426969099286,0.959803373350097
2014-11-05,0.0367690177173983,0.0382353085626044,0.961650869305651
2014-11-06,0.0366131773312029,0.0379614568176922,0.964482936127441
2014-11-07,0.0368381836555649,0.0382460239833143,0.963189890578858
2014-11-10,0.0368649280213928,0.0383252525677243,0.961896544745505
2014-11-11,0.0396363431554695,0.0413271291745987,0.959087745679454
2014-11-12,0.0392861681176742,0.0411653590029912,0.954350188342085
2014-11-13,0.0396071977744204,0.0419739134436301,0.943614605476611
2014-11-14,0.0398051469315985,0.0420272225607151,0.947127706906959
2014-11-17,0.0398470637528612,0.0420614966675571,0.947352493607202
2014-11-18,0.0398658102146182,0.0420526411388306,0.947997774575137
2014-11-19,0.0394893572589365,0.0419069597270576,0.942310239543335
2014-11-20,0.0394885357753735,0.0419300939761826,0.941770743414121
2014-11-21,0.0394889170038302,0.0419411960653966,0.941530540575364
2014-11-24,0.0394034610641187,0.0419186128599054,0.93999916447158
2014-11-25,0.0393348203460207,0.0418376639640239,0.940177261805168
2014-11-26,0.03946944123977,0.0419147644720478,0.941659621303406
2014-11-27,0.0394623990537348,0.0418936508513125,0.941966103498437
2014-11-28,0.0393249495096676,0.0417697834818426,0.941468837796639
2014-12-01,0.038872699192216,0.0416034585624052,0.934362202938174
2014-12-02,0.0387673845733623,0.0415971292064404,0.931972597939764
2014-12-03,0.0384063087681919,0.0413189383466036,0.929508605618588
2014-12-04,0.0382929243068308,0.0413298651371671,0.926519459469388
2014-12-05,0.0415871837575615,0.043166195660165,0.963420174549672
2014-12-08,0.0418502575262756,0.0433813861898013,0.964705400218733
2014-12-09,0.0462451306880591,0.0481615424860739,0.960208670671855
2014-12-10,0.046239899803413,0.0481614686035274,0.960101532286463
2014-12-11,0.0463060412076627,0.0481914786488013,0.960876123870801
2014-12-12,0.0463671045593708,0.048253340111984,0.96090974120681
2014-12-15,0.0463848288519817,0.0481546567874107,0.9632470034364
2014-12-16,0.0463695384967419,0.0481597948043533,0.96282674552738
2014-12-17,0.0466489467744781,0.0483205581525672,0.965405793268961
2014-12-18,0.0467198947307018,0.0484205858697273,0.964876692248186
2014-12-19,0.0451221110889537,0.0460822699457035,0.979164245644125
2014-12-22,0.0482140108378466,0.0515360915239279,0.935538753757861
2014-12-23,0.0517687572407092,0.0524269021332299,0.987446427964633
2014-12-24,0.0519480497830404,0.052565047858194,0.988262198926974
2014-12-25,0.0517713945016949,0.0523171829734457,0.989567701456178
2014-12-26,0.0519646612332117,0.0523583422906494,0.992481025177377
2014-12-29,0.0522050820398775,0.0529176398612944,0.986534588026135
2014-12-30,0.0530555752982921,0.0535290474944477,0.991154854825229
2014-12-31,0.0530882825842304,0.0536397325358878,0.989719375440799
2015-01-05,0.0531477229909453,0.0540256813284331,0.983749240807338
2015-01-06,0.05324830106118,0.0540044826140681,0.985997800251287
2015-01-07,0.0534838597730227,0.0540036965775136,0.990374051455075
2015-01-08,0.0539248408629033,0.0540634804384117,0.99743561505134
2015-01-09,0.0541173268621892,0.0541426957866799,0.99953144327001
2015-01-12,0.0549401483293875,0.0544177535594831,1.00959971214786
2015-01-13,0.0551362843309819,0.0542166839238172,1.01696157604284
2015-01-14,0.0554107662399532,0.0544237984047648,1.0181348576196
2015-01-15,0.0552505807237686,0.0541857004707159,1.01965242201913
2015-01-16,0.054998132668246,0.0540492800484317,1.01755532393704
2015-01-19,0.0602758863796139,0.056027402507151,1.07582867815299
2015-01-20,0.0602383724997505,0.055958356298692,1.07648573839826
2015-01-21,0.060075558962366,0.0558125060031472,1.07638167974358
2015-01-22,0.0596623954950486,0.0555522374860432,1.07398726306997
2015-01-23,0.0596665466822035,0.0555501314407418,1.07410270929517
2015-01-26,0.0596184752400829,0.0555199291184062,1.07382116992505
2015-01-27,0.0596267920014073,0.0555268453490398,1.07383719760407
2015-01-28,0.0596828184420786,0.055575100424679,1.07391292118251
2015-01-29,0.0596882974975556,0.0556216100340137,1.07311344387649
2015-01-30,0.0597245248528811,0.0559154373640748,1.06812228730332
2015-02-02,0.0600223159108434,0.0563396113262433,1.06536616951925
2015-02-03,0.0600259894003191,0.0562618723750042,1.06690351505236
2015-02-04,0.0600059315196642,0.0562848864102129,1.06611091088168
2015-02-05,0.0600304927498731,0.0563363897016832,1.06557223612928
2015-02-06,0.060114584895844,0.0567938428811686,1.05847010602229
2015-02-09,0.0602208166144338,0.0570322273660009,1.05590855198361
2015-02-10,0.0587290423061389,0.0553197693067035,1.06162847463325
2015-02-11,0.0586874568936684,0.0553196838101588,1.06087838634557
2015-02-12,0.0585130995510068,0.0547963979522744,1.06782748022907
2015-02-13,0.0584719861908128,0.0547030662070814,1.06889778297736
2015-02-16,0.0584901903382693,0.0546674616951961,1.06992694602115
2015-02-17,0.0585174825150105,0.0546219848913164,1.07131739411237
2015-02-25,0.0585574295191207,0.0547335367256595,1.06986379872778
2015-02-26,0.0585243440896617,0.0547623577183541,1.0686965742172
2015-02-27,0.0585899723232996,0.0547624441974221,1.06989330337556
2015-03-02,0.0585854053123897,0.0547571058621029,1.0699142036456
2015-03-03,0.058614611338942,0.0550347753166915,1.06504679998511
2015-03-04,0.0586077182076973,0.0550346891944674,1.06492321598482
2015-03-05,0.0586169639011986,0.0550612691617772,1.06457705740444
2015-03-06,0.0587189864959946,0.0555782650730031,1.05650988599349
2015-03-09,0.0586312165556362,0.0552683365108067,1.06084641328352
2015-03-10,0.0586440146236168,0.0552682933107451,1.0610788050554
2015-03-11,0.0585626744463099,0.0552669441466637,1.05963293883049
2015-03-12,0.0584971110623813,0.055364221856821,1.056586891326
2015-03-13,0.0561543728469347,0.0539966792433048,1.03995974630046
2015-03-16,0.0560444572781012,0.0538924472459719,1.03993157004556
2015-03-17,0.051995887481145,0.0492605373584883,1.05552822338803
2015-03-18,0.0519973636019873,0.0492605373584883,1.0555581889735
2015-03-19,0.0520036426801965,0.0492692053589851,1.05549992741486
2015-03-20,0.0519741429794213,0.049187591518935,1.05665151259568
2015-03-23,0.0519459289351768,0.049182068089536,1.05619651537648
2015-03-24,0.0519860832529664,0.0492018359692609,1.05658828027159
2015-03-25,0.0517111116172029,0.0489724237223848,1.05592306213683
2015-03-26,0.0520831297757224,0.0501044791496553,1.03949049385699
2015-03-27,0.0518514993428104,0.0494570900984854,1.04841387229934
2015-03-30,0.0481603201092833,0.0431598412996897,1.11585952725988
2015-03-31,0.0449459354614863,0.0422568363442227,1.06363701947203
2015-04-01,0.0448344914324414,0.04215122111888,1.06365818693588
2015-04-02,0.0448434385973884,0.0421495799563467,1.06391187394588
2015-04-03,0.0448656565021791,0.0420965324501408,1.06578033607205
2015-04-07,0.0442601891807618,0.040736896707395,1.0864889757969
2015-04-08,0.0438299035214154,0.0407792107075498,1.07481000149178
2015-04-09,0.0446820931882713,0.0418127373998847,1.06862396405538
2015-04-10,0.0444925844985622,0.0415496378412821,1.07082965845628
2015-04-13,0.044302846182791,0.0415596653541545,1.06600584497638
2015-04-14,0.0444569509591914,0.0418102987368667,1.06330144252213
2015-04-15,0.0473251453300442,0.0461004651432425,1.02656546269102
2015-04-16,0.0472640549190929,0.0460404196687988,1.02657741304481
2015-04-17,0.0461595454155056,0.0455394348528658,1.01361700171825
2015-04-20,0.0479442072039947,0.0477538129008384,1.00398699688236
2015-04-21,0.0477700880337445,0.0476185459084546,1.0031824181608
2015-04-22,0.0477611198428128,0.0475911907794125,1.00357059910915
2015-04-23,0.0477903303451223,0.0475921068464098,1.00416504987586
2015-04-24,0.0414074275966076,0.0452070855680594,0.915949946259389
2015-04-27,0.0414914861535813,0.0452926680879949,0.916075115578781
2015-04-28,0.0446156092641,0.0485762011430791,0.918466413886227
2015-04-29,0.0446399882171037,0.048619420832575,0.918151377632103
2015-04-30,0.0449179984076797,0.0485641723957168,0.924920495744747
2015-05-04,0.0449984631861386,0.0487642619621261,0.922775437903431
2015-05-05,0.0486261227077482,0.0504671492769872,0.963520297944024
2015-05-06,0.0496645960859667,0.0509496450117537,0.974778059287938
2015-05-07,0.0519506043713955,0.0522388082048378,0.994482955424401
2015-05-08,0.051810011024969,0.0520082274144189,0.996188749370933
2015-05-11,0.0513777769101059,0.0517897270533735,0.992045717042628
2015-05-12,0.0513954354312636,0.051798874391564,0.992211433838297
2015-05-13,0.0514344037781502,0.0517882027802917,0.993168347555088
2015-05-14,0.0513537395100796,0.0519637621542179,0.98826061434259
2015-05-15,0.0512688292965279,0.0517848864481396,0.990034599146442
2015-05-18,0.0510976865117373,0.0515013641993742,0.992161805926652
2015-05-19,0.0510434513040907,0.0515104855646044,0.990933219607725
2015-05-20,0.0510320786014173,0.0515315009675854,0.990308406376864
2015-05-21,0.0510553601011147,0.0515336537657991,0.990718809365662
2015-05-22,0.0511666087475711,0.051587246772432,0.991846085007861
2015-05-25,0.0511389494121686,0.0517534995006355,0.988125438967478
2015-05-26,0.0510882669246151,0.0516746910517581,0.98865161812858
2015-05-27,0.0511379855858136,0.0516568731497986,0.989955110862397
2015-05-28,0.0594409338833345,0.0589283610347642,1.00869823697061
2015-05-29,0.0595791978896074,0.0592537485585852,1.0054924682225
2015-06-01,0.059611257014634,0.0592720384028173,1.0057230799034
2015-06-02,0.0595749686727344,0.059066654732292,1.00860576822483
2015-06-03,0.0599175508522638,0.0594839449239787,1.00728946153184
2015-06-04,0.0602282700812073,0.0600966956347827,1.00218937905046
2015-06-05,0.0600438954223508,0.059758956228473,1.00476814208047
2015-06-08,0.0606254995785065,0.0615999739337054,0.984180604422858
2015-06-09,0.060801928411967,0.0618234743188309,0.983476407333633
2015-06-10,0.0608266622977864,0.0620397713893951,0.980446267540308
2015-06-11,0.06079275829192,0.061902936863954,0.982065817418747
2015-06-12,0.0607776456232613,0.0619376194312644,0.981271901977273
2015-06-15,0.0614740738037281,0.0633925652860342,0.969736333059725
2015-06-16,0.0643308378582556,0.0669621365629582,0.960704678199319
2015-06-17,0.0643394900120283,0.0670739467432893,0.959232207674814
2015-06-18,0.0653763344872105,0.0688808237576154,0.949122425092696
2015-06-19,0.0730633391063414,0.0752460619179356,0.970992198715001
2015-06-23,0.073398080314752,0.0756720915004956,0.96994914319596
2015-06-24,0.0737454116350877,0.0756936508746818,0.974261523693452
2015-06-25,0.0752095734703819,0.0772558584801003,0.973512882388778
2015-06-26,0.0832591144421305,0.0850123596029148,0.979376585134521
2015-06-29,0.0873316588408393,0.0899136607162292,0.971283541846452
2015-06-30,0.0875987565374975,0.089916628317817,0.974221989595442
2015-07-01,0.0899120221225777,0.0919334431153053,0.978012125683227
2015-07-02,0.0923986893003414,0.0937207887522756,0.985893210358816
2015-07-03,0.0937952128701784,0.0946467628007617,0.991002862587325
2015-07-06,0.0939899764606829,0.0950613879664699,0.988729267174545
2015-07-07,0.0947162738085583,0.0961926277559005,0.984652109191896
2015-07-08,0.0949839084802645,0.0966381027178836,0.982882587808577
2015-07-09,0.0948190305011959,0.0965518440327345,0.982053024995037
2015-07-10,0.094818587958448,0.0965517831452931,0.982049060821208
2015-07-13,0.0948357043386926,0.096590295665716,0.981834703839237
2015-07-14,0.0949704503709969,0.0967372023173694,0.981736582162298
2015-07-15,0.0951114175804593,0.0968517915046648,0.982030544844164
2015-07-16,0.0951992684664162,0.096937856575095,0.9820649210731
2015-07-17,0.0951670738123846,0.0969081647953759,0.982033598648085
2015-07-20,0.0951523358638059,0.0966008786779888,0.985004869168824
2015-07-21,0.0953451204197118,0.0966823078571624,0.986169264397099
2015-07-22,0.0954304979660842,0.0967350430251518,0.986514245321332
2015-07-23,0.0954286596363026,0.0967178306938135,0.986670802599035
2015-07-24,0.0954974520370698,0.0967482538804635,0.987071582243343
2015-07-27,0.0959883381669054,0.0977205368442407,0.98227395455168
2015-07-28,0.0958114023994493,0.0977218508916007,0.980450140119935
2015-07-29,0.0958672768670067,0.0976946680249075,0.981294873150754
2015-07-30,0.0957253623612555,0.0975770616819128,0.98102321089875
2015-07-31,0.0957884900889784,0.0975754636083981,0.981686241055525
2015-08-03,0.0954880327849659,0.0973991962894934,0.98037803619193
2015-08-04,0.0952447868753885,0.0973186286212374,0.978690187323537
2015-08-05,0.0948900848914317,0.0971963244056178,0.976272358771905
2015-08-06,0.0949031266670883,0.0971960060456314,0.9764097366566
2015-08-07,0.0949065284245698,0.0971956992152131,0.976447818070895
2015-08-10,0.0949071372047898,0.0971955349916491,0.976455731355808
2015-08-11,0.0948973887699275,0.0971842440951088,0.976468867495195
2015-08-12,0.0948912507649625,0.0971047863009982,0.977204671156226
2015-08-13,0.0947060118342937,0.0969471855038212,0.976882529824044
2015-08-14,0.0946743499460429,0.0969448877875693,0.976579086392862
2015-08-17,0.0946742325041241,0.096948840279733,0.976538061011913
2015-08-18,0.0948757505756426,0.0970405987993668,0.977691314248791
2015-08-19,0.0949523390780121,0.0970517373378936,0.978368256793052
2015-08-20,0.0953050009253397,0.0970678011938788,0.981839495209971
2015-08-21,0.0954083980605947,0.0973858262636397,0.979694907576266
2015-08-24,0.0956855770076478,0.0978615217537951,0.977765063253138
2015-08-25,0.0956782631163802,0.0982501138624105,0.973823432412181
2015-08-26,0.095352181438925,0.0978547939797484,0.974425243372937
2015-08-27,0.0953396690317808,0.097779895877027,0.975043675150613
2015-08-28,0.0953442401623295,0.0980647794846383,0.972257732729262
2015-08-31,0.0953544424955453,0.0980737868626061,0.97227246490573
2015-09-01,0.0953361504584992,0.0979370400051379,0.973443249392647
2015-09-02,0.0958495678023704,0.0981578261692338,0.976484214688254
2015-09-07,0.0961618415735162,0.0984287993734931,0.97696855174089
2015-09-08,0.0964053364002747,0.098290208048895,0.980823403612264
2015-09-09,0.0964176290563099,0.0982982853201598,0.980867862977217
2015-09-10,0.0968333872166544,0.0983430029478579,0.984649485108728
2015-09-11,0.0973510112247735,0.0986408652388015,0.986923735807615
2015-09-14,0.0975521746774245,0.0988598791957887,0.986772141246761
2015-09-15,0.0975758740278215,0.0985396993001915,0.990218914009126
2015-09-16,0.0973893981760915,0.0987911003979124,0.985811452487369
2015-09-17,0.0975284757401552,0.0990777260705269,0.984363283335057
2015-09-18,0.097537364105157,0.0990662011682133,0.984567521061392
2015-09-21,0.0975018263179239,0.099210847151346,0.982773851020393
2015-09-22,0.0977924465463194,0.0986545118332635,0.991261775351936
2015-09-23,0.0978096794863273,0.098663530226251,0.991345832264813
2015-09-24,0.0978122723202766,0.0986712656636943,0.991294392165341
2015-09-25,0.0976903444739252,0.0982077841963049,0.994731174044764
2015-09-28,0.0979178926800378,0.0983675642266652,0.995428660349958
2015-09-29,0.0979280282589324,0.0986479662258886,0.992701948205322
2015-09-30,0.0980824248934599,0.0983790167034061,0.99698521270201
2015-10-08,0.097688785435764,0.0979177205442193,0.997661964482191
2015-10-09,0.0975094537662536,0.0973432982699527,1.00170690226501
2015-10-12,0.0975986109649644,0.0968505938024877,1.00772341328131
2015-10-13,0.0971369602345999,0.0957277398658105,1.01472112859621
2015-10-14,0.0967136243756284,0.0952367644757817,1.0155072456312
2015-10-15,0.0967182403094237,0.0952426413765537,1.01549304924289
2015-10-16,0.096722829647686,0.095431630179447,1.01353009967252
2015-10-19,0.096725827097629,0.0956136322368734,1.01163217874623
2015-10-20,0.0968606525039371,0.0955637712974523,1.0135708458224
2015-10-21,0.0964624026804428,0.0955158777932353,1.00990960779585
2015-10-22,0.0963127412030366,0.0954913840956557,1.00860137398949
2015-10-23,0.0964749763002218,0.0954954162974896,1.01025766513945
2015-10-26,0.0964858276792746,0.0955327086667287,1.00997688672129
2015-10-27,0.0964901680768233,0.095546041134529,1.00988138211781
2015-10-28,0.0965731153436485,0.0958011167094635,1.00805834692435
2015-10-29,0.0969062813450215,0.095805577145425,1.01148893657752
2015-10-30,0.0970585355506571,0.0958024965499544,1.01311071262165
2015-11-02,0.0961364376413764,0.0947727538938339,1.01438898514092
2015-11-03,0.0959777708980252,0.0945181223984085,1.01544305433263
2015-11-04,0.0957453137974783,0.094518116757081,1.0129837229359
2015-11-05,0.0957198092475916,0.094361695232201,1.01439264112465
2015-11-06,0.0956521724164735,0.0943603711096298,1.0136900829411
2015-11-09,0.0956082254760693,0.0942377245317141,1.01454301821447
2015-11-10,0.0956081286776211,0.0944029307786985,1.01276653054075
2015-11-11,0.095610805798965,0.0946162483652066,1.01051148667319
2015-11-12,0.0955921016090285,0.0946700072351764,1.00974008982128
2015-11-13,0.0956783453063876,0.0948364177611538,1.00887768185587
2015-11-16,0.0956850006903007,0.0949751569646838,1.00747399370849
2015-11-17,0.0958976623633862,0.0949796873917019,1.00966496097106
2015-11-18,0.0960742883549892,0.0952378786158106,1.00878232223707
2015-11-19,0.0960628012687648,0.0952435959846444,1.00860115869893
2015-11-20,0.0960629754121179,0.0951035101055252,1.01008864242264
2015-11-23,0.0961737628412203,0.095139484625148,1.01087117741017
2015-11-24,0.0940385861376964,0.0940473017065253,0.999907327816208
2015-11-25,0.0940369105109125,0.094048543927289,0.999876304130923
2015-11-26,0.0940061128509154,0.0943542820189669,0.99630998020862
2015-11-27,0.0942843489534056,0.0946852745579817,0.99576570267713
2015-11-30,0.0910209918084468,0.0921579436670468,0.987663007513409
2015-12-01,0.086393493928549,0.0891266184480156,0.969334363099833
2015-12-02,0.0847096342109643,0.0882915354772998,0.959430977760531
2015-12-03,0.0846520945835936,0.0882912310417048,0.958782583330475
2015-12-04,0.0848118544684729,0.0884303012015178,0.959081370481833
2015-12-07,0.0845204621028822,0.0880902127281567,0.959476194747189
2015-12-08,0.0821411677997651,0.0849683091547144,0.966727108223355
2015-12-09,0.0807651239938146,0.0836708342155607,0.965272125598029
2015-12-10,0.0803972899527421,0.0833768755280585,0.964263645567844
2015-12-11,0.0805346548290029,0.0834181984010153,0.965432679831439
2015-12-14,0.0805338688900154,0.0834098617956132,0.965519749779167
2015-12-15,0.0802662695870154,0.0833537881413902,0.962958869378107
2015-12-16,0.0802177571648541,0.0833248945869313,0.962710574823043
2015-12-17,0.071511239839855,0.0755643607707822,0.946362003336175
2015-12-18,0.0652365953766641,0.0684112217400968,0.95359494710541
2015-12-21,0.065255986572869,0.0684019231843149,0.954008067829191
2015-12-22,0.0644156233288629,0.0677200253060093,0.951204950644737
2015-12-23,0.0646737200825375,0.067869206476874,0.95291699195827
2015-12-24,0.0646983083214326,0.0678565120264795,0.953457617983453
2015-12-25,0.0646084506900543,0.0678003556441592,0.952922002786281
2015-12-28,0.0645951807687306,0.0680848571736412,0.948745190196836
2015-12-29,0.0646311228375346,0.0680419699723086,0.949871422944366
2015-12-30,0.0633964381784091,0.0657103526503854,0.964786150452006
2015-12-31,0.0634509575247436,0.065770973715912,0.964725834815987
2016-01-04,0.0737460369928891,0.0766849932066567,0.961674949806054
2016-01-05,0.0743690165763746,0.0775652109969789,0.958793454184908
2016-01-06,0.0743778513584303,0.0775700080840833,0.958848054750841
2016-01-07,0.0842358933398613,0.0870186571532948,0.968021066924403
2016-01-08,0.0842677699451905,0.0872775886092029,0.965514415418954
2016-01-11,0.0879503561762249,0.0916760525197194,0.959360201043854
2016-01-12,0.0883442567696337,0.0917772131357848,0.9625946762943
2016-01-13,0.0886201996999996,0.0919924226747636,0.963342383245124
2016-01-14,0.0886427291877096,0.091858180007935,0.964995487392112
2016-01-15,0.089373255678555,0.0920665400420894,0.970746328011207
2016-01-18,0.0894101803890178,0.0920662017422552,0.971150961992838
2016-01-19,0.0864095069818611,0.0891629180114462,0.969119325713054
2016-01-20,0.0865737341500792,0.0892604941891379,0.969899785302941
2016-01-21,0.0869351570540966,0.0895848701036092,0.970422315214075
2016-01-22,0.0869322525039887,0.089578182630383,0.970462337494477
2016-01-25,0.0869195199156122,0.0895962684790218,0.9701243298538
2016-01-26,0.0906801603967477,0.0923385229254729,0.98204040441427
2016-01-27,0.0907108429267386,0.0924065255287727,0.981649752630229
2016-01-28,0.0911553583774651,0.0928489654226031,0.981759548559001
2016-01-29,0.090972995168528,0.0926163915258841,0.982255880084717
2016-02-01,0.0911355724532918,0.0927009413074691,0.983113776062043
2016-02-02,0.0911355305586297,0.0927031528473068,0.983089870834715
2016-02-03,0.0910321026174372,0.0926539176458474,0.982495990783581
2016-02-04,0.0910450781123606,0.0927108444651564,0.982032669830531
2016-02-05,0.091067947553915,0.0928065654283783,0.981266218974508
2016-02-15,0.0910962465185906,0.0927641972130281,0.982019456379199
2016-02-16,0.0910959570232729,0.092764173996155,0.982016581391096
2016-02-17,0.0910928826538875,0.0927360875198686,0.982280847619014
2016-02-18,0.0909874874352141,0.0925883108691581,0.982710307392838
2016-02-19,0.0910739157061381,0.092589482933489,0.983631324213792
2016-02-22,0.0910677202531786,0.0925746187515433,0.983722336438577
2016-02-23,0.090923708306262,0.092698802455813,0.980850948420859
2016-02-24,0.0909428584752178,0.0926966606392448,0.981080201250696
2016-02-25,0.0929453792459512,0.0943823445288602,0.984775062644586
2016-02-26,0.0929886865755919,0.094386398399789,0.985191597010865
2016-02-29,0.0934932132486663,0.094778715056883,0.986436809072109
2016-03-01,0.0937521424457816,0.0948310437643936,0.988622910011488
2016-03-02,0.0936392176026998,0.0947332918838561,0.988451005349865
2016-03-03,0.0928916451806156,0.0943165006044252,0.984892829837002
2016-03-04,0.0930023614337739,0.0945633122238261,0.983493061385608
2016-03-07,0.093153455999166,0.0945426209112155,0.985306469202349
2016-03-08,0.0931047236749827,0.0944201147455793,0.986068741028953
2016-03-09,0.093543999246265,0.0944239985962338,0.990680342253543
2016-03-10,0.0936982622948313,0.0944345325993383,0.992203378528585
2016-03-11,0.0940321183497026,0.0946575365408919,0.993392832583181
2016-03-14,0.0939871411314958,0.0948004701128969,0.99142062291007
2016-03-15,0.0939913810827384,0.0951349860602237,0.987979133388831
2016-03-16,0.0939895809400872,0.0952820040220763,0.986435811302944
2016-03-17,0.093919862598674,0.0952660784176197,0.985868885952833
2016-03-18,0.0939200292926213,0.095267621886836,0.98585466323684
2016-03-21,0.0939174929658054,0.0952592578253615,0.985914598851737
2016-03-22,0.0939176858160252,0.0952608001127612,0.98590066118334
2016-03-23,0.0939178890001568,0.0952639700697612,0.985869987691897
2016-03-24,0.0941392612263938,0.0952867867005928,0.98795713955803
2016-03-25,0.094188446749927,0.0954300143613432,0.986989757680272
2016-03-28,0.0941937678779341,0.0954390389062574,0.986952183900904
2016-03-29,0.0942130215050255,0.0956120548031365,0.985367605570327
2016-03-30,0.0942124182638883,0.0955186019009125,0.986325348036615
2016-03-31,0.0943535248665532,0.0956568471832089,0.986375023272935
2016-04-01,0.0943486406330363,0.0956829681347416,0.986054702025691
2016-04-05,0.0943486538864369,0.0956732846562997,0.986154643120894
2016-04-06,0.0943486676307043,0.0955632426652796,0.987290353480056
2016-04-07,0.0941118654721712,0.0957329655563443,0.983066438245674
2016-04-08,0.0913834601489422,0.0931380906188791,0.981160978732999
2016-04-11,0.0913355400905984,0.0929100412363349,0.983053487816979
2016-04-12,0.0913388645517038,0.0929259700547256,0.982920753992806
2016-04-13,0.0855003871611365,0.0878120219039557,0.973675190563912
2016-04-14,0.0855007838446715,0.0879182038456344,0.972503760367905
2016-04-15,0.0808212936265647,0.0820578060932414,0.984931202459012
2016-04-18,0.0803877459845445,0.0818451610923479,0.982193020474858
2016-04-19,0.0795954803540039,0.0807870082957915,0.985250995587991
2016-04-20,0.0805426513216899,0.0823960763830646,0.977505906315756
2016-04-21,0.0790748019240583,0.0816956857615177,0.967918944396768
2016-04-22,0.0790667852715876,0.0818245687938335,0.966296387956599
2016-04-25,0.0790702494017524,0.081844252915321,0.966106312724991
2016-04-26,0.0786468873122804,0.0817604960142128,0.9619179328194
2016-04-27,0.0774621305068406,0.0810097900742807,0.956207026778033
2016-04-28,0.0774627173458502,0.0808624508872015,0.957956585484978
2016-04-29,0.0773748130342369,0.0808461830686982,0.957062041735334
2016-05-03,0.0691975320340754,0.0731404924614119,0.94609059503644
2016-05-04,0.0689291134045615,0.0728333324959968,0.946395160599717
2016-05-05,0.0655828626944905,0.0692816037269693,0.946612941480755
2016-05-06,0.0674398336053097,0.0710298094576793,0.949458179885606
2016-05-09,0.0697289207376161,0.0721244604490045,0.966786029365417
2016-05-10,0.0698195308272068,0.0722824300830581,0.965926723091335
2016-05-11,0.0698809412373372,0.0723641254060762,0.96568487279015
2016-05-12,0.0699067398541736,0.0727659455403454,0.960706816012079
2016-05-13,0.0697585622987902,0.0730496147703002,0.954947709418338
2016-05-16,0.0697118128343767,0.0730369225367472,0.954473578747824
2016-05-17,0.0697626172738809,0.0732153250466371,0.952841734014608
2016-05-18,0.0700343589931593,0.0735917391246957,0.95166060520042
2016-05-19,0.0700041004953738,0.0735689651895077,0.951543905980585
2016-05-20,0.0698354413855368,0.0735689651895077,0.949251375299984
2016-05-23,0.069835330174966,0.07360712881987,0.948757699079197
2016-05-24,0.0700552265117084,0.0735397991531217,0.952616505871088
2016-05-25,0.0700447798690968,0.0735883659978248,0.951845837576652
2016-05-26,0.0605727956210945,0.0637195023141933,0.95061627007721
2016-05-27,0.0604618964972832,0.0636514532369313,0.949890276223929
2016-05-30,0.0556078963784752,0.0564879140218051,0.984421133997086
2016-05-31,0.0555131759414547,0.0563949574757226,0.984364177690046
2016-06-01,0.055513199379253,0.0563949635560399,0.984364487160086
2016-06-02,0.0554778827687979,0.0563639201554223,0.984280061000349
2016-06-03,0.0541885156344643,0.0536521902256825,1.00999633764299
2016-06-06,0.0542028978363056,0.0536812192166915,1.00971808441065
2016-06-07,0.0541264549502095,0.0536808248189932,1.00830147697467
2016-06-08,0.0513829471175646,0.0533152157576746,0.963757651307416
2016-06-13,0.0540385103506995,0.0576021404076363,0.938133721564547
2016-06-14,0.0540415233275666,0.057490062404088,0.940015040298927
2016-06-15,0.0540096999844486,0.0574350050656392,0.940362065307106
2016-06-16,0.0540156978458344,0.0573260166541348,0.942254511973639
2016-06-17,0.0539693147400119,0.0573027964898961,0.941826892331999
2016-06-20,0.0541928223761367,0.0572734448419336,0.946212027680559
2016-06-21,0.0542731441350204,0.0574464204546756,0.944761113146139
2016-06-22,0.0542978417480724,0.0574427173124513,0.945251970806451
2016-06-23,0.0543558508436582,0.0573593889997597,0.94763650365742
2016-06-24,0.0543766659529498,0.0575481724139821,0.944889536400607
2016-06-27,0.0541021026181294,0.0572079450156862,0.945709596862721
2016-06-28,0.0539781976772794,0.0571592522934895,0.94434751175756
2016-06-29,0.0539468437113087,0.0570476321826193,0.945645623618797
2016-06-30,0.0537166637117911,0.0566543611148602,0.948147020895474
2016-07-01,0.0537195503371132,0.0566656833596585,0.948008515068173
2016-07-04,0.0536573212437071,0.0566258995452705,0.947575608945689
2016-07-05,0.0536810003329825,0.0566184684677121,0.948118198633282
2016-07-06,0.0537123429107978,0.056593979480928,0.949082277009673
2016-07-07,0.0536830600983266,0.0566619288318026,0.947427332692494
2016-07-08,0.053839107574731,0.0564589824340564,0.953596845951212
2016-07-11,0.0537712259369208,0.0563677793028628,0.953935503614738
2016-07-12,0.0537775252402431,0.0563785146929818,0.95386559105179
2016-07-13,0.0537451444911108,0.0563548980732197,0.953690740799173
2016-07-14,0.0538017225448561,0.0563789253151404,0.954287834401268
2016-07-15,0.0538806916153803,0.0564261735527408,0.954888276537461
2016-07-18,0.0541026522778551,0.0564067438941983,0.959152196044768
2016-07-19,0.0540610839555959,0.0562500200828037,0.961085593854268
2016-07-20,0.0541475731937956,0.0561559944927063,0.964234961609102
2016-07-21,0.0504322463667864,0.0508085901941577,0.992592909468002
2016-07-22,0.0502095053563957,0.0506107621534392,0.992071710048012
2016-07-25,0.050005094170998,0.0505055732810915,0.990090616191839
2016-07-26,0.049961382953147,0.0503708432446576,0.991871085232348
2016-07-27,0.0533579634925864,0.0549536297486521,0.970963405631912
2016-07-28,0.053315912839087,0.0549123144501658,0.970928167441793
2016-07-29,0.0533657306633167,0.0549628451208236,0.970941925331631
2016-08-01,0.0536788449138017,0.0555436226163052,0.966426790067595
2016-08-02,0.053671128969508,0.0555769071728668,0.965709171303271
2016-08-03,0.053680113521237,0.0554239730869542,0.968536005836657
2016-08-04,0.0537746606001753,0.0554027010391874,0.970614421165847
2016-08-05,0.0504998174711271,0.0524889255666112,0.962104232959393
2016-08-08,0.0442055054646594,0.0487095978493435,0.907531727143075
2016-08-09,0.0439956002222193,0.0483269527908803,0.910373977283369
2016-08-10,0.0437154646426562,0.0480238320130885,0.910286889033385
2016-08-11,0.0440592705562889,0.0480034905394983,0.917834725373481
2016-08-12,0.0439609311128925,0.0478543632554745,0.918639976008111
2016-08-15,0.0439549876412323,0.0477970408209079,0.91961734212644
2016-08-16,0.0438144788543876,0.047849847387695,0.915666010371748
2016-08-17,0.0411643087961039,0.0454963481524043,0.904782701640386
2016-08-18,0.0411682836240228,0.0455052000735763,0.904694047217874
2016-08-19,0.0409827005461829,0.045507506189852,0.900570125183478
2016-08-22,0.0413583689791186,0.0456941388390186,0.90511321648549
2016-08-23,0.0412661848627763,0.0455818017856099,0.905321493364133
2016-08-24,0.0412911668875424,0.0455057956918214,0.907382592915819
2016-08-25,0.0414208860171188,0.0456331306081869,0.907693280409904
2016-08-26,0.0413832736795618,0.0457027235490039,0.905488129940206
2016-08-29,0.041409239226356,0.0457565131283062,0.904991145418796
2016-08-30,0.041495448751032,0.0458216326069142,0.905586431347943
2016-08-31,0.0415424596089008,0.0459696484136107,0.903693220255322
2016-09-01,0.0417384820053798,0.0460053972866542,0.907251854501164
2016-09-02,0.0417955915139997,0.0460019299940145,0.908561695551423
2016-09-05,0.0417190780450577,0.0459543235350103,0.907837932012513
2016-09-06,0.0417106886338588,0.0459322940608528,0.908090690584688
2016-09-07,0.0416269427782085,0.0458931179730101,0.907041068830612
2016-09-08,0.0357843438348404,0.0387236559946934,0.924095179436161
2016-09-09,0.0359010504761419,0.0387815267159326,0.925725558436891
2016-09-12,0.0391353230185441,0.0414119166498327,0.945025639587301
2016-09-13,0.0389951617130626,0.0413937029520925,0.94205540775596
2016-09-14,0.039199464708297,0.0414432603972778,0.945858610845971
2016-09-19,0.0389569562263946,0.0414026899546917,0.940928144258898
2016-09-20,0.0386755184260615,0.040819335780569,0.947480346911279
2016-09-21,0.038815008876554,0.0408769220713442,0.949558012435685
2016-09-22,0.0386717248601827,0.0407618467472997,0.948723572313231
2016-09-23,0.0384414786844815,0.0404756283319357,0.949743840150612
2016-09-26,0.0395574004619764,0.041594472849214,0.951025406798104
2016-09-27,0.0395865438291354,0.041728035566725,0.948679785460659
2016-09-28,0.0396651011147632,0.0419179939985834,0.946254754368821
2016-09-29,0.0396109071472533,0.0418779098550798,0.945866383597663
2016-09-30,0.0395835526813396,0.041825308514499,0.946401929530721
2016-10-10,0.0396271642647965,0.0418350765316174,0.947223419917679
2016-10-11,0.0395628143658913,0.0418115910731906,0.946216428277918
2016-10-12,0.039603405195573,0.0419104422096125,0.944953169367647
2016-10-13,0.0395838896471791,0.0418340321627055,0.946212631219124
2016-10-14,0.0395183085897212,0.0418464943323956,0.944363661046941
2016-10-17,0.0396801167339396,0.0417149836066274,0.95121976094066
2016-10-18,0.0395723968866337,0.0417256767171224,0.94839437008807
2016-10-19,0.0396126876877553,0.0417555602699723,0.948680545336664
2016-10-20,0.0397107682657508,0.0416471428918021,0.953505222889311
2016-10-21,0.0396406346936119,0.0416957316545093,0.950712054223537
2016-10-24,0.03942226981897,0.0414727784955978,0.950557721208733
2016-10-25,0.0393849730205311,0.0414330284446477,0.950569497306896
2016-10-26,0.0393991805398051,0.0414964785204412,0.94945841055879
2016-10-27,0.039501528851548,0.0414233548853669,0.953605253868567
2016-10-28,0.0396673347616906,0.0415242069609077,0.955282175503912
2016-10-31,0.0396379678883553,0.0415375570041078,0.954268155068324
2016-11-01,0.0396279746873694,0.0415322889177705,0.954148584630829
2016-11-02,0.0342363561935405,0.0347205114817995,0.986055640668982
2016-11-03,0.0342225452316226,0.03434661497155,0.996387715644462
2016-11-04,0.0341373418242358,0.0339543134425565,1.00539043093859
2016-11-07,0.0332127705540345,0.032621790983408,1.01811609825245
2016-11-08,0.0332345856136163,0.032551730888918,1.02097752426833
2016-11-09,0.0332731051789318,0.0326795421806712,1.01816313689399
2016-11-10,0.0333134079314983,0.0326735519154756,1.01958330143224
2016-11-11,0.0333183319201748,0.0326706758837589,1.01982377220233
2016-11-14,0.0334948445439932,0.0327375162573519,1.02313334587413
2016-11-15,0.0338391852592195,0.0327792797966101,1.03233461714796
2016-11-16,0.0337547119042826,0.032783562659516,1.02962305393263
2016-11-17,0.033129537047417,0.0322438497091824,1.02746841168852
2016-11-18,0.0334543568359722,0.0323024982986643,1.03565849695767
2016-11-21,0.0335376690181806,0.0323072006168743,1.0380865063457
2016-11-22,0.0335393691996157,0.0322970977910647,1.03846387116847
2016-11-23,0.0337076604358073,0.0324603274440831,1.03842638352533
2016-11-24,0.0338982764415574,0.0325849384637164,1.04030506239266
2016-11-25,0.0340297008034371,0.0325640114281084,1.04500948473638
2016-11-28,0.0335725987364463,0.0321086264785324,1.0455943594751
2016-11-29,0.0342967696589989,0.0321129495309735,1.06800434590784
2016-11-30,0.0349051870488644,0.0325064783500564,1.07379171231582
2016-12-01,0.0346816504543729,0.032473318819002,1.06800449463387
2016-12-02,0.0353779339547802,0.0331288889997184,1.06788772648189
2016-12-05,0.0358430536891538,0.033365254380237,1.07426286281769
2016-12-06,0.0357935219240009,0.0333191721085401,1.07426204370866
2016-12-07,0.0357468086741108,0.0332024991913807,1.07663005932369
2016-12-08,0.0356400764247655,0.0332786940725107,1.07095778299201
2016-12-09,0.0355277505747283,0.0332914688617575,1.06717281602254
2016-12-12,0.0412623161365235,0.0411504970596956,1.00271732019824
2016-12-13,0.0413459018285318,0.0412068061407421,1.00337555129399
2016-12-14,0.0416345525057237,0.0416440178487532,0.999772708217927
2016-12-15,0.0416855944254604,0.0417318064978283,0.998892641458732
2016-12-16,0.0417144521547025,0.0416028198061091,1.00268328803465
2016-12-19,0.0388523007795623,0.0384207000912643,1.01123354564786
2016-12-20,0.0392847897329199,0.0384299023239197,1.02224537033153
2016-12-21,0.0391261749145504,0.0383287611813955,1.02080457882218
2016-12-22,0.0391392933959747,0.0383712832350062,1.02001523264846
2016-12-23,0.0395354169957352,0.0386698611464913,1.02238321585808
2016-12-26,0.0396540722140139,0.0386709027750773,1.0254240105191
2016-12-27,0.0396678133145339,0.0386698853899964,1.02580633261446
2016-12-28,0.0394502745501454,0.0386661394995747,1.02027963124116
2016-12-29,0.0383698979059918,0.0368663067348661,1.04078496883182
2016-12-30,0.0385767220635511,0.0369183389664489,1.04492030637157
2017-01-03,0.038489936110916,0.0369963930794551,1.04036996331651
2017-01-04,0.038394877064638,0.0369151231954324,1.04008530220451
2017-01-05,0.0384214446901858,0.0369164343765457,1.04076803025691
2017-01-06,0.0385905248584671,0.0371758229933085,1.03805435229808
2017-01-09,0.0386420934049089,0.0371912090213317,1.03901148743901
2017-01-10,0.038837976038338,0.0373128836762615,1.04087307685219
2017-01-11,0.0393263824413537,0.0376163899834974,1.04545870719137
2017-01-12,0.039693293684482,0.0377905316785987,1.05035023116547
2017-01-13,0.0403298648667345,0.0383886333944169,1.05056787128556
2017-01-16,0.0442152935416216,0.0433308040729768,1.02041248685704
2017-01-17,0.0441488303658028,0.0433941807218745,1.01739057245406
2017-01-18,0.0442339775804231,0.0434905936602975,1.01709298166707
2017-01-19,0.0443133379683529,0.0437039144997793,1.01394436804
2017-01-20,0.0443135598261782,0.0437330256599199,1.01327450267843
2017-01-23,0.0443486860378957,0.0437545511127515,1.01357881431838
2017-01-24,0.0443150981470531,0.0437092093781219,1.01386181030386
2017-01-25,0.044294083807949,0.0438751546568938,1.0095482091022
2017-01-26,0.0441055823932924,0.0436172190723115,1.01119657170649
2017-02-03,0.0440957656297665,0.0435174803494915,1.01328857451375
2017-02-06,0.0441075801330002,0.0435846740558716,1.01199747591225
2017-02-07,0.0440311259153473,0.0434245756801746,1.01396790240715
2017-02-08,0.0439981810248083,0.0434289499781811,1.01310717958673
2017-02-09,0.0438554987028166,0.0433818396954231,1.01091837069887
2017-02-10,0.0438514910141377,0.0433379217140794,1.01185034444999
2017-02-13,0.0439194678181212,0.0434353946416827,1.01114467084809
2017-02-14,0.0439063164511238,0.0433671474770913,1.01243265940692
2017-02-15,0.0442812492704738,0.0434948042171565,1.01808135632456
2017-02-16,0.0442646124425989,0.0434270366646264,1.0192869659618
2017-02-17,0.0443694731539052,0.043376789487592,1.02288513460862
2017-02-20,0.0443347488291803,0.0434509709827739,1.0203396570069
2017-02-21,0.0443163249368194,0.0434377059695436,1.02022710333487
2017-02-22,0.0442902126521252,0.0434297676808077,1.01981233189276
2017-02-23,0.0443829424997006,0.0434205234052996,1.02216507353948
2017-02-24,0.0444844959552664,0.0434205466222817,1.02450336109861
2017-02-27,0.0446918030018963,0.043615728591398,1.02467170548907
2017-02-28,0.0446270454274095,0.0436038050003084,1.02346676917516
2017-03-01,0.0444662065059305,0.0434551778608918,1.02326601097515
2017-03-02,0.044540002473042,0.0435313859055009,1.02316987034896
2017-03-03,0.0445054240037134,0.0434136159420034,1.02514897775778
2017-03-06,0.0439307318446204,0.0432389008407662,1.01600019867299
2017-03-07,0.0434814297046519,0.0430842033580483,1.00921976770239
2017-03-08,0.043551715974034,0.0432649137778678,1.00662897879882
2017-03-09,0.0431309347775288,0.042584594325604,1.01282953285283
2017-03-10,0.0427194840415352,0.0421173959121901,1.01429547378951
2017-03-13,0.04267859787782,0.0420894786205254,1.01399682953087
2017-03-14,0.042764626186293,0.042148387449498,1.01462069545444
2017-03-15,0.0427292369879258,0.042044216914407,1.01629284890508
2017-03-16,0.0426293636166231,0.0418850314213981,1.01777084008214
2017-03-17,0.0366840504398528,0.0335850703511237,1.09227255016381
2017-03-20,0.0367086532247029,0.0335898884734071,1.09284832111797
2017-03-21,0.0364268187636242,0.0333230733281119,1.09314103188957
2017-03-22,0.0363925336911805,0.0333492128692862,1.09125615149667
2017-03-23,0.0363814590997568,0.0333740471233237,1.09011229490149
2017-03-24,0.0362581577676037,0.0333211787046906,1.08814151170768
2017-03-27,0.0362183862652534,0.0335340064366135,1.080049481523
2017-03-28,0.0363552097685582,0.0335790591794097,1.08267505573387
2017-03-29,0.0364667148162241,0.033839591832064,1.07763459432956
2017-03-30,0.0373207896735302,0.0351912880476272,1.0605121819645
2017-03-31,0.0375644871646779,0.03550832356824,1.05790652415585
2017-04-05,0.0375968732227027,0.0355511192401922,1.05754401060312
2017-04-06,0.0375728176507827,0.0354801881847978,1.0589802245435
2017-04-07,0.0374838269143006,0.0353237519556419,1.06115077926521
2017-04-10,0.0374801397025227,0.0359029069603132,1.04393050245076
2017-04-11,0.0376183929866151,0.0357737427397815,1.05156436272971
2017-04-12,0.0383965900934185,0.0361968506650077,1.0607715695702
2017-04-13,0.0383968723270177,0.0363121848607432,1.05741013586126
2017-04-14,0.0391351346032229,0.036806867367763,1.06325632692934
2017-04-17,0.0404000290604476,0.0375636131772717,1.07550966595759
2017-04-18,0.040879868388472,0.037815723861972,1.08102831874075
2017-04-19,0.0419327567494835,0.0382694679731156,1.09572353550724
2017-04-20,0.042093920692281,0.0384615969116671,1.09444027477476
2017-04-21,0.0418303633405631,0.038136918796724,1.09684695723652
2017-04-24,0.0421590657004665,0.0361971876731618,1.16470555892731
2017-04-25,0.0422730585213747,0.036429514308139,1.16040686581238
2017-04-26,0.0422412756752292,0.0366563481666854,1.15235908070132
2017-04-27,0.0421248822247177,0.0366437212324438,1.1495798136195
2017-04-28,0.0421269449465811,0.0368770412627935,1.14236238873872
2017-05-02,0.0421993609332701,0.037218469443123,1.13382848797044
2017-05-03,0.0424066652265238,0.0372657794251878,1.13795191944547
2017-05-04,0.0424110953151612,0.0372500404618112,1.13855165764561
2017-05-05,0.0429050165923735,0.0375846214167676,1.14155776950921
2017-05-08,0.0438462916076382,0.0388860802247804,1.12755750526115
2017-05-09,0.0438911749211113,0.0389706741578257,1.12626162799643
2017-05-10,0.0447502138277454,0.0398744509155089,1.12227786967068
2017-05-11,0.045242881789324,0.0402713675072493,1.12345034673034
2017-05-12,0.0452582511468576,0.0406085062929836,1.11450174552905
2017-05-15,0.0453540991461702,0.040540558766964,1.11873394263941
2017-05-16,0.0453702256030258,0.0405337168529533,1.11932063293426
2017-05-17,0.0453608851314137,0.0405532658316896,1.11855073077659
2017-05-18,0.0453105130806981,0.0406276668919786,1.11526249344247
2017-05-19,0.0453905593563822,0.04068127237727,1.11576056263529
2017-05-22,0.045646506982128,0.0411847300167869,1.10833570994693
2017-05-23,0.0474316533889368,0.0429933718095677,1.10323176323615
2017-05-24,0.0474560398897734,0.0431053981236282,1.10093032324321
2017-05-25,0.0474642673273521,0.0431429363912815,1.10016311585467
2017-05-26,0.0474209607253492,0.0432623818169753,1.0961245944795
2017-05-31,0.0474539146420454,0.0434192187524418,1.0929241936067
2017-06-01,0.0481054499172064,0.0446199173146232,1.07811607040878
2017-06-02,0.0483135586591113,0.0446192650384489,1.08279593170078
2017-06-05,0.0483185039346361,0.0446381362710873,1.08244895443658
2017-06-06,0.0481412461871264,0.0446549125307554,1.07807279107242
2017-06-07,0.0480747489453392,0.0446176351509693,1.0774831248378
2017-06-08,0.0480791476481743,0.0446270469154191,1.07735445142265
2017-06-09,0.047996342304404,0.0446652513714315,1.07457902576819
2017-06-12,0.0480382330527618,0.0448447159348794,1.07121278508085
2017-06-13,0.0478702878541439,0.0448277617556831,1.06787147025192
2017-06-14,0.0478876569654466,0.0448842999378408,1.06691330892462
2017-06-15,0.0479003495770635,0.0450596012929628,1.06304423924285
2017-06-16,0.0478581469925036,0.0450530279672542,1.06226260812677
2017-06-19,0.047864751283658,0.0450514760304234,1.06244579536828
2017-06-20,0.0478663242691416,0.0450637196361354,1.0621920395306
2017-06-21,0.0478016503712524,0.0450484527735536,1.06111636311991
2017-06-22,0.0479333583056304,0.0451753959837416,1.06105009733354
2017-06-23,0.0478019879239449,0.0453638515441835,1.05374623839836
2017-06-26,0.0477410677734538,0.0453784598680647,1.05206452383484
2017-06-27,0.0478436472726534,0.0453704655552661,1.05451082961392
2017-06-28,0.0478529745500626,0.0453661034051177,1.05481782560731
2017-06-29,0.0477793707591165,0.0453181313735153,1.05431025752839
2017-06-30,0.0476816644013372,0.0453224852504878,1.05205317267601
2017-07-03,0.0475740931600322,0.0453731961600283,1.04850654541156
2017-07-04,0.0469476993358804,0.0446163870463329,1.05225237729641
2017-07-05,0.0468615457456,0.0445857566831016,1.05104296151513
2017-07-06,0.0469643677383432,0.0445732374590334,1.05364497657383
2017-07-07,0.0469674617709115,0.0445761324450042,1.05364595793181
2017-07-10,0.0470115116935925,0.0448636218466089,1.04787597965959
2017-07-11,0.0472536142270285,0.0448744910732551,1.05301727321853
2017-07-12,0.0471236178947601,0.0450077056418206,1.04701222207989
2017-07-13,0.0467306865175437,0.0448650871499309,1.04158243048494
2017-07-14,0.046839776764145,0.0448469601750531,1.0444359345943
2017-07-17,0.0506434738562646,0.0503618098480964,1.00559280949231
2017-07-18,0.0500434593717502,0.05035810810445,0.993751776138072
2017-07-19,0.0496037999188602,0.0501357624585133,0.989389559197523
2017-07-20,0.0488060676424848,0.0497575980820351,0.980876680623099
2017-07-21,0.0486001476824973,0.0494674018180378,0.982468168861371
2017-07-24,0.0483611384994193,0.049461210066657,0.977758903072627
2017-07-25,0.0453630289144044,0.0472334860412339,0.960399765429199
2017-07-26,0.0452724772276563,0.0470784416258136,0.961639248543709
2017-07-27,0.0456194006720128,0.0468731145958673,0.973253027142236
2017-07-28,0.0457354416905032,0.0467817442286132,0.977634383767375
2017-07-31,0.0457153338107762,0.0465998058988972,0.981019833214757
2017-08-01,0.0458938747938556,0.0462326410310836,0.992672574404732
2017-08-02,0.0457912367908446,0.0462326089311211,0.990453228782004
2017-08-03,0.0458805995755057,0.0462990117976204,0.99096282607621
2017-08-04,0.0457534501485716,0.0461653065899698,0.991078659022973
2017-08-07,0.0447875733536053,0.0450759136313722,0.99360322942925
2017-08-08,0.0450156960248918,0.0449904553378412,1.00056102315171
2017-08-09,0.0438935077376558,0.0441737408934779,0.993656114466333
2017-08-10,0.0439240404513513,0.0439069882558379,1.0003883708765
2017-08-11,0.0481546424189286,0.0444123827783087,1.08426162719753
2017-08-14,0.0480864739034301,0.0443959166844334,1.08312830311015
2017-08-15,0.0481254471685301,0.0443994815033955,1.08391912560622
2017-08-16,0.0482891567878622,0.0445317948961855,1.08437481355593
2017-08-17,0.0480390145230629,0.0443271938395341,1.08373687486209
2017-08-18,0.0481794885587123,0.0443613674245681,1.08606860779566
2017-08-21,0.0476913974575769,0.0437122664803911,1.0910300768543
2017-08-22,0.0451117433746254,0.0413164329525975,1.09185958590332
2017-08-23,0.0455822589363614,0.0413103130418308,1.10341112375994
2017-08-24,0.0456138127959907,0.0414140467673442,1.10140921635212
2017-08-25,0.0455130953177139,0.0414193953052384,1.09883533987657
2017-08-28,0.0453280259765794,0.0412617619760159,1.09854799712448
2017-08-29,0.0435246650629286,0.0392386042650036,1.10923071496067
2017-08-30,0.0434153290617941,0.0392839448439505,1.10516724413128
2017-08-31,0.0434336920552796,0.0392649771268904,1.10616878535081
2017-09-01,0.0433989725907312,0.0391668096064105,1.10805483078275
2017-09-04,0.0435870259690118,0.039194738526879,1.11206319029583
2017-09-05,0.043611353198612,0.0391613114153845,1.11363362518752
2017-09-06,0.0435928458207115,0.0391282126612236,1.1141026603526
2017-09-07,0.0432196605335754,0.0384066327810909,1.12531761844153
2017-09-08,0.0432877471684935,0.0386601303877294,1.11969997861758
2017-09-11,0.0432325407352809,0.0386096424435611,1.11973429431463
2017-09-12,0.0434014526876159,0.0386659677186726,1.12247165267912
2017-09-13,0.0433913444787825,0.0387245695278643,1.12051199039308
2017-09-14,0.0435286534047846,0.0387571950072781,1.12311155119999
2017-09-15,0.0444386370720732,0.0389497106996897,1.14092341826886
2017-09-18,0.0443830557868589,0.0389161452987139,1.1404792393024
2017-09-19,0.0436876549646059,0.0381074591010706,1.14643316545286
2017-09-20,0.0436559777336876,0.0379767992096074,1.14954336969619
2017-09-21,0.0441591885240529,0.0382454932638583,1.1546246303949
2017-09-22,0.0442371773434481,0.0383907727886414,1.15228671188761
2017-09-25,0.0446233504857254,0.0393854590135769,1.13299048946828
2017-09-26,0.0445745477250145,0.0395046664107559,1.12833626441858
2017-09-27,0.0444586221794845,0.0394571752063016,1.12675633638325
2017-09-28,0.0445866569146951,0.0394231432217617,1.13097671243229
2017-09-29,0.0445432607905702,0.039265834194549,1.13440250803977
2017-10-09,0.0444911126911416,0.039211082514259,1.1346565776388
2017-10-10,0.0445671094925117,0.0393098661626529,1.13373852020014
2017-10-11,0.0446858691970927,0.0397098025417859,1.12531078818814
2017-10-12,0.0447294682695619,0.0395130114480146,1.1320187105559
2017-10-13,0.04435055324781,0.0391754588277429,1.13210041630456
2017-10-16,0.0449032756940866,0.0403986784575276,1.11150357904145
2017-10-17,0.0448903557787337,0.0403054053491344,1.11375522438947
2017-10-18,0.0446697685473489,0.0403475501540733,1.10712467985716
2017-10-19,0.0393613539079278,0.0332120688638867,1.18515212253843
2017-10-20,0.0393316611879343,0.0330266485891341,1.19090682428112
2017-10-23,0.0393344395501291,0.0330738953996732,1.18928959152836
2017-10-24,0.0393007620297173,0.0332010206586105,1.18372150163175
2017-10-25,0.0391588543150027,0.0331511904236885,1.18122015573297
2017-10-26,0.0391725680262928,0.0331433730319677,1.18191253462675
2017-10-27,0.0391012203967361,0.033190872533462,1.17807148207133
2017-10-30,0.0406068987316727,0.0353800392324438,1.14773470048716
2017-10-31,0.04042656203608,0.0354694480817343,1.13975729035656
2017-11-01,0.0405979079405111,0.0356974152549669,1.13727864190005
2017-11-02,0.0408940801256972,0.0361363299033523,1.13166113534689
2017-11-03,0.0409675743570024,0.0364814693284323,1.12296941738237
2017-11-06,0.0407802943070818,0.0362960132006256,1.12354748389773
2017-11-07,0.0406754364702057,0.036183241790722,1.12415124950566
2017-11-08,0.0404996086752618,0.0362613261592372,1.11688161920534
2017-11-09,0.0404061549748446,0.0362676634858499,1.11410968039365
2017-11-10,0.0402319540878323,0.0361729162141858,1.11221207186095
2017-11-13,0.0403743696277324,0.0362293788698773,1.11440965556551
2017-11-14,0.0401191214688144,0.036583537730318,1.09664411803362
2017-11-15,0.0363162574431121,0.0363524815198026,0.99900353221634
2017-11-16,0.0364226696673509,0.0364801697052609,0.998423800152946
2017-11-17,0.0392299710986246,0.0404697671314702,0.969364883449465
2017-11-20,0.0392971593487668,0.0406045691013196,0.967801412956989
2017-11-21,0.0393402406139376,0.0407022027383893,0.966538368127012
2017-11-22,0.0393467504475066,0.0407789743691041,0.964878373138226
2017-11-23,0.0400859777704007,0.0430914956817353,0.930252643502266
2017-11-24,0.040069069220205,0.0433560202310564,0.92418697580326
2017-11-27,0.0399537124486091,0.0442653990271355,0.902594652408233
2017-11-28,0.0398390757027267,0.0442524755740789,0.900267729339477
2017-11-29,0.0400257733190737,0.0442095185091037,0.9053655110682
2017-11-30,0.0400862546144199,0.0443009007080964,0.904863196316317
2017-12-01,0.0400497879880472,0.0442275465696595,0.905539445308543
2017-12-04,0.0401327528966226,0.0445468484877403,0.900911158904259
2017-12-05,0.0418190218088966,0.0461756207157134,0.90565153560926
2017-12-06,0.0418884873397344,0.0462990950105756,0.904736633192642
2017-12-07,0.0419126854809786,0.0463841975322894,0.903598374248082
2017-12-08,0.0418518768881716,0.0463802465062928,0.902364261528734
2017-12-11,0.0420380970212109,0.0463800797534287,0.906382594525469
2017-12-12,0.0420250259810248,0.0464216464367196,0.905289432987085
2017-12-13,0.042027763133854,0.0464253707499319,0.905275767429721
2017-12-14,0.042028784513343,0.0464452953587389,0.904909403389875
2017-12-15,0.0421943441945186,0.0465524754805678,0.906382394468618
2017-12-18,0.0424155639604213,0.0466837178870775,0.908572964625903
2017-12-19,0.042380117547166,0.0467991317549896,0.905574867692874
2017-12-20,0.0417393471718019,0.0468091829487555,0.891691427673414
2017-12-21,0.0417191934187668,0.0469115281225924,0.88931644498434
2017-12-22,0.041655561088509,0.0470789668633075,0.88480193733764
2017-12-25,0.0419276809937624,0.0474602031501193,0.883428182158066
2017-12-26,0.0416241960423573,0.0474073729655313,0.878011023150793
2017-12-27,0.04157670590618,0.0474800502478332,0.875666847216056
2017-12-28,0.04104157872601,0.0470984104432535,0.871400506721111
2017-12-29,0.0411872135023286,0.0471205812947528,0.874081184285286
2018-01-02,0.0411786331559223,0.0471532429330929,0.873293767182712
2018-01-03,0.0411193812515653,0.0471109846988545,0.872819396886117
2018-01-04,0.0410867607082691,0.0471020989107772,0.872291504166245
2018-01-05,0.0411018580256785,0.0470661829169612,0.873277913745297
2018-01-08,0.0410183502060577,0.0470926757152557,0.871013370615716
2018-01-09,0.0409494627601842,0.046897384947474,0.873171559694606
2018-01-10,0.0409080581700505,0.0469362689418781,0.871566042471497
2018-01-11,0.0409461974135815,0.0469137239217208,0.872797850835791
2018-01-12,0.0405860816356025,0.0459849043926583,0.882595759883373
2018-01-15,0.0419974790976783,0.0473939983461658,0.886134965674951
2018-01-16,0.0418258457379816,0.0474874799273024,0.880776276231375
2018-01-17,0.0418125944926922,0.0474942955170376,0.880370874807328
2018-01-18,0.0418316402071822,0.0474630454115802,0.881351793683596
2018-01-19,0.0420927482369336,0.0476383811600301,0.883588971999968
2018-01-22,0.042109617150964,0.0476109848627589,0.884451713661187
2018-01-23,0.0421350716953097,0.047631618961993,0.884602972007539
2018-01-24,0.0422031698170246,0.0476717876901976,0.885286075095155
2018-01-25,0.0421316045000327,0.0475965264619508,0.88518233644031
2018-01-26,0.0404777844425988,0.0458775821219477,0.882299863471539
2018-01-29,0.0405542856576976,0.0464990784646701,0.87215245972048
2018-01-30,0.0408658272255642,0.0467205280599901,0.8746867581011
2018-01-31,0.0423968957872529,0.0484089269547574,0.875807386246688
2018-02-01,0.0466123572226659,0.0526925773931199,0.884609550884336
2018-02-02,0.0470943697982823,0.0530889014650708,0.887085030931889
2018-02-05,0.0472362260467229,0.0533906438555439,0.884728533608384
2018-02-06,0.0526955404048364,0.0588227896685734,0.895835452581221
2018-02-07,0.0531735430870336,0.0590471225631083,0.900527253130801
2018-02-08,0.0534287979489323,0.0590728124926136,0.904456647558688
2018-02-09,0.0571627035539533,0.0601358034695034,0.950560236264942
2018-02-12,0.0571444559024561,0.0600751070055739,0.95121688084807
2018-02-13,0.0569822756297933,0.0598129638068386,0.952674336851341
2018-02-14,0.0570151238634144,0.0597847371059607,0.953673573279454
2018-02-22,0.0552273337989672,0.0578625562178507,0.954457207024143
2018-02-23,0.0555972525192786,0.0579122808086582,0.960025261359876
2018-02-26,0.0555804132959873,0.0579135386456309,0.959713645475544
2018-02-27,0.0556414851985223,0.0580082020884107,0.959200306082902
2018-02-28,0.0553675407330117,0.0566355050057053,0.977611848387935
2018-03-01,0.0555388263823022,0.0565054789559975,0.98289276382476
2018-03-02,0.0553770892876757,0.0560023122063122,0.988835765988855
2018-03-05,0.0554776360960828,0.0559862712208091,0.990915002666988
2018-03-06,0.0554749808522069,0.0559964489592732,0.990687478996292
2018-03-07,0.0555182883930032,0.056051581404466,0.990485674121937
2018-03-08,0.055589116097536,0.0561412114318505,0.990165952599996
2018-03-09,0.0555261544961874,0.055943740272708,0.992535612125949
2018-03-12,0.0541557012177935,0.0545209009414011,0.993301656478492
2018-03-13,0.0541225384212135,0.0544763490616729,0.993505243164169
2018-03-14,0.0540889852402665,0.0545346673956051,0.99182754426454
2018-03-15,0.0540886289241422,0.054548714443594,0.991565602890101
2018-03-16,0.0541726945400816,0.0545190886831779,0.993646369529226
2018-03-19,0.054337178786361,0.0545487261150977,0.996121864912293
2018-03-20,0.0544589570328408,0.0545759343595909,0.99785661339338
2018-03-21,0.0546145917930071,0.0546341481315026,0.999642049173195
2018-03-22,0.0545597548535628,0.0545604665850547,0.999986955179521
2018-03-23,0.0611811580053132,0.0612734301526019,0.998494092022286
2018-03-26,0.0612337642977595,0.0614883248956873,0.995860017355171
2018-03-27,0.0611163602516341,0.0613835882548186,0.995646588757973
2018-03-28,0.0613909034899223,0.0615670332383779,0.99713921981958
2018-03-29,0.0613540031603101,0.061482785694144,0.9979053887624
2018-03-30,0.0611488084127497,0.0612079659230561,0.999033499816336
2018-04-02,0.0612256686270005,0.0612100371897883,1.0002553737578
2018-04-03,0.0612660832802481,0.0613100696901856,0.999282558148119
2018-04-04,0.0612688260531092,0.0614096831183116,0.997706272723619
2018-04-09,0.0612130741339809,0.0614597968965281,0.995985623529435
2018-04-10,0.0612952051082315,0.0615986692586915,0.995073527494797
2018-04-11,0.0615338952215751,0.0616407103410611,0.99826713354056
2018-04-12,0.061601525950025,0.061697296570976,0.998447733915848
2018-04-13,0.0616444758362066,0.0618304815325799,0.996991682876102
2018-04-16,0.0617449032641027,0.0619991127566824,0.995899788218304
2018-04-17,0.0619665637369668,0.0625154521229755,0.991219956548838
2018-04-18,0.0619773049363401,0.062551131062465,0.990826286969107
2018-04-19,0.0619710739102222,0.0625996141665706,0.989959358939883
2018-04-20,0.0623380732660035,0.0629375215668973,0.990475501958611
2018-04-23,0.0618588064210316,0.0625653347042473,0.988707352297315
2018-04-24,0.0618111993459401,0.0624678201338719,0.989488655334465
2018-04-25,0.0617542967944557,0.0622647043184263,0.991802618681678
2018-04-26,0.0620906124172665,0.0628811775057969,0.987427635424647
2018-04-27,0.0621725760956101,0.0632156825113558,0.983499246163192
2018-05-02,0.0624590276801981,0.0636504581528028,0.981281666979608
2018-05-03,0.0624259686432794,0.063681553346257,0.980283384481051
2018-05-04,0.0624250101248822,0.0636856992181598,0.980204518302311
2018-05-07,0.0624220530264534,0.063683166449686,0.980197067866766
2018-05-08,0.0623254774971467,0.0635000169731776,0.981503320282149
2018-05-09,0.0622179290738642,0.0628455762316067,0.990012866531299
2018-05-10,0.0619854370771052,0.0628290586210671,0.986572748940106
2018-05-11,0.0607980351312285,0.0615822278868765,0.987265924235666
2018-05-14,0.0570788456091189,0.0578588281993269,0.986519212115377
2018-05-15,0.056594291324802,0.0574773053367446,0.98463717102308
2018-05-16,0.0564841781339283,0.0571097064830048,0.989046899597311
2018-05-17,0.050407905244536,0.0508461964876453,0.991380058423527
2018-05-18,0.0502493533714206,0.0509143175812846,0.98693954389544
2018-05-21,0.0500781955374567,0.0508601342395835,0.984625705106414
2018-05-22,0.0447948618598742,0.0490636682586878,0.912994552785856
2018-05-23,0.0452033923757469,0.0491477526152668,0.919744850382137
2018-05-24,0.0451223345573394,0.0490793649491848,0.91937486567028
2018-05-25,0.0453185305522995,0.0493912797102166,0.917541129085694
2018-05-28,0.0456894472314538,0.0496629508677602,0.919990585197267
2018-05-29,0.0458332097990291,0.0499933931536929,0.916785337176968
2018-05-30,0.0487324944288442,0.0523277204364997,0.931294044960007
2018-05-31,0.0486046819432491,0.0523850914872187,0.927834247557018
2018-06-01,0.0486673006917123,0.0527216031123288,0.923099788677169
2018-06-04,0.0487449500626722,0.0532761676205259,0.914948507743114
2018-06-05,0.0486405376451465,0.0531691548369643,0.91482623326054
2018-06-06,0.0484710620640552,0.0534180035103148,0.907391869385302
2018-06-07,0.0485427277859872,0.0534980349072827,0.907374034768126
2018-06-08,0.0486804759263943,0.0538719969606671,0.903632288996765
2018-06-11,0.0488057468351114,0.0538893054725549,0.905666651428037
2018-06-12,0.0488389858578087,0.0539670198475539,0.904978373750655
2018-06-13,0.0491008589502395,0.0545000614971958,0.900932175145635
2018-06-14,0.0491824702966464,0.0547772482466561,0.89786310687209
2018-06-15,0.050126324522956,0.0553898321496272,0.904973396336485
2018-06-19,0.0602088334863955,0.0646608885500949,0.93114763555638
2018-06-20,0.0603281829320339,0.0647577067952326,0.931598506457231
2018-06-21,0.0606296603655242,0.0659453892975458,0.919391954636327
2018-06-22,0.0606299429982328,0.0659782610102417,0.91893817857402
2018-06-25,0.0607112732806509,0.0659273676729241,0.920881197348103
2018-06-26,0.0608346398205447,0.0658622338317591,0.923664994053237
2018-06-27,0.0538199641644633,0.0598483451947689,0.899272385716146
2018-06-28,0.0541558152167767,0.0602593956393414,0.898711555968878
2018-06-29,0.0542089242793543,0.0602784482283851,0.899308556749265
2018-07-02,0.0544855117941516,0.0603614783319557,0.902653700668339
2018-07-03,0.0546206240737823,0.060461110598282,0.9034009387736
2018-07-04,0.0548044777226273,0.0607669203421422,0.901880125141377
2018-07-05,0.0561509153464185,0.0615180941596775,0.912754468639293
2018-07-06,0.0561492651805836,0.0615863613246526,0.911715905484213
2018-07-09,0.0561136996751656,0.061547603825245,0.911712173791394
2018-07-10,0.0563450124879369,0.0615031530193704,0.916132096027516
2018-07-11,0.0565609994567606,0.0617544328043352,0.915901853328819
2018-07-12,0.0565455656037194,0.0617913487111129,0.915104893859517
2018-07-13,0.056508557439202,0.0617891344982051,0.914538743714617
2018-07-16,0.0564921257706355,0.0619066255966371,0.912537635934468
2018-07-17,0.0561095864136474,0.0619038952509054,0.906398316070858
2018-07-18,0.0558985609781363,0.0613672223524068,0.910886281558155
2018-07-19,0.0559237776480939,0.0615612374873956,0.908425170295577
2018-07-20,0.0559046725031647,0.0616422712262103,0.906921036345494
2018-07-23,0.0551833502677853,0.0614372534357048,0.898206660972169
2018-07-24,0.0549420429710898,0.0607274287815046,0.904731915602248
2018-07-25,0.0549449004401666,0.0606959069593949,0.905248857668843
2018-07-26,0.0550615837563938,0.0606201235914376,0.908305369475873
2018-07-27,0.0547483776340727,0.0598851849978545,0.914222401350755
2018-07-30,0.0548164062051713,0.0597456052260981,0.917496876928888
2018-07-31,0.0544844107821663,0.0592939683456983,0.918886225737312
2018-08-01,0.0548175054169328,0.0595102518149145,0.921143899498579
2018-08-02,0.0555811600329412,0.0602508063575536,0.922496533956729
2018-08-03,0.0560107600408109,0.0607045728237459,0.92267777261915
2018-08-06,0.0565451858813383,0.0612772710082537,0.922775850669361
2018-08-07,0.0565479088695191,0.0613521888962118,0.921693420998883
2018-08-08,0.0568671130862592,0.0616356700503685,0.922633160956757
2018-08-09,0.0568172536829102,0.0616038557349968,0.922300284698456
2018-08-10,0.0569117955241056,0.0617360038478992,0.921857457186909
2018-08-13,0.0569453438176641,0.0617499884877333,0.922191974642658
2018-08-14,0.056945841767978,0.061844218496275,0.920794912646652
2018-08-15,0.0570710523084869,0.0620108616938302,0.920339610668
2018-08-16,0.0571739493663779,0.0620326432521422,0.921675207906015
2018-08-17,0.0572961354523345,0.0623129896023671,0.919489432587873
2018-08-20,0.0573720863527198,0.0625467930246447,0.91726663475958
2018-08-21,0.0570652920162508,0.0625850407538665,0.911804024234422
2018-08-22,0.0571365364491371,0.0627085328646175,0.911144525937007
2018-08-23,0.0570005240993735,0.0625541090944364,0.911219501397121
2018-08-24,0.0568440557598816,0.062412689493127,0.910777218888177
2018-08-27,0.0567614601670235,0.0622208932048079,0.912257237776804
2018-08-28,0.05462116139752,0.0604432442124835,0.903676864291128
2018-08-29,0.0546283121490265,0.0604086777223208,0.904312330757101
2018-08-30,0.0548442876808461,0.0602936401681172,0.909619779597373
2018-08-31,0.0548756647152693,0.0600201772484596,0.914286948672376
2018-09-03,0.0548699197195962,0.0601271234898302,0.912565187471123
2018-09-04,0.0551928406529326,0.0600838601319555,0.918596783424346
2018-09-05,0.0552276401506685,0.0603980525326758,0.914394385825437
2018-09-06,0.0550223679027868,0.0603632218707199,0.911521389972001
2018-09-07,0.0549468442427772,0.0603651311643473,0.910241445399687
2018-09-10,0.0552100577304712,0.0608177240738901,0.907795524597304
2018-09-11,0.0555707188591615,0.060512778792579,0.91833030920035
2018-09-12,0.0554327376420674,0.0604491816845416,0.91701386350186
2018-09-13,0.0550275978963927,0.0600669307918053,0.916104704718823
2018-09-14,0.0445858948943193,0.050262688986743,0.88705749320493
2018-09-17,0.0445812430048266,0.0503819831151841,0.884864791901983
2018-09-18,0.0436989012469899,0.0485849724495089,0.899432459129275
2018-09-19,0.0436995008466624,0.0485274508858336,0.900510948936313
2018-09-20,0.04363351035955,0.0484560458308837,0.900476083249451
2018-09-21,0.0437139398082967,0.0484541205430753,0.902171772355984
2018-09-25,0.0438736525900893,0.0482071162383347,0.910107386909003
2018-09-26,0.0434809053476836,0.0478266241809599,0.909135990513703
2018-09-27,0.0439020168286388,0.0481815999401531,0.91117806140041
2018-09-28,0.0434890278277901,0.0477058628434708,0.91160761457105
2018-10-08,0.0443518207229724,0.049540389471226,0.895265887013925
2018-10-09,0.0442245160021718,0.0492003935458959,0.898865086534676
2018-10-10,0.0426603280436336,0.048220025836895,0.884701476269068
2018-10-11,0.0527655253334114,0.0600120680995391,0.879248574568232
2018-10-12,0.0532554891046261,0.0607375685371863,0.876812990497316
2018-10-15,0.0539648850963993,0.0611909497107696,0.881909585510184
2018-10-16,0.0543895990311515,0.0612454347549307,0.888059644752097
2018-10-17,0.0546311561552145,0.061345171846509,0.890553478143423
2018-10-18,0.0570148752977836,0.0624881772104642,0.912410600580553
2018-10-19,0.0570632001566602,0.0625748749491101,0.911918724616991
2018-10-22,0.0572845044203461,0.0625667097288171,0.915574826751068
2018-10-23,0.0576181157597096,0.06278995684585,0.917632670160336
2018-10-24,0.0575754746178964,0.0628461293996079,0.916133979418239
2018-10-25,0.0576565265157353,0.0629793271664605,0.91548336747618
2018-10-26,0.0576333254568121,0.0628416578991598,0.917119748006882
2018-10-29,0.0579962968080799,0.0633939940006025,0.914854754340429
2018-10-30,0.0580348575220705,0.0634755521475458,0.914286769608106
2018-10-31,0.058030145823465,0.0634421613462226,0.914693708286156
2018-11-01,0.0579471046138485,0.0633155825933742,0.915210793936729
2018-11-02,0.0577368075991378,0.0631017113557672,0.914980059314365
2018-11-05,0.0575700103789508,0.0629600949254429,0.91438887516172
2018-11-06,0.0572128842682537,0.0628507736294733,0.910297216157484
2018-11-07,0.0562717234644013,0.0618945929385595,0.909154108506056
2018-11-08,0.0559108811715119,0.0614361543066688,0.910064794948319
2018-11-09,0.0552968777766893,0.0606621786947507,0.911554430890798
2018-11-12,0.0552473988549827,0.0605969307861747,0.911719424370375
2018-11-13,0.055074616841822,0.0601813376626258,0.915144444787322
2018-11-14,0.0551862467986938,0.0601696095846078,0.91717807676803
2018-11-15,0.0550450822374952,0.0601438361455042,0.915223999086562
2018-11-16,0.0550146116726444,0.0601971261116277,0.913907610317259
2018-11-19,0.055435052732852,0.060251329612959,0.920063558579607
2018-11-20,0.0565448817054466,0.0611303016758801,0.924989410411452
2018-11-21,0.0563291085523308,0.0612870412402384,0.919103083007824
2018-11-22,0.0564003073816918,0.0610142365465682,0.924379465743952
2018-11-23,0.0592608116556561,0.0640855103144447,0.924714672082417
2018-11-26,0.0593467053463888,0.0642566436479702,0.923588627994944
2018-11-27,0.0592475287278168,0.0641605266020839,0.923426472093396
2018-11-28,0.0592089936093857,0.064171964550594,0.922661383737201
2018-11-29,0.0593242094596051,0.0646055756743246,0.918252160752459
2018-11-30,0.0593248558090978,0.0646648285922139,0.917420754073428
2018-12-03,0.0593231370724924,0.0645821683764895,0.918568369006458
2018-12-04,0.0593119038383693,0.064552251551871,0.918820063010648
2018-12-05,0.059130716411276,0.0644570857405237,0.917365650834893
2018-12-06,0.0590322938738777,0.0645994550484389,0.913820307456359
2018-12-07,0.0590103844845652,0.0646506786121048,0.912757387105238
2018-12-10,0.0590869401591582,0.0648275886123024,0.911447447359552
2018-12-11,0.0590494529076179,0.0647175399009212,0.912418070866402
2018-12-12,0.0590280541543978,0.0647037378231274,0.912281981541089
2018-12-13,0.0591339332503551,0.0646453583568425,0.914743683899712
2018-12-14,0.0590276910634377,0.0645634746771971,0.914258276193511
2018-12-17,0.0585374658545745,0.0646324002788658,0.905698467053771
2018-12-18,0.0585914077391583,0.0646263436780807,0.906618019905568
2018-12-19,0.0586386237653735,0.0646632828300936,0.906830293776604
2018-12-20,0.0586820141465487,0.0646148222463606,0.908181932665674
2018-12-21,0.0585216805548752,0.0645271501283933,0.906931120287062
2018-12-24,0.0585238989141904,0.0645322415519408,0.906893941799396
2018-12-25,0.0586980087421371,0.0646593742561901,0.907803538425331
2018-12-26,0.0586718534239502,0.0646766850566119,0.907156162573799
2018-12-27,0.0586885514699139,0.0649486942202505,0.903614032191201
2018-12-28,0.0587198404031919,0.0650180668937899,0.903131132752893
2019-01-02,0.0589492813498627,0.0652496591917905,0.90344198084761
2019-01-03,0.0590271563304524,0.0652760511327542,0.904269717701011
2019-01-04,0.0590271563304524,0.065382313216163,0.902800060550022
2019-01-07,0.0583854107207206,0.063957673388155,0.912875775927358
2019-01-08,0.0583779492703195,0.0639122940454256,0.913407195630114
2019-01-09,0.0582730853907523,0.0638742000298866,0.912310218577868
2019-01-10,0.0484903754036425,0.052714935854559,0.919860275224994
2019-01-11,0.0478786113346644,0.052166388699639,0.917805746729708
2019-01-14,0.0471602539908205,0.0517206047947499,0.91182719494432
2019-01-15,0.04617091342419,0.0507455429100032,0.909851600288794
2019-01-16,0.0458735098254798,0.0506462859595357,0.905762563954459
2019-01-17,0.0422836824402238,0.0491926418998193,0.859552990187728
2019-01-18,0.04217476109777,0.0491634043444726,0.857848671387046
2019-01-21,0.0421783975423657,0.0491903211026308,0.857453185848585
2019-01-22,0.0417534105983427,0.0487066556674414,0.857242404065392
2019-01-23,0.0417146362208301,0.0486390110313253,0.857637425932948
2019-01-24,0.0416421849832062,0.0484145504507795,0.860117146508292
2019-01-25,0.0420665323563424,0.0483729383654459,0.869629461798245
2019-01-28,0.0415723096803208,0.047663761542325,0.872199514581008
2019-01-29,0.0420625611273434,0.0484855338271523,0.867528060581815
2019-01-30,0.0426680301704637,0.0492190049795043,0.866901518798103
2019-01-31,0.0435770769076896,0.0503998760725484,0.864626667830738
2019-02-01,0.0436347459679386,0.0504973549023672,0.86409963556117
2019-02-11,0.0436805707606195,0.0504604568614443,0.865639621150454
2019-02-12,0.0436711265057656,0.0503396667157165,0.867529114810987
2019-02-13,0.0436471746426261,0.0503036842905022,0.867673516527438
2019-02-14,0.0436275311054244,0.0502941719805521,0.867447049775358
2019-02-15,0.0435811303625494,0.0503880466048113,0.864910098705594
2019-02-18,0.043579888650468,0.0503228047928056,0.86600675041663
2019-02-19,0.0435906890480168,0.050377286283029,0.865284580894575
2019-02-20,0.0434279560839508,0.050414249579339,0.861422245621379
2019-02-21,0.0433784952571791,0.050486911986911,0.8592027824642
2019-02-22,0.0433486894390839,0.0504357938858802,0.859482643163462
2019-02-25,0.0432425280710001,0.0503941605755563,0.858086087299069
2019-02-26,0.0415193086578002,0.0494484606965985,0.839648152296402
2019-02-27,0.0416371904250478,0.0496354329426438,0.838860224573071
2019-02-28,0.0416829430323713,0.0497367488421732,0.838071325583453
2019-03-01,0.036957502104342,0.0457453623458542,0.807896149667102
2019-03-04,0.036619501198635,0.0455374304809827,0.804162659417685
2019-03-05,0.0365732669282429,0.0454980817733794,0.803841953390696
2019-03-06,0.0365512554322371,0.0454845504526441,0.803597157023509
2019-03-07,0.0358032258080908,0.0445050584366735,0.804475425170722
2019-03-08,0.0442743856647774,0.0493617103399508,0.896937836226959
2019-03-11,0.0443120294964953,0.0495270618660728,0.894703376839117
2019-03-12,0.0443120294964953,0.0495185229279205,0.89485765884003
2019-03-13,0.0450689710418336,0.051493251605531,0.875240339978697
2019-03-14,0.0459528476483176,0.0531993596754663,0.863785728411867
2019-03-15,0.0459136509467068,0.0530443682501168,0.865570699800082
2019-03-18,0.0456812865274549,0.0528550016216973,0.864275567606878
2019-03-19,0.0457202868628668,0.0528602342713538,0.864927813754388
2019-03-20,0.0458489602462287,0.0529051731568997,0.866625275192947
2019-03-21,0.0458703248523182,0.0528994917514342,0.867122222418605
2019-03-22,0.0452949192488444,0.0520424081888421,0.870346335328802
2019-03-25,0.0460894424366623,0.0522459747403902,0.882162552535011
2019-03-26,0.0476516623681304,0.0540828637209446,0.881086153536585
2019-03-27,0.0476172499019617,0.0540866625545414,0.880388022720833
2019-03-28,0.0484613837477456,0.0546812049256323,0.886253033627444
2019-03-29,0.0484153646795789,0.0545428866857501,0.887656807724991
2019-04-01,0.048363043946027,0.0545353062769875,0.88682080009579
2019-04-02,0.0481087076053571,0.0544508084122364,0.883526048706853
2019-04-03,0.0480709089541619,0.0543962154953825,0.883717893172963
2019-04-04,0.0478321141611595,0.0540808934295673,0.884454954936239
2019-04-08,0.0477957570420358,0.0542438154114062,0.881128229633814
2019-04-09,0.048881928983836,0.0539546169640641,0.905982318740086
2019-04-10,0.0488713071540081,0.053567979343817,0.912323140664612
2019-04-11,0.0496659137333067,0.0544749148573165,0.911720814312316
2019-04-12,0.0499793881757608,0.0547931057645297,0.91214738566827
2019-04-15,0.050155396244478,0.0549517170587988,0.912717544218161
2019-04-16,0.0501350747915967,0.0548911056872847,0.913355163170092
2019-04-17,0.0500980036170023,0.0548853670235427,0.912775231976004
2019-04-18,0.0502284075587393,0.0549694090369444,0.913752002045016
2019-04-19,0.0502917161957337,0.0549296980114716,0.915565131729483
2019-04-22,0.0509015018796864,0.0553229053991014,0.92008005567461
2019-04-23,0.0515265068806055,0.0564234582421083,0.913210719192531
2019-04-24,0.0516170049311668,0.0564343152160938,0.91463863313516
2019-04-25,0.0549687203807252,0.0590667808148482,0.930619878422545
2019-04-26,0.0559905590236607,0.059557535840653,0.94010872399866
2019-04-29,0.0580924548406622,0.062227565213043,0.933548575165622
2019-04-30,0.0583867614559808,0.062522462581562,0.933852555468587
2019-05-06,0.0664907019390246,0.0720344348152826,0.923040516796254
2019-05-07,0.0664435834600451,0.0720474997636552,0.922219142621281
2019-05-08,0.0665978383905416,0.0719813526990121,0.925209597949882
2019-05-09,0.0668192243085889,0.0718203695973021,0.930365921022758
2019-05-10,0.0665343967219499,0.071514307445888,0.930364833250938
2019-05-13,0.0660812037296371,0.071070323310692,0.92980024082282
2019-05-14,0.0660378802451027,0.0710461891018678,0.929506298366206
2019-05-15,0.066005724081101,0.071057614637609,0.928904304172431
2019-05-16,0.066005724081101,0.0710772318963766,0.928647927332491
2019-05-17,0.0668902268782906,0.0716449761867111,0.933634574795177
2019-05-20,0.0671293333897336,0.0717910777419303,0.935065129277563
2019-05-21,0.0671127132766192,0.0717567284053351,0.93528111952815
2019-05-22,0.0671415448774342,0.0718230047674818,0.93481949265137
2019-05-23,0.0672450817340484,0.0720148463960956,0.933766925838979
2019-05-24,0.0673709788631839,0.0724470099069341,0.929934568034334
2019-05-27,0.0673853433294438,0.0724297888112392,0.930353994335923
2019-05-28,0.067387175983283,0.0724297888112392,0.930379296823606
2019-05-29,0.0674015062884612,0.0724267353280452,0.930616380583453
2019-05-30,0.067429232585835,0.0724886980445418,0.930203389008339
2019-05-31,0.0674137676303045,0.0724541417846334,0.93043359523447
2019-06-03,0.0676074045796285,0.0725620545026035,0.931718444896055
2019-06-04,0.0677054290478914,0.0727236079653327,0.930996562769088
2019-06-05,0.0677496948164753,0.0729039807759707,0.929300349519539
2019-06-06,0.0678371707195711,0.0732041236739957,0.926685100714741
2019-06-10,0.0678726055382395,0.0732893446813786,0.92609104138278
2019-06-11,0.0678726055382395,0.0732828012266603,0.926173732473908
2019-06-12,0.0635208094832242,0.07083936656035,0.896687993802275
2019-06-13,0.063522366881077,0.0707917952284493,0.897312558271571
2019-06-14,0.063566262571399,0.0708966476866138,0.896604630057863
2019-06-17,0.0634907668478829,0.0702266341029345,0.904083865885149
2019-06-18,0.0632059389484102,0.0691176589368403,0.914468746781018
2019-06-19,0.0632059389484102,0.0690711922168592,0.915083943389392
2019-06-20,0.0632060156016912,0.0691199642241129,0.914439356431863
2019-06-21,0.0632060156016912,0.0691431826711876,0.91413228549616
2019-06-24,0.0631859429132275,0.0691377833834352,0.913913345511831
2019-06-25,0.0632274312644234,0.0692453786427198,0.913092433079949
2019-06-26,0.0633608341544271,0.0693212821031972,0.914017055542959
2019-06-27,0.063101054159045,0.069166402316563,0.91230788425632
2019-06-28,0.0623873963268117,0.0682769492774649,0.913740244504495
2019-07-01,0.0623107168404001,0.0682195921852765,0.913384481560245
2019-07-02,0.0619246803798672,0.0678863432024193,0.912181706344441
2019-07-03,0.0619131594373501,0.0679007541311484,0.91181843603337
2019-07-04,0.0619174856299478,0.0679718557942343,0.910928279159916
2019-07-05,0.0619227115440546,0.0679684440412077,0.911050891594816
2019-07-08,0.0624592942750032,0.0685249222469072,0.911482891581423
2019-07-09,0.0624971100985655,0.0685213330446598,0.912082519729032
2019-07-10,0.0626105882732148,0.0684553474197114,0.914619392541222
2019-07-11,0.0620877721393628,0.0684487804537196,0.9070690774592
2019-07-12,0.0620578483842022,0.068422464560662,0.906980606189404
2019-07-15,0.0617204516452842,0.0679785243288091,0.907940445231572
2019-07-16,0.0615512709261817,0.0678366434323219,0.907345467167595
2019-07-17,0.0614570534192554,0.0677424882768744,0.907215766389781
2019-07-18,0.061559201225475,0.0678899279152805,0.906750133868081
2019-07-19,0.0615588062087424,0.0679258956084402,0.906264181831315
2019-07-22,0.0619407001235183,0.0682069627609724,0.908128695608191
2019-07-23,0.0617626918376037,0.0681978962306417,0.905639253573533
2019-07-24,0.0615118719737526,0.0679837655791342,0.904802366414255
2019-07-25,0.0612725636363586,0.0672872407256878,0.910611922491377
2019-07-26,0.0612006698906694,0.0672739479495687,0.909723180458324
2019-07-29,0.0583574724541985,0.064963626405554,0.898309957173346
2019-07-30,0.0573824472493997,0.0644636874550863,0.890151487058195
2019-07-31,0.0547375421007207,0.0611445180658285,0.895215856338749
2019-08-01,0.0543796717068855,0.060777802826083,0.894729147456913
2019-08-02,0.0443585613932602,0.0490531520339097,0.904295841429227
2019-08-05,0.0444648437580872,0.0491113177567063,0.905388936586117
2019-08-06,0.0459186666043307,0.0503134427030789,0.912652049578803
2019-08-07,0.0456529357414179,0.0501735048156131,0.909901269787546
2019-08-08,0.0456727107270717,0.0502323081202999,0.909229785294584
2019-08-09,0.0456435498159192,0.0500622830850138,0.911735282596063
2019-08-12,0.0456407804247201,0.0499740080630575,0.913290372209695
2019-08-13,0.0456980430797335,0.0500066221640119,0.91383982965002
2019-08-14,0.0457018502197575,0.0499755674673414,0.914483867534335
2019-08-15,0.0429009667526881,0.0477183921706831,0.899044682797282
2019-08-16,0.0423788973583191,0.0473639092464577,0.894750835236189
2019-08-19,0.0423346378122524,0.0473516798465326,0.894047221755583
2019-08-20,0.0423093430484645,0.0472799980543663,0.894867698594527
2019-08-21,0.0417843897488534,0.0462798414479094,0.902863718664293
2019-08-22,0.0415433738014697,0.0455117526296969,0.912805405221028
2019-08-23,0.0415678338790768,0.0455747381754487,0.912080585500094
2019-08-26,0.0416528330511204,0.0456972100747808,0.911496193814851
2019-08-27,0.0416323737686745,0.0456949956080564,0.911092630925525
2019-08-28,0.0415515029271666,0.0457154030376151,0.908916911286501
2019-08-29,0.0415328169817474,0.04572639377564,0.908289798349971
2019-08-30,0.0411305908190717,0.0458447027894244,0.897172155483137
2019-09-02,0.0406204936699321,0.0453638673158233,0.895437185439508
2019-09-03,0.0405444348320494,0.0450576242509069,0.899835166769437
2019-09-04,0.0400149512502123,0.0435855089035287,0.918079248283656
2019-09-05,0.0399668279194301,0.0434251739040916,0.920360802876703
2019-09-06,0.0400277666729549,0.0434298101280668,0.921665707377493
2019-09-09,0.0399441171584068,0.0433918465337062,0.920544303810135
2019-09-10,0.0399343116282982,0.0435543663894411,0.916884228580569
2019-09-11,0.0393692282359037,0.0430216765996788,0.915102137981245
2019-09-12,0.0391043694884334,0.0429174136755822,0.911153914912674
2019-09-16,0.0389358637695055,0.0428948066308426,0.907705776706066
2019-09-17,0.0395980929449534,0.0437589517680615,0.904914111170619
2019-09-18,0.0397559755800877,0.0437482214662578,0.908744955740676
2019-09-19,0.0397622574232121,0.0437555311704572,0.90873670961304
2019-09-20,0.0396930502599007,0.0437814963267983,0.90661703208177
2019-09-23,0.0394692537978034,0.0437118173906178,0.902942411318615
2019-09-24,0.0392995424005095,0.043631843483677,0.900707814814466
2019-09-25,0.0394822762499686,0.0446569262873762,0.884124357236149
2019-09-26,0.0402065472484897,0.0464860865743686,0.864915724496773
2019-09-27,0.0403427056500795,0.0465681997442384,0.866314477940945
2019-09-30,0.040454202406275,0.0468484170386454,0.863512685453263
2019-10-08,0.0404684483065632,0.0469315830173714,0.862286027973616
2019-10-09,0.0404511334903912,0.0468386947238818,0.863626403956262
2019-10-10,0.0404328625487985,0.0468392673834028,0.863225767769494
2019-10-11,0.0378928641303799,0.0445855414940114,0.849891306926699
2019-10-14,0.0378221260477692,0.0445887543579616,0.848243611923548
2019-10-15,0.0378285172902204,0.0449146288301391,0.842231546280448
2019-10-16,0.0378785411536944,0.0451041446376496,0.839801784470073
2019-10-17,0.0378507227718343,0.0451621187707949,0.838107772665247
2019-10-18,0.0378982463017782,0.0452769199768398,0.837032340564775
2019-10-21,0.0380600381592288,0.045464288241344,0.837141405517882
2019-10-22,0.0380721676986411,0.0454528426527199,0.837619067954222
2019-10-23,0.0377107172626479,0.0452687642802288,0.833040571401639
2019-10-24,0.0378050816796626,0.0452625155581566,0.83524040176441
2019-10-25,0.0358907041408698,0.0438451063691035,0.81857947472471
2019-10-28,0.0359359396210906,0.0439014198693679,0.81855984904408
2019-10-29,0.0362382278954011,0.0442707416168957,0.818559314162719
2019-10-30,0.0365424073421183,0.0447081672919622,0.817354178342446
2019-10-31,0.0370024844843774,0.0451836624707578,0.818935041140698
2019-11-01,0.0369414296324089,0.0452029608022315,0.817234733672251
2019-11-04,0.0369916571980432,0.0452156158803704,0.818116849185783
2019-11-05,0.0369465426903709,0.0452420834081461,0.816641054238419
2019-11-06,0.0368926108656364,0.0453008978803302,0.814390279042466
2019-11-07,0.0363745499657919,0.0449523167372717,0.809180763215979
2019-11-08,0.0359422501906,0.0448542097855331,0.8013127499616
2019-11-11,0.0343661877331664,0.043663247520373,0.787073561514896
2019-11-12,0.0343654102466543,0.0436446156947659,0.787391748090833
2019-11-13,0.0343985168666612,0.0436044563740099,0.788876177508411
2019-11-14,0.0341381512402376,0.0433189798484189,0.78806452413453
2019-11-15,0.0344168178093276,0.0436069523980577,0.789250702391681
2019-11-18,0.0343250604076928,0.0435767167985462,0.787692670064531
2019-11-19,0.0342639105205091,0.0435832669130541,0.786171229175257
2019-11-20,0.0342975808641352,0.0436360017662947,0.785992746260893
2019-11-21,0.0343542567232211,0.0436956503624712,0.786216853124742
2019-11-22,0.0343998250902283,0.043935694271576,0.782958495604863
2019-11-25,0.0344142826336841,0.0441292135389155,0.779852616302252
2019-11-26,0.0349346299359482,0.0442202611586982,0.790014102598226
2019-11-27,0.0349635049876412,0.0442589184284231,0.789976489013966
2019-11-28,0.0351009969406547,0.0442457341388223,0.793319347590082
2019-11-29,0.0349701869729008,0.0442487445237516,0.790309134175088
2019-12-02,0.0350142803168803,0.0443131278090186,0.790155921012512
2019-12-03,0.0349795356706828,0.0440862692019655,0.793433790245136
2019-12-04,0.0349818624277109,0.0440352043102595,0.794406724702322
2019-12-05,0.0346311327909672,0.0433943066828313,0.798057059514418
2019-12-06,0.0346635809459252,0.0434017212098329,0.798668347237621
2019-12-09,0.0347772867458186,0.0434396378845615,0.800588781109026
2019-12-10,0.0348296142800497,0.0434166951190361,0.802217077660032
2019-12-11,0.0349496752556782,0.0435751435128857,0.802055310393715
2019-12-12,0.0349641999471629,0.043586521075584,0.802179184856966
2019-12-13,0.0350023443472184,0.0436226848492029,0.802388584476544
2019-12-16,0.0349958459115705,0.043566800223077,0.803268675513919
2019-12-17,0.0349815718609123,0.0433336416315452,0.807261299623781
2019-12-18,0.0349756068370542,0.0432836804920257,0.808055286414422
2019-12-19,0.0350008450176571,0.0432906482915879,0.808508220572394
2019-12-20,0.0338147255148538,0.0423554353991297,0.798356225032421
2019-12-23,0.0343919985231522,0.0429572163590017,0.80061050128881
2019-12-24,0.0343887272444755,0.0429221256986338,0.801188820095415
2019-12-25,0.0344322834811844,0.0429642029942974,0.801417949862925
2019-12-26,0.0342303106472752,0.04274627791086,0.800778741921264
2019-12-27,0.0342616435689032,0.0428529818384376,0.799515975296071
2019-12-30,0.0340857223236196,0.041732584648763,0.816765187454786
2019-12-31,0.0328322285982523,0.0389845912991205,0.842184758237879
2020-01-02,0.0326341873989306,0.0389363756886497,0.838141373503434
2020-01-03,0.0324892471100268,0.0384644898042475,0.844655610288094
2020-01-06,0.0324046210707002,0.0383600553674865,0.844749069318757
2020-01-07,0.0324811516416958,0.038324901266893,0.847520817222683
2020-01-08,0.0333694663446407,0.0386734932572048,0.862851103796373
2020-01-09,0.0335190952718713,0.0386916299691075,0.866313859060314
2020-01-10,0.0336504055479831,0.0389177166054217,0.864655187485876
2020-01-13,0.0332995531651952,0.0383816311448815,0.867590880634993
2020-01-14,0.0332064610423649,0.038283185046505,0.86739023939693
2020-01-15,0.0333604314381254,0.0383272053697207,0.87041126834885
2020-01-16,0.033283737628306,0.0379978985476282,0.87593627280695
2020-01-17,0.0332260101759085,0.0379595889945398,0.875299523940784
2020-01-20,0.033239843939859,0.0380935172966504,0.87258531894039
2020-01-21,0.033844568950623,0.0386457557270376,0.87576418972561
2020-01-22,0.0338640756004067,0.0390213642189481,0.867834230766409
2020-01-23,0.0369973931458518,0.0421314383309909,0.878142181028683
2020-02-03,0.0544066790446504,0.0585609594025429,0.929060582335471
2020-02-04,0.0556097693293734,0.0598204102321361,0.929611968784181
2020-02-05,0.0553150113152626,0.0594498718740033,0.930447948357164
2020-02-06,0.0549697360536702,0.0590066194219139,0.931585923616827
2020-02-07,0.0550426399269363,0.059277381479802,0.928560583359969
2020-02-10,0.0553159072169006,0.0597023063706758,0.926528815712056
2020-02-11,0.0558263447043413,0.0603305524731038,0.925341181472347
2020-02-12,0.0557199363354033,0.0601674494196093,0.92608107661023
2020-02-13,0.055845850546244,0.0604504146106154,0.92382907389418
2020-02-14,0.0559029487165943,0.0604736523324176,0.924418264160752
2020-02-17,0.0547874284941033,0.0594838686336177,0.921046827528293
2020-02-18,0.0550395355276476,0.0594343264221436,0.926056352295789
2020-02-19,0.0554051346798567,0.0597993478506683,0.926517373035823
2020-02-20,0.0553673651572251,0.0598953225913432,0.92440215298594
2020-02-21,0.0551584696606054,0.0597295181284844,0.923470863132595
2020-02-24,0.0552693901408372,0.0598077005067414,0.924118293673695
2020-02-25,0.0555365893919139,0.0598931401145155,0.927261273757365
2020-02-26,0.0560647181769474,0.0630498404657325,0.889212688926921
2020-02-27,0.0562537959020389,0.0638266321781326,0.881353033715474
2020-02-28,0.0613193457469541,0.0714760232487352,0.857900915018229
2020-03-02,0.0612978435143285,0.0714315665691268,0.858133825960661
2020-03-03,0.0610300969622105,0.0713923584675568,0.854854752976745
2020-03-04,0.0610340585639312,0.0714515189005548,0.854202394897686
2020-03-05,0.0609982433217998,0.0714329711004293,0.853922808783089
2020-03-06,0.0611427382015694,0.071435844610129,0.855911182058032
2020-03-09,0.0630664126801086,0.0737440136156092,0.8552072173457
2020-03-10,0.0631190754330868,0.0738700977523563,0.854460429234689
2020-03-11,0.0632493628583399,0.0740712440199761,0.853899022423362
2020-03-12,0.0636656786924521,0.0747727051005751,0.851456137728558
2020-03-13,0.0639186535802337,0.0749994643265184,0.852254801473739
2020-03-16,0.0648193410642343,0.078229527950566,0.828578961964263
2020-03-17,0.06492333871127,0.0784858079111455,0.82719845076667
2020-03-18,0.0650356126982128,0.0787355129737002,0.826001003129763
2020-03-19,0.065066482518811,0.0788210621450731,0.82549613958581
2020-03-20,0.0650582811371996,0.0788835842930161,0.824737893444829
2020-03-23,0.0658243108132903,0.0802951665528912,0.819779242501866
2020-03-24,0.0659174707604545,0.0804764549902088,0.819090139699549
2020-03-25,0.0659284787274018,0.0805067195644744,0.818918955884204
2020-03-26,0.0659762567205466,0.0806969946057065,0.817580097535393
2020-03-27,0.0659889233958999,0.0807780637089406,0.816916380091396
2020-03-30,0.0659298831889541,0.0810524611259399,0.813422347367241
2020-03-31,0.0659375503430644,0.0811582124880564,0.812456907583667
2020-04-01,0.0660781379187015,0.081214225840145,0.813627627858744
2020-04-02,0.0660781379187015,0.0812601236974036,0.813168069553564
2020-04-03,0.0660948263444424,0.0812447621211721,0.813527230787698
2020-04-07,0.0659914633070561,0.0811763333587929,0.812939690382159
2020-04-08,0.0659842587402912,0.0812079604557958,0.812534366950499
2020-04-09,0.0659875045483451,0.0812330192281163,0.81232367300101
2020-04-10,0.0660645708113114,0.0813471048930528,0.812131801103022
2020-04-13,0.0661809463655959,0.0814157411035964,0.812876545352389
2020-04-14,0.0661922140865836,0.0814157411035964,0.81301494267992
2020-04-15,0.066199361880628,0.0813956820494408,0.813303116502147
2020-04-16,0.0661781474923134,0.0813946933150897,0.813052360012329
2020-04-17,0.0662314834420097,0.0814376318219188,0.813278603027644
2020-04-20,0.0662489088197496,0.0814331021367026,0.813537825300292
2020-04-21,0.0662944573788703,0.081426648945249,0.814161680943625
2020-04-22,0.0662873155315722,0.0814203099270585,0.814137352104857
2020-04-23,0.066280227043794,0.0814233408797328,0.814019988957391
2020-04-24,0.0664969412825049,0.0815412765504266,0.815500371046828
2020-04-27,0.0666968647555272,0.0816971722635772,0.816391350001015
2020-04-28,0.0672175740503478,0.0819276461340518,0.820450448928619
2020-04-29,0.0672914663367015,0.0819691560764699,0.820936429721499
2020-04-30,0.0663849823122166,0.0815665405943947,0.813875172692792
2020-05-06,0.0519726526230505,0.0711708402380457,0.730252058978328
2020-05-07,0.0511081165069826,0.0705419492837462,0.724506722962908
2020-05-08,0.0511252064171476,0.0705750049708573,0.724409533350494
2020-05-11,0.0511907129267009,0.0705793689353011,0.72529286814149
2020-05-12,0.051201905460236,0.0705516174426483,0.725736805422756
2020-05-13,0.0510542367507155,0.0703774921223314,0.725434158153463
2020-05-14,0.05088935477692,0.0702133429404431,0.724781824162478
2020-05-15,0.0509155771998935,0.0702334463095984,0.724947726122549
2020-05-18,0.0509140455259605,0.0703253445659689,0.723978614540601
2020-05-19,0.0508802197897185,0.0702986829821594,0.723772020062325
2020-05-20,0.051036877765913,0.0703075360333487,0.725909065305673
2020-05-21,0.0510746364112297,0.0703610461554852,0.72589364715192
2020-05-22,0.0510924045923113,0.070444450777517,0.725286435317314
2020-05-25,0.0511860207865749,0.0705772204559178,0.725248464815152
2020-05-26,0.051183459901911,0.0705473932216155,0.725518797570943
2020-05-27,0.0511354952744861,0.0705648167625419,0.72465993140126
2020-05-28,0.0511720885338778,0.0706415976147733,0.724390306302702
2020-05-29,0.0509229447123753,0.0693211692777122,0.734594428267208
2020-06-01,0.0508142195539413,0.0689844227441708,0.73660425836114
2020-06-02,0.0462979140401886,0.0632671048305914,0.731784932535783
2020-06-03,0.0463814695295035,0.0632785029823568,0.732973558847236
2020-06-04,0.0464199555228643,0.063315689615879,0.73315091100615
2020-06-05,0.046403724886103,0.063475346017903,0.731051152884067
2020-06-08,0.0464810480288274,0.0637768187491119,0.728807879422093
2020-06-09,0.0463681518942327,0.0638855341711751,0.725800488260671
2020-06-10,0.043865597881178,0.0610834988079944,0.718125168616521
2020-06-11,0.0438465909304733,0.0610411429906698,0.718312088900027
2020-06-12,0.043762453539716,0.0609372412134318,0.718156133561063
2020-06-15,0.0433801918518895,0.0604100027019508,0.718096174666925
2020-06-16,0.0429204008259265,0.060100744532655,0.714140917216195
2020-06-17,0.0409065674470157,0.0548209458702748,0.7461849991391
2020-06-18,0.0406836280136927,0.054712521666368,0.743588976976382
2020-06-19,0.0403828350584113,0.054106086910646,0.746363992744512
2020-06-22,0.0404163391432265,0.0539849101439156,0.748659931738011
2020-06-23,0.0404593991891388,0.054038673616169,0.748711922067475
2020-06-24,0.0376333648869398,0.0493151112071145,0.763120349235076
2020-06-29,0.037794222915361,0.0491993531961784,0.768185361394074
2020-06-30,0.0377853901709221,0.049173201443356,0.768414279766758
2020-07-01,0.0375890671096254,0.0483821862272578,0.776919565665436
2020-07-02,0.0375354984103566,0.0481028712619338,0.780317212375227
2020-07-03,0.036642906261263,0.0458526481473681,0.799144820240143
2020-07-06,0.036556549225616,0.0454963641051394,0.803504850214756
2020-07-07,0.0364585769783838,0.0454311409880101,0.802501900359616
2020-07-08,0.0364634893309522,0.0453764084472227,0.803578127461606
2020-07-09,0.0363209817416733,0.0451908828576967,0.803723659394879
2020-07-10,0.0380270436125776,0.0455203723823779,0.835385161025151
2020-07-13,0.0380065118175532,0.0454012804186456,0.837124227931345
2020-07-14,0.0384600338808611,0.0459268341802933,0.837419660364134
2020-07-15,0.0401180406925571,0.0473023898106834,0.848118686035104
2020-07-16,0.043306135776159,0.0514321667588012,0.842004887315938
2020-07-17,0.0435553781209069,0.0517718720245639,0.841294247583735
2020-07-20,0.043426649759157,0.0516886187902486,0.840158835262777
2020-07-21,0.0436497298454787,0.0517074935087366,0.84416642315303
2020-07-22,0.0435638881410656,0.0515772984381123,0.8446329966921
2020-07-23,0.0436014787237447,0.051630419657625,0.8444920458303
2020-07-24,0.0460836759706518,0.0548431283778331,0.840281678557166
2020-07-27,0.046292760087132,0.0550662243507093,0.840674308670588
2020-07-28,0.0462808862109314,0.0550674684099744,0.840439692385578
2020-07-29,0.0456731383153114,0.0545642622730865,0.837052246518494
2020-07-30,0.045246439740664,0.0540528009173681,0.837078541218122
2020-07-31,0.0436472782582898,0.0528243055381378,0.826272637446745
2020-08-03,0.0433394573778717,0.0524973422780073,0.825555266176359
2020-08-04,0.043569384765052,0.0529094322707786,0.82347103144244
2020-08-05,0.0436074952788033,0.0528850892573646,0.824570703976464
2020-08-06,0.0437976334578342,0.0529684390337394,0.826862831089592
2020-08-07,0.0441043617588066,0.0532799095642632,0.82778597260212
2020-08-10,0.0443966572969327,0.0536144975330668,0.828071871223842
2020-08-11,0.0452096183080866,0.054060386022655,0.836279975676473
2020-08-12,0.0457278102092072,0.0545997987150908,0.837508768994207
2020-08-13,0.0458130934942432,0.054701169601263,0.837515794053249
2020-08-14,0.0461633100978997,0.0547566515473937,0.843063057972854
2020-08-17,0.0461523318214093,0.0541855522936001,0.851746081157141
2020-08-18,0.0461962037073487,0.0542140864152437,0.852107021660692
2020-08-19,0.0462326595252113,0.0545850148393911,0.846984463799167
2020-08-20,0.0464240591402748,0.054907371557244,0.845497750550217
2020-08-21,0.0461557017079845,0.054605755078479,0.845253428721017
2020-08-24,0.0461369741706515,0.0543489029496552,0.848903504333646
2020-08-25,0.0463562343276289,0.0545183855321306,0.8502862635268
2020-08-26,0.0470534440803064,0.0550791800275268,0.854287301604537
2020-08-27,0.0470742507964212,0.0550558816567796,0.855026736105759
2020-08-28,0.0471183267705896,0.0550952189763214,0.855216253715952
2020-08-31,0.0472223040663494,0.0552055206372154,0.85539097396929
2020-09-01,0.0473007198858364,0.0551322724023602,0.857949760180961
2020-09-02,0.047242435591662,0.0551348250616277,0.856852915355333
2020-09-03,0.0473951022298598,0.0555117802729442,0.853784584043681
2020-09-04,0.0474684775422705,0.0554090780372278,0.856691344158041
2020-09-07,0.0476414368945223,0.0554292105486373,0.859500548951866
2020-09-08,0.0476462690486904,0.0553387464748199,0.860992922388843
2020-09-09,0.0484213813421303,0.0568977328702166,0.851024793071794
2020-09-10,0.0507610787896859,0.0604239929057532,0.840081503201236
2020-09-11,0.0508175767167511,0.0606260544974993,0.838213489859336
2020-09-14,0.0507357619181532,0.0605257785429587,0.838250463513544
2020-09-15,0.0508491041557557,0.0605812447036959,0.839353902424087
2020-09-16,0.0509358150983165,0.0605821580578961,0.840772543124645
2020-09-17,0.0509521981132629,0.0605282610410607,0.841791871051746
2020-09-18,0.0509113866871583,0.0605774404986232,0.840434760334838
2020-09-21,0.0508736863783615,0.0605438817992151,0.840277908626285
2020-09-22,0.051017284383494,0.0607303431025802,0.840062508741638
2020-09-23,0.0510235965994662,0.0607763751849919,0.839530104323595
2020-09-24,0.051496642065108,0.0611845821164411,0.841660436073652
2020-09-25,0.0515652584321472,0.0613581736320877,0.840397544120851
2020-09-28,0.0518726464015728,0.0616699456544747,0.841133324362011
2020-09-29,0.0519326031583397,0.0617472910227193,0.841050713289294
2020-09-30,0.0519918277879064,0.0617611137716408,0.84182140853457
2020-10-09,0.0519965047840531,0.0617611137716408,0.841897135733466
2020-10-12,0.0519649366593072,0.0617989390838769,0.840871015419496
2020-10-13,0.0519741916349667,0.061815944372022,0.840789413847252
2020-10-14,0.0520544333789786,0.0619419593537407,0.840374342724679
2020-10-15,0.0513524807565715,0.0620696931831884,0.827335824023058
2020-10-16,0.0513515697572023,0.0621800190043103,0.825853233554698
2020-10-19,0.0513087140173057,0.0619646753426875,0.828031676653667
2020-10-20,0.0497783845680696,0.0599709477301385,0.83004165270267
2020-10-21,0.0472974578806978,0.0563789239677423,0.838920904339349
2020-10-22,0.0470811620103215,0.0560680470379148,0.83971467703314
2020-10-23,0.047141680865057,0.0563920061040828,0.835963891372255
2020-10-26,0.0470857895507467,0.0563703392968958,0.835293704775335
2020-10-27,0.0471590028245441,0.0565521147288686,0.833903436690944
2020-10-28,0.0471302634695787,0.056695293409583,0.831290582255149
2020-10-29,0.0446965734182924,0.0534280539686297,0.836574984455469
2020-10-30,0.0453857464293306,0.0544793041565264,0.83308234442443
2020-11-02,0.0455872470025917,0.054772869707944,0.832296121157587
2020-11-03,0.0456030885140295,0.0547959364000516,0.832234861014011
2020-11-04,0.0456213596367345,0.0547972201404832,0.83254879571948
2020-11-05,0.0456137739975598,0.0547929823570779,0.83247474467262
2020-11-06,0.0457043791870307,0.0551236694947509,0.829124396215729
2020-11-09,0.0454966066892905,0.0547736245374232,0.830629834587735
2020-11-10,0.0455773098972132,0.0552385402943048,0.825099824404887
2020-11-11,0.0455013000496809,0.055483825484288,0.820082242933412
2020-11-12,0.0452672687485824,0.055195524714035,0.820125707348733
2020-11-13,0.0450512837855688,0.0550818221406189,0.817897484773777
2020-11-16,0.0442831672398291,0.0546522540252943,0.810271562071966
2020-11-17,0.0440266616998209,0.0542232908215148,0.811951119764055
2020-11-18,0.0439611169893961,0.0542374067818873,0.810531321421456
2020-11-19,0.0439344506000971,0.0542629464914685,0.809658403032071
2020-11-20,0.0439979233603059,0.0542384535549596,0.811194281483763
2020-11-23,0.0440170196737061,0.0541935729738998,0.812218446916301
2020-11-24,0.0438300308708676,0.0535704329682084,0.818175781720465
2020-11-25,0.0441009734963724,0.0531807664607412,0.829265473804864
2020-11-26,0.0440849819124758,0.0533436364445071,0.826433757629873
2020-11-27,0.0440688725392942,0.0533594329215723,0.825887197940551
2020-11-30,0.0438811135081903,0.0533241385012128,0.822912750989729
2020-12-01,0.0429833456649333,0.0525206471987271,0.818408529930968
2020-12-02,0.042885504004319,0.0525278428515152,0.816433755437987
2020-12-03,0.0435570250075745,0.0525873556529839,0.828279430800835
2020-12-04,0.0435137922903175,0.0526431081304985,0.82658098724813
2020-12-07,0.0435821091408767,0.0528817975341614,0.824141976503783
2020-12-08,0.0437983053256795,0.0528983940034331,0.827970416698037
2020-12-09,0.0438353782428458,0.0532982739965169,0.82245399251973
2020-12-10,0.0439760958423004,0.0533118352793636,0.824884298427503
2020-12-11,0.0441293149953326,0.0533186339639477,0.82765276817053
2020-12-14,0.0450485165326354,0.0533605658140731,0.844228614246712
2020-12-15,0.0443423039258547,0.0515578742346194,0.860049111491107
2020-12-16,0.0419039799602465,0.0480629732853365,0.8718557570601
2020-12-17,0.0419397768049928,0.0478826851545035,0.875886067576733
2020-12-18,0.0419740096535801,0.0478942976266373,0.876388458199989
2020-12-21,0.0418941046182365,0.0478431651937296,0.875654954027314
2020-12-22,0.0438963594945251,0.048403506320166,0.906883877464821
2020-12-23,0.0438977315204959,0.0484096835195164,0.906796498737665
2020-12-24,0.0443799517075529,0.0491316415977413,0.903286563695709
2020-12-25,0.0444080605689994,0.0492421804930871,0.901829694061449
2020-12-28,0.0445416749383952,0.0493516103399365,0.90253741735254
2020-12-29,0.0460891510067065,0.0504160253913133,0.914176606524951
2020-12-30,0.0452888755156065,0.0494652226057097,0.915570033447679
2020-12-31,0.0452481644903281,0.0492754354173711,0.918270211253715
2021-01-04,0.0447501038706383,0.0488794007264701,0.915520714361059
2021-01-05,0.0453069940088759,0.0489773857982993,0.925059458980948
2021-01-06,0.0454781754948494,0.049366304992612,0.921239203575303
2021-01-07,0.0466421587437233,0.0506258626846039,0.921310892701248
2021-01-08,0.0472209761138861,0.0509054528103268,0.92762117822291
2021-01-11,0.049383568898758,0.0520759614617773,0.948298744997816
2021-01-12,0.0494582639152666,0.0519352377090468,0.952306489715965
2021-01-13,0.0498305056576878,0.0522652660129652,0.953415326448862
2021-01-14,0.050113807382164,0.0528883281433311,0.947540017645331
2021-01-15,0.0502207979983946,0.0530469852989208,0.946722942225641
2021-01-18,0.0502583229623934,0.0530742844177416,0.946943016071886
2021-01-19,0.0503153754825552,0.0531087122754653,0.947403417005828
2021-01-20,0.0503475853146259,0.0530846131955277,0.948440278337896
2021-01-21,0.0502957788009181,0.0527045306430852,0.954297063027101
2021-01-22,0.0503154949916113,0.053158735064141,0.946514151077917
2021-01-25,0.0507272354403147,0.0535625781502562,0.947064857446039
2021-01-26,0.0511198126786918,0.0543747821408978,0.940138252806759
2021-01-27,0.0512064460842729,0.0543359794259583,0.942404031826648
2021-01-28,0.0509490684074442,0.0539381132998028,0.944583807080075
2021-01-29,0.0512922117172166,0.0542074855340293,0.946220087722338
2021-02-01,0.0515791481819659,0.0550344715111409,0.937215290084587
2021-02-02,0.0517215035941855,0.0550797862772068,0.939028763363031
2021-02-03,0.0520142080369553,0.0558516610610962,0.931292051995678
2021-02-04,0.0525297462995116,0.0562334195221719,0.934137506590722
2021-02-05,0.053625853705287,0.0570392976164997,0.940156277271106
2021-02-08,0.0536245219515519,0.0567495306241098,0.944933312431129
2021-02-09,0.0536286797963445,0.0563021736377284,0.952515264178143
2021-02-10,0.0536664989681176,0.0563457308383819,0.952450135433521
2021-02-18,0.0535440401335447,0.0563571206852083,0.950084736099694
2021-02-19,0.0536580586751012,0.0563600932904569,0.952057662477055
2021-02-22,0.053630215048037,0.0567175223699732,0.945566957213021
2021-02-23,0.0538778317220598,0.0567010918578083,0.950208011111523
2021-02-24,0.0543239704508955,0.0568504161561913,0.9555597676127
2021-02-25,0.0546315144845885,0.0568869225893437,0.960352784047811
2021-02-26,0.055140156837127,0.0569421222522747,0.968354438790244
2021-03-01,0.0550761194144876,0.0568781589680172,0.968317547785909
2021-03-02,0.055244045418784,0.0568537288843753,0.971687284243661
2021-03-03,0.0551446980603126,0.0566057458329984,0.97418905534791
2021-03-04,0.0553542420107553,0.0567733333689659,0.975004262142087
2021-03-05,0.056073703478918,0.0566965990017268,0.98901352931611
2021-03-08,0.0562978948793157,0.0573031841909409,0.982456658808427
2021-03-09,0.0572090947632673,0.0581292127697559,0.984171160030447
2021-03-10,0.057345789681452,0.0582491573204534,0.984491318320168
2021-03-11,0.0573039855952615,0.058215627384299,0.984340256559987
2021-03-12,0.0572876956024425,0.0580456252917756,0.986942518311703
2021-03-15,0.0573787792447777,0.058232217077527,0.985344232530027
2021-03-16,0.0573376711316241,0.0577733460540601,0.992458894071525
2021-03-17,0.0575548716815584,0.0577546359121179,0.996541156784999
2021-03-18,0.0574150506082004,0.0573358129630576,1.00138199217989
2021-03-19,0.0571398078463284,0.0573465556890358,0.996394764424414
2021-03-22,0.0571049073418211,0.0572919082314226,0.996735998234757
2021-03-23,0.0583771948889527,0.0572987908704551,1.01882071160866
2021-03-24,0.0588282644288961,0.0574838270852185,1.02338809734579
2021-03-25,0.0594771963649469,0.0575598886281558,1.03330978885621
2021-03-26,0.0594807493769775,0.0575626502812052,1.03332193855568
2021-03-29,0.05874637407821,0.0573193987724537,1.02489515480476
2021-03-30,0.0589053604907587,0.0574020636034104,1.02618889971856
2021-03-31,0.0586970336900359,0.0569192098049534,1.03123416314412
2021-04-01,0.0588844325428365,0.0569080382742214,1.0347296151572
2021-04-02,0.0589195246155667,0.0566542119081744,1.03998489487532
2021-04-06,0.0581890259867549,0.0558337961228393,1.04218287179926
2021-04-07,0.0581759304402239,0.0558554171296133,1.04154500010672
2021-04-08,0.0584823529137716,0.055942276869472,1.045405303224
2021-04-09,0.0585319172176161,0.0559664191667049,1.04583995347763
2021-04-12,0.058510016496274,0.0561814907929172,1.04144649190495
2021-04-13,0.0587399377280024,0.055991415063614,1.04908828721806
2021-04-14,0.0580228200621145,0.0547972273232064,1.05886415967514
2021-04-15,0.0578527601042689,0.05481980232881,1.05532595242258
2021-04-16,0.0562634987008004,0.0538919474981621,1.04400566898643
2021-04-19,0.0562126682778698,0.0539243482090473,1.04243574831821
2021-04-20,0.0558884968196065,0.0535093394899538,1.04446246865184
2021-04-21,0.0557748891137195,0.0531385325195593,1.04961289800748
2021-04-22,0.0557168893089043,0.0530585429502766,1.05010213644802
2021-04-23,0.0558745838840346,0.0532600665786927,1.0490896364442
2021-04-26,0.0559281223969438,0.0532612601767457,1.05007133160853
2021-04-27,0.0560972862117395,0.0535468774777397,1.04762945766651
2021-04-28,0.0562292550826366,0.0537119370544654,1.04686701255288
2021-04-29,0.0561829155813877,0.0534535774431836,1.05105997145103
2021-04-30,0.0560335268501972,0.0529164742149523,1.05890514592078
2021-05-06,0.0557007658168512,0.0522765643350625,1.06550165500245
2021-05-07,0.0557360444767949,0.0524774646645189,1.06209484076846
2021-05-10,0.0554055802464889,0.0518003211389203,1.06959916518471
2021-05-11,0.0552793836657009,0.0509723629525798,1.0844971757956
2021-05-12,0.0548995712588303,0.0500279415685299,1.09737817582654
2021-05-13,0.0554635885407144,0.0499572544332977,1.11022091125462
2021-05-14,0.0552275278707499,0.0488689967358905,1.13011380547106
2021-05-17,0.0547615371670437,0.0482622628769376,1.1346657595952
2021-05-18,0.0537413211522676,0.0468720530098302,1.14655360073511
2021-05-19,0.0537257798758785,0.0468456698835126,1.14686757622367
2021-05-20,0.0543101689197312,0.0470335798174154,1.15471050960959
2021-05-21,0.0541828776319506,0.0471522297982934,1.14910530983864
2021-05-24,0.0541540264626447,0.0472835338695734,1.14530412663366
2021-05-25,0.0542400740097847,0.0472591495577278,1.14771582894291
2021-05-26,0.0542795243753726,0.0468486491015554,1.15861450471515
2021-05-27,0.0540805018640837,0.0467137179417677,1.1577006551159
2021-05-28,0.0537005704705447,0.0465290666475036,1.15412954395521
2021-05-31,0.0533804014291272,0.0464322308605045,1.14964111006204
2021-06-01,0.0528455134789165,0.0463289965968548,1.1406574145943
2021-06-02,0.0530274173939842,0.0465467255502699,1.13922981191696
2021-06-03,0.0527645369867601,0.0466090392504617,1.13206660843663
2021-06-04,0.0528933707500527,0.046733676093118,1.13180419714172
2021-06-07,0.0526221609812839,0.0462494753526397,1.13778936042094
2021-06-08,0.0521585829158737,0.046519788668879,1.12121280874964
2021-06-09,0.0518255689225052,0.0454515004354711,1.1402389013776
2021-06-10,0.0504560931736364,0.0436149719719525,1.15685258736572
2021-06-11,0.0501761044109805,0.0438201548572597,1.14504625952201
2021-06-15,0.0506301713506268,0.0442078533013575,1.14527550128909
2021-06-16,0.0514210305322181,0.0447657549163301,1.14866890167109
2021-06-17,0.0513482804523186,0.0442748562558658,1.15976165242808
2021-06-18,0.0513680228595519,0.0442185133309987,1.16168588652077
2021-06-21,0.0512704183502608,0.0441691574892055,1.16077419775985
2021-06-22,0.0512994188815089,0.0442118371250531,1.16030959619273
2021-06-23,0.050927454878067,0.0440736992097656,1.15550670334435
2021-06-24,0.0510135571143778,0.0444122650211584,1.14863669056452
2021-06-25,0.04889803204097,0.0438791608408924,1.11437937973053
2021-06-28,0.0482984416985541,0.0434365773905174,1.11193018879747
2021-06-29,0.0477690822673639,0.0437901282900195,1.09086417721802
2021-06-30,0.0478582281458111,0.043856837707961,1.09123755033354
2021-07-01,0.0486338471061403,0.0449291321089893,1.08245685645928
2021-07-02,0.0484049378576577,0.044922224051705,1.07752763536249
2021-07-05,0.0483185435598506,0.0448958335905612,1.07623669493485
2021-07-06,0.0480687862246508,0.0449697454248834,1.06891390579349
2021-07-07,0.0476783913854627,0.0449387134139842,1.06096476208031
2021-07-08,0.0479367800998606,0.0450148746657679,1.06490977606375
2021-07-09,0.048032408331094,0.0450386715817493,1.06647036078564
2021-07-12,0.0474863819840413,0.0449309757929411,1.05687404170514
2021-07-13,0.0474934496299266,0.0449041130588908,1.05766368367281
2021-07-14,0.0470733088530328,0.0447018652716978,1.05305021539753
2021-07-15,0.0465253409310708,0.0450962405895739,1.03169001058211
2021-07-16,0.046502021974761,0.0452738401574264,1.02712784718645
2021-07-19,0.0463331158325908,0.0453404554879603,1.02189347976211
2021-07-20,0.0464277420105033,0.0455122973631323,1.02011422627311
2021-07-21,0.0463906852466616,0.0456217990898942,1.01685348171501
2021-07-22,0.0464696178918775,0.0455012373985889,1.02128250897455
2021-07-23,0.0462616360463688,0.0458943005051314,1.00800394683423
2021-07-26,0.0465209708796173,0.0468192475911688,0.99362918613823
2021-07-27,0.0488141068435648,0.0484777675725826,1.00693801071757
2021-07-28,0.0507242237036952,0.0507303017068749,0.999880189887008
2021-07-29,0.0504615170702447,0.0503161632598974,1.00288880949838
2021-07-30,0.0505514097092123,0.0503260676817497,1.00447764027358
2021-08-02,0.0509746874645121,0.0501261725768806,1.01692758182026
2021-08-03,0.0513319289146331,0.0506451681101324,1.01356024335841
2021-08-04,0.0513507562106846,0.0503947201914136,1.01897095599777
2021-08-05,0.0515761918152972,0.05022619335366,1.02687837503693
2021-08-06,0.0515655879003458,0.0502502309531779,1.02617613734738
2021-08-09,0.0511172982826322,0.0502850900610831,1.01654980075681
2021-08-10,0.0511679709956024,0.0503302514198559,1.01664445442083
2021-08-11,0.0503881184276753,0.0503177285310248,1.00139890847034
2021-08-12,0.0503641198388317,0.0504532214027443,0.998233976712779
2021-08-13,0.0501473548124797,0.0501170744760306,1.0006041920197
2021-08-16,0.0507544110670419,0.0506920142271172,1.00123090078144
2021-08-17,0.0516675739686536,0.0525242927138848,0.983689095065058
2021-08-18,0.0508108847511165,0.0524095334906587,0.969496985890418
2021-08-19,0.0511041517822022,0.0524491114541011,0.97435686449949
2021-08-20,0.0512245205061084,0.0526457573502102,0.973003772466462
2021-08-23,0.0511098964309579,0.0526477701818597,0.970789384895322
2021-08-24,0.0512621781514783,0.0528471913857644,0.970007616436678
2021-08-25,0.051290056120818,0.0529797966958112,0.968105944522682
2021-08-26,0.051408066393497,0.0531868401164461,0.966556130820055
2021-08-27,0.0515668193578117,0.053663128042656,0.960935771705706
2021-08-30,0.0517710090595546,0.0540095265177835,0.958553284900733
2021-08-31,0.0516740563036579,0.0542785216771826,0.952016648702878
2021-09-01,0.0540664101627907,0.0551827420335734,0.979770271834198
2021-09-02,0.0538871409208732,0.0552246977490062,0.97577973474455
2021-09-03,0.0546840274168875,0.0554742764902812,0.985754675438946
2021-09-06,0.0547968127052576,0.0553995682821916,0.989119850648227
2021-09-07,0.0548045935824768,0.0554107290740372,0.989061044644431
2021-09-08,0.0547156600489552,0.0554674803971225,0.986445745456895
2021-09-09,0.0547372520403454,0.0552524159958962,0.990676173226724
2021-09-10,0.055204788300905,0.0550084044870335,1.00357006925947
2021-09-13,0.0545418376934906,0.0547779943670791,0.995688840449215
2021-09-14,0.0559636368012939,0.0551815179999701,1.01417356444098
2021-09-15,0.056008778766135,0.0551701202428067,1.01520131766321
2021-09-16,0.0568404963777578,0.0558244354852854,1.01820100613002
2021-09-17,0.0575937714766401,0.0559431849291248,1.02950469390698
2021-09-22,0.0576243559696555,0.0559625223234132,1.02969547435047
2021-09-23,0.0584168599629206,0.0558474579446404,1.04600750173494
2021-09-24,0.0620170873078201,0.0561561539125786,1.10436849725082
2021-09-27,0.0660353670758643,0.0578444998712914,1.14160148713876
2021-09-28,0.0659712667716494,0.0575258210368916,1.14681138978167
2021-09-29,0.0682369510538727,0.0582394573601247,1.17166186202471
2021-09-30,0.0681554366273316,0.0576694654408607,1.18182882581466
2021-10-08,0.0686368015146369,0.057749123903002,1.18853407421249
2021-10-11,0.069176575507221,0.0579623961131041,1.19347335766165
2021-10-12,0.0696196976314314,0.0580792800880831,1.19870111209791
2021-10-13,0.0710277092983949,0.0581538125694218,1.22137665890099
2021-10-14,0.0710591735042129,0.0581550189429267,1.22189236278902
2021-10-15,0.0712406919981524,0.0584929250868349,1.21793690249535
2021-10-18,0.0711825415232486,0.0586257932673727,1.21418470533283
2021-10-19,0.0711634736349206,0.0584456013680802,1.21760187198255
2021-10-20,0.071433764519784,0.0581753263529826,1.22790483522783
2021-10-21,0.0713393088249953,0.0578290096029151,1.23362494559131
2021-10-22,0.0716708424280411,0.0578885287026461,1.23808367623558
2021-10-25,0.071626774137404,0.0579553642088356,1.23589550536349
2021-10-26,0.0716328166612616,0.0579916994480788,1.235225339885
2021-10-27,0.0717433874266803,0.0583643853862529,1.22923229554952
2021-10-28,0.0725588594869569,0.0589329503715308,1.23121036753674
2021-10-29,0.0725701143196725,0.0586769807751109,1.23677314955603
2021-11-01,0.0726565473283178,0.0579897961328601,1.25291951642415
2021-11-02,0.0720749938577453,0.0571693184778237,1.2607285826873
2021-11-03,0.0711917683834738,0.0553796819744796,1.28552143756045
2021-11-04,0.071188360927507,0.0554295529356041,1.28430335727605
2021-11-05,0.0715260371799239,0.055312918737643,1.29311630650304
2021-11-08,0.0712332175277594,0.0554799959902482,1.28394417224327
2021-11-09,0.0710423093938512,0.0548306054176023,1.29566888515596
2021-11-10,0.0710400077698896,0.0548384228040269,1.29544221254797
2021-11-11,0.0710488680800831,0.0546631419577989,1.29975821980621
2021-11-12,0.0711046211671495,0.054545640836795,1.30358026922629
2021-11-15,0.0712424637875976,0.0547189799363904,1.30196988084236
2021-11-16,0.0712689370475246,0.0549687206156241,1.29653621640354
2021-11-17,0.0712287979708294,0.054875226264831,1.29801374534795
2021-11-18,0.0712846268739465,0.0550548930793525,1.29479185022122
2021-11-19,0.0712587731404665,0.0549620024607465,1.29650976947863
2021-11-22,0.0710163863024871,0.0546311774462953,1.29992413896441
2021-11-23,0.0706361594814597,0.0529544784651247,1.3339034115496
2021-11-24,0.0706417907684164,0.052940127605764,1.33437137315712
2021-11-25,0.0705786376687941,0.0529998425906028,1.33167636390883
2021-11-26,0.0704817711721394,0.0525928202885841,1.34014055122726
2021-11-29,0.0704695071972166,0.0527591553250683,1.33568300635271
2021-11-30,0.0704967815858845,0.0526688579416451,1.33849079590812
2021-12-01,0.0705272502188094,0.0526434366413977,1.33971592126925
2021-12-02,0.0704642829655678,0.052452715234642,1.3433867560593
2021-12-03,0.0703953250178541,0.0522018761233958,1.34852097751146
2021-12-06,0.0703281291971094,0.0522783289591066,1.34526352692187
2021-12-07,0.0703036705920549,0.0522336915221636,1.34594489769546
2021-12-08,0.0689922690613179,0.0514219815290571,1.34168826268067
2021-12-09,0.0689938880275706,0.0512856645475726,1.34528602946291
2021-12-10,0.0684360372483089,0.0512459872418229,1.33544187421678
2021-12-13,0.0682532204263312,0.0513483955466319,1.32921817127367
2021-12-14,0.0682702131705284,0.0514036972082393,1.32811873227643
2021-12-15,0.0682613649428422,0.0514265162725162,1.32735736134868
2021-12-16,0.0683031215673362,0.0512294631731813,1.33327810475853
2021-12-17,0.0681992932891106,0.0513638687065296,1.32776784550189
2021-12-20,0.0684491006826239,0.0519030632822664,1.31878729990125
2021-12-21,0.0676793720669644,0.0516488198043199,1.31037596451146
2021-12-22,0.067677450696504,0.0517102596839199,1.3087818763662
2021-12-23,0.0670858151703174,0.0511602598937257,1.31128761483373
2021-12-24,0.0667880166647745,0.0516572205113655,1.29290767105985
2021-12-27,0.0667734728583767,0.0517743313387199,1.28970227392274
2021-12-28,0.0663513228128224,0.0518927802853815,1.27862339323364
2021-12-29,0.063445752957222,0.0517067303969692,1.22703084240927
2021-12-30,0.0584646703189057,0.0497613597297495,1.17490098012641
2021-12-31,0.0583617776688218,0.0497624204276358,1.17280825906954
2022-01-04,0.0552295903427704,0.0486538690236988,1.13515310192225
2022-01-05,0.0558026048291155,0.0497529154361962,1.1215946711842
2022-01-06,0.0554132427650628,0.0494095646466421,1.12150841970288
2022-01-07,0.0552634922480823,0.0495133548436383,1.11613305991086
2022-01-10,0.0545349601400653,0.049200237624733,1.10842879573107
2022-01-11,0.0530134188721049,0.049187901447493,1.0777735441447
2022-01-12,0.0529448391435469,0.0491245704985598,1.07776696276864
2022-01-13,0.0527254148055857,0.0490496080520503,1.07494059380933
2022-01-14,0.0531151161518303,0.0489196790341398,1.08576174661249
2022-01-17,0.0531159049536981,0.0489627121889807,1.08482358470437
2022-01-18,0.0526944502144684,0.0495227558102133,1.06404519200042
2022-01-19,0.0527487028830213,0.0497254615858701,1.06079865728205
2022-01-20,0.0519286000086397,0.0504981726709296,1.02832631879635
2022-01-21,0.0520524405901515,0.0508621510208608,1.02340226564155
2022-01-24,0.052172624297256,0.0509991127133914,1.02301043138651
2022-01-25,0.0541942404401683,0.0532887470948975,1.01699220557125
2022-01-26,0.0516775773596381,0.0524585214383737,0.985113113040117
2022-01-27,0.0522721790714428,0.0538227466317908,0.971191221976171
2022-01-28,0.0523874483401531,0.0538733465592052,0.972418676136647
2022-02-07,0.0508366546341274,0.0538398509614105,0.944219824653013
2022-02-08,0.0506931964013502,0.0540389038714247,0.938087058944884
2022-02-09,0.0506868816916601,0.0539927013075116,0.938772842702878
2022-02-10,0.0487982278483701,0.0538473183926844,0.906233203527545
2022-02-11,0.0488706666521816,0.0540094300760996,0.90485432975913
2022-02-14,0.0490351875615642,0.054057386660863,0.907095044553183
2022-02-15,0.0490626700987802,0.0540737182846285,0.907329321067371
2022-02-16,0.0490317686421004,0.0540523924066623,0.907115605045022
2022-02-17,0.0489766300381356,0.0541415150891243,0.90460398009759
2022-02-18,0.0486375975185856,0.0538713664119057,0.902846925149398
2022-02-21,0.0484435013532561,0.0534821166571428,0.905788782890032
2022-02-22,0.048470462905835,0.0536455150156843,0.903532436806016
2022-02-23,0.0484892237322746,0.0535773779639504,0.905031667747918
2022-02-24,0.0491684984214612,0.0541339550006029,0.90827463873485
2022-02-25,0.0492735110364137,0.0541561397465649,0.909841640615441
2022-02-28,0.0492974735725234,0.0541712182428122,0.910030735353908
2022-03-01,0.0492532751424045,0.0541271052350829,0.909955833190958
2022-03-02,0.0491865576162135,0.0540695958841609,0.909689758391964
2022-03-03,0.0492051342561235,0.0540787978591488,0.909878477407746
2022-03-04,0.0496319470265887,0.0540961417721596,0.917476651766164
2022-03-07,0.0498732734850204,0.0548882815462488,0.908632445397242
2022-03-08,0.0519523893929752,0.0557235759944488,0.932323320350988
2022-03-09,0.052588472213534,0.0557797644283019,0.942787635489749
2022-03-10,0.0525711583055779,0.0556453801923614,0.944753331253085
2022-03-11,0.0526024952912262,0.0553177632050013,0.950915081224225
2022-03-14,0.0533348891402861,0.0554563248036099,0.961745830239625
2022-03-15,0.0603525143306877,0.059539000032123,1.01366355326972
2022-03-16,0.0603696306395015,0.0595210312689756,1.01425713487206
2022-03-17,0.0603468137511001,0.0594059470557496,1.01583792098235
2022-03-18,0.0603615329298839,0.0593792163602832,1.01654310430169
2022-03-21,0.060322808168656,0.0593366686224582,1.01661939520859
2022-03-22,0.0604115926705688,0.0593448817718351,1.017974775025
2022-03-23,0.0604158019111138,0.0593250510153579,1.01838600855941
2022-03-24,0.0603589226727273,0.0592884838980694,1.01805475033732
2022-03-25,0.0597891032868832,0.0587356123987062,1.01793615227889
2022-03-28,0.0599560512176987,0.0587402193092017,1.02069845708435
2022-03-29,0.0599205106412626,0.0587493546946332,1.01993478826647
2022-03-30,0.0598128601719395,0.0586396527830592,1.02000706575158
2022-03-31,0.0594439917734671,0.0582114930790231,1.02117277240718
2022-04-01,0.0595110392597356,0.0580104341632378,1.02586784805429
2022-04-06,0.0594626147332459,0.0580082408518577,1.02507184944812
2022-04-07,0.0594572185439514,0.0581255521289054,1.02291017231273
2022-04-08,0.0594522774620459,0.0581819543851597,1.02183362677157
2022-04-11,0.0603177887142496,0.0592855678019368,1.01741099816673
2022-04-12,0.060298721782307,0.0590807124491586,1.02061602310901
2022-04-13,0.0601384352847625,0.0587148226092851,1.02424622288227
2022-04-14,0.0601954884919106,0.0587279256557721,1.02498918222892
2022-04-15,0.0606092546281636,0.0587086995568731,1.03237263106892
2022-04-18,0.0609159899193512,0.0586520469146848,1.03859955660132
2022-04-19,0.0609012634147245,0.0585646057958587,1.03989880213675
2022-04-20,0.0614651267851992,0.0585854126596583,1.04915411524487
2022-04-21,0.0635919505389263,0.0593713283000127,1.07108856008049
2022-04-22,0.0638759876667774,0.0595287062776265,1.07302831962913
2022-04-25,0.0717204507054903,0.0687346041443021,1.0434402234269
2022-04-26,0.0733158244926708,0.070061831892677,1.04644458347847
2022-04-27,0.0732652416262952,0.0700826417632663,1.04541209895853
2022-04-28,0.0732449491631212,0.0699703152617909,1.04680033081284
2022-04-29,0.0732252214929443,0.069626867322822,1.05168054098196
2022-05-05,0.073151928326134,0.0695718504784315,1.0514587124402
2022-05-06,0.0724706168607176,0.0682914517480704,1.06119602096122
2022-05-09,0.0724045213105041,0.0682269947737812,1.06122981893859
2022-05-10,0.0722251060346444,0.0676536756608059,1.06757105699265
2022-05-11,0.0720944188363052,0.0676708682589338,1.06536860973093
2022-05-12,0.0721078902903577,0.0673647622790412,1.0704096303594
2022-05-13,0.0721457434162688,0.0672319165344153,1.07308771094363
2022-05-16,0.0721617132030745,0.0673125410805938,1.07203965330435
2022-05-17,0.0722074604889237,0.0673097519229653,1.0727637292671
2022-05-18,0.0721060962103924,0.0670475983570448,1.07544636910646
2022-05-19,0.0720758527476228,0.0670544720435742,1.07488509790645
2022-05-20,0.0720758527476228,0.0670393285913883,1.07512790271115
2022-05-23,0.0721193181756495,0.0670617987859579,1.07541580275581
2022-05-24,0.0726614214083475,0.0680251527389372,1.06815521145837
2022-05-25,0.072700833715236,0.0680481060110713,1.06837409557597
2022-05-26,0.0727202367141748,0.0681737331999892,1.06668995961903
2022-05-27,0.0727160657698194,0.0681636865593933,1.06678598884847
2022-05-30,0.0727093831371382,0.0681476341705761,1.06693921252121
2022-05-31,0.0725258719909166,0.0679716790710552,1.06700133029082
2022-06-01,0.0725924222319838,0.0679792815979515,1.0678609794866
2022-06-02,0.0726619620421163,0.0679393589689276,1.06951203462707
2022-06-06,0.0726985988570994,0.0680965221355549,1.06758167050563
2022-06-07,0.0727198225047584,0.0682615598343869,1.06531146784791
2022-06-08,0.0727370234415705,0.0682324343673965,1.06601829637089
2022-06-09,0.0727389282566235,0.0684118175420266,1.06325092462188
2022-06-10,0.0725757036999912,0.0680207087927625,1.06696482568428
2022-06-13,0.0716327240301801,0.0674138460886355,1.06258177194041
2022-06-14,0.0713466548233539,0.0673379773720356,1.05953070774863
2022-06-15,0.0714957245342426,0.0674242555736638,1.06038581999812
2022-06-16,0.0715579868051534,0.0674359504577503,1.06112520576077
2022-06-17,0.0711710920024148,0.06706903035733,1.06116178545045
2022-06-20,0.0658260068296574,0.0635731828394669,1.03543670286069
2022-06-21,0.0659985899358085,0.0636840490307124,1.03634412290556
2022-06-22,0.0660191691443003,0.0637759616543696,1.03517324445984
2022-06-23,0.0659902222599362,0.0637216287833257,1.03560162412553
2022-06-24,0.0659970349209731,0.0637271216454081,1.0356192656589
2022-06-27,0.0659302059869093,0.0637316827204486,1.0344965513637
2022-06-28,0.06586567777444,0.0637711911117819,1.03284377516153
2022-06-29,0.0663354875056136,0.0650815692251333,1.019266872256
2022-06-30,0.0662193188953514,0.0651640963306825,1.01619331233129
2022-07-01,0.0661729766191012,0.0654127217123097,1.0116224319504
2022-07-04,0.0662169538967618,0.0654762209363687,1.01131300722308
2022-07-05,0.066330696954534,0.0655619095921261,1.0117261282838
2022-07-06,0.0666380794007753,0.065604890680469,1.01574865394317
2022-07-07,0.0665708920616479,0.0655161933798527,1.01609829001634
2022-07-08,0.0666175149674915,0.0656666955824805,1.01447947664455
2022-07-11,0.0667687790991463,0.0657038222706051,1.01620844559324
2022-07-12,0.0668796141361112,0.0660509318412271,1.01254611058139
2022-07-13,0.0659820374850529,0.0648705489935291,1.01713394612453
2022-07-14,0.0663036333002974,0.0650968651424815,1.01853803797118
2022-07-15,0.0665450365964217,0.0653628199621978,1.01808698943693
2022-07-18,0.0664994717555471,0.0653732069508865,1.01722823243943
2022-07-19,0.0661291006909127,0.0652227652196568,1.0138959988618
2022-07-20,0.0659473741243838,0.0652372664095318,1.01088500107276
2022-07-21,0.0660724198727467,0.0653071308856855,1.01171830666395
2022-07-22,0.0656053676085523,0.0652877567658139,1.00486478412603
2022-07-25,0.0631557091859079,0.0647926774705895,0.974735288792091
2022-07-26,0.0626824826838264,0.064509772285705,0.971674220243938
2022-07-27,0.0525467817592692,0.0535016399125697,0.982152731115142
2022-07-28,0.0490054161144505,0.0505606971040369,0.969239328595764
2022-07-29,0.0489865602990173,0.0506957037967576,0.966286226055912
2022-08-01,0.0485945946571304,0.050122807979035,0.969510620343859
2022-08-02,0.0518495034161816,0.0529035011797918,0.980076975245396
2022-08-03,0.0520539622312238,0.0532277689925026,0.977947473969008
2022-08-04,0.0512454977831416,0.0529680348448238,0.967479687197598
2022-08-05,0.051357044027511,0.0530693339852484,0.967734851200256
2022-08-08,0.051313635768998,0.0530852164939872,0.966627606667294
2022-08-09,0.051269506255322,0.0529816377166628,0.967684436813807
2022-08-10,0.0512225879007317,0.0529737262227781,0.966943267032377
2022-08-11,0.0511466978767028,0.0529533035310073,0.965883041588771
2022-08-12,0.0512023406124922,0.052962274923206,0.966770039367348
2022-08-15,0.0510467546125523,0.0528860821400976,0.965220953167361
2022-08-16,0.0510007045548087,0.0528599357250118,0.964827214700466
2022-08-17,0.0510284419970383,0.0529491503481051,0.96372541696251
2022-08-18,0.0511343856184911,0.0531190646242803,0.962637162009023
2022-08-19,0.0512461498865795,0.0536818798873117,0.954626588974804
2022-08-22,0.0484361101518047,0.0509575344531121,0.950519107167018
2022-08-23,0.0485497133245228,0.0509338383341461,0.953191727001163
2022-08-24,0.0496845350135403,0.0531057307517271,0.935577654430911
2022-08-25,0.0497356370712495,0.053379506641386,0.931736544614085
2022-08-26,0.049890895374345,0.0535338513747847,0.931950421894069
2022-08-29,0.049925082860762,0.0536090786004916,0.931280375714277
2022-08-30,0.0501389756033909,0.0538248320073363,0.931521265065109
2022-08-31,0.0511372111521474,0.0556111269567235,0.919549988475188
2022-09-01,0.0512369788537781,0.0556707371602007,0.920357470861867
2022-09-02,0.0512437271537509,0.0555556925516014,0.922384814232215
2022-09-05,0.0512005115991991,0.0556287604026013,0.920396414168612
2022-09-06,0.0507842018361185,0.0551734505751165,0.920446361551699
2022-09-07,0.0507976863962549,0.0552649599518318,0.919166257254679
2022-09-08,0.0507045171124555,0.055316563358353,0.916624497873818
2022-09-09,0.050689150457756,0.0553225221088736,0.916248003986529
2022-09-13,0.050492823598596,0.0552427614972787,0.914017008383682
2022-09-14,0.0503543804020929,0.0552346917689572,0.911644091592321
2022-09-15,0.0508204038817626,0.0560800330405059,0.906212088802724
2022-09-16,0.0517511214487599,0.0567134474157289,0.912501775273975
2022-09-19,0.0519601959534613,0.0569441474423889,0.912476492971118
2022-09-20,0.0519040019090726,0.0567586044267092,0.914469311452059
2022-09-21,0.0519102847254327,0.0568046219702452,0.913839101906598
2022-09-22,0.051891207202909,0.0568340027882245,0.91303101413192
2022-09-23,0.0519832808133931,0.0568881907186206,0.913779822432953
2022-09-26,0.0532033782775295,0.0573110953772669,0.928325971215571
2022-09-27,0.0524808869278671,0.0558808924515175,0.939156205735256
2022-09-28,0.0532233246718836,0.056215647390267,0.946770643810082
2022-09-29,0.053171321548568,0.0560501539018613,0.94863827923945
2022-09-30,0.053121500994864,0.0561563716679727,0.945956788464672
2022-10-10,0.0532919142973694,0.056680390767727,0.940217835049102
2022-10-11,0.0524690919828079,0.0566127209910509,0.926807457127913
2022-10-12,0.0524609529832891,0.0565862047209139,0.927097925051332
2022-10-13,0.0524782332823132,0.0564325604507342,0.929928269480646
2022-10-14,0.0521137515414095,0.0562216006899868,0.926934681720848
2022-10-17,0.0519788038368923,0.0558113620334562,0.931330143954086
2022-10-18,0.0520298763974565,0.0557603797317043,0.933097598111824
2022-10-19,0.0517644977870061,0.0557090821824231,0.929193154134182
2022-10-20,0.0505847688674622,0.0550390316406683,0.919070836814744
2022-10-21,0.0507021972797709,0.0551450614644356,0.919433144751683
2022-10-24,0.0508821349994418,0.05571373611015,0.913278098938549
2022-10-25,0.0510544942922743,0.0557612480741417,0.915590953494994
2022-10-26,0.050913748522034,0.0557009367210749,0.914055517180744
2022-10-27,0.0510868904333385,0.0559457107027132,0.913151156570452
2022-10-28,0.0535793002492159,0.0569097190553027,0.941478909729805
2022-10-31,0.0541131397265995,0.0571780590577718,0.946396932990056
2022-11-01,0.0540838883800697,0.0571799853130792,0.945853484990292
2022-11-02,0.0540991641624165,0.057171632428949,0.946258867623714
2022-11-03,0.0540595203634043,0.0569898469864026,0.948581602198415
2022-11-04,0.0540005127099827,0.0569701720497132,0.947873435643847
2022-11-07,0.051245676241082,0.0549641584487028,0.932347145620519
2022-11-08,0.0510848406663363,0.0547017562941886,0.933879350995599
2022-11-09,0.0510812811211876,0.0546571703352035,0.934576027407099
2022-11-10,0.0511166268672258,0.0547621092160588,0.93343057086333
2022-11-11,0.0511212960235947,0.0548621762755389,0.931813126895367
2022-11-14,0.0512382526911407,0.0549708548721378,0.932098524032798
2022-11-15,0.0512080405801339,0.0549729445276361,0.931513511239887
2022-11-16,0.0512150511838714,0.0551285347027929,0.929011653583397
2022-11-17,0.0512168371507415,0.0550700117070703,0.930031346700547
2022-11-18,0.0513061672099838,0.0549977706122012,0.932877217364908
2022-11-21,0.0513177453311971,0.0549950358997351,0.933134136411106
2022-11-22,0.051316836536294,0.0551905988129104,0.929811193211581
2022-11-23,0.0512918385566701,0.0552852853892119,0.927766551182152
2022-11-24,0.0512540850672867,0.0548277796763161,0.934819636503115
2022-11-25,0.0512436320363203,0.0548048683201166,0.935019709143446
2022-11-28,0.0511257437255116,0.0548474926180433,0.93214368214697
2022-11-29,0.0502915246519941,0.0527671850423271,0.953083334114808
2022-11-30,0.0502684865936154,0.052387944499015,0.959543022241702
2022-12-01,0.0501098084784769,0.0522041792020655,0.959881167454392
2022-12-02,0.0500993113763125,0.0521337584646409,0.960976397093866
2022-12-05,0.0498029264763911,0.0519096873816359,0.959414879736107
2022-12-06,0.0484794160207691,0.0495448125693046,0.978496304793863
2022-12-07,0.0483646528586463,0.0493752073236092,0.979533160066761
2022-12-08,0.0482670002337854,0.0494152973422052,0.976762315109271
2022-12-09,0.0483269277053021,0.0493717464130648,0.978837720281935
2022-12-12,0.0487115432277921,0.0494126052800851,0.985812080777382
2022-12-13,0.0487028031131843,0.049506520796396,0.983765417761489
2022-12-14,0.0487143929517413,0.0498421945269287,0.97737255379921
2022-12-15,0.0486571519207009,0.0498107823326032,0.976839745174064
2022-12-16,0.0487020628515821,0.0499586808192983,0.974846854498392
2022-12-19,0.0490286087018602,0.0505015168651718,0.970834377762474
2022-12-20,0.0483731581666083,0.0489585448582384,0.98804321710694
2022-12-21,0.0464173526888751,0.0482292032624374,0.962432500414673
2022-12-22,0.0462929490638737,0.0481452951658952,0.961525916589798
2022-12-23,0.0464495654205115,0.0482551193629178,0.962583162859321
2022-12-26,0.0464548095989536,0.0482175171115837,0.963442590613886
2022-12-27,0.0465288939802077,0.0482238071831725,0.964853185553622
2022-12-28,0.046185202370833,0.0478952654175511,0.964295780975221
2022-12-29,0.0444430094412407,0.0471873844355567,0.941840917288732
2022-12-30,0.044447833954296,0.0471895953488484,0.941899027226574
2023-01-03,0.0424945475403249,0.0452543803789603,0.939015122613003
2023-01-04,0.0424502969623284,0.0451666895231545,0.939858497722452
2023-01-05,0.0423081840074361,0.0445019643852212,0.950703740652993
2023-01-06,0.0417186902470659,0.0432802959950255,0.96391878308459
2023-01-09,0.0415939721815441,0.0432448662359506,0.961824507783214
2023-01-10,0.0416269427173758,0.0432673763205519,0.962086131800024
2023-01-11,0.041356266361278,0.0433360469271855,0.954315616991232
2023-01-12,0.0413983980074358,0.0434060556517824,0.953747060998754
2023-01-13,0.0413567927416905,0.0434159152593687,0.952572173006674
2023-01-16,0.0413271957739216,0.0434298467646683,0.951585116057621
2023-01-17,0.0411349724671411,0.043281800463005,0.950398828771024
2023-01-18,0.0410012003081446,0.0429871790231671,0.95380067359265
2023-01-19,0.0408284944807413,0.0429588845583225,0.950408626772212
2023-01-20,0.0403851515416925,0.0422462181961028,0.955947141924717
2023-01-30,0.0400820484068844,0.0420971541748302,0.952132019195953
2023-01-31,0.0399503674547101,0.0421559584602586,0.947680207351286
2023-02-01,0.0393503604708998,0.0415073606815334,0.948033308424903
2023-02-02,0.0338287709254971,0.0374553184713739,0.903176699761651
2023-02-03,0.0326254919652786,0.0369337975242801,0.883350593554069
2023-02-06,0.0328496561056241,0.0370438094507686,0.886778562806329
2023-02-07,0.0328321468636951,0.0370411702770688,0.886369048766815
2023-02-08,0.0329288347676296,0.0371925455653929,0.885361146085936
2023-02-09,0.0329535112357641,0.0372177473790801,0.885424657761182
2023-02-10,0.033030767231025,0.037199270513325,0.887941262697428
2023-02-13,0.0331251658472109,0.0371516192973649,0.891621051079202
2023-02-14,0.0331117122329888,0.0370273775367878,0.894249456367558
2023-02-15,0.03290212933388,0.03667275380542,0.897181856275471
2023-02-16,0.0337433552701449,0.0379008951338757,0.89030496907671
2023-02-17,0.0335834197057765,0.0379143029972243,0.885771781383799
2023-02-20,0.0336746957990513,0.0379472024412993,0.887409179929479
2023-02-21,0.033646505155173,0.0377241312014147,0.891909345122606
2023-02-22,0.0334006632211754,0.0376767150487016,0.886506776878002
2023-02-23,0.0332672595735753,0.0376257717198593,0.884161521556686
2023-02-24,0.0332577756875157,0.0376435462452146,0.883492099040578
2023-02-27,0.0331863260719764,0.0372311575177517,0.891358966106634
2023-02-28,0.03314896656899,0.0368620409021184,0.899271059272386
2023-03-01,0.0330459019934906,0.036652605394654,0.901597625534979
2023-03-02,0.0330286896876286,0.0363912987287018,0.907598542548824
2023-03-03,0.0329794343814437,0.0363510223008082,0.907249158181458
2023-03-06,0.0330519867403414,0.0364718894379239,0.906231819895067
2023-03-07,0.0333014139096815,0.0376547860293483,0.884387283032926
2023-03-08,0.0333559551167983,0.0375244292030039,0.888913058113302
2023-03-09,0.0333118339246051,0.0374948532925814,0.888437505400136
2023-03-10,0.0337380053903522,0.037974830255455,0.888430709588381
2023-03-13,0.0336376474957953,0.0380247352164893,0.884625423537689
2023-03-14,0.0337118181090773,0.0380857168697435,0.885156454436046
2023-03-15,0.0336855869780113,0.0380195151442491,0.886007800210115
2023-03-16,0.0343701854724393,0.038459391266676,0.893674713521017
2023-03-17,0.0333533854796594,0.0383803087700735,0.869023375488481
2023-03-20,0.0336275678740127,0.0382902124554563,0.87822881403785
2023-03-21,0.0334860265028644,0.0378517620497655,0.88466229019507
2023-03-22,0.0334790952726521,0.0377713874504146,0.886361278536633
2023-03-23,0.0332356985042618,0.0374033574139444,0.888575272439879
2023-03-24,0.0314863196094898,0.0361871470704771,0.870096765245623
2023-03-27,0.031634796819607,0.0359335846370007,0.880368522628069
2023-03-28,0.0316904469412408,0.0361705886439778,0.876138545965221
2023-03-29,0.0307836351627444,0.0357385095751334,0.861357553202595
2023-03-30,0.0305119752227925,0.0356342429459753,0.856254341338226
2023-03-31,0.0306319256248757,0.035731782986597,0.857273918750873
2023-04-03,0.0306378477041903,0.0355873610387218,0.860919349171575
2023-04-04,0.0306650334998873,0.0357536652022445,0.857675243263235
2023-04-06,0.0303848849590685,0.0358644608450171,0.847214324240709
2023-04-07,0.0304155338776806,0.0359275768090384,0.846579050943086
2023-04-10,0.030635802197111,0.0366935979006117,0.834908647554572
2023-04-11,0.0305980384196418,0.0366170108112759,0.835623600663201
2023-04-12,0.0306106545872486,0.0366779239636123,0.834579803851959
2023-04-13,0.0305709889275445,0.0371954743102348,0.821900768694662
2023-04-14,0.0304810484362418,0.0371898596416107,0.81960643922779
2023-04-17,0.0305427239946824,0.0373669518939381,0.817372636691763
2023-04-18,0.0305879042479315,0.0375108203573526,0.815442156597248
2023-04-19,0.0305559910167605,0.0376651336801702,0.811254017474721
2023-04-20,0.0309027226528313,0.0377261032747329,0.819133702407278
2023-04-21,0.0320294813379282,0.0399059334922721,0.802624535625279
2023-04-24,0.0323383797110352,0.0401231722726288,0.805977640334679
2023-04-25,0.0338434341051223,0.0416361013729132,0.812838690203102
2023-04-26,0.0339322943733563,0.0420832129985903,0.806314251112265
2023-04-27,0.0341963374394685,0.0425470970613845,0.803729039142953
2023-04-28,0.0344167078737994,0.0426304857393676,0.807326195723285
2023-05-04,0.0346866142767153,0.0428804556930609,0.80891431110254
2023-05-05,0.0349896140528745,0.043226994757045,0.809438968624393
2023-05-08,0.0350213774267474,0.043287887355999,0.809034110136446
2023-05-09,0.0352668251417065,0.043621585160206,0.808471884095557
2023-05-10,0.035177911472962,0.043558182384486,0.807607424075877
2023-05-11,0.0352487021409843,0.0436449924630344,0.807623054828995
2023-05-12,0.0355375963922061,0.0437792722394594,0.811744795523921
2023-05-15,0.035579784687783,0.043826762606554,0.811827809578213
2023-05-16,0.035637248403617,0.0440272218102109,0.809436683450963
2023-05-17,0.0355743312600925,0.0440486413754125,0.807614722027493
2023-05-18,0.035636443632552,0.0440540352503676,0.808925752885591
2023-05-19,0.035716605728347,0.0441094481408148,0.809726877886239
2023-05-22,0.0349686993004725,0.0435112593653696,0.803670126089339
2023-05-23,0.0350233809651708,0.0435573691102336,0.804074756593649
2023-05-24,0.0350200905605052,0.0436085419912522,0.803055753790855
2023-05-25,0.0351846798340854,0.0436307780841313,0.806418802943195
2023-05-26,0.0353507206961137,0.0436350886628017,0.810144353533757
2023-05-29,0.0354735924178979,0.0438965689709063,0.808117655878961
2023-05-30,0.0356343605775066,0.0438575662174805,0.812502007083642
2023-05-31,0.0359967419366837,0.0439674729681597,0.818713005470016
2023-06-01,0.0363068156820806,0.0441105694211014,0.823086533648609
2023-06-02,0.0363344058320616,0.0442236630244382,0.821605523992506
2023-06-05,0.0362330908020518,0.0442529563641827,0.818772208208401
2023-06-06,0.0370156810798832,0.0450391345453446,0.821855958235975
2023-06-07,0.03690532664983,0.0450738189562354,0.818775233704145
2023-06-08,0.0366957046612354,0.0445682494453367,0.823359793528417
2023-06-09,0.0366884413341372,0.0446176121347693,0.822286078943854
2023-06-12,0.0368484594405791,0.0446940613097551,0.824459857993179
2023-06-13,0.0364804055172681,0.0442949420622678,0.823579483770079
2023-06-14,0.036488503962162,0.0442671558551684,0.824279384054934
2023-06-15,0.0363507603449013,0.0442578397675241,0.821340592668853
2023-06-16,0.0364177403121027,0.0442566243470764,0.822876594168179
2023-06-19,0.0356246805084008,0.0439416957499688,0.810726120154935
2023-06-20,0.0357762715223446,0.0439119167317515,0.81472807804984
2023-06-21,0.0356736159382436,0.0440243698468302,0.810315197295485
2023-06-26,0.0358846395707285,0.0445861336586773,0.804838559123294
2023-06-27,0.0359169286745323,0.0446567359751526,0.804289160195605
2023-06-28,0.0359212230590213,0.0449026631523461,0.799979790444667
2023-06-29,0.0359228908623226,0.0448295292614806,0.801322062803571
2023-06-30,0.035787028175811,0.0447982218008959,0.79884930109202
2023-07-03,0.0356937488980737,0.044617832980709,0.799988401801276
2023-07-04,0.0354777282074578,0.0445893870175548,0.795654091263697
2023-07-05,0.0354312777955747,0.0446876316199303,0.792865419606903
2023-07-06,0.0354181940222506,0.0446211438318864,0.793753610523554
2023-07-07,0.0354218650216768,0.0447991042268531,0.790682439593167
2023-07-10,0.0352604232790242,0.0444548612983623,0.793173620369009
2023-07-11,0.0352752818023801,0.0444100977610058,0.794307681829816
2023-07-12,0.035289829581788,0.0445992654750746,0.791264815818785
2023-07-13,0.03514278984325,0.0442568546675799,0.794064334377419
2023-07-14,0.0350597789554596,0.0444277232278205,0.789141923291384
2023-07-17,0.0352048113845013,0.044440595239903,0.792176864293913
2023-07-18,0.0352037115179924,0.0441304292017995,0.797719672224646
2023-07-19,0.0352002885136168,0.0441648712554915,0.797020063977657
2023-07-20,0.0351042559475784,0.0443323153293921,0.791843504828281
2023-07-21,0.035067336922288,0.0442250950178953,0.792928469867578
2023-07-24,0.0351813795185551,0.0441135229294669,0.79751915472284
2023-07-25,0.0347367105003348,0.0439925254138922,0.78960482885498
2023-07-26,0.0335899702561083,0.0420701751672683,0.798427154689914
2023-07-27,0.0333294813813316,0.0418081202988536,0.797201145210192
2023-07-28,0.0315002628482304,0.0402388616231233,0.782831858993962
2023-07-31,0.0314248977775877,0.039779569677601,0.789975810001844
2023-08-01,0.0311551178131103,0.0394632536042556,0.789471596172462
2023-08-02,0.0310891357487446,0.0393428846230157,0.7902098701364
2023-08-03,0.030861273870228,0.039260450571687,0.786065198459129
2023-08-04,0.0305031379190915,0.0388897851148378,0.784348327691158
2023-08-07,0.0306071192070725,0.0391433177141315,0.781924501918822
2023-08-08,0.0304191473892594,0.0388600095540096,0.782787954464638
2023-08-09,0.0304098850439096,0.0389987274976647,0.779766084565981
2023-08-10,0.0303362540051299,0.0390074488924291,0.777704127454944
2023-08-11,0.0306478496660228,0.0393045202345205,0.779753816689649
2023-08-14,0.0306097303534367,0.0393230623050701,0.778416749844279
2023-08-15,0.030541260752422,0.0391830412159146,0.779451002389713
2023-08-16,0.0305997503057204,0.0392479237499776,0.779652714896487
2023-08-17,0.0305540115639126,0.0392157920497862,0.779125193369111
2023-08-18,0.0306811637503436,0.0397050216730843,0.772727540686423
2023-08-21,0.0308689982535089,0.0396620802318575,0.778300030483884
2023-08-22,0.0309427971309868,0.0394807460364927,0.783743982506964
2023-08-23,0.031263896913829,0.0398784472615442,0.783979795120496
2023-08-24,0.0311631181539954,0.0399541801855789,0.779971407478496
2023-08-25,0.0311278387595464,0.0406484419155517,0.765781842861662
2023-08-28,0.030919761930435,0.0404139147071865,0.765077131341021
2023-08-29,0.0307565103854206,0.0404193218644737,0.760935833820949
2023-08-30,0.0305293525642672,0.0402656635444254,0.75819817375129
2023-08-31,0.0305784673727151,0.040233657064043,0.760022071173918
2023-09-01,0.0306366409717642,0.0401869733219838,0.762352534645967
2023-09-04,0.0305665604890994,0.0400300978784426,0.763589451665077
2023-09-05,0.0295543509701023,0.0387782566912921,0.762137174071027
2023-09-06,0.0295503362268932,0.0387039997994134,0.76349566918252
2023-09-07,0.0298894148046086,0.038844448601462,0.769464257589786
2023-09-08,0.0300789924431754,0.0387438814870633,0.776354647203296
2023-09-11,0.0299796374381092,0.0387252129048489,0.774163269593164
2023-09-12,0.0299295309849428,0.0387793887429771,0.771789653088925
2023-09-13,0.0299556240945118,0.0389031768920189,0.770004572574054
2023-09-14,0.0299442582821665,0.0388481491070328,0.770802701556394
2023-09-15,0.0299720138160135,0.0389406485348066,0.769684505619455
2023-09-18,0.0298708331483107,0.0388843459486977,0.768196877677227
2023-09-19,0.0297530862346635,0.038995572100889,0.76298627335654
2023-09-20,0.0297535038064053,0.0387028680153957,0.768767415235728
2023-09-21,0.0295267114373869,0.0377660562943514,0.781832002983143
2023-09-22,0.0296008459095454,0.0377785201217422,0.783536406777078
2023-09-25,0.0297301887316746,0.037505525923797,0.792688223918787
2023-09-26,0.0298593972979421,0.0375721900452139,0.794720703318322
2023-09-27,0.0298367162677315,0.0375889238964734,0.793763512621623
2023-09-28,0.0298440648465446,0.0376104662765343,0.793504250309302
2023-10-09,0.0301417272670023,0.0376741241412502,0.800064446196363
2023-10-10,0.0303464344748204,0.0376787549282705,0.805399077878006
2023-10-11,0.0303042815425778,0.0377770362256595,0.802187904883709
2023-10-12,0.030243548595326,0.0375403015468573,0.805628813545261
2023-10-13,0.0304474673535394,0.0375558986670813,0.81072397237634
2023-10-16,0.0305310474831697,0.0377386841870758,0.809011976459569
2023-10-17,0.0304287454813333,0.0377331059153141,0.806420376568674
2023-10-18,0.031002576333728,0.0379864083034008,0.816149189102262
2023-10-19,0.0313059424609925,0.0386761222308272,0.80943850249909
2023-10-20,0.0311237961692782,0.0391727663872004,0.794526377372413
2023-10-23,0.0328546374843195,0.0401857604746943,0.817569136336454
2023-10-24,0.0329664949263503,0.040244914217582,0.819146855379508
2023-10-25,0.0329545713428116,0.0398609006325751,0.826739256259566
2023-10-26,0.0330496842441952,0.0397899670347317,0.830603458790174
2023-10-27,0.0328833233247302,0.0398755421973107,0.824648932972952
2023-10-30,0.0330083615957525,0.0400902984346295,0.8233503586803
2023-10-31,0.0331280222187926,0.0402211648105398,0.823646514834686
2023-11-01,0.0331092997314436,0.0401612065149264,0.824409986765166
2023-11-02,0.0331853279269416,0.0403460907882467,0.822516563032393
2023-11-03,0.0331711241053536,0.040273178523188,0.823652994914586
2023-11-06,0.0332260659691647,0.0401542351025562,0.827461060690196
2023-11-07,0.0329826537021976,0.0401567165642689,0.821348370188844
2023-11-08,0.0328957606701861,0.0399232542378344,0.823974931357463
2023-11-09,0.0328535665145011,0.0402723399703861,0.815784892029111
2023-11-10,0.0327733823331154,0.0399741220612148,0.819864968714699
2023-11-13,0.032663581636078,0.0398111888294013,0.820462352331345
2023-11-14,0.0326712770432857,0.0396435350256307,0.824126229463713
2023-11-15,0.032643047097428,0.0395119715491122,0.826155866630286
2023-11-16,0.0320389823677875,0.0392154459242592,0.816999057709752
2023-11-17,0.0320814368451731,0.0391192427582353,0.820093503431106
2023-11-20,0.0320146618544652,0.0389816239012834,0.82127573585797
2023-11-21,0.0319409182538201,0.0389035055325074,0.821029308711797
2023-11-22,0.0320302384360645,0.0390766520964653,0.819677140124339
2023-11-23,0.0318647511030006,0.0386043547300775,0.825418565490852
2023-11-24,0.0316845747194787,0.0386033189257089,0.820773332480942
2023-11-27,0.031455578618194,0.0387937815779191,0.810840741447543
2023-11-28,0.0309985198004205,0.0382667751757965,0.810063551423242
2023-11-29,0.0309141761356026,0.0382324430797664,0.808584899246556
2023-11-30,0.030752155023215,0.0375874898703722,0.818148674712513
2023-12-01,0.0307294100353511,0.0376621775725314,0.815922286388542
2023-12-04,0.0307543712582552,0.03769632516864,0.815845340909787
2023-12-05,0.0309170046650864,0.0383174449061503,0.806864986452267
2023-12-06,0.030639622567859,0.0383579523180981,0.798781496826737
2023-12-07,0.0308145597623006,0.038549895527812,0.799342237907473
2023-12-08,0.0313711341896762,0.0391240165356841,0.801838281636125
2023-12-11,0.0313723324516131,0.0391459761377577,0.80141908688677
2023-12-12,0.031312738368073,0.0391375946645436,0.800068032705151
2023-12-13,0.0310356207243117,0.0389440933026961,0.796927546446769
2023-12-14,0.0309460307225676,0.0390057303621831,0.793371395310942
2023-12-15,0.0309588399664351,0.039058775390447,0.792621879640573
2023-12-18,0.0314504253494329,0.0391981284306575,0.802345076374489
2023-12-19,0.0316760229338441,0.0391272712874034,0.809563812952164
2023-12-20,0.0317222856529081,0.0393944421718732,0.805247743184372
2023-12-21,0.0316467319787844,0.0393161245328702,0.804930098141443
2023-12-22,0.0316792740743736,0.0395618788528407,0.800752517144389
2023-12-25,0.031640289034615,0.0394639320519289,0.801752065480472
2023-12-26,0.0315516283236215,0.0395181620374051,0.798408293729778
2023-12-27,0.0315638130181519,0.0395537403788743,0.797998184642234
2023-12-28,0.0316065285946247,0.039564926305976,0.798852204353804
2023-12-29,0.0314335793874569,0.0395313602736059,0.795155521335407
2024-01-02,0.0312615594583664,0.0395532919682022,0.790365552467751
2024-01-03,0.0312583365325989,0.0396876721843988,0.787608212126044
2024-01-04,0.0313788102532874,0.039705104777015,0.790296623809751
2024-01-05,0.031500102922545,0.0401418980128967,0.784718822025423
2024-01-08,0.0318077799508124,0.04052666817551,0.784860472937513
2024-01-09,0.0317424819327671,0.0404218590707946,0.785280109882465
2024-01-10,0.0318675255629009,0.040622773500161,0.784474392492541
2024-01-11,0.0316982563784776,0.040552358530153,0.781662461257539
2024-01-12,0.0315478960063176,0.0404421718368489,0.780074228792351
2024-01-15,0.0316626002630431,0.0401358427442795,0.788885895950345
2024-01-16,0.0310756087546688,0.0397241059738078,0.782285919163506
2024-01-17,0.0318534185161811,0.0396822003918636,0.802713009904367
2024-01-18,0.0326306280105146,0.0392998978702708,0.830298035842955
2024-01-19,0.0312763918436058,0.038647830866708,0.809266423036122
2024-01-22,0.0394548238994453,0.0455675591142137,0.86585335414945
2024-01-23,0.0396088958733482,0.0457896178394626,0.86501914063175
2024-01-24,0.0394051241642577,0.0456681618096935,0.862857680334608
2024-01-25,0.0393198119637748,0.0455092666648272,0.863995727581434
2024-01-26,0.0392178293684139,0.0454797368480751,0.862314342306352
2024-01-29,0.0401813224254586,0.0469227458325043,0.856329307088934
2024-01-30,0.0413322068626839,0.0483642596709749,0.854602285734746
2024-01-31,0.0443629351726102,0.0526743576157183,0.842211223462023
2024-02-01,0.0450280356158769,0.0531175165431189,0.847705964930134
2024-02-02,0.0478460509664611,0.0560878942644783,0.853054863155435
2024-02-05,0.0565821910644657,0.0656896494765117,0.861356264120386
2024-02-06,0.057124703475931,0.0660091156890815,0.865406283353375
2024-02-07,0.0580166467361695,0.0667003586490885,0.869810116635143
2024-02-08,0.0580562308229149,0.0666941551282365,0.870484538132119
2024-02-19,0.058167789968586,0.0667073815437195,0.871984308520089
2024-02-20,0.0581249082346385,0.0667269592938473,0.871085822728296
2024-02-21,0.058128657879302,0.0667307862703841,0.871092057027061
2024-02-22,0.0581085755039001,0.0667124321958606,0.871030684854953
2024-02-23,0.0581544963235919,0.0667153808056622,0.871680497380242
2024-02-26,0.0583971278683092,0.0667076114091889,0.875419260781164
2024-02-27,0.0583956874107769,0.0667051532522465,0.875429926529856
2024-02-28,0.0598936015834202,0.0702193803865806,0.852949730596972
2024-02-29,0.0598929006880395,0.070187525880673,0.853326854544844
2024-03-01,0.059905346205858,0.0702001976952836,0.853350106874167
2024-03-04,0.0599170510793563,0.070016663801264,0.855754156602283
2024-03-05,0.0599522953830884,0.0700195277952439,0.856222503505096
2024-03-06,0.0599550974474224,0.0700341719281996,0.856083477489954
2024-03-07,0.0599356018358751,0.0700341430894678,0.855805457051256
2024-03-08,0.0599231223206393,0.0699469843536162,0.856693435383843
2024-03-11,0.0600282392011271,0.0699482949123574,0.858180164024588
2024-03-12,0.060357782161439,0.0699754021554576,0.862557131538136
2024-03-13,0.0603862793096392,0.0699431545830006,0.863362249953706
2024-03-14,0.060320853071526,0.0698282252194357,0.863846286826957
2024-03-15,0.0602587549927431,0.0696833100041437,0.86475161683852
2024-03-18,0.060255553781548,0.069678935467314,0.864759964793284
2024-03-19,0.0603195205881255,0.069686361579261,0.865585736163285
2024-03-20,0.0602890318089904,0.0696070873878456,0.866133522769949
2024-03-21,0.0603552943281704,0.0696024576531546,0.867143149297041
2024-03-22,0.0604730502512773,0.0695984270533883,0.868885301170514
2024-03-25,0.0605476195229661,0.0697142701220249,0.868511130030998
2024-03-26,0.0605493313531991,0.0697282111018505,0.868362035916224
2024-03-27,0.0607490695985278,0.0702715886407188,0.864489771380048
2024-03-28,0.0607252233680545,0.0702716440486802,0.864149746176245
2024-03-29,0.0607186938663129,0.0702736387196802,0.86403230247573
2024-04-01,0.0607270985832306,0.0702676140194621,0.86422599416014
2024-04-02,0.0607041683682747,0.0703372505370457,0.863044374137181
2024-04-03,0.0608540769223134,0.0703541671988397,0.864967625163176
2024-04-08,0.0608634754902227,0.0706003249123842,0.862084920512122
2024-04-09,0.0609200541104543,0.0706480002452172,0.862304012838332
2024-04-10,0.0610190066887775,0.0706612617071655,0.863542558037706
2024-04-11,0.0611867000017441,0.0706289809072919,0.866311522773607
2024-04-12,0.0612724734047948,0.0706935723188538,0.866733302547417
2024-04-15,0.0621361032706264,0.0711388837747025,0.873447824503573
2024-04-16,0.0657622936413516,0.074568061703115,0.881909655948647
2024-04-17,0.0657472163011794,0.074559962697763,0.881803234903604
2024-04-18,0.0658118269909111,0.0745779337344019,0.882457098171827
2024-04-19,0.065868662300362,0.0746250332950608,0.882661747565634
2024-04-22,0.066532606816267,0.0747987142900598,0.889488642254761
2024-04-23,0.0673294714890949,0.0748891468821766,0.899055127374126
2024-04-24,0.0673612040276872,0.0749493720485417,0.89875608276024
2024-04-25,0.0672743068507815,0.0748678842416228,0.89857363450616
2024-04-26,0.067251040009063,0.0749710586596637,0.897026682180836
2024-04-29,0.067193428585333,0.0749232922406731,0.896829631691708
2024-04-30,0.0644628022749894,0.0731803090080312,0.880876333385187
2024-05-06,0.0645390412858107,0.073103839383886,0.882840652826736
2024-05-07,0.0645659559553484,0.0731468938351081,0.88268896422173
2024-05-08,0.0645863505040773,0.0731922303606004,0.882420855135524
2024-05-09,0.0645710450306944,0.0731140574883203,0.88315499438681
2024-05-10,0.0644916946406911,0.0728687610660599,0.885038989234708
2024-05-13,0.064313751671573,0.0725483459596859,0.886495078844543
2024-05-14,0.063693848783725,0.0713454807307316,0.892752394844951
2024-05-15,0.0637385920091174,0.071298287667523,0.893970866542297
2024-05-16,0.0625834706689461,0.0701549900232363,0.892074400526856
2024-05-17,0.0553105944071447,0.0617397754831455,0.895866464921695
2024-05-20,0.0550747961071155,0.0616844754136458,0.892846956025696
2024-05-21,0.0540550876523666,0.0606012452949586,0.89197981640921
2024-05-22,0.0541064954940052,0.0606458991003669,0.892170720471319
2024-05-23,0.0546876175855281,0.0607003818982465,0.900943550523327
2024-05-24,0.0547141955609816,0.0608268866264901,0.899506757545496
2024-05-27,0.0548311638460482,0.0609496933254349,0.899613449296333
2024-05-28,0.0548716195640172,0.0610320075003607,0.899062996800374
2024-05-29,0.0548592063762965,0.0610642774832975,0.898384597955847
2024-05-30,0.0553664188227689,0.0611432393208139,0.905519881474802
2024-05-31,0.0556633076309614,0.0612110406726818,0.909367117749456
2024-06-03,0.0538379028459391,0.0560537699784115,0.960468900961953
2024-06-04,0.0539199173085243,0.0562527373922101,0.958529661100389
2024-06-05,0.0540800962891893,0.056490106338647,0.957337484284235
2024-06-06,0.0550809282233837,0.0579165516041696,0.95103949903361
2024-06-07,0.0550213682859084,0.0579777993946073,0.949007531510865
2024-06-11,0.0550566321979877,0.05795771308405,0.949944869600787
2024-06-12,0.0550423483975109,0.057737782726233,0.953315936264774
2024-06-13,0.0551960628208451,0.0577820543114855,0.955245767540556
2024-06-14,0.0551741518908866,0.0577921787350733,0.954699288009403
2024-06-17,0.0550958205449853,0.0576917482165183,0.955003484002766
2024-06-18,0.0550874977623415,0.0577054045770757,0.954633247372219
2024-06-19,0.0550757767480256,0.0577579079142304,0.953562529131289
2024-06-20,0.05520687756929,0.0580823730049735,0.950492803807495
2024-06-21,0.055194430049016,0.0581497990034768,0.949176626486979
2024-06-24,0.0556109131577551,0.0587347046778013,0.946815234073581
2024-06-25,0.0556292460730547,0.0588159690664019,0.945818745420151
2024-06-26,0.0555542454584738,0.0588121666970841,0.944604638434927
2024-06-27,0.0556059221870394,0.0590078042352427,0.942348608081718
2024-06-28,0.0553385508949647,0.0586687118914966,0.943237870933815
2024-07-01,0.0552499474427062,0.0586683127896895,0.941734043737763
2024-07-02,0.0548600256083728,0.0569495265397578,0.963309599599107
2024-07-03,0.0548708995001579,0.0570332730013043,0.962085754729579
2024-07-04,0.0549005048006163,0.0571425850736374,0.960763408408426
2024-07-05,0.0548491873811866,0.0571225731392447,0.96020162200123
2024-07-08,0.0549307895877998,0.0572061378292077,0.960225452586905
2024-07-09,0.0547676141914083,0.05709546823861,0.959228742332521
2024-07-10,0.055367077258098,0.0567738033126859,0.975222268502248
2024-07-11,0.0553274024411981,0.0567179628010458,0.975482893052321
2024-07-12,0.0551663269824474,0.0566556153684295,0.973713313741324
2024-07-15,0.0549772765912038,0.0568408646350585,0.967213939199912
2024-07-16,0.0548833470897062,0.0567394069496415,0.967287993306264
2024-07-17,0.0530700637529995,0.0553007150065528,0.959663247513365
2024-07-18,0.0467009994097558,0.0478927305060433,0.975116660008827
2024-07-19,0.0467509950763401,0.0479178073811019,0.975649714197441
2024-07-22,0.0466698638784425,0.0479409153616892,0.973487125273742
2024-07-23,0.0470293406027371,0.0485097639452751,0.969481951216911
2024-07-24,0.0460426709405325,0.0484342078942265,0.950622977897838
2024-07-25,0.045185287721678,0.0484683244052237,0.932264283450412
2024-07-26,0.0450893555428328,0.0483987711011942,0.93162190933646
2024-07-29,0.0451189614037254,0.0483747452899523,0.932696619554022
2024-07-30,0.0451191693374879,0.0482264649222923,0.935568663599723
2024-07-31,0.0450404516127983,0.0481608586631678,0.935208649991203
2024-08-01,0.0448134323057723,0.0477443387321792,0.938612482563687
2024-08-02,0.0447599697674498,0.0479686014853611,0.933109750575268
2024-08-05,0.0451085243940802,0.049265120730834,0.915628008719112
2024-08-06,0.0450685390193979,0.0493784119770039,0.912717465283956
2024-08-07,0.0450729346764149,0.0494615726457978,0.911271766451693
2024-08-08,0.0448864708788982,0.0495561181017753,0.905770520336422
2024-08-09,0.0447687190845214,0.0494815749369828,0.904755338558574
2024-08-12,0.0448987761912205,0.0496245223481701,0.904769941687432
2024-08-13,0.0447309011393408,0.0495887117378958,0.902037975411999
2024-08-14,0.0447721387262069,0.0495601004847785,0.903390798006108
2024-08-15,0.0447783347411777,0.0495659753984672,0.90340872707939
2024-08-16,0.0447968822676057,0.0495824660033186,0.903482337175552
2024-08-19,0.0446372464990178,0.0496321735192462,0.899361106595674
2024-08-20,0.0448916034210472,0.049874660369508,0.900088403378735
2024-08-21,0.0440949121061671,0.0497814614766194,0.885769738336768
2024-08-22,0.0441986569113624,0.0498026551680664,0.887475913928836
2024-08-23,0.0442429867868002,0.0498343879152221,0.887800345056231
2024-08-26,0.0442538122614026,0.0499246885031666,0.886411384591727
2024-08-27,0.0442715701172755,0.0503017119648728,0.880120544370172
2024-08-28,0.0435170120435602,0.0502142453550848,0.866626825432389
2024-08-29,0.043289443145699,0.0501374409497795,0.863415490013944
2024-08-30,0.0422412054084932,0.0496447119114531,0.850870189031112
2024-09-02,0.0423993051752706,0.0498893935895579,0.849866116315052
2024-09-03,0.042085559820777,0.0495996933061587,0.848504436529477
2024-09-04,0.0405721565811611,0.0475876463105551,0.852577501236115
2024-09-05,0.0406021573613216,0.047626276837,0.852515881102395
2024-09-06,0.040708242132481,0.0477355838672576,0.852786094450669
2024-09-09,0.0408931692938119,0.047905034702827,0.85362988561615
2024-09-10,0.0407644684981155,0.0480548776604321,0.848289923577947
2024-09-11,0.0408399552560212,0.0482479043765143,0.846460707128679
2024-09-12,0.0405776945013388,0.0482915232871195,0.840265366244138
2024-09-13,0.0406977542540993,0.048632388817652,0.836844647025182
2024-09-18,0.0407113661891108,0.0486703373184248,0.836471831348886
2024-09-19,0.0402650339644727,0.0480874963505887,0.83732855773806
2024-09-20,0.0402632216470841,0.0480434066680463,0.838059255982427
2024-09-23,0.0386833518572667,0.0465894491857794,0.830302837516141
2024-09-24,0.0385556475484626,0.0465149788338763,0.828886705208667
2024-09-25,0.0385815992642716,0.04663762934353,0.827263302345019
2024-09-26,0.0381321923644092,0.0462609955679021,0.82428386800363
2024-09-27,0.0381272035279476,0.0461979462165951,0.825300833703548
2024-09-30,0.0381272035279476,0.0461185884043325,0.826720956714403
2024-10-08,0.0380036604908369,0.0458803997090751,0.828320170090407
2024-10-09,0.0529088967277657,0.0586152090245983,0.90264792377627
2024-10-10,0.0523306794079917,0.0587674521841812,0.890470446872254
2024-10-11,0.0540242854241144,0.0617370380840757,0.875070899101803
2024-10-14,0.0533498896272105,0.061293643167712,0.870398411157162
2024-10-15,0.0539563251035709,0.0615690123813348,0.876355215337648
2024-10-16,0.0531272541749414,0.0614072987108344,0.865161882875136
2024-10-17,0.0535800557633321,0.0614925373832955,0.871326148559404
2024-10-18,0.0535106865784458,0.0614384195453659,0.870964568659415
2024-10-21,0.0535463980728178,0.061164263050843,0.875452354070009
2024-10-22,0.0535299189947692,0.0613016919257012,0.873220906523241
2024-10-23,0.0533531964560444,0.0611345432860644,0.872717674627764
2024-10-24,0.0535252482202425,0.0614154338066462,0.871527642200748
2024-10-25,0.053426575072853,0.0613996712222997,0.870144318516303
2024-10-28,0.0534221603428107,0.0613944645568397,0.870146205010906
2024-10-29,0.054154604597939,0.0615064091754653,0.880470918785829
2024-10-30,0.0542047523787254,0.0615328575742825,0.880907445478043
2024-10-31,0.0542339369191325,0.0615166503957815,0.881613946308943
2024-11-01,0.0553237435913687,0.0652651165908536,0.847677082049708
2024-11-04,0.0556235332396944,0.0654401912453183,0.849990383297876
2024-11-05,0.0555961620812656,0.0654013019809597,0.850077298116349
2024-11-06,0.0557060393671358,0.0654865924611685,0.850648007073628
2024-11-07,0.0557096813870638,0.0656881308668926,0.848093569597091
2024-11-08,0.0558013745951147,0.0656176527381117,0.850401870024594
2024-11-11,0.0554052922731127,0.0645994921140557,0.857673806092625
2024-11-12,0.0555393770555896,0.064940489637956,0.855234959964458
2024-11-13,0.0556989270080287,0.0650015102354781,0.856886660113753
2024-11-14,0.056521234938088,0.0660311392744462,0.855978490741587
2024-11-15,0.0570765468911875,0.0663814225882927,0.859827112250737
2024-11-18,0.0574350044246122,0.0671394628807268,0.855458205357488
2024-11-19,0.0574988008183231,0.0672907904747664,0.854482469482726
2024-11-20,0.0574039507072876,0.0673232595740098,0.852661488325328
2024-11-21,0.0573916785762015,0.0673840407724505,0.851710255400203
2024-11-22,0.0587081523488019,0.0685633014109179,0.856262040197692
2024-11-25,0.0587848762870441,0.0687308303054692,0.855291228489151
2024-11-26,0.0590533069751414,0.0690057449118032,0.855773777250255
2024-11-27,0.0592641267499911,0.0690564071375245,0.858198814658396
2024-11-28,0.0592094739380395,0.068994986938944,0.858170666666493
2024-11-29,0.0590963485172134,0.0689993601453673,0.856476761417927
2024-12-02,0.0590411041262548,0.0688383969020492,0.857676918453881
2024-12-03,0.0590304203976723,0.0686554455204575,0.859806821588287
2024-12-04,0.0591050431024696,0.0689096837120343,0.857717521233486
2024-12-05,0.0591029967011286,0.0689405709309787,0.857303557295758
2024-12-06,0.0590882852045787,0.0689682431483053,0.856746272012739
2024-12-09,0.0589038182828467,0.0688092925717319,0.856044526565085
2024-12-10,0.0589545853425245,0.0688732423859826,0.855986785290701
2024-12-11,0.0589621498480626,0.0688637354909383,0.856214804900054
2024-12-12,0.0589487234053104,0.0689352806124345,0.855131405596647
2024-12-13,0.0592468045572043,0.0690679294151616,0.857804846024509
2024-12-16,0.0592279730468415,0.069256528960388,0.855196960285399
2024-12-17,0.0603513588995394,0.0703864154261402,0.857429072558311
2024-12-18,0.0602936765653649,0.0703421944938892,0.857148074483272
2024-12-19,0.0602922660701159,0.0704367613284453,0.855977261489553
2024-12-20,0.0603668701926017,0.0702502596271577,0.859311702376468
2024-12-23,0.0618106837439865,0.0718568581866751,0.860191849515743
2024-12-24,0.0618423394070891,0.0719285845485815,0.859774174553928
2024-12-25,0.0620670626826447,0.0721217592816655,0.86058719727353
2024-12-26,0.0620957881644647,0.0721513174146063,0.86063276998313
2024-12-27,0.062174795980409,0.0722153243547634,0.860964020253797
2024-12-30,0.0622570931284326,0.0723140569984786,0.860926571022595
2024-12-31,0.0625729356249528,0.073026930224435,0.856847404548517
2025-01-02,0.0628993752949846,0.0736156471189619,0.854429428479248
2025-01-03,0.0633983132746803,0.0743056251109649,0.853210146338234
2025-01-06,0.0634222321520043,0.0744802853379513,0.851530466944756
2025-01-07,0.051196612896427,0.065046796620014,0.78707354638083
2025-01-08,0.0511771600129663,0.0648554816556169,0.789095365673442
2025-01-09,0.050302787816935,0.0631672316856041,0.796343079704712
2025-01-10,0.0505862433158308,0.0637369986760156,0.79367156230509
2025-01-13,0.0501795744513724,0.0636410218145866,0.788478453371898
2025-01-14,0.0501394166644031,0.0636382393219152,0.787881896146937
2025-01-15,0.050002538051284,0.0637716957537742,0.784086693324674
2025-01-16,0.0500193289266769,0.0637892967655167,0.78413356884217
2025-01-17,0.0499858841484173,0.0638570747610585,0.782777543998929
2025-01-20,0.0501777695133076,0.0638225842845081,0.786207109533912
2025-01-21,0.0502817872910992,0.063771935514158,0.7884626189515
2025-01-22,0.0502935751581325,0.0635879778840913,0.790928990536672
2025-01-23,0.0503484837920149,0.0636714719618959,0.790754198711566
2025-01-24,0.0503808789392619,0.0636378798322034,0.791680663656666
2025-01-27,0.0495114096134109,0.063977059030831,0.773893179265258
