date,Change_TY3M,Slope,TED,RealEstate_excess,MKreturn,MKvol,CarbonVol_Shenzhen,CarbonVol_Guangdong,CarbonVol_Hubei
2014-10-15,0,0.62,0.62,0,0,0,0,0,0
2014-10-16,0,0.66,0.76,0,0,0,0,0,0.02
2014-10-17,0,0.64,0.64,0,0,0,0,0,0.02
2014-10-20,0,0.58,0.56,0,0,0,0,0,0
2014-10-21,0,0.76,0.54,0,0,0,0,0,0.02
2014-10-22,0,0.78,0.52,0,0,0,0,0,0.02
2014-10-23,0,0.78,0.56,0,0,0,0,0,0.04
2014-10-24,0,0.7,0.46,0,0,0,0,0,0
2014-10-27,0,0.76,0.5,0.02,0,0,0,0,0.02
2014-10-28,0,0.86,0.48,0,0,0,0,0,0.02
2014-10-29,0,0.8,0.46,0,0,0,0,0,0
2014-10-30,0,0.78,0.46,0,0,0,0,0,0
2014-10-31,0,0.78,0.48,0,0,0,0,0,0
2014-11-03,0,0.7,0.48,0,0,0,0,0,0
2014-11-04,0,0.74,0.4,0,0,0,0,0,0
2014-11-05,0,0.714285714285714,0.510204081632653,0,0,0,0.0408163265306122,0,0
2014-11-06,0,0.795918367346939,0.571428571428571,0,0,0,0.0408163265306122,0,0.0204081632653061
2014-11-07,0,0.877551020408163,0.489795918367347,0,0,0,0,0,0.0204081632653061
2014-11-10,0,0.795918367346939,0.469387755102041,0,0,0,0.0204081632653061,0,0.0204081632653061
2014-11-11,0,0.816326530612245,0.428571428571429,0,0,0,0.0408163265306122,0,0.0204081632653061
2014-11-12,0,0.816326530612245,0.489795918367347,0,0,0,0.0612244897959184,0,0.0204081632653061
2014-11-13,0,0.816326530612245,0.530612244897959,0,0,0,0.0612244897959184,0,0.0204081632653061
2014-11-14,0,0.816326530612245,0.653061224489796,0,0,0,0.0816326530612245,0,0.0204081632653061
2014-11-17,0.0204081632653061,0.816326530612245,0.571428571428571,0,0,0,0.163265306122449,0,0
2014-11-18,0,0.73469387755102,0.571428571428571,0.0204081632653061,0,0,0.183673469387755,0,0
2014-11-19,0,0.795918367346939,0.612244897959184,0,0,0,0.122448979591837,0,0
2014-11-20,0,0.836734693877551,0.653061224489796,0,0,0,0.142857142857143,0,0
2014-11-21,0,0.816326530612245,0.673469387755102,0,0,0,0.102040816326531,0,0
2014-11-24,0,0.816326530612245,0.693877551020408,0,0,0,0.183673469387755,0,0
2014-11-25,0,0.795918367346939,0.673469387755102,0,0,0,0.102040816326531,0,0
2014-11-26,0,0.755102040816326,0.653061224489796,0,0,0,0.122448979591837,0,0
2014-11-27,0,0.857142857142857,0.63265306122449,0,0,0,0.163265306122449,0,0
2014-11-28,0,0.78,0.78,0,0,0,0.1,0,0
2014-12-01,0,0.82,0.7,0.02,0,0,0.1,0,0
2014-12-02,0,0.76,0.72,0.04,0,0,0.08,0,0
2014-12-03,0,0.78,0.7,0,0,0,0.04,0,0
2014-12-04,0,0.8,0.72,0.02,0,0,0.08,0,0
2014-12-05,0,0.76,0.66,0.04,0,0,0.06,0,0
2014-12-08,0,0.76,0.6,0.06,0,0,0.02,0,0
2014-12-09,0,0.82,0.58,0.06,0,0,0.06,0,0
2014-12-10,0,0.76,0.56,0.06,0.02,0,0.06,0,0
2014-12-11,0,0.76,0.48,0.02,0.02,0,0.1,0,0
2014-12-12,0,0.84,0.54,0.06,0.04,0,0.1,0,0
2014-12-15,0,0.8,0.52,0.06,0,0,0.08,0,0
2014-12-16,0,0.74,0.54,0.06,0,0,0.04,0,0
2014-12-17,0,0.74,0.52,0.08,0.02,0,0.02,0,0
2014-12-18,0,0.84,0.58,0.06,0,0,0,0,0
2014-12-19,0.02,0.62,0.6,0.02,0,0,0,0,0
2014-12-22,0,0.68,0.52,0.04,0.02,0,0,0,0
2014-12-23,0,0.64,0.76,0.06,0,0,0,0,0
2014-12-24,0,0.64,0.86,0.06,0,0,0.02,0,0
2014-12-25,0.02,0.62,0.86,0.04,0,0,0.02,0,0
2014-12-26,0.04,0.74,0.78,0.08,0,0,0.02,0,0
2014-12-29,0,0.7,0.76,0.08,0,0,0,0,0
2014-12-30,0,0.62,0.92,0.08,0,0,0,0,0
2014-12-31,0,0.54,0.8,0.1,0,0,0,0,0
2015-01-05,0,0.54,0.82,0.06,0,0,0,0,0
2015-01-06,0,0.56,0.84,0.04,0,0,0,0,0
2015-01-07,0.02,0.52,0.74,0.06,0,0,0,0,0
2015-01-08,0,0.5,0.76,0.04,0,0,0,0,0
2015-01-09,0,0.46,0.78,0.1,0,0,0,0,0
2015-01-12,0,0.66,0.84,0.06,0,0,0,0,0
2015-01-13,0,0.56,0.84,0.06,0.02,0,0.02,0,0
2015-01-14,0,0.66,0.82,0.02,0,0,0,0,0
2015-01-15,0,0.58,0.84,0.02,0,0,0,0,0
2015-01-16,0,0.56,0.8,0,0,0,0,0,0
2015-01-19,0,0.46,0.82,0,0,0,0,0,0
2015-01-20,0,0.46,0.92,0,0,0,0,0,0
2015-01-21,0.02,0.36,0.82,0.06,0,0,0,0,0
2015-01-22,0.04,0.32,0.8,0.04,0.02,0,0,0,0
2015-01-23,0.02,0.3,0.8,0.06,0.02,0,0,0,0
2015-01-26,0.02,0.34,0.8,0.06,0.02,0,0,0,0
2015-01-27,0,0.3,0.78,0.06,0.02,0,0,0,0
2015-01-28,0,0.28,0.8,0.06,0,0,0,0,0
2015-01-29,0,0.38,0.78,0.04,0,0,0,0,0
2015-01-30,0,0.34,0.72,0.06,0.02,0,0,0,0
2015-02-02,0,0.34,0.76,0.04,0,0,0,0,0
2015-02-03,0,0.36,0.78,0.06,0,0,0,0,0
2015-02-04,0,0.26,0.82,0.06,0,0,0,0,0
2015-02-05,0,0.38,0.76,0.06,0,0,0,0,0
2015-02-06,0,0.34,0.82,0.04,0,0,0,0,0
2015-02-09,0,0.32,0.76,0.04,0,0,0,0,0
2015-02-10,0,0.28,0.8,0.08,0.02,0,0,0,0
2015-02-11,0,0.26,0.88,0.08,0,0,0,0,0
2015-02-12,0,0.24,0.78,0.06,0.02,0,0,0,0
2015-02-13,0,0.32,0.74,0.08,0.04,0,0,0,0
2015-02-16,0,0.346938775510204,0.775510204081633,0.0408163265306122,0.0204081632653061,0,0,0,0
2015-02-17,0,0.306122448979592,0.816326530612245,0.0408163265306122,0,0,0,0,0
2015-02-25,0,0.306122448979592,0.816326530612245,0.0204081632653061,0,0,0,0,0
2015-02-26,0,0.387755102040816,0.775510204081633,0.0612244897959184,0,0,0,0,0
2015-02-27,0,0.285714285714286,0.775510204081633,0.0408163265306122,0.0204081632653061,0,0,0,0
2015-03-02,0,0.306122448979592,0.836734693877551,0.0408163265306122,0,0,0,0,0
2015-03-03,0,0.285714285714286,0.775510204081633,0.0204081632653061,0,0,0,0,0
2015-03-04,0,0.26530612244898,0.755102040816326,0.0204081632653061,0,0,0,0,0
2015-03-05,0,0.26530612244898,0.775510204081633,0.0408163265306122,0,0,0,0,0
2015-03-06,0,0.306122448979592,0.775510204081633,0.0408163265306122,0,0,0,0,0
2015-03-09,0,0.244897959183673,0.775510204081633,0.0204081632653061,0,0,0.0204081632653061,0,0
2015-03-10,0,0.285714285714286,0.755102040816326,0,0,0,0,0,0
2015-03-11,0,0.306122448979592,0.816326530612245,0.0204081632653061,0.0204081632653061,0,0,0,0
2015-03-12,0,0.326530612244898,0.775510204081633,0,0,0,0,0,0
2015-03-13,0,0.285714285714286,0.673469387755102,0.0408163265306122,0.0204081632653061,0,0,0,0
2015-03-16,0,0.26530612244898,0.714285714285714,0.0408163265306122,0.0204081632653061,0,0,0,0
2015-03-17,0,0.204081632653061,0.63265306122449,0.0408163265306122,0.0204081632653061,0,0.0204081632653061,0,0
2015-03-18,0,0.306122448979592,0.673469387755102,0.0204081632653061,0.0204081632653061,0,0,0,0
2015-03-19,0,0.306122448979592,0.63265306122449,0.0408163265306122,0.0204081632653061,0,0,0,0
2015-03-20,0,0.36734693877551,0.653061224489796,0.0204081632653061,0.0204081632653061,0,0,0,0
2015-03-23,0,0.285714285714286,0.653061224489796,0,0,0,0,0,0
2015-03-24,0,0.244897959183673,0.571428571428571,0.0408163265306122,0.0204081632653061,0,0,0,0
2015-03-25,0,0.285714285714286,0.510204081632653,0,0.0204081632653061,0,0,0,0
2015-03-26,0,0.224489795918367,0.428571428571429,0,0.0204081632653061,0,0.0204081632653061,0,0
2015-03-27,0,0.224489795918367,0.469387755102041,0.0204081632653061,0.0204081632653061,0,0,0,0
2015-03-30,0,0.224489795918367,0.469387755102041,0.0204081632653061,0,0,0,0,0
2015-03-31,0,0.204081632653061,0.326530612244898,0,0.0204081632653061,0,0.0408163265306122,0,0
2015-04-01,0,0.204081632653061,0.387755102040816,0,0,0,0,0,0
2015-04-02,0,0.244897959183673,0.387755102040816,0.0204081632653061,0,0,0.0204081632653061,0,0
2015-04-03,0,0.224489795918367,0.36734693877551,0,0,0,0.0408163265306122,0,0
2015-04-07,0,0.163265306122449,0.346938775510204,0,0,0,0.0204081632653061,0,0
2015-04-08,0,0.26530612244898,0.448979591836735,0,0,0,0,0,0
2015-04-09,0,0.346938775510204,0.326530612244898,0,0,0,0.0408163265306122,0,0
2015-04-10,0,0.346938775510204,0.346938775510204,0.0204081632653061,0,0,0.0408163265306122,0,0
2015-04-13,0,0.448979591836735,0.36734693877551,0,0.0204081632653061,0,0.0204081632653061,0,0
2015-04-14,0,0.469387755102041,0.346938775510204,0,0.0204081632653061,0,0,0,0
2015-04-15,0,0.591836734693878,0.408163265306122,0,0.0204081632653061,0,0,0,0
2015-04-16,0,0.63265306122449,0.326530612244898,0,0,0,0.0204081632653061,0,0
2015-04-17,0,0.653061224489796,0.244897959183673,0,0,0,0,0,0
2015-04-20,0,0.653061224489796,0.244897959183673,0,0,0,0,0,0
2015-04-21,0,0.571428571428571,0.244897959183673,0,0,0,0.0204081632653061,0,0
2015-04-22,0,0.591836734693878,0.244897959183673,0,0,0,0,0,0
2015-04-23,0,0.551020408163265,0.26530612244898,0,0,0,0,0,0
2015-04-24,0,0.551020408163265,0.469387755102041,0,0.0408163265306122,0,0,0,0
2015-04-27,0,0.591836734693878,0.428571428571429,0,0.0204081632653061,0,0,0,0
2015-04-28,0,0.551020408163265,0.591836734693878,0.0204081632653061,0.0204081632653061,0,0,0,0
2015-04-29,0,0.653061224489796,0.489795918367347,0.0204081632653061,0.0204081632653061,0,0.0204081632653061,0,0
2015-04-30,0,0.63265306122449,0.551020408163265,0,0.0204081632653061,0,0,0,0
2015-05-04,0,0.63265306122449,0.489795918367347,0,0,0,0.0204081632653061,0,0
2015-05-05,0,0.673469387755102,0.653061224489796,0,0,0,0,0,0
2015-05-06,0.0204081632653061,0.653061224489796,0.73469387755102,0,0,0,0,0,0
2015-05-07,0,0.612244897959184,0.693877551020408,0,0,0,0,0,0
2015-05-08,0,0.653061224489796,0.714285714285714,0,0,0,0,0,0
2015-05-11,0,0.64,0.6,0,0.02,0,0,0,0
2015-05-12,0,0.68,0.6,0,0,0,0,0,0
2015-05-13,0,0.68,0.58,0,0,0,0,0,0
2015-05-14,0,0.64,0.54,0,0,0,0,0,0
2015-05-15,0,0.7,0.66,0,0,0,0,0,0
2015-05-18,0,0.68,0.56,0,0.02,0,0,0,0
2015-05-19,0.02,0.64,0.58,0,0,0,0,0,0
2015-05-20,0,0.64,0.62,0.02,0,0,0,0,0
2015-05-21,0,0.64,0.64,0,0.02,0,0,0,0
2015-05-22,0.02,0.68,0.72,0,0.02,0,0,0,0
2015-05-25,0.02,0.58,0.66,0,0.02,0,0,0,0
2015-05-26,0,0.52,0.6,0.02,0,0,0,0,0
2015-05-27,0.02,0.72,0.5,0,0,0,0,0,0
2015-05-28,0.02,0.76,0.5,0,0,0,0,0,0
2015-05-29,0,0.76,0.54,0,0.02,0,0,0,0
2015-06-01,0,0.68,0.46,0,0,0,0,0,0
2015-06-02,0,0.78,0.38,0,0,0,0,0,0
2015-06-03,0,0.76,0.46,0,0.04,0,0,0,0
2015-06-04,0,0.7,0.54,0,0.02,0,0,0,0
2015-06-05,0,0.68,0.48,0,0.02,0,0,0,0
2015-06-08,0,0.72,0.5,0,0.02,0,0,0,0
2015-06-09,0,0.74,0.46,0,0.04,0,0,0,0
2015-06-10,0,0.82,0.5,0,0.02,0,0,0,0
2015-06-11,0,0.74,0.44,0,0,0,0,0,0
2015-06-12,0,0.76,0.46,0,0,0,0,0,0
2015-06-15,0,0.72,0.52,0.02,0.02,0,0,0,0
2015-06-16,0,0.7,0.48,0.02,0,0,0,0,0
2015-06-17,0,0.76,0.48,0,0,0,0,0,0
2015-06-18,0,0.72,0.56,0.02,0,0,0,0,0
2015-06-19,0,0.78,0.54,0.02,0,0,0,0,0
2015-06-23,0,0.78,0.52,0.02,0,0,0,0,0
2015-06-24,0,0.8,0.5,0,0,0,0,0,0
2015-06-25,0,0.755102040816326,0.591836734693878,0,0,0,0,0,0
2015-06-26,0,0.877551020408163,0.530612244897959,0,0,0,0,0,0
2015-06-29,0,0.816326530612245,0.571428571428571,0,0,0,0,0,0
2015-06-30,0,0.816326530612245,0.571428571428571,0,0,0,0,0,0
2015-07-01,0,0.877551020408163,0.428571428571429,0,0,0,0,0,0
2015-07-02,0,0.775510204081633,0.428571428571429,0,0.0204081632653061,0,0,0,0
2015-07-03,0,0.755102040816326,0.448979591836735,0,0.0204081632653061,0,0,0,0
2015-07-06,0,0.897959183673469,0.530612244897959,0,0.0204081632653061,0,0,0,0
2015-07-07,0,0.836734693877551,0.530612244897959,0,0,0,0,0,0
2015-07-08,0,0.836734693877551,0.551020408163265,0,0,0,0,0,0
2015-07-09,0,0.8125,0.520833333333333,0,0,0,0,0,0
2015-07-10,0.0208333333333333,0.895833333333333,0.5,0,0,0,0,0,0
2015-07-13,0.0204081632653061,0.755102040816326,0.510204081632653,0,0,0,0,0,0
2015-07-14,0,0.775510204081633,0.530612244897959,0,0,0,0,0,0
2015-07-15,0,0.770833333333333,0.458333333333333,0,0,0,0,0,0
2015-07-16,0,0.8125,0.520833333333333,0,0,0,0,0,0
2015-07-17,0,0.775510204081633,0.530612244897959,0,0,0,0,0,0
2015-07-20,0,0.795918367346939,0.510204081632653,0,0,0,0,0,0
2015-07-21,0,0.775510204081633,0.510204081632653,0,0,0,0,0,0
2015-07-22,0,0.6875,0.5625,0,0,0,0.0208333333333333,0,0
2015-07-23,0.0208333333333333,0.729166666666667,0.645833333333333,0,0,0,0,0,0
2015-07-24,0.0416666666666667,0.75,0.604166666666667,0,0,0,0.0416666666666667,0,0
2015-07-27,0.0212765957446809,0.702127659574468,0.595744680851064,0,0,0,0.0425531914893617,0,0
2015-07-28,0,0.723404255319149,0.446808510638298,0,0,0,0.0638297872340425,0,0
2015-07-29,0,0.645833333333333,0.479166666666667,0,0,0,0.0625,0,0
2015-07-30,0,0.723404255319149,0.425531914893617,0,0,0,0.0638297872340425,0,0
2015-07-31,0,0.702127659574468,0.404255319148936,0,0,0,0.0851063829787234,0,0
2015-08-03,0.0212765957446809,0.723404255319149,0.51063829787234,0,0,0,0.127659574468085,0,0
2015-08-04,0.0208333333333333,0.645833333333333,0.541666666666667,0,0,0,0.104166666666667,0,0
2015-08-05,0,0.666666666666667,0.458333333333333,0,0,0,0.0208333333333333,0,0
2015-08-06,0.0208333333333333,0.645833333333333,0.5,0,0,0,0.0625,0,0
2015-08-07,0,0.645833333333333,0.520833333333333,0,0,0,0.0833333333333333,0,0
2015-08-10,0,0.625,0.604166666666667,0.0208333333333333,0,0,0.0625,0,0
2015-08-11,0.0208333333333333,0.5625,0.520833333333333,0,0,0,0.0416666666666667,0,0
2015-08-12,0.0208333333333333,0.5625,0.479166666666667,0,0,0,0.0416666666666667,0,0
2015-08-13,0.0208333333333333,0.4375,0.625,0.0208333333333333,0,0,0.0208333333333333,0,0
2015-08-14,0.0208333333333333,0.5,0.625,0.0208333333333333,0,0,0.0208333333333333,0,0
2015-08-17,0,0.479166666666667,0.604166666666667,0,0,0,0.0208333333333333,0,0
2015-08-18,0,0.375,0.604166666666667,0,0,0,0.0208333333333333,0,0
2015-08-19,0,0.458333333333333,0.604166666666667,0,0,0,0.0208333333333333,0,0
2015-08-20,0,0.416666666666667,0.604166666666667,0,0,0,0,0,0
2015-08-21,0,0.375,0.541666666666667,0.0208333333333333,0,0,0,0,0
2015-08-24,0,0.391304347826087,0.5,0,0,0,0,0,0
2015-08-25,0,0.369565217391304,0.521739130434783,0,0,0,0,0,0
2015-08-26,0.0217391304347826,0.260869565217391,0.521739130434783,0.0217391304347826,0,0,0,0,0
2015-08-27,0.0217391304347826,0.41304347826087,0.478260869565217,0,0.0217391304347826,0,0,0,0
2015-08-28,0,0.326086956521739,0.456521739130435,0,0.0217391304347826,0,0,0,0
2015-08-31,0,0.347826086956522,0.456521739130435,0.0217391304347826,0.0434782608695652,0,0,0,0
2015-09-01,0,0.391304347826087,0.456521739130435,0,0,0,0,0,0
2015-09-02,0,0.369565217391304,0.391304347826087,0.0217391304347826,0.0434782608695652,0,0,0,0
2015-09-07,0,0.444444444444444,0.444444444444444,0,0.0222222222222222,0,0,0,0
2015-09-08,0.0212765957446809,0.468085106382979,0.468085106382979,0.0212765957446809,0.0212765957446809,0,0,0,0
2015-09-09,0,0.51063829787234,0.361702127659574,0,0.0212765957446809,0,0,0,0
2015-09-10,0,0.553191489361702,0.319148936170213,0,0.0425531914893617,0,0,0,0
2015-09-11,0,0.48936170212766,0.212765957446809,0,0.0212765957446809,0,0,0,0
2015-09-14,0,0.574468085106383,0.212765957446809,0,0.0212765957446809,0,0,0,0
2015-09-15,0,0.51063829787234,0.276595744680851,0,0.0212765957446809,0,0,0,0
2015-09-16,0,0.574468085106383,0.170212765957447,0,0.0212765957446809,0,0,0,0
2015-09-17,0,0.595744680851064,0.25531914893617,0.0212765957446809,0.0212765957446809,0,0,0,0
2015-09-18,0,0.51063829787234,0.234042553191489,0.0212765957446809,0.0212765957446809,0,0,0,0
2015-09-21,0,0.446808510638298,0.25531914893617,0.0425531914893617,0.0212765957446809,0,0,0,0
2015-09-22,0,0.553191489361702,0.234042553191489,0.0425531914893617,0,0,0,0,0
2015-09-23,0,0.630434782608696,0.217391304347826,0.0652173913043478,0.0217391304347826,0,0,0,0
2015-09-24,0,0.673913043478261,0.152173913043478,0.0652173913043478,0,0,0,0,0
2015-09-25,0,0.543478260869565,0.173913043478261,0.0869565217391304,0.0217391304347826,0,0,0,0
2015-09-28,0,0.565217391304348,0.108695652173913,0.0217391304347826,0.0434782608695652,0,0,0,0
2015-09-29,0,0.565217391304348,0.108695652173913,0.0217391304347826,0.0434782608695652,0,0,0,0
2015-09-30,0,0.574468085106383,0.191489361702128,0.0212765957446809,0.0638297872340425,0,0,0,0
2015-10-08,0,0.574468085106383,0.148936170212766,0.0212765957446809,0.0638297872340425,0,0,0,0
2015-10-09,0,0.51063829787234,0.170212765957447,0.0212765957446809,0.0425531914893617,0,0,0,0
2015-10-12,0,0.553191489361702,0.191489361702128,0.0425531914893617,0.0212765957446809,0,0,0,0
2015-10-13,0,0.553191489361702,0.234042553191489,0.0212765957446809,0,0,0,0,0
2015-10-14,0,0.468085106382979,0.25531914893617,0.0851063829787234,0.0212765957446809,0,0,0,0
2015-10-15,0,0.680851063829787,0.148936170212766,0.0638297872340425,0,0,0,0,0
2015-10-16,0,0.702127659574468,0.148936170212766,0.0212765957446809,0.0212765957446809,0,0,0,0
2015-10-19,0,0.851063829787234,0.148936170212766,0.0425531914893617,0,0,0,0,0
2015-10-20,0,0.8125,0.125,0.0416666666666667,0,0,0,0,0
2015-10-21,0,0.787234042553192,0.106382978723404,0,0.0212765957446809,0,0,0,0
2015-10-22,0,0.851063829787234,0.170212765957447,0.0425531914893617,0.0212765957446809,0,0,0,0
2015-10-23,0,0.833333333333333,0.145833333333333,0.0208333333333333,0.0208333333333333,0,0,0,0
2015-10-26,0,0.877551020408163,0.122448979591837,0.0204081632653061,0.0204081632653061,0,0,0,0
2015-10-27,0,0.816326530612245,0.163265306122449,0.0408163265306122,0.0408163265306122,0,0,0,0
2015-10-28,0,0.816326530612245,0.163265306122449,0.0204081632653061,0.0408163265306122,0,0,0,0
2015-10-29,0,0.836734693877551,0.102040816326531,0.0612244897959184,0.0408163265306122,0,0,0,0
2015-10-30,0,0.836734693877551,0.142857142857143,0.0612244897959184,0.0408163265306122,0,0,0,0
2015-11-02,0,0.857142857142857,0.163265306122449,0.0204081632653061,0.0408163265306122,0,0,0,0
2015-11-03,0,0.836734693877551,0.122448979591837,0,0.0408163265306122,0,0,0,0
2015-11-04,0,0.897959183673469,0.142857142857143,0,0.0408163265306122,0,0,0,0
2015-11-05,0,0.816326530612245,0.163265306122449,0.0204081632653061,0.0204081632653061,0,0,0,0
2015-11-06,0,0.836734693877551,0.102040816326531,0,0,0,0,0,0
2015-11-09,0,0.836734693877551,0.183673469387755,0,0.0204081632653061,0,0,0,0
2015-11-10,0,0.816326530612245,0.163265306122449,0,0,0,0,0,0
2015-11-11,0,0.73469387755102,0.142857142857143,0,0,0,0,0,0
2015-11-12,0,0.795918367346939,0.142857142857143,0,0,0,0,0,0
2015-11-13,0,0.816326530612245,0.183673469387755,0,0.0204081632653061,0,0,0,0
2015-11-16,0,0.877551020408163,0.183673469387755,0,0.0204081632653061,0,0,0,0
2015-11-17,0,0.816326530612245,0.26530612244898,0.0204081632653061,0.0204081632653061,0,0,0,0
2015-11-18,0.0204081632653061,0.775510204081633,0.326530612244898,0.0204081632653061,0.0204081632653061,0,0,0,0
2015-11-19,0,0.816326530612245,0.326530612244898,0,0.0204081632653061,0,0,0,0
2015-11-20,0,0.836734693877551,0.244897959183673,0,0.0204081632653061,0,0,0,0
2015-11-23,0.0204081632653061,0.836734693877551,0.306122448979592,0.0204081632653061,0.0204081632653061,0,0,0,0
2015-11-24,0,0.816326530612245,0.26530612244898,0.0204081632653061,0,0,0,0,0
2015-11-25,0,0.795918367346939,0.326530612244898,0,0,0,0,0,0
2015-11-26,0,0.897959183673469,0.224489795918367,0,0,0,0,0,0
2015-11-27,0,0.836734693877551,0.224489795918367,0,0,0,0,0,0
2015-11-30,0,0.73469387755102,0.285714285714286,0,0,0,0,0,0
2015-12-01,0,0.714285714285714,0.36734693877551,0,0,0,0,0,0
2015-12-02,0,0.775510204081633,0.326530612244898,0,0.0204081632653061,0,0,0,0
2015-12-03,0,0.714285714285714,0.387755102040816,0.0408163265306122,0,0,0,0,0
2015-12-04,0,0.73469387755102,0.36734693877551,0.0408163265306122,0,0,0,0,0
2015-12-07,0,0.755102040816326,0.36734693877551,0,0,0,0,0,0
2015-12-08,0.0204081632653061,0.714285714285714,0.346938775510204,0.0612244897959184,0.0408163265306122,0,0,0,0
2015-12-09,0.0204081632653061,0.73469387755102,0.387755102040816,0,0.0204081632653061,0,0,0,0
2015-12-10,0,0.612244897959184,0.448979591836735,0,0.0204081632653061,0,0,0,0
2015-12-11,0,0.693877551020408,0.408163265306122,0.0204081632653061,0.0204081632653061,0,0,0,0
2015-12-14,0,0.653061224489796,0.448979591836735,0.0204081632653061,0.0204081632653061,0,0,0,0
2015-12-15,0,0.591836734693878,0.428571428571429,0,0.0204081632653061,0,0,0,0
2015-12-16,0,0.591836734693878,0.408163265306122,0.0204081632653061,0.0204081632653061,0,0,0,0
2015-12-17,0,0.469387755102041,0.428571428571429,0.0204081632653061,0.0204081632653061,0,0,0,0
2015-12-18,0,0.510204081632653,0.469387755102041,0.0612244897959184,0,0,0.0204081632653061,0,0
2015-12-21,0,0.530612244897959,0.489795918367347,0,0,0,0.0204081632653061,0,0
2015-12-22,0,0.571428571428571,0.510204081632653,0.0204081632653061,0.0204081632653061,0,0.0204081632653061,0,0
2015-12-23,0,0.571428571428571,0.530612244897959,0,0.0204081632653061,0,0.0204081632653061,0,0
2015-12-24,0.0408163265306122,0.612244897959184,0.530612244897959,0.0408163265306122,0,0,0.0204081632653061,0,0
2015-12-25,0,0.612244897959184,0.448979591836735,0.0408163265306122,0,0,0.0408163265306122,0,0
2015-12-28,0,0.673469387755102,0.530612244897959,0.0204081632653061,0.0204081632653061,0,0.0408163265306122,0,0
2015-12-29,0,0.673469387755102,0.612244897959184,0.0204081632653061,0.0204081632653061,0,0.0612244897959184,0,0
2015-12-30,0,0.653061224489796,0.653061224489796,0.0204081632653061,0,0,0.0408163265306122,0,0
2015-12-31,0,0.63265306122449,0.693877551020408,0.0204081632653061,0,0,0.0612244897959184,0,0
2016-01-04,0,0.469387755102041,0.510204081632653,0.0204081632653061,0,0,0.0612244897959184,0,0
2016-01-05,0.0204081632653061,0.408163265306122,0.510204081632653,0,0,0,0.0204081632653061,0,0
2016-01-06,0,0.510204081632653,0.551020408163265,0,0,0,0.0408163265306122,0,0
2016-01-07,0,0.387755102040816,0.591836734693878,0,0,0,0.0204081632653061,0,0
2016-01-08,0,0.36734693877551,0.489795918367347,0,0,0,0.0204081632653061,0,0
2016-01-11,0,0.306122448979592,0.408163265306122,0,0,0,0.0408163265306122,0,0
2016-01-12,0,0.306122448979592,0.428571428571429,0,0,0,0.0408163265306122,0,0
2016-01-13,0,0.306122448979592,0.387755102040816,0.0204081632653061,0,0,0.0408163265306122,0,0
2016-01-14,0,0.346938775510204,0.428571428571429,0.0204081632653061,0,0,0.0408163265306122,0,0
2016-01-15,0,0.306122448979592,0.428571428571429,0.0204081632653061,0,0,0.0204081632653061,0,0
2016-01-18,0,0.36734693877551,0.469387755102041,0.0204081632653061,0,0,0.0408163265306122,0,0
2016-01-19,0,0.346938775510204,0.530612244897959,0.0204081632653061,0,0,0,0,0
2016-01-20,0,0.36734693877551,0.469387755102041,0.0204081632653061,0.0204081632653061,0,0.0204081632653061,0,0
2016-01-21,0,0.34,0.46,0,0.02,0,0.02,0,0
2016-01-22,0,0.32,0.38,0,0,0,0.04,0,0
2016-01-25,0,0.32,0.44,0,0.02,0,0.04,0,0
2016-01-26,0,0.3,0.56,0,0.02,0,0,0,0
2016-01-27,0,0.36,0.6,0,0.04,0,0,0,0
2016-01-28,0,0.28,0.64,0,0.02,0,0,0,0
2016-01-29,0.02,0.24,0.6,0,0,0,0,0,0
2016-02-01,0,0.28,0.56,0,0,0,0,0,0
2016-02-02,0,0.244897959183673,0.510204081632653,0,0.0204081632653061,0,0,0,0
2016-02-03,0.0204081632653061,0.183673469387755,0.530612244897959,0.0204081632653061,0,0,0,0,0
2016-02-04,0,0.204081632653061,0.571428571428571,0,0,0,0,0,0
2016-02-05,0,0.163265306122449,0.489795918367347,0,0,0,0,0,0
2016-02-15,0.0204081632653061,0.122448979591837,0.612244897959184,0,0,0,0,0,0
2016-02-16,0.0204081632653061,0.142857142857143,0.571428571428571,0,0.0204081632653061,0,0,0,0
2016-02-17,0.0204081632653061,0.142857142857143,0.571428571428571,0,0.0204081632653061,0,0,0,0
2016-02-18,0.0204081632653061,0.122448979591837,0.551020408163265,0,0.0204081632653061,0,0,0,0
2016-02-19,0,0.122448979591837,0.612244897959184,0,0.0204081632653061,0,0,0.0204081632653061,0
2016-02-22,0.0204081632653061,0.122448979591837,0.551020408163265,0,0.0204081632653061,0,0,0,0
2016-02-23,0,0.183673469387755,0.510204081632653,0,0.0204081632653061,0,0,0,0
2016-02-24,0,0.2,0.54,0,0.02,0,0,0,0
2016-02-25,0,0.16,0.5,0,0.02,0,0,0,0
2016-02-26,0.02,0.26,0.56,0,0.02,0,0,0,0
2016-02-29,0.02,0.24,0.48,0,0.02,0,0,0,0
2016-03-01,0.02,0.28,0.48,0,0.04,0,0,0.02,0
2016-03-02,0,0.22,0.52,0,0.02,0,0,0,0
2016-03-03,0,0.24,0.42,0,0,0,0,0.02,0
2016-03-04,0.02,0.32,0.46,0,0,0,0,0,0
2016-03-07,0,0.26,0.4,0.02,0.02,0,0,0,0
2016-03-08,0,0.32,0.4,0.02,0.02,0,0,0,0
2016-03-09,0,0.38,0.28,0.02,0.02,0,0,0,0
2016-03-10,0,0.38,0.22,0.02,0.02,0,0,0,0
2016-03-11,0,0.36,0.2,0.02,0.02,0,0,0,0
2016-03-14,0,0.5,0.2,0.04,0,0,0,0,0
2016-03-15,0,0.46,0.16,0.02,0,0,0,0,0
2016-03-16,0,0.52,0.16,0.04,0,0,0,0,0
2016-03-17,0,0.5,0.1,0.04,0,0,0,0,0
2016-03-18,0.02,0.4,0.12,0.04,0.02,0,0,0,0
2016-03-21,0,0.48,0.1,0,0.02,0,0,0,0
2016-03-22,0.02,0.52,0.08,0.02,0.02,0,0,0,0
2016-03-23,0.02,0.52,0.1,0,0.02,0,0,0,0
2016-03-24,0.02,0.52,0.12,0.02,0.02,0,0,0,0
2016-03-25,0.02,0.58,0.1,0.02,0.02,0,0,0,0
2016-03-28,0.02,0.54,0.08,0,0.02,0,0,0,0
2016-03-29,0.02,0.64,0.06,0.02,0,0,0,0,0
2016-03-30,0.02,0.58,0.08,0,0,0,0,0,0
2016-03-31,0.02,0.56,0.08,0,0,0,0,0,0
2016-04-01,0.02,0.56,0.06,0,0,0,0,0,0
2016-04-05,0.02,0.6,0.06,0,0,0,0,0,0
2016-04-06,0.02,0.6,0.16,0,0,0,0,0,0
2016-04-07,0.02,0.7,0.04,0,0,0,0,0,0
2016-04-08,0,0.74,0.06,0,0,0,0,0,0
2016-04-11,0,0.66,0.1,0.02,0,0,0,0,0
2016-04-12,0,0.68,0.08,0,0,0,0,0,0
2016-04-13,0,0.66,0.12,0,0.02,0,0,0,0
2016-04-14,0,0.76,0.08,0,0.02,0,0,0,0
2016-04-15,0,0.66,0.04,0,0.02,0,0,0,0
2016-04-18,0,0.6,0.06,0,0.02,0,0,0,0
2016-04-19,0,0.52,0.1,0,0,0,0,0,0
2016-04-20,0,0.54,0.02,0,0,0,0,0,0
2016-04-21,0,0.64,0.12,0,0.02,0,0,0,0
2016-04-22,0,0.68,0.08,0.02,0.02,0,0,0,0
2016-04-25,0,0.66,0.12,0.02,0.02,0,0,0,0
2016-04-26,0,0.62,0.14,0.02,0.02,0,0,0,0
2016-04-27,0,0.5,0.18,0,0.04,0,0,0,0
2016-04-28,0,0.54,0.1,0.02,0.06,0,0,0,0
2016-04-29,0,0.54,0.16,0,0.06,0,0,0,0
2016-05-03,0,0.52,0.18,0,0.04,0,0,0,0
2016-05-04,0,0.5,0.18,0,0.02,0,0,0,0
2016-05-05,0,0.62,0.2,0,0.02,0,0,0,0
2016-05-06,0,0.5,0.14,0.04,0.04,0,0,0,0
2016-05-09,0,0.5,0.14,0,0.02,0,0,0,0
2016-05-10,0,0.38,0.18,0,0.02,0,0,0,0
2016-05-11,0,0.42,0.2,0,0.04,0,0,0,0
2016-05-12,0,0.46,0.14,0.04,0.04,0,0,0,0
2016-05-13,0,0.52,0.16,0,0.06,0,0,0,0
2016-05-16,0,0.46,0.16,0,0.04,0,0,0,0
2016-05-17,0,0.44,0.12,0,0.04,0,0,0,0
2016-05-18,0,0.38,0.16,0,0.04,0,0,0,0
2016-05-19,0,0.36,0.14,0,0.04,0,0,0,0
2016-05-20,0,0.3,0.14,0,0.04,0,0,0,0
2016-05-23,0,0.26,0.14,0,0.06,0,0,0,0
2016-05-24,0,0.3,0.06,0,0,0,0,0,0
2016-05-25,0,0.28,0.14,0.02,0.02,0,0,0,0
2016-05-26,0,0.32,0.22,0.02,0.02,0,0,0,0
2016-05-27,0,0.36,0.24,0.04,0,0,0,0,0
2016-05-30,0.02,0.34,0.26,0.04,0,0,0,0,0
2016-05-31,0.02,0.4,0.22,0.06,0,0,0,0,0
2016-06-01,0.02,0.42,0.16,0.06,0,0,0,0,0
2016-06-02,0.02,0.48,0.2,0.04,0,0,0,0,0
2016-06-03,0,0.46,0.2,0.06,0.02,0,0,0,0
2016-06-06,0.02,0.44,0.16,0.02,0,0,0,0,0
2016-06-07,0.02,0.36,0.2,0.04,0,0,0,0,0
2016-06-08,0.02,0.34,0.24,0.04,0.02,0,0,0,0
2016-06-13,0.02,0.42,0.28,0.04,0,0,0,0,0
2016-06-14,0.02,0.4,0.28,0.04,0,0,0,0,0
2016-06-15,0,0.38,0.3,0.04,0,0,0,0,0
2016-06-16,0,0.28,0.28,0.02,0,0,0,0,0
2016-06-17,0,0.32,0.22,0.04,0,0,0,0,0
2016-06-20,0,0.36,0.32,0.02,0.02,0,0.02,0,0
2016-06-21,0,0.34,0.28,0.02,0,0,0.02,0,0
2016-06-22,0,0.26,0.24,0,0.02,0,0.02,0,0
2016-06-23,0,0.22,0.34,0,0,0,0,0,0
2016-06-24,0,0.38,0.38,0.02,0.02,0,0,0,0
2016-06-27,0,0.36,0.32,0,0.02,0,0.02,0,0
2016-06-28,0,0.34,0.4,0.02,0.02,0,0,0,0
2016-06-29,0,0.4,0.4,0.02,0.02,0,0.02,0,0
2016-06-30,0,0.44,0.44,0,0.02,0,0.02,0,0
2016-07-01,0,0.4,0.44,0,0,0,0.04,0,0
2016-07-04,0,0.44,0.42,0,0.02,0,0.04,0,0
2016-07-05,0,0.34,0.46,0,0.04,0,0.04,0,0
2016-07-06,0,0.4,0.42,0,0,0,0.08,0,0
2016-07-07,0,0.52,0.4,0,0.02,0,0.04,0,0
2016-07-08,0,0.46,0.44,0,0,0,0.04,0,0
2016-07-11,0,0.44,0.4,0,0.02,0,0.02,0,0
2016-07-12,0,0.48,0.4,0,0.02,0,0,0,0
2016-07-13,0,0.42,0.34,0,0.04,0,0,0,0
2016-07-14,0,0.44,0.4,0,0.02,0,0,0,0
2016-07-15,0,0.52,0.34,0,0.04,0,0,0,0
2016-07-18,0,0.5,0.32,0,0.02,0,0,0,0
2016-07-19,0,0.44,0.42,0,0.04,0,0,0,0
2016-07-20,0,0.56,0.36,0,0.04,0,0.02,0,0
2016-07-21,0,0.48,0.36,0.02,0,0,0,0,0
2016-07-22,0,0.52,0.42,0,0.02,0,0,0,0
2016-07-25,0,0.36,0.4,0,0,0,0,0,0
2016-07-26,0,0.4,0.42,0,0,0,0,0,0
2016-07-27,0,0.42,0.38,0,0.02,0,0.02,0.02,0
2016-07-28,0,0.38,0.4,0,0.02,0,0.02,0.02,0
2016-07-29,0,0.44,0.34,0,0.02,0,0.04,0,0
2016-08-01,0,0.56,0.42,0.02,0.02,0,0.02,0,0
2016-08-02,0,0.54,0.42,0.02,0.02,0,0.02,0,0
2016-08-03,0,0.54,0.4,0,0.02,0,0.02,0,0
2016-08-04,0,0.52,0.46,0.02,0.02,0,0.02,0,0
2016-08-05,0,0.62,0.34,0.02,0.02,0,0.02,0,0
2016-08-08,0,0.56,0.32,0.04,0.02,0,0.02,0,0
2016-08-09,0,0.68,0.3,0.02,0.02,0,0.04,0,0
2016-08-10,0,0.64,0.3,0.02,0.02,0,0.04,0,0
2016-08-11,0,0.7,0.28,0.04,0,0,0.02,0,0
2016-08-12,0,0.7,0.3,0.04,0,0,0.04,0,0
2016-08-15,0,0.6,0.24,0.04,0,0,0,0,0
2016-08-16,0,0.64,0.22,0.04,0,0,0,0,0
2016-08-17,0,0.72,0.2,0.02,0,0,0,0,0
2016-08-18,0,0.76,0.22,0.02,0,0,0,0,0
2016-08-19,0,0.56,0.22,0.02,0.02,0,0.02,0,0
2016-08-22,0,0.58,0.28,0.02,0,0,0.02,0,0
2016-08-23,0,0.64,0.28,0.02,0,0,0.02,0,0
2016-08-24,0,0.62,0.26,0.02,0,0,0,0,0
2016-08-25,0,0.66,0.28,0.02,0,0,0.02,0,0
2016-08-26,0,0.62,0.36,0.02,0,0,0.02,0,0
2016-08-29,0,0.64,0.34,0.02,0,0,0.02,0,0
2016-08-30,0,0.62,0.34,0.04,0,0,0.02,0,0
2016-08-31,0,0.62,0.42,0.04,0,0,0.04,0,0
2016-09-01,0,0.52,0.36,0.06,0,0,0.02,0,0
2016-09-02,0,0.52,0.38,0.06,0,0,0,0,0
2016-09-05,0,0.58,0.44,0.04,0,0,0,0,0
2016-09-06,0,0.6,0.38,0.04,0,0,0,0,0
2016-09-07,0,0.5,0.38,0.02,0,0,0,0,0
2016-09-08,0,0.6,0.42,0.04,0,0,0,0,0
2016-09-09,0,0.6,0.4,0.06,0,0,0.02,0,0
2016-09-12,0,0.52,0.42,0.04,0,0,0,0,0
2016-09-13,0,0.46,0.4,0.04,0,0,0,0,0
2016-09-14,0,0.52,0.42,0.06,0,0,0,0,0
2016-09-19,0,0.48,0.44,0.06,0,0,0,0,0
2016-09-20,0,0.5,0.44,0.06,0,0,0,0,0
2016-09-21,0.02,0.52,0.5,0.08,0,0,0,0,0
2016-09-22,0.02,0.54,0.5,0.08,0,0,0.02,0,0
2016-09-23,0.0408163265306122,0.530612244897959,0.428571428571429,0.0816326530612245,0,0,0.0204081632653061,0,0
2016-09-26,0.0204081632653061,0.551020408163265,0.387755102040816,0.0816326530612245,0,0,0,0,0
2016-09-27,0,0.591836734693878,0.448979591836735,0.0408163265306122,0,0,0.0204081632653061,0,0
2016-09-28,0.0204081632653061,0.571428571428571,0.36734693877551,0.0408163265306122,0,0,0.0204081632653061,0,0
2016-09-29,0,0.530612244897959,0.408163265306122,0.0408163265306122,0.0204081632653061,0,0.0204081632653061,0,0
2016-09-30,0,0.551020408163265,0.36734693877551,0.102040816326531,0,0,0.0204081632653061,0,0
2016-10-10,0,0.52,0.44,0.12,0,0,0.02,0,0
2016-10-11,0.02,0.5,0.38,0.06,0,0,0.04,0,0
2016-10-12,0,0.46,0.4,0.04,0,0,0.06,0,0
2016-10-13,0.02,0.48,0.46,0.06,0,0,0.04,0,0
2016-10-14,0,0.48,0.38,0.08,0,0,0.04,0,0
2016-10-17,0.02,0.48,0.4,0.06,0.02,0,0.04,0,0
2016-10-18,0.02,0.44,0.4,0.08,0.02,0,0.04,0,0
2016-10-19,0.02,0.4,0.4,0.04,0.02,0,0.02,0,0
2016-10-20,0.02,0.44,0.5,0.04,0,0,0.04,0,0
2016-10-21,0.02,0.38,0.52,0.06,0.02,0,0.02,0,0
2016-10-24,0.02,0.38,0.56,0.06,0,0,0,0,0
2016-10-25,0,0.42,0.56,0.08,0,0,0,0,0
2016-10-26,0.02,0.4,0.58,0.04,0.04,0,0,0,0
2016-10-27,0.04,0.46,0.58,0.04,0.02,0,0.02,0,0
2016-10-28,0.02,0.52,0.54,0.04,0.02,0,0,0,0
2016-10-31,0.02,0.38,0.5,0.04,0.02,0,0,0,0
2016-11-01,0.02,0.42,0.52,0.04,0.04,0,0,0,0
2016-11-02,0.04,0.5,0.58,0.06,0.02,0,0,0,0
2016-11-03,0.02,0.52,0.56,0.02,0,0,0.04,0,0
2016-11-04,0.06,0.42,0.62,0.06,0.02,0,0.04,0,0
2016-11-07,0,0.5,0.6,0.02,0,0,0.02,0,0
2016-11-08,0.02,0.44,0.52,0,0.02,0,0,0,0
2016-11-09,0,0.54,0.58,0.02,0,0,0,0,0
2016-11-10,0.02,0.54,0.64,0.04,0,0,0,0,0
2016-11-11,0,0.54,0.6,0.02,0,0,0.02,0,0
2016-11-14,0,0.56,0.52,0.08,0,0,0,0,0
2016-11-15,0.02,0.6,0.58,0,0,0,0,0,0
2016-11-16,0.02,0.54,0.48,0.02,0,0,0,0,0
2016-11-17,0.02,0.62,0.54,0.02,0,0,0,0,0
2016-11-18,0.02,0.66,0.54,0.06,0,0,0.02,0,0
2016-11-21,0.02,0.54,0.48,0.06,0,0,0.02,0,0
2016-11-22,0,0.48,0.52,0.08,0,0,0.02,0,0
2016-11-23,0.02,0.54,0.56,0.02,0,0,0,0,0
2016-11-24,0.04,0.44,0.6,0.02,0.02,0,0.02,0,0.02
2016-11-25,0,0.5,0.66,0.02,0,0,0.04,0,0
2016-11-28,0.04,0.44,0.68,0.06,0.02,0,0.02,0,0
2016-11-29,0.04,0.48,0.56,0.04,0,0,0.02,0,0
2016-11-30,0.06,0.42,0.56,0.04,0.02,0,0,0,0.02
2016-12-01,0.06,0.48,0.62,0.02,0,0,0.02,0,0.04
2016-12-02,0.06,0.46,0.58,0.04,0,0,0.08,0,0.04
2016-12-05,0.06,0.46,0.6,0.06,0.02,0,0.08,0,0.06
2016-12-06,0.02,0.5,0.64,0.06,0.02,0,0.08,0,0.04
2016-12-07,0.06,0.46,0.58,0.04,0.02,0,0.08,0,0.06
2016-12-08,0.06,0.5,0.58,0.06,0,0,0.14,0,0.04
2016-12-09,0.02,0.48,0.6,0,0,0,0.16,0,0.02
2016-12-12,0,0.5,0.64,0.02,0,0,0.18,0,0.06
2016-12-13,0.02,0.54,0.68,0.04,0,0,0.18,0,0.02
2016-12-14,0.02,0.5,0.66,0.06,0.02,0,0.12,0,0.04
2016-12-15,0.1,0.42,0.72,0.04,0,0,0.16,0,0.02
2016-12-16,0.12,0.46,0.68,0.02,0,0,0.06,0,0
2016-12-19,0.1,0.56,0.66,0.08,0.02,0,0.08,0,0.02
2016-12-20,0.18,0.5,0.52,0.1,0,0,0.08,0,0.04
2016-12-21,0.142857142857143,0.510204081632653,0.571428571428571,0.0612244897959184,0,0,0.0612244897959184,0,0.0408163265306122
2016-12-22,0.142857142857143,0.551020408163265,0.653061224489796,0.0408163265306122,0,0,0.0612244897959184,0,0.0408163265306122
2016-12-23,0.163265306122449,0.63265306122449,0.653061224489796,0.0612244897959184,0,0,0.0204081632653061,0,0.0204081632653061
2016-12-26,0.224489795918367,0.63265306122449,0.714285714285714,0.0408163265306122,0,0,0,0,0
2016-12-27,0.204081632653061,0.612244897959184,0.571428571428571,0.0816326530612245,0.0204081632653061,0,0.0204081632653061,0,0
2016-12-28,0.204081632653061,0.673469387755102,0.63265306122449,0.0612244897959184,0,0,0,0,0
2016-12-29,0.204081632653061,0.63265306122449,0.63265306122449,0.0408163265306122,0,0,0.0204081632653061,0,0
2016-12-30,0.224489795918367,0.714285714285714,0.673469387755102,0.0408163265306122,0,0,0,0,0
2017-01-03,0.204081632653061,0.673469387755102,0.755102040816326,0.0204081632653061,0,0,0.0204081632653061,0,0
2017-01-04,0.244897959183673,0.714285714285714,0.755102040816326,0.0204081632653061,0,0,0,0,0.0204081632653061
2017-01-05,0.224489795918367,0.755102040816326,0.73469387755102,0.0204081632653061,0,0,0,0,0
2017-01-06,0.244897959183673,0.714285714285714,0.795918367346939,0.0408163265306122,0,0,0,0,0
2017-01-09,0.285714285714286,0.775510204081633,0.673469387755102,0.0204081632653061,0,0,0,0,0
2017-01-10,0.244897959183673,0.795918367346939,0.653061224489796,0.0612244897959184,0,0,0.0204081632653061,0,0
2017-01-11,0.285714285714286,0.73469387755102,0.673469387755102,0.0204081632653061,0,0,0.0204081632653061,0,0
2017-01-12,0.26530612244898,0.714285714285714,0.755102040816326,0.0204081632653061,0,0,0.0408163265306122,0,0
2017-01-13,0.26530612244898,0.897959183673469,0.755102040816326,0.0816326530612245,0,0,0.0408163265306122,0,0
2017-01-16,0.122448979591837,0.795918367346939,0.877551020408163,0.0408163265306122,0,0,0,0,0
2017-01-17,0.142857142857143,0.877551020408163,0.857142857142857,0.0816326530612245,0,0,0.0408163265306122,0,0
2017-01-18,0.224489795918367,0.857142857142857,0.775510204081633,0.0408163265306122,0,0,0.0408163265306122,0,0
2017-01-19,0.244897959183673,0.918367346938776,0.877551020408163,0.0816326530612245,0,0,0.0408163265306122,0,0
2017-01-20,0.224489795918367,0.938775510204082,0.816326530612245,0.0816326530612245,0,0,0.0408163265306122,0,0
2017-01-23,0.163265306122449,0.897959183673469,0.857142857142857,0.0816326530612245,0,0,0.0204081632653061,0,0
2017-01-24,0.244897959183673,0.897959183673469,0.857142857142857,0.0612244897959184,0,0,0.0204081632653061,0,0
2017-01-25,0.306122448979592,0.775510204081633,0.877551020408163,0.102040816326531,0,0,0.0612244897959184,0,0
2017-01-26,0.244897959183673,0.877551020408163,0.918367346938776,0.102040816326531,0,0,0.0408163265306122,0,0
2017-02-03,0.183673469387755,0.857142857142857,0.918367346938776,0.0816326530612245,0,0,0.0408163265306122,0,0
2017-02-06,0.183673469387755,0.877551020408163,0.959183673469388,0.0612244897959184,0,0,0,0,0
2017-02-07,0.244897959183673,0.857142857142857,0.877551020408163,0.0612244897959184,0,0,0,0,0
2017-02-08,0.224489795918367,0.857142857142857,0.938775510204082,0.0612244897959184,0,0,0,0,0
2017-02-09,0.306122448979592,0.795918367346939,0.877551020408163,0.0408163265306122,0,0,0,0,0
2017-02-10,0.244897959183673,0.877551020408163,0.918367346938776,0.0408163265306122,0,0,0,0,0
2017-02-13,0.244897959183673,0.877551020408163,0.897959183673469,0.0408163265306122,0,0,0,0,0
2017-02-14,0.204081632653061,0.877551020408163,0.918367346938776,0.0612244897959184,0,0,0,0,0
2017-02-15,0.244897959183673,0.857142857142857,0.938775510204082,0.0612244897959184,0,0,0,0,0
2017-02-16,0.285714285714286,0.795918367346939,0.918367346938776,0.0612244897959184,0,0,0,0,0
2017-02-17,0.183673469387755,0.857142857142857,0.938775510204082,0.102040816326531,0,0,0,0,0
2017-02-20,0.204081632653061,0.775510204081633,0.979591836734694,0.102040816326531,0,0,0,0,0
2017-02-21,0.183673469387755,0.795918367346939,0.938775510204082,0.102040816326531,0,0,0.0204081632653061,0,0
2017-02-22,0.163265306122449,0.877551020408163,0.918367346938776,0.0816326530612245,0,0,0,0,0
2017-02-23,0.163265306122449,0.795918367346939,0.959183673469388,0.0612244897959184,0,0,0,0,0
2017-02-24,0.163265306122449,0.836734693877551,0.918367346938776,0.0612244897959184,0,0,0,0,0
2017-02-27,0.224489795918367,0.816326530612245,0.918367346938776,0.0612244897959184,0,0,0,0,0
2017-02-28,0.285714285714286,0.775510204081633,0.938775510204082,0.0408163265306122,0,0,0,0,0
2017-03-01,0.244897959183673,0.795918367346939,0.816326530612245,0.0204081632653061,0,0,0,0,0
2017-03-02,0.244897959183673,0.755102040816326,0.857142857142857,0.0204081632653061,0,0,0,0,0
2017-03-03,0.204081632653061,0.816326530612245,0.959183673469388,0,0,0,0,0,0
2017-03-06,0.26530612244898,0.795918367346939,0.877551020408163,0.0408163265306122,0,0,0,0,0
2017-03-07,0.306122448979592,0.795918367346939,0.938775510204082,0.0612244897959184,0,0,0,0,0
2017-03-08,0.285714285714286,0.836734693877551,0.938775510204082,0.0612244897959184,0,0,0,0,0
2017-03-09,0.326530612244898,0.816326530612245,0.836734693877551,0.0408163265306122,0,0,0,0,0
2017-03-10,0.306122448979592,0.857142857142857,0.857142857142857,0.0408163265306122,0,0,0,0,0
2017-03-13,0.244897959183673,0.857142857142857,0.836734693877551,0,0,0,0,0,0
2017-03-14,0.244897959183673,0.897959183673469,0.959183673469388,0.0408163265306122,0,0,0.0204081632653061,0,0
2017-03-15,0.183673469387755,0.795918367346939,0.959183673469388,0.0204081632653061,0,0,0,0,0
2017-03-16,0.183673469387755,0.857142857142857,0.918367346938776,0.0408163265306122,0,0,0,0,0
2017-03-17,0.244897959183673,0.836734693877551,1,0.0204081632653061,0,0,0.0204081632653061,0,0
2017-03-20,0.26530612244898,0.857142857142857,0.857142857142857,0.0408163265306122,0,0,0.0204081632653061,0,0
2017-03-21,0.26530612244898,0.836734693877551,1,0,0,0,0.0204081632653061,0,0
2017-03-22,0.244897959183673,0.836734693877551,0.959183673469388,0.0204081632653061,0,0,0,0,0
2017-03-23,0.285714285714286,0.795918367346939,0.897959183673469,0.0204081632653061,0,0,0.0204081632653061,0,0
2017-03-24,0.204081632653061,0.816326530612245,0.938775510204082,0.0204081632653061,0,0,0,0,0
2017-03-27,0.122448979591837,0.836734693877551,0.836734693877551,0.0204081632653061,0,0,0,0,0
2017-03-28,0.122448979591837,0.857142857142857,0.857142857142857,0.0204081632653061,0,0,0,0,0
2017-03-29,0.183673469387755,0.897959183673469,0.816326530612245,0.0204081632653061,0,0,0,0,0
2017-03-30,0.142857142857143,0.836734693877551,0.897959183673469,0.0204081632653061,0.0204081632653061,0,0,0,0
2017-03-31,0.0816326530612245,0.816326530612245,0.897959183673469,0.0204081632653061,0.0204081632653061,0,0,0,0
2017-04-05,0.0612244897959184,0.795918367346939,0.938775510204082,0.0408163265306122,0.0204081632653061,0,0,0,0
2017-04-06,0.0816326530612245,0.857142857142857,0.938775510204082,0.0408163265306122,0.0204081632653061,0,0,0,0
2017-04-07,0.0816326530612245,0.918367346938776,0.857142857142857,0.0204081632653061,0.0204081632653061,0,0,0,0
2017-04-10,0.0612244897959184,0.877551020408163,0.897959183673469,0.0204081632653061,0,0,0,0,0
2017-04-11,0.0408163265306122,0.857142857142857,0.877551020408163,0.0204081632653061,0.0204081632653061,0,0,0,0
2017-04-12,0.0408163265306122,0.857142857142857,0.959183673469388,0.0204081632653061,0.0204081632653061,0,0,0,0
2017-04-13,0.0612244897959184,0.775510204081633,0.938775510204082,0.0408163265306122,0,0,0,0,0
2017-04-14,0.0408163265306122,0.836734693877551,0.857142857142857,0.0204081632653061,0,0,0,0,0
2017-04-17,0.0204081632653061,0.897959183673469,0.897959183673469,0.0204081632653061,0,0,0,0,0
2017-04-18,0.0204081632653061,0.877551020408163,0.877551020408163,0.0408163265306122,0,0,0,0,0
2017-04-19,0.0204081632653061,0.836734693877551,0.897959183673469,0.0204081632653061,0,0,0,0,0
2017-04-20,0.0204081632653061,0.877551020408163,0.836734693877551,0.0204081632653061,0,0,0,0,0
2017-04-21,0.0408163265306122,0.877551020408163,0.938775510204082,0.0204081632653061,0,0,0,0,0
2017-04-24,0.0816326530612245,0.795918367346939,0.857142857142857,0.0204081632653061,0,0,0,0,0
2017-04-25,0.0204081632653061,0.877551020408163,0.836734693877551,0,0,0,0,0,0
2017-04-26,0,0.857142857142857,0.775510204081633,0,0,0,0,0,0
2017-04-27,0,0.816326530612245,0.714285714285714,0,0,0,0,0,0
2017-04-28,0,0.857142857142857,0.775510204081633,0,0,0,0,0,0
2017-05-02,0,0.897959183673469,0.755102040816326,0,0.0204081632653061,0,0,0,0
2017-05-03,0,0.897959183673469,0.857142857142857,0,0,0,0,0,0
2017-05-04,0,0.816326530612245,0.775510204081633,0,0,0,0,0,0
2017-05-05,0,0.73469387755102,0.877551020408163,0,0,0,0,0,0
2017-05-08,0,0.755102040816326,0.755102040816326,0,0,0,0,0,0
2017-05-09,0,0.755102040816326,0.795918367346939,0,0,0,0.0204081632653061,0,0
2017-05-10,0,0.714285714285714,0.795918367346939,0,0,0,0,0,0
2017-05-11,0,0.775510204081633,0.836734693877551,0,0,0,0,0,0
2017-05-12,0,0.653061224489796,0.816326530612245,0,0,0,0,0,0
2017-05-15,0,0.673469387755102,0.836734693877551,0,0,0,0,0,0
2017-05-16,0,0.693877551020408,0.795918367346939,0,0,0,0,0,0
2017-05-17,0,0.816326530612245,0.795918367346939,0,0,0,0,0,0
2017-05-18,0,0.755102040816326,0.857142857142857,0,0,0,0.0204081632653061,0,0
2017-05-19,0,0.714285714285714,0.877551020408163,0,0,0,0,0,0
2017-05-22,0,0.673469387755102,0.897959183673469,0,0,0,0.0612244897959184,0,0
2017-05-23,0,0.653061224489796,0.857142857142857,0.0204081632653061,0,0,0.0204081632653061,0,0
2017-05-24,0,0.673469387755102,0.877551020408163,0,0,0,0.0408163265306122,0,0
2017-05-25,0,0.653061224489796,0.897959183673469,0,0,0,0.0408163265306122,0,0
2017-05-26,0,0.775510204081633,0.816326530612245,0,0,0,0.0408163265306122,0,0
2017-05-31,0,0.795918367346939,0.816326530612245,0,0,0,0.0204081632653061,0,0
2017-06-01,0,0.775510204081633,0.73469387755102,0,0,0,0.0204081632653061,0,0
2017-06-02,0,0.693877551020408,0.795918367346939,0.0408163265306122,0,0,0.0204081632653061,0,0
2017-06-05,0,0.795918367346939,0.73469387755102,0.0204081632653061,0,0,0.0204081632653061,0,0
2017-06-06,0,0.857142857142857,0.73469387755102,0.0204081632653061,0,0,0,0,0
2017-06-07,0,0.755102040816326,0.816326530612245,0.0408163265306122,0,0,0.0204081632653061,0,0
2017-06-08,0,0.755102040816326,0.795918367346939,0.0204081632653061,0,0,0,0,0
2017-06-09,0,0.775510204081633,0.897959183673469,0.0204081632653061,0,0,0.0204081632653061,0,0
2017-06-12,0,0.795918367346939,0.775510204081633,0,0,0,0,0,0
2017-06-13,0,0.857142857142857,0.714285714285714,0,0,0,0,0,0
2017-06-14,0,0.795918367346939,0.755102040816326,0.0204081632653061,0,0,0.0204081632653061,0,0
2017-06-15,0.0204081632653061,0.877551020408163,0.693877551020408,0.0204081632653061,0,0,0,0,0
2017-06-16,0.0204081632653061,0.897959183673469,0.673469387755102,0,0,0,0,0,0
2017-06-19,0.0408163265306122,0.918367346938776,0.755102040816326,0,0,0,0,0,0
2017-06-20,0.0204081632653061,0.979591836734694,0.653061224489796,0,0,0,0.0204081632653061,0,0
2017-06-21,0,1,0.693877551020408,0.0204081632653061,0,0,0.0408163265306122,0,0
2017-06-22,0,1,0.816326530612245,0,0,0,0,0,0
2017-06-23,0.0204081632653061,0.979591836734694,0.755102040816326,0.0204081632653061,0,0,0.0612244897959184,0,0
2017-06-26,0,0.938775510204082,0.693877551020408,0,0,0,0.0408163265306122,0,0
2017-06-27,0,0.938775510204082,0.551020408163265,0.0204081632653061,0,0,0.0204081632653061,0,0
2017-06-28,0.0204081632653061,0.979591836734694,0.612244897959184,0.0204081632653061,0,0,0.0204081632653061,0,0
2017-06-29,0,1,0.673469387755102,0.0204081632653061,0,0,0.0408163265306122,0,0
2017-06-30,0,0.959183673469388,0.673469387755102,0.0204081632653061,0,0,0.0612244897959184,0,0
2017-07-03,0,0.897959183673469,0.653061224489796,0.0204081632653061,0,0,0.0612244897959184,0,0
2017-07-04,0,0.897959183673469,0.571428571428571,0.0204081632653061,0,0,0.0612244897959184,0,0
2017-07-05,0,0.857142857142857,0.551020408163265,0.0204081632653061,0,0,0.0816326530612245,0,0
2017-07-06,0.0204081632653061,0.897959183673469,0.530612244897959,0.0408163265306122,0,0,0.0612244897959184,0,0
2017-07-07,0,0.938775510204082,0.612244897959184,0.0408163265306122,0,0,0.0612244897959184,0,0
2017-07-10,0,0.918367346938776,0.673469387755102,0.0204081632653061,0,0,0.0612244897959184,0,0
2017-07-11,0.0204081632653061,0.918367346938776,0.530612244897959,0.0408163265306122,0,0,0.0816326530612245,0,0
2017-07-12,0.0204081632653061,0.897959183673469,0.653061224489796,0.0408163265306122,0,0,0.102040816326531,0,0
2017-07-13,0.0816326530612245,0.938775510204082,0.653061224489796,0.0204081632653061,0,0,0.122448979591837,0,0
2017-07-14,0.0408163265306122,0.979591836734694,0.653061224489796,0.0204081632653061,0,0,0.0816326530612245,0,0
2017-07-17,0.0408163265306122,0.918367346938776,0.693877551020408,0.0204081632653061,0,0,0.142857142857143,0,0
2017-07-18,0.0816326530612245,0.897959183673469,0.63265306122449,0.0204081632653061,0,0,0.122448979591837,0,0
2017-07-19,0.0816326530612245,0.877551020408163,0.63265306122449,0.0408163265306122,0,0,0.102040816326531,0,0
2017-07-20,0.0204081632653061,0.918367346938776,0.612244897959184,0.0408163265306122,0,0,0.102040816326531,0,0
2017-07-21,0.0204081632653061,0.897959183673469,0.571428571428571,0.0408163265306122,0,0,0.142857142857143,0,0
2017-07-24,0.0612244897959184,0.897959183673469,0.693877551020408,0.0612244897959184,0,0,0.122448979591837,0,0
2017-07-25,0.0408163265306122,0.857142857142857,0.714285714285714,0.0204081632653061,0,0,0.142857142857143,0,0
2017-07-26,0.0408163265306122,0.877551020408163,0.714285714285714,0.0204081632653061,0,0,0.122448979591837,0,0
2017-07-27,0.0204081632653061,0.918367346938776,0.73469387755102,0.0612244897959184,0,0,0.102040816326531,0,0
2017-07-28,0.0204081632653061,0.857142857142857,0.73469387755102,0.0408163265306122,0,0,0.122448979591837,0,0
2017-07-31,0.0204081632653061,0.918367346938776,0.653061224489796,0.0408163265306122,0,0,0.122448979591837,0,0
2017-08-01,0,0.959183673469388,0.755102040816326,0.0204081632653061,0,0,0.122448979591837,0,0
2017-08-02,0,0.938775510204082,0.673469387755102,0.0204081632653061,0,0,0.102040816326531,0,0
2017-08-03,0,0.918367346938776,0.673469387755102,0.0204081632653061,0,0,0.102040816326531,0,0
2017-08-04,0.0612244897959184,0.938775510204082,0.673469387755102,0.0408163265306122,0,0,0.163265306122449,0,0
2017-08-07,0.0204081632653061,0.857142857142857,0.571428571428571,0.0408163265306122,0,0,0.142857142857143,0,0
2017-08-08,0.0408163265306122,0.938775510204082,0.714285714285714,0.0408163265306122,0,0,0.122448979591837,0,0
2017-08-09,0.0204081632653061,0.877551020408163,0.673469387755102,0.0204081632653061,0,0,0.102040816326531,0,0
2017-08-10,0.0204081632653061,0.938775510204082,0.653061224489796,0.0408163265306122,0,0,0.0612244897959184,0,0
2017-08-11,0,0.938775510204082,0.612244897959184,0.0204081632653061,0,0,0.0816326530612245,0,0
2017-08-14,0,0.897959183673469,0.673469387755102,0,0,0,0.0816326530612245,0,0
2017-08-15,0,0.877551020408163,0.612244897959184,0,0,0,0.0204081632653061,0,0
2017-08-16,0,0.836734693877551,0.693877551020408,0.0204081632653061,0,0,0.0204081632653061,0,0
2017-08-17,0,0.857142857142857,0.653061224489796,0,0,0,0.0204081632653061,0,0
2017-08-18,0,0.877551020408163,0.673469387755102,0,0,0,0,0,0
2017-08-21,0,0.877551020408163,0.63265306122449,0.0204081632653061,0,0,0.0408163265306122,0,0
2017-08-22,0,0.897959183673469,0.612244897959184,0.0204081632653061,0,0,0,0,0
2017-08-23,0,0.877551020408163,0.775510204081633,0,0,0,0,0,0
2017-08-24,0.0204081632653061,0.877551020408163,0.73469387755102,0,0,0,0,0,0
2017-08-25,0.0204081632653061,0.897959183673469,0.755102040816326,0,0,0,0,0,0
2017-08-28,0.0204081632653061,0.877551020408163,0.693877551020408,0,0,0,0,0,0
2017-08-29,0.0408163265306122,0.918367346938776,0.673469387755102,0,0,0,0,0,0
2017-08-30,0.0212765957446809,0.957446808510638,0.74468085106383,0,0,0,0,0,0
2017-08-31,0.0212765957446809,0.914893617021277,0.680851063829787,0.0212765957446809,0,0,0,0,0
2017-09-01,0.0408163265306122,0.877551020408163,0.795918367346939,0.0204081632653061,0,0,0,0,0
2017-09-04,0.0408163265306122,0.918367346938776,0.775510204081633,0,0,0,0,0,0
2017-09-05,0.0408163265306122,0.877551020408163,0.795918367346939,0.0204081632653061,0,0,0,0,0
2017-09-06,0.0408163265306122,0.877551020408163,0.755102040816326,0.0204081632653061,0,0,0,0,0
2017-09-07,0.0204081632653061,0.836734693877551,0.836734693877551,0.0204081632653061,0,0,0,0,0
2017-09-08,0.0408163265306122,0.775510204081633,0.714285714285714,0.0204081632653061,0,0,0,0,0
2017-09-11,0.0612244897959184,0.857142857142857,0.775510204081633,0,0,0,0,0,0
2017-09-12,0.0408163265306122,0.877551020408163,0.775510204081633,0.0408163265306122,0,0,0,0,0
2017-09-13,0,0.795918367346939,0.755102040816326,0,0,0,0,0,0
2017-09-14,0.0408163265306122,0.795918367346939,0.755102040816326,0,0,0,0,0,0
2017-09-15,0.0204081632653061,0.816326530612245,0.73469387755102,0.0408163265306122,0,0,0,0,0
2017-09-18,0.0204081632653061,0.877551020408163,0.673469387755102,0,0,0,0,0,0
2017-09-19,0.0816326530612245,0.816326530612245,0.73469387755102,0,0,0,0,0,0
2017-09-20,0.0612244897959184,0.795918367346939,0.755102040816326,0.0408163265306122,0,0,0,0,0
2017-09-21,0.0816326530612245,0.836734693877551,0.693877551020408,0.0408163265306122,0,0,0,0,0
2017-09-22,0.0612244897959184,0.714285714285714,0.653061224489796,0,0,0,0,0,0
2017-09-25,0.0612244897959184,0.612244897959184,0.673469387755102,0,0,0,0,0,0
2017-09-26,0.0612244897959184,0.673469387755102,0.673469387755102,0.0408163265306122,0,0,0,0,0
2017-09-27,0.0408163265306122,0.653061224489796,0.653061224489796,0.0408163265306122,0,0,0,0,0
2017-09-28,0.0408163265306122,0.591836734693878,0.653061224489796,0.0408163265306122,0,0,0,0,0
2017-09-29,0.0612244897959184,0.63265306122449,0.571428571428571,0.0408163265306122,0,0,0,0,0
2017-10-09,0.0816326530612245,0.673469387755102,0.591836734693878,0.0408163265306122,0,0,0,0,0
2017-10-10,0.102040816326531,0.571428571428571,0.489795918367347,0.0408163265306122,0,0,0,0,0
2017-10-11,0.102040816326531,0.612244897959184,0.448979591836735,0.0408163265306122,0,0,0,0,0
2017-10-12,0.102040816326531,0.612244897959184,0.571428571428571,0.0204081632653061,0,0,0,0,0
2017-10-13,0.102040816326531,0.63265306122449,0.591836734693878,0.0408163265306122,0,0,0,0,0
2017-10-16,0.0816326530612245,0.673469387755102,0.551020408163265,0.0408163265306122,0,0,0,0,0
2017-10-17,0.0816326530612245,0.63265306122449,0.551020408163265,0.0204081632653061,0,0,0,0,0
2017-10-18,0.0816326530612245,0.63265306122449,0.551020408163265,0.0204081632653061,0,0,0,0,0
2017-10-19,0.0408163265306122,0.571428571428571,0.714285714285714,0.0204081632653061,0,0,0,0,0
2017-10-20,0.0612244897959184,0.551020408163265,0.612244897959184,0.0204081632653061,0,0,0,0,0
2017-10-23,0.0816326530612245,0.612244897959184,0.591836734693878,0.0612244897959184,0,0,0,0,0
2017-10-24,0.0612244897959184,0.591836734693878,0.571428571428571,0.0408163265306122,0,0,0,0,0
2017-10-25,0.0612244897959184,0.571428571428571,0.591836734693878,0.0204081632653061,0,0,0,0,0
2017-10-26,0.0612244897959184,0.63265306122449,0.571428571428571,0.0204081632653061,0,0,0,0,0
2017-10-27,0.0816326530612245,0.73469387755102,0.448979591836735,0.0204081632653061,0,0,0,0,0
2017-10-30,0.0204081632653061,0.755102040816326,0.510204081632653,0.0204081632653061,0,0,0,0,0
2017-10-31,0.0204081632653061,0.775510204081633,0.530612244897959,0.0204081632653061,0,0,0,0,0
2017-11-01,0.0816326530612245,0.795918367346939,0.591836734693878,0.0204081632653061,0,0,0,0,0
2017-11-02,0.0204081632653061,0.73469387755102,0.551020408163265,0.0408163265306122,0,0,0,0,0
2017-11-03,0.0816326530612245,0.693877551020408,0.530612244897959,0.0612244897959184,0,0,0,0,0
2017-11-06,0.102040816326531,0.775510204081633,0.673469387755102,0.0816326530612245,0,0,0,0,0
2017-11-07,0.122448979591837,0.73469387755102,0.612244897959184,0.0612244897959184,0,0,0,0,0
2017-11-08,0.102040816326531,0.714285714285714,0.63265306122449,0.0816326530612245,0,0,0,0,0
2017-11-09,0.0816326530612245,0.755102040816326,0.673469387755102,0.0612244897959184,0,0,0,0,0
2017-11-10,0.0816326530612245,0.693877551020408,0.714285714285714,0.0612244897959184,0,0,0,0,0
2017-11-13,0.0612244897959184,0.591836734693878,0.653061224489796,0.0408163265306122,0,0,0,0,0
2017-11-14,0.0612244897959184,0.469387755102041,0.693877551020408,0.102040816326531,0,0,0,0,0
2017-11-15,0.102040816326531,0.408163265306122,0.755102040816326,0.0816326530612245,0,0,0,0,0
2017-11-16,0.0612244897959184,0.489795918367347,0.714285714285714,0.0408163265306122,0,0,0,0,0
2017-11-17,0.0204081632653061,0.510204081632653,0.714285714285714,0.0612244897959184,0,0,0,0,0
2017-11-20,0.0612244897959184,0.408163265306122,0.836734693877551,0.0816326530612245,0,0,0.0204081632653061,0,0
2017-11-21,0.0612244897959184,0.469387755102041,0.836734693877551,0.0612244897959184,0,0,0.0204081632653061,0,0
2017-11-22,0.0612244897959184,0.408163265306122,0.775510204081633,0.102040816326531,0,0,0.0204081632653061,0,0
2017-11-23,0.0408163265306122,0.448979591836735,0.795918367346939,0.102040816326531,0,0,0.0408163265306122,0,0
2017-11-24,0.0612244897959184,0.408163265306122,0.673469387755102,0.102040816326531,0,0,0.0612244897959184,0,0
2017-11-27,0.0612244897959184,0.408163265306122,0.816326530612245,0.122448979591837,0,0,0.0204081632653061,0,0
2017-11-28,0.0612244897959184,0.612244897959184,0.755102040816326,0.0612244897959184,0,0,0.0204081632653061,0,0
2017-11-29,0.0204081632653061,0.530612244897959,0.714285714285714,0.0816326530612245,0,0,0.0204081632653061,0,0
2017-11-30,0.0612244897959184,0.591836734693878,0.775510204081633,0.0612244897959184,0,0,0,0,0
2017-12-01,0.0816326530612245,0.612244897959184,0.775510204081633,0.102040816326531,0,0,0.0204081632653061,0,0
2017-12-04,0.0612244897959184,0.755102040816326,0.755102040816326,0.0816326530612245,0,0,0.0408163265306122,0,0
2017-12-05,0,0.755102040816326,0.857142857142857,0.0612244897959184,0,0,0.0612244897959184,0,0
2017-12-06,0,0.775510204081633,0.795918367346939,0.0408163265306122,0,0,0.0408163265306122,0,0
2017-12-07,0,0.755102040816326,0.795918367346939,0.122448979591837,0,0,0.0204081632653061,0,0
2017-12-08,0,0.73469387755102,0.877551020408163,0.142857142857143,0,0,0.0408163265306122,0,0
2017-12-11,0,0.775510204081633,0.918367346938776,0.102040816326531,0,0,0.0408163265306122,0,0
2017-12-12,0,0.836734693877551,0.836734693877551,0.0816326530612245,0,0,0.0204081632653061,0,0
2017-12-13,0,0.795918367346939,0.897959183673469,0.102040816326531,0,0,0.0204081632653061,0,0
2017-12-14,0,0.833333333333333,0.833333333333333,0.145833333333333,0,0,0.0208333333333333,0,0
2017-12-15,0,0.854166666666667,0.8125,0.0833333333333333,0,0,0.0208333333333333,0,0
2017-12-18,0,0.916666666666667,0.854166666666667,0.104166666666667,0,0,0.0208333333333333,0,0
2017-12-19,0.0208333333333333,0.854166666666667,0.8125,0.145833333333333,0,0,0.0625,0,0
2017-12-20,0.0208333333333333,0.895833333333333,0.854166666666667,0.104166666666667,0,0,0.0416666666666667,0,0
2017-12-21,0.0208333333333333,0.895833333333333,0.770833333333333,0.104166666666667,0,0,0.0416666666666667,0,0
2017-12-22,0,0.875,0.833333333333333,0.0833333333333333,0,0,0.0208333333333333,0,0
2017-12-25,0,0.791666666666667,0.854166666666667,0.0625,0,0,0,0,0
2017-12-26,0,0.75,0.729166666666667,0.0625,0,0,0.0208333333333333,0,0
2017-12-27,0,0.833333333333333,0.729166666666667,0.0833333333333333,0,0,0,0,0
2017-12-28,0,0.770833333333333,0.75,0.0416666666666667,0,0,0.0208333333333333,0,0
2017-12-29,0,0.8125,0.729166666666667,0.0625,0,0,0,0,0
2018-01-02,0,0.833333333333333,0.666666666666667,0.0833333333333333,0,0,0,0,0
2018-01-03,0,0.8125,0.729166666666667,0.0833333333333333,0,0,0,0,0
2018-01-04,0,0.8125,0.645833333333333,0.0833333333333333,0,0,0,0,0
2018-01-05,0,0.854166666666667,0.645833333333333,0.0833333333333333,0,0,0.0208333333333333,0,0
2018-01-08,0,0.770833333333333,0.645833333333333,0.0833333333333333,0,0,0.0208333333333333,0,0
2018-01-09,0.0208333333333333,0.833333333333333,0.645833333333333,0.0625,0,0,0.0625,0,0
2018-01-10,0.0208333333333333,0.833333333333333,0.604166666666667,0.0208333333333333,0,0,0.0416666666666667,0,0
2018-01-11,0.0208333333333333,0.916666666666667,0.666666666666667,0.0208333333333333,0,0,0.0416666666666667,0,0
2018-01-12,0.0208333333333333,0.875,0.770833333333333,0.0208333333333333,0,0,0.0416666666666667,0,0
2018-01-15,0.0208333333333333,0.854166666666667,0.833333333333333,0,0,0,0.0625,0,0
2018-01-16,0.0208333333333333,0.791666666666667,0.6875,0.0208333333333333,0,0,0.0416666666666667,0,0
2018-01-17,0.0416666666666667,0.854166666666667,0.708333333333333,0.104166666666667,0,0,0.0416666666666667,0,0
2018-01-18,0.0208333333333333,0.854166666666667,0.729166666666667,0.0833333333333333,0,0,0.0208333333333333,0,0
2018-01-19,0.0416666666666667,0.8125,0.75,0.104166666666667,0,0,0.0208333333333333,0,0
2018-01-22,0.0208333333333333,0.75,0.833333333333333,0.104166666666667,0,0,0.0208333333333333,0,0
2018-01-23,0.0208333333333333,0.770833333333333,0.833333333333333,0.0625,0,0,0.0208333333333333,0,0
2018-01-24,0.0208333333333333,0.833333333333333,0.875,0.0833333333333333,0,0,0,0,0
2018-01-25,0.0208333333333333,0.875,0.854166666666667,0.104166666666667,0,0,0,0,0
2018-01-26,0.0208333333333333,0.833333333333333,0.8125,0.0833333333333333,0,0,0,0,0
2018-01-29,0.0208333333333333,0.729166666666667,0.833333333333333,0.104166666666667,0,0,0,0,0
2018-01-30,0.0208333333333333,0.8125,0.645833333333333,0.0208333333333333,0,0,0,0,0
2018-01-31,0.0208333333333333,0.791666666666667,0.708333333333333,0.0625,0,0,0,0,0
2018-02-01,0.0208333333333333,0.75,0.708333333333333,0,0,0,0,0,0
2018-02-02,0.0208333333333333,0.708333333333333,0.770833333333333,0,0,0,0,0,0
2018-02-05,0.0208333333333333,0.833333333333333,0.770833333333333,0,0,0,0.0208333333333333,0,0
2018-02-06,0.0208333333333333,0.625,0.770833333333333,0,0,0,0,0,0
2018-02-07,0.0208333333333333,0.729166666666667,0.645833333333333,0,0,0,0,0,0
2018-02-08,0.0208333333333333,0.75,0.708333333333333,0.0208333333333333,0,0,0.0208333333333333,0,0
2018-02-09,0.0208333333333333,0.645833333333333,0.729166666666667,0.0833333333333333,0,0,0.0208333333333333,0,0
2018-02-12,0.0208333333333333,0.75,0.666666666666667,0.0625,0.0416666666666667,0,0,0,0
2018-02-13,0,0.6875,0.708333333333333,0.0416666666666667,0.0208333333333333,0,0,0,0
2018-02-14,0.0208333333333333,0.666666666666667,0.520833333333333,0.0208333333333333,0.0208333333333333,0,0,0,0
2018-02-22,0.0212765957446809,0.617021276595745,0.638297872340426,0.0212765957446809,0.0212765957446809,0,0,0,0
2018-02-23,0.0212765957446809,0.574468085106383,0.638297872340426,0.0212765957446809,0.0212765957446809,0,0,0,0
2018-02-26,0.0208333333333333,0.5,0.645833333333333,0.0416666666666667,0.0208333333333333,0,0,0,0
2018-02-27,0,0.645833333333333,0.75,0.0416666666666667,0,0,0,0,0
2018-02-28,0,0.770833333333333,0.479166666666667,0.0416666666666667,0,0,0,0,0
2018-03-01,0,0.666666666666667,0.5625,0.0416666666666667,0.0208333333333333,0,0,0,0
2018-03-02,0,0.6875,0.458333333333333,0.0416666666666667,0,0,0,0,0
2018-03-05,0,0.6875,0.395833333333333,0.0208333333333333,0.0208333333333333,0,0,0,0
2018-03-06,0,0.666666666666667,0.333333333333333,0.0416666666666667,0.0208333333333333,0,0,0,0
2018-03-07,0,0.75,0.333333333333333,0.0208333333333333,0.0208333333333333,0,0,0,0
2018-03-08,0,0.708333333333333,0.4375,0,0.0208333333333333,0,0,0,0
2018-03-09,0,0.659574468085106,0.531914893617021,0.0212765957446809,0.0212765957446809,0,0,0,0
2018-03-12,0,0.595744680851064,0.595744680851064,0,0.0212765957446809,0,0,0,0
2018-03-13,0,0.680851063829787,0.51063829787234,0,0.0212765957446809,0,0,0,0
2018-03-14,0,0.680851063829787,0.468085106382979,0,0,0,0,0,0
2018-03-15,0,0.659574468085106,0.425531914893617,0,0.0212765957446809,0,0,0,0
2018-03-16,0,0.659574468085106,0.48936170212766,0,0.0212765957446809,0,0,0,0
2018-03-19,0,0.723404255319149,0.446808510638298,0.0212765957446809,0.0212765957446809,0,0,0,0
2018-03-20,0,0.702127659574468,0.51063829787234,0.0425531914893617,0.0212765957446809,0,0,0,0
2018-03-21,0,0.765957446808511,0.468085106382979,0.0425531914893617,0.0212765957446809,0,0,0,0
2018-03-22,0,0.765957446808511,0.531914893617021,0.0425531914893617,0.0212765957446809,0,0,0,0
2018-03-23,0,0.595744680851064,0.638297872340426,0.0212765957446809,0.0212765957446809,0,0,0,0
2018-03-26,0,0.659574468085106,0.617021276595745,0.0851063829787234,0.0212765957446809,0,0,0,0
2018-03-27,0,0.617021276595745,0.617021276595745,0.0851063829787234,0.0212765957446809,0,0,0,0
2018-03-28,0,0.74468085106383,0.659574468085106,0.0851063829787234,0.0212765957446809,0,0,0,0
2018-03-29,0,0.787234042553192,0.574468085106383,0.0212765957446809,0.0212765957446809,0,0,0,0
2018-03-30,0,0.787234042553192,0.702127659574468,0.0425531914893617,0,0,0,0,0
2018-04-02,0,0.808510638297872,0.574468085106383,0.106382978723404,0,0,0,0,0
2018-04-03,0,0.808510638297872,0.468085106382979,0.0425531914893617,0,0,0,0,0
2018-04-04,0,0.625,0.645833333333333,0.0208333333333333,0,0,0,0,0
2018-04-09,0,0.4375,0.708333333333333,0.0833333333333333,0,0,0,0,0
2018-04-10,0.0208333333333333,0.479166666666667,0.791666666666667,0.0833333333333333,0,0,0,0,0
2018-04-11,0,0.583333333333333,0.625,0.0833333333333333,0,0,0,0,0
2018-04-12,0,0.666666666666667,0.604166666666667,0.0416666666666667,0,0,0,0,0
2018-04-13,0,0.645833333333333,0.625,0.0208333333333333,0,0,0,0,0
2018-04-16,0,0.833333333333333,0.583333333333333,0.0208333333333333,0.0416666666666667,0,0,0,0
2018-04-17,0,0.8125,0.625,0.0416666666666667,0.0208333333333333,0,0,0,0
2018-04-18,0,0.791666666666667,0.583333333333333,0.0416666666666667,0.0208333333333333,0,0,0,0
2018-04-19,0.0208333333333333,0.770833333333333,0.729166666666667,0.0416666666666667,0,0,0,0,0
2018-04-20,0.0208333333333333,0.770833333333333,0.645833333333333,0.0416666666666667,0.0208333333333333,0,0,0,0
2018-04-23,0,0.791666666666667,0.6875,0.0416666666666667,0.0208333333333333,0,0,0,0
2018-04-24,0,0.8125,0.625,0.0416666666666667,0,0,0,0,0
2018-04-25,0,0.833333333333333,0.645833333333333,0.0208333333333333,0.0208333333333333,0,0,0,0
2018-04-26,0,0.791666666666667,0.625,0,0.0208333333333333,0,0,0,0
2018-04-27,0,0.833333333333333,0.604166666666667,0,0,0,0,0,0
2018-05-02,0,0.791666666666667,0.583333333333333,0.0208333333333333,0,0,0,0,0
2018-05-03,0.0208333333333333,0.833333333333333,0.604166666666667,0,0.0208333333333333,0,0,0,0
2018-05-04,0,0.75,0.666666666666667,0,0,0,0,0,0
2018-05-07,0.0208333333333333,0.75,0.541666666666667,0,0,0,0,0,0
2018-05-08,0,0.770833333333333,0.479166666666667,0,0,0,0,0,0
2018-05-09,0.0208333333333333,0.791666666666667,0.541666666666667,0.0208333333333333,0,0,0,0,0
2018-05-10,0.0208333333333333,0.8125,0.625,0.0416666666666667,0,0,0,0,0
2018-05-11,0.0208333333333333,0.833333333333333,0.583333333333333,0.0416666666666667,0,0,0,0,0
2018-05-14,0,0.833333333333333,0.604166666666667,0.0208333333333333,0,0,0,0,0
2018-05-15,0,0.875,0.520833333333333,0.0208333333333333,0,0,0,0,0
2018-05-16,0,0.854166666666667,0.5625,0,0,0,0,0,0
2018-05-17,0.0208333333333333,0.8125,0.625,0.0208333333333333,0.0208333333333333,0,0,0,0
2018-05-18,0,0.8125,0.625,0.0208333333333333,0,0,0,0,0
2018-05-21,0,0.791666666666667,0.666666666666667,0.0208333333333333,0,0,0,0,0
2018-05-22,0,0.791666666666667,0.625,0.0208333333333333,0.0208333333333333,0,0,0,0
2018-05-23,0,0.770833333333333,0.604166666666667,0.0208333333333333,0.0416666666666667,0,0,0,0
2018-05-24,0.0208333333333333,0.770833333333333,0.604166666666667,0,0.0208333333333333,0,0,0,0
2018-05-25,0.0208333333333333,0.666666666666667,0.625,0,0.0208333333333333,0,0,0,0
2018-05-28,0.0416666666666667,0.708333333333333,0.708333333333333,0,0.0208333333333333,0,0.0208333333333333,0,0
2018-05-29,0.0208333333333333,0.791666666666667,0.75,0,0.0208333333333333,0,0,0,0
2018-05-30,0.0416666666666667,0.708333333333333,0.604166666666667,0,0.0208333333333333,0,0,0,0
2018-05-31,0,0.833333333333333,0.583333333333333,0,0.0208333333333333,0,0.0208333333333333,0,0
2018-06-01,0.0208333333333333,0.833333333333333,0.708333333333333,0,0.0208333333333333,0,0,0,0
2018-06-04,0,0.795918367346939,0.73469387755102,0,0.0204081632653061,0,0,0,0
2018-06-05,0,0.755102040816326,0.714285714285714,0,0.0408163265306122,0,0.0204081632653061,0,0
2018-06-06,0,0.795918367346939,0.612244897959184,0,0.0204081632653061,0,0.0204081632653061,0,0
2018-06-07,0.0204081632653061,0.795918367346939,0.63265306122449,0,0.0204081632653061,0,0.0408163265306122,0,0
2018-06-08,0,0.836734693877551,0.714285714285714,0,0.0612244897959184,0,0,0,0
2018-06-11,0.0204081632653061,0.73469387755102,0.673469387755102,0,0.0204081632653061,0,0,0,0
2018-06-12,0.0204081632653061,0.816326530612245,0.653061224489796,0,0.0204081632653061,0,0.0204081632653061,0,0
2018-06-13,0,0.816326530612245,0.612244897959184,0,0.0204081632653061,0,0.0204081632653061,0,0
2018-06-14,0.0204081632653061,0.795918367346939,0.714285714285714,0,0.0204081632653061,0,0.0204081632653061,0,0
2018-06-15,0,0.795918367346939,0.775510204081633,0,0.0204081632653061,0,0,0,0
2018-06-19,0.0204081632653061,0.755102040816326,0.795918367346939,0,0.0408163265306122,0,0,0,0
2018-06-20,0.0204081632653061,0.775510204081633,0.673469387755102,0,0.0612244897959184,0,0,0,0
2018-06-21,0.0204081632653061,0.877551020408163,0.673469387755102,0,0.0612244897959184,0,0.0204081632653061,0,0
2018-06-22,0.0204081632653061,0.836734693877551,0.73469387755102,0,0.0408163265306122,0,0.0408163265306122,0,0
2018-06-25,0.0204081632653061,0.836734693877551,0.653061224489796,0,0.0204081632653061,0,0.0408163265306122,0,0
2018-06-26,0.0204081632653061,0.795918367346939,0.673469387755102,0,0.0204081632653061,0,0.0612244897959184,0,0
2018-06-27,0.0408163265306122,0.816326530612245,0.693877551020408,0,0.0408163265306122,0,0.0408163265306122,0,0
2018-06-28,0.0408163265306122,0.775510204081633,0.530612244897959,0,0,0,0.0408163265306122,0,0
2018-06-29,0.0204081632653061,0.816326530612245,0.571428571428571,0,0,0,0.0408163265306122,0,0
2018-07-02,0.0408163265306122,0.775510204081633,0.551020408163265,0,0,0,0.0408163265306122,0,0
2018-07-03,0.0408163265306122,0.857142857142857,0.571428571428571,0,0,0,0.0204081632653061,0,0
2018-07-04,0.0408163265306122,0.775510204081633,0.673469387755102,0,0.0204081632653061,0,0.0816326530612245,0,0
2018-07-05,0.0204081632653061,0.795918367346939,0.63265306122449,0,0,0,0.0408163265306122,0,0
2018-07-06,0.0408163265306122,0.73469387755102,0.571428571428571,0,0,0,0.102040816326531,0,0
2018-07-09,0.102040816326531,0.755102040816326,0.571428571428571,0,0.0204081632653061,0,0.0408163265306122,0,0
2018-07-10,0.102040816326531,0.816326530612245,0.653061224489796,0,0.0204081632653061,0,0,0,0
2018-07-11,0.0408163265306122,0.877551020408163,0.63265306122449,0,0.0204081632653061,0,0.0612244897959184,0,0
2018-07-12,0.0204081632653061,0.795918367346939,0.714285714285714,0,0,0,0.102040816326531,0,0
2018-07-13,0.0612244897959184,0.857142857142857,0.73469387755102,0,0,0,0.0816326530612245,0,0
2018-07-16,0.0833333333333333,0.895833333333333,0.729166666666667,0,0,0,0.0625,0,0
2018-07-17,0.0833333333333333,0.916666666666667,0.75,0,0,0,0.0625,0,0
2018-07-18,0.0625,0.875,0.75,0,0,0,0.0416666666666667,0,0
2018-07-19,0.104166666666667,0.8125,0.645833333333333,0,0,0,0.0625,0,0
2018-07-20,0.0625,0.916666666666667,0.6875,0,0,0,0.0416666666666667,0,0
2018-07-23,0.0416666666666667,0.8125,0.75,0,0,0,0.0416666666666667,0,0
2018-07-24,0.0208333333333333,0.791666666666667,0.708333333333333,0,0,0,0.0208333333333333,0,0
2018-07-25,0.0416666666666667,0.791666666666667,0.645833333333333,0,0,0,0.0416666666666667,0,0
2018-07-26,0.0625,0.791666666666667,0.729166666666667,0,0,0,0,0,0
2018-07-27,0.0625,0.854166666666667,0.791666666666667,0,0,0,0,0,0
2018-07-30,0.0416666666666667,0.854166666666667,0.770833333333333,0,0.0208333333333333,0,0,0,0
2018-07-31,0.0625,0.875,0.8125,0,0,0,0,0,0
2018-08-01,0.0833333333333333,0.833333333333333,0.75,0,0,0,0,0,0
2018-08-02,0.0833333333333333,0.8125,0.708333333333333,0,0,0,0,0,0
2018-08-03,0.104166666666667,0.8125,0.729166666666667,0,0,0,0,0,0
2018-08-06,0.125,0.916666666666667,0.645833333333333,0,0,0,0.0208333333333333,0,0
2018-08-07,0.166666666666667,0.854166666666667,0.708333333333333,0,0,0,0,0,0
2018-08-08,0.145833333333333,0.8125,0.6875,0,0,0,0.0208333333333333,0,0
2018-08-09,0.0833333333333333,0.770833333333333,0.604166666666667,0,0,0,0,0,0
2018-08-10,0.0625,0.833333333333333,0.729166666666667,0,0,0,0,0,0
2018-08-13,0.104166666666667,0.895833333333333,0.770833333333333,0,0,0,0,0,0
2018-08-14,0.104166666666667,0.791666666666667,0.833333333333333,0,0,0,0,0,0
2018-08-15,0.104166666666667,0.8125,0.6875,0,0,0,0,0,0
2018-08-16,0.104166666666667,0.729166666666667,0.791666666666667,0,0,0,0,0,0
2018-08-17,0.0833333333333333,0.8125,0.708333333333333,0,0,0,0,0,0
2018-08-20,0.104166666666667,0.770833333333333,0.625,0,0.0208333333333333,0,0,0,0
2018-08-21,0.145833333333333,0.75,0.625,0,0.0208333333333333,0,0,0,0
2018-08-22,0.125,0.854166666666667,0.708333333333333,0,0.0208333333333333,0,0,0,0
2018-08-23,0.104166666666667,0.791666666666667,0.729166666666667,0,0.0208333333333333,0,0,0,0
2018-08-24,0.0851063829787234,0.680851063829787,0.765957446808511,0,0,0,0,0,0
2018-08-27,0.145833333333333,0.8125,0.666666666666667,0,0.0208333333333333,0,0,0,0
2018-08-28,0.0833333333333333,0.791666666666667,0.729166666666667,0,0,0,0,0,0
2018-08-29,0.0625,0.791666666666667,0.666666666666667,0,0,0,0,0,0
2018-08-30,0.0833333333333333,0.770833333333333,0.583333333333333,0,0,0,0,0,0
2018-08-31,0.104166666666667,0.791666666666667,0.708333333333333,0,0,0,0,0,0
2018-09-03,0.0625,0.791666666666667,0.729166666666667,0,0,0,0,0,0
2018-09-04,0.104166666666667,0.729166666666667,0.770833333333333,0,0,0,0,0,0
2018-09-05,0.0833333333333333,0.791666666666667,0.770833333333333,0.0208333333333333,0.0416666666666667,0,0,0,0
2018-09-06,0.0833333333333333,0.8125,0.6875,0,0.0416666666666667,0,0,0,0
2018-09-07,0.0833333333333333,0.833333333333333,0.770833333333333,0,0.0208333333333333,0,0,0,0
2018-09-10,0.0833333333333333,0.791666666666667,0.75,0,0,0,0,0,0
2018-09-11,0.104166666666667,0.833333333333333,0.75,0,0.0416666666666667,0,0,0,0
2018-09-12,0.104166666666667,0.770833333333333,0.708333333333333,0,0.0416666666666667,0,0,0,0
2018-09-13,0.0625,0.791666666666667,0.708333333333333,0,0.0416666666666667,0,0,0,0
2018-09-14,0.145833333333333,0.895833333333333,0.666666666666667,0,0.0416666666666667,0,0,0,0
2018-09-17,0.122448979591837,0.857142857142857,0.653061224489796,0.0204081632653061,0.0204081632653061,0,0,0,0
2018-09-18,0.122448979591837,0.795918367346939,0.591836734693878,0.0204081632653061,0.0408163265306122,0,0,0,0
2018-09-19,0.102040816326531,0.73469387755102,0.755102040816326,0.0204081632653061,0.0204081632653061,0,0.0204081632653061,0,0
2018-09-20,0.122448979591837,0.795918367346939,0.693877551020408,0.0204081632653061,0.0204081632653061,0,0,0,0
2018-09-21,0.102040816326531,0.693877551020408,0.653061224489796,0.0204081632653061,0.0204081632653061,0,0.0204081632653061,0,0
2018-09-25,0.0816326530612245,0.795918367346939,0.714285714285714,0.0204081632653061,0.0612244897959184,0,0.0204081632653061,0,0
2018-09-26,0.0816326530612245,0.816326530612245,0.714285714285714,0.0204081632653061,0.0408163265306122,0,0.0204081632653061,0,0
2018-09-27,0.122448979591837,0.755102040816326,0.73469387755102,0.0408163265306122,0.0408163265306122,0,0.0204081632653061,0,0
2018-09-28,0.142857142857143,0.673469387755102,0.755102040816326,0.0204081632653061,0.0408163265306122,0,0.0204081632653061,0,0
2018-10-08,0.122448979591837,0.673469387755102,0.714285714285714,0.0204081632653061,0.0204081632653061,0,0.0204081632653061,0,0
2018-10-09,0.122448979591837,0.693877551020408,0.714285714285714,0.0204081632653061,0.0204081632653061,0,0.0204081632653061,0,0
2018-10-10,0.122448979591837,0.836734693877551,0.795918367346939,0.0204081632653061,0.0408163265306122,0,0.0204081632653061,0,0
2018-10-11,0.0833333333333333,0.854166666666667,0.729166666666667,0.0208333333333333,0.0208333333333333,0,0.0208333333333333,0,0
2018-10-12,0.0612244897959184,0.836734693877551,0.73469387755102,0.0204081632653061,0.0204081632653061,0,0.0204081632653061,0,0
2018-10-15,0.0625,0.875,0.666666666666667,0.0208333333333333,0.0416666666666667,0,0.0208333333333333,0,0
2018-10-16,0.0416666666666667,0.916666666666667,0.791666666666667,0.0208333333333333,0.0208333333333333,0,0.0208333333333333,0,0
2018-10-17,0.0625,0.791666666666667,0.770833333333333,0.0208333333333333,0,0,0.0208333333333333,0,0
2018-10-18,0.0416666666666667,0.875,0.833333333333333,0.0208333333333333,0,0,0.0208333333333333,0.0208333333333333,0
2018-10-19,0.0625,0.833333333333333,0.770833333333333,0.0208333333333333,0.0208333333333333,0,0.0208333333333333,0,0
2018-10-22,0.0416666666666667,0.875,0.729166666666667,0.0208333333333333,0.0416666666666667,0,0.0208333333333333,0.0208333333333333,0
2018-10-23,0.0625,0.8125,0.708333333333333,0.0208333333333333,0.0625,0,0.0625,0.0416666666666667,0
2018-10-24,0.0625,0.8125,0.729166666666667,0.0208333333333333,0,0,0.104166666666667,0.0416666666666667,0
2018-10-25,0.104166666666667,0.791666666666667,0.75,0.0208333333333333,0.0208333333333333,0,0.104166666666667,0.0833333333333333,0
2018-10-26,0.0833333333333333,0.8125,0.708333333333333,0.0208333333333333,0.0208333333333333,0,0.0833333333333333,0.0208333333333333,0
2018-10-29,0.0833333333333333,0.75,0.75,0.0208333333333333,0.0833333333333333,0,0.145833333333333,0.0833333333333333,0
2018-10-30,0.125,0.770833333333333,0.729166666666667,0.0208333333333333,0.0416666666666667,0,0.0833333333333333,0.0208333333333333,0
2018-10-31,0.142857142857143,0.693877551020408,0.755102040816326,0,0.0408163265306122,0,0.102040816326531,0.0408163265306122,0
2018-11-01,0.125,0.791666666666667,0.770833333333333,0,0.0625,0,0.0625,0.0625,0
2018-11-02,0.0816326530612245,0.714285714285714,0.693877551020408,0,0.0408163265306122,0,0.0612244897959184,0.0204081632653061,0
2018-11-05,0.0816326530612245,0.73469387755102,0.673469387755102,0,0.0816326530612245,0,0.122448979591837,0.0816326530612245,0
2018-11-06,0.122448979591837,0.775510204081633,0.653061224489796,0,0.0408163265306122,0,0.122448979591837,0.0816326530612245,0
2018-11-07,0.0816326530612245,0.755102040816326,0.612244897959184,0,0.0612244897959184,0,0.122448979591837,0.102040816326531,0
2018-11-08,0.0833333333333333,0.645833333333333,0.645833333333333,0,0.0833333333333333,0,0.104166666666667,0.125,0
2018-11-09,0.0625,0.604166666666667,0.645833333333333,0,0.0833333333333333,0,0.104166666666667,0.104166666666667,0
2018-11-12,0.0816326530612245,0.612244897959184,0.591836734693878,0,0.0408163265306122,0,0.0816326530612245,0.0612244897959184,0
2018-11-13,0.183673469387755,0.673469387755102,0.591836734693878,0,0.0612244897959184,0,0.0612244897959184,0.0612244897959184,0
2018-11-14,0.102040816326531,0.653061224489796,0.63265306122449,0,0.0408163265306122,0,0.0612244897959184,0.0612244897959184,0
2018-11-15,0.142857142857143,0.775510204081633,0.591836734693878,0,0.0204081632653061,0,0.0816326530612245,0,0
2018-11-16,0.12,0.8,0.56,0,0.02,0,0.06,0.04,0
2018-11-19,0.04,0.82,0.54,0,0.06,0,0.02,0.04,0
2018-11-20,0.06,0.84,0.66,0,0.06,0,0.04,0.04,0
2018-11-21,0.06,0.84,0.7,0,0.06,0,0.1,0.04,0
2018-11-22,0.12,0.8,0.64,0,0.04,0,0.1,0.02,0
2018-11-23,0.12,0.72,0.64,0,0.02,0,0.04,0.06,0
2018-11-26,0.1,0.7,0.64,0.02,0.02,0,0.04,0.06,0
2018-11-27,0.1,0.82,0.62,0,0.02,0,0.04,0.06,0
2018-11-28,0.1,0.84,0.66,0,0.02,0,0.04,0.04,0
2018-11-29,0.0816326530612245,0.73469387755102,0.653061224489796,0,0.0204081632653061,0,0.0408163265306122,0.0204081632653061,0
2018-11-30,0.1,0.64,0.6,0,0.04,0,0,0,0
2018-12-03,0.1,0.88,0.62,0,0.06,0,0.04,0,0
2018-12-04,0.1,0.84,0.54,0,0.08,0,0.02,0.02,0
2018-12-05,0.14,0.84,0.66,0.02,0.06,0,0.04,0,0
2018-12-06,0.1,0.82,0.66,0,0.04,0,0.04,0,0
2018-12-07,0.12,0.88,0.64,0.02,0.04,0,0.04,0,0
2018-12-10,0.1,0.82,0.66,0.02,0.02,0,0.02,0,0
2018-12-11,0.1,0.92,0.68,0,0,0,0.06,0,0
2018-12-12,0.14,0.86,0.68,0,0.02,0,0.06,0,0
2018-12-13,0.1,0.84,0.62,0,0.02,0,0.02,0,0
2018-12-14,0.1,0.82,0.72,0,0,0,0.06,0,0
2018-12-17,0.08,0.84,0.7,0,0,0,0.02,0,0
2018-12-18,0.06,0.92,0.56,0,0.04,0,0.02,0,0
2018-12-19,0.08,0.9,0.6,0.02,0.02,0,0.06,0,0
2018-12-20,0.06,0.88,0.64,0.02,0,0,0.08,0,0
2018-12-21,0.08,0.92,0.6,0,0.02,0,0.06,0,0
2018-12-24,0.08,0.88,0.46,0,0.02,0,0.04,0,0
2018-12-25,0.08,0.9,0.54,0,0.02,0,0.08,0,0
2018-12-26,0.08,0.84,0.46,0,0.02,0,0.04,0,0
2018-12-27,0.12,0.82,0.54,0.02,0,0,0.12,0,0
2018-12-28,0.14,0.84,0.58,0.02,0,0,0.06,0,0
2019-01-02,0.14,0.88,0.72,0.04,0,0,0.08,0,0
2019-01-03,0.16,1,0.6,0.02,0.02,0,0.06,0,0
2019-01-04,0.16,0.9,0.6,0.02,0.02,0,0.08,0,0
2019-01-07,0.1,0.9,0.64,0.02,0.02,0,0.1,0,0
2019-01-08,0.1,0.84,0.72,0.02,0,0,0.16,0,0
2019-01-09,0.06,0.92,0.74,0.06,0.02,0,0.12,0,0
2019-01-10,0.04,0.92,0.64,0.02,0.02,0,0.18,0,0
2019-01-11,0.04,0.88,0.66,0,0.02,0,0.3,0,0
2019-01-14,0.08,0.78,0.6,0,0.02,0,0.36,0,0
2019-01-15,0.02,0.92,0.56,0,0,0,0.22,0,0
2019-01-16,0.06,0.88,0.6,0,0,0,0.32,0,0
2019-01-17,0.08,0.8,0.68,0,0.02,0,0.42,0,0
2019-01-18,0.08,0.78,0.66,0.02,0,0,0.42,0,0
2019-01-21,0.06,0.76,0.66,0,0,0,0.44,0,0
2019-01-22,0.12,0.86,0.74,0,0.02,0,0.36,0,0
2019-01-23,0.1,0.88,0.68,0,0,0,0.32,0.02,0
2019-01-24,0.14,0.78,0.66,0.02,0,0,0.44,0.02,0
2019-01-25,0.12,0.8,0.7,0,0,0,0.48,0.02,0
2019-01-28,0.1,0.82,0.64,0,0,0,0.46,0.04,0
2019-01-29,0.06,0.9,0.76,0,0,0,0.48,0.02,0
2019-01-30,0.18,0.84,0.82,0,0,0,0.46,0.04,0
2019-01-31,0.12,0.86,0.88,0,0,0,0.5,0.06,0
2019-02-01,0.1,0.78,0.86,0,0,0,0.54,0.06,0
2019-02-11,0.06,0.88,0.8,0,0,0,0.54,0.04,0
2019-02-12,0,0.84,0.76,0,0,0,0.58,0.08,0
2019-02-13,0.02,0.82,0.8,0,0,0,0.48,0.06,0
2019-02-14,0.04,0.86,0.76,0,0,0,0.54,0.04,0
2019-02-15,0.14,0.76,0.72,0,0,0,0.6,0.06,0
2019-02-18,0.08,0.78,0.74,0,0,0,0.58,0.04,0
2019-02-19,0.1,0.82,0.74,0,0,0,0.6,0.02,0
2019-02-20,0.12,0.76,0.72,0,0,0,0.6,0.04,0
2019-02-21,0.08,0.72,0.72,0,0,0,0.56,0.04,0
2019-02-22,0.06,0.88,0.82,0.02,0,0,0.62,0.02,0
2019-02-25,0.02,0.74,0.82,0,0,0,0.72,0.02,0
2019-02-26,0.02,0.76,0.84,0,0.02,0,0.66,0.02,0
2019-02-27,0.08,0.74,0.82,0,0.02,0,0.58,0.02,0
2019-02-28,0.04,0.78,0.88,0,0.02,0,0.66,0.02,0
2019-03-01,0.02,0.82,0.82,0,0.02,0,0.64,0.02,0
2019-03-04,0.1,0.8,0.92,0,0.06,0,0.66,0,0
2019-03-05,0.1,0.82,0.8,0,0.04,0,0.6,0,0
2019-03-06,0.1,0.74,0.7,0.02,0.02,0,0.66,0,0
2019-03-07,0.12,0.76,0.78,0.02,0,0,0.38,0,0
2019-03-08,0.08,0.78,0.62,0.02,0.04,0,0.28,0.02,0
2019-03-11,0.06,0.74,0.54,0.02,0.02,0,0.26,0,0
2019-03-12,0.06,0.78,0.6,0.02,0.02,0,0.28,0,0
2019-03-13,0.06,0.7,0.66,0.02,0.06,0,0.26,0,0
2019-03-14,0.06,0.76,0.64,0,0.06,0,0.14,0,0
2019-03-15,0.12,0.72,0.68,0,0.02,0,0.08,0.02,0
2019-03-18,0.12,0.8,0.6,0,0.04,0,0.08,0.04,0
2019-03-19,0.1,0.82,0.66,0.02,0,0,0.08,0.04,0
2019-03-20,0.06,0.74,0.6,0,0.02,0,0.16,0.04,0
2019-03-21,0.08,0.88,0.66,0,0.04,0,0.14,0.04,0
2019-03-22,0.08,0.76,0.72,0,0,0,0.18,0.02,0
2019-03-25,0.08,0.74,0.66,0,0,0,0.18,0,0
2019-03-26,0.06,0.78,0.68,0,0.02,0,0.26,0,0
2019-03-27,0.06,0.78,0.64,0,0,0,0.3,0.02,0
2019-03-28,0.06,0.76,0.64,0,0.02,0,0.28,0,0
2019-03-29,0.02,0.78,0.74,0,0,0,0.36,0.02,0
2019-04-01,0.06,0.72,0.6,0,0.02,0,0.32,0.02,0
2019-04-02,0.08,0.86,0.6,0,0,0,0.36,0.02,0
2019-04-03,0.06,0.86,0.54,0,0,0,0.38,0,0
2019-04-04,0.08,0.86,0.44,0,0,0,0.34,0,0
2019-04-08,0.1,0.84,0.38,0,0.02,0,0.36,0,0
2019-04-09,0.06,0.78,0.42,0,0.02,0,0.32,0,0
2019-04-10,0.08,0.78,0.5,0,0.02,0,0.3,0,0
2019-04-11,0.04,0.68,0.52,0,0.02,0,0.42,0,0
2019-04-12,0.06,0.74,0.5,0,0.04,0,0.4,0,0
2019-04-15,0.04,0.68,0.5,0,0.04,0,0.46,0,0
2019-04-16,0.02,0.72,0.44,0,0.04,0,0.44,0,0
2019-04-17,0.04,0.7,0.36,0,0.04,0,0.36,0,0
2019-04-18,0.06,0.66,0.46,0,0.04,0,0.38,0,0
2019-04-19,0.1,0.72,0.46,0,0.02,0,0.34,0,0
2019-04-22,0.08,0.74,0.42,0,0.04,0,0.38,0,0
2019-04-23,0.06,0.7,0.5,0,0.04,0,0.36,0,0
2019-04-24,0.08,0.62,0.48,0,0.04,0,0.34,0,0
2019-04-25,0.04,0.72,0.46,0,0.02,0,0.38,0,0
2019-04-26,0.06,0.8,0.46,0,0.02,0,0.44,0,0
2019-04-29,0.08,0.72,0.48,0,0.02,0,0.36,0,0
2019-04-30,0.06,0.8,0.44,0,0.02,0,0.4,0,0
2019-05-06,0.04,0.66,0.4,0,0.02,0,0.58,0,0
2019-05-07,0.04,0.76,0.38,0,0.02,0,0.6,0,0
2019-05-08,0.04,0.74,0.42,0,0.04,0,0.5,0,0
2019-05-09,0.06,0.74,0.44,0,0.04,0,0.58,0,0
2019-05-10,0.04,0.7,0.42,0,0.04,0,0.52,0,0
2019-05-13,0.02,0.72,0.4,0,0.04,0,0.5,0,0
2019-05-14,0.04,0.68,0.48,0,0.04,0,0.5,0,0
2019-05-15,0.02,0.72,0.54,0,0.02,0,0.48,0,0
2019-05-16,0.04,0.62,0.48,0.02,0.04,0,0.5,0,0
2019-05-17,0.02,0.66,0.42,0,0.02,0,0.48,0,0
2019-05-20,0.02,0.7,0.46,0,0,0,0.4,0,0
2019-05-21,0.02,0.56,0.38,0,0,0,0.48,0,0
2019-05-22,0,0.66,0.52,0,0,0,0.46,0,0
2019-05-23,0.04,0.64,0.56,0,0,0,0.4,0,0
2019-05-24,0.04,0.6,0.42,0,0,0,0.36,0,0
2019-05-27,0.04,0.62,0.46,0,0.02,0,0.38,0,0
2019-05-28,0,0.6,0.5,0,0,0,0.46,0,0
2019-05-29,0,0.62,0.5,0,0,0,0.46,0,0
2019-05-30,0,0.58,0.54,0.02,0.02,0,0.64,0,0
2019-05-31,0,0.66,0.52,0,0.02,0,0.52,0,0
2019-06-03,0.02,0.7,0.48,0,0.04,0,0.56,0,0
2019-06-04,0.06,0.62,0.5,0,0,0,0.6,0,0
2019-06-05,0.04,0.6,0.46,0,0.04,0,0.56,0,0
2019-06-06,0.02,0.58,0.44,0.04,0.02,0,0.74,0,0
2019-06-10,0,0.5,0.5,0,0.02,0,0.64,0,0
2019-06-11,0,0.66,0.54,0,0.02,0,0.68,0,0
2019-06-12,0,0.66,0.5,0,0.04,0,0.62,0,0
2019-06-13,0.02,0.58,0.5,0.02,0.02,0,0.62,0,0
2019-06-14,0.02,0.7,0.5,0.02,0.02,0,0.54,0,0
2019-06-17,0,0.76,0.58,0.02,0.02,0,0.5,0,0
2019-06-18,0,0.74,0.54,0,0.02,0,0.54,0,0
2019-06-19,0,0.66,0.58,0,0.02,0,0.56,0,0
2019-06-20,0,0.72,0.56,0,0.02,0,0.58,0,0
2019-06-21,0,0.74,0.52,0,0.02,0,0.54,0,0
2019-06-24,0.02,0.68,0.54,0,0.02,0,0.66,0,0
2019-06-25,0.02,0.66,0.54,0,0.04,0,0.78,0,0
2019-06-26,0,0.6,0.56,0,0.06,0,0.76,0,0
2019-06-27,0.04,0.62,0.54,0,0.02,0,0.7,0,0
2019-06-28,0,0.68,0.34,0.04,0,0,0.66,0,0
2019-07-01,0,0.66,0.42,0.04,0,0,0.74,0,0
2019-07-02,0.02,0.68,0.36,0.02,0,0,0.54,0,0
2019-07-03,0.04,0.7,0.4,0.02,0,0,0.66,0,0
2019-07-04,0.02,0.68,0.4,0.04,0,0,0.68,0,0
2019-07-05,0.04,0.68,0.36,0.04,0.02,0,0.74,0,0
2019-07-08,0.04,0.7,0.28,0.04,0,0,0.76,0,0
2019-07-09,0.04,0.64,0.36,0.04,0,0,0.78,0,0
2019-07-10,0.02,0.72,0.34,0.02,0,0,0.7,0,0
2019-07-11,0.04,0.84,0.32,0.02,0.04,0,0.84,0,0
2019-07-12,0.02,0.62,0.34,0.02,0.02,0,0.78,0,0
2019-07-15,0.02,0.68,0.38,0.02,0.02,0,0.74,0,0
2019-07-16,0.02,0.68,0.32,0,0.02,0,0.68,0,0
2019-07-17,0.02,0.7,0.2,0.04,0.04,0,0.64,0,0
2019-07-18,0.02,0.72,0.28,0.02,0.02,0,0.74,0,0
2019-07-19,0.02,0.72,0.32,0.02,0,0,0.6,0,0
2019-07-22,0.02,0.66,0.36,0.04,0,0,0.56,0,0
2019-07-23,0.04,0.74,0.38,0.02,0.02,0,0.68,0,0
2019-07-24,0.04,0.74,0.38,0.02,0.02,0,0.54,0,0
2019-07-25,0.02,0.7,0.48,0,0,0,0.56,0,0
2019-07-26,0,0.7,0.48,0,0,0,0.6,0,0
2019-07-29,0,0.62,0.54,0.04,0,0,0.6,0,0
2019-07-30,0.02,0.68,0.46,0.02,0.02,0,0.58,0,0
2019-07-31,0,0.72,0.66,0,0,0,0.52,0,0
2019-08-01,0,0.68,0.62,0,0,0,0.58,0,0
2019-08-02,0.04,0.84,0.72,0,0.04,0,0.66,0,0
2019-08-05,0.06,0.76,0.76,0.02,0,0,0.64,0,0
2019-08-06,0.04,0.78,0.7,0,0.04,0,0.56,0,0
2019-08-07,0.02,0.78,0.72,0.02,0.02,0,0.46,0,0
2019-08-08,0.04,0.68,0.7,0.02,0.04,0,0.5,0,0
2019-08-09,0.1,0.76,0.68,0,0.02,0,0.26,0,0
2019-08-12,0.12,0.72,0.74,0,0.02,0,0.16,0,0
2019-08-13,0.08,0.82,0.62,0,0.02,0,0.18,0,0
2019-08-14,0.08,0.7,0.66,0,0.02,0,0.22,0,0
2019-08-15,0.04,0.76,0.78,0,0.02,0,0.16,0,0
2019-08-16,0.04,0.8,0.66,0,0.02,0,0.16,0,0
2019-08-19,0.08,0.72,0.74,0,0.02,0,0.2,0,0
2019-08-20,0.08,0.8,0.7,0.02,0.02,0,0.12,0,0
2019-08-21,0.06,0.74,0.78,0,0.02,0,0.14,0,0
2019-08-22,0.04,0.78,0.74,0,0.02,0,0.1,0,0
2019-08-23,0.06,0.82,0.88,0,0.02,0,0.08,0,0
2019-08-26,0.08,0.74,0.76,0,0.02,0,0.1,0,0
2019-08-27,0.06,0.78,0.78,0,0.04,0,0.12,0,0
2019-08-28,0.04,0.76,0.7,0,0.02,0,0.14,0,0
2019-08-29,0.02,0.74,0.66,0,0.02,0,0.24,0,0
2019-08-30,0.02,0.68,0.64,0,0.02,0,0.22,0,0
2019-09-02,0,0.74,0.62,0,0.02,0,0.2,0,0
2019-09-03,0.04,0.68,0.62,0,0.02,0,0.22,0,0
2019-09-04,0.02,0.7,0.58,0,0,0,0.2,0,0
2019-09-05,0.02,0.74,0.6,0,0,0,0.26,0,0
2019-09-06,0.02,0.64,0.66,0.02,0,0,0.32,0,0
2019-09-09,0,0.66,0.56,0.02,0,0,0.34,0,0
2019-09-10,0.02,0.66,0.68,0.02,0,0,0.42,0,0
2019-09-11,0.02,0.72,0.62,0.02,0,0,0.4,0,0
2019-09-12,0.02,0.64,0.56,0.02,0,0,0.42,0,0
2019-09-16,0.06,0.62,0.58,0,0.02,0,0.58,0,0
2019-09-17,0.02,0.64,0.54,0.02,0.02,0,0.56,0,0
2019-09-18,0,0.56,0.56,0.02,0.02,0,0.54,0,0
2019-09-19,0,0.66,0.46,0,0.02,0,0.56,0,0
2019-09-20,0.02,0.52,0.4,0,0.02,0,0.62,0,0
2019-09-23,0,0.48,0.44,0,0.02,0,0.7,0,0
2019-09-24,0.02,0.5,0.4,0,0.04,0,0.74,0,0
2019-09-25,0.02,0.46,0.4,0,0.04,0,0.78,0,0
2019-09-26,0.02,0.54,0.38,0.02,0.04,0,0.76,0,0
2019-09-27,0,0.62,0.4,0,0.04,0,0.68,0,0
2019-09-30,0,0.44,0.44,0,0.02,0,0.76,0,0
2019-10-08,0.02,0.62,0.38,0,0.02,0,0.78,0,0
2019-10-09,0,0.68,0.32,0.02,0,0,0.74,0,0
2019-10-10,0,0.52,0.4,0,0.02,0,0.74,0,0
2019-10-11,0,0.64,0.4,0,0.02,0,0.68,0,0
2019-10-14,0,0.56,0.42,0.02,0,0,0.7,0,0
2019-10-15,0,0.54,0.46,0.02,0,0,0.72,0,0
2019-10-16,0,0.48,0.42,0.02,0,0,0.76,0,0
2019-10-17,0.02,0.54,0.46,0.02,0,0,0.68,0,0
2019-10-18,0,0.68,0.42,0,0,0,0.72,0,0
2019-10-21,0.06,0.6,0.36,0,0,0,0.74,0,0
2019-10-22,0.02,0.72,0.3,0,0,0,0.82,0,0
2019-10-23,0.02,0.68,0.36,0.02,0,0,0.76,0,0
2019-10-24,0.02,0.62,0.36,0,0,0,0.82,0,0
2019-10-25,0.04,0.64,0.36,0,0,0,0.78,0,0
2019-10-28,0.04,0.64,0.3,0,0,0,0.76,0,0
2019-10-29,0.04,0.7,0.36,0,0,0,0.76,0,0
2019-10-30,0.04,0.78,0.32,0,0,0,0.7,0,0
2019-10-31,0.04,0.64,0.4,0,0,0,0.72,0,0
2019-11-01,0.04,0.62,0.4,0,0,0,0.72,0,0
2019-11-04,0.04,0.64,0.32,0,0,0,0.78,0,0
2019-11-05,0.02,0.6,0.42,0,0,0,0.74,0,0
2019-11-06,0,0.6,0.3,0,0,0,0.76,0,0
2019-11-07,0.02,0.6,0.36,0,0,0,0.7,0,0
2019-11-08,0.04,0.56,0.36,0,0,0,0.64,0,0
2019-11-11,0.06,0.64,0.44,0.02,0,0,0.68,0,0
2019-11-12,0.06,0.68,0.34,0,0,0,0.58,0,0
2019-11-13,0.02,0.74,0.36,0.02,0,0,0.68,0,0
2019-11-14,0.04,0.7,0.44,0,0,0,0.64,0,0
2019-11-15,0.02,0.62,0.56,0.02,0,0,0.68,0,0
2019-11-18,0.02,0.68,0.52,0,0,0,0.64,0,0
2019-11-19,0.04,0.62,0.56,0.02,0,0,0.56,0,0
2019-11-20,0.06,0.7,0.5,0.04,0,0,0.52,0,0
2019-11-21,0.08,0.66,0.54,0.02,0,0,0.54,0,0
2019-11-22,0.06,0.72,0.56,0,0,0,0.56,0,0
2019-11-25,0.06,0.72,0.54,0.02,0,0,0.56,0,0
2019-11-26,0.08,0.76,0.54,0.02,0,0,0.52,0,0
2019-11-27,0.06,0.78,0.52,0,0,0,0.5,0,0
2019-11-28,0.08,0.78,0.56,0.02,0,0,0.56,0,0
2019-11-29,0.06,0.74,0.6,0,0,0,0.54,0,0
2019-12-02,0.06,0.82,0.72,0,0,0,0.5,0,0
2019-12-03,0.06,0.86,0.64,0,0,0,0.5,0,0
2019-12-04,0.08,0.76,0.62,0.02,0,0,0.48,0,0
2019-12-05,0.06,0.64,0.6,0,0,0,0.54,0,0
2019-12-06,0.08,0.78,0.6,0,0,0,0.6,0,0
2019-12-09,0.06,0.72,0.56,0,0,0,0.68,0,0
2019-12-10,0.08,0.74,0.52,0,0,0,0.68,0,0
2019-12-11,0.04,0.6,0.68,0,0,0,0.62,0,0
2019-12-12,0.06,0.6,0.68,0,0,0,0.56,0,0
2019-12-13,0.04,0.66,0.64,0,0,0,0.56,0,0
2019-12-16,0.02,0.66,0.74,0,0,0,0.54,0,0
2019-12-17,0.02,0.66,0.7,0,0,0,0.54,0,0
2019-12-18,0.02,0.72,0.54,0,0,0,0.62,0,0
2019-12-19,0.02,0.68,0.76,0,0,0,0.56,0,0
2019-12-20,0.04,0.72,0.68,0,0,0,0.66,0,0
2019-12-23,0.02,0.66,0.7,0,0,0,0.48,0,0
2019-12-24,0.02,0.64,0.64,0.02,0,0,0.56,0,0
2019-12-25,0.04,0.62,0.66,0.02,0,0,0.6,0,0
2019-12-26,0.04,0.74,0.64,0,0,0,0.62,0,0
2019-12-27,0.04,0.74,0.64,0.02,0,0,0.58,0,0
2019-12-30,0.02,0.76,0.72,0,0,0,0.5,0,0
2019-12-31,0.06,0.8,0.7,0,0,0,0.5,0,0
2020-01-02,0.06,0.84,0.74,0,0,0,0.52,0,0
2020-01-03,0.1,0.84,0.64,0,0,0,0.5,0,0
2020-01-06,0.1,0.8,0.7,0,0,0,0.58,0,0
2020-01-07,0.1,0.78,0.7,0,0,0,0.5,0,0
2020-01-08,0.06,0.76,0.74,0,0,0,0.5,0,0
2020-01-09,0.08,0.8,0.7,0,0,0,0.46,0,0
2020-01-10,0.08,0.76,0.68,0,0,0,0.42,0,0
2020-01-13,0.04,0.88,0.7,0,0,0,0.52,0,0
2020-01-14,0.04,0.76,0.7,0,0,0,0.54,0,0
2020-01-15,0.04,0.8,0.76,0,0,0,0.48,0,0
2020-01-16,0.04,0.82,0.74,0,0,0,0.54,0,0
2020-01-17,0.04,0.86,0.72,0,0,0,0.52,0,0
2020-01-20,0.04,0.8,0.76,0,0,0,0.58,0,0
2020-01-21,0.06,0.76,0.64,0,0,0,0.62,0,0
2020-01-22,0.04,0.76,0.7,0,0,0,0.42,0,0
2020-01-23,0,0.7,0.7,0,0,0,0.48,0,0
2020-02-03,0.02,0.54,0.58,0,0,0,0.4,0,0
2020-02-04,0.02,0.56,0.54,0,0,0,0.4,0,0
2020-02-05,0.04,0.52,0.54,0,0,0,0.32,0,0
2020-02-06,0.02,0.58,0.4,0,0,0,0.38,0,0
2020-02-07,0.06,0.52,0.4,0,0,0,0.46,0,0
2020-02-10,0.08,0.44,0.48,0.02,0.02,0,0.32,0,0
2020-02-11,0.04,0.56,0.46,0.02,0.02,0,0.3,0,0
2020-02-12,0.02,0.48,0.44,0.02,0,0,0.32,0,0
2020-02-13,0.02,0.52,0.42,0.02,0.02,0,0.22,0,0
2020-02-14,0.04,0.56,0.56,0.02,0.02,0,0.3,0,0
2020-02-17,0.04,0.4,0.56,0.02,0.02,0,0.44,0,0
2020-02-18,0.04,0.4,0.52,0.02,0.02,0,0.36,0,0
2020-02-19,0.08,0.54,0.52,0.02,0.04,0,0.42,0,0
2020-02-20,0.08,0.46,0.54,0.02,0.04,0,0.3,0,0
2020-02-21,0.06,0.58,0.38,0.02,0.02,0,0.36,0,0
2020-02-24,0.06,0.46,0.46,0,0,0,0.28,0,0
2020-02-25,0.08,0.46,0.48,0.02,0.02,0,0.36,0,0
2020-02-26,0.08,0.5,0.46,0.02,0,0,0.36,0,0
2020-02-27,0.06,0.42,0.64,0.02,0.02,0,0.32,0,0
2020-02-28,0.06,0.38,0.54,0,0.02,0,0.4,0,0
2020-03-02,0.04,0.42,0.62,0,0.02,0,0.32,0,0
2020-03-03,0.02,0.42,0.52,0,0.02,0,0.3,0,0
2020-03-04,0.04,0.36,0.6,0,0,0,0.28,0,0
2020-03-05,0.04,0.54,0.54,0,0.02,0,0.26,0,0
2020-03-06,0.04,0.42,0.6,0,0.04,0,0.28,0,0
2020-03-09,0.08,0.48,0.6,0,0.04,0,0.28,0,0
2020-03-10,0.08,0.48,0.54,0,0.02,0,0.28,0,0
2020-03-11,0.08,0.52,0.5,0,0.02,0,0.32,0,0
2020-03-12,0.08,0.5,0.5,0,0.02,0,0.2,0,0
2020-03-13,0.12,0.44,0.44,0,0.04,0,0.26,0,0
2020-03-16,0.1,0.32,0.56,0,0.02,0,0.26,0,0
2020-03-17,0.08,0.42,0.64,0,0.06,0,0.3,0,0
2020-03-18,0.1,0.38,0.62,0,0.02,0,0.2,0,0
2020-03-19,0.06,0.4,0.64,0,0.04,0,0.2,0,0
2020-03-20,0.06,0.36,0.62,0.02,0.04,0,0.18,0,0
2020-03-23,0.02,0.42,0.58,0,0.04,0,0.1,0,0
2020-03-24,0.08,0.42,0.58,0,0.02,0,0.06,0,0
2020-03-25,0.08,0.38,0.6,0,0.02,0,0.08,0,0
2020-03-26,0.04,0.38,0.58,0,0.02,0,0.06,0,0
2020-03-27,0.04,0.42,0.54,0,0.04,0,0.08,0,0
2020-03-30,0.08,0.4,0.6,0,0.02,0,0.02,0,0
2020-03-31,0.06,0.46,0.68,0,0.04,0,0.02,0,0
2020-04-01,0.08,0.5,0.74,0,0.06,0,0,0,0
2020-04-02,0.08,0.5,0.78,0,0.04,0,0,0,0
2020-04-03,0.08,0.66,0.74,0,0.06,0,0,0,0
2020-04-07,0.08,0.68,0.66,0,0.04,0,0,0,0
2020-04-08,0.06,0.76,0.7,0,0.04,0,0,0,0
2020-04-09,0.08,0.72,0.74,0,0.06,0,0.02,0,0
2020-04-10,0.06,0.8,0.7,0,0.04,0,0,0,0
2020-04-13,0.06,0.8,0.7,0,0.02,0,0,0,0
2020-04-14,0.06,0.8,0.7,0.02,0.02,0,0,0,0
2020-04-15,0.04,0.74,0.74,0,0.06,0,0,0,0
2020-04-16,0.08,0.76,0.74,0,0.02,0,0,0,0
2020-04-17,0.06,0.72,0.74,0,0.02,0,0,0,0
2020-04-20,0.06,0.64,0.66,0,0.02,0,0,0,0
2020-04-21,0.06,0.76,0.72,0,0.04,0,0,0,0
2020-04-22,0.08,0.88,0.66,0,0,0,0,0,0
2020-04-23,0.04,0.82,0.68,0,0.02,0,0,0,0
2020-04-24,0.04,0.86,0.68,0,0.02,0,0,0,0
2020-04-27,0.04,0.88,0.76,0,0,0,0,0,0
2020-04-28,0.02,0.74,0.78,0,0.02,0,0,0,0
2020-04-29,0.04,0.84,0.8,0,0.02,0,0,0,0
2020-04-30,0.04,0.84,0.76,0,0.02,0,0,0,0
2020-05-06,0.12,0.9,0.88,0,0.04,0,0,0,0
2020-05-07,0.12,0.86,0.88,0,0,0,0,0,0
2020-05-08,0.1,0.9,0.84,0,0,0,0,0,0
2020-05-11,0.14,0.92,0.9,0,0,0,0,0,0
2020-05-12,0.12,0.78,0.8,0,0,0,0,0,0
2020-05-13,0.1,0.78,0.72,0,0,0,0,0,0
2020-05-14,0.16,0.8,0.68,0,0,0,0,0,0
2020-05-15,0.14,0.84,0.8,0,0,0,0,0,0
2020-05-18,0.12,0.74,0.7,0,0,0,0,0,0
2020-05-19,0.16,0.82,0.76,0,0.02,0,0,0,0
2020-05-20,0.16,0.84,0.72,0,0,0,0,0,0
2020-05-21,0.18,0.78,0.66,0,0.02,0,0,0,0
2020-05-22,0.18,0.9,0.48,0,0,0,0,0,0
2020-05-25,0.22,0.86,0.52,0,0,0,0,0,0
2020-05-26,0.2,0.88,0.66,0,0,0,0,0,0
2020-05-27,0.18,0.82,0.66,0,0,0,0,0,0
2020-05-28,0.24,0.9,0.66,0,0,0,0,0,0
2020-05-29,0.22,0.94,0.7,0,0,0,0,0,0
2020-06-01,0.2,0.88,0.68,0,0,0,0,0,0
2020-06-02,0.18,0.94,0.68,0,0,0,0,0,0
2020-06-03,0.16,0.92,0.84,0,0,0,0,0,0
2020-06-04,0.16,0.94,0.84,0,0,0,0,0,0
2020-06-05,0.16,0.88,0.82,0,0.02,0,0,0,0
2020-06-08,0.16,0.94,0.8,0,0,0,0,0,0
2020-06-09,0.2,0.92,0.86,0,0.04,0,0,0,0
2020-06-10,0.26,0.88,0.76,0,0.04,0,0,0,0
2020-06-11,0.16,0.9,0.78,0,0.04,0,0,0,0
2020-06-12,0.28,0.84,0.9,0,0.02,0,0,0,0
2020-06-15,0.32,0.92,0.9,0,0,0,0,0,0
2020-06-16,0.34,0.92,0.78,0,0,0,0,0,0
2020-06-17,0.28,0.84,0.78,0,0,0,0,0,0
2020-06-18,0.22,0.88,0.86,0,0,0,0,0,0
2020-06-19,0.24,0.88,0.8,0,0,0,0,0,0
2020-06-22,0.3,0.84,0.9,0,0,0,0.02,0,0
2020-06-23,0.28,0.92,0.86,0,0,0,0.02,0,0
2020-06-24,0.32,0.84,0.78,0,0,0,0.02,0,0
2020-06-29,0.28,0.86,0.76,0,0,0,0.02,0,0
2020-06-30,0.36,0.9,0.8,0,0,0,0,0,0
2020-07-01,0.4,0.82,0.76,0,0,0,0,0,0
2020-07-02,0.42,0.84,0.74,0,0,0,0,0,0
2020-07-03,0.36,0.86,0.68,0,0.02,0,0.02,0,0
2020-07-06,0.26,0.94,0.74,0,0,0,0.04,0,0
2020-07-07,0.3,0.9,0.76,0,0.04,0,0.04,0,0
2020-07-08,0.3,0.96,0.74,0,0,0,0.04,0,0
2020-07-09,0.22,0.9,0.72,0,0,0,0.02,0,0
2020-07-10,0.3,0.88,0.74,0,0,0,0.02,0,0
2020-07-13,0.28,0.9,0.78,0,0,0,0,0,0
2020-07-14,0.3,0.84,0.76,0,0,0,0.04,0,0
2020-07-15,0.3,0.8,0.72,0,0.02,0,0.04,0,0
2020-07-16,0.26,0.9,0.78,0,0.02,0,0.04,0,0
2020-07-17,0.22,0.88,0.84,0,0.02,0,0.02,0,0
2020-07-20,0.2,0.84,0.74,0,0.02,0,0.02,0,0
2020-07-21,0.28,0.92,0.84,0,0.02,0,0,0,0
2020-07-22,0.26,0.84,0.78,0,0,0,0.02,0,0
2020-07-23,0.3,0.82,0.86,0,0,0,0.02,0,0
2020-07-24,0.24,0.84,0.74,0,0,0,0.02,0,0
2020-07-27,0.24,0.84,0.76,0,0.02,0,0.04,0,0
2020-07-28,0.12,0.88,0.84,0,0,0,0.02,0,0
2020-07-29,0.16,0.84,0.82,0,0,0,0.04,0,0
2020-07-30,0.16,0.9,0.82,0,0,0,0.04,0,0
2020-07-31,0.14,0.72,0.82,0,0,0,0.06,0,0
2020-08-03,0.12,0.84,0.86,0,0,0,0.06,0,0
2020-08-04,0.12,0.9,0.72,0,0.04,0,0.06,0,0
2020-08-05,0.12,0.84,0.86,0.02,0,0,0,0,0
2020-08-06,0.12,0.84,0.84,0.02,0,0,0,0,0
2020-08-07,0.14,0.76,0.82,0,0.02,0,0.04,0,0
2020-08-10,0.14,0.82,0.86,0,0.02,0,0.04,0,0
2020-08-11,0.14,0.84,0.8,0.02,0,0,0.02,0,0
2020-08-12,0.12,0.82,0.9,0.02,0,0,0.02,0,0
2020-08-13,0.08,0.74,0.86,0,0,0,0,0,0
2020-08-14,0.12,0.82,0.88,0,0,0,0,0,0
2020-08-17,0.08,0.72,0.9,0,0,0,0,0,0
2020-08-18,0.06,0.82,0.86,0.02,0.02,0,0,0,0
2020-08-19,0.06,0.78,0.86,0,0,0,0,0,0
2020-08-20,0.08,0.9,0.88,0,0,0,0,0,0
2020-08-21,0.1,0.86,0.88,0,0,0,0,0,0
2020-08-24,0.08,0.78,0.88,0,0,0,0,0,0
2020-08-25,0.1,0.76,0.8,0,0,0,0,0,0
2020-08-26,0.08,0.74,0.9,0,0.02,0,0,0,0
2020-08-27,0.08,0.68,0.9,0,0.02,0,0,0,0
2020-08-28,0.04,0.74,0.84,0.02,0.02,0,0.02,0,0
2020-08-31,0.06,0.64,0.9,0,0.02,0,0.02,0,0
2020-09-01,0.04,0.68,0.86,0,0.02,0,0.02,0,0
2020-09-02,0.06,0.6,0.86,0,0.02,0,0,0,0
2020-09-03,0.06,0.62,0.92,0,0.02,0,0.02,0,0
2020-09-04,0.06,0.58,0.86,0,0,0,0.02,0,0
2020-09-07,0.04,0.62,0.78,0,0.02,0,0.02,0,0
2020-09-08,0.02,0.66,0.68,0,0.02,0,0.02,0,0
2020-09-09,0.04,0.68,0.7,0,0.02,0,0.04,0,0
2020-09-10,0.06,0.72,0.72,0,0,0,0.02,0,0
2020-09-11,0.04,0.82,0.62,0,0.02,0,0,0,0
2020-09-14,0.04,0.76,0.68,0,0,0,0,0,0
2020-09-15,0.06,0.68,0.7,0,0.02,0,0,0,0
2020-09-16,0.06,0.76,0.7,0,0,0,0,0,0
2020-09-17,0.08,0.74,0.62,0,0,0,0,0,0
2020-09-18,0.02,0.68,0.76,0,0,0,0,0,0
2020-09-21,0.02,0.7,0.68,0,0,0,0,0,0
2020-09-22,0.02,0.72,0.7,0,0,0,0,0,0
2020-09-23,0.02,0.68,0.64,0.02,0,0,0,0,0
2020-09-24,0.02,0.66,0.66,0,0,0,0,0,0
2020-09-25,0,0.76,0.66,0,0,0,0,0,0
2020-09-28,0,0.74,0.66,0,0,0,0,0,0
2020-09-29,0,0.72,0.68,0,0,0,0,0,0
2020-09-30,0,0.78,0.68,0,0,0,0,0,0
2020-10-09,0,0.7,0.68,0,0,0,0,0,0
2020-10-12,0,0.72,0.74,0,0,0,0,0,0
2020-10-13,0.02,0.72,0.78,0,0,0,0,0,0
2020-10-14,0,0.76,0.76,0,0,0,0,0,0
2020-10-15,0.04,0.66,0.76,0,0.02,0,0,0,0
2020-10-16,0.02,0.66,0.68,0,0.02,0,0,0,0
2020-10-19,0.02,0.66,0.74,0,0.02,0,0,0,0
2020-10-20,0,0.72,0.72,0,0.02,0,0.02,0,0
2020-10-21,0.02,0.62,0.64,0,0.02,0,0.02,0,0
2020-10-22,0.06,0.44,0.6,0,0.02,0,0,0,0
2020-10-23,0.06,0.5,0.6,0,0.02,0,0.02,0,0
2020-10-26,0.04,0.5,0.56,0,0.02,0,0.04,0,0
2020-10-27,0.06,0.5,0.7,0,0.02,0,0.02,0,0
2020-10-28,0.02,0.58,0.6,0,0.02,0,0,0,0
2020-10-29,0.06,0.54,0.62,0,0.02,0,0.02,0,0
2020-10-30,0.02,0.54,0.58,0,0,0,0.12,0,0
2020-11-02,0.04,0.52,0.6,0,0.02,0,0.22,0,0
2020-11-03,0.04,0.5,0.68,0,0,0,0.28,0,0
2020-11-04,0.04,0.66,0.56,0,0.02,0,0.34,0,0
2020-11-05,0.04,0.62,0.54,0,0,0,0.44,0,0
2020-11-06,0.08,0.62,0.56,0,0.02,0,0.66,0,0
2020-11-09,0.08,0.62,0.58,0,0.02,0,0.6,0,0
2020-11-10,0,0.68,0.44,0,0,0,0.68,0,0
2020-11-11,0.02,0.72,0.6,0,0.02,0,0.66,0,0
2020-11-12,0.04,0.58,0.46,0,0.02,0,0.78,0,0
2020-11-13,0.02,0.6,0.56,0,0,0,0.76,0,0
2020-11-16,0,0.64,0.5,0,0,0,0.74,0,0
2020-11-17,0.06,0.66,0.5,0,0,0,0.74,0,0
2020-11-18,0.06,0.7,0.44,0,0,0,0.84,0,0
2020-11-19,0.04,0.6,0.5,0,0,0,0.8,0,0
2020-11-20,0.02,0.58,0.52,0,0.02,0,0.84,0,0
2020-11-23,0.02,0.66,0.52,0,0,0,0.68,0,0
2020-11-24,0.02,0.58,0.54,0,0,0,0.78,0,0
2020-11-25,0.02,0.58,0.44,0,0,0,0.74,0,0
2020-11-26,0.02,0.52,0.46,0,0.02,0,0.82,0,0
2020-11-27,0,0.54,0.42,0,0.02,0,0.86,0,0
2020-11-30,0.02,0.64,0.48,0,0.02,0,0.86,0,0
2020-12-01,0,0.66,0.48,0,0.02,0,0.82,0,0
2020-12-02,0,0.66,0.5,0,0,0,0.82,0,0
2020-12-03,0,0.62,0.48,0,0,0,0.84,0,0
2020-12-04,0,0.56,0.56,0,0,0,0.78,0,0
2020-12-07,0,0.56,0.52,0,0,0,0.9,0,0
2020-12-08,0,0.6,0.46,0,0,0,0.82,0,0
2020-12-09,0,0.58,0.48,0,0,0,0.82,0,0
2020-12-10,0,0.6,0.44,0.02,0,0,0.8,0,0
2020-12-11,0.02,0.58,0.48,0,0,0,0.8,0,0
2020-12-14,0.02,0.66,0.48,0.02,0,0,0.9,0,0
2020-12-15,0,0.74,0.4,0.02,0,0,0.86,0,0
2020-12-16,0.02,0.66,0.54,0.02,0,0,0.8,0,0
2020-12-17,0.02,0.74,0.48,0.02,0,0,0.76,0,0
2020-12-18,0,0.7,0.44,0.02,0,0,0.8,0,0
2020-12-21,0,0.76,0.46,0,0,0,0.9,0,0
2020-12-22,0,0.78,0.4,0,0,0,0.94,0,0
2020-12-23,0,0.8,0.48,0,0,0,0.86,0,0
2020-12-24,0.02,0.76,0.48,0,0,0,0.84,0,0
2020-12-25,0,0.76,0.54,0,0,0,0.86,0,0
2020-12-28,0,0.7,0.5,0,0,0,0.94,0,0
2020-12-29,0,0.74,0.46,0,0,0,0.88,0,0
2020-12-30,0,0.8,0.46,0.02,0,0,0.92,0,0
2020-12-31,0,0.8,0.4,0,0,0,0.84,0,0
2021-01-04,0,0.78,0.44,0,0,0,0.88,0,0
2021-01-05,0,0.84,0.54,0,0,0,0.92,0,0
2021-01-06,0.02,0.74,0.46,0,0,0,0.9,0,0
2021-01-07,0.02,0.68,0.52,0,0,0,0.9,0,0
2021-01-08,0,0.7,0.48,0,0,0,0.86,0,0
2021-01-11,0,0.84,0.52,0,0,0,0.86,0,0
2021-01-12,0,0.78,0.52,0,0,0,0.92,0,0
2021-01-13,0,0.7,0.66,0,0,0,0.9,0,0
2021-01-14,0,0.64,0.6,0,0,0,0.88,0,0
2021-01-15,0.04,0.6,0.46,0,0,0,0.88,0,0
2021-01-18,0.04,0.64,0.52,0,0,0,0.88,0,0
2021-01-19,0.02,0.66,0.52,0,0,0,0.9,0,0
2021-01-20,0.02,0.62,0.48,0,0,0,0.86,0,0
2021-01-21,0.02,0.6,0.42,0,0,0,0.8,0,0
2021-01-22,0.02,0.66,0.6,0,0,0,0.8,0,0
2021-01-25,0.02,0.7,0.52,0,0,0,0.88,0,0
2021-01-26,0.06,0.7,0.48,0,0,0,0.9,0,0
2021-01-27,0.1,0.68,0.4,0,0,0,0.8,0,0
2021-01-28,0.1,0.6,0.5,0,0,0,0.74,0,0
2021-01-29,0.18,0.62,0.52,0,0,0,0.72,0,0
2021-02-01,0.16,0.68,0.5,0,0,0,0.74,0,0
2021-02-02,0.16,0.78,0.56,0,0,0,0.74,0,0
2021-02-03,0.2,0.74,0.5,0,0,0,0.72,0,0
2021-02-04,0.16,0.7,0.52,0,0,0,0.8,0,0
2021-02-05,0.24,0.84,0.42,0.02,0,0,0.82,0,0
2021-02-08,0.18,0.72,0.44,0,0,0,0.84,0,0
2021-02-09,0.18,0.8,0.34,0,0,0,0.82,0,0
2021-02-10,0.18,0.84,0.42,0,0,0,0.68,0,0
2021-02-18,0.16,0.82,0.44,0,0,0,0.62,0,0
2021-02-19,0.18,0.76,0.46,0,0,0,0.6,0,0
2021-02-22,0.14,0.78,0.48,0.02,0,0,0.62,0,0
2021-02-23,0.18,0.76,0.56,0.02,0,0,0.64,0,0
2021-02-24,0.2,0.76,0.54,0,0,0,0.62,0,0
2021-02-25,0.12,0.76,0.6,0.02,0,0,0.6,0,0
2021-02-26,0.12,0.66,0.54,0,0,0,0.56,0,0
2021-03-01,0.08,0.72,0.54,0.02,0,0,0.5,0,0
2021-03-02,0.12,0.68,0.6,0,0,0,0.5,0,0
2021-03-03,0.12,0.58,0.58,0.02,0,0,0.52,0,0
2021-03-04,0.06,0.66,0.56,0.02,0,0,0.44,0,0
2021-03-05,0.12,0.58,0.42,0.02,0,0,0.36,0,0
2021-03-08,0.12,0.64,0.58,0.02,0,0,0.32,0,0
2021-03-09,0.1,0.7,0.52,0.02,0,0,0.32,0,0
2021-03-10,0.12,0.68,0.58,0.02,0,0,0.36,0,0
2021-03-11,0.06,0.6,0.56,0.02,0,0,0.32,0,0
2021-03-12,0.08,0.72,0.48,0.02,0,0,0.32,0,0
2021-03-15,0.1,0.68,0.44,0.02,0,0,0.26,0,0
2021-03-16,0.08,0.64,0.62,0.02,0,0,0.24,0,0
2021-03-17,0.12,0.68,0.6,0.02,0,0,0.24,0,0
2021-03-18,0.1,0.58,0.6,0.02,0,0,0.24,0,0
2021-03-19,0.14,0.62,0.56,0.02,0,0,0.34,0,0
2021-03-22,0.08,0.56,0.5,0.02,0,0,0.3,0,0
2021-03-23,0,0.56,0.48,0.02,0,0,0.38,0,0
2021-03-24,0.06,0.56,0.5,0.02,0,0,0.4,0,0
2021-03-25,0.08,0.48,0.5,0,0,0,0.52,0,0
2021-03-26,0.06,0.56,0.54,0,0,0,0.48,0,0
2021-03-29,0.12,0.48,0.54,0,0,0,0.52,0,0
2021-03-30,0.1,0.5,0.48,0,0,0,0.54,0,0
2021-03-31,0.06,0.6,0.4,0,0,0,0.6,0,0
2021-04-01,0.1,0.5,0.5,0,0,0,0.64,0,0
2021-04-02,0.06,0.54,0.5,0,0,0,0.76,0,0
2021-04-06,0.06,0.44,0.62,0,0,0,0.72,0,0
2021-04-07,0.08,0.44,0.58,0,0,0,0.72,0,0
2021-04-08,0.08,0.38,0.68,0,0,0,0.68,0,0
2021-04-09,0.04,0.46,0.6,0,0,0,0.78,0,0
2021-04-12,0.08,0.54,0.58,0,0,0,0.78,0,0
2021-04-13,0.12,0.64,0.58,0,0,0,0.82,0,0
2021-04-14,0.1,0.52,0.58,0,0,0,0.82,0,0
2021-04-15,0.08,0.48,0.62,0,0,0,0.84,0,0
2021-04-16,0.06,0.44,0.52,0,0,0,0.9,0,0
2021-04-19,0.1,0.48,0.54,0,0,0,0.82,0,0
2021-04-20,0.06,0.44,0.6,0,0,0,0.8,0,0
2021-04-21,0.1,0.46,0.54,0,0,0,0.86,0,0
2021-04-22,0.1,0.52,0.46,0,0,0,0.86,0,0
2021-04-23,0.1,0.56,0.48,0,0,0,0.88,0,0
2021-04-26,0.08,0.52,0.46,0,0,0,0.88,0,0
2021-04-27,0.04,0.58,0.52,0,0,0,0.84,0,0
2021-04-28,0.04,0.58,0.52,0,0,0,0.78,0,0
2021-04-29,0.06,0.48,0.6,0,0,0,0.84,0,0
2021-04-30,0.02,0.52,0.54,0,0,0,0.72,0,0
2021-05-06,0.02,0.46,0.5,0,0,0,0.8,0,0
2021-05-07,0,0.44,0.5,0,0,0,0.82,0,0
2021-05-10,0.04,0.46,0.5,0,0,0,0.84,0,0
2021-05-11,0,0.42,0.5,0,0,0,0.82,0,0
2021-05-12,0,0.42,0.48,0,0,0,0.88,0,0
2021-05-13,0.02,0.26,0.54,0,0,0,0.88,0,0
2021-05-14,0,0.26,0.5,0,0,0,0.88,0,0
2021-05-17,0,0.3,0.44,0,0,0,0.82,0,0
2021-05-18,0,0.26,0.44,0,0,0,0.78,0,0
2021-05-19,0.02,0.28,0.52,0,0,0,0.82,0,0
2021-05-20,0.02,0.3,0.46,0,0,0,0.76,0,0
2021-05-21,0,0.32,0.42,0,0,0,0.82,0,0
2021-05-24,0,0.26,0.48,0,0,0,0.84,0,0
2021-05-25,0,0.18,0.48,0,0,0,0.82,0,0
2021-05-26,0,0.26,0.4,0,0,0,0.82,0,0
2021-05-27,0.02,0.22,0.32,0,0,0,0.86,0,0
2021-05-28,0.02,0.22,0.28,0,0,0,0.74,0,0
2021-05-31,0,0.32,0.26,0,0,0,0.8,0,0
2021-06-01,0,0.3,0.3,0,0,0,0.76,0,0
2021-06-02,0,0.34,0.24,0,0,0,0.86,0,0
2021-06-03,0,0.28,0.22,0,0,0,0.92,0,0
2021-06-04,0,0.32,0.26,0,0,0,0.78,0,0
2021-06-07,0,0.42,0.24,0,0,0,0.82,0,0
2021-06-08,0,0.38,0.26,0,0,0,0.86,0,0
2021-06-09,0,0.38,0.18,0,0,0,0.9,0,0
2021-06-10,0,0.4,0.16,0,0,0,0.88,0,0
2021-06-11,0.02,0.42,0.18,0,0,0,0.8,0,0
2021-06-15,0,0.4,0.26,0,0,0,0.86,0,0
2021-06-16,0,0.52,0.2,0,0,0,0.82,0,0
2021-06-17,0,0.48,0.22,0,0,0,0.9,0,0
2021-06-18,0,0.5,0.34,0,0,0,0.9,0,0
2021-06-21,0.02,0.5,0.36,0,0,0,0.7,0,0
2021-06-22,0.04,0.4,0.38,0,0,0,0.72,0,0
2021-06-23,0,0.36,0.42,0,0,0,0.74,0,0
2021-06-24,0,0.34,0.46,0,0,0,0.78,0,0
2021-06-25,0,0.32,0.48,0,0,0,0.76,0,0
2021-06-28,0.06,0.42,0.48,0,0,0,0.68,0,0
2021-06-29,0.02,0.44,0.48,0,0,0,0.62,0,0
2021-06-30,0,0.44,0.46,0,0,0,0.62,0,0
2021-07-01,0,0.5,0.5,0,0,0,0.7,0,0
2021-07-02,0,0.56,0.5,0,0,0,0.54,0,0
2021-07-05,0,0.48,0.52,0,0,0,0.54,0,0
2021-07-06,0,0.46,0.5,0.02,0,0,0.56,0,0
2021-07-07,0.04,0.46,0.48,0,0,0,0.46,0,0
2021-07-08,0.02,0.36,0.46,0,0,0,0.36,0,0
2021-07-09,0.02,0.46,0.44,0,0,0,0.38,0,0
2021-07-12,0.02,0.4,0.54,0,0,0,0.28,0,0
2021-07-13,0.02,0.38,0.46,0,0,0,0.26,0,0
2021-07-14,0.02,0.42,0.46,0,0,0,0.14,0,0
2021-07-15,0,0.34,0.44,0,0,0,0.08,0,0
2021-07-16,0,0.4,0.46,0,0,0,0.06,0,0
2021-07-19,0,0.4,0.52,0,0,0,0.1,0,0
2021-07-20,0,0.44,0.46,0,0,0,0.06,0,0
2021-07-21,0.02,0.38,0.52,0,0,0,0.06,0,0
2021-07-22,0.02,0.5,0.42,0,0,0,0.08,0,0
2021-07-23,0,0.38,0.46,0,0,0,0.06,0,0
2021-07-26,0,0.36,0.36,0,0,0,0.1,0,0
2021-07-27,0,0.5,0.4,0,0,0,0.08,0,0
2021-07-28,0,0.48,0.4,0,0,0,0.08,0,0
2021-07-29,0,0.4,0.42,0,0,0,0.1,0,0
2021-07-30,0,0.42,0.42,0,0,0,0.1,0,0
2021-08-02,0.04,0.48,0.44,0,0,0,0.08,0,0
2021-08-03,0.02,0.5,0.44,0,0,0,0.02,0,0
2021-08-04,0.02,0.42,0.46,0,0,0,0.06,0,0
2021-08-05,0,0.52,0.42,0,0,0,0.08,0,0
2021-08-06,0,0.52,0.44,0,0,0,0.08,0,0
2021-08-09,0.02,0.54,0.32,0,0,0,0.08,0,0
2021-08-10,0,0.551020408163265,0.346938775510204,0,0,0,0.102040816326531,0,0
2021-08-11,0,0.62,0.34,0,0,0,0.1,0,0
2021-08-12,0,0.52,0.34,0,0,0,0.1,0,0
2021-08-13,0,0.56,0.36,0,0,0,0.08,0,0
2021-08-16,0,0.52,0.34,0.02,0,0,0.04,0,0
2021-08-17,0,0.6,0.34,0,0,0,0.04,0,0
2021-08-18,0,0.54,0.32,0,0,0,0.08,0,0
2021-08-19,0,0.6,0.4,0,0,0,0.08,0,0
2021-08-20,0,0.56,0.46,0,0,0,0.06,0,0
2021-08-23,0,0.64,0.38,0,0,0,0.04,0,0
2021-08-24,0,0.54,0.46,0,0,0,0,0,0
2021-08-25,0,0.6,0.5,0,0,0,0.02,0,0
2021-08-26,0,0.64,0.44,0,0,0,0.04,0,0
2021-08-27,0,0.5,0.48,0,0,0,0.04,0,0
2021-08-30,0,0.56,0.52,0,0,0,0.04,0,0
2021-08-31,0,0.6,0.54,0,0,0,0.04,0,0
2021-09-01,0,0.72,0.56,0,0,0,0.02,0,0
2021-09-02,0,0.7,0.48,0,0,0,0.04,0,0
2021-09-03,0,0.64,0.44,0,0,0,0.04,0,0
2021-09-06,0,0.6,0.52,0,0,0,0.02,0,0
2021-09-07,0,0.56,0.4,0,0,0,0.04,0,0
2021-09-08,0,0.66,0.5,0,0,0,0.08,0,0
2021-09-09,0,0.64,0.54,0,0,0,0.04,0,0
2021-09-10,0,0.62,0.46,0,0,0,0.08,0,0
2021-09-13,0.02,0.68,0.46,0,0,0,0.04,0,0
2021-09-14,0.02,0.62,0.36,0,0,0,0.04,0,0
2021-09-15,0,0.56,0.44,0,0,0,0.06,0,0
2021-09-16,0,0.58,0.36,0,0,0,0.1,0,0
2021-09-17,0.02,0.52,0.34,0,0,0,0.1,0,0
2021-09-22,0.02,0.5,0.4,0,0,0,0.08,0,0
2021-09-23,0.02,0.58,0.46,0,0,0,0.14,0,0
2021-09-24,0.02,0.5,0.4,0,0,0,0.16,0,0
2021-09-27,0.02,0.48,0.36,0,0,0,0.16,0,0
2021-09-28,0.02,0.52,0.44,0,0,0,0.16,0,0
2021-09-29,0.02,0.46,0.3,0,0,0,0.22,0,0
2021-09-30,0.02,0.38,0.32,0,0,0,0.18,0,0
2021-10-08,0,0.58,0.36,0,0,0,0.18,0,0
2021-10-11,0.02,0.54,0.32,0,0,0,0.32,0,0
2021-10-12,0.02,0.46,0.4,0,0,0,0.36,0,0
2021-10-13,0,0.38,0.42,0,0,0,0.34,0,0
2021-10-14,0,0.4,0.32,0,0,0,0.38,0,0
2021-10-15,0,0.4,0.4,0,0,0,0.34,0,0
2021-10-18,0,0.38,0.44,0,0,0,0.3,0,0
2021-10-19,0,0.32,0.4,0,0,0,0.34,0,0
2021-10-20,0,0.38,0.38,0,0,0,0.4,0,0
2021-10-21,0.02,0.36,0.38,0,0,0,0.28,0,0
2021-10-22,0.02,0.36,0.4,0,0,0,0.3,0,0
2021-10-25,0.02,0.42,0.28,0,0,0,0.34,0,0
2021-10-26,0.02,0.38,0.4,0.02,0,0,0.34,0,0
2021-10-27,0,0.4,0.36,0,0,0,0.34,0,0
2021-10-28,0,0.3,0.4,0,0,0,0.34,0,0
2021-10-29,0,0.36,0.32,0,0,0,0.3,0,0
2021-11-01,0.02,0.36,0.42,0,0,0,0.3,0,0
2021-11-02,0,0.36,0.48,0,0,0,0.36,0,0
2021-11-03,0.02,0.44,0.42,0,0,0,0.32,0,0
2021-11-04,0,0.36,0.42,0,0,0,0.34,0,0
2021-11-05,0.02,0.34,0.44,0,0,0,0.34,0,0
2021-11-08,0.02,0.38,0.4,0,0,0,0.38,0,0
2021-11-09,0,0.38,0.44,0,0,0,0.3,0,0
2021-11-10,0,0.44,0.38,0,0,0,0.22,0,0
2021-11-11,0.02,0.54,0.34,0,0,0,0.32,0,0
2021-11-12,0.02,0.54,0.42,0,0,0,0.3,0,0
2021-11-15,0,0.54,0.38,0,0,0,0.34,0,0
2021-11-16,0.02,0.66,0.32,0,0,0,0.28,0,0
2021-11-17,0,0.52,0.34,0,0,0,0.28,0,0
2021-11-18,0,0.54,0.28,0,0,0,0.24,0,0
2021-11-19,0,0.48,0.36,0,0,0,0.24,0,0
2021-11-22,0.02,0.46,0.42,0,0,0,0.22,0,0
2021-11-23,0,0.54,0.32,0,0,0,0.28,0,0
2021-11-24,0.02,0.46,0.32,0,0,0,0.26,0,0
2021-11-25,0.02,0.64,0.22,0,0,0,0.24,0,0
2021-11-26,0,0.56,0.3,0,0,0,0.24,0,0
2021-11-29,0,0.56,0.36,0,0,0,0.26,0,0
2021-11-30,0,0.54,0.3,0,0,0,0.26,0,0
2021-12-01,0.02,0.6,0.32,0,0,0,0.26,0,0
2021-12-02,0,0.58,0.32,0,0,0,0.2,0,0
2021-12-03,0,0.62,0.36,0,0,0,0.12,0,0
2021-12-06,0,0.64,0.28,0,0,0,0.12,0,0
2021-12-07,0,0.56,0.36,0,0,0,0.1,0,0
2021-12-08,0.02,0.6,0.28,0,0,0,0.04,0,0
2021-12-09,0.02,0.6,0.32,0,0,0,0.04,0,0
2021-12-10,0.02,0.76,0.3,0,0,0,0.04,0,0
2021-12-13,0.02,0.72,0.28,0,0,0,0.02,0,0
2021-12-14,0.02,0.7,0.34,0,0,0,0,0,0
2021-12-15,0,0.72,0.4,0,0,0,0.02,0,0
2021-12-16,0,0.7,0.34,0,0,0,0.02,0,0
2021-12-17,0,0.58,0.38,0,0,0,0,0,0
2021-12-20,0,0.62,0.48,0,0,0,0.02,0,0
2021-12-21,0,0.5,0.48,0,0,0,0,0,0
2021-12-22,0.02,0.58,0.3,0,0,0,0.04,0,0
2021-12-23,0.02,0.6,0.36,0,0,0,0.02,0,0
2021-12-24,0,0.44,0.42,0,0,0,0.04,0,0
2021-12-27,0.02,0.56,0.5,0,0,0,0.02,0,0
2021-12-28,0.04,0.62,0.36,0,0,0,0,0,0
2021-12-29,0.04,0.58,0.44,0,0,0,0.1,0,0
2021-12-30,0.08,0.58,0.4,0,0,0,0.04,0,0
2021-12-31,0.06,0.56,0.54,0,0,0,0.06,0,0
2022-01-04,0.06,0.6,0.48,0,0,0,0.04,0,0
2022-01-05,0.06,0.68,0.58,0,0,0,0.18,0,0
2022-01-06,0.08,0.64,0.54,0,0,0,0.32,0,0
2022-01-07,0.06,0.66,0.54,0,0,0,0.44,0,0
2022-01-10,0.06,0.66,0.54,0,0,0,0.4,0,0
2022-01-11,0.04,0.68,0.46,0,0,0,0.5,0,0
2022-01-12,0.1,0.6,0.46,0,0,0,0.48,0,0
2022-01-13,0.06,0.62,0.54,0,0,0,0.46,0,0
2022-01-14,0.08,0.62,0.46,0,0,0,0.34,0,0
2022-01-17,0.08,0.66,0.46,0,0,0,0.32,0,0
2022-01-18,0.1,0.62,0.5,0,0,0,0.4,0,0
2022-01-19,0.06,0.52,0.48,0,0,0,0.32,0,0
2022-01-20,0.04,0.54,0.42,0,0,0,0.42,0,0
2022-01-21,0.04,0.58,0.5,0,0,0,0.42,0,0
2022-01-24,0.06,0.5,0.44,0,0,0,0.38,0,0
2022-01-25,0.1,0.48,0.54,0,0,0,0.26,0,0
2022-01-26,0.04,0.54,0.5,0,0,0,0.42,0,0
2022-01-27,0.06,0.6,0.34,0,0,0,0.36,0,0
2022-01-28,0.04,0.62,0.52,0,0,0,0.36,0,0
2022-02-07,0.06,0.56,0.52,0.02,0,0,0.26,0,0
2022-02-08,0.04,0.66,0.5,0,0,0,0.32,0,0
2022-02-09,0.08,0.6,0.32,0.02,0,0,0.36,0,0
2022-02-10,0,0.68,0.4,0.02,0,0,0.4,0,0
2022-02-11,0.02,0.7,0.46,0.02,0,0,0.38,0,0
2022-02-14,0.04,0.62,0.48,0.02,0,0,0.4,0,0
2022-02-15,0.06,0.54,0.52,0.02,0,0,0.26,0,0
2022-02-16,0.04,0.58,0.48,0,0,0,0.32,0,0
2022-02-17,0.04,0.62,0.48,0.02,0,0,0.36,0,0
2022-02-18,0.06,0.6,0.36,0.02,0,0,0.34,0,0
2022-02-21,0.04,0.58,0.4,0,0,0,0.4,0,0
2022-02-22,0.04,0.58,0.46,0.02,0,0,0.34,0,0
2022-02-23,0.04,0.5,0.48,0.02,0,0,0.3,0,0
2022-02-24,0.06,0.54,0.44,0.02,0.02,0,0.4,0,0
2022-02-25,0.1,0.54,0.4,0.02,0,0,0.44,0,0
2022-02-28,0.08,0.56,0.46,0.02,0,0,0.46,0,0
2022-03-01,0.1,0.46,0.44,0.02,0,0,0.38,0,0
2022-03-02,0.08,0.46,0.48,0,0,0,0.42,0,0
2022-03-03,0.1,0.52,0.48,0,0,0,0.4,0,0
2022-03-04,0.1,0.52,0.56,0,0,0,0.46,0,0
2022-03-07,0.06,0.52,0.6,0,0,0,0.46,0,0
2022-03-08,0.06,0.54,0.54,0.02,0,0,0.42,0,0
2022-03-09,0.1,0.54,0.58,0,0,0,0.44,0,0
2022-03-10,0.14,0.5,0.6,0,0,0,0.46,0,0
2022-03-11,0.16,0.56,0.6,0,0,0,0.44,0,0
2022-03-14,0.1,0.62,0.58,0,0,0,0.5,0,0
2022-03-15,0.06,0.46,0.56,0,0,0,0.4,0,0
2022-03-16,0.04,0.52,0.64,0,0,0,0.34,0,0
2022-03-17,0.08,0.52,0.58,0,0,0,0.38,0,0
2022-03-18,0.06,0.5,0.68,0,0,0,0.3,0,0
2022-03-21,0.06,0.48,0.58,0,0,0,0.5,0,0
2022-03-22,0.1,0.48,0.68,0,0,0,0.46,0,0
2022-03-23,0.1,0.46,0.58,0,0,0,0.46,0,0
2022-03-24,0.08,0.46,0.56,0,0,0,0.4,0,0
2022-03-25,0.1,0.5,0.66,0,0,0,0.42,0,0
2022-03-28,0.08,0.5,0.64,0,0,0,0.44,0,0
2022-03-29,0.08,0.56,0.6,0,0,0,0.46,0,0
2022-03-30,0.14,0.52,0.56,0,0,0,0.42,0,0
2022-03-31,0.1,0.48,0.64,0,0,0,0.42,0,0
2022-04-01,0.1,0.5,0.56,0,0,0,0.38,0,0
2022-04-06,0.08,0.54,0.54,0,0,0,0.38,0,0
2022-04-07,0.12,0.54,0.54,0,0.02,0,0.38,0,0
2022-04-08,0.1,0.54,0.54,0,0,0,0.28,0,0
2022-04-11,0.08,0.54,0.52,0,0.02,0,0.38,0,0
2022-04-12,0.06,0.54,0.5,0,0,0,0.32,0,0
2022-04-13,0.04,0.46,0.56,0,0.02,0,0.22,0,0
2022-04-14,0.06,0.46,0.48,0,0.02,0,0.3,0,0
2022-04-15,0.02,0.48,0.5,0,0,0,0.16,0,0
2022-04-18,0.06,0.48,0.52,0,0,0,0.16,0,0
2022-04-19,0.04,0.48,0.5,0,0,0,0.14,0,0
2022-04-20,0.08,0.36,0.58,0,0,0,0.14,0,0
2022-04-21,0.06,0.46,0.58,0.02,0,0,0.08,0,0
2022-04-22,0.08,0.4,0.54,0.02,0,0,0.06,0,0
2022-04-25,0.04,0.4,0.46,0.04,0,0,0.04,0,0
2022-04-26,0.06,0.42,0.44,0.04,0,0,0,0,0
2022-04-27,0.06,0.38,0.52,0.02,0,0,0,0,0
2022-04-28,0.04,0.44,0.48,0.02,0.02,0,0.02,0,0
2022-04-29,0.08,0.52,0.5,0,0,0,0,0,0
2022-05-05,0.06,0.48,0.52,0,0,0,0,0,0
2022-05-06,0.06,0.5,0.48,0.02,0,0,0,0,0
2022-05-09,0.06,0.36,0.56,0.06,0,0,0,0,0
2022-05-10,0.1,0.38,0.54,0.02,0,0,0,0,0
2022-05-11,0.1,0.5,0.46,0,0,0,0,0,0
2022-05-12,0.12,0.48,0.4,0,0,0,0,0,0
2022-05-13,0.08,0.42,0.38,0,0.02,0,0,0,0
2022-05-16,0.12,0.48,0.46,0,0.04,0,0,0,0
2022-05-17,0.1,0.48,0.52,0,0.04,0,0,0,0
2022-05-18,0.12,0.46,0.56,0,0.04,0,0,0,0
2022-05-19,0.12,0.34,0.5,0.02,0.04,0,0,0,0
2022-05-20,0.1,0.5,0.48,0,0.02,0,0,0,0
2022-05-23,0.08,0.42,0.46,0,0.02,0,0,0,0
2022-05-24,0.06,0.48,0.54,0,0.02,0,0,0,0
2022-05-25,0.04,0.38,0.58,0,0.04,0,0,0,0
2022-05-26,0.06,0.44,0.66,0,0.02,0,0,0,0
2022-05-27,0.06,0.52,0.6,0,0.02,0,0,0,0
2022-05-30,0.06,0.54,0.5,0,0.02,0,0,0,0
2022-05-31,0.04,0.6,0.6,0,0.02,0,0,0,0
2022-06-01,0.04,0.48,0.56,0,0.02,0,0,0,0
2022-06-02,0.02,0.56,0.62,0,0,0,0,0,0
2022-06-06,0.02,0.72,0.56,0,0,0,0,0,0
2022-06-07,0.06,0.68,0.5,0,0.02,0,0,0,0
2022-06-08,0.02,0.72,0.54,0,0,0,0,0,0
2022-06-09,0.04,0.72,0.5,0,0,0,0,0,0
2022-06-10,0.04,0.66,0.52,0,0,0,0,0,0
2022-06-13,0.02,0.66,0.48,0,0,0,0,0,0
2022-06-14,0.02,0.56,0.42,0,0.02,0,0,0,0
2022-06-15,0.04,0.58,0.5,0,0,0,0.02,0,0
2022-06-16,0.02,0.62,0.52,0.04,0,0,0.02,0,0
2022-06-17,0.02,0.68,0.48,0.02,0,0,0,0,0
2022-06-20,0.02,0.7,0.32,0,0,0,0.1,0,0
2022-06-21,0.04,0.76,0.34,0.02,0,0,0.08,0,0
2022-06-22,0.04,0.82,0.3,0,0,0,0.18,0,0
2022-06-23,0,0.72,0.36,0,0,0,0.22,0,0
2022-06-24,0,0.7,0.32,0,0,0,0.18,0,0
2022-06-27,0.02,0.64,0.38,0,0,0,0.2,0,0
2022-06-28,0,0.68,0.3,0,0,0,0.24,0,0
2022-06-29,0.02,0.76,0.3,0.02,0,0,0.26,0,0
2022-06-30,0.02,0.66,0.28,0.02,0.02,0,0.22,0,0
2022-07-01,0.02,0.66,0.28,0.02,0.02,0,0.22,0,0
2022-07-04,0,0.5,0.24,0.04,0,0,0.26,0,0
2022-07-05,0,0.56,0.26,0.04,0,0,0.34,0,0
2022-07-06,0.02,0.62,0.3,0.06,0,0,0.26,0,0
2022-07-07,0,0.62,0.32,0.02,0,0,0.28,0,0
2022-07-08,0,0.64,0.26,0.04,0,0,0.42,0,0
2022-07-11,0,0.56,0.28,0.02,0,0,0.38,0,0
2022-07-12,0,0.52,0.24,0.02,0,0,0.42,0,0
2022-07-13,0.04,0.54,0.28,0.02,0,0,0.56,0,0
2022-07-14,0.02,0.52,0.2,0.04,0,0,0.46,0,0
2022-07-15,0,0.58,0.26,0.02,0,0,0.52,0,0
2022-07-18,0,0.52,0.18,0,0,0,0.44,0,0
2022-07-19,0.02,0.64,0.22,0,0,0,0.56,0,0
2022-07-20,0,0.46,0.2,0,0,0,0.46,0,0
2022-07-21,0,0.52,0.16,0,0,0,0.5,0,0
2022-07-22,0,0.5,0.12,0,0,0,0.52,0,0
2022-07-25,0.02,0.48,0.06,0,0,0,0.66,0,0
2022-07-26,0.02,0.4,0.16,0,0,0,0.54,0,0
2022-07-27,0.02,0.48,0.2,0,0,0,0.66,0,0
2022-07-28,0.04,0.44,0.24,0,0,0,0.66,0,0
2022-07-29,0.02,0.6,0.26,0,0,0,0.66,0,0
2022-08-01,0,0.56,0.2,0,0,0,0.56,0,0
2022-08-02,0.04,0.5,0.14,0.02,0,0,0.6,0,0
2022-08-03,0.04,0.56,0.2,0,0,0,0.62,0,0
2022-08-04,0.04,0.4,0.22,0,0,0,0.64,0,0
2022-08-05,0.02,0.54,0.24,0,0,0,0.6,0,0
2022-08-08,0.02,0.48,0.28,0.02,0,0,0.58,0,0
2022-08-09,0.02,0.28,0.32,0,0,0,0.72,0,0
2022-08-10,0.08,0.36,0.36,0.02,0,0,0.56,0,0
2022-08-11,0.06,0.28,0.5,0,0,0,0.62,0,0
2022-08-12,0.08,0.24,0.54,0,0,0,0.62,0,0
2022-08-15,0.04,0.26,0.64,0,0,0,0.56,0,0
2022-08-16,0.04,0.32,0.58,0,0,0,0.6,0,0
2022-08-17,0.04,0.26,0.7,0,0,0,0.58,0,0
2022-08-18,0.08,0.32,0.6,0,0,0,0.6,0,0
2022-08-19,0.04,0.3,0.62,0,0,0,0.54,0,0
2022-08-22,0.04,0.22,0.64,0,0,0,0.62,0,0
2022-08-23,0,0.22,0.58,0,0,0,0.56,0,0
2022-08-24,0.02,0.18,0.68,0,0,0,0.58,0,0
2022-08-25,0.02,0.22,0.6,0,0,0,0.38,0,0
2022-08-26,0.02,0.18,0.56,0,0,0,0.38,0,0
2022-08-29,0,0.18,0.7,0,0,0,0.42,0,0
2022-08-30,0,0.24,0.64,0,0,0,0.34,0,0
2022-08-31,0,0.24,0.64,0,0,0,0.42,0,0
2022-09-01,0.02,0.28,0.76,0,0,0,0.46,0,0
2022-09-02,0,0.26,0.72,0,0,0,0.42,0,0
2022-09-05,0,0.32,0.74,0,0,0,0.28,0,0
2022-09-06,0,0.3,0.64,0,0,0,0.32,0,0
2022-09-07,0.02,0.28,0.82,0,0,0,0.26,0,0
2022-09-08,0.02,0.28,0.68,0,0,0,0.22,0,0
2022-09-09,0.02,0.32,0.74,0,0,0,0.18,0,0
2022-09-13,0,0.36,0.7,0,0,0,0.14,0,0
2022-09-14,0,0.3,0.8,0.02,0,0,0.14,0,0
2022-09-15,0,0.24,0.78,0.02,0,0,0.08,0,0
2022-09-16,0,0.26,0.64,0.02,0,0,0.1,0,0
2022-09-19,0,0.28,0.76,0,0,0,0.1,0,0
2022-09-20,0.02,0.24,0.66,0,0,0,0.08,0,0
2022-09-21,0,0.2,0.72,0,0,0,0.06,0,0
2022-09-22,0.04,0.22,0.66,0,0,0,0.08,0,0
2022-09-23,0.04,0.24,0.72,0.02,0,0,0.04,0,0
2022-09-26,0.02,0.3,0.68,0,0,0,0.04,0,0
2022-09-27,0.04,0.4,0.64,0.02,0,0,0.08,0,0
2022-09-28,0.02,0.36,0.64,0,0,0,0.04,0,0
2022-09-29,0.04,0.38,0.64,0,0,0,0.02,0,0
2022-09-30,0.02,0.3,0.68,0,0,0,0.06,0,0
2022-10-10,0.02,0.32,0.7,0,0,0,0.06,0,0
2022-10-11,0.02,0.38,0.72,0.02,0,0,0.08,0,0
2022-10-12,0,0.4,0.7,0,0.02,0,0.06,0,0
2022-10-13,0,0.36,0.7,0,0,0,0.02,0,0
2022-10-14,0,0.4,0.8,0,0,0,0,0,0
2022-10-17,0,0.44,0.82,0.02,0.02,0,0.02,0,0
2022-10-18,0,0.44,0.74,0.02,0.02,0,0.02,0,0
2022-10-19,0,0.4,0.66,0,0.02,0,0.02,0,0
2022-10-20,0,0.42,0.74,0,0.02,0,0.02,0,0
2022-10-21,0,0.46,0.66,0,0,0,0.02,0,0
2022-10-24,0.06,0.32,0.72,0,0,0,0,0,0
2022-10-25,0.06,0.36,0.66,0,0.02,0,0.02,0,0
2022-10-26,0.04,0.34,0.62,0,0.04,0,0,0,0
2022-10-27,0.02,0.42,0.68,0,0.04,0,0.02,0,0
2022-10-28,0.04,0.48,0.66,0,0.04,0,0,0,0
2022-10-31,0,0.58,0.5,0.02,0.04,0,0,0,0
2022-11-01,0.02,0.56,0.58,0.04,0.02,0,0.02,0,0
2022-11-02,0.02,0.62,0.54,0.02,0.02,0,0,0,0
2022-11-03,0.02,0.56,0.6,0.02,0.02,0,0,0,0
2022-11-04,0.02,0.5,0.46,0.02,0.06,0,0,0,0
2022-11-07,0.02,0.5,0.46,0.02,0.04,0,0,0,0
2022-11-08,0.02,0.54,0.52,0.02,0.02,0,0,0,0
2022-11-09,0.02,0.58,0.46,0,0.04,0,0,0,0
2022-11-10,0.02,0.5,0.36,0,0,0,0,0,0
2022-11-11,0.02,0.52,0.3,0,0.02,0,0,0,0
2022-11-14,0.04,0.5,0.24,0,0,0,0,0,0
2022-11-15,0.02,0.7,0.3,0,0.04,0,0,0,0
2022-11-16,0,0.68,0.3,0,0.04,0,0,0,0
2022-11-17,0,0.7,0.24,0,0.02,0,0,0,0
2022-11-18,0.04,0.7,0.26,0,0.02,0,0,0,0
2022-11-21,0.04,0.74,0.34,0.02,0.02,0,0,0,0
2022-11-22,0.04,0.84,0.34,0,0.04,0,0,0,0
2022-11-23,0.06,0.88,0.38,0.02,0.04,0,0,0,0
2022-11-24,0.04,0.84,0.28,0.02,0.04,0,0,0,0
2022-11-25,0.04,0.88,0.42,0,0.02,0,0,0,0
2022-11-28,0.06,0.74,0.42,0,0.02,0,0,0,0
2022-11-29,0.04,0.8,0.5,0,0,0,0,0,0
2022-11-30,0.02,0.7,0.36,0,0,0,0,0,0
2022-12-01,0.02,0.68,0.38,0,0.02,0,0,0,0
2022-12-02,0.02,0.82,0.42,0,0,0,0,0,0
2022-12-05,0.04,0.78,0.38,0,0,0,0,0,0
2022-12-06,0.04,0.78,0.44,0,0.02,0,0,0,0
2022-12-07,0.06,0.82,0.44,0,0,0,0,0,0
2022-12-08,0.04,0.9,0.42,0,0.02,0,0,0,0
2022-12-09,0.06,0.88,0.48,0,0.04,0,0,0,0
2022-12-12,0.06,0.84,0.44,0,0,0,0,0,0
2022-12-13,0.06,0.82,0.46,0.02,0,0,0,0,0
2022-12-14,0.08,0.92,0.48,0.02,0,0,0,0,0
2022-12-15,0.06,0.84,0.52,0,0,0,0,0,0
2022-12-16,0.06,0.82,0.54,0,0,0,0,0,0
2022-12-19,0.08,0.9,0.54,0,0,0,0,0,0
2022-12-20,0.08,0.78,0.48,0,0,0,0,0,0
2022-12-21,0.12,0.86,0.66,0.02,0,0,0,0,0
2022-12-22,0.14,0.92,0.58,0.02,0.02,0,0,0,0
2022-12-23,0.08,0.84,0.54,0.04,0.02,0,0,0,0
2022-12-26,0.08,0.76,0.54,0.04,0,0,0,0,0
2022-12-27,0.08,0.74,0.62,0.02,0,0,0,0,0
2022-12-28,0.06,0.88,0.54,0.02,0,0,0,0,0
2022-12-29,0.1,0.84,0.58,0.04,0,0,0,0,0
2022-12-30,0.12,0.78,0.7,0.04,0,0,0,0,0
2023-01-03,0.1,0.86,0.56,0.02,0,0,0,0,0
2023-01-04,0.08,0.8,0.7,0.02,0,0,0,0,0
2023-01-05,0.08,0.88,0.74,0.02,0,0,0,0,0
2023-01-06,0.08,0.84,0.68,0.02,0,0,0,0,0
2023-01-09,0.12,0.86,0.76,0.02,0,0,0,0,0
2023-01-10,0.1,0.8,0.84,0.02,0,0,0,0,0
2023-01-11,0.1,0.76,0.76,0.02,0,0,0,0,0
2023-01-12,0.12,0.82,0.74,0.02,0,0,0,0,0
2023-01-13,0.1,0.78,0.84,0.02,0.02,0,0,0,0
2023-01-16,0.14,0.8,0.82,0.02,0.02,0,0,0,0
2023-01-17,0.16,0.84,0.84,0.02,0.02,0,0,0,0
2023-01-18,0.1,0.86,0.88,0.02,0,0,0,0,0
2023-01-19,0.16,0.84,0.82,0.02,0,0,0,0,0
2023-01-20,0.18,0.86,0.74,0.02,0,0,0,0,0
2023-01-30,0.16,0.82,0.8,0.02,0,0,0,0,0
2023-01-31,0.14,0.8,0.84,0.04,0,0,0,0,0
2023-02-01,0.08,0.86,0.74,0.02,0,0,0,0,0
2023-02-02,0.14,0.84,0.78,0.02,0,0,0,0,0
2023-02-03,0.14,0.84,0.72,0.04,0,0,0,0,0
2023-02-06,0.08,0.82,0.8,0.04,0,0,0,0,0
2023-02-07,0.14,0.9,0.86,0.02,0,0,0,0,0
2023-02-08,0.16,0.74,0.9,0.02,0,0,0,0,0
2023-02-09,0.24,0.82,0.8,0.02,0,0,0,0,0
2023-02-10,0.18,0.76,0.82,0.04,0,0,0,0,0
2023-02-13,0.2,0.78,0.82,0.04,0,0,0,0,0
2023-02-14,0.14,0.72,0.72,0.02,0,0,0,0,0
2023-02-15,0.12,0.72,0.78,0.04,0,0,0,0,0
2023-02-16,0.18,0.68,0.8,0.04,0,0,0,0,0
2023-02-17,0.26,0.6,0.66,0.02,0,0,0,0,0
2023-02-20,0.2,0.62,0.82,0.02,0,0,0,0,0
2023-02-21,0.2,0.62,0.72,0.06,0,0,0,0,0
2023-02-22,0.16,0.6,0.7,0.06,0,0,0,0,0
2023-02-23,0.12,0.68,0.82,0.06,0,0,0,0,0
2023-02-24,0.12,0.72,0.68,0.06,0,0,0,0,0
2023-02-27,0.1,0.66,0.76,0.04,0,0,0,0,0
2023-02-28,0.08,0.62,0.7,0.02,0,0,0,0,0
2023-03-01,0.1,0.6,0.7,0.02,0,0,0,0,0
2023-03-02,0.08,0.64,0.74,0.02,0,0,0,0,0
2023-03-03,0.1,0.56,0.68,0,0,0,0,0,0
2023-03-06,0.1,0.6,0.74,0.02,0,0,0,0,0
2023-03-07,0.1,0.62,0.68,0,0,0,0,0,0
2023-03-08,0.18,0.58,0.74,0,0,0,0,0,0
2023-03-09,0.14,0.68,0.74,0,0,0,0,0,0
2023-03-10,0.14,0.68,0.68,0.02,0,0,0,0,0
2023-03-13,0.12,0.72,0.6,0,0,0,0,0,0
2023-03-14,0.14,0.58,0.64,0,0,0,0,0,0
2023-03-15,0.18,0.58,0.62,0,0,0,0,0,0
2023-03-16,0.1,0.62,0.68,0,0,0,0,0,0
2023-03-17,0.06,0.72,0.68,0.02,0,0,0,0,0
2023-03-20,0.08,0.62,0.68,0.04,0,0,0,0,0
2023-03-21,0.18,0.78,0.66,0.02,0,0,0,0,0
2023-03-22,0.12,0.7,0.72,0.02,0,0,0,0,0
2023-03-23,0.14,0.74,0.68,0.02,0,0,0,0,0
2023-03-24,0.12,0.72,0.68,0.04,0,0,0,0,0
2023-03-27,0.16,0.76,0.68,0.04,0,0,0,0,0
2023-03-28,0.14,0.8,0.64,0.02,0,0,0,0,0
2023-03-29,0.2,0.84,0.66,0.04,0,0,0,0,0
2023-03-30,0.12,0.82,0.56,0.02,0,0,0,0,0
2023-03-31,0.04,0.9,0.52,0,0,0,0,0,0
2023-04-03,0.16,0.86,0.52,0,0,0,0,0,0
2023-04-04,0.16,0.78,0.56,0.02,0,0,0,0,0
2023-04-06,0.14,0.74,0.6,0,0,0,0,0,0
2023-04-07,0.18,0.7,0.46,0.02,0,0,0,0,0
2023-04-10,0.16,0.8,0.46,0,0,0,0,0,0
2023-04-11,0.12,0.8,0.52,0,0,0,0,0,0
2023-04-12,0.16,0.78,0.44,0,0,0,0,0,0
2023-04-13,0.12,0.84,0.44,0,0,0,0,0,0
2023-04-14,0.1,0.84,0.44,0,0,0,0,0,0
2023-04-17,0.1,0.9,0.52,0,0,0,0,0,0
2023-04-18,0.1,0.84,0.54,0.04,0,0,0,0,0
2023-04-19,0.12,0.94,0.52,0.02,0.02,0,0,0,0
2023-04-20,0.08,0.84,0.46,0.04,0,0,0,0,0
2023-04-21,0.14,0.86,0.5,0.02,0,0,0,0,0
2023-04-24,0.1,0.78,0.46,0,0,0,0,0,0
2023-04-25,0.08,0.8,0.46,0,0,0,0,0,0
2023-04-26,0.08,0.82,0.48,0.02,0,0,0,0,0
2023-04-27,0.1,0.76,0.48,0,0,0,0,0,0
2023-04-28,0.08,0.78,0.48,0,0,0,0,0,0
2023-05-04,0.1,0.82,0.4,0,0,0,0,0,0
2023-05-05,0.08,0.72,0.5,0,0,0,0,0,0
2023-05-08,0.06,0.78,0.5,0,0,0,0,0,0
2023-05-09,0.08,0.76,0.44,0,0,0,0,0,0
2023-05-10,0.08,0.58,0.48,0.02,0,0,0,0,0
2023-05-11,0.08,0.64,0.44,0.02,0.02,0,0,0,0
2023-05-12,0.08,0.6,0.48,0,0,0,0,0,0
2023-05-15,0.08,0.54,0.48,0.02,0.02,0,0,0,0
2023-05-16,0.1,0.54,0.48,0.02,0,0,0,0,0
2023-05-17,0.08,0.5,0.54,0.02,0.02,0,0,0,0
2023-05-18,0.1,0.62,0.6,0.02,0.02,0,0,0,0
2023-05-19,0.08,0.62,0.56,0.04,0.04,0,0,0,0
2023-05-22,0.08,0.54,0.54,0.02,0.04,0,0,0,0
2023-05-23,0.1,0.58,0.42,0,0.06,0,0,0,0
2023-05-24,0.14,0.56,0.58,0.02,0.02,0,0,0,0
2023-05-25,0.14,0.58,0.62,0.06,0.02,0,0,0,0
2023-05-26,0.12,0.58,0.5,0.02,0.02,0,0,0,0
2023-05-29,0.14,0.5,0.42,0,0.02,0,0,0,0
2023-05-30,0.18,0.58,0.38,0.02,0.02,0,0,0,0
2023-05-31,0.14,0.72,0.46,0.04,0.02,0,0,0,0
2023-06-01,0.1,0.58,0.4,0.04,0.02,0,0,0,0
2023-06-02,0.18,0.58,0.36,0.04,0.02,0,0,0,0
2023-06-05,0.12,0.68,0.34,0.04,0.02,0,0,0,0
2023-06-06,0.1,0.72,0.36,0.06,0.04,0,0,0,0
2023-06-07,0.06,0.7,0.3,0.08,0.02,0,0,0,0
2023-06-08,0.1,0.68,0.32,0.04,0.04,0,0,0,0
2023-06-09,0.12,0.74,0.22,0,0.02,0,0,0,0
2023-06-12,0.12,0.7,0.3,0,0.02,0,0,0,0
2023-06-13,0.16,0.68,0.36,0.02,0.02,0,0,0,0
2023-06-14,0.12,0.76,0.32,0.02,0.02,0,0,0,0
2023-06-15,0.12,0.72,0.38,0.02,0,0,0,0,0
2023-06-16,0.12,0.7,0.34,0.02,0,0,0,0,0
2023-06-19,0.12,0.76,0.48,0.04,0,0,0,0,0
2023-06-20,0.12,0.7,0.52,0.08,0,0,0,0,0
2023-06-21,0.12,0.7,0.44,0.02,0,0,0,0,0
2023-06-26,0.2,0.74,0.42,0.06,0,0,0,0,0
2023-06-27,0.16,0.68,0.52,0.04,0.02,0,0,0,0
2023-06-28,0.14,0.72,0.46,0.06,0,0,0,0,0
2023-06-29,0.12,0.66,0.5,0.04,0,0,0,0,0
2023-06-30,0.12,0.68,0.48,0.04,0,0,0,0,0
2023-07-03,0.12,0.68,0.46,0.02,0.02,0,0,0,0
2023-07-04,0.1,0.72,0.54,0.02,0.02,0,0,0,0
2023-07-05,0.1,0.74,0.48,0,0.02,0,0,0,0
2023-07-06,0.12,0.7,0.46,0,0,0,0,0,0
2023-07-07,0.08,0.6,0.5,0.02,0,0,0,0,0
2023-07-10,0.1,0.62,0.5,0.04,0,0,0,0,0
2023-07-11,0.08,0.64,0.52,0.04,0,0,0,0,0
2023-07-12,0.06,0.72,0.46,0.02,0,0,0,0,0
2023-07-13,0.06,0.7,0.42,0.02,0,0,0,0,0
2023-07-14,0.08,0.76,0.38,0.02,0,0,0,0,0
2023-07-17,0.1,0.8,0.38,0.02,0,0,0,0,0
2023-07-18,0.02,0.58,0.4,0.04,0,0,0,0,0
2023-07-19,0.04,0.72,0.46,0.02,0,0,0,0,0
2023-07-20,0.04,0.66,0.38,0.04,0.02,0,0,0,0
2023-07-21,0.04,0.82,0.34,0.02,0.02,0,0,0,0
2023-07-24,0.02,0.72,0.42,0.04,0.02,0,0,0,0
2023-07-25,0.02,0.78,0.36,0.06,0,0,0,0,0
2023-07-26,0.1,0.76,0.5,0.1,0,0,0,0,0
2023-07-27,0.08,0.74,0.46,0.08,0,0,0,0,0
2023-07-28,0.1,0.78,0.54,0.08,0,0,0,0,0
2023-07-31,0.14,0.82,0.5,0.04,0,0,0,0,0
2023-08-01,0.14,0.72,0.46,0.06,0.02,0,0,0,0
2023-08-02,0.16,0.84,0.42,0.06,0.02,0,0,0,0
2023-08-03,0.16,0.82,0.48,0.06,0.04,0,0,0,0
2023-08-04,0.08,0.74,0.46,0.08,0,0,0,0,0
2023-08-07,0.1,0.74,0.48,0.1,0.02,0,0,0,0
2023-08-08,0.08,0.74,0.36,0.1,0,0,0,0,0
2023-08-09,0.06,0.8,0.44,0.1,0,0,0,0,0
2023-08-10,0.1,0.76,0.36,0.14,0,0,0,0,0
2023-08-11,0.08,0.7,0.42,0.04,0,0,0,0,0
2023-08-14,0.1,0.66,0.46,0.08,0,0,0,0,0
2023-08-15,0.08,0.62,0.44,0.1,0,0,0,0,0
2023-08-16,0.1,0.64,0.48,0.12,0.02,0,0,0,0
2023-08-17,0.1,0.58,0.56,0.1,0.02,0,0,0,0
2023-08-18,0.06,0.54,0.48,0.08,0.02,0,0,0,0
2023-08-21,0.14,0.52,0.36,0.06,0,0,0,0,0
2023-08-22,0.14,0.58,0.3,0.06,0.02,0,0,0,0
2023-08-23,0,0.54,0.42,0.08,0.02,0,0,0,0
2023-08-24,0.04,0.56,0.4,0.06,0.02,0,0,0,0
2023-08-25,0.06,0.52,0.42,0.1,0,0,0,0,0
2023-08-28,0.08,0.46,0.48,0.08,0,0,0,0,0
2023-08-29,0.06,0.46,0.54,0.12,0,0,0,0,0
2023-08-30,0,0.42,0.56,0.06,0,0,0,0,0
2023-08-31,0.02,0.4,0.5,0.04,0.02,0,0,0,0
2023-09-01,0.04,0.4,0.52,0.02,0.04,0,0,0,0
2023-09-04,0.06,0.36,0.4,0.02,0.04,0,0,0,0
2023-09-05,0.02,0.46,0.54,0.02,0.02,0,0,0,0
2023-09-06,0.04,0.46,0.48,0.06,0.04,0,0,0,0
2023-09-07,0.06,0.46,0.46,0.04,0.04,0,0,0,0
2023-09-08,0.12,0.46,0.48,0.02,0.02,0,0,0,0
2023-09-11,0.12,0.44,0.54,0.06,0.04,0,0,0,0
2023-09-12,0.1,0.48,0.5,0.04,0.04,0,0,0,0
2023-09-13,0.12,0.56,0.54,0.08,0.02,0,0,0,0
2023-09-14,0.04,0.5,0.52,0.06,0.02,0,0,0,0
2023-09-15,0.06,0.62,0.48,0.1,0,0,0,0,0
2023-09-18,0.1,0.58,0.5,0.08,0.02,0,0,0,0
2023-09-19,0.1,0.56,0.48,0.06,0.02,0,0,0,0
2023-09-20,0.14,0.64,0.48,0.1,0.02,0,0,0,0
2023-09-21,0.12,0.58,0.64,0.1,0.02,0,0,0,0
2023-09-22,0.08,0.66,0.6,0.14,0,0,0,0,0
2023-09-25,0.06,0.68,0.54,0.16,0.06,0,0,0,0
2023-09-26,0.08,0.62,0.6,0.16,0.02,0,0,0,0
2023-09-27,0.16,0.58,0.52,0.14,0.04,0,0,0,0
2023-09-28,0.16,0.68,0.62,0.14,0.02,0,0,0,0
2023-10-09,0.22,0.62,0.5,0.12,0.02,0,0,0,0
2023-10-10,0.22,0.6,0.48,0.1,0,0,0,0,0
2023-10-11,0.26,0.64,0.54,0.12,0,0,0,0,0
2023-10-12,0.22,0.68,0.52,0.12,0,0,0,0,0
2023-10-13,0.26,0.66,0.52,0.1,0.02,0,0,0,0
2023-10-16,0.28,0.76,0.66,0.16,0.02,0,0,0,0
2023-10-17,0.3,0.74,0.64,0.14,0,0,0,0,0
2023-10-18,0.22,0.66,0.6,0.12,0,0,0,0,0
2023-10-19,0.2,0.74,0.58,0.16,0,0,0,0,0
2023-10-20,0.22,0.8,0.58,0.16,0.02,0,0,0,0
2023-10-23,0.26,0.78,0.52,0.1,0.02,0,0,0,0
2023-10-24,0.26,0.74,0.58,0.12,0.02,0,0,0,0
2023-10-25,0.24,0.82,0.54,0.08,0,0,0,0,0
2023-10-26,0.2,0.74,0.6,0.08,0.02,0,0,0,0
2023-10-27,0.22,0.8,0.44,0.06,0.02,0,0,0,0
2023-10-30,0.24,0.72,0.52,0.12,0.02,0,0,0,0
2023-10-31,0.18,0.68,0.56,0.12,0.04,0,0.04,0,0
2023-11-01,0.18,0.74,0.5,0.08,0.02,0,0.08,0,0
2023-11-02,0.26,0.78,0.44,0.12,0.02,0,0.1,0,0
2023-11-03,0.3,0.76,0.54,0.08,0,0,0.1,0,0
2023-11-06,0.2,0.72,0.54,0.12,0.02,0,0.14,0,0
2023-11-07,0.22,0.74,0.58,0.1,0.02,0,0.18,0,0
2023-11-08,0.22,0.74,0.56,0.1,0,0,0.28,0,0
2023-11-09,0.16,0.78,0.6,0.1,0.02,0,0.22,0,0
2023-11-10,0.2,0.76,0.6,0.1,0.02,0,0.2,0,0
2023-11-13,0.2,0.8,0.56,0.1,0.02,0,0.12,0,0
2023-11-14,0.14,0.7,0.62,0.08,0.02,0,0.18,0,0
2023-11-15,0.18,0.64,0.56,0.08,0.02,0,0.18,0,0
2023-11-16,0.24,0.62,0.6,0.1,0.02,0,0.14,0,0
2023-11-17,0.2,0.72,0.62,0.08,0,0,0.14,0,0
2023-11-20,0.24,0.7,0.52,0.08,0,0,0.14,0,0
2023-11-21,0.22,0.74,0.54,0.1,0,0,0.18,0,0
2023-11-22,0.22,0.7,0.6,0.06,0,0,0.24,0,0
2023-11-23,0.24,0.72,0.5,0.08,0,0,0.32,0,0
2023-11-24,0.2,0.74,0.54,0.06,0,0,0.3,0,0
2023-11-27,0.2,0.76,0.54,0.04,0.02,0,0.3,0,0
2023-11-28,0.24,0.66,0.62,0.1,0.02,0,0.28,0,0
2023-11-29,0.2,0.68,0.66,0.1,0.02,0,0.3,0,0
2023-11-30,0.16,0.64,0.64,0.06,0.02,0,0.32,0,0
2023-12-01,0.2,0.64,0.74,0.14,0,0,0.34,0,0
2023-12-04,0.22,0.76,0.68,0.1,0,0,0.42,0,0
2023-12-05,0.2,0.74,0.54,0.06,0,0,0.4,0,0
2023-12-06,0.22,0.72,0.56,0.08,0,0,0.34,0,0
2023-12-07,0.14,0.76,0.58,0.04,0,0,0.36,0,0
2023-12-08,0.2,0.72,0.54,0.06,0,0,0.34,0,0
2023-12-11,0.22,0.6,0.56,0.06,0,0,0.4,0,0
2023-12-12,0.18,0.54,0.7,0.02,0,0,0.36,0,0
2023-12-13,0.22,0.72,0.62,0.02,0,0,0.38,0,0
2023-12-14,0.26,0.62,0.64,0.02,0,0,0.38,0,0
2023-12-15,0.16,0.68,0.6,0.02,0,0,0.3,0,0
2023-12-18,0.18,0.74,0.8,0.06,0,0,0.3,0,0
2023-12-19,0.18,0.78,0.68,0.06,0,0,0.3,0,0
2023-12-20,0.14,0.74,0.7,0.08,0,0,0.24,0,0
2023-12-21,0.14,0.64,0.66,0.08,0.02,0,0.26,0,0
2023-12-22,0.22,0.64,0.7,0.06,0.02,0,0.3,0,0
2023-12-25,0.24,0.6,0.76,0.06,0,0,0.26,0,0
2023-12-26,0.28,0.76,0.78,0.12,0,0,0.16,0,0
2023-12-27,0.24,0.82,0.84,0.12,0,0,0.14,0,0
2023-12-28,0.22,0.72,0.8,0.12,0,0,0.18,0,0
2023-12-29,0.24,0.78,0.74,0.08,0,0,0.22,0,0
2024-01-02,0.24,0.8,0.8,0.08,0,0,0.24,0,0
2024-01-03,0.16,0.74,0.82,0.08,0,0,0.22,0,0
2024-01-04,0.14,0.76,0.86,0.1,0,0,0.3,0,0
2024-01-05,0.16,0.82,0.82,0.08,0,0,0.32,0,0
2024-01-08,0.12,0.72,0.8,0.1,0,0,0.42,0,0
2024-01-09,0.14,0.76,0.76,0.08,0,0,0.34,0,0
2024-01-10,0.14,0.74,0.74,0.08,0,0,0.36,0,0
2024-01-11,0.14,0.76,0.7,0.1,0,0,0.38,0,0
2024-01-12,0.14,0.8,0.64,0.08,0,0,0.42,0,0
2024-01-15,0.14,0.82,0.78,0.08,0,0,0.4,0,0
2024-01-16,0.14,0.78,0.76,0.12,0,0,0.36,0,0
2024-01-17,0.14,0.74,0.78,0.06,0,0,0.42,0,0
2024-01-18,0.2,0.8,0.74,0.06,0,0,0.42,0,0
2024-01-19,0.24,0.74,0.74,0.06,0.02,0,0.38,0,0
2024-01-22,0.14,0.64,0.8,0.02,0,0,0.28,0,0
2024-01-23,0.18,0.68,0.76,0.02,0,0,0.28,0,0
2024-01-24,0.18,0.64,0.74,0.04,0,0,0.2,0,0
2024-01-25,0.16,0.76,0.8,0.06,0,0,0.16,0,0
2024-01-26,0.14,0.8,0.8,0.04,0.02,0,0,0,0
2024-01-29,0.12,0.76,0.8,0.04,0,0,0.02,0,0
2024-01-30,0.16,0.64,0.74,0.04,0,0,0,0,0
2024-01-31,0.16,0.52,0.72,0.08,0,0,0.04,0,0
2024-02-01,0.14,0.72,0.76,0.06,0.02,0,0.02,0,0
2024-02-02,0.12,0.56,0.78,0.1,0.02,0,0,0,0
2024-02-05,0.12,0.68,0.64,0.08,0.02,0,0,0,0
2024-02-06,0.12,0.66,0.68,0.08,0,0,0,0,0
2024-02-07,0.14,0.58,0.68,0.08,0,0,0,0,0
2024-02-08,0.18,0.58,0.7,0.08,0.02,0,0.02,0,0
2024-02-19,0.16,0.5,0.72,0.12,0.02,0,0,0,0
2024-02-20,0.16,0.62,0.68,0.12,0,0,0,0,0
2024-02-21,0.12,0.6,0.66,0.1,0,0,0,0,0
2024-02-22,0.16,0.54,0.72,0.14,0.02,0,0,0,0
2024-02-23,0.12,0.6,0.64,0.12,0.02,0,0,0,0
2024-02-26,0.18,0.62,0.7,0.14,0.02,0,0,0,0
2024-02-27,0.2,0.7,0.68,0.16,0.02,0,0,0,0
2024-02-28,0.16,0.64,0.76,0.14,0.02,0,0,0,0
2024-02-29,0.22,0.64,0.62,0.16,0.02,0,0,0,0
2024-03-01,0.16,0.54,0.62,0.16,0.04,0,0,0,0
2024-03-04,0.14,0.6,0.64,0.1,0.04,0,0,0,0
2024-03-05,0.16,0.5,0.68,0.1,0.04,0,0,0,0
2024-03-06,0.16,0.58,0.68,0.12,0.02,0,0,0,0
2024-03-07,0.14,0.64,0.58,0.14,0.02,0,0,0,0
2024-03-08,0.16,0.68,0.56,0.14,0,0,0,0,0
2024-03-11,0.12,0.7,0.58,0.12,0,0,0,0,0
2024-03-12,0.14,0.58,0.54,0.08,0,0,0,0,0
2024-03-13,0.16,0.7,0.58,0.12,0,0,0,0,0
2024-03-14,0.18,0.64,0.62,0.14,0,0,0,0,0
2024-03-15,0.18,0.7,0.58,0.16,0.02,0,0,0,0
2024-03-18,0.18,0.7,0.44,0.06,0.02,0,0,0,0
2024-03-19,0.12,0.62,0.5,0.06,0.02,0,0,0,0
2024-03-20,0.18,0.64,0.54,0.1,0.02,0,0,0,0
2024-03-21,0.16,0.7,0.5,0.08,0,0,0,0,0
2024-03-22,0.16,0.7,0.52,0.14,0,0,0,0,0
2024-03-25,0.14,0.62,0.5,0.12,0,0,0,0,0
2024-03-26,0.14,0.6,0.6,0.1,0,0,0,0,0
2024-03-27,0.2,0.54,0.5,0.1,0.02,0,0,0,0
2024-03-28,0.18,0.48,0.58,0.12,0.02,0,0,0,0
2024-03-29,0.18,0.4,0.5,0.1,0.02,0,0,0,0
2024-04-01,0.18,0.5,0.58,0.12,0.02,0,0,0,0
2024-04-02,0.14,0.52,0.5,0.08,0.02,0,0,0,0
2024-04-03,0.12,0.44,0.5,0.1,0.02,0,0,0,0
2024-04-08,0.14,0.52,0.56,0.08,0.02,0,0,0,0
2024-04-09,0.12,0.42,0.46,0.12,0,0,0,0,0
2024-04-10,0.1,0.48,0.32,0.1,0,0,0,0,0
2024-04-11,0.06,0.52,0.38,0.08,0,0,0,0,0
2024-04-12,0.04,0.54,0.34,0.12,0,0,0,0,0
2024-04-15,0.06,0.42,0.32,0.08,0,0,0,0,0
2024-04-16,0.08,0.6,0.38,0.14,0,0,0,0,0
2024-04-17,0.08,0.6,0.34,0.12,0.02,0,0,0,0
2024-04-18,0.08,0.56,0.36,0.18,0.04,0,0,0,0
2024-04-19,0.1,0.52,0.46,0.16,0.04,0,0,0,0
2024-04-22,0.06,0.38,0.4,0.18,0.02,0,0,0,0
2024-04-23,0.08,0.42,0.42,0.16,0.02,0,0,0,0
2024-04-24,0.06,0.38,0.44,0.12,0.02,0,0,0,0
2024-04-25,0.08,0.38,0.46,0.16,0.02,0,0,0,0
2024-04-26,0.02,0.42,0.3,0.1,0.02,0,0,0,0
2024-04-29,0,0.5,0.42,0.12,0,0,0,0,0
2024-04-30,0.02,0.42,0.44,0.14,0,0,0,0,0
2024-05-06,0,0.42,0.46,0.16,0,0,0,0,0
2024-05-07,0.08,0.42,0.6,0.14,0,0,0,0,0
2024-05-08,0.06,0.44,0.72,0.16,0,0,0,0,0
2024-05-09,0.06,0.48,0.66,0.14,0,0,0,0,0
2024-05-10,0.08,0.44,0.68,0.1,0,0,0,0,0
2024-05-13,0.1,0.48,0.64,0.16,0.02,0,0,0,0
2024-05-14,0.06,0.5,0.7,0.16,0,0,0,0,0
2024-05-15,0.04,0.56,0.66,0.1,0,0,0,0,0
2024-05-16,0.02,0.52,0.7,0.12,0,0,0,0,0
2024-05-17,0.04,0.58,0.76,0.16,0,0,0,0,0
2024-05-20,0.04,0.46,0.76,0.18,0,0,0.02,0,0
2024-05-21,0.04,0.5,0.64,0.14,0,0,0.04,0,0
2024-05-22,0.06,0.56,0.7,0.08,0,0,0.08,0,0
2024-05-23,0.1,0.54,0.68,0.12,0,0,0.1,0,0
2024-05-24,0.1,0.54,0.74,0.16,0,0,0.12,0,0
2024-05-27,0.1,0.58,0.64,0.12,0,0,0.2,0,0
2024-05-28,0.08,0.54,0.72,0.12,0,0,0.14,0,0
2024-05-29,0.06,0.42,0.8,0.12,0,0,0.28,0,0
2024-05-30,0.1,0.5,0.72,0.1,0,0,0.16,0,0
2024-05-31,0.06,0.4,0.66,0.08,0,0,0.28,0,0
2024-06-03,0.04,0.4,0.56,0.1,0,0,0.32,0,0
2024-06-04,0.08,0.3,0.58,0.14,0,0,0.3,0,0
2024-06-05,0.04,0.34,0.64,0.12,0,0,0.32,0,0
2024-06-06,0.06,0.34,0.7,0.16,0,0,0.24,0,0
2024-06-07,0.04,0.32,0.62,0.14,0,0,0.22,0,0
2024-06-11,0.04,0.38,0.62,0.14,0,0,0.22,0,0
2024-06-12,0.04,0.44,0.64,0.16,0,0,0.2,0,0
2024-06-13,0.02,0.48,0.64,0.18,0,0,0.26,0,0
2024-06-14,0.06,0.38,0.56,0.12,0,0,0.26,0,0
2024-06-17,0.1,0.44,0.6,0.16,0,0,0.28,0,0
2024-06-18,0.06,0.42,0.6,0.06,0,0,0.34,0,0
2024-06-19,0.04,0.4,0.74,0.06,0,0,0.36,0,0
2024-06-20,0.02,0.46,0.74,0.08,0,0,0.32,0,0
2024-06-21,0.04,0.48,0.58,0.02,0,0,0.42,0,0
2024-06-24,0.06,0.46,0.64,0.06,0,0,0.38,0,0
2024-06-25,0.04,0.32,0.68,0.1,0,0,0.42,0,0
2024-06-26,0.04,0.32,0.6,0.08,0,0,0.3,0,0
2024-06-27,0.08,0.4,0.5,0.12,0,0,0.4,0,0
2024-06-28,0.06,0.34,0.48,0.08,0,0,0.4,0,0
2024-07-01,0.06,0.22,0.58,0.08,0,0,0.36,0,0
2024-07-02,0.06,0.42,0.56,0.12,0,0,0.36,0,0
2024-07-03,0.08,0.46,0.52,0.16,0,0,0.42,0,0
2024-07-04,0.08,0.5,0.6,0.14,0,0,0.38,0,0
2024-07-05,0.08,0.48,0.52,0.08,0,0,0.5,0,0
2024-07-08,0.12,0.64,0.42,0.08,0,0,0.46,0,0
2024-07-09,0.1,0.56,0.4,0.08,0,0,0.46,0,0
2024-07-10,0.06,0.5,0.52,0.06,0,0,0.58,0,0
2024-07-11,0.04,0.46,0.36,0.06,0,0,0.38,0,0
2024-07-12,0.06,0.5,0.36,0.08,0,0,0.54,0,0
2024-07-15,0.06,0.44,0.3,0.1,0,0,0.5,0,0
2024-07-16,0.02,0.52,0.3,0.08,0,0,0.44,0,0
2024-07-17,0.1,0.52,0.4,0.1,0,0,0.62,0,0
2024-07-18,0.12,0.48,0.38,0.1,0,0,0.64,0,0
2024-07-19,0.08,0.5,0.46,0.08,0,0,0.76,0,0
2024-07-22,0.12,0.52,0.36,0.08,0,0,0.68,0,0
2024-07-23,0.12,0.5,0.3,0.16,0,0,0.72,0,0
2024-07-24,0.14,0.46,0.28,0.12,0,0,0.72,0,0
2024-07-25,0.16,0.44,0.3,0.16,0,0,0.76,0,0
2024-07-26,0.18,0.46,0.2,0.14,0,0,0.72,0,0
2024-07-29,0.1,0.4,0.24,0.2,0,0,0.7,0,0
2024-07-30,0.12,0.5,0.28,0.2,0,0,0.74,0,0
2024-07-31,0.1,0.36,0.34,0.22,0,0,0.78,0,0
2024-08-01,0.12,0.42,0.22,0.12,0,0,0.74,0,0
2024-08-02,0.08,0.44,0.22,0.16,0,0,0.68,0,0
2024-08-05,0.1,0.42,0.26,0.2,0,0,0.8,0,0
2024-08-06,0.08,0.46,0.28,0.14,0,0,0.78,0,0
2024-08-07,0.06,0.4,0.36,0.16,0,0,0.68,0,0
2024-08-08,0.06,0.42,0.38,0.18,0,0,0.78,0,0
2024-08-09,0.1,0.4,0.32,0.14,0,0,0.82,0,0
2024-08-12,0.1,0.4,0.34,0.14,0,0,0.76,0,0
2024-08-13,0.1,0.32,0.42,0.18,0,0,0.76,0,0
2024-08-14,0.08,0.38,0.46,0.16,0,0,0.78,0,0
2024-08-15,0.08,0.38,0.28,0.22,0,0,0.76,0,0
2024-08-16,0.06,0.38,0.32,0.16,0,0,0.8,0,0
2024-08-19,0.08,0.4,0.34,0.12,0,0,0.8,0,0
2024-08-20,0.1,0.42,0.46,0.16,0,0,0.88,0,0
2024-08-21,0.08,0.38,0.4,0.16,0,0,0.86,0,0
2024-08-22,0.1,0.42,0.42,0.16,0,0,0.88,0,0
2024-08-23,0.08,0.44,0.4,0.24,0,0,0.78,0,0
2024-08-26,0.08,0.38,0.38,0.18,0,0,0.78,0,0
2024-08-27,0.08,0.38,0.34,0.16,0,0,0.84,0,0
2024-08-28,0.04,0.36,0.32,0.16,0,0,0.82,0,0
2024-08-29,0.04,0.36,0.32,0.18,0,0,0.78,0,0
2024-08-30,0.08,0.38,0.36,0.16,0,0,0.78,0,0
2024-09-02,0.04,0.44,0.3,0.2,0,0,0.78,0,0
2024-09-03,0.02,0.5,0.4,0.26,0,0,0.76,0,0
2024-09-04,0.02,0.48,0.4,0.26,0,0,0.84,0,0
2024-09-05,0.04,0.46,0.4,0.26,0,0,0.82,0,0
2024-09-06,0.08,0.36,0.42,0.2,0,0,0.84,0,0
2024-09-09,0.02,0.48,0.38,0.22,0,0,0.7,0,0
2024-09-10,0.06,0.44,0.46,0.16,0,0,0.68,0,0
2024-09-11,0.06,0.48,0.46,0.22,0,0,0.62,0,0
2024-09-12,0.02,0.54,0.48,0.18,0,0,0.68,0,0
2024-09-13,0.08,0.56,0.5,0.3,0,0,0.72,0,0
2024-09-18,0.06,0.46,0.44,0.18,0,0,0.68,0,0
2024-09-19,0.06,0.5,0.42,0.26,0,0,0.74,0,0
2024-09-20,0.1,0.5,0.4,0.24,0,0,0.76,0,0
2024-09-23,0.1,0.46,0.44,0.24,0,0,0.66,0,0
2024-09-24,0.06,0.5,0.36,0.24,0,0,0.66,0,0
2024-09-25,0.1,0.56,0.36,0.28,0.02,0,0.48,0,0
2024-09-26,0.02,0.54,0.44,0.22,0.02,0,0.56,0,0
2024-09-27,0.04,0.52,0.5,0.16,0.04,0,0.42,0,0
2024-09-30,0.02,0.46,0.4,0.16,0.02,0,0.36,0,0
2024-10-08,0,0.52,0.46,0.2,0.02,0,0.26,0,0
2024-10-09,0.02,0.54,0.44,0.12,0,0,0.16,0,0
2024-10-10,0.02,0.52,0.36,0.12,0.04,0,0.12,0.02,0
2024-10-11,0.02,0.46,0.44,0.18,0.04,0,0.04,0.02,0
2024-10-14,0.02,0.48,0.3,0.22,0.08,0,0.02,0.02,0
2024-10-15,0.02,0.5,0.34,0.22,0.06,0,0.06,0,0
2024-10-16,0.04,0.42,0.4,0.26,0.06,0,0.04,0,0
2024-10-17,0.06,0.5,0.44,0.24,0.08,0,0,0,0
2024-10-18,0.02,0.36,0.4,0.18,0.08,0,0,0,0
2024-10-21,0.02,0.44,0.34,0.18,0.06,0,0.02,0,0
2024-10-22,0,0.38,0.34,0.24,0.08,0,0.02,0,0
2024-10-23,0,0.26,0.38,0.24,0.06,0,0.04,0,0
2024-10-24,0,0.34,0.4,0.2,0.1,0,0.02,0,0
2024-10-25,0.02,0.32,0.38,0.22,0.04,0,0.04,0.02,0
2024-10-28,0.06,0.38,0.38,0.2,0.06,0,0.08,0,0
2024-10-29,0.04,0.34,0.3,0.14,0.06,0,0.24,0,0
2024-10-30,0.02,0.36,0.34,0.2,0.02,0,0.3,0,0
2024-10-31,0.04,0.3,0.32,0.18,0.06,0,0.26,0,0
2024-11-01,0.04,0.24,0.42,0.16,0.08,0,0.42,0,0
2024-11-04,0.02,0.2,0.42,0.14,0.1,0,0.44,0,0
2024-11-05,0.02,0.32,0.34,0.1,0.08,0,0.46,0,0
2024-11-06,0.02,0.36,0.26,0.14,0.06,0,0.5,0,0
2024-11-07,0,0.34,0.28,0.08,0.08,0,0.56,0,0
2024-11-08,0,0.24,0.38,0.04,0.06,0,0.56,0,0
2024-11-11,0,0.28,0.36,0.14,0.04,0,0.46,0,0
2024-11-12,0,0.3,0.38,0.12,0.06,0,0.56,0,0
2024-11-13,0,0.22,0.4,0.1,0.06,0,0.62,0,0
2024-11-14,0,0.24,0.36,0.08,0.06,0,0.66,0,0
2024-11-15,0.02,0.22,0.4,0.08,0.1,0,0.56,0,0
2024-11-18,0,0.32,0.4,0.06,0.08,0,0.58,0,0
2024-11-19,0,0.28,0.32,0.08,0.1,0,0.58,0,0
2024-11-20,0,0.24,0.28,0.08,0.02,0,0.58,0,0
2024-11-21,0,0.22,0.24,0.06,0.06,0,0.68,0,0
2024-11-22,0,0.2,0.26,0.12,0.08,0,0.56,0,0
2024-11-25,0.02,0.16,0.24,0.04,0.08,0,0.56,0,0
2024-11-26,0.02,0.24,0.28,0.06,0.08,0,0.6,0,0
2024-11-27,0,0.18,0.18,0.08,0.1,0,0.64,0,0
2024-11-28,0,0.18,0.18,0.06,0.06,0,0.62,0,0
2024-11-29,0.02,0.24,0.18,0.06,0.06,0,0.66,0,0
2024-12-02,0.02,0.26,0.12,0.06,0.06,0,0.62,0,0
2024-12-03,0,0.3,0.12,0.1,0.06,0,0.64,0,0
2024-12-04,0,0.38,0.1,0.06,0.02,0,0.6,0,0
2024-12-05,0,0.44,0.02,0.1,0.02,0,0.56,0,0
2024-12-06,0,0.5,0.04,0.12,0.1,0,0.62,0,0
2024-12-09,0,0.48,0.06,0.06,0.06,0,0.7,0,0
2024-12-10,0,0.44,0.08,0.06,0.06,0,0.66,0,0
2024-12-11,0,0.54,0.04,0.04,0.06,0,0.68,0,0
2024-12-12,0,0.6,0.06,0.06,0.04,0,0.68,0,0
2024-12-13,0,0.56,0.04,0.04,0.04,0,0.62,0,0
2024-12-16,0,0.62,0.06,0.04,0.06,0,0.66,0,0
2024-12-17,0,0.66,0.08,0.1,0.04,0,0.68,0,0
2024-12-18,0,0.64,0.1,0.06,0.08,0,0.7,0,0
2024-12-19,0,0.64,0.14,0.04,0.1,0,0.68,0,0
2024-12-20,0,0.62,0.12,0.08,0.06,0,0.62,0,0
2024-12-23,0,0.64,0.16,0.06,0.02,0,0.64,0,0
2024-12-24,0,0.56,0.28,0.04,0.1,0,0.64,0,0
2024-12-25,0,0.44,0.34,0.04,0.06,0,0.64,0,0
2024-12-26,0.02,0.5,0.48,0.06,0.1,0,0.64,0,0
2024-12-27,0.04,0.48,0.6,0.04,0.06,0,0.58,0,0
2024-12-30,0.02,0.44,0.7,0.02,0.04,0,0.56,0,0
2024-12-31,0.06,0.5,0.64,0.02,0.02,0,0.48,0,0
2025-01-02,0.06,0.42,0.5,0.04,0.06,0,0.5,0,0
2025-01-03,0.08,0.52,0.62,0.02,0.06,0,0.58,0,0
2025-01-06,0.14,0.52,0.6,0.02,0.02,0,0.58,0,0
2025-01-07,0.26,0.44,0.74,0.06,0.04,0,0.52,0,0
2025-01-08,0.2,0.56,0.74,0.1,0.06,0,0.52,0,0
2025-01-09,0.24,0.66,0.72,0.06,0,0,0.58,0,0
2025-01-10,0.2,0.54,0.76,0.06,0.02,0,0.54,0,0
2025-01-13,0.2,0.58,0.76,0.04,0.04,0,0.52,0,0
2025-01-14,0.22,0.66,0.66,0.08,0.04,0,0.5,0,0
2025-01-15,0.26,0.76,0.68,0.08,0.04,0,0.4,0,0
2025-01-16,0.24,0.74,0.74,0.06,0.02,0,0.3,0,0
2025-01-17,0.28,0.78,0.76,0.02,0.02,0,0.3,0,0
2025-01-20,0.3,0.84,0.74,0.02,0.02,0,0.28,0,0
2025-01-21,0.34,0.78,0.76,0.02,0.02,0,0.22,0,0
2025-01-22,0.28,0.86,0.72,0.02,0.02,0,0.24,0,0
2025-01-23,0.32,0.86,0.78,0.06,0.02,0,0.12,0,0
2025-01-24,0.26,0.86,0.72,0.04,0.02,0,0.08,0,0
2025-01-27,0.28,0.78,0.78,0.02,0.02,0,0,0,0
