date,name,lambda
2014-10-15,X002049.SZ,0.0609019629985449
2014-10-16,X000800.SZ,0.0653435397292727
2014-10-17,X000800.SZ,0.0692294259925917
2014-10-20,X000800.SZ,0.0743697887921599
2014-10-21,X002294.SZ,0.0634807345193497
2014-10-22,X002294.SZ,0.0651579501869536
2014-10-23,X002049.SZ,0.0673708733322625
2014-10-24,X002456.SZ,0.0574626357526561
2014-10-27,X002456.SZ,0.0669650718708199
2014-10-28,X600031.SH,0.0589461333949833
2014-10-29,X000800.SZ,0.0526987681842251
2014-10-30,X002294.SZ,0.0825289427814098
2014-10-31,X002294.SZ,0.0791096218823905
2014-11-03,X002294.SZ,0.0789008506352324
2014-11-04,X002294.SZ,0.0774630314102891
2014-11-05,X002049.SZ,0.0565917848109647
2014-11-06,X002049.SZ,0.0573288193915154
2014-11-07,X002294.SZ,0.0764490791507529
2014-11-10,X002294.SZ,0.0771997895240173
2014-11-11,X600271.SH,0.0595505113536789
2014-11-12,X600271.SH,0.0691226061667825
2014-11-13,X600271.SH,0.073032688060759
2014-11-14,X000157.SZ,0.0649107708058755
2014-11-17,X000157.SZ,0.0671279533423129
2014-11-18,X600104.SH,0.0667714653586442
2014-11-19,X000063.SZ,0.0682546770047424
2014-11-20,X000063.SZ,0.0632847122952158
2014-11-21,X600089.SH,0.0580621316947564
2014-11-24,X600271.SH,0.0701971143413554
2014-11-25,X000063.SZ,0.0688103048823898
2014-11-26,X600271.SH,0.0777046464654691
2014-11-27,X002294.SZ,0.0730970083420088
2014-11-28,X002456.SZ,0.0645893039906999
2014-12-01,X002456.SZ,0.0799229879531036
2014-12-02,X002456.SZ,0.060756216662169
2014-12-03,X000063.SZ,0.0621245068584799
2014-12-04,X000063.SZ,0.0627041858690209
2014-12-05,X000063.SZ,0.06050690313689
2014-12-08,X000063.SZ,0.0595465175099473
2014-12-09,X600177.SH,0.0796338111262084
2014-12-10,X000063.SZ,0.0785836868435394
2014-12-11,X600703.SH,0.069267251504318
2014-12-12,X000625.SZ,0.0656020443429285
2014-12-15,X000625.SZ,0.0694026968002094
2014-12-16,X000625.SZ,0.0987633106403556
2014-12-17,X000625.SZ,0.0935954662746656
2014-12-18,X000625.SZ,0.0630248997791808
2014-12-19,X000858.SZ,0.0600018241559146
2014-12-22,X002465.SZ,0.0637168417215582
2014-12-23,X002465.SZ,0.0684528786682784
2014-12-24,X000100.SZ,0.0558063660284119
2014-12-25,X002294.SZ,0.0635684325085441
2014-12-26,X600372.SH,0.0618077312359335
2014-12-29,X600252.SH,0.107994560026111
2014-12-30,X002465.SZ,0.0746820673902787
2014-12-31,X000157.SZ,0.0728117724139283
2015-01-05,X000157.SZ,0.0715076806285166
2015-01-06,X002129.SZ,0.0750088444501794
2015-01-07,X600703.SH,0.0758427943094608
2015-01-08,X000157.SZ,0.0708467207604014
2015-01-09,X002475.SZ,0.0698673704079982
2015-01-12,X002475.SZ,0.0753447683742375
2015-01-13,X002475.SZ,0.0775039435060106
2015-01-14,X002475.SZ,0.0701266367875558
2015-01-15,X002465.SZ,0.0875064308040451
2015-01-16,X600271.SH,0.0803331042876416
2015-01-19,X000858.SZ,0.112434984499575
2015-01-20,X002465.SZ,0.112568892854322
2015-01-21,X000858.SZ,0.110484814750944
2015-01-22,X000858.SZ,0.112754104235022
2015-01-23,X002465.SZ,0.121001449837295
2015-01-26,X000858.SZ,0.107377968673205
2015-01-27,X000858.SZ,0.110447191787189
2015-01-28,X600066.SH,0.113900681655094
2015-01-29,X000858.SZ,0.112772361802006
2015-01-30,X000100.SZ,0.119856762747216
2015-02-02,X000100.SZ,0.114888555336721
2015-02-03,X000100.SZ,0.134190816571622
2015-02-04,X000858.SZ,0.118872665965446
2015-02-05,X000858.SZ,0.121523918470711
2015-02-06,X000858.SZ,0.121115367983465
2015-02-09,X000858.SZ,0.116023393796553
2015-02-10,X000858.SZ,0.109974128544241
2015-02-11,X000858.SZ,0.107324490855237
2015-02-12,X000858.SZ,0.133446533557433
2015-02-13,X000858.SZ,0.124484862896565
2015-02-16,X000858.SZ,0.117665002661421
2015-02-17,X000858.SZ,0.132012777707203
2015-02-25,X000858.SZ,0.119451485421705
2015-02-26,X000858.SZ,0.118507181443588
2015-02-27,X000858.SZ,0.117358457350245
2015-03-02,X000858.SZ,0.132005334174561
2015-03-03,X000858.SZ,0.12729548334658
2015-03-04,X000858.SZ,0.139426881317896
2015-03-05,X000858.SZ,0.136895504367118
2015-03-06,X000858.SZ,0.136020685323774
2015-03-09,X000063.SZ,0.127977957945781
2015-03-10,X000858.SZ,0.12139031651715
2015-03-11,X000063.SZ,0.115002697370657
2015-03-12,X000063.SZ,0.111924605963047
2015-03-13,X600066.SH,0.11055274409868
2015-03-16,X000338.SZ,0.0966673443442276
2015-03-17,X600690.SH,0.110723184465736
2015-03-18,X000338.SZ,0.0946385756337262
2015-03-19,X000581.SZ,0.0942055322642105
2015-03-20,X000581.SZ,0.0982786250991907
2015-03-23,X600166.SH,0.102206489237047
2015-03-24,X000338.SZ,0.105281440752036
2015-03-25,X600166.SH,0.107519995779775
2015-03-26,X000338.SZ,0.0902222882203334
2015-03-27,X600166.SH,0.09947728370486
2015-03-30,X000338.SZ,0.103446642709379
2015-03-31,X000623.SZ,0.0711108467152878
2015-04-01,X600104.SH,0.0954510560322987
2015-04-02,X000338.SZ,0.0812501491115887
2015-04-03,X000338.SZ,0.101697942761289
2015-04-07,X000550.SZ,0.101534633939062
2015-04-08,X000338.SZ,0.0943691658558976
2015-04-09,X000063.SZ,0.12016571107817
2015-04-10,X000550.SZ,0.116400196211246
2015-04-13,X000063.SZ,0.0930718297098301
2015-04-14,X000063.SZ,0.0938340737705329
2015-04-15,X600031.SH,0.0986348845297876
2015-04-16,X000063.SZ,0.102761997545054
2015-04-17,X600031.SH,0.101822682147284
2015-04-20,X600031.SH,0.106962941903466
2015-04-21,X000800.SZ,0.096186424518537
2015-04-22,X600166.SH,0.0947774371647016
2015-04-23,X600066.SH,0.124476783812389
2015-04-24,X600118.SH,0.0691755233478664
2015-04-27,X600118.SH,0.0735679951631713
2015-04-28,X600118.SH,0.0768340710300813
2015-04-29,X600372.SH,0.0761316449423907
2015-04-30,X600118.SH,0.0772928308929308
2015-05-04,X000725.SZ,0.090438017846481
2015-05-05,X600435.SH,0.0874828935902187
2015-05-06,X600435.SH,0.102742971105966
2015-05-07,X600435.SH,0.0920469293902905
2015-05-08,X000725.SZ,0.0924722173839722
2015-05-11,X600060.SH,0.0980822880890163
2015-05-12,X000568.SZ,0.088604981530386
2015-05-13,X600435.SH,0.109787230042865
2015-05-14,X000568.SZ,0.0901688520522578
2015-05-15,X000568.SZ,0.0931750480726375
2015-05-18,X600031.SH,0.11489577716622
2015-05-19,X000157.SZ,0.11416434227738
2015-05-20,X600089.SH,0.118234984442453
2015-05-21,X002491.SZ,0.379165
2015-05-22,X002491.SZ,0.68029
2015-05-25,X000869.SZ,0.116347285630035
2015-05-26,X000977.SZ,0.120229588374724
2015-05-27,X002491.SZ,0.617481721404297
2015-05-28,X002292.SZ,0.126136138013509
2015-05-29,X000568.SZ,0.120018294585206
2015-06-01,X002415.SZ,0.12291519141866
2015-06-02,X000625.SZ,0.154385288842506
2015-06-03,X000625.SZ,0.165021761484837
2015-06-04,X000625.SZ,0.166377079672958
2015-06-05,X000625.SZ,0.155154193280469
2015-06-08,X000625.SZ,0.145587863011435
2015-06-09,X000625.SZ,0.14364890130899
2015-06-10,X002415.SZ,0.147408565508745
2015-06-11,X002415.SZ,0.136945900549964
2015-06-12,X002415.SZ,0.13398738032421
2015-06-15,X600839.SH,0.14106758311531
2015-06-16,X000568.SZ,0.126941863027181
2015-06-17,X002304.SZ,0.163613597497896
2015-06-18,X000581.SZ,0.138680473952166
2015-06-19,X000568.SZ,0.156802738628407
2015-06-23,X000651.SZ,0.15503279361544
2015-06-24,X002465.SZ,0.145924830455752
2015-06-25,X000651.SZ,0.14601077420629
2015-06-26,X000100.SZ,0.164757111098719
2015-06-29,X000550.SZ,0.168461288105352
2015-06-30,X600060.SH,0.181477950776663
2015-07-01,X002241.SZ,0.185357106192241
2015-07-02,X000727.SZ,0.18595939223577
2015-07-03,X600276.SH,0.16083824057226
2015-07-06,X000063.SZ,0.175997179449087
2015-07-07,X000063.SZ,0.18022408853094
2015-07-08,X002294.SZ,0.195901029402087
2015-07-09,X000625.SZ,0.182471070258189
2015-07-10,X000550.SZ,0.197981425649576
2015-07-13,X000550.SZ,0.229756371248862
2015-07-14,X000338.SZ,0.22414780981711
2015-07-15,X600031.SH,0.217018239763848
2015-07-16,X600435.SH,0.207386719150327
2015-07-17,X002236.SZ,0.203705316059802
2015-07-20,X000800.SZ,0.286777968729248
2015-07-21,X000800.SZ,0.273640119188436
2015-07-22,X000800.SZ,0.285692892987106
2015-07-23,X000800.SZ,0.298403222525296
2015-07-24,X600089.SH,0.232644806172178
2015-07-27,X000725.SZ,0.222170065049082
2015-07-28,X002241.SZ,0.2249188957175
2015-07-29,X600198.SH,0.251591869582538
2015-07-30,X600198.SH,0.255060743448191
2015-07-31,X002292.SZ,0.721945
2015-08-03,X002292.SZ,0.226623697836582
2015-08-04,X300003.SZ,0.225606359889682
2015-08-05,X002292.SZ,0.42199
2015-08-06,X002292.SZ,0.70518
2015-08-07,X002292.SZ,0.42615
2015-08-10,X002292.SZ,0.861175
2015-08-11,X601877.SH,0.270195
2015-08-12,X600372.SH,0.220265669193187
2015-08-13,X600498.SH,0.252042449141269
2015-08-14,X600372.SH,0.209420340213321
2015-08-17,X002506.SZ,0.463335
2015-08-18,X002506.SZ,0.5279
2015-08-19,X002506.SZ,0.59449
2015-08-20,X600271.SH,0.227602512365592
2015-08-21,X000547.SZ,0.220137777990099
2015-08-24,X000016.SZ,0.26935885811577
2015-08-25,X000016.SZ,0.287768958634545
2015-08-26,X000016.SZ,0.3438
2015-08-27,X000016.SZ,0.293111330452373
2015-08-28,X002292.SZ,0.49142
2015-08-31,X000016.SZ,0.385115
2015-09-01,X300142.SZ,0.494895
2015-09-02,X000016.SZ,0.488985
2015-09-07,X000016.SZ,0.46427
2015-09-08,X000559.SZ,0.227595524266233
2015-09-09,X000016.SZ,0.6393
2015-09-10,X600118.SH,0.310330318823613
2015-09-11,X000016.SZ,0.80066
2015-09-14,X002294.SZ,0.213988373069207
2015-09-15,X000869.SZ,0.220255798134494
2015-09-16,X002292.SZ,0.208468737271366
2015-09-17,X600089.SH,0.23852099752302
2015-09-18,X600312.SH,0.3902
2015-09-21,X600089.SH,0.25703526289162
2015-09-22,X600089.SH,0.244943374469041
2015-09-23,X600089.SH,0.244562875455807
2015-09-24,X002465.SZ,0.255078579972112
2015-09-25,X600089.SH,0.243912338548919
2015-09-28,X600089.SH,0.223562567043647
2015-09-29,X600089.SH,0.209012675774537
2015-09-30,X600089.SH,0.247247021756892
2015-10-08,X000581.SZ,0.278202941034499
2015-10-09,X000559.SZ,0.220279353011484
2015-10-12,X002008.SZ,0.270412595419978
2015-10-13,X600089.SH,0.215128350014321
2015-10-14,X002294.SZ,0.233260145689578
2015-10-15,X600031.SH,0.255458267675411
2015-10-16,X000725.SZ,0.230472495464747
2015-10-19,X000725.SZ,0.236596072371103
2015-10-20,X000725.SZ,0.247928318797883
2015-10-21,X000157.SZ,0.267580505741962
2015-10-22,X000725.SZ,0.254546192600028
2015-10-23,X600089.SH,0.273113120464446
2015-10-26,X002294.SZ,0.254201277337064
2015-10-27,X000858.SZ,0.62519
2015-10-28,X000338.SZ,0.251422996985981
2015-10-29,X000858.SZ,0.42407
2015-10-30,X000858.SZ,0.64343
2015-11-02,X002292.SZ,0.31504
2015-11-03,X002292.SZ,0.292052665197453
2015-11-04,X002292.SZ,0.293671511633676
2015-11-05,X002294.SZ,0.237418125689128
2015-11-06,X002292.SZ,0.293182401463953
2015-11-09,X002294.SZ,0.246700855582024
2015-11-10,X002294.SZ,0.245630995895723
2015-11-11,X002294.SZ,0.24460852173801
2015-11-12,X600177.SH,0.244588290649765
2015-11-13,X002294.SZ,0.242661789393209
2015-11-16,X002294.SZ,0.241334871747228
2015-11-17,X002294.SZ,0.252542589486071
2015-11-18,X000725.SZ,0.213123385456384
2015-11-19,X000338.SZ,0.231734715557344
2015-11-20,X000338.SZ,0.227916689009564
2015-11-23,X300001.SZ,0.214892411550795
2015-11-24,X000547.SZ,0.228712693490465
2015-11-25,X000338.SZ,0.221693659012719
2015-11-26,X600177.SH,0.18917621357841
2015-11-27,X000547.SZ,0.227755718349329
2015-11-30,X000547.SZ,0.261855086579218
2015-12-01,X002465.SZ,0.165761851773641
2015-12-02,X000547.SZ,0.169101857459728
2015-12-03,X000547.SZ,0.187971909814373
2015-12-04,X002465.SZ,0.152065058675533
2015-12-07,X600582.SH,0.186492751134261
2015-12-08,X000100.SZ,0.193852652111957
2015-12-09,X000725.SZ,0.169871739230607
2015-12-10,X000100.SZ,0.184045229385326
2015-12-11,X600498.SH,0.201162279712695
2015-12-14,X600118.SH,0.186366067593599
2015-12-15,X600118.SH,0.183014240642642
2015-12-16,X002236.SZ,0.181183811868241
2015-12-17,X000559.SZ,0.157869092559655
2015-12-18,X000338.SZ,0.116728773025908
2015-12-21,X000338.SZ,0.149915254458985
2015-12-22,X000559.SZ,0.137823171364947
2015-12-23,X002236.SZ,0.138704810618533
2015-12-24,X002008.SZ,0.192864861288714
2015-12-25,X600271.SH,0.318348210036212
2015-12-28,X600271.SH,0.256555
2015-12-29,X600271.SH,0.212025
2015-12-30,X000725.SZ,0.177269340123807
2015-12-31,X600031.SH,0.15459301319793
2016-01-04,X600271.SH,0.176485
2016-01-05,X600271.SH,0.47698
2016-01-06,X600690.SH,0.168192274619142
2016-01-07,X600703.SH,0.213304024511959
2016-01-08,X600703.SH,0.211737885072878
2016-01-11,X600690.SH,0.27253
2016-01-12,X600703.SH,0.182346210266958
2016-01-13,X000623.SZ,0.172749306161572
2016-01-14,X600703.SH,0.200826299915073
2016-01-15,X600703.SH,0.207850442675114
2016-01-18,X600741.SH,0.167026279236349
2016-01-19,X600703.SH,0.217860754847516
2016-01-20,X600703.SH,0.159765219261565
2016-01-21,X000063.SZ,0.167265681021181
2016-01-22,X000338.SZ,0.1525256690764
2016-01-25,X000063.SZ,0.16181917701829
2016-01-26,X600703.SH,0.185617929558106
2016-01-27,X600177.SH,0.176044568440773
2016-01-28,X600699.SH,0.33525
2016-01-29,X600703.SH,0.193660881907295
2016-02-01,X600690.SH,0.342365
2016-02-02,X000100.SZ,0.148192009337675
2016-02-03,X600703.SH,0.200511538405528
2016-02-04,X600703.SH,0.205000510894043
2016-02-05,X600703.SH,0.194280438348838
2016-02-15,X000625.SZ,0.166004685691417
2016-02-16,X000568.SZ,0.199355847338864
2016-02-17,X000063.SZ,0.197576808773947
2016-02-18,X600867.SH,0.192418761852995
2016-02-19,X600177.SH,0.205955150823238
2016-02-22,X000063.SZ,0.189456251337215
2016-02-23,X000568.SZ,0.192602029457746
2016-02-24,X000568.SZ,0.177549403333324
2016-02-25,X000568.SZ,0.151707179679868
2016-02-26,X000063.SZ,0.178410412815947
2016-02-29,X600584.SH,0.182752305286015
2016-03-01,X000063.SZ,0.117961255413328
2016-03-02,X002456.SZ,0.124438704562209
2016-03-03,X600703.SH,0.143256845154127
2016-03-04,X600177.SH,0.150624648967149
2016-03-07,X000063.SZ,0.169013257543348
2016-03-08,X000063.SZ,0.174530603723838
2016-03-09,X002456.SZ,0.127009515078942
2016-03-10,X600703.SH,0.152486417316874
2016-03-11,X600066.SH,0.1334908909755
2016-03-14,X000100.SZ,0.146677926169634
2016-03-15,X600276.SH,0.138062711830593
2016-03-16,X600031.SH,0.133753413785775
2016-03-17,X000858.SZ,0.160085545775637
2016-03-18,X600703.SH,0.174401635650041
2016-03-21,X000981.SZ,0.44284
2016-03-22,X000981.SZ,0.3149
2016-03-23,X600582.SH,0.186871286023441
2016-03-24,X600177.SH,0.158874432856325
2016-03-25,X600703.SH,0.20472428219843
2016-03-28,X600703.SH,0.219473688148777
2016-03-29,X600703.SH,0.153483491730703
2016-03-30,X600703.SH,0.182680757321234
2016-03-31,X600089.SH,0.143181931562524
2016-04-01,X600703.SH,0.173640356363629
2016-04-05,X000651.SZ,0.170188433095709
2016-04-06,X600703.SH,0.133960916562101
2016-04-07,X000050.SZ,0.224971666219684
2016-04-08,X002008.SZ,0.136949432071784
2016-04-11,X600703.SH,0.198324163259453
2016-04-12,X000100.SZ,0.19719440128411
2016-04-13,X000725.SZ,0.185819307932813
2016-04-14,X600089.SH,0.136477370234385
2016-04-15,X300124.SZ,0.138829097978151
2016-04-18,X600089.SH,0.142623737340454
2016-04-19,X300124.SZ,0.151998795636427
2016-04-20,X000100.SZ,0.130783679975169
2016-04-21,X000725.SZ,0.142582010803241
2016-04-22,X002007.SZ,0.146426078451906
2016-04-25,X000050.SZ,0.145193951770892
2016-04-26,X000725.SZ,0.150571718828591
2016-04-27,X000725.SZ,0.153848838101997
2016-04-28,X000725.SZ,0.143844273968334
2016-04-29,X000725.SZ,0.142374122323828
2016-05-03,X000050.SZ,0.121336010421904
2016-05-04,X600089.SH,0.136595820940547
2016-05-05,X000050.SZ,0.113159044345025
2016-05-06,X000050.SZ,0.113257297456953
2016-05-09,X600089.SH,0.119171308876145
2016-05-10,X000338.SZ,0.11272955969764
2016-05-11,X002180.SZ,0.22476
2016-05-12,X002180.SZ,0.29421
2016-05-13,X000651.SZ,0.173855
2016-05-16,X000651.SZ,0.222255
2016-05-17,X600089.SH,0.120700918904917
2016-05-18,X600089.SH,0.126777010201369
2016-05-19,X600089.SH,0.121992893943132
2016-05-20,X600089.SH,0.135292397144032
2016-05-23,X000157.SZ,0.12417323701929
2016-05-24,X600089.SH,0.122322143336709
2016-05-25,X600089.SH,0.131250872727971
2016-05-26,X002249.SZ,0.0942781835398624
2016-05-27,X300124.SZ,0.072936906128668
2016-05-30,X002465.SZ,0.0691834988506898
2016-05-31,X000063.SZ,0.0666547453594258
2016-06-01,X000559.SZ,0.0594661439341795
2016-06-02,X002415.SZ,0.0733664031526328
2016-06-03,X600118.SH,0.0692276685526967
2016-06-06,X000858.SZ,0.0823548521549441
2016-06-07,X000338.SZ,0.0602366190423268
2016-06-08,X000100.SZ,0.0634646214925334
2016-06-13,X601877.SH,0.0613267970554312
2016-06-14,X002241.SZ,0.0724897483015861
2016-06-15,X300124.SZ,0.0723912605286297
2016-06-16,X002415.SZ,0.0656194061137623
2016-06-17,X600741.SH,0.0871310290477206
2016-06-20,X600741.SH,0.0833562519092145
2016-06-21,X600741.SH,0.0552735798085379
2016-06-22,X000869.SZ,0.0623979128587335
2016-06-23,X600089.SH,0.0626295472200116
2016-06-24,X600089.SH,0.0530834640762092
2016-06-27,X600089.SH,0.0634179652729484
2016-06-28,X002049.SZ,0.0830050619527015
2016-06-29,X002415.SZ,0.0638286077994476
2016-06-30,X000869.SZ,0.0614558711448396
2016-07-01,X002465.SZ,0.0783909841972922
2016-07-04,X600271.SH,0.0518150359246954
2016-07-05,X002465.SZ,0.0855208892414236
2016-07-06,X600867.SH,0.063497101976185
2016-07-07,X002415.SZ,0.0586684073502452
2016-07-08,X000063.SZ,0.0572148845458125
2016-07-11,X002465.SZ,0.0590871134675637
2016-07-12,X000063.SZ,0.0637961168355678
2016-07-13,X600031.SH,0.0547913685270112
2016-07-14,X000559.SZ,0.0792602362656063
2016-07-15,X600498.SH,0.0524256002165214
2016-07-18,X000063.SZ,0.0573541126451179
2016-07-19,X600089.SH,0.0591485640691794
2016-07-20,X000559.SZ,0.0594208454196187
2016-07-21,X000559.SZ,0.0733991968596131
2016-07-22,X000063.SZ,0.0676162461542087
2016-07-25,X000050.SZ,0.0613133928037592
2016-07-26,X600699.SH,0.0854386499803566
2016-07-27,X002049.SZ,0.0625949964893962
2016-07-28,X000063.SZ,0.070839146400018
2016-07-29,X600089.SH,0.0796037516186118
2016-08-01,X000559.SZ,0.0563995902331111
2016-08-02,X000063.SZ,0.0636191187272575
2016-08-03,X000063.SZ,0.0690992468562621
2016-08-04,X000063.SZ,0.0693062384417269
2016-08-05,X000063.SZ,0.065914210843404
2016-08-08,X600271.SH,0.0632284892887948
2016-08-09,X000063.SZ,0.0511059791504403
2016-08-10,X600089.SH,0.0600020565364252
2016-08-11,X601877.SH,0.0554820611867818
2016-08-12,X601877.SH,0.0565000711143942
2016-08-15,X000063.SZ,0.0525901253434999
2016-08-16,X000559.SZ,0.056320586954957
2016-08-17,X600089.SH,0.0555809426664719
2016-08-18,X600089.SH,0.0500916290560249
2016-08-19,X600089.SH,0.0517069462012835
2016-08-22,X600089.SH,0.0553200099019489
2016-08-23,X600690.SH,0.0508969929947417
2016-08-24,X600089.SH,0.0565711791652642
2016-08-25,X600089.SH,0.057279235475084
2016-08-26,X600089.SH,0.0539380938821451
2016-08-29,X002465.SZ,0.09056
2016-08-30,X002465.SZ,0.134645
2016-08-31,X002465.SZ,0.0866800000000001
2016-09-01,X002465.SZ,0.0629517352718988
2016-09-02,X002465.SZ,0.142201028270471
2016-09-05,X000651.SZ,0.129564847649662
2016-09-06,X000651.SZ,0.108275
2016-09-07,X000651.SZ,0.0835300000000002
2016-09-08,X002085.SZ,0.0700346899271467
2016-09-09,X002085.SZ,0.0706373567675615
2016-09-12,X000063.SZ,0.0387671748557515
2016-09-13,X002426.SZ,0.0458356771942864
2016-09-14,X601877.SH,0.0585648269307516
2016-09-19,X300124.SZ,0.0481551194182611
2016-09-20,X002292.SZ,0.0521064215466287
2016-09-21,X300124.SZ,0.0501457920014781
2016-09-22,X002292.SZ,0.0544020867674733
2016-09-23,X002292.SZ,0.0526227187421238
2016-09-26,X000063.SZ,0.0944207469842048
2016-09-27,X300124.SZ,0.0443778147279299
2016-09-28,X000559.SZ,0.0556531486268994
2016-09-29,X000063.SZ,0.0713242653233546
2016-09-30,X600372.SH,0.0451611126285851
2016-10-10,X002292.SZ,0.0453325531672473
2016-10-11,X601877.SH,0.057646650280351
2016-10-12,X601877.SH,0.0579650071348615
2016-10-13,X002465.SZ,0.0639176881292248
2016-10-14,X002465.SZ,0.0802499999999999
2016-10-17,X000063.SZ,0.0508292315206711
2016-10-18,X000559.SZ,0.0555350978517412
2016-10-19,X000063.SZ,0.0482921523684055
2016-10-20,X300124.SZ,0.0507238575555119
2016-10-21,X600372.SH,0.0450257344016573
2016-10-24,X002085.SZ,0.0563298272213094
2016-10-25,X000063.SZ,0.0456505150817214
2016-10-26,X600372.SH,0.0477319565622208
2016-10-27,X600519.SH,0.0487091845274266
2016-10-28,X002304.SZ,0.0435107331674373
2016-10-31,X002292.SZ,0.0451427542303635
2016-11-01,X002292.SZ,0.0537769382143335
2016-11-02,X600118.SH,0.0395562005716115
2016-11-03,X300124.SZ,0.0559817227087114
2016-11-04,X600372.SH,0.0423258942424105
2016-11-07,X000100.SZ,0.09378
2016-11-08,X000100.SZ,0.0617436883580827
2016-11-09,X600118.SH,0.0374005561204898
2016-11-10,X600118.SH,0.0396926878066858
2016-11-11,X000568.SZ,0.0388097719389342
2016-11-14,X000568.SZ,0.0481445465026911
2016-11-15,X000063.SZ,0.0455153260567974
2016-11-16,X600372.SH,0.0390557929835367
2016-11-17,X000869.SZ,0.0348332062547075
2016-11-18,X000869.SZ,0.0419516740466856
2016-11-21,X000869.SZ,0.0412244083951467
2016-11-22,X000623.SZ,0.0387477718007513
2016-11-23,X000063.SZ,0.0443111333876808
2016-11-24,X000063.SZ,0.0460169846615609
2016-11-25,X000858.SZ,0.0450618735344101
2016-11-28,X000858.SZ,0.0467345781831594
2016-11-29,X000858.SZ,0.0422345333563016
2016-11-30,X002304.SZ,0.0461382061915179
2016-12-01,X000559.SZ,0.0558196194629791
2016-12-02,X000559.SZ,0.0414499331258276
2016-12-05,X000858.SZ,0.0421810454542162
2016-12-06,X000858.SZ,0.0439135360128373
2016-12-07,X600372.SH,0.0606253942222265
2016-12-08,X600519.SH,0.044614629668425
2016-12-09,X600372.SH,0.0449352490722758
2016-12-12,X600867.SH,0.0570071113556227
2016-12-13,X000559.SZ,0.0555003564554893
2016-12-14,X000559.SZ,0.0510404089922925
2016-12-15,X000050.SZ,0.102171750977957
2016-12-16,X000559.SZ,0.0622132291014596
2016-12-19,X000100.SZ,0.0484749369443001
2016-12-20,X000100.SZ,0.260875
2016-12-21,X000100.SZ,0.138579103802267
2016-12-22,X000100.SZ,0.165962109868741
2016-12-23,X000559.SZ,0.0505249898839619
2016-12-26,X000559.SZ,0.0582112534002561
2016-12-27,X000559.SZ,0.0600842521534083
2016-12-28,X000559.SZ,0.0645687816484267
2016-12-29,X000725.SZ,0.0451794717965721
2016-12-30,X600867.SH,0.0654858484600173
2017-01-03,X000559.SZ,0.058443299915244
2017-01-04,X000547.SZ,0.349065
2017-01-05,X000547.SZ,0.187735
2017-01-06,X600519.SH,0.0510829157893152
2017-01-09,X600519.SH,0.0422765131795465
2017-01-10,X000559.SZ,0.0526502856604419
2017-01-11,X000559.SZ,0.0430086369672893
2017-01-12,X600867.SH,0.0438413605623212
2017-01-13,X000559.SZ,0.0613703072021349
2017-01-16,X300003.SZ,0.0618248234709429
2017-01-17,X002085.SZ,0.0470118486869704
2017-01-18,X600867.SH,0.0547334303553226
2017-01-19,X600867.SH,0.058236375130563
2017-01-20,X600519.SH,0.0481239951124312
2017-01-23,X600519.SH,0.0498387518687872
2017-01-24,X600519.SH,0.0499048197465076
2017-01-25,X000157.SZ,0.0608049659820192
2017-01-26,X000981.SZ,0.0386272370840395
2017-02-03,X002292.SZ,0.047179455587073
2017-02-06,X600522.SH,0.0490546492249328
2017-02-07,X000063.SZ,0.0738988202826455
2017-02-08,X000568.SZ,0.0468896364734138
2017-02-09,X002292.SZ,0.0441986849753849
2017-02-10,X600519.SH,0.0466149381482318
2017-02-13,X000568.SZ,0.0803557355571681
2017-02-14,X600519.SH,0.0477321608970264
2017-02-15,X000157.SZ,0.0541385371148487
2017-02-16,X600867.SH,0.0594690609321671
2017-02-17,X000157.SZ,0.0474265433879448
2017-02-20,X600118.SH,0.0365264583524563
2017-02-21,X000157.SZ,0.0476074500333645
2017-02-22,X000157.SZ,0.0539070037841621
2017-02-23,X000338.SZ,0.0527585180803034
2017-02-24,X000559.SZ,0.0473356495131797
2017-02-27,X002007.SZ,0.0510071800480278
2017-02-28,X600522.SH,0.0493861439208841
2017-03-01,X000157.SZ,0.0492397905702118
2017-03-02,X000157.SZ,0.0412654704689881
2017-03-03,X002236.SZ,0.0359371948509045
2017-03-06,X600519.SH,0.0395799576952051
2017-03-07,X600519.SH,0.0403024410005973
2017-03-08,X002007.SZ,0.0470923940876331
2017-03-09,X300003.SZ,0.0419466151472063
2017-03-10,X600519.SH,0.0415843103212897
2017-03-13,X300124.SZ,0.048805210077453
2017-03-14,X002241.SZ,0.0379595434207406
2017-03-15,X002074.SZ,0.0396122930171775
2017-03-16,X600519.SH,0.0498133847728258
2017-03-17,X600522.SH,0.0314470677645149
2017-03-20,X600522.SH,0.032722706006531
2017-03-21,X002241.SZ,0.0350166686107135
2017-03-22,X601877.SH,0.0367271424823632
2017-03-23,X000858.SZ,0.0365314330033386
2017-03-24,X000050.SZ,1.077075
2017-03-27,X601877.SH,0.0411038943460759
2017-03-28,X002304.SZ,0.0703659521541025
2017-03-29,X000651.SZ,0.0404056218757897
2017-03-30,X600031.SH,0.0526003451608142
2017-03-31,X000157.SZ,0.0479578555649119
2017-04-05,X002475.SZ,0.032451325873407
2017-04-06,X002426.SZ,0.0711673411231144
2017-04-07,X000981.SZ,0.0566436704492358
2017-04-10,X600519.SH,0.155556793910494
2017-04-11,X000981.SZ,0.0590072852192248
2017-04-12,X000981.SZ,0.0597386464733194
2017-04-13,X000981.SZ,0.0771433124114269
2017-04-14,X000981.SZ,0.0765500967052539
2017-04-17,X000981.SZ,0.0503536021217719
2017-04-18,X000651.SZ,0.0680242741354929
2017-04-19,X000651.SZ,0.0675727627516701
2017-04-20,X600089.SH,0.0447481517362574
2017-04-21,X600703.SH,0.0406156120127047
2017-04-24,X601877.SH,0.0403118545873645
2017-04-25,X000981.SZ,0.0559006408189899
2017-04-26,X000981.SZ,0.0560502587796681
2017-04-27,X000981.SZ,0.307685
2017-04-28,X000981.SZ,0.336205
2017-05-02,X000981.SZ,0.508699999999999
2017-05-03,X000981.SZ,0.407375
2017-05-04,X000981.SZ,0.30478
2017-05-05,X000981.SZ,0.165285
2017-05-08,X002294.SZ,0.0432576677495591
2017-05-09,X600867.SH,0.0361775694088226
2017-05-10,X002007.SZ,0.0432904269834527
2017-05-11,X000858.SZ,0.0428033864122959
2017-05-12,X600809.SH,0.0464323260829259
2017-05-15,X002456.SZ,0.0368567171371592
2017-05-16,X600372.SH,0.0390879307114158
2017-05-17,X601877.SH,0.0474442581609224
2017-05-18,X601877.SH,0.0483628472467912
2017-05-19,X601877.SH,0.0475789580744338
2017-05-22,X601877.SH,0.0456285350026363
2017-05-23,X601877.SH,0.0456496057929554
2017-05-24,X601877.SH,0.0488147859955825
2017-05-25,X000858.SZ,0.0525874169614634
2017-05-26,X601877.SH,0.0428010360619744
2017-05-31,X000725.SZ,0.0494274645456595
2017-06-01,X600487.SH,0.0413182701166128
2017-06-02,X601877.SH,0.0454958418763511
2017-06-05,X000725.SZ,0.052379562171001
2017-06-06,X600372.SH,0.0425513712334649
2017-06-07,X000858.SZ,0.0427749868494004
2017-06-08,X600276.SH,0.0374944303231374
2017-06-09,X600699.SH,0.0367156690727423
2017-06-12,X000858.SZ,0.0549791580814947
2017-06-13,X000858.SZ,0.0557768642412778
2017-06-14,X000858.SZ,0.0597454044550018
2017-06-15,X000568.SZ,0.0518346172450415
2017-06-16,X600703.SH,0.0385022277928356
2017-06-19,X601877.SH,0.041371651791918
2017-06-20,X601877.SH,0.0413385139928448
2017-06-21,X601877.SH,0.0436799418240684
2017-06-22,X600118.SH,0.0472047298510428
2017-06-23,X002074.SZ,0.0537054860518962
2017-06-26,X002074.SZ,0.0527972837398318
2017-06-27,X601877.SH,0.0384614995011428
2017-06-28,X000725.SZ,0.042398346522294
2017-06-29,X000725.SZ,0.0415765650459106
2017-06-30,X601877.SH,0.04461980575619
2017-07-03,X600372.SH,0.0476443828207399
2017-07-04,X000858.SZ,0.0454507334074259
2017-07-05,X000858.SZ,0.0470677596336796
2017-07-06,X000858.SZ,0.0485071631160107
2017-07-07,X000858.SZ,0.0396693005776371
2017-07-10,X000157.SZ,0.0407064774208894
2017-07-11,X000858.SZ,0.0460250200071594
2017-07-12,X000858.SZ,0.0455372764360141
2017-07-13,X000858.SZ,0.0515058275416577
2017-07-14,X000858.SZ,0.0629416827130986
2017-07-17,X000858.SZ,0.0547000242062755
2017-07-18,X000063.SZ,0.0585947423175985
2017-07-19,X000100.SZ,0.209105
2017-07-20,X600522.SH,0.0434129925071522
2017-07-21,X000858.SZ,0.0501716868615719
2017-07-24,X000858.SZ,0.0635383620453407
2017-07-25,X600271.SH,0.0494642397577764
2017-07-26,X000858.SZ,0.050238539523186
2017-07-27,X000100.SZ,0.25624
2017-07-28,X000100.SZ,0.255
2017-07-31,X000100.SZ,0.347415
2017-08-01,X000100.SZ,0.444995
2017-08-02,X600089.SH,0.0417521720930967
2017-08-03,X600118.SH,0.0490082119637581
2017-08-04,X600089.SH,0.0406305408018521
2017-08-07,X000063.SZ,0.0542194491157548
2017-08-08,X000568.SZ,0.0466543907462825
2017-08-09,X600487.SH,0.0499103183802417
2017-08-10,X002415.SZ,0.0442750458730567
2017-08-11,X002415.SZ,0.0478737623306304
2017-08-14,X002415.SZ,0.0454543143926603
2017-08-15,X600487.SH,0.0456764981951721
2017-08-16,X601877.SH,0.0543483209973375
2017-08-17,X600690.SH,0.0491528610377344
2017-08-18,X601877.SH,0.0582378917087394
2017-08-21,X600690.SH,0.0505996158441061
2017-08-22,X002456.SZ,0.0505269977216157
2017-08-23,X600690.SH,0.0458709980217182
2017-08-24,X600690.SH,0.0462883213659696
2017-08-25,X000063.SZ,0.0466440688338769
2017-08-28,X600690.SH,0.0527617432296582
2017-08-29,X600690.SH,0.0449258591749866
2017-08-30,X600118.SH,0.0421615396532024
2017-08-31,X300136.SZ,0.0450853606089371
2017-09-01,X002415.SZ,0.0472241824162784
2017-09-04,X002415.SZ,0.0458887185384182
2017-09-05,X002415.SZ,0.0451195417518075
2017-09-06,X000625.SZ,0.0476884745336118
2017-09-07,X000858.SZ,0.0443167005732164
2017-09-08,X600522.SH,0.0457724869448399
2017-09-11,X600118.SH,0.056840343978739
2017-09-12,X600690.SH,0.0486316065186114
2017-09-13,X000858.SZ,0.0830065410340233
2017-09-14,X600690.SH,0.0509947102207613
2017-09-15,X002179.SZ,0.0466804749094074
2017-09-18,X002241.SZ,0.0579058333205926
2017-09-19,X600372.SH,0.0502143854439464
2017-09-20,X002085.SZ,0.0489739210405703
2017-09-21,X002008.SZ,0.0418782082800542
2017-09-22,X601877.SH,0.0413334802793725
2017-09-25,X002085.SZ,0.0488988610589152
2017-09-26,X002085.SZ,0.0492236458682717
2017-09-27,X600498.SH,0.0431861065477233
2017-09-28,X600498.SH,0.0454518716705392
2017-09-29,X601877.SH,0.0496004053229057
2017-10-09,X000980.SZ,0.0395348450419561
2017-10-10,X000063.SZ,0.0484072155896654
2017-10-11,X601877.SH,0.0506518498691923
2017-10-12,X000063.SZ,0.0543528938221347
2017-10-13,X000063.SZ,0.055592386222395
2017-10-16,X000063.SZ,0.0547222893197717
2017-10-17,X000063.SZ,0.0546800727804004
2017-10-18,X000063.SZ,0.0563148157959851
2017-10-19,X600522.SH,0.038972107188146
2017-10-20,X600487.SH,0.039317000523713
2017-10-23,X600271.SH,0.0429938820364017
2017-10-24,X002415.SZ,0.0421849403839376
2017-10-25,X600271.SH,0.0462564521579548
2017-10-26,X300136.SZ,0.0402035714913147
2017-10-27,X300136.SZ,0.0451391000796974
2017-10-30,X300136.SZ,0.0441358389524037
2017-10-31,X002008.SZ,0.044201439581523
2017-11-01,X002008.SZ,0.0369807502548351
2017-11-02,X600498.SH,0.0451908607423006
2017-11-03,X600271.SH,0.039795937347637
2017-11-06,X300136.SZ,0.0410654610426245
2017-11-07,X000100.SZ,0.0418208286682128
2017-11-08,X601877.SH,0.0510729274958903
2017-11-09,X600809.SH,0.0507663745558612
2017-11-10,X600809.SH,0.0482383991797487
2017-11-13,X600809.SH,0.047895613970593
2017-11-14,X600809.SH,0.0524214754663724
2017-11-15,X600809.SH,0.0469128069494476
2017-11-16,X000568.SZ,0.0523836857271039
2017-11-17,X601877.SH,0.0538848897862012
2017-11-20,X601877.SH,0.0560078672701366
2017-11-21,X601877.SH,0.0556964019616964
2017-11-22,X601877.SH,0.0499265372053907
2017-11-23,X002475.SZ,0.0694769609495518
2017-11-24,X600089.SH,0.0715539299752608
2017-11-27,X000100.SZ,0.0687459878450484
2017-11-28,X600089.SH,0.0814132523189748
2017-11-29,X600089.SH,0.0947648064018289
2017-11-30,X601877.SH,0.0844541516131466
2017-12-01,X002129.SZ,0.425295
2017-12-04,X000100.SZ,0.0706606037081236
2017-12-05,X000100.SZ,0.0676006197931932
2017-12-06,X002415.SZ,0.0706743373945866
2017-12-07,X600867.SH,0.0761467465838727
2017-12-08,X600867.SH,0.0767202033966543
2017-12-11,X600867.SH,0.0772935620314169
2017-12-12,X600089.SH,0.0868429311557622
2017-12-13,X000568.SZ,0.0969072367342194
2017-12-14,X000568.SZ,0.0957809827139159
2017-12-15,X000568.SZ,0.097222339095514
2017-12-18,X000568.SZ,0.0920006522168641
2017-12-19,X000568.SZ,0.0922886348065488
2017-12-20,X000568.SZ,0.0815890873852821
2017-12-21,X000100.SZ,0.0837035065535249
2017-12-22,X000100.SZ,0.0884882565265186
2017-12-25,X002415.SZ,0.073560874818616
2017-12-26,X000100.SZ,0.085402463813625
2017-12-27,X000100.SZ,0.0902213611855681
2017-12-28,X000100.SZ,0.0823366440165707
2017-12-29,X000100.SZ,0.0780664130465297
2018-01-02,X000100.SZ,0.08032788617445
2018-01-03,X000651.SZ,0.0866975995363969
2018-01-04,X000651.SZ,0.0938758581325384
2018-01-05,X000651.SZ,0.0959296782767045
2018-01-08,X000100.SZ,0.080183516578979
2018-01-09,X000100.SZ,0.0812429357756065
2018-01-10,X000651.SZ,0.0793405636055387
2018-01-11,X000651.SZ,0.0931481125449875
2018-01-12,X000651.SZ,0.0905393760353436
2018-01-15,X000858.SZ,0.0908334427402863
2018-01-16,X000858.SZ,0.0824314463977477
2018-01-17,X000100.SZ,0.0648111280385646
2018-01-18,X600703.SH,0.065183839419582
2018-01-19,X000100.SZ,0.072630743167257
2018-01-22,X600177.SH,0.10761101959923
2018-01-23,X600177.SH,0.145783650365585
2018-01-24,X600177.SH,0.145627004142716
2018-01-25,X000568.SZ,0.0674565589167912
2018-01-26,X000100.SZ,0.0880828764096627
2018-01-29,X000858.SZ,0.0720421734033188
2018-01-30,X600703.SH,0.0765683649555842
2018-01-31,X002236.SZ,0.0848350374533436
2018-02-01,X000858.SZ,0.075273003477755
2018-02-02,X000858.SZ,0.0644997781484298
2018-02-05,X000858.SZ,0.0781544261879736
2018-02-06,X000858.SZ,0.0753044286344351
2018-02-07,X600690.SH,0.0782578817815897
2018-02-08,X600089.SH,0.073486550499053
2018-02-09,X002475.SZ,0.0929218254617453
2018-02-12,X000858.SZ,0.0684568980725858
2018-02-13,X000858.SZ,0.069007213879148
2018-02-14,X600690.SH,0.0779371285091624
2018-02-22,X000725.SZ,0.0817385063621369
2018-02-23,X000157.SZ,0.0689354229622989
2018-02-26,X000157.SZ,0.0665278297286415
2018-02-27,X000157.SZ,0.0716583446014334
2018-02-28,X000157.SZ,0.0749045714215069
2018-03-01,X000157.SZ,0.0635961062196123
2018-03-02,X000157.SZ,0.068379011392293
2018-03-05,X002180.SZ,0.0541326673738736
2018-03-06,X600690.SH,0.055238178365931
2018-03-07,X600690.SH,0.0566259301967277
2018-03-08,X000063.SZ,0.0498365016668034
2018-03-09,X600276.SH,0.0621307386414954
2018-03-12,X600690.SH,0.0605481555608113
2018-03-13,X000338.SZ,0.055575660938225
2018-03-14,X000338.SZ,0.0558277347442637
2018-03-15,X300124.SZ,0.063007328087886
2018-03-16,X600276.SH,0.0635396125511587
2018-03-19,X000596.SZ,0.0494864513062579
2018-03-20,X300003.SZ,0.0604645047145867
2018-03-21,X300003.SZ,0.0678633806572379
2018-03-22,X300003.SZ,0.0710096640587074
2018-03-23,X002241.SZ,0.0775834136539073
2018-03-26,X000625.SZ,0.071152511181765
2018-03-27,X000625.SZ,0.0806726666041109
2018-03-28,X000858.SZ,0.0814613593861528
2018-03-29,X000625.SZ,0.0710336648305937
2018-03-30,X000625.SZ,0.0749670398009474
2018-04-02,X000625.SZ,0.0736952511920898
2018-04-03,X000625.SZ,0.0835964509498126
2018-04-04,X000625.SZ,0.0809876756240688
2018-04-09,X000625.SZ,0.0773743734018218
2018-04-10,X600276.SH,0.0814370298315196
2018-04-11,X300003.SZ,0.0612898287135691
2018-04-12,X000625.SZ,0.0809743661562068
2018-04-13,X000625.SZ,0.0863708215077608
2018-04-16,X000625.SZ,0.0717478923878651
2018-04-17,X600089.SH,0.0623906092656486
2018-04-18,X000625.SZ,0.091581013519943
2018-04-19,X000625.SZ,0.0939650348027384
2018-04-20,X002475.SZ,0.0723810421906761
2018-04-23,X600584.SH,0.100314840557591
2018-04-24,X600584.SH,0.097538074803654
2018-04-25,X600089.SH,0.0932713942398391
2018-04-26,X600584.SH,0.0855623664217785
2018-04-27,X600584.SH,0.0891286952860108
2018-05-02,X600519.SH,0.0808102183001008
2018-05-03,X600519.SH,0.0859515134617621
2018-05-04,X300003.SZ,0.0936335937484955
2018-05-07,X300003.SZ,0.0937357234563615
2018-05-08,X600519.SH,0.0843949038230781
2018-05-09,X300003.SZ,0.0911963599737726
2018-05-10,X600519.SH,0.0627483306393061
2018-05-11,X600519.SH,0.0745374598426009
2018-05-14,X000157.SZ,0.0836799875273151
2018-05-15,X600487.SH,0.0651287378840112
2018-05-16,X600487.SH,0.0623893562061043
2018-05-17,X000050.SZ,0.0879553650372206
2018-05-18,X000050.SZ,0.0811310630425374
2018-05-21,X000063.SZ,0.0815262510469047
2018-05-22,X000858.SZ,0.0596992946349754
2018-05-23,X000858.SZ,0.0608731749319894
2018-05-24,X000568.SZ,0.0485524277696737
2018-05-25,X600487.SH,0.0522029595337025
2018-05-28,X600089.SH,0.067910045650078
2018-05-29,X600487.SH,0.0514136511588913
2018-05-30,X300003.SZ,0.0523564407842233
2018-05-31,X000725.SZ,0.0641197627853054
2018-06-01,X300003.SZ,0.072530537352209
2018-06-04,X300003.SZ,0.0682438882700914
2018-06-05,X300003.SZ,0.0738678882370175
2018-06-06,X002304.SZ,0.0694448478828196
2018-06-07,X300003.SZ,0.0666716973215884
2018-06-08,X300003.SZ,0.0690190081324611
2018-06-11,X300003.SZ,0.0645257014492324
2018-06-12,X300003.SZ,0.0645030306636388
2018-06-13,X300003.SZ,0.07298664872101
2018-06-14,X300003.SZ,0.0715101163453623
2018-06-15,X300003.SZ,0.0735275896067888
2018-06-19,X300003.SZ,0.0685862594494789
2018-06-20,X002038.SZ,0.0875542648679111
2018-06-21,X000050.SZ,0.072308389188283
2018-06-22,X600522.SH,0.0710170930276371
2018-06-25,X000050.SZ,0.107766616338079
2018-06-26,X600809.SH,0.0752861212832602
2018-06-27,X300003.SZ,0.0654089446107877
2018-06-28,X300003.SZ,0.0642735997542929
2018-06-29,X300003.SZ,0.0665409383329915
2018-07-02,X000651.SZ,0.0684518539997713
2018-07-03,X600089.SH,0.069384424129912
2018-07-04,X000651.SZ,0.0677142779710823
2018-07-05,X002008.SZ,0.0671388165126166
2018-07-06,X600487.SH,0.0807673866159127
2018-07-09,X300142.SZ,0.0827613626658808
2018-07-10,X600487.SH,0.0934429469300695
2018-07-11,X600487.SH,0.0869602812298951
2018-07-12,X000858.SZ,0.0832227080519829
2018-07-13,X000050.SZ,0.0724949043804648
2018-07-16,X002415.SZ,0.0662168675898831
2018-07-17,X002456.SZ,0.0797143258919665
2018-07-18,X300003.SZ,0.0662108797328724
2018-07-19,X600519.SH,0.0871826157977465
2018-07-20,X600519.SH,0.0847538714979526
2018-07-23,X000858.SZ,0.0726897323483061
2018-07-24,X002241.SZ,0.0751764481087483
2018-07-25,X000858.SZ,0.0737378089797086
2018-07-26,X002241.SZ,0.0911100791476081
2018-07-27,X000725.SZ,0.096289190878732
2018-07-30,X002241.SZ,0.0893923032309949
2018-07-31,X600522.SH,0.0929170382512897
2018-08-01,X600522.SH,0.10718095999247
2018-08-02,X300146.SZ,0.33589
2018-08-03,X600498.SH,0.0747054939333513
2018-08-06,X300146.SZ,0.134792533847909
2018-08-07,X300146.SZ,0.130815963699067
2018-08-08,X600519.SH,0.0653014008284705
2018-08-09,X000858.SZ,0.0712954564901259
2018-08-10,X000050.SZ,0.079122111686795
2018-08-13,X002008.SZ,0.0746272479068271
2018-08-14,X300146.SZ,0.106991790930596
2018-08-15,X300146.SZ,0.105335577743097
2018-08-16,X600519.SH,0.0735884029100858
2018-08-17,X600487.SH,0.0713847225019725
2018-08-20,X600487.SH,0.0893437127666341
2018-08-21,X300146.SZ,0.103807466470263
2018-08-22,X300146.SZ,0.102161723102526
2018-08-23,X300146.SZ,0.104749305631336
2018-08-24,X000869.SZ,0.110419939514538
2018-08-27,X300146.SZ,0.116852663106445
2018-08-28,X300146.SZ,0.121357195896159
2018-08-29,X300146.SZ,0.117247988973262
2018-08-30,X600089.SH,0.0928634266518073
2018-08-31,X300146.SZ,0.0973852304949299
2018-09-03,X600522.SH,0.119756852572092
2018-09-04,X600522.SH,0.104618777771825
2018-09-05,X600522.SH,0.116320373145175
2018-09-06,X600522.SH,0.118799073649377
2018-09-07,X600522.SH,0.118347602872896
2018-09-10,X600522.SH,0.0822706374254464
2018-09-11,X600522.SH,0.0852608384790891
2018-09-12,X600522.SH,0.0851183804563056
2018-09-13,X600522.SH,0.0902862865935518
2018-09-14,X600566.SH,0.0776477980983896
2018-09-17,X600566.SH,0.0675588070169868
2018-09-18,X600566.SH,0.0735895001465294
2018-09-19,X600566.SH,0.0919837349395276
2018-09-20,X600566.SH,0.0850896448241825
2018-09-21,X600566.SH,0.0853743364574045
2018-09-25,X600566.SH,0.0866372066970534
2018-09-26,X600519.SH,0.0661207934480963
2018-09-27,X600066.SH,0.084979185421984
2018-09-28,X600104.SH,0.0714411758910665
2018-10-08,X600519.SH,0.0914245554865522
2018-10-09,X600741.SH,0.0826451195190846
2018-10-10,X000858.SZ,0.0882435929242418
2018-10-11,X000858.SZ,0.114685348115864
2018-10-12,X600519.SH,0.105710809420439
2018-10-15,X600519.SH,0.107833420651691
2018-10-16,X600519.SH,0.10934450078276
2018-10-17,X002294.SZ,0.125910103992285
2018-10-18,X002294.SZ,0.114317090529132
2018-10-19,X000157.SZ,0.118900190712407
2018-10-22,X600519.SH,0.118929971991269
2018-10-23,X600522.SH,0.0908488571065995
2018-10-24,X600519.SH,0.0957608942870028
2018-10-25,X000157.SZ,0.104211308655933
2018-10-26,X000157.SZ,0.111276348105403
2018-10-29,X002241.SZ,0.0889445563765729
2018-10-30,X000157.SZ,0.102881630093023
2018-10-31,X600089.SH,0.101318668505693
2018-11-01,X000157.SZ,0.104560122327499
2018-11-02,X002294.SZ,0.110313665600503
2018-11-05,X000157.SZ,0.106924043818331
2018-11-06,X600089.SH,0.125789312498834
2018-11-07,X600522.SH,0.104898508436523
2018-11-08,X600522.SH,0.104105416996024
2018-11-09,X002241.SZ,0.0977074802874488
2018-11-12,X600522.SH,0.116534164128355
2018-11-13,X002241.SZ,0.105296654440389
2018-11-14,X600522.SH,0.121678968532249
2018-11-15,X600522.SH,0.123771888559818
2018-11-16,X600522.SH,0.104055267086647
2018-11-19,X000157.SZ,0.0966603602807858
2018-11-20,X600276.SH,0.1019332916418
2018-11-21,X600522.SH,0.11246415800885
2018-11-22,X000157.SZ,0.118861965234693
2018-11-23,X002241.SZ,0.0891988974734954
2018-11-26,X002241.SZ,0.117886573315052
2018-11-27,X000157.SZ,0.127020726903213
2018-11-28,X002241.SZ,0.133191914710202
2018-11-29,X600276.SH,0.110555465523349
2018-11-30,X000157.SZ,0.123093908082343
2018-12-03,X600690.SH,0.113502510047184
2018-12-04,X002475.SZ,0.390690270802484
2018-12-05,X600089.SH,0.121665096621998
2018-12-06,X000157.SZ,0.116465688851766
2018-12-07,X000157.SZ,0.124317171479399
2018-12-10,X600089.SH,0.119615007468625
2018-12-11,X000157.SZ,0.119091098898795
2018-12-12,X600089.SH,0.102492272616363
2018-12-13,X600276.SH,0.105069515329613
2018-12-14,X000157.SZ,0.118380925842161
2018-12-17,X002508.SZ,0.110134388209662
2018-12-18,X600276.SH,0.101103309808042
2018-12-19,X000725.SZ,0.109741716191461
2018-12-20,X002508.SZ,0.108100496165913
2018-12-21,X000725.SZ,0.107961530256489
2018-12-24,X000725.SZ,0.0997682608053771
2018-12-25,X000157.SZ,0.10387681143008
2018-12-26,X600522.SH,0.106381051813892
2018-12-27,X600809.SH,0.110900550753283
2018-12-28,X000725.SZ,0.0868936010851866
2019-01-02,X600089.SH,0.09485869474112
2019-01-03,X600183.SH,0.108505186162876
2019-01-04,X600118.SH,0.113632319220693
2019-01-07,X600118.SH,0.10992182533256
2019-01-08,X600276.SH,0.0877275798811231
2019-01-09,X600089.SH,0.0927935466454659
2019-01-10,X000568.SZ,0.0557669802005369
2019-01-11,X002294.SZ,0.0741207162854455
2019-01-14,X002294.SZ,0.0860456938904098
2019-01-15,X600519.SH,0.124054957215794
2019-01-16,X002304.SZ,0.0942119265128514
2019-01-17,X002304.SZ,0.0933357859792247
2019-01-18,X600519.SH,0.0986497702618672
2019-01-21,X600690.SH,0.0857071665672329
2019-01-22,X600183.SH,0.0921308224311461
2019-01-23,X000651.SZ,0.065146976416204
2019-01-24,X000625.SZ,0.0800155001902172
2019-01-25,X600519.SH,0.0893356207944443
2019-01-28,X600089.SH,0.0700715345982254
2019-01-29,X601877.SH,0.0802094498271195
2019-01-30,X600089.SH,0.0714300674843869
2019-01-31,X000157.SZ,0.0636767642260172
2019-02-01,X600487.SH,0.0628990386253254
2019-02-11,X600809.SH,0.060983087173322
2019-02-12,X600809.SH,0.0652229564898026
2019-02-13,X601877.SH,0.0657524294743867
2019-02-14,X601877.SH,0.081288291251146
2019-02-15,X000858.SZ,0.0799825823731857
2019-02-18,X300136.SZ,0.0792910588577778
2019-02-19,X002475.SZ,0.0791187391335449
2019-02-20,X601877.SH,0.0741591545827292
2019-02-21,X600522.SH,0.0756574720413274
2019-02-22,X300136.SZ,0.0781260953181659
2019-02-25,X300136.SZ,0.0846818506136743
2019-02-26,X300136.SZ,0.0817292669108531
2019-02-27,X600487.SH,0.0818368192155856
2019-02-28,X300136.SZ,0.100512500415812
2019-03-01,X300136.SZ,0.0986186438066887
2019-03-04,X300136.SZ,0.089936170158175
2019-03-05,X300136.SZ,0.0858675258342858
2019-03-06,X600498.SH,0.069957283695024
2019-03-07,X000568.SZ,0.0793400293363279
2019-03-08,X000568.SZ,0.0805071725009426
2019-03-11,X600519.SH,0.072043382888058
2019-03-12,X600271.SH,0.0743885742672333
2019-03-13,X600498.SH,0.0721592585877132
2019-03-14,X000651.SZ,0.0739582460342024
2019-03-15,X000651.SZ,0.0672362042468287
2019-03-18,X000858.SZ,0.0667962504921124
2019-03-19,X000568.SZ,0.0700144614118537
2019-03-20,X002304.SZ,0.0641577453346074
2019-03-21,X002304.SZ,0.0684920592324462
2019-03-22,X000725.SZ,0.0755888193285071
2019-03-25,X002236.SZ,0.0688502538963513
2019-03-26,X600809.SH,0.0757895780937478
2019-03-27,X002179.SZ,0.0813240806405847
2019-03-28,X600809.SH,0.0824212935303925
2019-03-29,X000858.SZ,0.0795625986318121
2019-04-01,X600276.SH,0.0733553328493576
2019-04-02,X300003.SZ,0.0667882511234685
2019-04-03,X000625.SZ,0.070982811767682
2019-04-04,X002241.SZ,0.107525247007203
2019-04-08,X002236.SZ,0.075973767911231
2019-04-09,X002241.SZ,0.0883240873018135
2019-04-10,X002241.SZ,0.0758897921358858
2019-04-11,X300003.SZ,0.0771639928870593
2019-04-12,X300003.SZ,0.0931002965684255
2019-04-15,X002236.SZ,0.0791003385861056
2019-04-16,X002236.SZ,0.0858313856169689
2019-04-17,X002241.SZ,0.0869280734142759
2019-04-18,X002236.SZ,0.0905977098371267
2019-04-19,X002241.SZ,0.0906006380150647
2019-04-22,X002241.SZ,0.0826883448625362
2019-04-23,X002241.SZ,0.086555087153859
2019-04-24,X002241.SZ,0.0851663624449799
2019-04-25,X002241.SZ,0.0794719763875144
2019-04-26,X600487.SH,0.080712642505798
2019-04-29,X600498.SH,0.0783130596957682
2019-04-30,X002236.SZ,0.0786398871362532
2019-05-06,X600498.SH,0.128751515261701
2019-05-07,X002236.SZ,0.134743356665108
2019-05-08,X600522.SH,0.148379239186981
2019-05-09,X600522.SH,0.148101720391111
2019-05-10,X600522.SH,0.144899368803657
2019-05-13,X600498.SH,0.157122062806987
2019-05-14,X600498.SH,0.1428059606465
2019-05-15,X600183.SH,0.135023161353338
2019-05-16,X600498.SH,0.142601030840826
2019-05-17,X600498.SH,0.158489830812552
2019-05-20,X600522.SH,0.143353307426527
2019-05-21,X600522.SH,0.143828903059761
2019-05-22,X002475.SZ,0.144167764261929
2019-05-23,X600498.SH,0.147581034822194
2019-05-24,X600498.SH,0.143264523834212
2019-05-27,X600498.SH,0.15640092886839
2019-05-28,X600498.SH,0.152382142496657
2019-05-29,X600522.SH,0.158554283639671
2019-05-30,X600522.SH,0.14288514615133
2019-05-31,X600498.SH,0.139957617002455
2019-06-03,X600498.SH,0.147692494829367
2019-06-04,X002008.SZ,0.146874118832915
2019-06-05,X300003.SZ,0.16281875415956
2019-06-06,X600522.SH,0.141455792251761
2019-06-10,X600522.SH,0.148395181988424
2019-06-11,X600522.SH,0.166831097844697
2019-06-12,X600522.SH,0.144363207603481
2019-06-13,X600522.SH,0.135937066207835
2019-06-14,X600522.SH,0.141008400412056
2019-06-17,X600522.SH,0.150453593038977
2019-06-18,X600522.SH,0.141635559235854
2019-06-19,X600522.SH,0.14392047080234
2019-06-20,X600522.SH,0.161078130851859
2019-06-21,X600522.SH,0.148161047835882
2019-06-24,X600522.SH,0.156108036830649
2019-06-25,X600522.SH,0.147002613002754
2019-06-26,X600522.SH,0.143990557996996
2019-06-27,X600522.SH,0.152689422245548
2019-06-28,X000100.SZ,0.146580229977201
2019-07-01,X600522.SH,0.161003878107398
2019-07-02,X600522.SH,0.14556300198807
2019-07-03,X600522.SH,0.1366669311328
2019-07-04,X600522.SH,0.119047307603058
2019-07-05,X600522.SH,0.129816861734031
2019-07-08,X600522.SH,0.141126122287872
2019-07-09,X600522.SH,0.136313257119915
2019-07-10,X600522.SH,0.133296252005671
2019-07-11,X600522.SH,0.141870763827862
2019-07-12,X600522.SH,0.131643463888252
2019-07-15,X600522.SH,0.146909210847611
2019-07-16,X600522.SH,0.136445266143673
2019-07-17,X600522.SH,0.143068748907008
2019-07-18,X600522.SH,0.152709920508263
2019-07-19,X600522.SH,0.142372692385398
2019-07-22,X600522.SH,0.146640110675398
2019-07-23,X600522.SH,0.151801602346728
2019-07-24,X600522.SH,0.160754350036828
2019-07-25,X600522.SH,0.134047308328977
2019-07-26,X600031.SH,0.104968127392078
2019-07-29,X600498.SH,0.100063384163744
2019-07-30,X600522.SH,0.152572487749081
2019-07-31,X300003.SZ,0.106299037310823
2019-08-01,X600522.SH,0.137717649794327
2019-08-02,X600690.SH,0.107235422229791
2019-08-05,X300124.SZ,0.063862746644139
2019-08-06,X300124.SZ,0.0585372520099764
2019-08-07,X300014.SZ,0.0698145301762167
2019-08-08,X300136.SZ,0.0710884362995362
2019-08-09,X600690.SH,0.0587167499558164
2019-08-12,X000066.SZ,0.0593445687515823
2019-08-13,X300014.SZ,0.0631606854586028
2019-08-14,X300014.SZ,0.0647267770323816
2019-08-15,X000050.SZ,0.0541658286870841
2019-08-16,X000050.SZ,0.0600398140895648
2019-08-19,X000050.SZ,0.0617372742123381
2019-08-20,X002236.SZ,0.0596221495212027
2019-08-21,X000050.SZ,0.0636168763408821
2019-08-22,X000050.SZ,0.0586113444482589
2019-08-23,X002236.SZ,0.0621572365670815
2019-08-26,X002236.SZ,0.0608599017650116
2019-08-27,X002236.SZ,0.0554991355029491
2019-08-28,X003816.SZ,0.407745
2019-08-29,X003816.SZ,0.11595
2019-08-30,X003816.SZ,0.092795
2019-09-02,X003816.SZ,0.26992
2019-09-03,X003816.SZ,0.177848162748758
2019-09-04,X003816.SZ,0.0932646053484477
2019-09-05,X003816.SZ,0.0944000073909206
2019-09-06,X003816.SZ,0.0946581964398447
2019-09-09,X003816.SZ,0.0923963468665916
2019-09-10,X003816.SZ,0.0656368295054348
2019-09-11,X002415.SZ,0.0552930055966843
2019-09-12,X600183.SH,0.0549063141180545
2019-09-16,X002415.SZ,0.0556126767485499
2019-09-17,X600183.SH,0.0528040082299602
2019-09-18,X000063.SZ,0.0620416806400097
2019-09-19,X000725.SZ,0.05208173704989
2019-09-20,X000100.SZ,0.0627890090529042
2019-09-23,X002049.SZ,0.0642865635495601
2019-09-24,X600183.SH,0.0862107430267228
2019-09-25,X600183.SH,0.0777559412069736
2019-09-26,X600690.SH,0.0554511048351634
2019-09-27,X300142.SZ,0.0551629236318149
2019-09-30,X002456.SZ,0.0621083453510442
2019-10-08,X002415.SZ,0.0620417347584553
2019-10-09,X002415.SZ,0.0650764825799766
2019-10-10,X600690.SH,0.0566089627199768
2019-10-11,X002049.SZ,0.0653347874916615
2019-10-14,X000858.SZ,0.0535064131313121
2019-10-15,X000063.SZ,0.0602438982276313
2019-10-16,X000063.SZ,0.0757273746243123
2019-10-17,X002049.SZ,0.0622299624573429
2019-10-18,X000858.SZ,0.0708126060610456
2019-10-21,X000858.SZ,0.0731445636659167
2019-10-22,X000858.SZ,0.0726119080408221
2019-10-23,X002179.SZ,0.0520684555587427
2019-10-24,X000858.SZ,0.0524537434651333
2019-10-25,X002049.SZ,0.0727743634208677
2019-10-28,X000858.SZ,0.0751342713099431
2019-10-29,X600809.SH,0.0679966007539883
2019-10-30,X002180.SZ,0.0639105408898511
2019-10-31,X600031.SH,0.0571857276299335
2019-11-01,X000725.SZ,0.05312048322101
2019-11-04,X600584.SH,0.0566058192153736
2019-11-05,X002456.SZ,0.0732059126438376
2019-11-06,X002456.SZ,0.0681451206287806
2019-11-07,X000858.SZ,0.0597276411401328
2019-11-08,X000858.SZ,0.0622371269550087
2019-11-11,X000725.SZ,0.0695322845504723
2019-11-12,X000858.SZ,0.059383102113099
2019-11-13,X000858.SZ,0.0677360728570566
2019-11-14,X000858.SZ,0.0726965560277236
2019-11-15,X000858.SZ,0.0677864950010885
2019-11-18,X000858.SZ,0.0658622288672164
2019-11-19,X000858.SZ,0.0635967282936662
2019-11-20,X000858.SZ,0.0665858398123274
2019-11-21,X000858.SZ,0.0688460207835911
2019-11-22,X000858.SZ,0.0831898165052268
2019-11-25,X000858.SZ,0.0726241875921684
2019-11-26,X000858.SZ,0.0858275067967949
2019-11-27,X600276.SH,0.0835755275599095
2019-11-28,X000858.SZ,0.0677211747118566
2019-11-29,X000858.SZ,0.0851440704917377
2019-12-02,X000858.SZ,0.0771826255485685
2019-12-03,X000858.SZ,0.0699259199499839
2019-12-04,X000858.SZ,0.0724971222564995
2019-12-05,X000858.SZ,0.0744888035972105
2019-12-06,X000858.SZ,0.0758666968520435
2019-12-09,X000858.SZ,0.0679326708811682
2019-12-10,X000858.SZ,0.0671580682977445
2019-12-11,X000858.SZ,0.0704618550661956
2019-12-12,X000858.SZ,0.0726251602163867
2019-12-13,X000858.SZ,0.0670043753136257
2019-12-16,X002008.SZ,0.070962285038459
2019-12-17,X600487.SH,0.0587115263931521
2019-12-18,X600487.SH,0.0596005216788616
2019-12-19,X002241.SZ,0.0645059199543933
2019-12-20,X000050.SZ,0.059907726892791
2019-12-23,X000100.SZ,0.0608498642885167
2019-12-24,X000100.SZ,0.057531107263593
2019-12-25,X000100.SZ,0.0603705352420051
2019-12-26,X000066.SZ,0.0779029482064802
2019-12-27,X300142.SZ,0.0615941676861109
2019-12-30,X000050.SZ,0.064982753403583
2019-12-31,X000858.SZ,0.0538269982703442
2020-01-02,X000050.SZ,0.0655385613661782
2020-01-03,X002129.SZ,0.0632541489324595
2020-01-06,X000858.SZ,0.0628337191905579
2020-01-07,X000858.SZ,0.0646363044714246
2020-01-08,X000858.SZ,0.0639774764609516
2020-01-09,X300014.SZ,0.0849100318708765
2020-01-10,X300014.SZ,0.0761842778488427
2020-01-13,X000858.SZ,0.0638278146872836
2020-01-14,X600487.SH,0.0699626885386194
2020-01-15,X000977.SZ,0.0609243654556271
2020-01-16,X000725.SZ,0.057403399381974
2020-01-17,X600584.SH,0.0656629856011966
2020-01-20,X000858.SZ,0.0608199343418602
2020-01-21,X600276.SH,0.0537235543381409
2020-01-22,X000157.SZ,0.0517139865480471
2020-01-23,X002236.SZ,0.0789248986892999
2020-02-03,X000858.SZ,0.153839062090711
2020-02-04,X600177.SH,0.13681753206668
2020-02-05,X600177.SH,0.138202520982415
2020-02-06,X000858.SZ,0.143317053622697
2020-02-07,X600699.SH,0.137101806037418
2020-02-10,X600699.SH,0.136652702250101
2020-02-11,X000858.SZ,0.12240389696766
2020-02-12,X000725.SZ,0.12677477709537
2020-02-13,X300124.SZ,0.123894519264627
2020-02-14,X600703.SH,0.144664653961616
2020-02-17,X002304.SZ,0.126739884433691
2020-02-18,X600031.SH,0.132907892256552
2020-02-19,X600031.SH,0.138305576605435
2020-02-20,X000157.SZ,0.136958451901212
2020-02-21,X000858.SZ,0.14176386095733
2020-02-24,X600271.SH,0.144442010853433
2020-02-25,X600703.SH,0.138659080515456
2020-02-26,X600031.SH,0.135706730600915
2020-02-27,X000651.SZ,0.141717551990562
2020-02-28,X002371.SZ,0.179282680140052
2020-03-02,X000651.SZ,0.176288912313606
2020-03-03,X002415.SZ,0.160628672973348
2020-03-04,X002415.SZ,0.16280207275903
2020-03-05,X002415.SZ,0.144335142749621
2020-03-06,X002415.SZ,0.153583741100461
2020-03-09,X300124.SZ,0.15108378869996
2020-03-10,X002008.SZ,0.161253730577584
2020-03-11,X002415.SZ,0.136021487129811
2020-03-12,X002008.SZ,0.157562036168486
2020-03-13,X000858.SZ,0.164558160344255
2020-03-16,X000157.SZ,0.158590225813944
2020-03-17,X000858.SZ,0.166776515461504
2020-03-18,X000725.SZ,0.170307258246839
2020-03-19,X000157.SZ,0.16614461325111
2020-03-20,X000157.SZ,0.168781457084898
2020-03-23,X000157.SZ,0.161919616014819
2020-03-24,X000157.SZ,0.176253311761335
2020-03-25,X000157.SZ,0.173777467988109
2020-03-26,X600177.SH,0.15429775199647
2020-03-27,X600177.SH,0.158314303133046
2020-03-30,X002415.SZ,0.174345888918353
2020-03-31,X000725.SZ,0.159726228887946
2020-04-01,X002008.SZ,0.228670594560063
2020-04-02,X300136.SZ,0.185835654801144
2020-04-03,X300136.SZ,0.192755977602961
2020-04-07,X600118.SH,0.256711824280419
2020-04-08,X600584.SH,0.17913242260565
2020-04-09,X600031.SH,0.16463806966861
2020-04-10,X600031.SH,0.155662291137209
2020-04-13,X002415.SZ,0.156438069063611
2020-04-14,X002415.SZ,0.152563776367184
2020-04-15,X600177.SH,0.153976273565363
2020-04-16,X002415.SZ,0.148724870248428
2020-04-17,X000338.SZ,0.155155535551434
2020-04-20,X000100.SZ,0.152257012204508
2020-04-21,X002415.SZ,0.157078022547704
2020-04-22,X002304.SZ,0.148094267387022
2020-04-23,X000338.SZ,0.159915269126795
2020-04-24,X600031.SH,0.154725987419731
2020-04-27,X000338.SZ,0.157082749925434
2020-04-28,X000338.SZ,0.171670804133356
2020-04-29,X000338.SZ,0.161868137125029
2020-04-30,X600177.SH,0.161018150292171
2020-05-06,X600741.SH,0.119821177168728
2020-05-07,X000100.SZ,0.139875362839391
2020-05-08,X002463.SZ,0.128945013623753
2020-05-11,X600183.SH,0.138003334172252
2020-05-12,X600183.SH,0.158522265796365
2020-05-13,X002463.SZ,0.142203580464195
2020-05-14,X002463.SZ,0.142125145197328
2020-05-15,X600183.SH,0.122830941637401
2020-05-18,X600584.SH,0.128797486024058
2020-05-19,X600584.SH,0.150565282484586
2020-05-20,X600584.SH,0.135361673445012
2020-05-21,X000100.SZ,0.113804824920978
2020-05-22,X002456.SZ,0.129139981723134
2020-05-25,X000100.SZ,0.134417697784388
2020-05-26,X000100.SZ,0.132541420636807
2020-05-27,X000100.SZ,0.120861346136118
2020-05-28,X600703.SH,0.115068888601231
2020-05-29,X002049.SZ,0.113554484342347
2020-06-01,X300136.SZ,0.113673159568698
2020-06-02,X300136.SZ,0.12526534750792
2020-06-03,X002415.SZ,0.0966523592502073
2020-06-04,X300136.SZ,0.137781564057943
2020-06-05,X300136.SZ,0.140545420416459
2020-06-08,X002008.SZ,0.112425547982201
2020-06-09,X300136.SZ,0.128634621194608
2020-06-10,X002456.SZ,0.13705028454612
2020-06-11,X002456.SZ,0.142818064035347
2020-06-12,X600183.SH,0.140269654419457
2020-06-15,X600183.SH,0.143769339025731
2020-06-16,X002371.SZ,0.0984140848686389
2020-06-17,X002008.SZ,0.0933754009471447
2020-06-18,X002008.SZ,0.102225756367983
2020-06-19,X002463.SZ,0.114769698469494
2020-06-22,X002463.SZ,0.122812778340713
2020-06-23,X002463.SZ,0.0996477675663128
2020-06-24,X002456.SZ,0.0880827112265804
2020-06-29,X002185.SZ,0.110343482781597
2020-06-30,X002463.SZ,0.105751666357533
2020-07-01,X002463.SZ,0.110307604001153
2020-07-02,X600703.SH,0.0765502616145151
2020-07-03,X002463.SZ,0.0955273641994536
2020-07-06,X002463.SZ,0.0892770019138603
2020-07-07,X000596.SZ,0.190182976955249
2020-07-08,X002463.SZ,0.0797708818399476
2020-07-09,X002185.SZ,0.0751927227870377
2020-07-10,X002185.SZ,0.0715017071248503
2020-07-13,X002008.SZ,0.0706350293878106
2020-07-14,X002475.SZ,0.101216663909554
2020-07-15,X002456.SZ,0.0799151998427222
2020-07-16,X600519.SH,0.091983997443646
2020-07-17,X000725.SZ,0.0985734174072553
2020-07-20,X600519.SH,0.109275035478183
2020-07-21,X002179.SZ,0.0935721269493823
2020-07-22,X002475.SZ,0.123526655564371
2020-07-23,X000066.SZ,0.0964069112447333
2020-07-24,X002241.SZ,0.10499306453858
2020-07-27,X000596.SZ,0.107145452449315
2020-07-28,X002241.SZ,0.10297012661322
2020-07-29,X600519.SH,0.113558106439867
2020-07-30,X002241.SZ,0.124569991246643
2020-07-31,X600519.SH,0.131449908940879
2020-08-03,X600519.SH,0.127233304543451
2020-08-04,X000725.SZ,0.122720095395923
2020-08-05,X600519.SH,0.113789067373032
2020-08-06,X000858.SZ,0.128203361991517
2020-08-07,X000858.SZ,0.138495363697517
2020-08-10,X600519.SH,0.146209794377795
2020-08-11,X600519.SH,0.142489881861497
2020-08-12,X600519.SH,0.143529057544678
2020-08-13,X600519.SH,0.13991068949405
2020-08-14,X600519.SH,0.145641591753382
2020-08-17,X000338.SZ,0.132546469306573
2020-08-18,X600519.SH,0.119658181478542
2020-08-19,X002475.SZ,0.157789128957202
2020-08-20,X600741.SH,0.130430540333088
2020-08-21,X002475.SZ,0.133789904365405
2020-08-24,X600519.SH,0.143069027901388
2020-08-25,X600519.SH,0.122647655292972
2020-08-26,X600519.SH,0.163753762859681
2020-08-27,X600519.SH,0.169072806303297
2020-08-28,X600519.SH,0.161691324034828
2020-08-31,X600519.SH,0.157250766513263
2020-09-01,X600519.SH,0.115504110103578
2020-09-02,X002241.SZ,0.123406991267888
2020-09-03,X601877.SH,0.127228660815207
2020-09-04,X002241.SZ,0.122848597000924
2020-09-07,X600519.SH,0.144184562957205
2020-09-08,X600519.SH,0.134907310142603
2020-09-09,X600519.SH,0.129740893233643
2020-09-10,X600519.SH,0.142369161947129
2020-09-11,X600519.SH,0.150826831693125
2020-09-14,X600519.SH,0.136487813288011
2020-09-15,X600519.SH,0.134864868702361
2020-09-16,X600519.SH,0.143178835494635
2020-09-17,X600519.SH,0.0983987404084322
2020-09-18,X600519.SH,0.102326611905419
2020-09-21,X000100.SZ,0.106789235817924
2020-09-22,X000100.SZ,0.109772224398349
2020-09-23,X000100.SZ,0.109314700872857
2020-09-24,X000100.SZ,0.128125208550454
2020-09-25,X000100.SZ,0.110631813099148
2020-09-28,X000100.SZ,0.125387011124548
2020-09-29,X002475.SZ,0.135799980505058
2020-09-30,X600519.SH,0.120479895456822
2020-10-09,X000100.SZ,0.107985104201906
2020-10-12,X600519.SH,0.113406816173996
2020-10-13,X600519.SH,0.0842781161299328
2020-10-14,X002185.SZ,0.0884510201459111
2020-10-15,X600690.SH,0.118990412537385
2020-10-16,X600690.SH,0.120441988687775
2020-10-19,X600690.SH,0.142588701029903
2020-10-20,X600690.SH,0.126774774843045
2020-10-21,X000100.SZ,0.0829677813851601
2020-10-22,X000157.SZ,0.085267420438875
2020-10-23,X002008.SZ,0.102265092286833
2020-10-26,X002008.SZ,0.0957935329517085
2020-10-27,X002008.SZ,0.0821605876972807
2020-10-28,X000100.SZ,0.0894975063714306
2020-10-29,X002241.SZ,0.0652785993312801
2020-10-30,X000100.SZ,0.0670773315631164
2020-11-02,X002185.SZ,0.0603238439041307
2020-11-03,X000100.SZ,0.0814796939527121
2020-11-04,X000100.SZ,0.0819563395515835
2020-11-05,X600276.SH,0.0701155273354599
2020-11-06,X600276.SH,0.0701076127822082
2020-11-09,X000568.SZ,0.0622885898143047
2020-11-10,X600276.SH,0.0653614101788198
2020-11-11,X002371.SZ,0.0598431599141572
2020-11-12,X300014.SZ,0.0567686934794226
2020-11-13,X000157.SZ,0.0561531303770967
2020-11-16,X000100.SZ,0.0683812044824565
2020-11-17,X000100.SZ,0.0903954022724863
2020-11-18,X000100.SZ,0.0869490974630134
2020-11-19,X000100.SZ,0.0882543051329854
2020-11-20,X000100.SZ,0.0837614260020776
2020-11-23,X600104.SH,0.0807902660530838
2020-11-24,X000100.SZ,0.0781441501690517
2020-11-25,X000100.SZ,0.074893272462862
2020-11-26,X000100.SZ,0.0715617965857584
2020-11-27,X000100.SZ,0.0814737771081632
2020-11-30,X000100.SZ,0.0794671063234121
2020-12-01,X600741.SH,0.0948240578478194
2020-12-02,X600741.SH,0.0945879048679242
2020-12-03,X600741.SH,0.0794979398259678
2020-12-04,X600741.SH,0.0988754405234783
2020-12-07,X601799.SH,0.0657692102162588
2020-12-08,X600741.SH,0.0643733965401441
2020-12-09,X601877.SH,0.0738751180604619
2020-12-10,X601877.SH,0.0723565231465258
2020-12-11,X600183.SH,0.0676951106921491
2020-12-14,X002456.SZ,0.0648867184696739
2020-12-15,X600809.SH,0.0596279092207802
2020-12-16,X600741.SH,0.0588358223633049
2020-12-17,X002236.SZ,0.0606389111240774
2020-12-18,X002236.SZ,0.0712631139388795
2020-12-21,X002236.SZ,0.0711324628764204
2020-12-22,X002371.SZ,0.066625820947035
2020-12-23,X601877.SH,0.0671221822664965
2020-12-24,X000800.SZ,0.0596033550134163
2020-12-25,X300124.SZ,0.0586177946045874
2020-12-28,X003816.SZ,0.0669567873035059
2020-12-29,X000977.SZ,0.0697250061466978
2020-12-30,X003816.SZ,0.0687327812323322
2020-12-31,X000977.SZ,0.0696106829789768
2021-01-04,X000977.SZ,0.0717896190306736
2021-01-05,X003816.SZ,0.0779662964834994
2021-01-06,X003816.SZ,0.0689401481094305
2021-01-07,X601799.SH,0.0707021349795359
2021-01-08,X003816.SZ,0.0726771394814495
2021-01-11,X601799.SH,0.069077448641862
2021-01-12,X003816.SZ,0.0777815081267061
2021-01-13,X000596.SZ,0.0718451824400843
2021-01-14,X003816.SZ,0.0771016605961808
2021-01-15,X000547.SZ,0.0748811795602044
2021-01-18,X000547.SZ,0.0827786550125593
2021-01-19,X000547.SZ,0.0886058197581285
2021-01-20,X600741.SH,0.0792463382252781
2021-01-21,X600741.SH,0.0829657146299134
2021-01-22,X003816.SZ,0.0865636047097678
2021-01-25,X000858.SZ,0.0805929374134687
2021-01-26,X000800.SZ,0.0996472304402782
2021-01-27,X002074.SZ,0.0931427655027388
2021-01-28,X003816.SZ,0.0879270736864232
2021-01-29,X002415.SZ,0.0936753484004921
2021-02-01,X002415.SZ,0.0924682038487114
2021-02-02,X002415.SZ,0.0838884144574871
2021-02-03,X000725.SZ,0.0825561884122276
2021-02-04,X000625.SZ,0.111660484799675
2021-02-05,X000661.SZ,0.0832709085221413
2021-02-08,X000661.SZ,0.0894406979657537
2021-02-09,X600031.SH,0.0914067077132531
2021-02-10,X000661.SZ,0.0983241147992986
2021-02-18,X600031.SH,0.117902441120437
2021-02-19,X002008.SZ,0.103960468164004
2021-02-22,X600690.SH,0.0988647747871081
2021-02-23,X002129.SZ,0.0884891882009153
2021-02-24,X000661.SZ,0.12030679984676
2021-02-25,X600690.SH,0.0922233403113617
2021-02-26,X002008.SZ,0.111926141262546
2021-03-01,X600118.SH,0.0968998753360094
2021-03-02,X600690.SH,0.124302581686035
2021-03-03,X000725.SZ,0.0911293479030577
2021-03-04,X000725.SZ,0.0911392120808959
2021-03-05,X000725.SZ,0.0867996581212119
2021-03-08,X300146.SZ,0.0818756576470248
2021-03-09,X000661.SZ,0.0897219445488061
2021-03-10,X000338.SZ,0.0864790444101524
2021-03-11,X002414.SZ,0.0853015402255072
2021-03-12,X000338.SZ,0.0904481643205205
2021-03-15,X000661.SZ,0.0955091732068826
2021-03-16,X000338.SZ,0.0973848798939007
2021-03-17,X300014.SZ,0.0956151662118267
2021-03-18,X000661.SZ,0.101406451653318
2021-03-19,X300014.SZ,0.115209790546457
2021-03-22,X000858.SZ,0.104896191195887
2021-03-23,X000858.SZ,0.113292741686795
2021-03-24,X000858.SZ,0.101617537019728
2021-03-25,X000858.SZ,0.122864337957611
2021-03-26,X000858.SZ,0.0894046531064372
2021-03-29,X000858.SZ,0.0994563788603534
2021-03-30,X000725.SZ,0.098636952849774
2021-03-31,X601799.SH,0.0979359608583503
2021-04-01,X600519.SH,0.0949035267218614
2021-04-02,X000725.SZ,0.100279531173315
2021-04-06,X002241.SZ,0.103661533012537
2021-04-07,X000725.SZ,0.0891318846018306
2021-04-08,X300003.SZ,0.180824353528632
2021-04-09,X000858.SZ,0.089546242401109
2021-04-12,X000725.SZ,0.100608097190128
2021-04-13,X000725.SZ,0.102803735104354
2021-04-14,X600118.SH,0.0842477471209452
2021-04-15,X000725.SZ,0.0877035990046568
2021-04-16,X000725.SZ,0.099783264141729
2021-04-19,X002049.SZ,0.102803335858274
2021-04-20,X600809.SH,0.114477671264278
2021-04-21,X600702.SH,0.431582386584763
2021-04-22,X600703.SH,0.109838753823639
2021-04-23,X600702.SH,0.458916399560871
2021-04-26,X600702.SH,0.217289973490872
2021-04-27,X002241.SZ,0.0879126470822014
2021-04-28,X600702.SH,0.216491778870004
2021-04-29,X600702.SH,0.216418791838304
2021-04-30,X600702.SH,0.211993124177336
2021-05-06,X600702.SH,0.33909
2021-05-07,X300146.SZ,0.0894728961579227
2021-05-10,X000858.SZ,0.0845210566592773
2021-05-11,X000858.SZ,0.0922284741578782
2021-05-12,X000858.SZ,0.0954928983622638
2021-05-13,X600702.SH,0.396856573840226
2021-05-14,X600702.SH,0.36693652411534
2021-05-17,X600702.SH,0.336326759932281
2021-05-18,X600702.SH,0.305964433594357
2021-05-19,X600702.SH,0.275477592763072
2021-05-20,X600702.SH,0.245210929674042
2021-05-21,X600702.SH,0.214992870993623
2021-05-24,X600702.SH,0.184780974569955
2021-05-25,X600702.SH,0.175524639048515
2021-05-26,X600702.SH,0.176328619497197
2021-05-27,X600702.SH,0.17501405037088
2021-05-28,X600702.SH,0.174717557913675
2021-05-31,X002415.SZ,0.120682118236081
2021-06-01,X300124.SZ,0.0877116465212987
2021-06-02,X600702.SH,0.177733825580076
2021-06-03,X002007.SZ,0.0900299835141169
2021-06-04,X600519.SH,0.0914139781771421
2021-06-07,X600809.SH,0.0986533429435985
2021-06-08,X002415.SZ,0.110834421207446
2021-06-09,X002007.SZ,0.0832547465855837
2021-06-10,X300124.SZ,0.0866011625828875
2021-06-11,X000063.SZ,0.0755257399570856
2021-06-15,X000799.SZ,0.0860883347067494
2021-06-16,X000799.SZ,0.0748541843310293
2021-06-17,X002074.SZ,0.0701744884310854
2021-06-18,X002007.SZ,0.093995868882123
2021-06-21,X002007.SZ,0.0917859444025848
2021-06-22,X300146.SZ,0.0710504508837602
2021-06-23,X002007.SZ,0.070294572254766
2021-06-24,X002414.SZ,0.057345794961102
2021-06-25,X000568.SZ,0.0654708982813047
2021-06-28,X002007.SZ,0.076310959717009
2021-06-29,X000725.SZ,0.0617145875459619
2021-06-30,X300142.SZ,0.0705079571152175
2021-07-01,X000725.SZ,0.0665222551013355
2021-07-02,X600519.SH,0.067314706587918
2021-07-05,X300124.SZ,0.0624028941896205
2021-07-06,X300124.SZ,0.0755767336155742
2021-07-07,X002049.SZ,0.080357172143223
2021-07-08,X600703.SH,0.0774880295918678
2021-07-09,X300124.SZ,0.0719829703357357
2021-07-12,X600884.SH,0.068900722693367
2021-07-13,X600031.SH,0.0575655305090774
2021-07-14,X002179.SZ,0.0590801176204229
2021-07-15,X002414.SZ,0.0619682310204721
2021-07-16,X002049.SZ,0.0622630957490497
2021-07-19,X000858.SZ,0.0699248304204898
2021-07-20,X002049.SZ,0.077115882781546
2021-07-21,X002304.SZ,0.0803481184790052
2021-07-22,X002049.SZ,0.069826132598486
2021-07-23,X000858.SZ,0.0629099125119267
2021-07-26,X300142.SZ,0.0631782681067704
2021-07-27,X600031.SH,0.070699760765615
2021-07-28,X002074.SZ,0.0864961055954014
2021-07-29,X002074.SZ,0.0939598332245818
2021-07-30,X600519.SH,0.0832575644646874
2021-08-02,X600519.SH,0.0804452115330261
2021-08-03,X002074.SZ,0.0840326853614179
2021-08-04,X600779.SH,0.0995552544454735
2021-08-05,X600519.SH,0.0799590774998507
2021-08-06,X600519.SH,0.0840502034152302
2021-08-09,X600519.SH,0.0834619937770803
2021-08-10,X600519.SH,0.0831131875603352
2021-08-11,X002179.SZ,0.083835588490734
2021-08-12,X600519.SH,0.0876571156029521
2021-08-13,X600519.SH,0.090163616584571
2021-08-16,X300003.SZ,0.0909433967397217
2021-08-17,X600519.SH,0.0836326580194581
2021-08-18,X600519.SH,0.0755404857379087
2021-08-19,X600519.SH,0.0756024842601599
2021-08-20,X002415.SZ,0.0750826891686843
2021-08-23,X002049.SZ,0.073081477999507
2021-08-24,X600519.SH,0.0811449652159824
2021-08-25,X600519.SH,0.0805699898168073
2021-08-26,X600519.SH,0.0876644966411555
2021-08-27,X600519.SH,0.0854490259297627
2021-08-30,X300014.SZ,0.0873567994697216
2021-08-31,X600519.SH,0.0828119455069141
2021-09-01,X600519.SH,0.0938826079264638
2021-09-02,X600519.SH,0.0819974663564453
2021-09-03,X000733.SZ,0.0924328783973246
2021-09-06,X000733.SZ,0.0733759577415131
2021-09-07,X600519.SH,0.0908083205198153
2021-09-08,X000733.SZ,0.0879825539899232
2021-09-09,X000725.SZ,0.0744671441622663
2021-09-10,X300014.SZ,0.0996682534438278
2021-09-13,X600809.SH,0.0828876984565193
2021-09-14,X600809.SH,0.0833453057803312
2021-09-15,X000733.SZ,0.0928139436504871
2021-09-16,X002415.SZ,0.0772463753500127
2021-09-17,X000733.SZ,0.0894474511339579
2021-09-22,X000733.SZ,0.0796955603429914
2021-09-23,X600519.SH,0.0729391511449065
2021-09-24,X000858.SZ,0.089657983011979
2021-09-27,X600702.SH,0.0796996894740775
2021-09-28,X002304.SZ,0.10448322924926
2021-09-29,X600519.SH,0.0883040763770509
2021-09-30,X000568.SZ,0.0852483522414323
2021-10-08,X000568.SZ,0.0878638350924409
2021-10-11,X000568.SZ,0.0913534645119525
2021-10-12,X000568.SZ,0.091996384295778
2021-10-13,X000568.SZ,0.0923777487228734
2021-10-14,X000568.SZ,0.0941058966128327
2021-10-15,X000568.SZ,0.0890978359199932
2021-10-18,X000568.SZ,0.0787050286615629
2021-10-19,X000568.SZ,0.0973194917295061
2021-10-20,X000568.SZ,0.0956760154660828
2021-10-21,X000858.SZ,0.0771608596088892
2021-10-22,X000858.SZ,0.0958607692619564
2021-10-25,X600702.SH,0.0703295103063952
2021-10-26,X600104.SH,0.106587262700247
2021-10-27,X600779.SH,0.10747218369968
2021-10-28,X600809.SH,0.100062199158201
2021-10-29,X600779.SH,0.103028355416292
2021-11-01,X600779.SH,0.0931178487598404
2021-11-02,X600779.SH,0.0712673607445273
2021-11-03,X600702.SH,0.0787637833685846
2021-11-04,X600702.SH,0.0756794438356452
2021-11-05,X600779.SH,0.0650920593013182
2021-11-08,X600702.SH,0.0766584462937982
2021-11-09,X600702.SH,0.082356486542966
2021-11-10,X600702.SH,0.073364456488056
2021-11-11,X600702.SH,0.0765596080552386
2021-11-12,X600703.SH,0.124197673775014
2021-11-15,X002074.SZ,0.0711190791369688
2021-11-16,X600779.SH,0.0795391295252885
2021-11-17,X600779.SH,0.0905989885562484
2021-11-18,X600779.SH,0.0855322743964888
2021-11-19,X600779.SH,0.076538220213573
2021-11-22,X600702.SH,0.0710013902924045
2021-11-23,X000568.SZ,0.0689098182536114
2021-11-24,X600702.SH,0.0764639989398887
2021-11-25,X000568.SZ,0.102091454711742
2021-11-26,X600702.SH,0.0819933426949555
2021-11-29,X601799.SH,0.0599059966160987
2021-11-30,X600702.SH,0.0702551537975161
2021-12-01,X600702.SH,0.0684807174851708
2021-12-02,X600031.SH,0.0586448877309145
2021-12-03,X000858.SZ,0.05794464310971
2021-12-06,X600702.SH,0.0550206184137531
2021-12-07,X000800.SZ,0.0609502551305912
2021-12-08,X002236.SZ,0.0639435748219145
2021-12-09,X000977.SZ,0.0662015382147969
2021-12-10,X600460.SH,0.0664586673259926
2021-12-13,X002008.SZ,0.0628979471400247
2021-12-14,X600702.SH,0.0630005418181493
2021-12-15,X600031.SH,0.073767675925597
2021-12-16,X000733.SZ,0.060162543783816
2021-12-17,X600519.SH,0.0563323002931742
2021-12-20,X000858.SZ,0.0771282127159997
2021-12-21,X600779.SH,0.0822952672804145
2021-12-22,X000858.SZ,0.066736762888633
2021-12-23,X600702.SH,0.071969506375838
2021-12-24,X600779.SH,0.0604840703441362
2021-12-27,X600460.SH,0.0622400207196771
2021-12-28,X000651.SZ,0.0610275410019711
2021-12-29,X000596.SZ,0.0630940360663938
2021-12-30,X002008.SZ,0.0518256653981414
2021-12-31,X000596.SZ,0.0560649585738653
2022-01-04,X600584.SH,0.0523070577204503
2022-01-05,X600460.SH,0.0599229202176038
2022-01-06,X600519.SH,0.0542903405940262
2022-01-07,X002074.SZ,0.0668321379089072
2022-01-10,X002074.SZ,0.067429947235414
2022-01-11,X600460.SH,0.0548977347124624
2022-01-12,X002074.SZ,0.0637523254152499
2022-01-13,X600460.SH,0.0632696448843776
2022-01-14,X002074.SZ,0.0684994888054658
2022-01-17,X002074.SZ,0.0824289541310835
2022-01-18,X002074.SZ,0.0676595055608629
2022-01-19,X000858.SZ,0.0601300896490349
2022-01-20,X600089.SH,0.0646645917274457
2022-01-21,X000858.SZ,0.0655438262557225
2022-01-24,X000858.SZ,0.0710427136043464
2022-01-25,X002074.SZ,0.05587124235636
2022-01-26,X000338.SZ,0.0751335902844063
2022-01-27,X002074.SZ,0.0636790823045554
2022-01-28,X000596.SZ,0.067885399765682
2022-02-07,X002074.SZ,0.0640478999315892
2022-02-08,X002074.SZ,0.0647409188373297
2022-02-09,X600460.SH,0.0592255120154967
2022-02-10,X600519.SH,0.0645192904493016
2022-02-11,X002074.SZ,0.0679351062561302
2022-02-14,X002074.SZ,0.0665218248008292
2022-02-15,X002074.SZ,0.0660632419565349
2022-02-16,X002074.SZ,0.0679498996440447
2022-02-17,X002074.SZ,0.0656592870056011
2022-02-18,X600460.SH,0.075222103467983
2022-02-21,X000799.SZ,0.048637941754098
2022-02-22,X002074.SZ,0.0790915036372551
2022-02-23,X600519.SH,0.0560475754069482
2022-02-24,X600519.SH,0.0549026514368816
2022-02-25,X600519.SH,0.0550000339377229
2022-02-28,X600779.SH,0.0551807879798039
2022-03-01,X002236.SZ,0.0561451070563752
2022-03-02,X000100.SZ,0.0513716005516758
2022-03-03,X002371.SZ,0.059537587270172
2022-03-04,X002371.SZ,0.057220706832637
2022-03-07,X002371.SZ,0.069581221513287
2022-03-08,X002008.SZ,0.080761364396555
2022-03-09,X600884.SH,0.105360821327864
2022-03-10,X600884.SH,0.109516143674306
2022-03-11,X000858.SZ,0.0706778294253692
2022-03-14,X002304.SZ,0.0649392556268408
2022-03-15,X000100.SZ,0.0796172928036595
2022-03-16,X601799.SH,0.0912422405327066
2022-03-17,X600104.SH,0.0882196974647323
2022-03-18,X601799.SH,0.0845857510119528
2022-03-21,X000100.SZ,0.0895090553362793
2022-03-22,X601799.SH,0.0853628587866862
2022-03-23,X000100.SZ,0.0845578272934948
2022-03-24,X000799.SZ,0.0912732723680223
2022-03-25,X000725.SZ,0.0877430107242165
2022-03-28,X000725.SZ,0.0890470187501674
2022-03-29,X000100.SZ,0.0828409152873928
2022-03-30,X000100.SZ,0.0827156242972364
2022-03-31,X000858.SZ,0.0780012377053676
2022-04-01,X000100.SZ,0.076361738315489
2022-04-06,X000725.SZ,0.0812487170564963
2022-04-07,X000100.SZ,0.0806273836736878
2022-04-08,X000568.SZ,0.074612866151941
2022-04-11,X000338.SZ,0.0858229290146275
2022-04-12,X000568.SZ,0.0890682719729249
2022-04-13,X000157.SZ,0.0837046183577911
2022-04-14,X000568.SZ,0.0909914617198584
2022-04-15,X002432.SZ,0.153381134546957
2022-04-18,X000568.SZ,0.0870245372622955
2022-04-19,X000568.SZ,0.0862718936433807
2022-04-20,X002432.SZ,0.150770955262054
2022-04-21,X002432.SZ,0.150123628650022
2022-04-22,X002432.SZ,0.151200218453979
2022-04-25,X002432.SZ,0.146525414934521
2022-04-26,X000858.SZ,0.112791627048401
2022-04-27,X600089.SH,0.102102956558767
2022-04-28,X000800.SZ,0.114828178853472
2022-04-29,X000568.SZ,0.101846477748272
2022-05-05,X000568.SZ,0.098443636911537
2022-05-06,X000568.SZ,0.0983287066268403
2022-05-09,X000568.SZ,0.0964375629693762
2022-05-10,X000651.SZ,0.0974673085770131
2022-05-11,X000651.SZ,0.0936325181681878
2022-05-12,X600104.SH,0.0934570372036455
2022-05-13,X600703.SH,0.0929488620960403
2022-05-16,X600584.SH,0.0850037844928397
2022-05-17,X600584.SH,0.0852277948222999
2022-05-18,X003816.SZ,0.0814665472130943
2022-05-19,X600584.SH,0.0842744335005671
2022-05-20,X600884.SH,0.0805221247883433
2022-05-23,X000800.SZ,0.102992636181069
2022-05-24,X600584.SH,0.10505747385565
2022-05-25,X600584.SH,0.136190748916499
2022-05-26,X600584.SH,0.112315544153869
2022-05-27,X600584.SH,0.0972439076936772
2022-05-30,X600584.SH,0.110070738265593
2022-05-31,X600183.SH,0.100466088730673
2022-06-01,X002241.SZ,0.123130993377587
2022-06-02,X000800.SZ,0.101648703816592
2022-06-06,X601877.SH,0.103166733117079
2022-06-07,X000800.SZ,0.0888704424563686
2022-06-08,X002074.SZ,0.10946434791577
2022-06-09,X002241.SZ,0.108399298821498
2022-06-10,X600584.SH,0.0952708425159241
2022-06-13,X600584.SH,0.130426341941987
2022-06-14,X000338.SZ,0.115563021485855
2022-06-15,X000661.SZ,0.126748672805542
2022-06-16,X000338.SZ,0.125387358834869
2022-06-17,X002304.SZ,0.082368553990083
2022-06-20,X000338.SZ,0.108699684935345
2022-06-21,X002074.SZ,0.116663677032959
2022-06-22,X000338.SZ,0.113993033389012
2022-06-23,X600702.SH,0.0807875575425613
2022-06-24,X000661.SZ,0.120722395407532
2022-06-27,X002074.SZ,0.0917200910725066
2022-06-28,X600884.SH,0.104489740934023
2022-06-29,X600584.SH,0.140449438269482
2022-06-30,X600584.SH,0.114024937236712
2022-07-01,X600584.SH,0.13900595342533
2022-07-04,X600584.SH,0.105863214837525
2022-07-05,X600584.SH,0.116655317690775
2022-07-06,X000338.SZ,0.0974309936518246
2022-07-07,X600031.SH,0.117728230464565
2022-07-08,X600031.SH,0.117606121825398
2022-07-11,X000338.SZ,0.103173535057969
2022-07-12,X600702.SH,0.125038852056259
2022-07-13,X000661.SZ,0.103175996136196
2022-07-14,X600884.SH,0.087635110887812
2022-07-15,X300014.SZ,0.0877155489853544
2022-07-18,X000338.SZ,0.0965559210062847
2022-07-19,X600031.SH,0.113201129906122
2022-07-20,X600703.SH,0.124976453209575
2022-07-21,X600584.SH,0.108620289536554
2022-07-22,X600584.SH,0.103189077502852
2022-07-25,X600584.SH,0.117627296807377
2022-07-26,X600584.SH,0.127687288466626
2022-07-27,X600460.SH,0.0685682059762299
2022-07-28,X600884.SH,0.104114475121462
2022-07-29,X600884.SH,0.0963304675110953
2022-08-01,X600884.SH,0.095316916862211
2022-08-02,X002180.SZ,0.0802986964676104
2022-08-03,X600584.SH,0.082709257950842
2022-08-04,X600584.SH,0.0856803331466122
2022-08-05,X600584.SH,0.0655597381869641
2022-08-08,X002180.SZ,0.0708857032648765
2022-08-09,X600584.SH,0.0635154212869984
2022-08-10,X600584.SH,0.0669925541173765
2022-08-11,X600584.SH,0.0746344028087889
2022-08-12,X600702.SH,0.0699642544064949
2022-08-15,X002414.SZ,0.100467689412174
2022-08-16,X002414.SZ,0.0871111819529983
2022-08-17,X002414.SZ,0.0772707604055304
2022-08-18,X002414.SZ,0.0688222875632879
2022-08-19,X300014.SZ,0.074595027128429
2022-08-22,X000338.SZ,0.0574717069392758
2022-08-23,X000338.SZ,0.0597711425572383
2022-08-24,X002414.SZ,0.0819219827335793
2022-08-25,X002414.SZ,0.0931857598053538
2022-08-26,X600703.SH,0.0606801034340348
2022-08-29,X600031.SH,0.0683992561049871
2022-08-30,X601877.SH,0.0664352509190622
2022-08-31,X601877.SH,0.0849326843194415
2022-09-01,X002236.SZ,0.0671258344766313
2022-09-02,X002236.SZ,0.0808679227848336
2022-09-05,X002236.SZ,0.0687034726976055
2022-09-06,X002236.SZ,0.0683061186838324
2022-09-07,X000157.SZ,0.0846361418299632
2022-09-08,X601877.SH,0.0763592427185005
2022-09-09,X300014.SZ,0.0644898504158425
2022-09-13,X600460.SH,0.0582424946532221
2022-09-14,X000338.SZ,0.062936378520697
2022-09-15,X600031.SH,0.0634748336897468
2022-09-16,X600460.SH,0.0650254369268979
2022-09-19,X601877.SH,0.0880811575383645
2022-09-20,X600460.SH,0.0616522054775258
2022-09-21,X600460.SH,0.0614589941811208
2022-09-22,X601877.SH,0.0686417895626352
2022-09-23,X601877.SH,0.080785355984127
2022-09-26,X300014.SZ,0.0609246444116154
2022-09-27,X000568.SZ,0.0499223664777207
2022-09-28,X000858.SZ,0.0576694845752577
2022-09-29,X600460.SH,0.0610024824774755
2022-09-30,X000568.SZ,0.047024149808946
2022-10-10,X000338.SZ,0.0549034112642567
2022-10-11,X002236.SZ,0.0602399755149285
2022-10-12,X000338.SZ,0.0563878007459681
2022-10-13,X002241.SZ,0.0523835910363139
2022-10-14,X300003.SZ,0.0790699141681994
2022-10-17,X600884.SH,0.0669541316759873
2022-10-18,X600884.SH,0.0648485859427048
2022-10-19,X300003.SZ,0.0908258865136329
2022-10-20,X600460.SH,0.06064227065077
2022-10-21,X002236.SZ,0.0517686682801077
2022-10-24,X000725.SZ,0.0531199216871788
2022-10-25,X002236.SZ,0.054661459278783
2022-10-26,X000725.SZ,0.0558115027954625
2022-10-27,X002236.SZ,0.0584243129522846
2022-10-28,X002236.SZ,0.0559860692591977
2022-10-31,X002475.SZ,0.0505485537667576
2022-11-01,X000625.SZ,0.0628972712713304
2022-11-02,X000625.SZ,0.07113382307827
2022-11-03,X002236.SZ,0.0743286597595766
2022-11-04,X000799.SZ,0.0707341269314769
2022-11-07,X002236.SZ,0.0611800631318146
2022-11-08,X000338.SZ,0.0578124995037399
2022-11-09,X000799.SZ,0.0637479628283607
2022-11-10,X000799.SZ,0.0707389704192607
2022-11-11,X000980.SZ,0.18739
2022-11-14,X000625.SZ,0.0609861391695476
2022-11-15,X002236.SZ,0.065640052779719
2022-11-16,X002236.SZ,0.0654842154287092
2022-11-17,X000799.SZ,0.0701533401529197
2022-11-18,X600741.SH,0.0639102538079249
2022-11-21,X000799.SZ,0.0630367068511466
2022-11-22,X000799.SZ,0.0607262107834346
2022-11-23,X600741.SH,0.07624736751423
2022-11-24,X600809.SH,0.0579352863793644
2022-11-25,X002236.SZ,0.0596261711165383
2022-11-28,X000625.SZ,0.0494814475328133
2022-11-29,X002236.SZ,0.062956641868267
2022-11-30,X000625.SZ,0.0587902650004496
2022-12-01,X000625.SZ,0.062710055522746
2022-12-02,X600104.SH,0.0623228828061891
2022-12-05,X002236.SZ,0.0644348201970573
2022-12-06,X600089.SH,0.0689168496436024
2022-12-07,X600089.SH,0.0665599620497168
2022-12-08,X000100.SZ,0.0647998054371748
2022-12-09,X002236.SZ,0.06057302482008
2022-12-12,X002236.SZ,0.0637255857848245
2022-12-13,X002475.SZ,0.0597931387847532
2022-12-14,X000338.SZ,0.0605511057790563
2022-12-15,X000799.SZ,0.0623754639206189
2022-12-16,X000799.SZ,0.0633844983948412
2022-12-19,X002074.SZ,0.070939344836867
2022-12-20,X002074.SZ,0.06349873886206
2022-12-21,X000799.SZ,0.0676535933388736
2022-12-22,X002236.SZ,0.0639940493969502
2022-12-23,X002236.SZ,0.0837840443037176
2022-12-26,X600809.SH,0.0708560421659772
2022-12-27,X600104.SH,0.066151048821178
2022-12-28,X000799.SZ,0.0693122310468734
2022-12-29,X000799.SZ,0.0699766798908419
2022-12-30,X000799.SZ,0.0705586039742519
2023-01-03,X000338.SZ,0.0710838622454061
2023-01-04,X600519.SH,0.0721239976284334
2023-01-05,X600519.SH,0.072328125180094
2023-01-06,X000799.SZ,0.067542248868574
2023-01-09,X600519.SH,0.066832291330167
2023-01-10,X600519.SH,0.0656377007656382
2023-01-11,X600519.SH,0.0844734046691398
2023-01-12,X600519.SH,0.0812408952420937
2023-01-13,X600519.SH,0.0852362138906127
2023-01-16,X600519.SH,0.0728587774503741
2023-01-17,X000568.SZ,0.0640099154666555
2023-01-18,X000568.SZ,0.0832025791416871
2023-01-19,X000568.SZ,0.0653875416169601
2023-01-20,X002475.SZ,0.0556764963960104
2023-01-30,X000568.SZ,0.071021521440924
2023-01-31,X000651.SZ,0.0789645998819798
2023-02-01,X002074.SZ,0.0604068843139103
2023-02-02,X000651.SZ,0.0534495534219749
2023-02-03,X002475.SZ,0.0484463018401054
2023-02-06,X600584.SH,0.051507355563415
2023-02-07,X002236.SZ,0.0519787143783107
2023-02-08,X000157.SZ,0.0480069307543478
2023-02-09,X002236.SZ,0.0520336464647612
2023-02-10,X002236.SZ,0.046123655359855
2023-02-13,X000568.SZ,0.0689437567023218
2023-02-14,X600519.SH,0.0462971910551667
2023-02-15,X002475.SZ,0.0516250346965523
2023-02-16,X002475.SZ,0.0518939598085806
2023-02-17,X600584.SH,0.0523678586874685
2023-02-20,X002475.SZ,0.052174303453013
2023-02-21,X002475.SZ,0.0524846365208401
2023-02-22,X000063.SZ,0.0562245900847299
2023-02-23,X002236.SZ,0.0557536391906603
2023-02-24,X600584.SH,0.0507042925944251
2023-02-27,X000100.SZ,0.0499742998018403
2023-02-28,X002236.SZ,0.0567003738158825
2023-03-01,X000661.SZ,0.0524532505712867
2023-03-02,X600584.SH,0.0553349953004951
2023-03-03,X600584.SH,0.05049962773176
2023-03-06,X002241.SZ,0.0485685309062147
2023-03-07,X600584.SH,0.0523742862471952
2023-03-08,X600584.SH,0.0484632654683572
2023-03-09,X600584.SH,0.0580889293295361
2023-03-10,X600584.SH,0.0473099038057412
2023-03-13,X600584.SH,0.0487502824468055
2023-03-14,X600690.SH,0.0450945882448212
2023-03-15,X000725.SZ,0.0459399895140586
2023-03-16,X000725.SZ,0.0499180908061093
2023-03-17,X000100.SZ,0.0532536045210224
2023-03-20,X600584.SH,0.0499397632439808
2023-03-21,X000725.SZ,0.053950277922911
2023-03-22,X000725.SZ,0.0538115902771189
2023-03-23,X002463.SZ,0.057632908252586
2023-03-24,X600519.SH,0.0528161691928955
2023-03-27,X002475.SZ,0.0462506987971928
2023-03-28,X002475.SZ,0.0441345178152444
2023-03-29,X601877.SH,0.048028122322001
2023-03-30,X000651.SZ,0.0523473587684888
2023-03-31,X601877.SH,0.0486182128403116
2023-04-03,X600584.SH,0.0425160334300722
2023-04-04,X000800.SZ,0.0862016859066588
2023-04-06,X000725.SZ,0.0529385312156183
2023-04-07,X000858.SZ,0.0489793814171128
2023-04-10,X000725.SZ,0.0530172513813824
2023-04-11,X000725.SZ,0.0549327445973812
2023-04-12,X600460.SH,0.0669652353644112
2023-04-13,X002463.SZ,0.0563225781571444
2023-04-14,X601877.SH,0.052169471078049
2023-04-17,X000858.SZ,0.0424050690765157
2023-04-18,X000858.SZ,0.0481901314228151
2023-04-19,X000725.SZ,0.0417523184376373
2023-04-20,X002475.SZ,0.0435049020292262
2023-04-21,X600183.SH,0.0489308141152879
2023-04-24,X600183.SH,0.0643873072160117
2023-04-25,X600183.SH,0.0574314889219538
2023-04-26,X000157.SZ,0.0512851951526634
2023-04-27,X600460.SH,0.0561431153501156
2023-04-28,X000157.SZ,0.0564355387840968
2023-05-04,X000157.SZ,0.0521828112333384
2023-05-05,X000157.SZ,0.0486418861033114
2023-05-08,X002415.SZ,0.0491253980745975
2023-05-09,X000100.SZ,0.0557714928838705
2023-05-10,X002475.SZ,0.0572104947188882
2023-05-11,X002475.SZ,0.0565713610148121
2023-05-12,X002475.SZ,0.0562238027278611
2023-05-15,X002475.SZ,0.0594525036049345
2023-05-16,X002475.SZ,0.0623470783638984
2023-05-17,X002475.SZ,0.0682461392485181
2023-05-18,X002463.SZ,0.0727045604148342
2023-05-19,X002463.SZ,0.0647024847692514
2023-05-22,X002475.SZ,0.0587044904896213
2023-05-23,X600487.SH,0.0513040912743336
2023-05-24,X600487.SH,0.0486525131946466
2023-05-25,X000725.SZ,0.0571996471316372
2023-05-26,X600487.SH,0.0592981684324803
2023-05-29,X000858.SZ,0.0468938305245946
2023-05-30,X000651.SZ,0.0496440157833756
2023-05-31,X000651.SZ,0.0508091768903348
2023-06-01,X000651.SZ,0.0508205250877614
2023-06-02,X002241.SZ,0.0652475657695657
2023-06-05,X002241.SZ,0.0571813500105553
2023-06-06,X300014.SZ,0.0574349437383512
2023-06-07,X000651.SZ,0.052290196323318
2023-06-08,X000651.SZ,0.0499474754692618
2023-06-09,X000858.SZ,0.0514406349984829
2023-06-12,X000651.SZ,0.0533528509696803
2023-06-13,X000066.SZ,0.0517029059076317
2023-06-14,X000858.SZ,0.0585733674848238
2023-06-15,X000858.SZ,0.056326208043303
2023-06-16,X000858.SZ,0.0578760960571848
2023-06-19,X000568.SZ,0.0562078205527572
2023-06-20,X300014.SZ,0.0555366937358049
2023-06-21,X300014.SZ,0.0523422515457958
2023-06-26,X600487.SH,0.0524261979263763
2023-06-27,X002236.SZ,0.0495142339924299
2023-06-28,X300142.SZ,0.0553958724376128
2023-06-29,X000651.SZ,0.0480383609341469
2023-06-30,X600460.SH,0.0534851918873886
2023-07-03,X600460.SH,0.0591661012927539
2023-07-04,X600460.SH,0.05709257787503
2023-07-05,X601877.SH,0.0470068921898047
2023-07-06,X601877.SH,0.0459815791306595
2023-07-07,X600460.SH,0.0533186537742843
2023-07-10,X600460.SH,0.0578029456053272
2023-07-11,X000651.SZ,0.054374779440919
2023-07-12,X000651.SZ,0.0528903696554798
2023-07-13,X600460.SH,0.0552668355707784
2023-07-14,X600460.SH,0.0593047528340555
2023-07-17,X600460.SH,0.0580366022237796
2023-07-18,X600031.SH,0.0422273690127866
2023-07-19,X600460.SH,0.0491958538629737
2023-07-20,X600460.SH,0.0509224232370548
2023-07-21,X000733.SZ,0.0512828837787134
2023-07-24,X600460.SH,0.0506265495803643
2023-07-25,X601877.SH,0.039243096636261
2023-07-26,X002049.SZ,0.0476712861090053
2023-07-27,X002049.SZ,0.0480700916943005
2023-07-28,X002304.SZ,0.0403653116328189
2023-07-31,X600089.SH,0.0395819353812866
2023-08-01,X002475.SZ,0.0424550656443004
2023-08-02,X002475.SZ,0.0527662767900687
2023-08-03,X000661.SZ,0.0468029592460117
2023-08-04,X000625.SZ,0.045689694151425
2023-08-07,X002475.SZ,0.0475982685397634
2023-08-08,X002129.SZ,0.0538100418915542
2023-08-09,X600372.SH,0.0507057368511668
2023-08-10,X002475.SZ,0.0591477827955245
2023-08-11,X002129.SZ,0.0419636859076977
2023-08-14,X002129.SZ,0.0548052583282797
2023-08-15,X300124.SZ,0.045162860796464
2023-08-16,X002007.SZ,0.0388768185829927
2023-08-17,X002007.SZ,0.0362041426913087
2023-08-18,X000625.SZ,0.0334374724463737
2023-08-21,X002049.SZ,0.0410087853324143
2023-08-22,X000858.SZ,0.0377991900721653
2023-08-23,X000800.SZ,0.0372562552268813
2023-08-24,X600089.SH,0.060431900133343
2023-08-25,X002304.SZ,0.038661656211085
2023-08-28,X600089.SH,0.060089256084538
2023-08-29,X000800.SZ,0.0433600049534435
2023-08-30,X600089.SH,0.0496488947556664
2023-08-31,X002074.SZ,0.0487456149220745
2023-09-01,X000800.SZ,0.0548827817580333
2023-09-04,X000800.SZ,0.0555406463701833
2023-09-05,X002241.SZ,0.0476937952116728
2023-09-06,X002241.SZ,0.0476342504946439
2023-09-07,X002049.SZ,0.0720976633740301
2023-09-08,X002241.SZ,0.0524417159958038
2023-09-11,X002241.SZ,0.051109022738991
2023-09-12,X002049.SZ,0.0540769485797833
2023-09-13,X002049.SZ,0.0571372783549725
2023-09-14,X002049.SZ,0.0523988710231994
2023-09-15,X002049.SZ,0.0516238232390218
2023-09-18,X002049.SZ,0.053154268755963
2023-09-19,X600522.SH,0.0666172135357714
2023-09-20,X600522.SH,0.0659096636066282
2023-09-21,X600522.SH,0.0602560429983137
2023-09-22,X600522.SH,0.0603406839613484
2023-09-25,X600522.SH,0.0598265233185216
2023-09-26,X600522.SH,0.0604663355102929
2023-09-27,X600522.SH,0.0653895374125752
2023-09-28,X600522.SH,0.0652636024678619
2023-10-09,X600522.SH,0.0683688938407636
2023-10-10,X600522.SH,0.0725583556995221
2023-10-11,X600522.SH,0.0723315689705032
2023-10-12,X002241.SZ,0.0428180774071973
2023-10-13,X000800.SZ,0.0493663260831808
2023-10-16,X600522.SH,0.060645556279719
2023-10-17,X000725.SZ,0.0445454987005317
2023-10-18,X600702.SH,0.0403589570363344
2023-10-19,X600031.SH,0.0423242633938276
2023-10-20,X002074.SZ,0.0469135226093122
2023-10-23,X000568.SZ,0.0407102742091358
2023-10-24,X600702.SH,0.0394629190786116
2023-10-25,X000568.SZ,0.0428562473321153
2023-10-26,X000800.SZ,0.0603768396660519
2023-10-27,X000800.SZ,0.0493993997358475
2023-10-30,X600702.SH,0.0470107676973874
2023-10-31,X600702.SH,0.042789778945587
2023-11-01,X002415.SZ,0.0443912457473811
2023-11-02,X002415.SZ,0.0436571055971561
2023-11-03,X600702.SH,0.0443540588384847
2023-11-06,X600702.SH,0.0444325562447907
2023-11-07,X002304.SZ,0.0446223764316796
2023-11-08,X600702.SH,0.0407323933482969
2023-11-09,X002463.SZ,0.0523504930203151
2023-11-10,X600460.SH,0.0497668828913748
2023-11-13,X600460.SH,0.0491055350441304
2023-11-14,X600460.SH,0.0490469514173315
2023-11-15,X000066.SZ,0.0444279657392978
2023-11-16,X000725.SZ,0.039458717731409
2023-11-17,X000800.SZ,0.0460513824707151
2023-11-20,X600372.SH,0.0507770311354124
2023-11-21,X002241.SZ,0.0462762261481111
2023-11-22,X600372.SH,0.0519010196917964
2023-11-23,X300014.SZ,0.0466165459109231
2023-11-24,X600584.SH,0.0475844350008023
2023-11-27,X002049.SZ,0.0453178019923593
2023-11-28,X002241.SZ,0.0414584616555448
2023-11-29,X600372.SH,0.0443417663088546
2023-11-30,X000977.SZ,0.0404647145563113
2023-12-01,X002049.SZ,0.0395510918225786
2023-12-04,X600418.SH,0.0482439483477185
2023-12-05,X600372.SH,0.0530791323807202
2023-12-06,X600372.SH,0.0437959515223286
2023-12-07,X600372.SH,0.0455641147321822
2023-12-08,X002236.SZ,0.044355054905364
2023-12-11,X002236.SZ,0.0449132764658436
2023-12-12,X002294.SZ,0.0768679136357887
2023-12-13,X600519.SH,0.0502645095015295
2023-12-14,X002180.SZ,0.049295083409096
2023-12-15,X002180.SZ,0.0518223242895131
2023-12-18,X002180.SZ,0.0547146861029025
2023-12-19,X600519.SH,0.0470780219349343
2023-12-20,X600519.SH,0.0508701089663479
2023-12-21,X002241.SZ,0.0471052623144703
2023-12-22,X000977.SZ,0.0502600692167987
2023-12-25,X600690.SH,0.0388294352126539
2023-12-26,X002241.SZ,0.039516164716773
2023-12-27,X000338.SZ,0.0536018511181657
2023-12-28,X000625.SZ,0.0405832192547367
2023-12-29,X600584.SH,0.0408471966291609
2024-01-02,X000858.SZ,0.0397213256065651
2024-01-03,X000063.SZ,0.0402905958323889
2024-01-04,X000858.SZ,0.0424660248870759
2024-01-05,X000858.SZ,0.0469405143867251
2024-01-08,X600519.SH,0.0481543932282365
2024-01-09,X600690.SH,0.04410161237865
2024-01-10,X600519.SH,0.0438977953242971
2024-01-11,X000858.SZ,0.0464687501101171
2024-01-12,X002241.SZ,0.0489461290731201
2024-01-15,X600372.SH,0.0486007060155893
2024-01-16,X600372.SH,0.0498860540667002
2024-01-17,X003816.SZ,0.0648729378064904
2024-01-18,X600372.SH,0.0514395165132273
2024-01-19,X002475.SZ,0.0522567814204276
2024-01-22,X002475.SZ,0.055023576497165
2024-01-23,X000063.SZ,0.0524495908704895
2024-01-24,X002223.SZ,0.0509727820335534
2024-01-25,X002475.SZ,0.0514304953864754
2024-01-26,X000063.SZ,0.0559657087670488
2024-01-29,X000063.SZ,0.0515840176826921
2024-01-30,X002049.SZ,0.058288503338417
2024-01-31,X002223.SZ,0.0574026664882714
2024-02-01,X002049.SZ,0.0573942025223364
2024-02-02,X002223.SZ,0.0521256429120908
2024-02-05,X002129.SZ,0.0557608835393834
2024-02-06,X002129.SZ,0.0591505583597235
2024-02-07,X002129.SZ,0.0617796886150001
2024-02-08,X002241.SZ,0.0567296552034841
2024-02-19,X000063.SZ,0.063249478846685
2024-02-20,X002241.SZ,0.0587136109268558
2024-02-21,X002241.SZ,0.0743488137309
2024-02-22,X002241.SZ,0.0596171064536452
2024-02-23,X000063.SZ,0.05369564850164
2024-02-26,X000063.SZ,0.0541804989345307
2024-02-27,X000063.SZ,0.0611151478835699
2024-02-28,X000063.SZ,0.061382691837096
2024-02-29,X002241.SZ,0.0537593940792005
2024-03-01,X600183.SH,0.0652127052566275
2024-03-04,X002241.SZ,0.0590890147964462
2024-03-05,X002241.SZ,0.0640719870092191
2024-03-06,X002241.SZ,0.0695826131323422
2024-03-07,X600741.SH,0.0564343887613402
2024-03-08,X002049.SZ,0.0586029976626039
2024-03-11,X002007.SZ,0.0613711749514626
2024-03-12,X300014.SZ,0.0588516460688242
2024-03-13,X601877.SH,0.0704701909188455
2024-03-14,X002049.SZ,0.0744312946038828
2024-03-15,X002049.SZ,0.062358244420919
2024-03-18,X601877.SH,0.0707144971148533
2024-03-19,X002007.SZ,0.0640313243385282
2024-03-20,X601877.SH,0.0769312554854134
2024-03-21,X002007.SZ,0.0611315024200869
2024-03-22,X002241.SZ,0.0703215272619342
2024-03-25,X002007.SZ,0.0630452283316451
2024-03-26,X002049.SZ,0.0681426771630823
2024-03-27,X600741.SH,0.0560516276188691
2024-03-28,X002007.SZ,0.0676071580694657
2024-03-29,X600566.SH,0.0531294149357661
2024-04-01,X000988.SZ,0.0705136789912671
2024-04-02,X600741.SH,0.0805720642436877
2024-04-03,X000858.SZ,0.058603155813518
2024-04-08,X000625.SZ,0.0561557858008766
2024-04-09,X002049.SZ,0.0597443134090999
2024-04-10,X600703.SH,0.0551944392670509
2024-04-11,X600703.SH,0.0566183124370861
2024-04-12,X600566.SH,0.0616235133983182
2024-04-15,X002049.SZ,0.054075958340529
2024-04-16,X600703.SH,0.0832979126595019
2024-04-17,X000921.SZ,0.0483085580035159
2024-04-18,X000858.SZ,0.0630236838180125
2024-04-19,X600566.SH,0.0586596232827652
2024-04-22,X000858.SZ,0.0572395019270432
2024-04-23,X000157.SZ,0.0561129462416331
2024-04-24,X601877.SH,0.0535396547668295
2024-04-25,X002223.SZ,0.0579743547573857
2024-04-26,X002236.SZ,0.0605229911808935
2024-04-29,X000625.SZ,0.0576528890454878
2024-04-30,X002241.SZ,0.0559213528619529
2024-05-06,X600703.SH,0.0623416694016312
2024-05-07,X002241.SZ,0.0668415689783909
2024-05-08,X600703.SH,0.0734443742303211
2024-05-09,X002241.SZ,0.0586526759818265
2024-05-10,X002129.SZ,0.0620750332825607
2024-05-13,X002236.SZ,0.0576718667411279
2024-05-14,X002236.SZ,0.0543559727387643
2024-05-15,X601877.SH,0.057390061367795
2024-05-16,X002129.SZ,0.0752370108543599
2024-05-17,X002236.SZ,0.0540029169871324
2024-05-20,X600703.SH,0.0715613023339407
2024-05-21,X600703.SH,0.0769355622174714
2024-05-22,X600703.SH,0.0599927779495356
2024-05-23,X600703.SH,0.0684311843259829
2024-05-24,X600418.SH,0.055981259864402
2024-05-27,X600703.SH,0.0531832301126819
2024-05-28,X000858.SZ,0.0482495224613455
2024-05-29,X600703.SH,0.0506708990710206
2024-05-30,X002074.SZ,0.0602936100008635
2024-05-31,X000858.SZ,0.0536239466290619
2024-06-03,X600703.SH,0.0660161721389999
2024-06-04,X002074.SZ,0.054265177974971
2024-06-05,X002074.SZ,0.0562177394940586
2024-06-06,X600703.SH,0.0508257097627297
2024-06-07,X600703.SH,0.0447885649884391
2024-06-11,X600703.SH,0.053666929373163
2024-06-12,X600703.SH,0.0496070267845555
2024-06-13,X002129.SZ,0.0519391257127098
2024-06-14,X600372.SH,0.0501878368855171
2024-06-17,X002179.SZ,0.0469230469967943
2024-06-18,X600372.SH,0.049651641140954
2024-06-19,X002241.SZ,0.0599495833238437
2024-06-20,X000800.SZ,0.050585881876632
2024-06-21,X002241.SZ,0.0619372588392369
2024-06-24,X000800.SZ,0.0504445927797877
2024-06-25,X600372.SH,0.038417292118068
2024-06-26,X600372.SH,0.0513073008954225
2024-06-27,X600372.SH,0.0480394439765467
2024-06-28,X600372.SH,0.0455527502867312
2024-07-01,X002236.SZ,0.0425627848820751
2024-07-02,X002241.SZ,0.0533037649031423
2024-07-03,X002241.SZ,0.0472153490015501
2024-07-04,X002241.SZ,0.0571975117728474
2024-07-05,X000800.SZ,0.0485384001746769
2024-07-08,X002241.SZ,0.0679541360403611
2024-07-09,X002241.SZ,0.0478392610261847
2024-07-10,X002236.SZ,0.0560937857050298
2024-07-11,X002236.SZ,0.0602966545069938
2024-07-12,X002236.SZ,0.0483535998803344
2024-07-15,X002236.SZ,0.0548566148776661
2024-07-16,X000063.SZ,0.0468355572795951
2024-07-17,X000063.SZ,0.0468063097176917
2024-07-18,X600487.SH,0.0465125820158272
2024-07-19,X002074.SZ,0.0509241396163174
2024-07-22,X002463.SZ,0.0487191267212688
2024-07-23,X002463.SZ,0.0478280073561737
2024-07-24,X601877.SH,0.0564345494100826
2024-07-25,X601877.SH,0.042539592734389
2024-07-26,X600584.SH,0.0465019320207463
2024-07-29,X000100.SZ,0.0491015364349906
2024-07-30,X002049.SZ,0.0419614370304567
2024-07-31,X002074.SZ,0.0515949167997007
2024-08-01,X002074.SZ,0.0533437378892134
2024-08-02,X600089.SH,0.0437477281865145
2024-08-05,X000063.SZ,0.0476375727748909
2024-08-06,X002241.SZ,0.0590365801694685
2024-08-07,X002241.SZ,0.0561577777057889
2024-08-08,X002241.SZ,0.0586895699813854
2024-08-09,X002049.SZ,0.0546997590424061
2024-08-12,X002241.SZ,0.0609878843295129
2024-08-13,X000063.SZ,0.0567567422900144
2024-08-14,X600584.SH,0.0456392741643875
2024-08-15,X002236.SZ,0.0487700509294192
2024-08-16,X002236.SZ,0.0495852578660207
2024-08-19,X002236.SZ,0.0412890958226489
2024-08-20,X002463.SZ,0.0460676017111864
2024-08-21,X002049.SZ,0.0545419994421309
2024-08-22,X002236.SZ,0.042341705967577
2024-08-23,X600177.SH,0.0445556890877265
2024-08-26,X600276.SH,0.0435651563598878
2024-08-27,X002236.SZ,0.0496846061019424
2024-08-28,X000063.SZ,0.0412609431123649
2024-08-29,X000596.SZ,0.0492091981262892
2024-08-30,X002236.SZ,0.0490381730681975
2024-09-02,X002241.SZ,0.0522371404972883
2024-09-03,X002241.SZ,0.0535478125618307
2024-09-04,X002475.SZ,0.0415750976934176
2024-09-05,X000977.SZ,0.0518442140446712
2024-09-06,X002241.SZ,0.0485918807084559
2024-09-09,X002241.SZ,0.0453480664798477
2024-09-10,X600519.SH,0.0518019060192928
2024-09-11,X002236.SZ,0.0504719665548435
2024-09-12,X002241.SZ,0.0514254045903354
2024-09-13,X002236.SZ,0.0528032692220158
2024-09-18,X000977.SZ,0.0463801502709165
2024-09-19,X002241.SZ,0.0545816787457819
2024-09-20,X002241.SZ,0.05533433596234
2024-09-23,X600584.SH,0.0541756611065806
2024-09-24,X000063.SZ,0.0518117442518457
2024-09-25,X600519.SH,0.0481283415245223
2024-09-26,X000063.SZ,0.0515938810788481
2024-09-27,X000063.SZ,0.0511911343132602
2024-09-30,X600584.SH,0.0758052515011769
2024-10-08,X002074.SZ,0.0517010214532809
2024-10-09,X000858.SZ,0.0584423587633565
2024-10-10,X000063.SZ,0.0587839814208098
2024-10-11,X000858.SZ,0.0599981508460233
2024-10-14,X000858.SZ,0.0656643972300252
2024-10-15,X000858.SZ,0.0696545849955228
2024-10-16,X000858.SZ,0.0748891607967695
2024-10-17,X600522.SH,0.0590245464045278
2024-10-18,X002049.SZ,0.0786410810309345
2024-10-21,X601877.SH,0.0701849964178671
2024-10-22,X000100.SZ,0.0748733276819496
2024-10-23,X000100.SZ,0.0869662039453341
2024-10-24,X000100.SZ,0.0723011247305939
2024-10-25,X002236.SZ,0.0800117416029178
2024-10-28,X000651.SZ,0.0824734692516323
2024-10-29,X601877.SH,0.0659629641101322
2024-10-30,X601877.SH,0.0688310555894085
2024-10-31,X000157.SZ,0.0905772124877657
2024-11-01,X000157.SZ,0.090991093776228
2024-11-04,X000157.SZ,0.0848158263989725
2024-11-05,X000157.SZ,0.0766179061358516
2024-11-06,X000100.SZ,0.0805058022071801
2024-11-07,X000157.SZ,0.102292163080229
2024-11-08,X002236.SZ,0.0863715536221503
2024-11-11,X600703.SH,0.0785228644175582
2024-11-12,X600703.SH,0.0814772897192505
2024-11-13,X000157.SZ,0.0798915823517075
2024-11-14,X000100.SZ,0.0846680222927664
2024-11-15,X000100.SZ,0.0796238623641374
2024-11-18,X002304.SZ,0.0779379535902226
2024-11-19,X000977.SZ,0.0882754652815257
2024-11-20,X000800.SZ,0.0744782087675221
2024-11-21,X002371.SZ,0.0738350254238441
2024-11-22,X600703.SH,0.116913717317853
2024-11-25,X000100.SZ,0.0802521397745073
2024-11-26,X000625.SZ,0.113333438496928
2024-11-27,X000625.SZ,0.111627037915746
2024-11-28,X000100.SZ,0.118204394129421
2024-11-29,X000100.SZ,0.109694947801494
2024-12-02,X000625.SZ,0.114485739074865
2024-12-03,X600031.SH,0.110231017627913
2024-12-04,X000625.SZ,0.122690431485359
2024-12-05,X600031.SH,0.128020839451486
2024-12-06,X600031.SH,0.115288518051897
2024-12-09,X600031.SH,0.145480982741096
2024-12-10,X600031.SH,0.140529788195917
2024-12-11,X000625.SZ,0.15051982359306
2024-12-12,X600031.SH,0.12608018334407
2024-12-13,X601877.SH,0.172539202729008
2024-12-16,X000338.SZ,0.0991590569693743
2024-12-17,X000157.SZ,0.0950048920042069
2024-12-18,X600031.SH,0.116756160125591
2024-12-19,X003816.SZ,0.106054251160071
2024-12-20,X003816.SZ,0.106393506363729
2024-12-23,X000338.SZ,0.125563734378991
2024-12-24,X003816.SZ,0.112506083673777
2024-12-25,X003816.SZ,0.120321641390753
2024-12-26,X600703.SH,0.104183873261713
2024-12-27,X000625.SZ,0.130651877106078
2024-12-30,X000661.SZ,0.113753689084491
2024-12-31,X000157.SZ,0.113624054254632
2025-01-02,X000157.SZ,0.118297519820815
2025-01-03,X000858.SZ,0.124893226508774
2025-01-06,X000157.SZ,0.103523060237166
2025-01-07,X002415.SZ,0.103197420952571
2025-01-08,X600372.SH,0.0924815150898884
2025-01-09,X300124.SZ,0.0909026636620906
2025-01-10,X600703.SH,0.0872215425980182
2025-01-13,X600703.SH,0.0839962795243527
2025-01-14,X000800.SZ,0.0763245681564972
2025-01-15,X002415.SZ,0.0783444366374115
2025-01-16,X000977.SZ,0.0992358097009241
2025-01-17,X000977.SZ,0.103094317851249
2025-01-20,X000977.SZ,0.0837412158558331
2025-01-21,X000977.SZ,0.104315607935267
2025-01-22,X000977.SZ,0.0817656072730163
2025-01-23,X000977.SZ,0.090534485315474
2025-01-24,X000977.SZ,0.0977034463341471
2025-01-27,X600584.SH,0.109178471239727
