date,name,lambda
2014-10-15,X002129.SZ,0.0160621435272997
2014-10-16,X002475.SZ,0.0172611803414566
2014-10-17,X600276.SH,0.0160727494161947
2014-10-20,X002236.SZ,0.0156475681002303
2014-10-21,X002236.SZ,0.0121220369734315
2014-10-22,X002236.SZ,0.0144119924341016
2014-10-23,X002236.SZ,0.0161253958047232
2014-10-24,X601877.SH,0.0186010209300003
2014-10-27,X600690.SH,0.0157493665551701
2014-10-28,X600690.SH,0.0159755547996382
2014-10-29,X600690.SH,0.0181104621589443
2014-10-30,X002475.SZ,0.0167977859172198
2014-10-31,X002475.SZ,0.0200182305386466
2014-11-03,X002304.SZ,0.0178634480930323
2014-11-04,X000559.SZ,0.0189332011609201
2014-11-05,X600435.SH,0.0207191710950091
2014-11-06,X600276.SH,0.0190675627796691
2014-11-07,X000550.SZ,0.0210198170124793
2014-11-10,X600276.SH,0.0194782201104585
2014-11-11,X600276.SH,0.0165280382505315
2014-11-12,X600276.SH,0.0124683095726683
2014-11-13,X600276.SH,0.0140897192374393
2014-11-14,X600276.SH,0.0182985888344615
2014-11-17,X600276.SH,0.018231475853821
2014-11-18,X600276.SH,0.0149245776177544
2014-11-19,X600276.SH,0.0164610845044701
2014-11-20,X600276.SH,0.0167372302233607
2014-11-21,X600177.SH,0.0167616840857501
2014-11-24,X300124.SZ,0.0161838700267558
2014-11-25,X600066.SH,0.0145307709303281
2014-11-26,X000651.SZ,0.0175554868825252
2014-11-27,X002304.SZ,0.0204451999583336
2014-11-28,X300124.SZ,0.0180311278878291
2014-12-01,X600066.SH,0.0158355070432498
2014-12-02,X600066.SH,0.0145442489409129
2014-12-03,X600435.SH,0.0163997328068572
2014-12-04,X600435.SH,0.0178235473643668
2014-12-05,X002038.SZ,0.0193278537060583
2014-12-08,X002038.SZ,0.019516028216456
2014-12-09,X002038.SZ,0.0152878740545832
2014-12-10,X600066.SH,0.0243377002251682
2014-12-11,X002038.SZ,0.0177287733976419
2014-12-12,X002038.SZ,0.0181214980612993
2014-12-15,X600066.SH,0.0232953578131992
2014-12-16,X600066.SH,0.016420520644598
2014-12-17,X000977.SZ,0.0226938029296368
2014-12-18,X002465.SZ,0.020344592161685
2014-12-19,X002292.SZ,0.0208433237198717
2014-12-22,X000651.SZ,0.0200748999572088
2014-12-23,X600809.SH,0.0201167262934692
2014-12-24,X600809.SH,0.0209700528170595
2014-12-25,X600690.SH,0.018689556841745
2014-12-26,X600066.SH,0.0205236354455028
2014-12-29,X600435.SH,0.0198531005532715
2014-12-30,X600276.SH,0.0214914123135784
2014-12-31,X601877.SH,0.0221044283648114
2015-01-05,X600276.SH,0.0208079649875342
2015-01-06,X000977.SZ,0.0215401991253398
2015-01-07,X000623.SZ,0.0223441294119913
2015-01-08,X000977.SZ,0.0224564328521064
2015-01-09,X000623.SZ,0.0196922460880517
2015-01-12,X000623.SZ,0.020946666917447
2015-01-13,X000623.SZ,0.0187217453984632
2015-01-14,X600066.SH,0.0221528137967096
2015-01-15,X000623.SZ,0.0237451555607839
2015-01-16,X002304.SZ,0.0201417510085188
2015-01-19,X000623.SZ,0.0216111004213706
2015-01-20,X000623.SZ,0.0221742434699431
2015-01-21,X002241.SZ,0.0227281917422895
2015-01-22,X000050.SZ,0.0212828961505486
2015-01-23,X002415.SZ,0.0241954186867515
2015-01-26,X000977.SZ,0.0241658046628068
2015-01-27,X002241.SZ,0.027133434567871
2015-01-28,X000977.SZ,0.0226043970285179
2015-01-29,X002241.SZ,0.0257601532683351
2015-01-30,X000050.SZ,0.0230110509028911
2015-02-02,X002241.SZ,0.0266117516154432
2015-02-03,X000869.SZ,0.025798705428993
2015-02-04,X000623.SZ,0.0276640907500623
2015-02-05,X000050.SZ,0.0271872187886839
2015-02-06,X600031.SH,0.0234525081569937
2015-02-09,X000977.SZ,0.0232159973149984
2015-02-10,X000977.SZ,0.0314581667191591
2015-02-11,X300003.SZ,0.0280640605868482
2015-02-12,X002294.SZ,0.0206828581539782
2015-02-13,X002294.SZ,0.018126711897782
2015-02-16,X600276.SH,0.0257560639537451
2015-02-17,X600276.SH,0.0253685002465795
2015-02-25,X600312.SH,0.0260891992541334
2015-02-26,X002241.SZ,0.0282196617996904
2015-02-27,X600031.SH,0.0269776000755357
2015-03-02,X000977.SZ,0.0253472154581488
2015-03-03,X000800.SZ,0.0244425758242273
2015-03-04,X600582.SH,0.0229099013209584
2015-03-05,X002236.SZ,0.021795872417174
2015-03-06,X000800.SZ,0.0238912899949298
2015-03-09,X600582.SH,0.0280455112813979
2015-03-10,X000625.SZ,0.0244764296063113
2015-03-11,X000800.SZ,0.0248043306244637
2015-03-12,X000625.SZ,0.0240607477896682
2015-03-13,X000625.SZ,0.0188043965499059
2015-03-16,X000800.SZ,0.0205667915378532
2015-03-17,X002292.SZ,0.0234491239774112
2015-03-18,X000625.SZ,0.0264272385169403
2015-03-19,X000625.SZ,0.0272780494115079
2015-03-20,X002292.SZ,0.0227266181936172
2015-03-23,X002465.SZ,0.0231250933996432
2015-03-24,X002465.SZ,0.0268511911365578
2015-03-25,X002304.SZ,0.0224172635383888
2015-03-26,X002294.SZ,0.0238892293147767
2015-03-27,X300003.SZ,0.0247454377756908
2015-03-30,X002294.SZ,0.0217071256770129
2015-03-31,X002294.SZ,0.0240878066213732
2015-04-01,X002007.SZ,0.0188855788906185
2015-04-02,X600276.SH,0.0252105735426364
2015-04-03,X002007.SZ,0.0186913834501683
2015-04-07,X002129.SZ,0.0228385674864123
2015-04-08,X002292.SZ,0.0237891053825931
2015-04-09,X002292.SZ,0.0262377529087958
2015-04-10,X600276.SH,0.0244432820199893
2015-04-13,X600276.SH,0.0249186595200729
2015-04-14,X600276.SH,0.0208700897619212
2015-04-15,X002236.SZ,0.0223932507343253
2015-04-16,X002294.SZ,0.0187418237400042
2015-04-17,X600276.SH,0.0240973403033118
2015-04-20,X600276.SH,0.0237591008554976
2015-04-21,X600276.SH,0.0218317926469428
2015-04-22,X600276.SH,0.0234488729617401
2015-04-23,X600276.SH,0.0219676439104016
2015-04-24,X600276.SH,0.0210742700447382
2015-04-27,X600276.SH,0.0223206364294602
2015-04-28,X002008.SZ,0.0269995018979792
2015-04-29,X000050.SZ,0.0293501064840474
2015-04-30,X000050.SZ,0.0277963949110454
2015-05-04,X002294.SZ,0.0285801664556404
2015-05-05,X000625.SZ,0.0209923535930274
2015-05-06,X002007.SZ,0.0300743600127682
2015-05-07,X000625.SZ,0.0263209903034906
2015-05-08,X000800.SZ,0.0225055413861499
2015-05-11,X000625.SZ,0.0262595920829175
2015-05-12,X002129.SZ,0.0303757282425281
2015-05-13,X000625.SZ,0.0267884563739152
2015-05-14,X002456.SZ,0.0289752424303501
2015-05-15,X002456.SZ,0.0287885957573609
2015-05-18,X300146.SZ,0.0282250193577928
2015-05-19,X000800.SZ,0.0299319746903717
2015-05-20,X002456.SZ,0.0280740906941029
2015-05-21,X002456.SZ,0.0315239427222868
2015-05-22,X600060.SH,0.0285883262005156
2015-05-25,X600741.SH,0.0341297597796943
2015-05-26,X600741.SH,0.0309171178356244
2015-05-27,X600741.SH,0.0339516764454326
2015-05-28,X600582.SH,0.0323343003562646
2015-05-29,X600582.SH,0.0307867759423824
2015-06-01,X600582.SH,0.0318403233727784
2015-06-02,X600582.SH,0.0303398451929331
2015-06-03,X600198.SH,0.0310378300266486
2015-06-04,X600198.SH,0.0299212450397234
2015-06-05,X600198.SH,0.0338619735948322
2015-06-08,X600198.SH,0.0354338602654318
2015-06-09,X002292.SZ,0.039027380802506
2015-06-10,X600066.SH,0.038270888190613
2015-06-11,X600198.SH,0.0345412813161107
2015-06-12,X600066.SH,0.0336142264489398
2015-06-15,X600582.SH,0.0345506353683944
2015-06-16,X600582.SH,0.0386408699094934
2015-06-17,X600741.SH,0.0419693691687305
2015-06-18,X002292.SZ,0.0367474376842186
2015-06-19,X002292.SZ,0.0381860877913596
2015-06-23,X600166.SH,0.0359152214229614
2015-06-24,X300003.SZ,0.0341466559300602
2015-06-25,X600703.SH,0.0356349983494669
2015-06-26,X000016.SZ,0.043935085952552
2015-06-29,X600166.SH,0.044551143914602
2015-06-30,X000016.SZ,0.0418524649726888
2015-07-01,X600703.SH,0.0283363801479549
2015-07-02,X600703.SH,0.0285888920856056
2015-07-03,X601877.SH,0.0408241695571165
2015-07-06,X002223.SZ,0.0431301559327591
2015-07-07,X000016.SZ,0.0408320952889367
2015-07-08,X002276.SZ,0.0410795030988782
2015-07-09,X002292.SZ,0.0417692676582869
2015-07-10,X002292.SZ,0.0464613767853982
2015-07-13,X002223.SZ,0.0482906168572369
2015-07-14,X002223.SZ,0.0431781763428964
2015-07-15,X002223.SZ,0.0529592411734948
2015-07-16,X002456.SZ,0.0469989291397455
2015-07-17,X600582.SH,0.0429937735836899
2015-07-20,X600582.SH,0.0417513813760477
2015-07-21,X600582.SH,0.0423215858332086
2015-07-22,X600703.SH,0.0360968840116484
2015-07-23,X600703.SH,0.048836829725338
2015-07-24,X600703.SH,0.04230942862319
2015-07-27,X600703.SH,0.0441836775536209
2015-07-28,X601877.SH,0.037566243816978
2015-07-29,X601877.SH,0.0331622878015688
2015-07-30,X002415.SZ,0.0362098920810566
2015-07-31,X002276.SZ,0.0448798023092317
2015-08-03,X000066.SZ,0.0513069229816498
2015-08-04,X002276.SZ,0.0307344683436781
2015-08-05,X002276.SZ,0.041207931683875
2015-08-06,X600177.SH,0.0479884974434641
2015-08-07,X300032.SZ,0.0416258989180549
2015-08-10,X000568.SZ,0.054977195176551
2015-08-11,X000858.SZ,0.0536790545090978
2015-08-12,X000568.SZ,0.0425231794172834
2015-08-13,X002506.SZ,0.0383081739315468
2015-08-14,X600435.SH,0.0549060143605179
2015-08-17,X002475.SZ,0.0449514056354447
2015-08-18,X002475.SZ,0.0405115561742656
2015-08-19,X000568.SZ,0.0465354779905473
2015-08-20,X000568.SZ,0.0355387253887263
2015-08-21,X002506.SZ,0.0372824038761832
2015-08-24,X002506.SZ,0.0361218534259073
2015-08-25,X600312.SH,0.0438982263826153
2015-08-26,X002506.SZ,0.0318982409364527
2015-08-27,X600582.SH,0.0438349726804107
2015-08-28,X600582.SH,0.0530408755130869
2015-08-31,X002465.SZ,0.0458596058995917
2015-09-01,X002465.SZ,0.039011210862366
2015-09-02,X600525.SH,0.0392528822616845
2015-09-07,X002129.SZ,0.043956506748096
2015-09-08,X002241.SZ,0.0361186959272227
2015-09-09,X002241.SZ,0.0374237970004039
2015-09-10,X002129.SZ,0.0306307572084608
2015-09-11,X002292.SZ,0.0411125389410702
2015-09-14,X002414.SZ,0.0390454187265787
2015-09-15,X600867.SH,0.0410316661442482
2015-09-16,X000016.SZ,0.0268567393416064
2015-09-17,X000016.SZ,0.0409134973174963
2015-09-18,X002292.SZ,0.0386089127910012
2015-09-21,X002292.SZ,0.037629094621257
2015-09-22,X002292.SZ,0.0420172128606565
2015-09-23,X002292.SZ,0.0407166590248136
2015-09-24,X002292.SZ,0.0383977174322811
2015-09-25,X002292.SZ,0.0525811151841551
2015-09-28,X002292.SZ,0.0338146680411584
2015-09-29,X002085.SZ,0.0499909536597282
2015-09-30,X002292.SZ,0.0475772043743185
2015-10-08,X002292.SZ,0.045728483726659
2015-10-09,X002085.SZ,0.04096377820074
2015-10-12,X002085.SZ,0.0508378101493668
2015-10-13,X002292.SZ,0.0415609467018492
2015-10-14,X002292.SZ,0.0462007769246205
2015-10-15,X002129.SZ,0.0425152941319945
2015-10-16,X002129.SZ,0.0406787975012921
2015-10-19,X002415.SZ,0.0485799431997898
2015-10-20,X002292.SZ,0.0468302620715619
2015-10-21,X002292.SZ,0.0419893461587318
2015-10-22,X002415.SZ,0.0474776561085627
2015-10-23,X600582.SH,0.0400091821435217
2015-10-26,X002292.SZ,0.0387239558427893
2015-10-27,X002292.SZ,0.0454369727312338
2015-10-28,X002236.SZ,0.0484168625126253
2015-10-29,X002292.SZ,0.04670167334594
2015-10-30,X002292.SZ,0.0477369356402883
2015-11-02,X002415.SZ,0.0353376775992756
2015-11-03,X002180.SZ,0.0457024656575381
2015-11-04,X002180.SZ,0.0408057315424241
2015-11-05,X002008.SZ,0.0404314934972945
2015-11-06,X002180.SZ,0.0319491119539132
2015-11-09,X002180.SZ,0.0291836502184466
2015-11-10,X300003.SZ,0.0403781106567837
2015-11-11,X002180.SZ,0.03067947973801
2015-11-12,X300003.SZ,0.0397879014565779
2015-11-13,X600839.SH,0.036559656390641
2015-11-16,X300003.SZ,0.0335024066582129
2015-11-17,X002292.SZ,0.0357889531719952
2015-11-18,X600276.SH,0.0408173395635466
2015-11-19,X600276.SH,0.0382943047288163
2015-11-20,X600276.SH,0.0353102654193556
2015-11-23,X600276.SH,0.0331156274289307
2015-11-24,X002426.SZ,0.0297535626730061
2015-11-25,X002426.SZ,0.0325348655220853
2015-11-26,X002426.SZ,0.0379321050242438
2015-11-27,X002426.SZ,0.032098885737717
2015-11-30,X600276.SH,0.0320269259749876
2015-12-01,X600104.SH,0.034020193236376
2015-12-02,X600276.SH,0.0277511259210133
2015-12-03,X600690.SH,0.0320380295948748
2015-12-04,X600867.SH,0.0357764770506786
2015-12-07,X000651.SZ,0.032971009428464
2015-12-08,X600276.SH,0.0311743461132195
2015-12-09,X600276.SH,0.0267433555618135
2015-12-10,X600690.SH,0.0308943397033541
2015-12-11,X600066.SH,0.0321291119511924
2015-12-14,X002292.SZ,0.0310116516361119
2015-12-15,X000858.SZ,0.0305775205746989
2015-12-16,X002506.SZ,0.0311242406122926
2015-12-17,X000858.SZ,0.0218820259331828
2015-12-18,X600582.SH,0.0285918247879623
2015-12-21,X600582.SH,0.0196045801711553
2015-12-22,X002475.SZ,0.0275576120120799
2015-12-23,X002506.SZ,0.0283832762178132
2015-12-24,X600582.SH,0.0222048934916357
2015-12-25,X601877.SH,0.0204138417563847
2015-12-28,X002475.SZ,0.0224151651642977
2015-12-29,X601877.SH,0.0299530198942509
2015-12-30,X002241.SZ,0.0212554476948039
2015-12-31,X002475.SZ,0.0230872015506419
2016-01-04,X601877.SH,0.0218296714969768
2016-01-05,X601877.SH,0.0261936512166862
2016-01-06,X601877.SH,0.0240282019516519
2016-01-07,X601877.SH,0.0242680851116876
2016-01-08,X000858.SZ,0.0255786599789608
2016-01-11,X002465.SZ,0.0283071611299504
2016-01-12,X002465.SZ,0.0248797004590263
2016-01-13,X002426.SZ,0.0261794124088591
2016-01-14,X002426.SZ,0.0268160445669035
2016-01-15,X300003.SZ,0.0287557204701843
2016-01-18,X002049.SZ,0.0333015398807976
2016-01-19,X002465.SZ,0.0248607183318652
2016-01-20,X002415.SZ,0.028317529231022
2016-01-21,X002465.SZ,0.0252753093526139
2016-01-22,X002049.SZ,0.0198646421259144
2016-01-25,X002465.SZ,0.0154078483003415
2016-01-26,X002074.SZ,0.0297323717318036
2016-01-27,X002465.SZ,0.0129896751955403
2016-01-28,X002465.SZ,0.0172345151234908
2016-01-29,X002465.SZ,0.0271636957534913
2016-02-01,X002465.SZ,0.0198573540794367
2016-02-02,X601877.SH,0.0271734867312134
2016-02-03,X000550.SZ,0.027018656247427
2016-02-04,X002049.SZ,0.0252009769216878
2016-02-05,X002049.SZ,0.0252420828368186
2016-02-15,X002074.SZ,0.0261021679686295
2016-02-16,X002049.SZ,0.0246794514271593
2016-02-17,X601877.SH,0.0245177997649423
2016-02-18,X601877.SH,0.0201787477249273
2016-02-19,X000157.SZ,0.0236783932919972
2016-02-22,X600690.SH,0.0269028889576566
2016-02-23,X600690.SH,0.0254972661337145
2016-02-24,X600690.SH,0.0255282875221978
2016-02-25,X002074.SZ,0.0242833995396146
2016-02-26,X600690.SH,0.0282337472454018
2016-02-29,X002074.SZ,0.020319724684551
2016-03-01,X002074.SZ,0.0188353694712088
2016-03-02,X002074.SZ,0.0192575833391753
2016-03-03,X002180.SZ,0.0250626957620976
2016-03-04,X002465.SZ,0.0250781568446166
2016-03-07,X600690.SH,0.020579224725439
2016-03-08,X600690.SH,0.0265130332590361
2016-03-09,X600690.SH,0.0196064809289477
2016-03-10,X600690.SH,0.018140673802296
2016-03-11,X600690.SH,0.0205447979020636
2016-03-14,X002049.SZ,0.0167469589578997
2016-03-15,X002049.SZ,0.0151113190478289
2016-03-16,X002049.SZ,0.0158521413778381
2016-03-17,X600690.SH,0.0187945624882489
2016-03-18,X600690.SH,0.0163955209493923
2016-03-21,X600690.SH,0.0150530482611797
2016-03-22,X600690.SH,0.0200767573980885
2016-03-23,X600690.SH,0.0264816117367951
2016-03-24,X600699.SH,0.0217190371467494
2016-03-25,X600699.SH,0.021004753598152
2016-03-28,X600690.SH,0.0203897331559087
2016-03-29,X002049.SZ,0.021127132121887
2016-03-30,X002049.SZ,0.0219220284304742
2016-03-31,X002049.SZ,0.0180421493608241
2016-04-01,X002049.SZ,0.0181175994594697
2016-04-05,X002049.SZ,0.0181238995053023
2016-04-06,X600699.SH,0.0201576080179441
2016-04-07,X002049.SZ,0.0145136899877733
2016-04-08,X600690.SH,0.0186028359615193
2016-04-11,X600690.SH,0.0224960740294009
2016-04-12,X002049.SZ,0.0172704491044137
2016-04-13,X002049.SZ,0.0157207884869448
2016-04-14,X600519.SH,0.0201586864071524
2016-04-15,X002049.SZ,0.0201409504425024
2016-04-18,X002512.SZ,0.017001074509653
2016-04-19,X002049.SZ,0.0171013329038657
2016-04-20,X002049.SZ,0.0177765656530467
2016-04-21,X002049.SZ,0.0157823277233768
2016-04-22,X600690.SH,0.0164182876512835
2016-04-25,X600690.SH,0.0186262254387974
2016-04-26,X002049.SZ,0.0163948671283799
2016-04-27,X002049.SZ,0.0130763487484677
2016-04-28,X002049.SZ,0.0145670782917593
2016-04-29,X002426.SZ,0.01943111459024
2016-05-03,X002049.SZ,0.0186935740244953
2016-05-04,X000981.SZ,0.0164298478359225
2016-05-05,X000981.SZ,0.017400064398517
2016-05-06,X002241.SZ,0.0182455505432916
2016-05-09,X002241.SZ,0.018018304101773
2016-05-10,X002074.SZ,0.0193624581410813
2016-05-11,X600519.SH,0.0149102819296806
2016-05-12,X600519.SH,0.0156904826485665
2016-05-13,X000981.SZ,0.0154737540933813
2016-05-16,X000981.SZ,0.0145890002571691
2016-05-17,X000981.SZ,0.0150156039528163
2016-05-18,X000651.SZ,0.0171698961382809
2016-05-19,X000981.SZ,0.0160650319826977
2016-05-20,X000981.SZ,0.0163611133344515
2016-05-23,X000981.SZ,0.0164963221902718
2016-05-24,X600519.SH,0.0167334476641018
2016-05-25,X000981.SZ,0.0170387352417398
2016-05-26,X600519.SH,0.0158849365777717
2016-05-27,X002426.SZ,0.0176886766373032
2016-05-30,X002180.SZ,0.0156745549791518
2016-05-31,X600519.SH,0.0164950769399654
2016-06-01,X000568.SZ,0.0157819682193724
2016-06-02,X002475.SZ,0.0176802528658808
2016-06-03,X002085.SZ,0.0159952581426792
2016-06-06,X600519.SH,0.0145586388689314
2016-06-07,X002085.SZ,0.0146447034544243
2016-06-08,X002085.SZ,0.0150931107202756
2016-06-13,X002085.SZ,0.0113151438901859
2016-06-14,X002085.SZ,0.0119102950841497
2016-06-15,X002508.SZ,0.0158854470414877
2016-06-16,X002085.SZ,0.0150604877097991
2016-06-17,X600276.SH,0.0156077692715469
2016-06-20,X000568.SZ,0.0155563782492181
2016-06-21,X002007.SZ,0.0157403100988859
2016-06-22,X002426.SZ,0.0142439620881858
2016-06-23,X002085.SZ,0.0164252208029917
2016-06-24,X002426.SZ,0.0169897622487588
2016-06-27,X002426.SZ,0.0169380788599482
2016-06-28,X002426.SZ,0.0171326310074244
2016-06-29,X002426.SZ,0.0174613043427675
2016-06-30,X600372.SH,0.0159762406203396
2016-07-01,X600372.SH,0.0153039959726727
2016-07-04,X002085.SZ,0.0135250449042494
2016-07-05,X002180.SZ,0.0179785442286215
2016-07-06,X000568.SZ,0.0160599899265387
2016-07-07,X002180.SZ,0.013754711139995
2016-07-08,X600519.SH,0.0144343406992611
2016-07-11,X000596.SZ,0.0133164118604859
2016-07-12,X600519.SH,0.0173870463368483
2016-07-13,X002180.SZ,0.0150848408704169
2016-07-14,X002180.SZ,0.016977119672077
2016-07-15,X002180.SZ,0.0162494253696678
2016-07-18,X002508.SZ,0.0156220507556508
2016-07-19,X002180.SZ,0.016164153420069
2016-07-20,X002180.SZ,0.0163034787722275
2016-07-21,X002180.SZ,0.0158888606841295
2016-07-22,X002426.SZ,0.0152546161533828
2016-07-25,X600066.SH,0.017292671726405
2016-07-26,X002508.SZ,0.019983832772042
2016-07-27,X600276.SH,0.0199675672676235
2016-07-28,X002180.SZ,0.0175784223040517
2016-07-29,X600066.SH,0.0143829528326358
2016-08-01,X600066.SH,0.011909136790979
2016-08-02,X600741.SH,0.0156193297021991
2016-08-03,X002456.SZ,0.0168368865106293
2016-08-04,X002456.SZ,0.0177186257132257
2016-08-05,X002456.SZ,0.0166784595147082
2016-08-08,X600703.SH,0.0155660456542832
2016-08-09,X600703.SH,0.0168812361950036
2016-08-10,X600703.SH,0.0173420336089145
2016-08-11,X002085.SZ,0.0150192357911911
2016-08-12,X002085.SZ,0.0147824330812563
2016-08-15,X600741.SH,0.0152034780011619
2016-08-16,X600741.SH,0.0149636356739505
2016-08-17,X002074.SZ,0.0113893150149233
2016-08-18,X002074.SZ,0.0107619749803353
2016-08-19,X002074.SZ,0.0111111066013914
2016-08-22,X600741.SH,0.0171323902160937
2016-08-23,X002074.SZ,0.0104490904607877
2016-08-24,X002074.SZ,0.0130865974677048
2016-08-25,X002074.SZ,0.0101448166236074
2016-08-26,X002508.SZ,0.0133814207317482
2016-08-29,X002074.SZ,0.0172514992823313
2016-08-30,X002074.SZ,0.0170667000582772
2016-08-31,X300003.SZ,0.0153038265045975
2016-09-01,X002074.SZ,0.0161071656288804
2016-09-02,X002415.SZ,0.0151331085924721
2016-09-05,X002085.SZ,0.0121878609696913
2016-09-06,X002085.SZ,0.0145651946002905
2016-09-07,X002085.SZ,0.0127227509168443
2016-09-08,X002074.SZ,0.0137086061328579
2016-09-09,X002074.SZ,0.0113011927595204
2016-09-12,X002415.SZ,0.0153170895712563
2016-09-13,X000338.SZ,0.0108864197789588
2016-09-14,X000338.SZ,0.0147656220822779
2016-09-19,X002074.SZ,0.0124393860782027
2016-09-20,X000338.SZ,0.0119850233688364
2016-09-21,X600867.SH,0.0124048432265687
2016-09-22,X000568.SZ,0.0152660984408419
2016-09-23,X600703.SH,0.014151282014027
2016-09-26,X600867.SH,0.0133892054079239
2016-09-27,X002074.SZ,0.0136215445645915
2016-09-28,X002074.SZ,0.0128575128962814
2016-09-29,X600703.SH,0.0139663862933642
2016-09-30,X600703.SH,0.0138631338494089
2016-10-10,X000338.SZ,0.0156525021501656
2016-10-11,X000338.SZ,0.01567314974616
2016-10-12,X002415.SZ,0.014223483064238
2016-10-13,X600703.SH,0.0151044232175661
2016-10-14,X002007.SZ,0.0146645210464438
2016-10-17,X600487.SH,0.0127742722337868
2016-10-18,X600487.SH,0.0134399675057613
2016-10-19,X600703.SH,0.015635564483255
2016-10-20,X600566.SH,0.0139069051317174
2016-10-21,X600566.SH,0.0148167767640704
2016-10-24,X300115.SZ,0.0149393334251714
2016-10-25,X002415.SZ,0.0139414390386837
2016-10-26,X000651.SZ,0.0132453502564368
2016-10-27,X002415.SZ,0.0128572914853156
2016-10-28,X000651.SZ,0.0126015917757387
2016-10-31,X600104.SH,0.0134292354723385
2016-11-01,X600066.SH,0.0152967086275625
2016-11-02,X002508.SZ,0.0123297130411369
2016-11-03,X002456.SZ,0.0105054227460195
2016-11-04,X002465.SZ,0.0122267775299675
2016-11-07,X600276.SH,0.0107771153340501
2016-11-08,X002465.SZ,0.0120038693955361
2016-11-09,X002180.SZ,0.0128551625804658
2016-11-10,X002180.SZ,0.0130220209732563
2016-11-11,X300003.SZ,0.0125756185575872
2016-11-14,X002180.SZ,0.0119559628142453
2016-11-15,X002180.SZ,0.0116926041206167
2016-11-16,X002456.SZ,0.011089784033213
2016-11-17,X002456.SZ,0.0108907986918869
2016-11-18,X002456.SZ,0.0124038774747214
2016-11-21,X002074.SZ,0.0124109895863808
2016-11-22,X002074.SZ,0.0124091431741071
2016-11-23,X300124.SZ,0.00883470746777392
2016-11-24,X000550.SZ,0.0103495817622257
2016-11-25,X600498.SH,0.0127244108731863
2016-11-28,X000651.SZ,0.0123518131243684
2016-11-29,X300136.SZ,0.0132236003213532
2016-11-30,X300136.SZ,0.0132872228320172
2016-12-01,X002456.SZ,0.00999267398786682
2016-12-02,X002456.SZ,0.0110661701830509
2016-12-05,X002456.SZ,0.0117630163648695
2016-12-06,X002508.SZ,0.0132457978152052
2016-12-07,X002085.SZ,0.0124299848368761
2016-12-08,X002456.SZ,0.012738198542566
2016-12-09,X300136.SZ,0.011689265527603
2016-12-12,X300136.SZ,0.00996197687475521
2016-12-13,X300136.SZ,0.0107498952344456
2016-12-14,X000725.SZ,0.0124938502386242
2016-12-15,X000725.SZ,0.0108722186204732
2016-12-16,X300003.SZ,0.0142624331657656
2016-12-19,X600741.SH,0.0116929970721623
2016-12-20,X002007.SZ,0.0118959479020019
2016-12-21,X600741.SH,0.0110838277056729
2016-12-22,X600276.SH,0.0114217948140016
2016-12-23,X600104.SH,0.0100173612605528
2016-12-26,X600276.SH,0.0115982072342075
2016-12-27,X600276.SH,0.0123102893377215
2016-12-28,X600276.SH,0.0121725145373789
2016-12-29,X000536.SZ,0.0127447245861369
2016-12-30,X000981.SZ,0.0114570680584791
2017-01-03,X000981.SZ,0.011994420943518
2017-01-04,X000981.SZ,0.00937672424429027
2017-01-05,X002294.SZ,0.0117310257410816
2017-01-06,X000981.SZ,0.0114561806479177
2017-01-09,X000651.SZ,0.0109139692257742
2017-01-10,X600690.SH,0.0108053751752061
2017-01-11,X600276.SH,0.011747573143814
2017-01-12,X000981.SZ,0.0109523860770616
2017-01-13,X600276.SH,0.0126758131380089
2017-01-16,X000550.SZ,0.0120303970849408
2017-01-17,X002294.SZ,0.0108967864027256
2017-01-18,X002475.SZ,0.0129317353388123
2017-01-19,X002294.SZ,0.0126640150424594
2017-01-20,X002294.SZ,0.0120558306871703
2017-01-23,X002475.SZ,0.0115951173137469
2017-01-24,X600276.SH,0.0117697554461
2017-01-25,X000651.SZ,0.0129134995880327
2017-01-26,X300003.SZ,0.0119359093225194
2017-02-03,X600699.SH,0.0146839620639464
2017-02-06,X600699.SH,0.0142150996236843
2017-02-07,X600276.SH,0.0125964945785653
2017-02-08,X002241.SZ,0.0130615993495134
2017-02-09,X600276.SH,0.0106130219792715
2017-02-10,X000066.SZ,0.0150857269356436
2017-02-13,X600104.SH,0.0141785427994483
2017-02-14,X000100.SZ,0.0122522971092844
2017-02-15,X600104.SH,0.0140525110298993
2017-02-16,X600104.SH,0.0135128568797022
2017-02-17,X600104.SH,0.0138608614635536
2017-02-20,X002475.SZ,0.00794834581307415
2017-02-21,X600276.SH,0.0122960127651558
2017-02-22,X002475.SZ,0.0120440782336576
2017-02-23,X002475.SZ,0.0126468311013039
2017-02-24,X600276.SH,0.0147905301314085
2017-02-27,X600690.SH,0.0139452732440258
2017-02-28,X600276.SH,0.0115142876030128
2017-03-01,X600276.SH,0.0125739931433243
2017-03-02,X002475.SZ,0.0110214372711216
2017-03-03,X002180.SZ,0.0123891850989989
2017-03-06,X002180.SZ,0.0128425860312106
2017-03-07,X002180.SZ,0.0124710284053877
2017-03-08,X002456.SZ,0.0138578382675743
2017-03-09,X002292.SZ,0.0115191428451013
2017-03-10,X002415.SZ,0.0141237721326143
2017-03-13,X300136.SZ,0.0130661352044067
2017-03-14,X600703.SH,0.0122779971987606
2017-03-15,X600690.SH,0.0142277785985857
2017-03-16,X600690.SH,0.0112840436276322
2017-03-17,X600276.SH,0.0119689991479149
2017-03-20,X600690.SH,0.0120090097567085
2017-03-21,X600118.SH,0.0117323818877324
2017-03-22,X600104.SH,0.0113279249120559
2017-03-23,X600104.SH,0.0108471502271981
2017-03-24,X600271.SH,0.00901769340894963
2017-03-27,X600271.SH,0.010616882810988
2017-03-28,X002508.SZ,0.0112218529575107
2017-03-29,X600271.SH,0.0101697656253918
2017-03-30,X002180.SZ,0.0116321073474075
2017-03-31,X002508.SZ,0.0119112864071436
2017-04-05,X002456.SZ,0.0114142302347503
2017-04-06,X600271.SH,0.0128053945613636
2017-04-07,X000338.SZ,0.0139358369756113
2017-04-10,X000338.SZ,0.0130360085353417
2017-04-11,X600487.SH,0.01335850144629
2017-04-12,X600104.SH,0.012182699741422
2017-04-13,X000063.SZ,0.0131611455818721
2017-04-14,X002456.SZ,0.0122528927237058
2017-04-17,X000338.SZ,0.0111322008042181
2017-04-18,X000338.SZ,0.0127402282055483
2017-04-19,X000625.SZ,0.0116469132663474
2017-04-20,X300003.SZ,0.0109932845550295
2017-04-21,X300003.SZ,0.0129008284125461
2017-04-24,X300003.SZ,0.0127723359329426
2017-04-25,X300003.SZ,0.0120852682082769
2017-04-26,X002008.SZ,0.0117709692846355
2017-04-27,X002008.SZ,0.00922747049770615
2017-04-28,X002008.SZ,0.0120074344323305
2017-05-02,X002008.SZ,0.0112334266823791
2017-05-03,X600104.SH,0.0131488966088822
2017-05-04,X002008.SZ,0.0137438977096523
2017-05-05,X002008.SZ,0.0129681975488977
2017-05-08,X002475.SZ,0.0143373216224835
2017-05-09,X002508.SZ,0.0126226822654851
2017-05-10,X002008.SZ,0.0121907405431132
2017-05-11,X002508.SZ,0.0130573066015071
2017-05-12,X002508.SZ,0.0127579209326008
2017-05-15,X002180.SZ,0.0117230313860333
2017-05-16,X002508.SZ,0.0137344792770567
2017-05-17,X600690.SH,0.0160533851234483
2017-05-18,X600271.SH,0.0145831297894331
2017-05-19,X600867.SH,0.0148994887510764
2017-05-22,X000063.SZ,0.0125351793746318
2017-05-23,X000063.SZ,0.0121160228141943
2017-05-24,X000063.SZ,0.0102291685375737
2017-05-25,X000063.SZ,0.010583787089031
2017-05-26,X002085.SZ,0.0131368997036372
2017-05-31,X600741.SH,0.0133353602819709
2017-06-01,X002085.SZ,0.0128744424952613
2017-06-02,X600741.SH,0.0136187717701498
2017-06-05,X002508.SZ,0.0138482969936789
2017-06-06,X600566.SH,0.0121655768157846
2017-06-07,X600031.SH,0.0101487385178451
2017-06-08,X600271.SH,0.0123324352137266
2017-06-09,X600566.SH,0.0115036301818357
2017-06-12,X600271.SH,0.0129119232286873
2017-06-13,X600566.SH,0.011980372510212
2017-06-14,X600031.SH,0.010493777488147
2017-06-15,X600031.SH,0.0131656449176487
2017-06-16,X600089.SH,0.0123739248169511
2017-06-19,X600699.SH,0.0126135758352561
2017-06-20,X600566.SH,0.0119869696505346
2017-06-21,X600066.SH,0.0144390959565616
2017-06-22,X600566.SH,0.0108435410449331
2017-06-23,X002085.SZ,0.0152913660676736
2017-06-26,X002085.SZ,0.0125853796855094
2017-06-27,X002085.SZ,0.015511841061447
2017-06-28,X600703.SH,0.0144369511892366
2017-06-29,X600271.SH,0.0149454169496329
2017-06-30,X002085.SZ,0.0140102613444445
2017-07-03,X600271.SH,0.0133913784000149
2017-07-04,X600271.SH,0.012856181971509
2017-07-05,X002007.SZ,0.0145503324689346
2017-07-06,X002085.SZ,0.0176656590453996
2017-07-07,X002304.SZ,0.0152688193380989
2017-07-10,X600566.SH,0.0157454682546656
2017-07-11,X600566.SH,0.0150722974547337
2017-07-12,X000100.SZ,0.0151991034254403
2017-07-13,X600699.SH,0.0160012265276595
2017-07-14,X600699.SH,0.0149875982498532
2017-07-17,X600031.SH,0.0187450361101959
2017-07-18,X600566.SH,0.0185315514783706
2017-07-19,X000559.SZ,0.017127772989798
2017-07-20,X300136.SZ,0.0175766358852834
2017-07-21,X600566.SH,0.0154064501295105
2017-07-24,X600690.SH,0.0153803385560226
2017-07-25,X600690.SH,0.0159638727506078
2017-07-26,X600177.SH,0.0160341375975875
2017-07-27,X300115.SZ,0.0171554703066699
2017-07-28,X600487.SH,0.0145078017066973
2017-07-31,X002085.SZ,0.0156488320610874
2017-08-01,X600104.SH,0.0166378266428375
2017-08-02,X600104.SH,0.014902438163903
2017-08-03,X002085.SZ,0.0169096130374821
2017-08-04,X600066.SH,0.0172439904227295
2017-08-07,X600066.SH,0.0146618592011542
2017-08-08,X300003.SZ,0.0164857233564295
2017-08-09,X000981.SZ,0.0148504678390074
2017-08-10,X600271.SH,0.0142667292832527
2017-08-11,X600104.SH,0.0130770315336631
2017-08-14,X002085.SZ,0.0155717579988509
2017-08-15,X300003.SZ,0.0141933274260623
2017-08-16,X300003.SZ,0.0125855426522367
2017-08-17,X600276.SH,0.0142359502105864
2017-08-18,X600809.SH,0.011332703697003
2017-08-21,X600809.SH,0.01439023312859
2017-08-22,X600809.SH,0.0158401407824433
2017-08-23,X300115.SZ,0.0161932738154325
2017-08-24,X000981.SZ,0.0144816714945698
2017-08-25,X000981.SZ,0.0140936716525184
2017-08-28,X000981.SZ,0.0140957551515342
2017-08-29,X000981.SZ,0.0151769653456781
2017-08-30,X000338.SZ,0.0151646703717262
2017-08-31,X000981.SZ,0.0151671467157438
2017-09-01,X600276.SH,0.0160357762379081
2017-09-04,X600276.SH,0.0130654581385132
2017-09-05,X600276.SH,0.0134937303151316
2017-09-06,X600104.SH,0.0162709462732496
2017-09-07,X600276.SH,0.0133294505110113
2017-09-08,X600487.SH,0.0136920913380922
2017-09-11,X600066.SH,0.0161230256980753
2017-09-12,X000100.SZ,0.0155201611825049
2017-09-13,X000050.SZ,0.0142304988373517
2017-09-14,X600104.SH,0.0154825382721448
2017-09-15,X002456.SZ,0.0135381695582047
2017-09-18,X002456.SZ,0.0149484124182784
2017-09-19,X002294.SZ,0.0155239498229746
2017-09-20,X600741.SH,0.0145760279797675
2017-09-21,X002456.SZ,0.0167031974958557
2017-09-22,X000651.SZ,0.0166653443435834
2017-09-25,X002456.SZ,0.0154131052745095
2017-09-26,X300003.SZ,0.0145368484688829
2017-09-27,X002294.SZ,0.0166820794408607
2017-09-28,X600703.SH,0.015696163107022
2017-09-29,X600690.SH,0.0166695188980075
2017-10-09,X000050.SZ,0.0172780120144611
2017-10-10,X600104.SH,0.0159412497461799
2017-10-11,X600104.SH,0.0149625088812537
2017-10-12,X600487.SH,0.0142698899600415
2017-10-13,X600566.SH,0.0127944219698905
2017-10-16,X600566.SH,0.0135655359575447
2017-10-17,X600566.SH,0.0163550406719421
2017-10-18,X002236.SZ,0.0157969702516102
2017-10-19,X600104.SH,0.0155353489087849
2017-10-20,X000596.SZ,0.0164660424429704
2017-10-23,X300003.SZ,0.0138954923645237
2017-10-24,X000596.SZ,0.0168208705277286
2017-10-25,X600566.SH,0.0168834250287122
2017-10-26,X300003.SZ,0.0136510231075064
2017-10-27,X300003.SZ,0.0142088549361433
2017-10-30,X300003.SZ,0.0152474556227593
2017-10-31,X000050.SZ,0.0184828211687073
2017-11-01,X002475.SZ,0.0189002626304155
2017-11-02,X002475.SZ,0.0173287671208619
2017-11-03,X000596.SZ,0.0180781599080673
2017-11-06,X002180.SZ,0.016620341645529
2017-11-07,X000596.SZ,0.0156846047738828
2017-11-08,X000596.SZ,0.0159253459544759
2017-11-09,X600118.SH,0.0159669554636175
2017-11-10,X002180.SZ,0.0164873508087519
2017-11-13,X000596.SZ,0.0158544855789513
2017-11-14,X600699.SH,0.0189463265784055
2017-11-15,X600177.SH,0.0180641674565114
2017-11-16,X600699.SH,0.0179855036733286
2017-11-17,X002456.SZ,0.0209448902660867
2017-11-20,X600699.SH,0.0161980978715245
2017-11-21,X600699.SH,0.0194635231615336
2017-11-22,X002236.SZ,0.0147542278852361
2017-11-23,X000625.SZ,0.0181848181210741
2017-11-24,X002236.SZ,0.0222218002325394
2017-11-27,X002241.SZ,0.0178329084457107
2017-11-28,X002456.SZ,0.0175084007768953
2017-11-29,X600031.SH,0.0185495917743824
2017-11-30,X600031.SH,0.0185043118846767
2017-12-01,X600031.SH,0.0176947567827797
2017-12-04,X300142.SZ,0.0201056529815309
2017-12-05,X000625.SZ,0.0188231683568623
2017-12-06,X000625.SZ,0.0163896549726208
2017-12-07,X000625.SZ,0.0165790153048001
2017-12-08,X600177.SH,0.0211959989447706
2017-12-11,X300142.SZ,0.0204366381204243
2017-12-12,X300142.SZ,0.0213972363239723
2017-12-13,X600177.SH,0.022640663517211
2017-12-14,X600177.SH,0.0202399309920013
2017-12-15,X002241.SZ,0.0218545693045584
2017-12-18,X002179.SZ,0.02055648069693
2017-12-19,X000063.SZ,0.0195646494698253
2017-12-20,X601877.SH,0.0202346470520208
2017-12-21,X000981.SZ,0.0206384391638897
2017-12-22,X300142.SZ,0.019746897410075
2017-12-25,X300142.SZ,0.0218923076745295
2017-12-26,X002241.SZ,0.0141198387775675
2017-12-27,X002180.SZ,0.0200016325286242
2017-12-28,X002456.SZ,0.0202541595809729
2017-12-29,X002456.SZ,0.0201792156668597
2018-01-02,X600271.SH,0.0202781679029313
2018-01-03,X600271.SH,0.0163701044448465
2018-01-04,X600271.SH,0.0157880483199604
2018-01-05,X600271.SH,0.0199007400951479
2018-01-08,X600741.SH,0.0217807928586984
2018-01-09,X600271.SH,0.017712401079184
2018-01-10,X000157.SZ,0.0205060099268117
2018-01-11,X000157.SZ,0.0188536244122572
2018-01-12,X601877.SH,0.0193182335713417
2018-01-15,X002179.SZ,0.0189924459703349
2018-01-16,X600741.SH,0.0201796835151587
2018-01-17,X600271.SH,0.0201133822603789
2018-01-18,X600271.SH,0.0226945163485029
2018-01-19,X600066.SH,0.0181971516752107
2018-01-22,X600271.SH,0.0176938039436378
2018-01-23,X600271.SH,0.0176026301160827
2018-01-24,X600271.SH,0.0168861419079952
2018-01-25,X600741.SH,0.0168191582232184
2018-01-26,X600741.SH,0.0178743238478976
2018-01-29,X600271.SH,0.0169133189170476
2018-01-30,X600066.SH,0.0173271758579239
2018-01-31,X600066.SH,0.017298620906884
2018-02-01,X600271.SH,0.0179236003326943
2018-02-02,X600271.SH,0.0167660417611401
2018-02-05,X002456.SZ,0.0178619742875783
2018-02-06,X600031.SH,0.0185765727261045
2018-02-07,X600271.SH,0.0180956680931995
2018-02-08,X601877.SH,0.0146492588103746
2018-02-09,X600741.SH,0.0174327256134939
2018-02-12,X600741.SH,0.02161459936449
2018-02-13,X002415.SZ,0.017187831714004
2018-02-14,X600066.SH,0.0172538416673205
2018-02-22,X600741.SH,0.0154511896397671
2018-02-23,X600741.SH,0.0169468337041075
2018-02-26,X600741.SH,0.0165060067594723
2018-02-27,X601877.SH,0.0190775996884031
2018-02-28,X600741.SH,0.0165842959021932
2018-03-01,X600741.SH,0.0204887209525703
2018-03-02,X600741.SH,0.0177681622326974
2018-03-05,X600741.SH,0.0185954102131754
2018-03-06,X600487.SH,0.0185707330243862
2018-03-07,X600487.SH,0.0210896810521758
2018-03-08,X000651.SZ,0.0185345174423119
2018-03-09,X000651.SZ,0.0171120507225839
2018-03-12,X600498.SH,0.0192953403583698
2018-03-13,X002508.SZ,0.0203417100502562
2018-03-14,X000651.SZ,0.0168913223123057
2018-03-15,X000100.SZ,0.0200235841640944
2018-03-16,X000100.SZ,0.0196521014072161
2018-03-19,X000050.SZ,0.0191333439990262
2018-03-20,X000100.SZ,0.0200722021622132
2018-03-21,X000050.SZ,0.0198650430737543
2018-03-22,X002475.SZ,0.0195874414710375
2018-03-23,X002007.SZ,0.0207880240023838
2018-03-26,X600741.SH,0.0151336701758906
2018-03-27,X002294.SZ,0.0200360743617405
2018-03-28,X002294.SZ,0.0180776170901571
2018-03-29,X002294.SZ,0.0166115486164736
2018-03-30,X601877.SH,0.0167400564777
2018-04-02,X000661.SZ,0.023178483455613
2018-04-03,X002294.SZ,0.0214051154381752
2018-04-04,X600487.SH,0.0219361130760258
2018-04-09,X002007.SZ,0.019230338453275
2018-04-10,X600487.SH,0.0164411949317893
2018-04-11,X600867.SH,0.0200176039492163
2018-04-12,X000981.SZ,0.0205654738388301
2018-04-13,X600566.SH,0.017170536483355
2018-04-16,X000977.SZ,0.0182637308359845
2018-04-17,X600566.SH,0.0182770421430651
2018-04-18,X002008.SZ,0.0223686277795883
2018-04-19,X600566.SH,0.0190661397212049
2018-04-20,X600566.SH,0.0203452409836658
2018-04-23,X000981.SZ,0.0204311122748498
2018-04-24,X002456.SZ,0.0206151270366327
2018-04-25,X600104.SH,0.0221459553862904
2018-04-26,X002129.SZ,0.0229212630505195
2018-04-27,X601877.SH,0.0197093123839435
2018-05-02,X600522.SH,0.0195781227495293
2018-05-03,X600522.SH,0.0201703436863722
2018-05-04,X600522.SH,0.0208318941517539
2018-05-07,X600522.SH,0.0176515225145243
2018-05-08,X600522.SH,0.0186314295454612
2018-05-09,X600522.SH,0.0182928684871779
2018-05-10,X600522.SH,0.0176638236812528
2018-05-11,X600522.SH,0.0164740598722426
2018-05-14,X600522.SH,0.0178270068654203
2018-05-15,X600522.SH,0.0182214039161453
2018-05-16,X600177.SH,0.0189083953825172
2018-05-17,X600177.SH,0.0168695729944506
2018-05-18,X600177.SH,0.0188564623440307
2018-05-21,X600177.SH,0.0180756112944124
2018-05-22,X600066.SH,0.0178901974464089
2018-05-23,X600177.SH,0.0175147621379615
2018-05-24,X600177.SH,0.0193498271279219
2018-05-25,X300136.SZ,0.013762220344103
2018-05-28,X000338.SZ,0.0174729508311264
2018-05-29,X000977.SZ,0.0195867127639875
2018-05-30,X601877.SH,0.0152738489117409
2018-05-31,X600809.SH,0.0190752002813001
2018-06-01,X601877.SH,0.0173502304081257
2018-06-04,X600703.SH,0.0187791044419365
2018-06-05,X000977.SZ,0.0195473114484735
2018-06-06,X002179.SZ,0.0209588349824502
2018-06-07,X002179.SZ,0.022193899659795
2018-06-08,X000977.SZ,0.0169138770059815
2018-06-11,X000977.SZ,0.0166154279124786
2018-06-12,X002008.SZ,0.0176337634998539
2018-06-13,X002179.SZ,0.0187408728821152
2018-06-14,X600741.SH,0.0180152252981407
2018-06-15,X600066.SH,0.0221593640004291
2018-06-19,X002415.SZ,0.0215229991844634
2018-06-20,X002415.SZ,0.0156879013176125
2018-06-21,X002415.SZ,0.0173817282894474
2018-06-22,X002456.SZ,0.0191098204223064
2018-06-25,X002456.SZ,0.0183095653164278
2018-06-26,X601877.SH,0.0156683768362232
2018-06-27,X002456.SZ,0.019640810638017
2018-06-28,X002508.SZ,0.020044779875585
2018-06-29,X002508.SZ,0.0176053488818424
2018-07-02,X600104.SH,0.0162593319939164
2018-07-03,X600104.SH,0.0137074178123711
2018-07-04,X600104.SH,0.0150580829011045
2018-07-05,X600104.SH,0.0182976134657943
2018-07-06,X002049.SZ,0.0201764951438191
2018-07-09,X000977.SZ,0.0195986992866376
2018-07-10,X002007.SZ,0.0192069375800024
2018-07-11,X600104.SH,0.0198902107692574
2018-07-12,X600104.SH,0.0185287569757298
2018-07-13,X601877.SH,0.0176759884430712
2018-07-16,X002179.SZ,0.0182740906700059
2018-07-17,X601877.SH,0.0156625532601233
2018-07-18,X002179.SZ,0.0159711525413236
2018-07-19,X002179.SZ,0.0215008289200409
2018-07-20,X601877.SH,0.0185462083848888
2018-07-23,X601877.SH,0.0218654856432509
2018-07-24,X601877.SH,0.0153677268592065
2018-07-25,X002179.SZ,0.0165968702141726
2018-07-26,X002179.SZ,0.015362705577996
2018-07-27,X002415.SZ,0.0220376745211451
2018-07-30,X601877.SH,0.0210150793789217
2018-07-31,X000596.SZ,0.0220718554302938
2018-08-01,X000596.SZ,0.020817091838023
2018-08-02,X002180.SZ,0.0193776243135302
2018-08-03,X000977.SZ,0.0219099936953332
2018-08-06,X002179.SZ,0.0107727262891474
2018-08-07,X002179.SZ,0.0115160081233812
2018-08-08,X002179.SZ,0.0137760193400724
2018-08-09,X002179.SZ,0.0156991587706883
2018-08-10,X002179.SZ,0.0134168666955421
2018-08-13,X002179.SZ,0.0161930734199028
2018-08-14,X601877.SH,0.0190954162596817
2018-08-15,X000981.SZ,0.0173155936478351
2018-08-16,X601877.SH,0.0193079065740215
2018-08-17,X601877.SH,0.0191126778329029
2018-08-20,X601877.SH,0.0170987278727304
2018-08-21,X000981.SZ,0.0197229841819826
2018-08-22,X002236.SZ,0.0185060272779375
2018-08-23,X600703.SH,0.020028140924513
2018-08-24,X002236.SZ,0.0163566249316841
2018-08-27,X002236.SZ,0.0200857511975559
2018-08-28,X600867.SH,0.0192213743820022
2018-08-29,X600703.SH,0.0232828134088085
2018-08-30,X600703.SH,0.0234095811681275
2018-08-31,X002304.SZ,0.0244402289436626
2018-09-03,X002179.SZ,0.0201721416222703
2018-09-04,X002236.SZ,0.0169977046462141
2018-09-05,X002456.SZ,0.0217860764330271
2018-09-06,X002236.SZ,0.0220140140849409
2018-09-07,X002180.SZ,0.0193476768365411
2018-09-10,X002456.SZ,0.0195998033166601
2018-09-11,X000596.SZ,0.0183869340107652
2018-09-12,X300124.SZ,0.0166735795440756
2018-09-13,X300124.SZ,0.0169085350465434
2018-09-14,X002475.SZ,0.0177461776234755
2018-09-17,X300124.SZ,0.0192283033338973
2018-09-18,X300124.SZ,0.0171846359964125
2018-09-19,X600372.SH,0.0188592784165656
2018-09-20,X002180.SZ,0.0174904583241196
2018-09-21,X600867.SH,0.0209742570645553
2018-09-25,X600809.SH,0.0175801865385528
2018-09-26,X600809.SH,0.0176818893547365
2018-09-27,X600809.SH,0.0184752098353666
2018-09-28,X000651.SZ,0.0192517057926433
2018-10-08,X300146.SZ,0.0187055775674337
2018-10-09,X300146.SZ,0.0170792458307147
2018-10-10,X002179.SZ,0.021600794846283
2018-10-11,X300124.SZ,0.0178104173040251
2018-10-12,X002475.SZ,0.0179761619769509
2018-10-15,X002179.SZ,0.0177335035024824
2018-10-16,X300142.SZ,0.0198731354794415
2018-10-17,X002415.SZ,0.0175736222168453
2018-10-18,X002415.SZ,0.017941631195298
2018-10-19,X002236.SZ,0.0195968727647809
2018-10-22,X002236.SZ,0.0192573484238076
2018-10-23,X600867.SH,0.0178132074791136
2018-10-24,X300146.SZ,0.0239115664540365
2018-10-25,X000651.SZ,0.0177993570964474
2018-10-26,X000596.SZ,0.0228652508034758
2018-10-29,X000651.SZ,0.0236330512813285
2018-10-30,X300142.SZ,0.0226369421152119
2018-10-31,X000338.SZ,0.0212334481751206
2018-11-01,X300146.SZ,0.0225991803287414
2018-11-02,X300124.SZ,0.0223718385699399
2018-11-05,X002506.SZ,0.0204082016099717
2018-11-06,X600867.SH,0.0219031894526353
2018-11-07,X300146.SZ,0.0220119578227131
2018-11-08,X300146.SZ,0.0201957493762386
2018-11-09,X002415.SZ,0.0174946149199658
2018-11-12,X000661.SZ,0.0163236197854122
2018-11-13,X002415.SZ,0.017167411317751
2018-11-14,X002179.SZ,0.0166032087835817
2018-11-15,X002179.SZ,0.0179851880428085
2018-11-16,X002179.SZ,0.0156362416804806
2018-11-19,X002179.SZ,0.0188169451235451
2018-11-20,X002415.SZ,0.0182040944749827
2018-11-21,X002415.SZ,0.019744290238994
2018-11-22,X002415.SZ,0.0174712590689844
2018-11-23,X002415.SZ,0.0197456301123857
2018-11-26,X600566.SH,0.0210277712592894
2018-11-27,X600566.SH,0.017082244146227
2018-11-28,X600372.SH,0.0183327629909026
2018-11-29,X600372.SH,0.0182775519701515
2018-11-30,X600372.SH,0.0213905774123748
2018-12-03,X600372.SH,0.0165818042797863
2018-12-04,X600372.SH,0.0199745328842687
2018-12-05,X600372.SH,0.0192281532946854
2018-12-06,X002415.SZ,0.0184001540593041
2018-12-07,X002415.SZ,0.0175670270826572
2018-12-10,X600498.SH,0.0169931480248166
2018-12-11,X600271.SH,0.0235584206929687
2018-12-12,X002236.SZ,0.020284703309159
2018-12-13,X002236.SZ,0.0191513598802421
2018-12-14,X002236.SZ,0.0223503034356662
2018-12-17,X600566.SH,0.0225095626586736
2018-12-18,X300136.SZ,0.016563549645353
2018-12-19,X300136.SZ,0.0201983016441108
2018-12-20,X002294.SZ,0.0238585061112306
2018-12-21,X600867.SH,0.0190538857283121
2018-12-24,X000977.SZ,0.0230187275699146
2018-12-25,X600867.SH,0.0216041628659332
2018-12-26,X002294.SZ,0.0251546009289517
2018-12-27,X600867.SH,0.0194549922624884
2018-12-28,X600867.SH,0.022991187639036
2019-01-02,X600867.SH,0.0198836574889491
2019-01-03,X000596.SZ,0.0192866739646728
2019-01-04,X002506.SZ,0.019266748517099
2019-01-07,X300142.SZ,0.0215364085687367
2019-01-08,X600867.SH,0.0211148660333175
2019-01-09,X002506.SZ,0.0226337848555975
2019-01-10,X002475.SZ,0.0198677940764153
2019-01-11,X002179.SZ,0.0189790845398209
2019-01-14,X600089.SH,0.021532639829974
2019-01-15,X002008.SZ,0.0175204004788317
2019-01-16,X002506.SZ,0.022235176670397
2019-01-17,X002475.SZ,0.0183405817627767
2019-01-18,X002008.SZ,0.0175027521810573
2019-01-21,X002008.SZ,0.0160186823493765
2019-01-22,X002475.SZ,0.0125688738939017
2019-01-23,X002475.SZ,0.0159910235352255
2019-01-24,X600566.SH,0.0103927026170551
2019-01-25,X002475.SZ,0.0141074122900933
2019-01-28,X002506.SZ,0.0164492769020582
2019-01-29,X002179.SZ,0.0174744539178606
2019-01-30,X002179.SZ,0.0169203366462716
2019-01-31,X002179.SZ,0.0166842418702109
2019-02-01,X002179.SZ,0.0175142333507168
2019-02-11,X600566.SH,0.0174824726517103
2019-02-12,X002236.SZ,0.016786297556541
2019-02-13,X600566.SH,0.0164916829755178
2019-02-14,X002475.SZ,0.0192937146702696
2019-02-15,X000100.SZ,0.0204976963426461
2019-02-18,X600776.SH,0.0202605083974383
2019-02-19,X600566.SH,0.0203088277734125
2019-02-20,X000100.SZ,0.0173066338247166
2019-02-21,X002506.SZ,0.0183748112201831
2019-02-22,X600566.SH,0.0200419094113725
2019-02-25,X002506.SZ,0.0180555343155219
2019-02-26,X000100.SZ,0.021074670096487
2019-02-27,X002456.SZ,0.0224868544758226
2019-02-28,X002007.SZ,0.0240006925500499
2019-03-01,X300124.SZ,0.0196013990411613
2019-03-04,X002007.SZ,0.0217438393917178
2019-03-05,X000725.SZ,0.0212078581011331
2019-03-06,X300142.SZ,0.0223408088655311
2019-03-07,X002007.SZ,0.0222575660892387
2019-03-08,X002007.SZ,0.0214524757511408
2019-03-11,X000661.SZ,0.0202608062640791
2019-03-12,X000661.SZ,0.018987987636357
2019-03-13,X002007.SZ,0.0233643618762881
2019-03-14,X002007.SZ,0.0217857651060664
2019-03-15,X002007.SZ,0.0224942916675823
2019-03-18,X002179.SZ,0.022718919352103
2019-03-19,X000100.SZ,0.0233446607104026
2019-03-20,X000100.SZ,0.0215897547020453
2019-03-21,X000100.SZ,0.0246007411396825
2019-03-22,X300142.SZ,0.0192260096124671
2019-03-25,X000100.SZ,0.0264468836088605
2019-03-26,X300142.SZ,0.0236527662352016
2019-03-27,X000596.SZ,0.0260904637620702
2019-03-28,X300142.SZ,0.0222160161179254
2019-03-29,X300146.SZ,0.0202931187320551
2019-04-01,X300146.SZ,0.0207151869007737
2019-04-02,X300146.SZ,0.0232997193554204
2019-04-03,X000157.SZ,0.0229639930543579
2019-04-04,X000338.SZ,0.0224255457774718
2019-04-08,X300146.SZ,0.025773824905316
2019-04-09,X600276.SH,0.0275742776267792
2019-04-10,X000050.SZ,0.0252739691305412
2019-04-11,X002506.SZ,0.0275136086598784
2019-04-12,X000050.SZ,0.0251203915364211
2019-04-15,X002007.SZ,0.0225389345054307
2019-04-16,X600276.SH,0.0256685665454098
2019-04-17,X002007.SZ,0.0288213470651649
2019-04-18,X002506.SZ,0.0197760635913762
2019-04-19,X002506.SZ,0.0168467704296038
2019-04-22,X002007.SZ,0.0267651964315116
2019-04-23,X600566.SH,0.0285019089068658
2019-04-24,X002007.SZ,0.0292278647002524
2019-04-25,X002506.SZ,0.0306660419087603
2019-04-26,X002007.SZ,0.0263662119404358
2019-04-29,X002007.SZ,0.0302281825213943
2019-04-30,X300124.SZ,0.0327724042213785
2019-05-06,X300124.SZ,0.0322797849151924
2019-05-07,X000100.SZ,0.0297885810925402
2019-05-08,X002129.SZ,0.0299915861380258
2019-05-09,X002129.SZ,0.0291913159447032
2019-05-10,X600177.SH,0.0306167751909772
2019-05-13,X600177.SH,0.0287379175260291
2019-05-14,X000661.SZ,0.0319082983880758
2019-05-15,X002129.SZ,0.0225662340253703
2019-05-16,X002129.SZ,0.0295409134939608
2019-05-17,X002129.SZ,0.0277114193909976
2019-05-20,X002506.SZ,0.0267594878182331
2019-05-21,X000625.SZ,0.0295792576829808
2019-05-22,X600703.SH,0.0328951689170048
2019-05-23,X002007.SZ,0.0300344912360101
2019-05-24,X002129.SZ,0.0276364164682969
2019-05-27,X600118.SH,0.0288423946727786
2019-05-28,X600118.SH,0.027800650922011
2019-05-29,X600703.SH,0.0311932509874905
2019-05-30,X600703.SH,0.0272025846442951
2019-05-31,X600703.SH,0.0242296368332067
2019-06-03,X600703.SH,0.0182899159316957
2019-06-04,X600703.SH,0.0225281365222396
2019-06-05,X600703.SH,0.022960355245917
2019-06-06,X002049.SZ,0.0247400034593251
2019-06-10,X002506.SZ,0.0233534969982242
2019-06-11,X600703.SH,0.0224194879983289
2019-06-12,X002506.SZ,0.0246061504687942
2019-06-13,X002007.SZ,0.021196389753024
2019-06-14,X600066.SH,0.0224856381736104
2019-06-17,X002007.SZ,0.0245327300072417
2019-06-18,X600066.SH,0.0174014874025178
2019-06-19,X600867.SH,0.0208501369762008
2019-06-20,X600703.SH,0.0199520161017195
2019-06-21,X600703.SH,0.0207704124280323
2019-06-24,X600703.SH,0.02147431056907
2019-06-25,X600703.SH,0.0181698278073417
2019-06-26,X600867.SH,0.0205635656879489
2019-06-27,X600867.SH,0.0233340012387866
2019-06-28,X002415.SZ,0.0249051600286397
2019-07-01,X600703.SH,0.0229578661438407
2019-07-02,X600066.SH,0.0230595451615079
2019-07-03,X002506.SZ,0.020395583826666
2019-07-04,X002506.SZ,0.0219357756593789
2019-07-05,X600066.SH,0.0187359868615327
2019-07-08,X002506.SZ,0.0194617294546355
2019-07-09,X600703.SH,0.0202143544091608
2019-07-10,X600703.SH,0.0192689158828972
2019-07-11,X002415.SZ,0.0240253032848162
2019-07-12,X600703.SH,0.0236205127890828
2019-07-15,X600703.SH,0.021161613077666
2019-07-16,X600703.SH,0.0221511293952571
2019-07-17,X300142.SZ,0.0187958731072184
2019-07-18,X002129.SZ,0.0216781777178617
2019-07-19,X300142.SZ,0.0192083418266413
2019-07-22,X300142.SZ,0.0227623495758771
2019-07-23,X300142.SZ,0.0206419794354749
2019-07-24,X300142.SZ,0.019405411124464
2019-07-25,X000977.SZ,0.0173028036134813
2019-07-26,X002463.SZ,0.0231328832631842
2019-07-29,X000977.SZ,0.0167588302562394
2019-07-30,X000977.SZ,0.0166936231890985
2019-07-31,X000977.SZ,0.0168375668272803
2019-08-01,X600867.SH,0.0207424504056811
2019-08-02,X002007.SZ,0.0178858765429471
2019-08-05,X002007.SZ,0.0185583906081974
2019-08-06,X002007.SZ,0.0143471277020746
2019-08-07,X300003.SZ,0.0175491576893484
2019-08-08,X002049.SZ,0.0198848110443842
2019-08-09,X300136.SZ,0.0210409440452128
2019-08-12,X300136.SZ,0.0215413224646448
2019-08-13,X000977.SZ,0.0200923718525274
2019-08-14,X000977.SZ,0.0164418623379327
2019-08-15,X600741.SH,0.0179369405364434
2019-08-16,X300142.SZ,0.0213182468454859
2019-08-19,X600177.SH,0.0184038011641732
2019-08-20,X002129.SZ,0.0206337703632256
2019-08-21,X300146.SZ,0.0180422995434181
2019-08-22,X300146.SZ,0.0192404324381604
2019-08-23,X300146.SZ,0.0203904550661954
2019-08-26,X000625.SZ,0.0167943387495249
2019-08-27,X300146.SZ,0.0213300733936665
2019-08-28,X002007.SZ,0.0191670433225513
2019-08-29,X002007.SZ,0.0154727876490439
2019-08-30,X002007.SZ,0.0162195088934995
2019-09-02,X600867.SH,0.017293892198681
2019-09-03,X300124.SZ,0.0191225933211008
2019-09-04,X600177.SH,0.0224068904781697
2019-09-05,X000568.SZ,0.0189191818875773
2019-09-06,X600177.SH,0.0187888263365385
2019-09-09,X002241.SZ,0.0213916654647217
2019-09-10,X600177.SH,0.0217792928710557
2019-09-11,X002180.SZ,0.0197206954418769
2019-09-12,X000977.SZ,0.0189561958609719
2019-09-16,X000977.SZ,0.0221892373983748
2019-09-17,X000977.SZ,0.0227785999794472
2019-09-18,X000977.SZ,0.0209011378343877
2019-09-19,X002241.SZ,0.0213277650283892
2019-09-20,X300003.SZ,0.0179570045041091
2019-09-23,X002129.SZ,0.0164405019670324
2019-09-24,X300124.SZ,0.018601124916002
2019-09-25,X000568.SZ,0.0182696535013925
2019-09-26,X000568.SZ,0.0188690328101454
2019-09-27,X000568.SZ,0.0203841436026418
2019-09-30,X000568.SZ,0.0206783358392119
2019-10-08,X300124.SZ,0.0207286699075692
2019-10-09,X002008.SZ,0.0196135069837578
2019-10-10,X300124.SZ,0.0180069684835244
2019-10-11,X300124.SZ,0.0186737718102668
2019-10-14,X000568.SZ,0.0226445964001203
2019-10-15,X000661.SZ,0.0170318163885066
2019-10-16,X002371.SZ,0.020556845340585
2019-10-17,X000661.SZ,0.0192155745859491
2019-10-18,X000157.SZ,0.0200992933527526
2019-10-21,X000157.SZ,0.0206466367149119
2019-10-22,X002007.SZ,0.0208143385514244
2019-10-23,X002007.SZ,0.0213707488655585
2019-10-24,X002007.SZ,0.0202843256318379
2019-10-25,X002007.SZ,0.0220655887388885
2019-10-28,X600177.SH,0.019083745400025
2019-10-29,X002371.SZ,0.0251241788314322
2019-10-30,X000596.SZ,0.0219693375756859
2019-10-31,X003816.SZ,0.0221916020603259
2019-11-01,X002506.SZ,0.0224912107938073
2019-11-04,X002008.SZ,0.0172218658295905
2019-11-05,X002179.SZ,0.0185354210489237
2019-11-06,X600177.SH,0.0228049476210846
2019-11-07,X300124.SZ,0.0226284807735638
2019-11-08,X300124.SZ,0.0165830668737692
2019-11-11,X300124.SZ,0.0186653494041349
2019-11-12,X002506.SZ,0.0148036158006886
2019-11-13,X300142.SZ,0.0228859743698834
2019-11-14,X002506.SZ,0.0157174622814743
2019-11-15,X003816.SZ,0.017122444522408
2019-11-18,X003816.SZ,0.0199069576679901
2019-11-19,X003816.SZ,0.0196451184404174
2019-11-20,X000651.SZ,0.0205758075405417
2019-11-21,X000651.SZ,0.0215275374342316
2019-11-22,X000651.SZ,0.0215634643607373
2019-11-25,X002506.SZ,0.0211974319791543
2019-11-26,X003816.SZ,0.0202803811977447
2019-11-27,X300124.SZ,0.0206017612001347
2019-11-28,X000338.SZ,0.0207287492263238
2019-11-29,X003816.SZ,0.0183080708624638
2019-12-02,X000338.SZ,0.019233656186672
2019-12-03,X000338.SZ,0.0197015450277923
2019-12-04,X000651.SZ,0.0185593893129554
2019-12-05,X002506.SZ,0.0207150423729478
2019-12-06,X300014.SZ,0.0188110008944234
2019-12-09,X300014.SZ,0.0193431092528649
2019-12-10,X000625.SZ,0.0188670400012942
2019-12-11,X300014.SZ,0.0184902266252263
2019-12-12,X000625.SZ,0.0182437560524266
2019-12-13,X002129.SZ,0.0182048898750205
2019-12-16,X002179.SZ,0.0200780299650145
2019-12-17,X002179.SZ,0.0164486861784709
2019-12-18,X600183.SH,0.0217559456613217
2019-12-19,X000725.SZ,0.0193720981291801
2019-12-20,X002179.SZ,0.019587713913518
2019-12-23,X601877.SH,0.0170924478270993
2019-12-24,X002129.SZ,0.0207942254199248
2019-12-25,X002129.SZ,0.0191758115036672
2019-12-26,X000651.SZ,0.0187164703082422
2019-12-27,X600183.SH,0.0166965404585253
2019-12-30,X600104.SH,0.0158886206771916
2019-12-31,X000625.SZ,0.0186371717865071
2020-01-02,X600066.SH,0.0170309091775682
2020-01-03,X000625.SZ,0.0187476030661407
2020-01-06,X600031.SH,0.0143051620142828
2020-01-07,X000625.SZ,0.0173650135306607
2020-01-08,X600690.SH,0.0181988058095512
2020-01-09,X002236.SZ,0.0195737244410328
2020-01-10,X600690.SH,0.0182404923939653
2020-01-13,X600183.SH,0.0199367232535899
2020-01-14,X600741.SH,0.0193348632852568
2020-01-15,X002236.SZ,0.0136741218695515
2020-01-16,X600066.SH,0.0174057041391853
2020-01-17,X600066.SH,0.018661347272586
2020-01-20,X002463.SZ,0.0221295908499108
2020-01-21,X000661.SZ,0.0187572537166445
2020-01-22,X600066.SH,0.01741257316411
2020-01-23,X600066.SH,0.0161084612858967
2020-02-03,X300142.SZ,0.0218404446492977
2020-02-04,X300142.SZ,0.0245425672634041
2020-02-05,X002007.SZ,0.0224240114711909
2020-02-06,X002179.SZ,0.0232262975886075
2020-02-07,X000100.SZ,0.0193388942657956
2020-02-10,X002007.SZ,0.0255670989707644
2020-02-11,X002414.SZ,0.0203868912635278
2020-02-12,X600118.SH,0.0201371992213017
2020-02-13,X002414.SZ,0.0194217047352793
2020-02-14,X002414.SZ,0.0205261498081178
2020-02-17,X600183.SH,0.025366169032878
2020-02-18,X002414.SZ,0.0251469674471809
2020-02-19,X300142.SZ,0.0264051111228842
2020-02-20,X600183.SH,0.0209906840732593
2020-02-21,X300014.SZ,0.0234924402866717
2020-02-24,X002414.SZ,0.0247517153857599
2020-02-25,X300014.SZ,0.0237944424996319
2020-02-26,X002414.SZ,0.0243329972727357
2020-02-27,X002007.SZ,0.0280435135060139
2020-02-28,X002223.SZ,0.0262662581333669
2020-03-02,X002223.SZ,0.0292870960168763
2020-03-03,X600519.SH,0.0337589486892366
2020-03-04,X002463.SZ,0.027440979542007
2020-03-05,X002414.SZ,0.0279644580410506
2020-03-06,X002414.SZ,0.0289451874368949
2020-03-09,X002129.SZ,0.0244887328981058
2020-03-10,X002129.SZ,0.0222199362351746
2020-03-11,X002129.SZ,0.0234497653546315
2020-03-12,X002129.SZ,0.0225631342151306
2020-03-13,X002129.SZ,0.0240634150977865
2020-03-16,X002414.SZ,0.0233652490010961
2020-03-17,X600519.SH,0.0303443819638333
2020-03-18,X002414.SZ,0.0254741965834214
2020-03-19,X300142.SZ,0.0302961329899676
2020-03-20,X600519.SH,0.0253093707699032
2020-03-23,X300142.SZ,0.0227954394204177
2020-03-24,X600519.SH,0.0226002080206158
2020-03-25,X600519.SH,0.0228520121411939
2020-03-26,X002223.SZ,0.0259961312111922
2020-03-27,X600519.SH,0.0275675015121449
2020-03-30,X600519.SH,0.029103693588166
2020-03-31,X600519.SH,0.0206322874091624
2020-04-01,X600519.SH,0.0248223221479144
2020-04-02,X300003.SZ,0.0247528882010511
2020-04-03,X600519.SH,0.0281377184213415
2020-04-07,X600519.SH,0.0254319672759922
2020-04-08,X300003.SZ,0.0292418297422779
2020-04-09,X002223.SZ,0.0288416029192723
2020-04-10,X002223.SZ,0.0278854461301547
2020-04-13,X002007.SZ,0.0240681241264729
2020-04-14,X002007.SZ,0.0225414526274992
2020-04-15,X002007.SZ,0.0242681524187923
2020-04-16,X002007.SZ,0.0239756142070802
2020-04-17,X002007.SZ,0.0247827591378927
2020-04-20,X002414.SZ,0.0298156185109014
2020-04-21,X000977.SZ,0.0294430720909908
2020-04-22,X002007.SZ,0.0295970176524094
2020-04-23,X002007.SZ,0.0261685980352575
2020-04-24,X002007.SZ,0.0265301307013765
2020-04-27,X002179.SZ,0.0267544382841597
2020-04-28,X002179.SZ,0.0284408137904774
2020-04-29,X600809.SH,0.0284878310383267
2020-04-30,X002007.SZ,0.0246140476070499
2020-05-06,X300003.SZ,0.0241849657586674
2020-05-07,X002179.SZ,0.0235426621221982
2020-05-08,X002223.SZ,0.0272566590579779
2020-05-11,X002179.SZ,0.023989611588015
2020-05-12,X002223.SZ,0.0280085783007233
2020-05-13,X000977.SZ,0.0208738207590571
2020-05-14,X002007.SZ,0.0211722490201144
2020-05-15,X600703.SH,0.0241904935683901
2020-05-18,X002223.SZ,0.0259497211751726
2020-05-19,X002007.SZ,0.0170044358633768
2020-05-20,X002007.SZ,0.0231835238392325
2020-05-21,X002007.SZ,0.0248000807049863
2020-05-22,X300003.SZ,0.0250820880231019
2020-05-25,X300003.SZ,0.0292060415709802
2020-05-26,X002007.SZ,0.0266055214404204
2020-05-27,X300003.SZ,0.0195257083514745
2020-05-28,X000596.SZ,0.0274048552439301
2020-05-29,X600498.SH,0.0255255625043693
2020-06-01,X002414.SZ,0.0289720503407904
2020-06-02,X002414.SZ,0.0260994881421171
2020-06-03,X002179.SZ,0.0231454404145882
2020-06-04,X002007.SZ,0.0210929133162251
2020-06-05,X002414.SZ,0.0248094048092062
2020-06-08,X002007.SZ,0.0251020136773368
2020-06-09,X600498.SH,0.0244720450909272
2020-06-10,X002371.SZ,0.0238462497069742
2020-06-11,X002371.SZ,0.0233515601680563
2020-06-12,X002179.SZ,0.0221549666997119
2020-06-15,X002179.SZ,0.0254285569870132
2020-06-16,X002179.SZ,0.0233621905501008
2020-06-17,X002179.SZ,0.0245698488633384
2020-06-18,X002007.SZ,0.0197395067935559
2020-06-19,X002007.SZ,0.0219733590513857
2020-06-22,X002007.SZ,0.0159668812144144
2020-06-23,X002007.SZ,0.0158700497989321
2020-06-24,X600584.SH,0.0244055850349889
2020-06-29,X000625.SZ,0.0206727993124973
2020-06-30,X002236.SZ,0.0200595335407808
2020-07-01,X002475.SZ,0.0222533466573834
2020-07-02,X600809.SH,0.024718065415933
2020-07-03,X000625.SZ,0.0212414051379588
2020-07-06,X600104.SH,0.0227193367492099
2020-07-07,X600031.SH,0.0259745505922836
2020-07-08,X600741.SH,0.0240056878935361
2020-07-09,X600741.SH,0.0255164951552964
2020-07-10,X600741.SH,0.0233644796836146
2020-07-13,X000021.SZ,0.0270926504377105
2020-07-14,X000661.SZ,0.0279099977143478
2020-07-15,X300124.SZ,0.0260537969258843
2020-07-16,X600809.SH,0.0241110828006224
2020-07-17,X300124.SZ,0.0240842775290209
2020-07-20,X002415.SZ,0.0310387252620982
2020-07-21,X002223.SZ,0.0238732475681904
2020-07-22,X300124.SZ,0.0212195479920352
2020-07-23,X300124.SZ,0.0220153560482341
2020-07-24,X300124.SZ,0.02782803737533
2020-07-27,X300124.SZ,0.0281966914642122
2020-07-28,X300124.SZ,0.0188496573581555
2020-07-29,X600584.SH,0.0310347240474024
2020-07-30,X300124.SZ,0.0222359026261829
2020-07-31,X300124.SZ,0.0228467346198673
2020-08-03,X300124.SZ,0.0220913527808836
2020-08-04,X600118.SH,0.0223189500102542
2020-08-05,X300124.SZ,0.0225623173540981
2020-08-06,X300124.SZ,0.0211806784668349
2020-08-07,X300124.SZ,0.0225885773662529
2020-08-10,X600118.SH,0.0259152462796791
2020-08-11,X002007.SZ,0.020954482349203
2020-08-12,X300136.SZ,0.0235090521639558
2020-08-13,X300136.SZ,0.0247404360260357
2020-08-14,X300136.SZ,0.0247334450169733
2020-08-17,X300136.SZ,0.0256739082234752
2020-08-18,X300136.SZ,0.0263278001170416
2020-08-19,X300136.SZ,0.0272507575897846
2020-08-20,X300014.SZ,0.0294692633357296
2020-08-21,X300124.SZ,0.0271268516207188
2020-08-24,X600183.SH,0.0305136396684393
2020-08-25,X300136.SZ,0.0315705405460195
2020-08-26,X002129.SZ,0.0309588392048307
2020-08-27,X601799.SH,0.0309700759010945
2020-08-28,X002415.SZ,0.0290514267018961
2020-08-31,X600183.SH,0.025813533756701
2020-09-01,X600183.SH,0.0265121923144783
2020-09-02,X600183.SH,0.0272752788329363
2020-09-03,X600183.SH,0.0228838500446833
2020-09-04,X002049.SZ,0.0245446156371717
2020-09-07,X600183.SH,0.0197182990098119
2020-09-08,X600183.SH,0.0262002499686704
2020-09-09,X600183.SH,0.0243551853593773
2020-09-10,X600183.SH,0.0243453591478751
2020-09-11,X600183.SH,0.0239201035646646
2020-09-14,X600183.SH,0.0194348418067743
2020-09-15,X600183.SH,0.0229831926151367
2020-09-16,X600183.SH,0.0245865001465011
2020-09-17,X600183.SH,0.0223939952824482
2020-09-18,X000800.SZ,0.0229298240196556
2020-09-21,X600183.SH,0.0239984832728267
2020-09-22,X000661.SZ,0.0268804197340194
2020-09-23,X000661.SZ,0.0245546826804008
2020-09-24,X600183.SH,0.0232213010764159
2020-09-25,X000858.SZ,0.0258105622429906
2020-09-28,X002414.SZ,0.0245163012638092
2020-09-29,X000661.SZ,0.0231349655445147
2020-09-30,X000661.SZ,0.0230863503452073
2020-10-09,X000661.SZ,0.0235072589431048
2020-10-12,X000661.SZ,0.0251055757063775
2020-10-13,X300142.SZ,0.026063624334303
2020-10-14,X000800.SZ,0.0254828968437169
2020-10-15,X600118.SH,0.0243709339062651
2020-10-16,X300142.SZ,0.0236277983752872
2020-10-19,X600118.SH,0.0201752952716548
2020-10-20,X600118.SH,0.0182512384713645
2020-10-21,X000800.SZ,0.0234500639670064
2020-10-22,X002414.SZ,0.0221765842002539
2020-10-23,X002414.SZ,0.0215944935326909
2020-10-26,X600690.SH,0.0225179625361496
2020-10-27,X002414.SZ,0.0211787845204929
2020-10-28,X600690.SH,0.0209614716976026
2020-10-29,X002414.SZ,0.021040267480353
2020-10-30,X000596.SZ,0.0197294449932777
2020-11-02,X000596.SZ,0.0180668238123158
2020-11-03,X000596.SZ,0.0190320681118274
2020-11-04,X002415.SZ,0.0251569469532297
2020-11-05,X002241.SZ,0.020426326842873
2020-11-06,X000596.SZ,0.0221650254472875
2020-11-09,X000596.SZ,0.020122181602473
2020-11-10,X000596.SZ,0.0188978475273874
2020-11-11,X003816.SZ,0.0193771576184219
2020-11-12,X000596.SZ,0.0201057716867208
2020-11-13,X002241.SZ,0.0167890727601683
2020-11-16,X002049.SZ,0.0205772968636978
2020-11-17,X002049.SZ,0.0159576708772753
2020-11-18,X002049.SZ,0.0181904979612756
2020-11-19,X002049.SZ,0.0182307308773941
2020-11-20,X000625.SZ,0.0199912602557778
2020-11-23,X002049.SZ,0.0208997266963235
2020-11-24,X600690.SH,0.0213427014170326
2020-11-25,X002415.SZ,0.0227438649277716
2020-11-26,X000651.SZ,0.0228162551702857
2020-11-27,X600519.SH,0.0234622418015973
2020-11-30,X000625.SZ,0.0223982755719477
2020-12-01,X600519.SH,0.0233892401139412
2020-12-02,X600690.SH,0.0234217173452661
2020-12-03,X002414.SZ,0.0241748937292361
2020-12-04,X002241.SZ,0.0213879590620327
2020-12-07,X002241.SZ,0.0194210188825601
2020-12-08,X600519.SH,0.0227107112870981
2020-12-09,X002475.SZ,0.0209957493621978
2020-12-10,X000625.SZ,0.0283613053983523
2020-12-11,X000799.SZ,0.0213786793523977
2020-12-14,X300014.SZ,0.0218677976455956
2020-12-15,X300003.SZ,0.023110081948213
2020-12-16,X300003.SZ,0.0228935907581767
2020-12-17,X600703.SH,0.0214456264982275
2020-12-18,X002179.SZ,0.0231478883920714
2020-12-21,X002049.SZ,0.0250797972575481
2020-12-22,X002415.SZ,0.0262392438396084
2020-12-23,X600183.SH,0.0210770789456576
2020-12-24,X600183.SH,0.0193071524349287
2020-12-25,X600183.SH,0.0199763337340338
2020-12-28,X600183.SH,0.0183118978028532
2020-12-29,X002508.SZ,0.0201639110906278
2020-12-30,X002508.SZ,0.0195624898426841
2020-12-31,X002415.SZ,0.0207666746468005
2021-01-04,X002415.SZ,0.0231189922560903
2021-01-05,X002074.SZ,0.0238502303189991
2021-01-06,X600183.SH,0.0220618606702553
2021-01-07,X600183.SH,0.0245997995666707
2021-01-08,X600183.SH,0.0214469729141762
2021-01-11,X600183.SH,0.0229256535829076
2021-01-12,X600118.SH,0.0261536593184852
2021-01-13,X600183.SH,0.0221996880238688
2021-01-14,X000338.SZ,0.0263768603386433
2021-01-15,X002074.SZ,0.0300846581670311
2021-01-18,X600519.SH,0.0291211042131416
2021-01-19,X000625.SZ,0.0285114509990136
2021-01-20,X600519.SH,0.0293151665937351
2021-01-21,X002475.SZ,0.0267218344507981
2021-01-22,X002475.SZ,0.025669263302037
2021-01-25,X000651.SZ,0.0268313917280714
2021-01-26,X000066.SZ,0.0249973929638723
2021-01-27,X000066.SZ,0.0243713936594894
2021-01-28,X000066.SZ,0.0227290603883937
2021-01-29,X000625.SZ,0.0261331390268376
2021-02-01,X000066.SZ,0.0240832561287476
2021-02-02,X000625.SZ,0.0241747049183876
2021-02-03,X300124.SZ,0.0209644542001134
2021-02-04,X300124.SZ,0.0290659750658889
2021-02-05,X300124.SZ,0.0255045927137535
2021-02-08,X000651.SZ,0.0228505093381834
2021-02-09,X300124.SZ,0.0228391654720113
2021-02-10,X000625.SZ,0.028194030622629
2021-02-18,X003816.SZ,0.0325692573017355
2021-02-19,X300124.SZ,0.019083036440376
2021-02-22,X300124.SZ,0.0251783106043826
2021-02-23,X300124.SZ,0.024147617462855
2021-02-24,X000625.SZ,0.0285121700434739
2021-02-25,X300124.SZ,0.0259734027701747
2021-02-26,X000338.SZ,0.0282088195839767
2021-03-01,X000066.SZ,0.0287311279094282
2021-03-02,X000066.SZ,0.023758425478395
2021-03-03,X000066.SZ,0.0261620583972136
2021-03-04,X000066.SZ,0.0293009062469229
2021-03-05,X600104.SH,0.0282254071895515
2021-03-08,X000066.SZ,0.0262016208031505
2021-03-09,X600741.SH,0.0225491314967616
2021-03-10,X000625.SZ,0.0262927433790563
2021-03-11,X000625.SZ,0.0211279782948871
2021-03-12,X000625.SZ,0.0244694438153571
2021-03-15,X000625.SZ,0.0263011589744695
2021-03-16,X000625.SZ,0.0263901582037831
2021-03-17,X601877.SH,0.0304145094718031
2021-03-18,X600089.SH,0.0269610159674331
2021-03-19,X300142.SZ,0.0325890985094364
2021-03-22,X000625.SZ,0.0298020953503272
2021-03-23,X300142.SZ,0.029726208545289
2021-03-24,X003816.SZ,0.0299803684150052
2021-03-25,X601877.SH,0.0258547087887891
2021-03-26,X300124.SZ,0.0310840424107328
2021-03-29,X000625.SZ,0.0263923218229918
2021-03-30,X000066.SZ,0.028043146608376
2021-03-31,X600707.SH,0.029205217301301
2021-04-01,X000625.SZ,0.0278038267501016
2021-04-02,X600707.SH,0.0330029354927859
2021-04-06,X000338.SZ,0.0255898962409033
2021-04-07,X300142.SZ,0.0325405339861611
2021-04-08,X600707.SH,0.0254569511472093
2021-04-09,X600707.SH,0.0317365606333119
2021-04-12,X600707.SH,0.0257298021409602
2021-04-13,X000977.SZ,0.0277444997567332
2021-04-14,X003816.SZ,0.0268483053761176
2021-04-15,X000338.SZ,0.028905372021653
2021-04-16,X000977.SZ,0.031109972834531
2021-04-19,X000977.SZ,0.0237375058990585
2021-04-20,X000338.SZ,0.0292679459253531
2021-04-21,X600104.SH,0.0284059227436399
2021-04-22,X000338.SZ,0.0252902541390687
2021-04-23,X600707.SH,0.0233548503250206
2021-04-26,X600707.SH,0.0251641133613923
2021-04-27,X600707.SH,0.0252266479053923
2021-04-28,X600707.SH,0.0261056216666184
2021-04-29,X600707.SH,0.0234265948037858
2021-04-30,X600707.SH,0.0252407394584227
2021-05-06,X600089.SH,0.026299657563791
2021-05-07,X600707.SH,0.0290866332162916
2021-05-10,X003816.SZ,0.0249734454952684
2021-05-11,X600089.SH,0.0253481123812276
2021-05-12,X600104.SH,0.026314104750898
2021-05-13,X600707.SH,0.0228099374397475
2021-05-14,X600707.SH,0.0229088859164263
2021-05-17,X600707.SH,0.0275434535369436
2021-05-18,X600707.SH,0.0238438034894257
2021-05-19,X003816.SZ,0.0243131185809885
2021-05-20,X000625.SZ,0.0263710191532753
2021-05-21,X600707.SH,0.0191586185432892
2021-05-24,X000338.SZ,0.0228916415568881
2021-05-25,X000338.SZ,0.0235764281944128
2021-05-26,X300142.SZ,0.0213854547795878
2021-05-27,X002236.SZ,0.0229692336572428
2021-05-28,X000661.SZ,0.0231840180618777
2021-05-31,X300142.SZ,0.0211004084857711
2021-06-01,X600104.SH,0.0193637922397958
2021-06-02,X300142.SZ,0.0213662700312695
2021-06-03,X300142.SZ,0.0183881924058351
2021-06-04,X300142.SZ,0.0174674866828804
2021-06-07,X000800.SZ,0.0241839221792835
2021-06-08,X600690.SH,0.0262223809715895
2021-06-09,X000800.SZ,0.0239924524071956
2021-06-10,X000800.SZ,0.0247535534825024
2021-06-11,X601799.SH,0.0229140746623847
2021-06-15,X002241.SZ,0.0229849500208975
2021-06-16,X000977.SZ,0.0175066593917044
2021-06-17,X000977.SZ,0.0200677602016153
2021-06-18,X002049.SZ,0.0240835138747831
2021-06-21,X300014.SZ,0.019512325677286
2021-06-22,X300014.SZ,0.0218173418831635
2021-06-23,X300014.SZ,0.0185613750676054
2021-06-24,X600276.SH,0.0214835074788418
2021-06-25,X600276.SH,0.0231195286758221
2021-06-28,X000066.SZ,0.0246435274990952
2021-06-29,X003816.SZ,0.0250627371023797
2021-06-30,X600702.SH,0.022803510959017
2021-07-01,X600183.SH,0.0209967109695198
2021-07-02,X600183.SH,0.0192872561915957
2021-07-05,X000661.SZ,0.0233395741667912
2021-07-06,X600183.SH,0.0219775662141578
2021-07-07,X600183.SH,0.0235860718184562
2021-07-08,X600183.SH,0.0206065799205344
2021-07-09,X000596.SZ,0.0262329479843385
2021-07-12,X300014.SZ,0.0234616401907997
2021-07-13,X600702.SH,0.0209273095547348
2021-07-14,X600702.SH,0.0224872408719218
2021-07-15,X002129.SZ,0.0198889844429724
2021-07-16,X002508.SZ,0.0200956913395949
2021-07-19,X600183.SH,0.0241354802063508
2021-07-20,X600183.SH,0.0247180056027501
2021-07-21,X601799.SH,0.0249078536474112
2021-07-22,X600702.SH,0.0231140681605946
2021-07-23,X000661.SZ,0.0229063178886172
2021-07-26,X000651.SZ,0.0256706103613564
2021-07-27,X002236.SZ,0.0233307933781055
2021-07-28,X002236.SZ,0.0217807567306575
2021-07-29,X600741.SH,0.0270036435393857
2021-07-30,X600741.SH,0.0264830414325933
2021-08-02,X002236.SZ,0.0237107548755191
2021-08-03,X002236.SZ,0.0245089490704204
2021-08-04,X000725.SZ,0.0211410295492112
2021-08-05,X300142.SZ,0.0226343368205064
2021-08-06,X600183.SH,0.0237386609736148
2021-08-09,X000977.SZ,0.0257604240627163
2021-08-10,X000977.SZ,0.0238758203936288
2021-08-11,X600460.SH,0.0257302841852722
2021-08-12,X000800.SZ,0.0229465739706874
2021-08-13,X000800.SZ,0.0244924136734323
2021-08-16,X000800.SZ,0.0269298759626575
2021-08-17,X600702.SH,0.0219971830418849
2021-08-18,X600460.SH,0.0239353228800909
2021-08-19,X600460.SH,0.0195158409264422
2021-08-20,X600460.SH,0.0225200441674045
2021-08-23,X600702.SH,0.0252318676324509
2021-08-24,X600276.SH,0.0254056632977783
2021-08-25,X600460.SH,0.0247068762445993
2021-08-26,X600460.SH,0.022470136658529
2021-08-27,X300146.SZ,0.0203111037941098
2021-08-30,X600276.SH,0.0224704116326133
2021-08-31,X300003.SZ,0.0235396300815528
2021-09-01,X600183.SH,0.0257479478572515
2021-09-02,X002236.SZ,0.0242875279440762
2021-09-03,X002236.SZ,0.0221350797984623
2021-09-06,X002236.SZ,0.0239407430126383
2021-09-07,X002236.SZ,0.0235276703441507
2021-09-08,X002236.SZ,0.0236674169822159
2021-09-09,X002236.SZ,0.0196987639811345
2021-09-10,X300142.SZ,0.0270521442255932
2021-09-13,X600460.SH,0.0272238560695639
2021-09-14,X300142.SZ,0.0251644301999921
2021-09-15,X600702.SH,0.0275534914271775
2021-09-16,X300142.SZ,0.0250376462107711
2021-09-17,X600183.SH,0.0262619793702422
2021-09-22,X600584.SH,0.0274922053702345
2021-09-23,X000725.SZ,0.0240529420678654
2021-09-24,X000725.SZ,0.0257777210055741
2021-09-27,X002241.SZ,0.0264847339204252
2021-09-28,X300003.SZ,0.0256487783254779
2021-09-29,X300142.SZ,0.0240237534834151
2021-09-30,X300003.SZ,0.0251506780591834
2021-10-08,X300142.SZ,0.0273216984181711
2021-10-11,X002049.SZ,0.024725795010676
2021-10-12,X002241.SZ,0.0208537672028077
2021-10-13,X002241.SZ,0.0218154117006407
2021-10-14,X002414.SZ,0.029324683709817
2021-10-15,X600460.SH,0.0280588857957979
2021-10-18,X002241.SZ,0.0251763528737686
2021-10-19,X600690.SH,0.028130902381223
2021-10-20,X000100.SZ,0.031136732937198
2021-10-21,X002371.SZ,0.0301102549274546
2021-10-22,X002241.SZ,0.0271971239697984
2021-10-25,X002241.SZ,0.0201433362173257
2021-10-26,X002241.SZ,0.0228728694315677
2021-10-27,X600741.SH,0.0291071280665641
2021-10-28,X000800.SZ,0.0268083585450205
2021-10-29,X002414.SZ,0.0260701874145892
2021-11-01,X601799.SH,0.0280434716680525
2021-11-02,X601799.SH,0.0243784824189057
2021-11-03,X600741.SH,0.0201483265330062
2021-11-04,X600741.SH,0.0210609569331502
2021-11-05,X003816.SZ,0.0239497906049462
2021-11-08,X600183.SH,0.0250276784830673
2021-11-09,X002074.SZ,0.0211816191078679
2021-11-10,X600809.SH,0.0182636027740899
2021-11-11,X003816.SZ,0.0203252195814821
2021-11-12,X601799.SH,0.0242022680696694
2021-11-15,X600031.SH,0.0251673974469646
2021-11-16,X000800.SZ,0.018838121381408
2021-11-17,X000800.SZ,0.0181039134075871
2021-11-18,X000800.SZ,0.0233707545305603
2021-11-19,X003816.SZ,0.0250531288207118
2021-11-22,X002414.SZ,0.0262205562133967
2021-11-23,X002371.SZ,0.026813191934318
2021-11-24,X300142.SZ,0.0252499640182542
2021-11-25,X600522.SH,0.0245471392409759
2021-11-26,X600522.SH,0.0250960983500117
2021-11-29,X002241.SZ,0.025392009390287
2021-11-30,X600522.SH,0.0248284232391987
2021-12-01,X000733.SZ,0.0255516437784991
2021-12-02,X600522.SH,0.0231166490753298
2021-12-03,X600741.SH,0.0237035037264264
2021-12-06,X600741.SH,0.0233485627116752
2021-12-07,X601877.SH,0.0227103446396288
2021-12-08,X000733.SZ,0.0232887699871733
2021-12-09,X300142.SZ,0.0202769429080823
2021-12-10,X600741.SH,0.0243309148641209
2021-12-13,X601799.SH,0.0268973383682313
2021-12-14,X600276.SH,0.0248407267808349
2021-12-15,X300142.SZ,0.0227198270633115
2021-12-16,X002371.SZ,0.023418678035483
2021-12-17,X600522.SH,0.0239958833852385
2021-12-20,X600276.SH,0.0201350269622247
2021-12-21,X000799.SZ,0.0254159301916558
2021-12-22,X300142.SZ,0.0171983270552193
2021-12-23,X300142.SZ,0.0246683513742425
2021-12-24,X600584.SH,0.0236235400902038
2021-12-27,X600884.SH,0.0223255980011539
2021-12-28,X600584.SH,0.0223641291902343
2021-12-29,X600584.SH,0.0222721452872091
2021-12-30,X600741.SH,0.0239322194458166
2021-12-31,X601877.SH,0.0234168496249432
2022-01-04,X000063.SZ,0.0235508481582837
2022-01-05,X002007.SZ,0.0202376098267004
2022-01-06,X000799.SZ,0.0234194039274957
2022-01-07,X002129.SZ,0.021894682385316
2022-01-10,X600104.SH,0.024167306973862
2022-01-11,X002179.SZ,0.0190341830706144
2022-01-12,X002129.SZ,0.0217863322373864
2022-01-13,X600276.SH,0.0201001744735708
2022-01-14,X002129.SZ,0.0190565903607548
2022-01-17,X000661.SZ,0.0245493269594648
2022-01-18,X600276.SH,0.0190141374262698
2022-01-19,X002049.SZ,0.0229774109409487
2022-01-20,X600276.SH,0.0169931687483943
2022-01-21,X002415.SZ,0.0176006308555115
2022-01-24,X600522.SH,0.0204882606104682
2022-01-25,X002415.SZ,0.0173431425604249
2022-01-26,X002129.SZ,0.0179371314977122
2022-01-27,X002129.SZ,0.0200203004467038
2022-01-28,X002236.SZ,0.0200509346537014
2022-02-07,X002129.SZ,0.0152721104331656
2022-02-08,X002129.SZ,0.0177782181425232
2022-02-09,X002129.SZ,0.0189314465136616
2022-02-10,X002129.SZ,0.0199274313941598
2022-02-11,X300142.SZ,0.0202492557042107
2022-02-14,X000661.SZ,0.0188524078925962
2022-02-15,X002129.SZ,0.0171468872895718
2022-02-16,X601877.SH,0.0174519586181829
2022-02-17,X300142.SZ,0.0210997695638879
2022-02-18,X601877.SH,0.0199702371447346
2022-02-21,X003816.SZ,0.0190581071854395
2022-02-22,X003816.SZ,0.0219581268751581
2022-02-23,X601877.SH,0.0221048629282274
2022-02-24,X601877.SH,0.0190949297616451
2022-02-25,X002007.SZ,0.0195810496388289
2022-02-28,X601877.SH,0.0189608703355359
2022-03-01,X601877.SH,0.0201683348264089
2022-03-02,X601877.SH,0.0173679670589478
2022-03-03,X600276.SH,0.0172331529170228
2022-03-04,X600276.SH,0.0169357360778972
2022-03-07,X600276.SH,0.0187316449928962
2022-03-08,X000661.SZ,0.0180027896343092
2022-03-09,X002007.SZ,0.0211012451668406
2022-03-10,X000661.SZ,0.0186135421207512
2022-03-11,X600563.SH,0.0235191414221107
2022-03-14,X600563.SH,0.0249405081025302
2022-03-15,X000661.SZ,0.0204736028297657
2022-03-16,X601877.SH,0.0192527679580277
2022-03-17,X000661.SZ,0.0169216744807783
2022-03-18,X601877.SH,0.0236357972076903
2022-03-21,X601877.SH,0.0219445175757472
2022-03-22,X000661.SZ,0.0205788896368379
2022-03-23,X000661.SZ,0.0225072409436856
2022-03-24,X600522.SH,0.0234672199646759
2022-03-25,X300014.SZ,0.0217817007142163
2022-03-28,X600276.SH,0.0235332131323579
2022-03-29,X600276.SH,0.0166393954975087
2022-03-30,X002475.SZ,0.0182363339748881
2022-03-31,X600276.SH,0.0160520850186567
2022-04-01,X002475.SZ,0.0179755747956342
2022-04-06,X002475.SZ,0.0197476172697632
2022-04-07,X600276.SH,0.0162276991593621
2022-04-08,X600522.SH,0.0165101584055059
2022-04-11,X600563.SH,0.0179022658041171
2022-04-12,X000733.SZ,0.0183431647948624
2022-04-13,X002475.SZ,0.0211070129521576
2022-04-14,X002475.SZ,0.0172581677577747
2022-04-15,X000733.SZ,0.0184714636780038
2022-04-18,X002475.SZ,0.0173285495561978
2022-04-19,X002475.SZ,0.0189516318988605
2022-04-20,X002475.SZ,0.0245056045068788
2022-04-21,X002475.SZ,0.0165888828987448
2022-04-22,X002049.SZ,0.0160133947299767
2022-04-25,X002475.SZ,0.0214682485094474
2022-04-26,X002475.SZ,0.0213200829776218
2022-04-27,X002475.SZ,0.0195935590201959
2022-04-28,X002176.SZ,0.0194396810951037
2022-04-29,X300142.SZ,0.0226788109476498
2022-05-05,X002475.SZ,0.0200070958067542
2022-05-06,X300142.SZ,0.0230109719698508
2022-05-09,X002475.SZ,0.0217504172947081
2022-05-10,X002432.SZ,0.0206025033574099
2022-05-11,X002475.SZ,0.0169139165789445
2022-05-12,X002432.SZ,0.0207800929747827
2022-05-13,X600276.SH,0.0196507038678233
2022-05-16,X601877.SH,0.017728715912697
2022-05-17,X300142.SZ,0.0160133698938501
2022-05-18,X600276.SH,0.0215914391622472
2022-05-19,X600276.SH,0.0226000605130017
2022-05-20,X600809.SH,0.0183246777931501
2022-05-23,X600460.SH,0.0198632702224529
2022-05-24,X600741.SH,0.0234717362976446
2022-05-25,X300142.SZ,0.0239989852173734
2022-05-26,X600276.SH,0.0227236464814201
2022-05-27,X002475.SZ,0.024721572770955
2022-05-30,X002129.SZ,0.0249972894085148
2022-05-31,X300142.SZ,0.0187540628456181
2022-06-01,X300142.SZ,0.0184774736041556
2022-06-02,X300142.SZ,0.0235603452236729
2022-06-06,X002049.SZ,0.0257811248765422
2022-06-07,X002129.SZ,0.0273800658107498
2022-06-08,X300142.SZ,0.0231180311153447
2022-06-09,X002049.SZ,0.0277081964127871
2022-06-10,X300142.SZ,0.023419548378777
2022-06-13,X002415.SZ,0.0169080432922728
2022-06-14,X300142.SZ,0.0225935316568972
2022-06-15,X300142.SZ,0.0227749264223552
2022-06-16,X300142.SZ,0.0202892311060793
2022-06-17,X300142.SZ,0.0205242418314247
2022-06-20,X002415.SZ,0.0201428447985559
2022-06-21,X002415.SZ,0.0178020354001918
2022-06-22,X002241.SZ,0.0205257329002657
2022-06-23,X002415.SZ,0.0191544292674946
2022-06-24,X600690.SH,0.0234268165074888
2022-06-27,X600690.SH,0.0242943035121528
2022-06-28,X002415.SZ,0.0179390053295472
2022-06-29,X300142.SZ,0.0217117186023712
2022-06-30,X300142.SZ,0.0233374280287136
2022-07-01,X002007.SZ,0.0236403778509734
2022-07-04,X600460.SH,0.0270514645316424
2022-07-05,X300142.SZ,0.0277175879644861
2022-07-06,X000625.SZ,0.0255322243512549
2022-07-07,X601799.SH,0.0254941260768229
2022-07-08,X002371.SZ,0.0264293586912912
2022-07-11,X002371.SZ,0.0247997297071016
2022-07-12,X300142.SZ,0.0260855414685824
2022-07-13,X000596.SZ,0.0199092525224441
2022-07-14,X002241.SZ,0.0187049540453162
2022-07-15,X002241.SZ,0.0189685486279158
2022-07-18,X002241.SZ,0.0190737870022174
2022-07-19,X002241.SZ,0.0218467891517912
2022-07-20,X002241.SZ,0.022308890288874
2022-07-21,X002241.SZ,0.0155813282293869
2022-07-22,X000733.SZ,0.0215249414105982
2022-07-25,X002176.SZ,0.0228944960834118
2022-07-26,X002241.SZ,0.0209668543086631
2022-07-27,X000596.SZ,0.0175862454167479
2022-07-28,X002049.SZ,0.0194940456267875
2022-07-29,X600276.SH,0.0228194172854138
2022-08-01,X601799.SH,0.022830616707878
2022-08-02,X300142.SZ,0.0208238683974385
2022-08-03,X002176.SZ,0.0184991644799072
2022-08-04,X601799.SH,0.0215679174392456
2022-08-05,X002176.SZ,0.0175559158742903
2022-08-08,X300142.SZ,0.0174468980179354
2022-08-09,X002176.SZ,0.0215781680423979
2022-08-10,X600418.SH,0.0206462595849311
2022-08-11,X601799.SH,0.0224092726563094
2022-08-12,X601799.SH,0.0224558746674448
2022-08-15,X601799.SH,0.0200919497619017
2022-08-16,X000063.SZ,0.023886806437388
2022-08-17,X601799.SH,0.0198404992883103
2022-08-18,X601799.SH,0.0206079875572758
2022-08-19,X601799.SH,0.0206837819111223
2022-08-22,X600418.SH,0.0189743908291953
2022-08-23,X601799.SH,0.0249356682097609
2022-08-24,X600519.SH,0.024336079578179
2022-08-25,X600690.SH,0.0219308560677468
2022-08-26,X601799.SH,0.0231217706726948
2022-08-29,X600089.SH,0.0232463377063669
2022-08-30,X600702.SH,0.0218261561589222
2022-08-31,X600276.SH,0.0204397618959195
2022-09-01,X600703.SH,0.0250428098736087
2022-09-02,X601799.SH,0.0209153382702506
2022-09-05,X600563.SH,0.0241017249555851
2022-09-06,X600563.SH,0.022771772103592
2022-09-07,X300142.SZ,0.0174923230738352
2022-09-08,X600519.SH,0.0214748728339572
2022-09-09,X600563.SH,0.0206721503352604
2022-09-13,X601799.SH,0.02089746071768
2022-09-14,X600276.SH,0.0201682907200104
2022-09-15,X600519.SH,0.0186026843012497
2022-09-16,X300142.SZ,0.0191863635983738
2022-09-19,X300142.SZ,0.0179410463986476
2022-09-20,X000625.SZ,0.019020031209946
2022-09-21,X002176.SZ,0.0186833308298578
2022-09-22,X300142.SZ,0.0199151189631657
2022-09-23,X600690.SH,0.0184781654246207
2022-09-26,X003816.SZ,0.0168769929557937
2022-09-27,X600276.SH,0.0167903248714016
2022-09-28,X600702.SH,0.0190843733379226
2022-09-29,X000661.SZ,0.0198097856143276
2022-09-30,X600372.SH,0.0182341129388524
2022-10-10,X600276.SH,0.0177102003806627
2022-10-11,X600372.SH,0.0177583515623767
2022-10-12,X002179.SZ,0.0185474004332462
2022-10-13,X002371.SZ,0.0178659117184455
2022-10-14,X600372.SH,0.0169286247205908
2022-10-17,X600372.SH,0.017187440145036
2022-10-18,X600372.SH,0.0158281673575787
2022-10-19,X002371.SZ,0.0212342077056522
2022-10-20,X002180.SZ,0.0166209539176894
2022-10-21,X600690.SH,0.0163811036019897
2022-10-24,X002179.SZ,0.0181658360223337
2022-10-25,X600690.SH,0.0152428443283648
2022-10-26,X600690.SH,0.0137782183876698
2022-10-27,X600690.SH,0.0161237157359575
2022-10-28,X002179.SZ,0.0173280428390563
2022-10-31,X002371.SZ,0.021296578297702
2022-11-01,X002371.SZ,0.0182683236725482
2022-11-02,X002371.SZ,0.0198428387879559
2022-11-03,X000651.SZ,0.0201570961955323
2022-11-04,X300124.SZ,0.0200883016898733
2022-11-07,X002371.SZ,0.0180717760574493
2022-11-08,X600690.SH,0.0162033021895646
2022-11-09,X300124.SZ,0.0185292093076746
2022-11-10,X601877.SH,0.019407056975614
2022-11-11,X002371.SZ,0.0176901069652981
2022-11-14,X002223.SZ,0.0170117666790689
2022-11-15,X002049.SZ,0.020034840492808
2022-11-16,X002371.SZ,0.0158294360254541
2022-11-17,X000725.SZ,0.015681104589644
2022-11-18,X002223.SZ,0.0201802937405135
2022-11-21,X000568.SZ,0.0199985848846097
2022-11-22,X600104.SH,0.018985488017247
2022-11-23,X002414.SZ,0.0167432819511346
2022-11-24,X600487.SH,0.019769916255527
2022-11-25,X002414.SZ,0.0163572184253468
2022-11-28,X002049.SZ,0.0216341305705345
2022-11-29,X002049.SZ,0.0167828266311869
2022-11-30,X000066.SZ,0.0181143691759865
2022-12-01,X000066.SZ,0.0138764489411678
2022-12-02,X300014.SZ,0.0196182513268926
2022-12-05,X002475.SZ,0.0153133131377467
2022-12-06,X002475.SZ,0.0169935923960692
2022-12-07,X002241.SZ,0.0201245533882365
2022-12-08,X002049.SZ,0.0144464833053085
2022-12-09,X002475.SZ,0.017203764812538
2022-12-12,X002371.SZ,0.0178825645265156
2022-12-13,X002241.SZ,0.0162032092060401
2022-12-14,X002241.SZ,0.0144694038487277
2022-12-15,X002241.SZ,0.0200677151348264
2022-12-16,X300142.SZ,0.0181334196699045
2022-12-19,X002129.SZ,0.0202203537708891
2022-12-20,X002241.SZ,0.0198406684961597
2022-12-21,X600779.SH,0.0184621432042148
2022-12-22,X002241.SZ,0.01533351015004
2022-12-23,X600522.SH,0.0194222768264132
2022-12-26,X002241.SZ,0.0179069205257822
2022-12-27,X002241.SZ,0.0191735225260948
2022-12-28,X002241.SZ,0.0202143279248123
2022-12-29,X002241.SZ,0.0165066431799937
2022-12-30,X000725.SZ,0.0178677418957293
2023-01-03,X002007.SZ,0.0186677249120458
2023-01-04,X002241.SZ,0.0158155039160631
2023-01-05,X002241.SZ,0.0170663600201154
2023-01-06,X002241.SZ,0.0135191329615161
2023-01-09,X002241.SZ,0.01807941244663
2023-01-10,X000725.SZ,0.0185873963848628
2023-01-11,X000725.SZ,0.0194294964987704
2023-01-12,X002241.SZ,0.0200135203674275
2023-01-13,X002241.SZ,0.0185989575152954
2023-01-16,X600741.SH,0.0185666103535233
2023-01-17,X002241.SZ,0.0157524839730719
2023-01-18,X002180.SZ,0.018068364460451
2023-01-19,X300142.SZ,0.0161501499884295
2023-01-20,X300142.SZ,0.0167201863459038
2023-01-30,X300142.SZ,0.0181532110896216
2023-01-31,X300142.SZ,0.0186549243934322
2023-02-01,X300142.SZ,0.0178973327397641
2023-02-02,X002241.SZ,0.0155898603271526
2023-02-03,X002241.SZ,0.0140459576696916
2023-02-06,X000799.SZ,0.015883812328865
2023-02-07,X600522.SH,0.0176024963170711
2023-02-08,X000800.SZ,0.0183665033032075
2023-02-09,X600522.SH,0.017810698795056
2023-02-10,X300124.SZ,0.0164669481732043
2023-02-13,X300142.SZ,0.0136346259305427
2023-02-14,X002241.SZ,0.0143803458842328
2023-02-15,X600522.SH,0.0149375864401081
2023-02-16,X002180.SZ,0.015995676643638
2023-02-17,X300142.SZ,0.0128668259483596
2023-02-20,X600703.SH,0.0164929712165118
2023-02-21,X600741.SH,0.0154360304252209
2023-02-22,X600703.SH,0.0167439983023682
2023-02-23,X600702.SH,0.0185911371719216
2023-02-24,X300142.SZ,0.013948387464364
2023-02-27,X300124.SZ,0.0159235796756373
2023-02-28,X600741.SH,0.0141646907074657
2023-03-01,X002180.SZ,0.0162853919625731
2023-03-02,X000568.SZ,0.017569539091747
2023-03-03,X000338.SZ,0.0153704570398279
2023-03-06,X600741.SH,0.017253420531541
2023-03-07,X002180.SZ,0.0145860833953581
2023-03-08,X300142.SZ,0.0143098780226858
2023-03-09,X300142.SZ,0.0136291260276784
2023-03-10,X000568.SZ,0.0129926459851473
2023-03-13,X000568.SZ,0.0166258599143802
2023-03-14,X600702.SH,0.0154087414497898
2023-03-15,X000568.SZ,0.0144332418067061
2023-03-16,X002294.SZ,0.014560284764475
2023-03-17,X000568.SZ,0.0158276962965998
2023-03-20,X300142.SZ,0.0159146827581199
2023-03-21,X000568.SZ,0.0160186121536591
2023-03-22,X000568.SZ,0.0162840817566129
2023-03-23,X600522.SH,0.015662931827453
2023-03-24,X000568.SZ,0.0156095637305182
2023-03-27,X000568.SZ,0.0163269405123966
2023-03-28,X300142.SZ,0.0132984953959804
2023-03-29,X000568.SZ,0.0151888946571289
2023-03-30,X000568.SZ,0.0154603648620576
2023-03-31,X000568.SZ,0.0141863556678791
2023-04-03,X300142.SZ,0.0160171531733831
2023-04-04,X600031.SH,0.0191325457909157
2023-04-06,X002304.SZ,0.0152653921721332
2023-04-07,X300142.SZ,0.0170895444490208
2023-04-10,X000568.SZ,0.0188183687248661
2023-04-11,X002304.SZ,0.0180940473022316
2023-04-12,X000596.SZ,0.0164539013391757
2023-04-13,X002304.SZ,0.0179538216175696
2023-04-14,X600522.SH,0.0169057466590483
2023-04-17,X002180.SZ,0.0147097030879316
2023-04-18,X002463.SZ,0.0151904568757172
2023-04-19,X002463.SZ,0.016094458706182
2023-04-20,X002463.SZ,0.0149849972589492
2023-04-21,X002463.SZ,0.0167300388053596
2023-04-24,X002463.SZ,0.0180378579281152
2023-04-25,X300142.SZ,0.0163959358986641
2023-04-26,X600372.SH,0.0169700055294286
2023-04-27,X002129.SZ,0.0176715718564988
2023-04-28,X000977.SZ,0.0179627601033514
2023-05-04,X002371.SZ,0.0159575323629252
2023-05-05,X002463.SZ,0.017307975695371
2023-05-08,X002463.SZ,0.0155518708937216
2023-05-09,X002463.SZ,0.0170459452315291
2023-05-10,X300003.SZ,0.019090839083375
2023-05-11,X000800.SZ,0.0172256542719697
2023-05-12,X003816.SZ,0.0181598286630792
2023-05-15,X003816.SZ,0.0148258026606266
2023-05-16,X003816.SZ,0.0170380642706687
2023-05-17,X002007.SZ,0.0172606186226058
2023-05-18,X600519.SH,0.0176473996137167
2023-05-19,X600372.SH,0.0163524210510589
2023-05-22,X003816.SZ,0.0155340109784307
2023-05-23,X002007.SZ,0.0139371846646968
2023-05-24,X300124.SZ,0.0163420093154131
2023-05-25,X300124.SZ,0.0172132534437279
2023-05-26,X300124.SZ,0.0166602887067655
2023-05-29,X000625.SZ,0.0172152841207159
2023-05-30,X000977.SZ,0.0155299508027274
2023-05-31,X000625.SZ,0.0147496605928261
2023-06-01,X003816.SZ,0.0165808325909925
2023-06-02,X600809.SH,0.0165983712782489
2023-06-05,X003816.SZ,0.0161035820920262
2023-06-06,X600104.SH,0.0160429798163828
2023-06-07,X300124.SZ,0.0158896992973243
2023-06-08,X300124.SZ,0.0153925724700807
2023-06-09,X300146.SZ,0.0175972987754697
2023-06-12,X300124.SZ,0.0156308825774269
2023-06-13,X300124.SZ,0.0172945530064233
2023-06-14,X300124.SZ,0.0173556687313219
2023-06-15,X600584.SH,0.0179263137639188
2023-06-16,X600584.SH,0.0164186709506593
2023-06-19,X003816.SZ,0.0158871042171213
2023-06-20,X600584.SH,0.0197162433732777
2023-06-21,X002179.SZ,0.0191627122188682
2023-06-26,X002415.SZ,0.0200467875329086
2023-06-27,X600584.SH,0.0184981789030223
2023-06-28,X300124.SZ,0.016674306637378
2023-06-29,X002415.SZ,0.0181093581977048
2023-06-30,X300124.SZ,0.0174831952140227
2023-07-03,X600584.SH,0.0180066822100654
2023-07-04,X300124.SZ,0.0178345425129871
2023-07-05,X600703.SH,0.016476828893726
2023-07-06,X600703.SH,0.0176339641523397
2023-07-07,X000661.SZ,0.0186237847351764
2023-07-10,X000977.SZ,0.0164618043037675
2023-07-11,X000977.SZ,0.0194375144837495
2023-07-12,X000100.SZ,0.018721888656104
2023-07-13,X000100.SZ,0.0188055470684877
2023-07-14,X600584.SH,0.0151343255016218
2023-07-17,X600703.SH,0.0171137452993422
2023-07-18,X002371.SZ,0.0176989664945341
2023-07-19,X600584.SH,0.0145534105591893
2023-07-20,X600584.SH,0.0147578986621078
2023-07-21,X600584.SH,0.0143206501656387
2023-07-24,X600584.SH,0.0138748601520264
2023-07-25,X600703.SH,0.0186170607250046
2023-07-26,X600584.SH,0.0128891508800785
2023-07-27,X600584.SH,0.0165674324972335
2023-07-28,X600584.SH,0.0131833026032219
2023-07-31,X600703.SH,0.0141949476224301
2023-08-01,X002236.SZ,0.0163738409661717
2023-08-02,X002236.SZ,0.0159314907517931
2023-08-03,X000100.SZ,0.0167028959046582
2023-08-04,X601799.SH,0.0125500586332943
2023-08-07,X600522.SH,0.013182895554496
2023-08-08,X600703.SH,0.0110111791394001
2023-08-09,X600703.SH,0.0140788424467901
2023-08-10,X002415.SZ,0.014808709570684
2023-08-11,X002371.SZ,0.0135238307711585
2023-08-14,X600703.SH,0.0149486334866184
2023-08-15,X600703.SH,0.0156076779131694
2023-08-16,X600703.SH,0.0145918592326652
2023-08-17,X600703.SH,0.0162826771583166
2023-08-18,X600522.SH,0.0150379082317009
2023-08-21,X300124.SZ,0.0121741509895874
2023-08-22,X300124.SZ,0.0110056526427973
2023-08-23,X300124.SZ,0.0141640074107657
2023-08-24,X600703.SH,0.0148275970507243
2023-08-25,X600703.SH,0.0141396739568453
2023-08-28,X300124.SZ,0.0145078229426413
2023-08-29,X002179.SZ,0.0159627457615398
2023-08-30,X600703.SH,0.0145167092578963
2023-08-31,X600519.SH,0.0151565751557759
2023-09-01,X002371.SZ,0.0159710965959873
2023-09-04,X002463.SZ,0.0162677394065236
2023-09-05,X600809.SH,0.0164979568259069
2023-09-06,X002179.SZ,0.0138524279998197
2023-09-07,X000977.SZ,0.0157527655824119
2023-09-08,X002179.SZ,0.0153954361719576
2023-09-11,X600702.SH,0.0136508134979637
2023-09-12,X002179.SZ,0.0111652151038674
2023-09-13,X002179.SZ,0.0118069019903823
2023-09-14,X300124.SZ,0.0156319888349502
2023-09-15,X002179.SZ,0.0107416207542202
2023-09-18,X002179.SZ,0.0114133887268013
2023-09-19,X600372.SH,0.0130151964061164
2023-09-20,X600372.SH,0.012148668330583
2023-09-21,X003816.SZ,0.0126314948091508
2023-09-22,X000733.SZ,0.0141766968752759
2023-09-25,X600183.SH,0.0140202687260187
2023-09-26,X002179.SZ,0.0126956217758018
2023-09-27,X002007.SZ,0.0125705350194654
2023-09-28,X002236.SZ,0.0149755577004524
2023-10-09,X002179.SZ,0.0109151202503335
2023-10-10,X000733.SZ,0.0103792317148687
2023-10-11,X000733.SZ,0.012550303924118
2023-10-12,X000733.SZ,0.0116715802378853
2023-10-13,X000733.SZ,0.0126783858970271
2023-10-16,X000733.SZ,0.00983158802975867
2023-10-17,X002007.SZ,0.0124899402857385
2023-10-18,X000661.SZ,0.014017653185536
2023-10-19,X000661.SZ,0.0138784775468934
2023-10-20,X000661.SZ,0.0138995181965455
2023-10-23,X000651.SZ,0.0168250073009634
2023-10-24,X000921.SZ,0.0134964469884115
2023-10-25,X000661.SZ,0.0131894454098026
2023-10-26,X000661.SZ,0.0134565325314659
2023-10-27,X000661.SZ,0.0150120854932417
2023-10-30,X601799.SH,0.0124113532879047
2023-10-31,X002007.SZ,0.0146769795966391
2023-11-01,X601799.SH,0.00996597998161716
2023-11-02,X600522.SH,0.0145860703298155
2023-11-03,X002179.SZ,0.0152277286898061
2023-11-06,X000661.SZ,0.0140914927631043
2023-11-07,X002179.SZ,0.0114982410390173
2023-11-08,X600703.SH,0.0158275593027419
2023-11-09,X000661.SZ,0.0139424154111412
2023-11-10,X000661.SZ,0.0131946085055066
2023-11-13,X002007.SZ,0.0135421387576903
2023-11-14,X601799.SH,0.0172076905559713
2023-11-15,X002007.SZ,0.0129228253045089
2023-11-16,X002007.SZ,0.0136246496473573
2023-11-17,X002007.SZ,0.0138138251853911
2023-11-20,X002179.SZ,0.011654363065733
2023-11-21,X002179.SZ,0.0119217638996522
2023-11-22,X000661.SZ,0.0147155698678573
2023-11-23,X002179.SZ,0.0111451065748356
2023-11-24,X002180.SZ,0.0140957731176198
2023-11-27,X002180.SZ,0.0122321710479035
2023-11-28,X002180.SZ,0.0131209901842018
2023-11-29,X002180.SZ,0.0150018219640044
2023-11-30,X002179.SZ,0.0149135786516501
2023-12-01,X300124.SZ,0.0147311986597868
2023-12-04,X000568.SZ,0.0139194353260334
2023-12-05,X600183.SH,0.0164650552413345
2023-12-06,X601799.SH,0.0152529711621949
2023-12-07,X000661.SZ,0.0134600657303233
2023-12-08,X601799.SH,0.0154623596814642
2023-12-11,X600418.SH,0.0149226258312632
2023-12-12,X002028.SZ,0.0148525861783588
2023-12-13,X000661.SZ,0.0118270925634227
2023-12-14,X000100.SZ,0.0156283357693211
2023-12-15,X000066.SZ,0.0136954363304365
2023-12-18,X601799.SH,0.0135147979185093
2023-12-19,X002028.SZ,0.0148186735256151
2023-12-20,X002236.SZ,0.0148397294141872
2023-12-21,X002236.SZ,0.0154373495514639
2023-12-22,X600584.SH,0.0142021154680677
2023-12-25,X002236.SZ,0.0145616802214392
2023-12-26,X300124.SZ,0.0146774685937218
2023-12-27,X002028.SZ,0.0138991038208659
2023-12-28,X002236.SZ,0.0136905837089749
2023-12-29,X002028.SZ,0.0129557370866643
2024-01-02,X002007.SZ,0.0139521744507453
2024-01-03,X000157.SZ,0.0144627393264946
2024-01-04,X002156.SZ,0.0128641342174121
2024-01-05,X002028.SZ,0.0129854968143327
2024-01-08,X002236.SZ,0.0134477772143106
2024-01-09,X000725.SZ,0.0116826451171237
2024-01-10,X002028.SZ,0.0140591874226496
2024-01-11,X601799.SH,0.015485153326631
2024-01-12,X002028.SZ,0.0141272725060904
2024-01-15,X002028.SZ,0.012888338024547
2024-01-16,X000596.SZ,0.0157096950132063
2024-01-17,X601799.SH,0.011461393864941
2024-01-18,X002415.SZ,0.0147692742403832
2024-01-19,X002236.SZ,0.0126223556104326
2024-01-22,X003816.SZ,0.0150384325974365
2024-01-23,X600276.SH,0.0142657752894581
2024-01-24,X002074.SZ,0.0162264942301623
2024-01-25,X002463.SZ,0.0176893965326876
2024-01-26,X000725.SZ,0.0125261129674311
2024-01-29,X000725.SZ,0.014156157335231
2024-01-30,X002028.SZ,0.0144348339093627
2024-01-31,X002028.SZ,0.0116570811221277
2024-02-01,X002028.SZ,0.01117755930481
2024-02-02,X002028.SZ,0.0135856608531652
2024-02-05,X002028.SZ,0.0118587096886145
2024-02-06,X002028.SZ,0.0155134234913977
2024-02-07,X002028.SZ,0.0128448755805999
2024-02-08,X002028.SZ,0.0147669624506627
2024-02-19,X002028.SZ,0.0145685390453514
2024-02-20,X600566.SH,0.0154285941496007
2024-02-21,X002463.SZ,0.015738289310599
2024-02-22,X002463.SZ,0.0160085518800323
2024-02-23,X002463.SZ,0.0153547625572546
2024-02-26,X002463.SZ,0.0155623275522582
2024-02-27,X002371.SZ,0.0188227545300177
2024-02-28,X000725.SZ,0.0130142320253662
2024-02-29,X000725.SZ,0.0144017725996352
2024-03-01,X000100.SZ,0.017372710217387
2024-03-04,X002028.SZ,0.0180260094720407
2024-03-05,X003816.SZ,0.0189419389669977
2024-03-06,X000800.SZ,0.0154176299025781
2024-03-07,X003816.SZ,0.0186407221032253
2024-03-08,X000338.SZ,0.0198834464629015
2024-03-11,X003816.SZ,0.0160153167942881
2024-03-12,X003816.SZ,0.0159963829103149
2024-03-13,X003816.SZ,0.0174878027527767
2024-03-14,X600522.SH,0.0145132089367411
2024-03-15,X002028.SZ,0.0177024020880943
2024-03-18,X002028.SZ,0.0150499519521511
2024-03-19,X002028.SZ,0.0168914846035745
2024-03-20,X002028.SZ,0.0179728878271565
2024-03-21,X300124.SZ,0.0176095026777807
2024-03-22,X003816.SZ,0.0162029434746318
2024-03-25,X003816.SZ,0.0172073774215421
2024-03-26,X003816.SZ,0.0159044705288688
2024-03-27,X002028.SZ,0.0132136041132041
2024-03-28,X600690.SH,0.0145242127700101
2024-03-29,X000596.SZ,0.0165089465452721
2024-04-01,X003816.SZ,0.0167347530555412
2024-04-02,X002028.SZ,0.0189453485128879
2024-04-03,X003816.SZ,0.0174349679068961
2024-04-08,X002236.SZ,0.0184436589860468
2024-04-09,X600690.SH,0.0167795933371802
2024-04-10,X601799.SH,0.0193391138820102
2024-04-11,X601799.SH,0.0164981721688503
2024-04-12,X600690.SH,0.0162698531251259
2024-04-15,X600690.SH,0.0168058656214033
2024-04-16,X002028.SZ,0.020189913315303
2024-04-17,X600584.SH,0.0182704291468373
2024-04-18,X000338.SZ,0.0168602435818676
2024-04-19,X600031.SH,0.0170143328758572
2024-04-22,X601799.SH,0.0171004392640469
2024-04-23,X600584.SH,0.0165735550990195
2024-04-24,X601799.SH,0.0181353322494544
2024-04-25,X601799.SH,0.0163724231423959
2024-04-26,X002085.SZ,0.0158269525843228
2024-04-29,X002085.SZ,0.0179248857644256
2024-04-30,X601799.SH,0.0175667341243416
2024-05-06,X003816.SZ,0.0185420747727507
2024-05-07,X003816.SZ,0.0172784374470991
2024-05-08,X003816.SZ,0.0153908135501544
2024-05-09,X003816.SZ,0.0178358693942314
2024-05-10,X600690.SH,0.0142811888811508
2024-05-13,X003816.SZ,0.0149511860375052
2024-05-14,X003816.SZ,0.0152165248633561
2024-05-15,X002415.SZ,0.0167363105843771
2024-05-16,X601799.SH,0.0149187433122971
2024-05-17,X601799.SH,0.0170480671275184
2024-05-20,X002085.SZ,0.0149749314626862
2024-05-21,X000661.SZ,0.0163860330592103
2024-05-22,X002085.SZ,0.0151300767566724
2024-05-23,X002028.SZ,0.0201203611998694
2024-05-24,X003816.SZ,0.0187387363537003
2024-05-27,X000921.SZ,0.0169454782807367
2024-05-28,X002223.SZ,0.0165294376894639
2024-05-29,X600060.SH,0.0184705825481902
2024-05-30,X000921.SZ,0.0173173662184703
2024-05-31,X000596.SZ,0.0177819772406455
2024-06-03,X600060.SH,0.0185621528662775
2024-06-04,X002223.SZ,0.0186298370287314
2024-06-05,X002475.SZ,0.018376368137462
2024-06-06,X000661.SZ,0.017158522876695
2024-06-07,X600066.SH,0.0163104554378659
2024-06-11,X000661.SZ,0.0153339801327679
2024-06-12,X600066.SH,0.0166518164177995
2024-06-13,X600276.SH,0.0178697037780514
2024-06-14,X000858.SZ,0.0177680635744197
2024-06-17,X002304.SZ,0.0175364681743712
2024-06-18,X002304.SZ,0.0148482941187754
2024-06-19,X000661.SZ,0.0163498195543439
2024-06-20,X601877.SH,0.0178739918754688
2024-06-21,X600060.SH,0.0181701883541744
2024-06-24,X002304.SZ,0.0156186221926029
2024-06-25,X002028.SZ,0.0165700299447871
2024-06-26,X600060.SH,0.0142289564221946
2024-06-27,X600060.SH,0.0157142666749416
2024-06-28,X600276.SH,0.0164669589695499
2024-07-01,X600276.SH,0.0139007622084631
2024-07-02,X600066.SH,0.0163205436391477
2024-07-03,X002028.SZ,0.015036245246821
2024-07-04,X600741.SH,0.0173357442835527
2024-07-05,X600690.SH,0.0162790897089833
2024-07-08,X000596.SZ,0.0148597988247115
2024-07-09,X600276.SH,0.0150338307313134
2024-07-10,X600276.SH,0.0164968748195501
2024-07-11,X600066.SH,0.0169400675227581
2024-07-12,X600031.SH,0.0150209989671502
2024-07-15,X600031.SH,0.0141138521381762
2024-07-16,X600066.SH,0.0166999175952853
2024-07-17,X000977.SZ,0.0157270463300166
2024-07-18,X002179.SZ,0.0175836239388109
2024-07-19,X600031.SH,0.0162332614732908
2024-07-22,X600031.SH,0.011263680851419
2024-07-23,X600031.SH,0.0123325421736541
2024-07-24,X600031.SH,0.0149530891074808
2024-07-25,X600031.SH,0.0147772172165698
2024-07-26,X600276.SH,0.0164742863287519
2024-07-29,X600183.SH,0.0170206292025046
2024-07-30,X003816.SZ,0.0162610486665617
2024-07-31,X600183.SH,0.0166069758757498
2024-08-01,X600031.SH,0.0139458428251725
2024-08-02,X600031.SH,0.0142366834998343
2024-08-05,X600031.SH,0.0130274523436024
2024-08-06,X600031.SH,0.0132121596858209
2024-08-07,X600031.SH,0.0161141951091454
2024-08-08,X600031.SH,0.0158876521090458
2024-08-09,X600031.SH,0.0142462766241376
2024-08-12,X600031.SH,0.0156142095221353
2024-08-13,X600031.SH,0.0152555009610636
2024-08-14,X600104.SH,0.0109535197707691
2024-08-15,X600104.SH,0.0128383049585185
2024-08-16,X600104.SH,0.0121675198043192
2024-08-19,X600183.SH,0.0133782303645688
2024-08-20,X600183.SH,0.0142355116851718
2024-08-21,X600183.SH,0.0143235934468824
2024-08-22,X600104.SH,0.0180175188918995
2024-08-23,X600522.SH,0.0140753980936969
2024-08-26,X002223.SZ,0.0156276899661098
2024-08-27,X002223.SZ,0.0142707210290219
2024-08-28,X600703.SH,0.0171211606409146
2024-08-29,X600703.SH,0.0135367504278269
2024-08-30,X600031.SH,0.0124138144795968
2024-09-02,X600031.SH,0.0134263455811936
2024-09-03,X000625.SZ,0.0157745003691077
2024-09-04,X000625.SZ,0.017095860370958
2024-09-05,X600183.SH,0.0165711940851813
2024-09-06,X600741.SH,0.0137624440370588
2024-09-09,X002180.SZ,0.0162258481122993
2024-09-10,X000625.SZ,0.017175392520485
2024-09-11,X600183.SH,0.0172088544790513
2024-09-12,X300014.SZ,0.016417359390057
2024-09-13,X002180.SZ,0.0175907736334151
2024-09-18,X002463.SZ,0.0138063149318861
2024-09-19,X002180.SZ,0.0152773522412847
2024-09-20,X002180.SZ,0.0157576927857593
2024-09-23,X002463.SZ,0.015133787828662
2024-09-24,X002223.SZ,0.0149906733776188
2024-09-25,X600809.SH,0.0155352766754298
2024-09-26,X600418.SH,0.0143035610085254
2024-09-27,X600066.SH,0.0138573919458301
2024-09-30,X002223.SZ,0.0167144664551394
2024-10-08,X600066.SH,0.014114495709482
2024-10-09,X600066.SH,0.0180671601333497
2024-10-10,X600460.SH,0.0191235339804654
2024-10-11,X600276.SH,0.0156142702185233
2024-10-14,X600372.SH,0.0172254029117459
2024-10-15,X003816.SZ,0.0167021778920442
2024-10-16,X600372.SH,0.0196607902981018
2024-10-17,X600372.SH,0.0180295635915856
2024-10-18,X600372.SH,0.0195537366823661
2024-10-21,X600809.SH,0.019594762381147
2024-10-22,X600372.SH,0.0191572225275632
2024-10-23,X002074.SZ,0.0202465812635791
2024-10-24,X002074.SZ,0.0208894643413835
2024-10-25,X000063.SZ,0.0224051405659463
2024-10-28,X600276.SH,0.0203790257891709
2024-10-29,X600276.SH,0.0191636519123252
2024-10-30,X600276.SH,0.0166513995307259
2024-10-31,X002028.SZ,0.0217145472188996
2024-11-01,X600276.SH,0.0200930918744103
2024-11-04,X600276.SH,0.0197926463711423
2024-11-05,X600276.SH,0.0214454616864186
2024-11-06,X000651.SZ,0.0214891457098033
2024-11-07,X002156.SZ,0.0208405478408517
2024-11-08,X600418.SH,0.0248952169577719
2024-11-11,X000661.SZ,0.0245565264215035
2024-11-12,X000651.SZ,0.0191203728576904
2024-11-13,X000661.SZ,0.0245362825426679
2024-11-14,X002074.SZ,0.0216382387731916
2024-11-15,X000661.SZ,0.0260693250959407
2024-11-18,X600276.SH,0.0291364470531922
2024-11-19,X600276.SH,0.0270253239906159
2024-11-20,X002179.SZ,0.0220426535621918
2024-11-21,X002179.SZ,0.021391547507361
2024-11-22,X002179.SZ,0.0273680060222622
2024-11-25,X002179.SZ,0.0239792810565709
2024-11-26,X003816.SZ,0.0279349875382095
2024-11-27,X002463.SZ,0.0224271034962006
2024-11-28,X002475.SZ,0.0272556468994534
2024-11-29,X000063.SZ,0.0260770474971546
2024-12-02,X002028.SZ,0.0259903625603279
2024-12-03,X003816.SZ,0.0270696805129058
2024-12-04,X600418.SH,0.0251446137838362
2024-12-05,X600418.SH,0.0251555115679642
2024-12-06,X600418.SH,0.0201623179529066
2024-12-09,X600418.SH,0.0205204419483857
2024-12-10,X600104.SH,0.0247124515209519
2024-12-11,X003816.SZ,0.0235740170040829
2024-12-12,X600276.SH,0.0237975536924323
2024-12-13,X600418.SH,0.0179682552177916
2024-12-16,X600418.SH,0.0239600509921659
2024-12-17,X600839.SH,0.0228656211281011
2024-12-18,X600839.SH,0.0227366221925918
2024-12-19,X600418.SH,0.0231397015932524
2024-12-20,X002456.SZ,0.0215512422684916
2024-12-23,X600418.SH,0.0204847763219281
2024-12-24,X600418.SH,0.0215999155328246
2024-12-25,X600839.SH,0.0241217138782748
2024-12-26,X002456.SZ,0.0207147965400651
2024-12-27,X600519.SH,0.0311196000528614
2024-12-30,X600418.SH,0.0229384426682986
2024-12-31,X600418.SH,0.0207735553615836
2025-01-02,X600418.SH,0.0205341891057826
2025-01-03,X600839.SH,0.0240858391570058
2025-01-06,X600839.SH,0.0190170400675487
2025-01-07,X600104.SH,0.0242680618147638
2025-01-08,X000921.SZ,0.0238304585059017
2025-01-09,X600104.SH,0.0238829041527494
2025-01-10,X600276.SH,0.0219068446433673
2025-01-13,X600104.SH,0.0238326614700181
2025-01-14,X600839.SH,0.0191537538605822
2025-01-15,X000921.SZ,0.0196325659165617
2025-01-16,X002028.SZ,0.0223623793240595
2025-01-17,X600839.SH,0.0230509561375196
2025-01-20,X002028.SZ,0.0219309795589942
2025-01-21,X000063.SZ,0.0222878291577714
2025-01-22,X600487.SH,0.0230935774411932
2025-01-23,X002028.SZ,0.0191864890184584
2025-01-24,X002281.SZ,0.0206275436060411
2025-01-27,X002281.SZ,0.0197812227020706
