date,name,lambda
2014-10-15,X600111.SH,0.0116490299774511
2014-10-16,X600188.SH,0.0115071242524745
2014-10-17,X601158.SH,0.0124830278800914
2014-10-20,X601158.SH,0.0116335919116702
2014-10-21,X600111.SH,0.0136883788031709
2014-10-22,X600111.SH,0.0133201296908642
2014-10-23,X600660.SH,0.0124281126480004
2014-10-24,X000983.SZ,0.0137713448161339
2014-10-27,X601699.SH,0.0116959105246601
2014-10-28,X000539.SZ,0.012181124940959
2014-10-29,X600549.SH,0.0128489760235661
2014-10-30,X600660.SH,0.0127480672342995
2014-10-31,X601158.SH,0.0112329798711408
2014-11-03,X600549.SH,0.0112247472047086
2014-11-04,X600362.SH,0.0121996163297836
2014-11-05,X601699.SH,0.0110696106220654
2014-11-06,X600111.SH,0.0123760317286946
2014-11-07,X600027.SH,0.0117734756690449
2014-11-10,X600111.SH,0.0117596213360121
2014-11-11,X600111.SH,0.0115766109802615
2014-11-12,X000825.SZ,0.0102405064140386
2014-11-13,X601600.SH,0.012072691848677
2014-11-14,X600188.SH,0.0102162209078606
2014-11-17,X600188.SH,0.0121864406777925
2014-11-18,X600111.SH,0.00948197015813514
2014-11-19,X600111.SH,0.0100785938451989
2014-11-20,X000883.SZ,0.0105531223292689
2014-11-21,X600362.SH,0.0106828108752432
2014-11-24,X600549.SH,0.0108500886289094
2014-11-25,X000539.SZ,0.00976447740704988
2014-11-26,X000825.SZ,0.0154015929413997
2014-11-27,X000825.SZ,0.0153032362612673
2014-11-28,X600362.SH,0.00957508299840344
2014-12-01,X600111.SH,0.0128809966523887
2014-12-02,X600547.SH,0.114511
2014-12-03,X600547.SH,0.183719
2014-12-04,X600547.SH,0.113812
2014-12-05,X600111.SH,0.0126171090832923
2014-12-08,X600583.SH,0.012885407460718
2014-12-09,X600362.SH,0.0153352877450803
2014-12-10,X601158.SH,0.0149284484992654
2014-12-11,X601158.SH,0.016702029790432
2014-12-12,X600111.SH,0.0134765851414437
2014-12-15,X601158.SH,0.0126981269580405
2014-12-16,X000027.SZ,0.0157472979096403
2014-12-17,X000027.SZ,0.0119100927160666
2014-12-18,X601158.SH,0.0133609186859264
2014-12-19,X600111.SH,0.0141675633906465
2014-12-22,X601600.SH,0.0142785536436474
2014-12-23,X601600.SH,0.0184261745125106
2014-12-24,X601600.SH,0.0171954511689081
2014-12-25,X601600.SH,0.0145308430714658
2014-12-26,X000983.SZ,0.0231102980259901
2014-12-29,X601600.SH,0.0174555845309063
2014-12-30,X000983.SZ,0.0203571852144849
2014-12-31,X600578.SH,0.0167339223871407
2015-01-05,X600578.SH,0.0177798088289585
2015-01-06,X601600.SH,0.0179545429356328
2015-01-07,X600578.SH,0.0197147623039598
2015-01-08,X600578.SH,0.0209323263016564
2015-01-09,X000983.SZ,0.0180502348325705
2015-01-12,X600578.SH,0.0197503159160915
2015-01-13,X600578.SH,0.0200320892581192
2015-01-14,X600578.SH,0.0179930588893459
2015-01-15,X600578.SH,0.0177549046667425
2015-01-16,X601600.SH,0.0191319168083167
2015-01-19,X000539.SZ,0.0242551432066952
2015-01-20,X600583.SH,0.0259963169503679
2015-01-21,X000898.SZ,0.0263383521340523
2015-01-22,X600583.SH,0.0298699278873823
2015-01-23,X000898.SZ,0.0289908701441266
2015-01-26,X601991.SH,0.029615873783657
2015-01-27,X000898.SZ,0.0299633383065664
2015-01-28,X000898.SZ,0.0313210175916381
2015-01-29,X601991.SH,0.0359172276034995
2015-01-30,X000898.SZ,0.03716472580524
2015-02-02,X601991.SH,0.0379767851106324
2015-02-03,X601991.SH,0.0403461858680771
2015-02-04,X601991.SH,0.0384878098782797
2015-02-05,X601991.SH,0.042111904347768
2015-02-06,X000898.SZ,0.037888357614228
2015-02-09,X600795.SH,0.0386690836044665
2015-02-10,X600795.SH,0.0413916131201287
2015-02-11,X000898.SZ,0.0469778327714313
2015-02-12,X000883.SZ,0.188119
2015-02-13,X601088.SH,0.042202304058819
2015-02-16,X600011.SH,0.0374668697446148
2015-02-17,X601088.SH,0.0280948743270543
2015-02-25,X600583.SH,0.0522537529783144
2015-02-26,X000060.SZ,0.0473329500375581
2015-02-27,X601898.SH,0.0378593484952114
2015-03-02,X000060.SZ,0.0435742628243647
2015-03-03,X601898.SH,0.0479803152433399
2015-03-04,X601898.SH,0.0513801446142215
2015-03-05,X601898.SH,0.0498572467430482
2015-03-06,X000060.SZ,0.057179078996031
2015-03-09,X601898.SH,0.0558602681523403
2015-03-10,X601898.SH,0.0580351608918737
2015-03-11,X601898.SH,0.058133239430135
2015-03-12,X601898.SH,0.0528619237325409
2015-03-13,X601898.SH,0.0567187720622991
2015-03-16,X601898.SH,0.0571841279938872
2015-03-17,X601898.SH,0.0593603912239785
2015-03-18,X601898.SH,0.057260633459258
2015-03-19,X000060.SZ,0.0501524226939585
2015-03-20,X000060.SZ,0.0534351638452876
2015-03-23,X600585.SH,0.0574135777881041
2015-03-24,X601898.SH,0.0575800099534007
2015-03-25,X600583.SH,0.0590265472893094
2015-03-26,X601699.SH,0.0573974882583521
2015-03-27,X600019.SH,0.0441257474961353
2015-03-30,X601699.SH,0.0501021371898836
2015-03-31,X601699.SH,0.0452712337776602
2015-04-01,X600309.SH,0.056541632079569
2015-04-02,X600585.SH,0.0385947322959806
2015-04-03,X000027.SZ,0.0416768501624952
2015-04-07,X601699.SH,0.04135979923522
2015-04-08,X600808.SH,0.043224825211169
2015-04-09,X601898.SH,0.0465437833490571
2015-04-10,X600808.SH,0.041724065083798
2015-04-13,X601898.SH,0.042418610983199
2015-04-14,X600808.SH,0.0460263493103291
2015-04-15,X601898.SH,0.0540970632632572
2015-04-16,X000060.SZ,0.0412168898368088
2015-04-17,X601898.SH,0.0448805700773883
2015-04-20,X000060.SZ,0.0410445508146832
2015-04-21,X601898.SH,0.0339546704677549
2015-04-22,X600808.SH,0.0335043948859847
2015-04-23,X600028.SH,0.0334986829638796
2015-04-24,X601898.SH,0.0167825264896964
2015-04-27,X600315.SH,0.0224855104507503
2015-04-28,X600863.SH,0.0226467991017826
2015-04-29,X601898.SH,0.0161152399645268
2015-04-30,X600808.SH,0.0203868389176648
2015-05-04,X000898.SZ,0.0170107224523836
2015-05-05,X600022.SH,0.0162852491270638
2015-05-06,X600863.SH,0.0168373069999625
2015-05-07,X601088.SH,0.0162998987347157
2015-05-08,X600808.SH,0.0182988106500077
2015-05-11,X600188.SH,0.016193748923991
2015-05-12,X000883.SZ,0.212284
2015-05-13,X000883.SZ,0.271532
2015-05-14,X000883.SZ,0.082168
2015-05-15,X000883.SZ,0.156559
2015-05-18,X000883.SZ,0.094954
2015-05-19,X000709.SZ,0.0233108547276809
2015-05-20,X600660.SH,0.0204685486734286
2015-05-21,X600583.SH,0.0192031472761193
2015-05-22,X000709.SZ,0.019397516303511
2015-05-25,X600583.SH,0.0204748712638211
2015-05-26,X000629.SZ,0.0193203917055369
2015-05-27,X600011.SH,0.0206674705953859
2015-05-28,X600011.SH,0.0228542330288327
2015-05-29,X600886.SH,0.0215778541237136
2015-06-01,X601992.SH,0.0282907710074695
2015-06-02,X600019.SH,0.0297858332112971
2015-06-03,X600808.SH,0.0290140192648693
2015-06-04,X601898.SH,0.0289780557073134
2015-06-05,X601898.SH,0.0299783760954439
2015-06-08,X601898.SH,0.0302628532035531
2015-06-09,X000983.SZ,0.0318266496541279
2015-06-10,X601898.SH,0.0321755888032252
2015-06-11,X600019.SH,0.0274393567054762
2015-06-12,X600019.SH,0.0321722823881297
2015-06-15,X600019.SH,0.0332889033543242
2015-06-16,X600111.SH,0.0324724539146907
2015-06-17,X600019.SH,0.0349383182955225
2015-06-18,X000709.SZ,0.035813598311974
2015-06-19,X600111.SH,0.0351515707994718
2015-06-23,X000539.SZ,0.0359363782514664
2015-06-24,X600098.SH,0.0355964186971406
2015-06-25,X600098.SH,0.0368782519581869
2015-06-26,X000898.SZ,0.0368608773599237
2015-06-29,X600352.SH,0.0376690922734597
2015-06-30,X000883.SZ,0.0331348032951237
2015-07-01,X600021.SH,0.0364178874381321
2015-07-02,X600019.SH,0.035768079437529
2015-07-03,X600098.SH,0.0464508850387716
2015-07-06,X600315.SH,0.0403624287615056
2015-07-07,X600019.SH,0.0397905696306252
2015-07-08,X600019.SH,0.0358387353485209
2015-07-09,X600111.SH,0.0507064686034836
2015-07-10,X600019.SH,0.0535638935624005
2015-07-13,X600585.SH,0.0510214137980348
2015-07-14,X000898.SZ,0.0427471900599994
2015-07-15,X000825.SZ,0.0440953394840864
2015-07-16,X600111.SH,0.0468136379357125
2015-07-17,X601158.SH,0.0493348568118013
2015-07-20,X000898.SZ,0.0609369640589746
2015-07-21,X600660.SH,0.0504648336573162
2015-07-22,X600660.SH,0.0545374220106203
2015-07-23,X601158.SH,0.054642684216354
2015-07-24,X300072.SZ,0.0463701640803743
2015-07-27,X600660.SH,0.0538499147940215
2015-07-28,X601991.SH,0.050628075146708
2015-07-29,X600660.SH,0.0469828402624752
2015-07-30,X000825.SZ,0.0453026846647739
2015-07-31,X000825.SZ,0.0448666942149367
2015-08-03,X000825.SZ,0.0475864018617981
2015-08-04,X600352.SH,0.0501988359501711
2015-08-05,X600027.SH,0.0605516137021784
2015-08-06,X000629.SZ,0.0534353501720862
2015-08-07,X600027.SH,0.0632358245477599
2015-08-10,X000629.SZ,0.0547349778769047
2015-08-11,X600352.SH,0.0502916900877773
2015-08-12,X000027.SZ,0.0554228570805976
2015-08-13,X600660.SH,0.0533764126954241
2015-08-14,X600585.SH,0.0520652904171994
2015-08-17,X000825.SZ,0.0496094040493358
2015-08-18,X002353.SZ,0.110458
2015-08-19,X002353.SZ,0.109325
2015-08-20,X002353.SZ,0.260595
2015-08-21,X600021.SH,0.0530001414534226
2015-08-24,X600021.SH,0.0553551321314628
2015-08-25,X600660.SH,0.0523505622669871
2015-08-26,X600585.SH,0.0503758954274931
2015-08-27,X600660.SH,0.0572304252551142
2015-08-28,X600660.SH,0.0577638881936607
2015-08-31,X600547.SH,0.055644646128772
2015-09-01,X000878.SZ,0.10436328125
2015-09-02,X600547.SH,0.0552026303323414
2015-09-07,X600547.SH,0.0555615709859973
2015-09-08,X601600.SH,0.0515265512840263
2015-09-09,X600352.SH,0.0523221204549558
2015-09-10,X600547.SH,0.0501761447999291
2015-09-11,X600578.SH,0.0529208519689273
2015-09-14,X600489.SH,0.0543905371494339
2015-09-15,X600489.SH,0.0552239884000892
2015-09-16,X601600.SH,0.0551529275605058
2015-09-17,X600660.SH,0.057520078424629
2015-09-18,X600489.SH,0.0568820040305468
2015-09-21,X600489.SH,0.0584371046731074
2015-09-22,X601600.SH,0.0580744479129139
2015-09-23,X600352.SH,0.0563755585625129
2015-09-24,X600352.SH,0.0598562283528684
2015-09-25,X600362.SH,0.0584933636569932
2015-09-28,X601991.SH,0.0595824379887306
2015-09-29,X601600.SH,0.0576321421353861
2015-09-30,X601600.SH,0.0556763749443756
2015-10-08,X601600.SH,0.0588834714416759
2015-10-09,X600362.SH,0.0609239297220766
2015-10-12,X600362.SH,0.0578266166718619
2015-10-13,X600352.SH,0.0600250879721428
2015-10-14,X600362.SH,0.0560432342899271
2015-10-15,X600352.SH,0.060383674692814
2015-10-16,X600352.SH,0.0588979761781061
2015-10-19,X600660.SH,0.0547499837947595
2015-10-20,X600362.SH,0.0568506433277422
2015-10-21,X600795.SH,0.0591997095477277
2015-10-22,X600583.SH,0.0588552739165939
2015-10-23,X600795.SH,0.0583352063591863
2015-10-26,X000630.SZ,0.0615528016586535
2015-10-27,X000630.SZ,0.0633680161516851
2015-10-28,X600019.SH,0.0563624809313746
2015-10-29,X600795.SH,0.0555711205161713
2015-10-30,X601991.SH,0.0537452548573474
2015-11-02,X600019.SH,0.0540753317490888
2015-11-03,X600795.SH,0.0521264351510098
2015-11-04,X600362.SH,0.0523786005426654
2015-11-05,X600795.SH,0.0504279193739993
2015-11-06,X600795.SH,0.0485492146277714
2015-11-09,X600795.SH,0.0474430336264391
2015-11-10,X600019.SH,0.0460115163377896
2015-11-11,X600019.SH,0.0468368051393849
2015-11-12,X600795.SH,0.045242104810302
2015-11-13,X600795.SH,0.0436224388877389
2015-11-16,X600019.SH,0.0410016844494936
2015-11-17,X600019.SH,0.0409831993675119
2015-11-18,X600795.SH,0.0391897510549006
2015-11-19,X600019.SH,0.0393868349811518
2015-11-20,X600019.SH,0.0370323741084565
2015-11-23,X600019.SH,0.0346776093632687
2015-11-24,X600795.SH,0.0360148706644652
2015-11-25,X000539.SZ,0.0369126992951728
2015-11-26,X000539.SZ,0.0375225265292215
2015-11-27,X600808.SH,0.0513293999732375
2015-11-30,X600795.SH,0.038580796098115
2015-12-01,X000898.SZ,0.0222875188203193
2015-12-02,X601992.SH,0.0281106654151663
2015-12-03,X000539.SZ,0.029303084048438
2015-12-04,X000629.SZ,0.0259719464881201
2015-12-07,X000629.SZ,0.035834776125663
2015-12-08,X000539.SZ,0.0276996855514504
2015-12-09,X600098.SH,0.0235664768921325
2015-12-10,X000539.SZ,0.0267087091910449
2015-12-11,X000883.SZ,0.0369116260103181
2015-12-14,X000539.SZ,0.0399724456260835
2015-12-15,X000539.SZ,0.0338158035136472
2015-12-16,X000539.SZ,0.0320354136929522
2015-12-17,X601600.SH,0.027051228677158
2015-12-18,X600021.SH,0.0243136699661914
2015-12-21,X600688.SH,0.033626904052782
2015-12-22,X600688.SH,0.0289024416187494
2015-12-23,X600021.SH,0.0229514674859203
2015-12-24,X600021.SH,0.0263443975290446
2015-12-25,X000539.SZ,0.0268398694532752
2015-12-28,X600022.SH,0.0243936120117351
2015-12-29,X600021.SH,0.0242974311299162
2015-12-30,X600688.SH,0.0248537054325648
2015-12-31,X600688.SH,0.0343256260785971
2016-01-04,X000883.SZ,0.0344424648016969
2016-01-05,X000883.SZ,0.0351867234307816
2016-01-06,X000539.SZ,0.0321083400593571
2016-01-07,X000539.SZ,0.0403377585914256
2016-01-08,X601898.SH,0.0458976018658842
2016-01-11,X600027.SH,0.0460492008416439
2016-01-12,X601991.SH,0.0312927371045101
2016-01-13,X601600.SH,0.0394163483759456
2016-01-14,X601991.SH,0.0377764900578107
2016-01-15,X601600.SH,0.0406918885134057
2016-01-18,X000539.SZ,0.0385707713313208
2016-01-19,X000539.SZ,0.038057730439166
2016-01-20,X601088.SH,0.0412419151241852
2016-01-21,X601991.SH,0.0332389386480897
2016-01-22,X601600.SH,0.0467129813190803
2016-01-25,X601600.SH,0.0406680675699311
2016-01-26,X601991.SH,0.0454011051470483
2016-01-27,X601991.SH,0.0352540651981521
2016-01-28,X600011.SH,0.0392996725336376
2016-01-29,X600011.SH,0.0378258429286836
2016-02-01,X600011.SH,0.03730731299436
2016-02-02,X600011.SH,0.0390882378482171
2016-02-03,X600098.SH,0.0418410527764617
2016-02-04,X600886.SH,0.0374564770230155
2016-02-05,X600886.SH,0.0410341310564217
2016-02-15,X601898.SH,0.040939367852215
2016-02-16,X601898.SH,0.0411583006192801
2016-02-17,X601600.SH,0.0446501545259416
2016-02-18,X600795.SH,0.0364590541748428
2016-02-19,X000630.SZ,0.045518967571215
2016-02-22,X600795.SH,0.0359682794566032
2016-02-23,X600886.SH,0.041535056171175
2016-02-24,X600027.SH,0.0458731562109637
2016-02-25,X600011.SH,0.041199074153092
2016-02-26,X600583.SH,0.0326179204939198
2016-02-29,X601898.SH,0.0397116837446691
2016-03-01,X601898.SH,0.0410217045864165
2016-03-02,X000630.SZ,0.0444136218608847
2016-03-03,X000027.SZ,0.034870474461815
2016-03-04,X600795.SH,0.0416204069437651
2016-03-07,X601898.SH,0.0373250024366071
2016-03-08,X000630.SZ,0.0385467272860384
2016-03-09,X000630.SZ,0.0389498536598569
2016-03-10,X600795.SH,0.030837761351986
2016-03-11,X000630.SZ,0.0403882253962293
2016-03-14,X000630.SZ,0.0518204065291528
2016-03-15,X600795.SH,0.048016554050881
2016-03-16,X600011.SH,0.0412114221447244
2016-03-17,X600795.SH,0.0455563294581548
2016-03-18,X600011.SH,0.0392049931942571
2016-03-21,X000630.SZ,0.047241627853334
2016-03-22,X601898.SH,0.0486065028429122
2016-03-23,X601898.SH,0.0527436954177788
2016-03-24,X600795.SH,0.0496445876486154
2016-03-25,X601898.SH,0.041062263313917
2016-03-28,X601898.SH,0.0388889569564241
2016-03-29,X000792.SZ,0.0469220723157078
2016-03-30,X000027.SZ,0.0442567941899355
2016-03-31,X600022.SH,0.0390809861467981
2016-04-01,X601991.SH,0.0478386896247537
2016-04-05,X601991.SH,0.0428443249007103
2016-04-06,X600022.SH,0.0393957422365569
2016-04-07,X601898.SH,0.0420120976936856
2016-04-08,X601857.SH,0.0419836415298134
2016-04-11,X000883.SZ,0.0369305540540692
2016-04-12,X000027.SZ,0.043139042605858
2016-04-13,X000539.SZ,0.0351705457380077
2016-04-14,X000539.SZ,0.0344011543355099
2016-04-15,X000539.SZ,0.0333296999082266
2016-04-18,X601991.SH,0.0354783948121877
2016-04-19,X000539.SZ,0.0303691854277615
2016-04-20,X000539.SZ,0.0352279448646545
2016-04-21,X600583.SH,0.0300037204938085
2016-04-22,X000883.SZ,0.0362782815039394
2016-04-25,X000883.SZ,0.0363597856293014
2016-04-26,X000883.SZ,0.0276328298797682
2016-04-27,X000539.SZ,0.03287471876508
2016-04-28,X000539.SZ,0.0310997428479548
2016-04-29,X000539.SZ,0.0307041632693557
2016-05-03,X600886.SH,0.0367790191215692
2016-05-04,X600022.SH,0.0252263542026647
2016-05-05,X600157.SH,0.0284936633204377
2016-05-06,X600022.SH,0.0267823319433738
2016-05-09,X600010.SH,0.0334182517678204
2016-05-10,X000027.SZ,0.0271406823991359
2016-05-11,X600795.SH,0.0367032267011243
2016-05-12,X000630.SZ,0.027635775839951
2016-05-13,X600098.SH,0.0376145497075871
2016-05-16,X000630.SZ,0.0271493983534669
2016-05-17,X600309.SH,0.0244750994367741
2016-05-18,X600098.SH,0.0261997973802038
2016-05-19,X000539.SZ,0.0222204367299654
2016-05-20,X000898.SZ,0.0297551135615206
2016-05-23,X000027.SZ,0.026007274827961
2016-05-24,X000898.SZ,0.0273542880605108
2016-05-25,X600111.SH,0.02748351880028
2016-05-26,X000792.SZ,0.0174416087886836
2016-05-27,X600027.SH,0.0165273061931957
2016-05-30,X002470.SZ,0.0154891747639057
2016-05-31,X000792.SZ,0.0143185821986398
2016-06-01,X601600.SH,0.013179455842177
2016-06-02,X601158.SH,0.0187677218942647
2016-06-03,X000709.SZ,0.0146472818935015
2016-06-06,X601600.SH,0.0137814281971818
2016-06-07,X000792.SZ,0.0161592790970261
2016-06-08,X000898.SZ,0.0139795152454988
2016-06-13,X000709.SZ,0.015643154048563
2016-06-14,X601158.SH,0.0122735532509325
2016-06-15,X600309.SH,0.0204388574612174
2016-06-16,X601898.SH,0.0149568712983039
2016-06-17,X601600.SH,0.0122014320357083
2016-06-20,X601898.SH,0.0121269681998148
2016-06-21,X000898.SZ,0.013013337870683
2016-06-22,X600795.SH,0.0118795163369678
2016-06-23,X600795.SH,0.0167066183655711
2016-06-24,X600795.SH,0.0167110240560358
2016-06-27,X000709.SZ,0.0140965549214025
2016-06-28,X600309.SH,0.0165650817058663
2016-06-29,X600309.SH,0.0170929442866232
2016-06-30,X600309.SH,0.0174311926330056
2016-07-01,X600309.SH,0.0165552274926598
2016-07-04,X601898.SH,0.0128785699983737
2016-07-05,X000027.SZ,0.0140331718344016
2016-07-06,X000027.SZ,0.016673775554387
2016-07-07,X000027.SZ,0.0161773827086898
2016-07-08,X000027.SZ,0.0145948992942701
2016-07-11,X000027.SZ,0.0133426618683617
2016-07-12,X600352.SH,0.0143180970684577
2016-07-13,X601898.SH,0.0123969263883772
2016-07-14,X600157.SH,0.0183981125729901
2016-07-15,X000027.SZ,0.0121621208221264
2016-07-18,X000630.SZ,0.0122272777690051
2016-07-19,X600309.SH,0.0187773986032751
2016-07-20,X000027.SZ,0.0139303555052382
2016-07-21,X000539.SZ,0.0130730804560749
2016-07-22,X600688.SH,0.0142083434457402
2016-07-25,X600157.SH,0.0153590542015051
2016-07-26,X600309.SH,0.0121663819889905
2016-07-27,X000709.SZ,0.0151682224656903
2016-07-28,X600309.SH,0.0347634778105374
2016-07-29,X600309.SH,0.0348293792688436
2016-08-01,X000709.SZ,0.0117318894468221
2016-08-02,X000709.SZ,0.0105331778455851
2016-08-03,X600157.SH,0.0152345851148529
2016-08-04,X000709.SZ,0.0196141035206021
2016-08-05,X600688.SH,0.0121163496326996
2016-08-08,X600157.SH,0.0115407128877006
2016-08-09,X600157.SH,0.0130318209106333
2016-08-10,X000027.SZ,0.0148283218444935
2016-08-11,X601898.SH,0.0150215595758537
2016-08-12,X601898.SH,0.0128676708089373
2016-08-15,X601898.SH,0.0135650711442007
2016-08-16,X000630.SZ,0.00988891263729138
2016-08-17,X601699.SH,0.0167371126323142
2016-08-18,X600157.SH,0.011515809860262
2016-08-19,X600157.SH,0.0107819525246516
2016-08-22,X000792.SZ,0.0110676210029879
2016-08-23,X000539.SZ,0.00897684252692375
2016-08-24,X000539.SZ,0.0110837803639316
2016-08-25,X600623.SH,0.00907656050616259
2016-08-26,X601898.SH,0.00964067906344657
2016-08-29,X600157.SH,0.0104915118957302
2016-08-30,X000027.SZ,0.00996169257505404
2016-08-31,X601699.SH,0.0123806476944365
2016-09-01,X000983.SZ,0.00893205049855775
2016-09-02,X000983.SZ,0.0110464398863786
2016-09-05,X600028.SH,0.00955735419701842
2016-09-06,X601088.SH,0.00786568316210465
2016-09-07,X601857.SH,0.0102645361158853
2016-09-08,X000539.SZ,0.00888976874788474
2016-09-09,X601898.SH,0.0077494094815847
2016-09-12,X000539.SZ,0.00760867913573069
2016-09-13,X000539.SZ,0.00808676110407827
2016-09-14,X601992.SH,0.00738364150101911
2016-09-19,X000027.SZ,0.00975641037314711
2016-09-20,X601898.SH,0.00890350514272835
2016-09-21,X000539.SZ,0.00688572616458789
2016-09-22,X000060.SZ,0.0072776926911769
2016-09-23,X601898.SH,0.00790397296185104
2016-09-26,X000027.SZ,0.00755485193627282
2016-09-27,X601991.SH,0.00788004825597007
2016-09-28,X000027.SZ,0.00727493972470545
2016-09-29,X601898.SH,0.00891853073434804
2016-09-30,X601898.SH,0.00777563507417406
2016-10-10,X000027.SZ,0.00756951801648157
2016-10-11,X600019.SH,0.02468703124329
2016-10-12,X600157.SH,0.00908883540976685
2016-10-13,X000027.SZ,0.00932349044892235
2016-10-14,X000539.SZ,0.00790919543170614
2016-10-17,X000027.SZ,0.0084614010983167
2016-10-18,X000539.SZ,0.00719828264358663
2016-10-19,X601600.SH,0.0118040607344903
2016-10-20,X000539.SZ,0.00819900437915648
2016-10-21,X000539.SZ,0.00647599845467541
2016-10-24,X000883.SZ,0.00782070339139383
2016-10-25,X000027.SZ,0.00842391092416347
2016-10-26,X600111.SH,0.00908299193663276
2016-10-27,X601158.SH,0.00777833929887366
2016-10-28,X600549.SH,0.00896355280726178
2016-10-31,X600549.SH,0.00854250228757417
2016-11-01,X600111.SH,0.00768397263434794
2016-11-02,X600549.SH,0.0113859817260518
2016-11-03,X601898.SH,0.00712428310738436
2016-11-04,X600549.SH,0.0112685545930502
2016-11-07,X601991.SH,0.00721093915758007
2016-11-08,X601991.SH,0.00747038655311296
2016-11-09,X601991.SH,0.00738245680118913
2016-11-10,X600111.SH,0.00764943948515105
2016-11-11,X601991.SH,0.00829402375331063
2016-11-14,X000060.SZ,0.00875259245208254
2016-11-15,X000060.SZ,0.00847964969863239
2016-11-16,X600111.SH,0.00735987545210353
2016-11-17,X600549.SH,0.00797053850920469
2016-11-18,X002466.SZ,0.00938026128042808
2016-11-21,X601898.SH,0.00610936920508006
2016-11-22,X000027.SZ,0.00642394856770924
2016-11-23,X600549.SH,0.00770046747956861
2016-11-24,X002466.SZ,0.00762404696793242
2016-11-25,X601699.SH,0.00817954698226931
2016-11-28,X600010.SH,0.00702165847339215
2016-11-29,X000723.SZ,0.00833944896398646
2016-11-30,X000723.SZ,0.00892740035257119
2016-12-01,X000060.SZ,0.00787280169968578
2016-12-02,X000792.SZ,0.00932853714027986
2016-12-05,X000792.SZ,0.00933064909553121
2016-12-06,X000027.SZ,0.0077854257943594
2016-12-07,X600111.SH,0.0100562110588638
2016-12-08,X601857.SH,0.00824334732195051
2016-12-09,X601857.SH,0.00833743656231856
2016-12-12,X000883.SZ,0.00956715581673983
2016-12-13,X600021.SH,0.0202205900982613
2016-12-14,X000883.SZ,0.00887884154825447
2016-12-15,X601857.SH,0.0101596762306749
2016-12-16,X601857.SH,0.00903856740857733
2016-12-19,X000027.SZ,0.00870886753545679
2016-12-20,X000408.SZ,0.00991740101772087
2016-12-21,X601898.SH,0.00855858032136153
2016-12-22,X601898.SH,0.00845165913526361
2016-12-23,X600111.SH,0.0123601843812823
2016-12-26,X601857.SH,0.00903198717069581
2016-12-27,X600352.SH,0.00829531592100389
2016-12-28,X000883.SZ,0.0118424650049131
2016-12-29,X000792.SZ,0.00864759322771939
2016-12-30,X000792.SZ,0.00810321000706864
2017-01-03,X000983.SZ,0.00985286647744599
2017-01-04,X601699.SH,0.011011542470774
2017-01-05,X601699.SH,0.0105629180212656
2017-01-06,X601699.SH,0.0100094500410818
2017-01-09,X601699.SH,0.00985059028959112
2017-01-10,X000539.SZ,0.00758535964761151
2017-01-11,X601857.SH,0.0141068466259915
2017-01-12,X601857.SH,0.0111997562871594
2017-01-13,X000792.SZ,0.0103441233374617
2017-01-16,X000792.SZ,0.00698296948567184
2017-01-17,X600028.SH,0.00739780815402089
2017-01-18,X600028.SH,0.007849312892584
2017-01-19,X000792.SZ,0.00871435128727097
2017-01-20,X000792.SZ,0.00956725490062693
2017-01-23,X000709.SZ,0.00733957043271225
2017-01-24,X000792.SZ,0.00860963647620951
2017-01-25,X000539.SZ,0.00850333629310662
2017-01-26,X000539.SZ,0.00858998213689779
2017-02-03,X000539.SZ,0.0086205945150847
2017-02-06,X601857.SH,0.00955581164555367
2017-02-07,X000539.SZ,0.00866719076308612
2017-02-08,X000539.SZ,0.00893333599663541
2017-02-09,X000792.SZ,0.00848920912961537
2017-02-10,X601991.SH,0.00933450877228688
2017-02-13,X601991.SH,0.00987389265718953
2017-02-14,X000027.SZ,0.00774482797830101
2017-02-15,X000983.SZ,0.0477009263895614
2017-02-16,X000883.SZ,0.0105161980887104
2017-02-17,X601991.SH,0.00888119948550803
2017-02-20,X601991.SH,0.0109122498576642
2017-02-21,X601991.SH,0.0105194481958984
2017-02-22,X601991.SH,0.0112340211790519
2017-02-23,X600010.SH,0.00841834115835828
2017-02-24,X600010.SH,0.0105866815050595
2017-02-27,X600489.SH,0.00928573540132335
2017-02-28,X601699.SH,0.0182814426834236
2017-03-01,X601991.SH,0.0101337630897112
2017-03-02,X601991.SH,0.00926126124971498
2017-03-03,X601857.SH,0.0105572518794011
2017-03-06,X601991.SH,0.0100105685993526
2017-03-07,X601991.SH,0.00902612636632461
2017-03-08,X601898.SH,0.0083561440742575
2017-03-09,X601991.SH,0.00789245997175714
2017-03-10,X600219.SH,0.00830739448811586
2017-03-13,X600010.SH,0.0122678087635407
2017-03-14,X000792.SZ,0.00737567550533669
2017-03-15,X600010.SH,0.0118466274528289
2017-03-16,X600010.SH,0.0122858792572319
2017-03-17,X600219.SH,0.00719417440942315
2017-03-20,X600489.SH,0.00704721577200578
2017-03-21,X600111.SH,0.0104236721471281
2017-03-22,X601898.SH,0.0120963140440261
2017-03-23,X600010.SH,0.00796269945953553
2017-03-24,X601898.SH,0.0101407871589564
2017-03-27,X600111.SH,0.0102011979864263
2017-03-28,X600795.SH,0.00707712575552347
2017-03-29,X600111.SH,0.0112863539236379
2017-03-30,X002460.SZ,0.00817539202205477
2017-03-31,X002460.SZ,0.00753738394654658
2017-04-05,X002460.SZ,0.00728037188354191
2017-04-06,X000898.SZ,0.00763676489339021
2017-04-07,X000792.SZ,0.00990742728238429
2017-04-10,X000792.SZ,0.00824110614388727
2017-04-11,X600028.SH,0.00617902994553863
2017-04-12,X600583.SH,0.006747671258106
2017-04-13,X601088.SH,0.00592604365649549
2017-04-14,X601898.SH,0.0078059861027298
2017-04-17,X600362.SH,0.008898292712318
2017-04-18,X601898.SH,0.00782875627614812
2017-04-19,X600362.SH,0.0107138398307283
2017-04-20,X600362.SH,0.0100620204530942
2017-04-21,X600583.SH,0.00694157092256472
2017-04-24,X000630.SZ,0.0103783516512863
2017-04-25,X600111.SH,0.009713325622306
2017-04-26,X000630.SZ,0.0115591670612484
2017-04-27,X600157.SH,0.0113205097147219
2017-04-28,X600157.SH,0.0112635642746445
2017-05-02,X600111.SH,0.0115520938232459
2017-05-03,X000723.SZ,0.0137779876170911
2017-05-04,X601898.SH,0.0109876877085202
2017-05-05,X000723.SZ,0.00833546408119895
2017-05-08,X600111.SH,0.00787513090228111
2017-05-09,X600111.SH,0.00803409596518154
2017-05-10,X600111.SH,0.0119183452123694
2017-05-11,X600111.SH,0.0141133264279255
2017-05-12,X600111.SH,0.0112443526434274
2017-05-15,X000786.SZ,0.0080368276846557
2017-05-16,X000786.SZ,0.00991187917730332
2017-05-17,X000786.SZ,0.0108837201200421
2017-05-18,X600157.SH,0.00859930351370846
2017-05-19,X600111.SH,0.00840283851812893
2017-05-22,X600111.SH,0.0101797763583469
2017-05-23,X000723.SZ,0.127975
2017-05-24,X000723.SZ,0.0586479999999999
2017-05-25,X000723.SZ,0.136821
2017-05-26,X000723.SZ,0.112822
2017-05-31,X000723.SZ,0.061842
2017-06-01,X600489.SH,0.00928852704869599
2017-06-02,X600489.SH,0.00889899543171135
2017-06-05,X600808.SH,0.00890588702039517
2017-06-06,X600111.SH,0.0100822640278605
2017-06-07,X600176.SH,0.00899783699239697
2017-06-08,X000883.SZ,0.00898429808342687
2017-06-09,X000883.SZ,0.0107934103091932
2017-06-12,X000786.SZ,0.00885666272210795
2017-06-13,X600489.SH,0.0110644421059304
2017-06-14,X600362.SH,0.0108280479132577
2017-06-15,X600362.SH,0.0107625022002282
2017-06-16,X600489.SH,0.00829185179066272
2017-06-19,X600808.SH,0.00805648824965761
2017-06-20,X600027.SH,0.00882128096022834
2017-06-21,X600489.SH,0.00982813046015888
2017-06-22,X600111.SH,0.00969115217177993
2017-06-23,X000723.SZ,0.0106758205409571
2017-06-26,X000786.SZ,0.0150672206370787
2017-06-27,X600489.SH,0.00785298967263706
2017-06-28,X600489.SH,0.0093171704244354
2017-06-29,X000723.SZ,0.0113677402979011
2017-06-30,X601991.SH,0.0082302439226298
2017-07-03,X600808.SH,0.00865612373797287
2017-07-04,X600808.SH,0.00852436216014925
2017-07-05,X600808.SH,0.00836840670635871
2017-07-06,X601991.SH,0.00866895124797813
2017-07-07,X601991.SH,0.0101971773793802
2017-07-10,X000898.SZ,0.0105907306558334
2017-07-11,X000630.SZ,0.0094269892947535
2017-07-12,X000630.SZ,0.0109339678045706
2017-07-13,X000630.SZ,0.00893616405682336
2017-07-14,X600547.SH,0.0105097519723052
2017-07-17,X000883.SZ,0.0105524845178259
2017-07-18,X000630.SZ,0.0110560639549967
2017-07-19,X000630.SZ,0.0128659186663667
2017-07-20,X000630.SZ,0.0143856149429291
2017-07-21,X000630.SZ,0.0133799436695658
2017-07-24,X000630.SZ,0.0156199197565504
2017-07-25,X600795.SH,0.0112828711200861
2017-07-26,X000959.SZ,0.00788048546192678
2017-07-27,X000959.SZ,0.0116673719652892
2017-07-28,X000630.SZ,0.0151165712359075
2017-07-31,X000060.SZ,0.010904082425654
2017-08-01,X601600.SH,0.00913146408910048
2017-08-02,X000060.SZ,0.0117069293022514
2017-08-03,X000060.SZ,0.0128416618073459
2017-08-04,X000630.SZ,0.0103857719523034
2017-08-07,X000983.SZ,0.0144403355766707
2017-08-08,X600516.SH,0.0159004195027089
2017-08-09,X000983.SZ,0.0146364427902862
2017-08-10,X601600.SH,0.0156750682457333
2017-08-11,X000983.SZ,0.014520642884955
2017-08-14,X600808.SH,0.0144525230644478
2017-08-15,X600188.SH,0.0133017449777669
2017-08-16,X600188.SH,0.0144928916074961
2017-08-17,X600808.SH,0.0160046394971933
2017-08-18,X000983.SZ,0.0135861363445922
2017-08-21,X600188.SH,0.0170221942826333
2017-08-22,X000898.SZ,0.0169235040035985
2017-08-23,X000898.SZ,0.0167903817743555
2017-08-24,X000898.SZ,0.0173395957224012
2017-08-25,X600309.SH,0.0167993354567633
2017-08-28,X601088.SH,0.0208139706499489
2017-08-29,X600188.SH,0.0185973693650122
2017-08-30,X600188.SH,0.0182054183786066
2017-08-31,X600188.SH,0.0182339462849767
2017-09-01,X601898.SH,0.0140752738574788
2017-09-04,X601088.SH,0.0220188065337913
2017-09-05,X000630.SZ,0.0210221686805953
2017-09-06,X600188.SH,0.0140060423655046
2017-09-07,X601898.SH,0.0159892544521813
2017-09-08,X000630.SZ,0.0301050792454641
2017-09-11,X600362.SH,0.0215399235311047
2017-09-12,X600362.SH,0.0197876336557627
2017-09-13,X600549.SH,0.0154141819209354
2017-09-14,X600362.SH,0.0185001749612479
2017-09-15,X601699.SH,0.0121155090439988
2017-09-18,X600188.SH,0.013371630242762
2017-09-19,X000898.SZ,0.0136657156320694
2017-09-20,X000630.SZ,0.0158250938427386
2017-09-21,X600010.SH,0.0116283154400194
2017-09-22,X000898.SZ,0.016206563165382
2017-09-25,X600010.SH,0.016975176178086
2017-09-26,X600010.SH,0.0230234800672159
2017-09-27,X000898.SZ,0.0182241728658864
2017-09-28,X000898.SZ,0.0168404921017025
2017-09-29,X600188.SH,0.0160906324941093
2017-10-09,X600188.SH,0.0204071679754668
2017-10-10,X600188.SH,0.0151405861230627
2017-10-11,X600549.SH,0.0157256078750053
2017-10-12,X600188.SH,0.015497792659599
2017-10-13,X600549.SH,0.017582519935862
2017-10-16,X600549.SH,0.0182023315914729
2017-10-17,X600188.SH,0.0151107049096645
2017-10-18,X600188.SH,0.0102240449715058
2017-10-19,X600188.SH,0.0146289111996232
2017-10-20,X000630.SZ,0.0228380489501282
2017-10-23,X000630.SZ,0.0235934121849316
2017-10-24,X600188.SH,0.0145930295825322
2017-10-25,X600188.SH,0.0139497096926507
2017-10-26,X600188.SH,0.0134885890404668
2017-10-27,X000630.SZ,0.0189388772017994
2017-10-30,X600188.SH,0.0111825252088267
2017-10-31,X000709.SZ,0.0135423625273991
2017-11-01,X000709.SZ,0.0112253152130567
2017-11-02,X601898.SH,0.0249880513033292
2017-11-03,X600157.SH,0.0103456595122339
2017-11-06,X600010.SH,0.0123618788532593
2017-11-07,X000883.SZ,0.0102275074167026
2017-11-08,X600157.SH,0.0122349693308975
2017-11-09,X600157.SH,0.0108391194122668
2017-11-10,X600157.SH,0.0100923620812216
2017-11-13,X600157.SH,0.0203819237579192
2017-11-14,X600157.SH,0.0182332272108297
2017-11-15,X600157.SH,0.010595868228245
2017-11-16,X600019.SH,0.00767638493313196
2017-11-17,X600176.SH,0.00754906243721977
2017-11-20,X000983.SZ,0.00842913249881999
2017-11-21,X601898.SH,0.00832653354274156
2017-11-22,X600808.SH,0.00798226737089403
2017-11-23,X600362.SH,0.00849587034596689
2017-11-24,X002470.SZ,0.0101300530436785
2017-11-27,X002470.SZ,0.013744147482002
2017-11-28,X600362.SH,0.00955736800037899
2017-11-29,X600362.SH,0.00943828669993921
2017-11-30,X601898.SH,0.00846465803509776
2017-12-01,X002110.SZ,0.153915
2017-12-04,X000883.SZ,0.0101797866728435
2017-12-05,X000983.SZ,0.013178489228126
2017-12-06,X002470.SZ,0.0150858898567378
2017-12-07,X601600.SH,0.0132957215583039
2017-12-08,X002470.SZ,0.0143898851170146
2017-12-11,X002470.SZ,0.0139628097525103
2017-12-12,X002470.SZ,0.012452933046055
2017-12-13,X002470.SZ,0.0122662798664219
2017-12-14,X002470.SZ,0.0107342790369846
2017-12-15,X002470.SZ,0.0184584429875476
2017-12-18,X002470.SZ,0.0170991432107695
2017-12-19,X002470.SZ,0.0155016319019381
2017-12-20,X002470.SZ,0.0134295182145814
2017-12-21,X002470.SZ,0.0139684797590536
2017-12-22,X002470.SZ,0.0141863440411949
2017-12-25,X002470.SZ,0.0148159316476522
2017-12-26,X002470.SZ,0.0143527558454075
2017-12-27,X000709.SZ,0.0124842693405941
2017-12-28,X002470.SZ,0.0150927390563719
2017-12-29,X002470.SZ,0.0152819737748931
2018-01-02,X002470.SZ,0.0142927612910902
2018-01-03,X002470.SZ,0.0140626951419869
2018-01-04,X600111.SH,0.00893176623631952
2018-01-05,X600111.SH,0.00984815932504581
2018-01-08,X000709.SZ,0.00929922169990824
2018-01-09,X601898.SH,0.00749993620543459
2018-01-10,X000709.SZ,0.00903434071019462
2018-01-11,X000709.SZ,0.00905326594658869
2018-01-12,X601898.SH,0.00838659259626614
2018-01-15,X600176.SH,0.0085225357669724
2018-01-16,X002092.SZ,0.00983478021680872
2018-01-17,X601898.SH,0.00901061991530593
2018-01-18,X601158.SH,0.00797290527931574
2018-01-19,X600219.SH,0.00875656231628243
2018-01-22,X600886.SH,0.0119895846249182
2018-01-23,X002092.SZ,0.00919462390216872
2018-01-24,X000786.SZ,0.00865572014150144
2018-01-25,X002466.SZ,0.0171836423415712
2018-01-26,X002092.SZ,0.0104681428627319
2018-01-29,X600010.SH,0.00856628138181903
2018-01-30,X600808.SH,0.00892936869998918
2018-01-31,X601898.SH,0.010619054832037
2018-02-01,X601898.SH,0.00952446204994666
2018-02-02,X002092.SZ,0.0105696778192297
2018-02-05,X002092.SZ,0.0107963415287661
2018-02-06,X601898.SH,0.0155908349323763
2018-02-07,X600111.SH,0.0120930770040944
2018-02-08,X600111.SH,0.0116079645599805
2018-02-09,X601898.SH,0.0144628489852503
2018-02-12,X600808.SH,0.0234124609127189
2018-02-13,X601158.SH,0.0136716487204823
2018-02-14,X600808.SH,0.0200144451074849
2018-02-22,X600808.SH,0.0187253792608418
2018-02-23,X600808.SH,0.0209980062329391
2018-02-26,X600808.SH,0.021654923416935
2018-02-27,X600808.SH,0.0193526891737727
2018-02-28,X600808.SH,0.0193172513837257
2018-03-01,X600808.SH,0.0216038689551244
2018-03-02,X600808.SH,0.0249023888240117
2018-03-05,X600808.SH,0.017036334483063
2018-03-06,X600808.SH,0.0180899803444615
2018-03-07,X600808.SH,0.0241742691431454
2018-03-08,X600808.SH,0.0239596961300335
2018-03-09,X601158.SH,0.0140811941506801
2018-03-12,X600188.SH,0.0139522388915258
2018-03-13,X600188.SH,0.0166714043853639
2018-03-14,X600808.SH,0.0222864909424001
2018-03-15,X600808.SH,0.0238806910997354
2018-03-16,X600808.SH,0.0276764032684087
2018-03-19,X600808.SH,0.0294702991884458
2018-03-20,X601857.SH,0.013391549223401
2018-03-21,X601857.SH,0.0144100862368282
2018-03-22,X601898.SH,0.0135126921392507
2018-03-23,X000883.SZ,0.0157930124633275
2018-03-26,X600111.SH,0.0155643765602042
2018-03-27,X600219.SH,0.017256218199619
2018-03-28,X600219.SH,0.0271769541670828
2018-03-29,X600219.SH,0.0268168771400666
2018-03-30,X600219.SH,0.0242397544165074
2018-04-02,X600010.SH,0.0201866126750386
2018-04-03,X600010.SH,0.0174990999361484
2018-04-04,X600010.SH,0.019673613050653
2018-04-09,X600010.SH,0.0183079653210302
2018-04-10,X601898.SH,0.0146974247742798
2018-04-11,X601992.SH,0.0254212504074154
2018-04-12,X601992.SH,0.0161038655456913
2018-04-13,X600583.SH,0.0210490876022041
2018-04-16,X600583.SH,0.0181467277258036
2018-04-17,X600362.SH,0.0144431875862582
2018-04-18,X601898.SH,0.0166059714073308
2018-04-19,X600362.SH,0.0175583901559455
2018-04-20,X600583.SH,0.0219586459325073
2018-04-23,X600583.SH,0.0151108823456343
2018-04-24,X600583.SH,0.0165478460494151
2018-04-25,X000709.SZ,0.0174412607570645
2018-04-26,X600886.SH,0.0136750311905353
2018-04-27,X600583.SH,0.0206519485939028
2018-05-02,X000709.SZ,0.0156723588530924
2018-05-03,X000709.SZ,0.0230303963893702
2018-05-04,X000709.SZ,0.0220960685442942
2018-05-07,X600583.SH,0.0210486839963023
2018-05-08,X000883.SZ,0.015531047075535
2018-05-09,X000883.SZ,0.0158223231193313
2018-05-10,X000883.SZ,0.0128067562238617
2018-05-11,X601898.SH,0.0171381871410322
2018-05-14,X000883.SZ,0.0177872396848702
2018-05-15,X000883.SZ,0.0181472566323916
2018-05-16,X000883.SZ,0.0160746614933786
2018-05-17,X000883.SZ,0.0159282784913008
2018-05-18,X000883.SZ,0.0146027428078289
2018-05-21,X000883.SZ,0.014711283711474
2018-05-22,X600808.SH,0.01154239381939
2018-05-23,X601991.SH,0.0114379398524434
2018-05-24,X000898.SZ,0.0126333813613722
2018-05-25,X000408.SZ,0.0105872681546911
2018-05-28,X600808.SH,0.0211534253109746
2018-05-29,X600188.SH,0.0125838112927778
2018-05-30,X000898.SZ,0.0147389804435986
2018-05-31,X600188.SH,0.0124473226791917
2018-06-01,X601991.SH,0.015172126602981
2018-06-04,X601991.SH,0.0155504688314578
2018-06-05,X600309.SH,0.0657339999999998
2018-06-06,X600309.SH,0.0906019999999999
2018-06-07,X600309.SH,0.081714
2018-06-08,X600808.SH,0.016687847781311
2018-06-11,X600808.SH,0.0151029422839999
2018-06-12,X600808.SH,0.0169589330230918
2018-06-13,X600808.SH,0.0137019849825922
2018-06-14,X600808.SH,0.0153301980038637
2018-06-15,X600808.SH,0.0168142552317103
2018-06-19,X600808.SH,0.0141599301416835
2018-06-20,X600808.SH,0.0193473549300751
2018-06-21,X000898.SZ,0.0188628443020771
2018-06-22,X000709.SZ,0.0143983907091777
2018-06-25,X000898.SZ,0.0137772269155633
2018-06-26,X000709.SZ,0.0156905084113221
2018-06-27,X000830.SZ,0.0117907467188966
2018-06-28,X600489.SH,0.0155364720497046
2018-06-29,X600489.SH,0.0137427012853793
2018-07-02,X600808.SH,0.0162104491591199
2018-07-03,X600808.SH,0.0115049723322218
2018-07-04,X600795.SH,0.0128851603389892
2018-07-05,X000709.SZ,0.0155984726963898
2018-07-06,X600011.SH,0.0149789818650008
2018-07-09,X600111.SH,0.0190294715739714
2018-07-10,X600111.SH,0.017206824089596
2018-07-11,X000792.SZ,0.0151544333147687
2018-07-12,X600808.SH,0.016849864143743
2018-07-13,X600808.SH,0.0208391714866838
2018-07-16,X600808.SH,0.0169183173961511
2018-07-17,X000830.SZ,0.018087141679768
2018-07-18,X600808.SH,0.0145797238847094
2018-07-19,X600808.SH,0.01550476198171
2018-07-20,X600808.SH,0.0221598858955936
2018-07-23,X600808.SH,0.016476534806629
2018-07-24,X000898.SZ,0.0153250932329423
2018-07-25,X600808.SH,0.0162203407750043
2018-07-26,X600808.SH,0.0216267942387659
2018-07-27,X601992.SH,0.0149504897957227
2018-07-30,X000709.SZ,0.0143548205005149
2018-07-31,X600808.SH,0.0184649043292363
2018-08-01,X000709.SZ,0.0134002465599731
2018-08-02,X000709.SZ,0.015484202264775
2018-08-03,X600808.SH,0.017251966613665
2018-08-06,X000709.SZ,0.0153704789198284
2018-08-07,X601992.SH,0.0184883270778885
2018-08-08,X600111.SH,0.0187746122853513
2018-08-09,X601992.SH,0.0179007667179438
2018-08-10,X601992.SH,0.0180738019651288
2018-08-13,X601699.SH,0.0176992156041054
2018-08-14,X601600.SH,0.0201241940433155
2018-08-15,X601600.SH,0.0189176863313758
2018-08-16,X000709.SZ,0.0176979729095785
2018-08-17,X000709.SZ,0.0191154538765121
2018-08-20,X000709.SZ,0.0222224155322797
2018-08-21,X600111.SH,0.0212293978357808
2018-08-22,X000709.SZ,0.0238191666965462
2018-08-23,X600489.SH,0.0204222691641024
2018-08-24,X600489.SH,0.0197869224417503
2018-08-27,X600489.SH,0.0190863268008324
2018-08-28,X000830.SZ,0.0187867669717376
2018-08-29,X000709.SZ,0.0179745773808574
2018-08-30,X000830.SZ,0.0160511238814574
2018-08-31,X000932.SZ,0.0151828261908928
2018-09-03,X600111.SH,0.0153764315470631
2018-09-04,X600111.SH,0.0141269413000615
2018-09-05,X000898.SZ,0.0132785208977523
2018-09-06,X600489.SH,0.0210390760210131
2018-09-07,X600489.SH,0.0200993167298332
2018-09-10,X601600.SH,0.0155318908519682
2018-09-11,X601600.SH,0.0191017347022182
2018-09-12,X601600.SH,0.0181794017340661
2018-09-13,X600489.SH,0.0153298649107946
2018-09-14,X601600.SH,0.0134620054840452
2018-09-17,X601600.SH,0.0124311065590572
2018-09-18,X600362.SH,0.0129120400626724
2018-09-19,X600516.SH,0.0269629040189724
2018-09-20,X600489.SH,0.0129307042289925
2018-09-21,X600489.SH,0.012977367996795
2018-09-25,X600176.SH,0.013505654990366
2018-09-26,X600489.SH,0.0141948103051779
2018-09-27,X601158.SH,0.0119253709250617
2018-09-28,X601699.SH,0.0100095035154279
2018-10-08,X600019.SH,0.012623932587766
2018-10-09,X600019.SH,0.0127949890045518
2018-10-10,X600019.SH,0.0155319454878262
2018-10-11,X601699.SH,0.0140192959177219
2018-10-12,X600019.SH,0.0152596392622901
2018-10-15,X600019.SH,0.0133066009993845
2018-10-16,X600352.SH,0.0137758045166792
2018-10-17,X600352.SH,0.0141968006842015
2018-10-18,X601088.SH,0.0142682912712368
2018-10-19,X601088.SH,0.0152297328840174
2018-10-22,X601600.SH,0.013715069275244
2018-10-23,X600585.SH,0.0161121454521425
2018-10-24,X601600.SH,0.014719296314372
2018-10-25,X601600.SH,0.0148966889940133
2018-10-26,X600010.SH,0.0155705506032294
2018-10-29,X600352.SH,0.0150151149815241
2018-10-30,X601600.SH,0.0165543391962488
2018-10-31,X601600.SH,0.0155955315558972
2018-11-01,X600489.SH,0.012935183617255
2018-11-02,X601600.SH,0.0194832695672649
2018-11-05,X601600.SH,0.0149550266050152
2018-11-06,X600489.SH,0.0151735760762516
2018-11-07,X600688.SH,0.0128239989357523
2018-11-08,X601600.SH,0.0153416654184121
2018-11-09,X601600.SH,0.016090960801773
2018-11-12,X601699.SH,0.0119522795511988
2018-11-13,X601158.SH,0.0175381335052049
2018-11-14,X601158.SH,0.0190844579447555
2018-11-15,X601158.SH,0.0182680181270419
2018-11-16,X000883.SZ,0.0150938442356465
2018-11-19,X601600.SH,0.0128976301925491
2018-11-20,X000883.SZ,0.014285746679089
2018-11-21,X601158.SH,0.0132079956451565
2018-11-22,X000883.SZ,0.0141711297208577
2018-11-23,X601158.SH,0.0155159829125777
2018-11-26,X600516.SH,0.0136986749234109
2018-11-27,X600516.SH,0.0138074888146973
2018-11-28,X601600.SH,0.012259363887782
2018-11-29,X601600.SH,0.0140921793276798
2018-11-30,X601158.SH,0.0167028821785432
2018-12-03,X601992.SH,0.0173141845018123
2018-12-04,X601992.SH,0.0194150442491248
2018-12-05,X601158.SH,0.0163820773927228
2018-12-06,X601158.SH,0.0147643323652633
2018-12-07,X600352.SH,0.0142573181106314
2018-12-10,X600362.SH,0.0149996665790417
2018-12-11,X601992.SH,0.0145915169285384
2018-12-12,X600516.SH,0.0149702088755379
2018-12-13,X600516.SH,0.018700256983204
2018-12-14,X600111.SH,0.0142094813168598
2018-12-17,X600516.SH,0.0136556564877249
2018-12-18,X600516.SH,0.0150668585917141
2018-12-19,X600516.SH,0.0150624719657758
2018-12-20,X600795.SH,0.0140330930828402
2018-12-21,X600516.SH,0.0154288027673842
2018-12-24,X600516.SH,0.0144944575493169
2018-12-25,X600516.SH,0.0141149783025694
2018-12-26,X000709.SZ,0.0116514309311314
2018-12-27,X600362.SH,0.0140848414695527
2018-12-28,X000709.SZ,0.0141673689913346
2019-01-02,X601600.SH,0.0119987553428357
2019-01-03,X000825.SZ,0.0124520387807485
2019-01-04,X000825.SZ,0.011426658777553
2019-01-07,X000825.SZ,0.0129064629927949
2019-01-08,X601600.SH,0.0127401422318871
2019-01-09,X601600.SH,0.0110435449869875
2019-01-10,X000630.SZ,0.010455642755921
2019-01-11,X601158.SH,0.0124251011069021
2019-01-14,X000709.SZ,0.0124871960414607
2019-01-15,X000825.SZ,0.0130178403227239
2019-01-16,X000553.SZ,0.013590633046723
2019-01-17,X000539.SZ,0.0144750887349469
2019-01-18,X000825.SZ,0.0123467440969574
2019-01-21,X000825.SZ,0.01261870342189
2019-01-22,X000539.SZ,0.0122177050080397
2019-01-23,X600309.SH,0.0125075188807506
2019-01-24,X000539.SZ,0.013542795095346
2019-01-25,X600309.SH,0.0114662017176387
2019-01-28,X000539.SZ,0.0111425859031721
2019-01-29,X000825.SZ,0.0115424037825537
2019-01-30,X600516.SH,0.0143087397540352
2019-01-31,X000539.SZ,0.0119929980704182
2019-02-01,X000539.SZ,0.00896996661380162
2019-02-11,X600516.SH,0.0114433579425577
2019-02-12,X000825.SZ,0.00951464847455789
2019-02-13,X000825.SZ,0.0117882685048798
2019-02-14,X601699.SH,0.0158383521756297
2019-02-15,X000825.SZ,0.0111897396025255
2019-02-18,X600362.SH,0.0130903594504523
2019-02-19,X600362.SH,0.012695515727567
2019-02-20,X000630.SZ,0.0103130057600904
2019-02-21,X600111.SH,0.00998883724719041
2019-02-22,X000825.SZ,0.00998899353077231
2019-02-25,X000630.SZ,0.0129416069306237
2019-02-26,X000630.SZ,0.0142926618573624
2019-02-27,X000630.SZ,0.0141510769605443
2019-02-28,X000630.SZ,0.0105551963644995
2019-03-01,X600801.SH,0.0101900534629137
2019-03-04,X600362.SH,0.0122835694343771
2019-03-05,X000630.SZ,0.00891774846912419
2019-03-06,X300072.SZ,0.00889989148740522
2019-03-07,X601600.SH,0.00789142025759467
2019-03-08,X600188.SH,0.0187169833077291
2019-03-11,X600188.SH,0.0181952062919976
2019-03-12,X600188.SH,0.0197083794108563
2019-03-13,X600188.SH,0.0211601818232495
2019-03-14,X600188.SH,0.0202154436192852
2019-03-15,X600188.SH,0.0210620196110362
2019-03-18,X600188.SH,0.0218614971401836
2019-03-19,X600188.SH,0.0208155469510236
2019-03-20,X600188.SH,0.0206837453303712
2019-03-21,X600188.SH,0.0197072845216388
2019-03-22,X000825.SZ,0.0204571757970685
2019-03-25,X000825.SZ,0.0197224138548185
2019-03-26,X600188.SH,0.0198078299905973
2019-03-27,X601600.SH,0.0199451471018428
2019-03-28,X601600.SH,0.0203380994962337
2019-03-29,X601600.SH,0.0199434083157126
2019-04-01,X601898.SH,0.0188699554820711
2019-04-02,X600188.SH,0.0187776324961296
2019-04-03,X000883.SZ,0.0186881699428295
2019-04-04,X601898.SH,0.0182712798967287
2019-04-08,X000709.SZ,0.0229863161639355
2019-04-09,X000709.SZ,0.0211667547750873
2019-04-10,X000709.SZ,0.0201034001101843
2019-04-11,X600019.SH,0.0194362279948953
2019-04-12,X600019.SH,0.0213697094121639
2019-04-15,X601600.SH,0.0186639868418393
2019-04-16,X600808.SH,0.0209729144531782
2019-04-17,X600188.SH,0.0204500819561281
2019-04-18,X000709.SZ,0.0223443316263904
2019-04-19,X000709.SZ,0.0234494092456886
2019-04-22,X601600.SH,0.0245853389142082
2019-04-23,X601600.SH,0.0233761314943097
2019-04-24,X000709.SZ,0.0233687961680094
2019-04-25,X601600.SH,0.0229984980846069
2019-04-26,X601600.SH,0.0270631758135183
2019-04-29,X601600.SH,0.0276744372188838
2019-04-30,X601600.SH,0.0225672771711216
2019-05-06,X600362.SH,0.0294005369033331
2019-05-07,X000883.SZ,0.0295851201170547
2019-05-08,X000883.SZ,0.0250407289360801
2019-05-09,X601600.SH,0.0315421813512376
2019-05-10,X601600.SH,0.0278564284471331
2019-05-13,X601600.SH,0.0282319760107229
2019-05-14,X601600.SH,0.0274611210548325
2019-05-15,X601600.SH,0.028454666023523
2019-05-16,X601600.SH,0.0280701098506283
2019-05-17,X601600.SH,0.0273990747239667
2019-05-20,X601600.SH,0.0297243412890686
2019-05-21,X600362.SH,0.0254615143524789
2019-05-22,X600188.SH,0.0271281697967801
2019-05-23,X600188.SH,0.0214439971654182
2019-05-24,X600362.SH,0.0321837299266432
2019-05-27,X000709.SZ,0.0238425917805231
2019-05-28,X600219.SH,0.0290195524523961
2019-05-29,X600219.SH,0.0305534680968755
2019-05-30,X600219.SH,0.0348287940104465
2019-05-31,X601600.SH,0.0310727334153703
2019-06-03,X600362.SH,0.0265301735175291
2019-06-04,X600362.SH,0.0249349572824419
2019-06-05,X600362.SH,0.0252497832576533
2019-06-06,X600362.SH,0.0256683311924523
2019-06-10,X600219.SH,0.024055951636041
2019-06-11,X600219.SH,0.0267965370218346
2019-06-12,X000629.SZ,0.0181324930824445
2019-06-13,X600362.SH,0.0183788579673531
2019-06-14,X000709.SZ,0.0195144562001894
2019-06-17,X600660.SH,0.0190759747780354
2019-06-18,X600362.SH,0.0253997143915928
2019-06-19,X600362.SH,0.0182890393868482
2019-06-20,X600362.SH,0.0193012702654474
2019-06-21,X600362.SH,0.0179691307059117
2019-06-24,X600362.SH,0.0182383925895988
2019-06-25,X600362.SH,0.0187941826380678
2019-06-26,X600362.SH,0.0170501975325253
2019-06-27,X600362.SH,0.0159160378245868
2019-06-28,X601992.SH,0.0238498564043962
2019-07-01,X601992.SH,0.0198218859657382
2019-07-02,X601992.SH,0.0239300379035718
2019-07-03,X600362.SH,0.0262040695689876
2019-07-04,X600219.SH,0.0171361935668227
2019-07-05,X601992.SH,0.0202059157783437
2019-07-08,X601991.SH,0.0202689449004738
2019-07-09,X601600.SH,0.0178870287020179
2019-07-10,X000709.SZ,0.0166459724328485
2019-07-11,X601600.SH,0.0188255597218961
2019-07-12,X600362.SH,0.0170322817875827
2019-07-15,X000630.SZ,0.0160384865381925
2019-07-16,X601992.SH,0.0281896648771708
2019-07-17,X600176.SH,0.0190328613345185
2019-07-18,X601992.SH,0.018617764865113
2019-07-19,X600362.SH,0.0195849414213788
2019-07-22,X600362.SH,0.0195060315900205
2019-07-23,X600362.SH,0.018802723844183
2019-07-24,X600219.SH,0.0165918059232802
2019-07-25,X600219.SH,0.0185619866143186
2019-07-26,X601991.SH,0.0178108065651478
2019-07-29,X600299.SH,0.0164419697684609
2019-07-30,X601992.SH,0.0222218479063648
2019-07-31,X000630.SZ,0.0146882656741416
2019-08-01,X600660.SH,0.0358056666501626
2019-08-02,X600660.SH,0.010416616874915
2019-08-05,X600516.SH,0.0102532323632386
2019-08-06,X000898.SZ,0.0113047405670139
2019-08-07,X000630.SZ,0.00997980267579374
2019-08-08,X601088.SH,0.00840486519230836
2019-08-09,X600010.SH,0.00803725110643901
2019-08-12,X000630.SZ,0.00810783149279036
2019-08-13,X600362.SH,0.0106663637336216
2019-08-14,X000630.SZ,0.0088493290156269
2019-08-15,X000898.SZ,0.0092476756344952
2019-08-16,X601898.SH,0.00765751366245899
2019-08-19,X600660.SH,0.00871627800667826
2019-08-20,X600010.SH,0.00880842298547646
2019-08-21,X601991.SH,0.00813705821397378
2019-08-22,X600795.SH,0.00961155742958749
2019-08-23,X000898.SZ,0.00927256857586807
2019-08-26,X000898.SZ,0.00908777396073384
2019-08-27,X000898.SZ,0.00960888819580544
2019-08-28,X600028.SH,0.00843012776865501
2019-08-29,X000898.SZ,0.0109614972316115
2019-08-30,X601898.SH,0.00896674096904383
2019-09-02,X600028.SH,0.00848512039788714
2019-09-03,X000898.SZ,0.00919073764451424
2019-09-04,X000898.SZ,0.0106081227818793
2019-09-05,X600028.SH,0.00921787447056415
2019-09-06,X600028.SH,0.00952500493444629
2019-09-09,X000825.SZ,0.0086399856352154
2019-09-10,X600362.SH,0.00886410840219706
2019-09-11,X600309.SH,0.0109700734664929
2019-09-12,X600309.SH,0.010682760158942
2019-09-16,X600309.SH,0.0103799312378124
2019-09-17,X600309.SH,0.010834572703736
2019-09-18,X600309.SH,0.0102973646845154
2019-09-19,X601898.SH,0.00853843929782256
2019-09-20,X600309.SH,0.00814112054080423
2019-09-23,X601088.SH,0.00861639833884083
2019-09-24,X600309.SH,0.00929953183664537
2019-09-25,X000786.SZ,0.0115758909557947
2019-09-26,X000786.SZ,0.0113381333960663
2019-09-27,X600585.SH,0.0108704450520099
2019-09-30,X000786.SZ,0.0101455169001964
2019-10-08,X000825.SZ,0.00932667744346101
2019-10-09,X000898.SZ,0.00901723708717705
2019-10-10,X000825.SZ,0.0125967510510354
2019-10-11,X600309.SH,0.0101341362521201
2019-10-14,X000825.SZ,0.0126738972529598
2019-10-15,X600309.SH,0.0104326090086044
2019-10-16,X000709.SZ,0.0102499815750363
2019-10-17,X000709.SZ,0.0125256766383338
2019-10-18,X600010.SH,0.0104164974537483
2019-10-21,X000825.SZ,0.0113144322549801
2019-10-22,X000709.SZ,0.0106080352977999
2019-10-23,X600010.SH,0.0101637125599166
2019-10-24,X000709.SZ,0.0101173391574319
2019-10-25,X000709.SZ,0.00836862615946504
2019-10-28,X601600.SH,0.00830825116634545
2019-10-29,X600010.SH,0.00900041069196924
2019-10-30,X000898.SZ,0.00864975760158946
2019-10-31,X000825.SZ,0.0115272971615794
2019-11-01,X600516.SH,0.00857012989573244
2019-11-04,X000825.SZ,0.0106776959352175
2019-11-05,X000723.SZ,0.00873108707276615
2019-11-06,X000825.SZ,0.0103922171317665
2019-11-07,X601992.SH,0.00851960792403006
2019-11-08,X601992.SH,0.00837725966374416
2019-11-11,X600516.SH,0.00791279832641198
2019-11-12,X600352.SH,0.0075032495131131
2019-11-13,X600516.SH,0.00764119502529757
2019-11-14,X600516.SH,0.00843590082238744
2019-11-15,X600801.SH,0.00932478780091932
2019-11-18,X601600.SH,0.0076804786226075
2019-11-19,X600027.SH,0.00663329898170437
2019-11-20,X601992.SH,0.006855399659133
2019-11-21,X600516.SH,0.0068568616290376
2019-11-22,X601991.SH,0.00732715396608979
2019-11-25,X600111.SH,0.00976176635468637
2019-11-26,X601991.SH,0.0067642785024416
2019-11-27,X601991.SH,0.00716949042109349
2019-11-28,X601600.SH,0.00801920051162477
2019-11-29,X601991.SH,0.0070400241789253
2019-12-02,X002460.SZ,0.00874990870398734
2019-12-03,X002460.SZ,0.00778044013921656
2019-12-04,X000553.SZ,0.00707651125818127
2019-12-05,X601088.SH,0.00662037482491042
2019-12-06,X601088.SH,0.00663389314441256
2019-12-09,X600010.SH,0.00664525164347323
2019-12-10,X000553.SZ,0.00682316257773985
2019-12-11,X000723.SZ,0.00659616517135501
2019-12-12,X000709.SZ,0.0055532764571339
2019-12-13,X601600.SH,0.00627971079419421
2019-12-16,X600219.SH,0.00658144979789285
2019-12-17,X600176.SH,0.00731706392196969
2019-12-18,X600352.SH,0.00706453747049016
2019-12-19,X600801.SH,0.00659396538257789
2019-12-20,X600801.SH,0.00871625182371826
2019-12-23,X600426.SH,0.00810503024495647
2019-12-24,X601857.SH,0.00709104357375303
2019-12-25,X600660.SH,0.00857971269625269
2019-12-26,X600801.SH,0.00779550421854852
2019-12-27,X600808.SH,0.00772799071669623
2019-12-30,X600808.SH,0.009308686439486
2019-12-31,X600808.SH,0.00774044364101267
2020-01-02,X600808.SH,0.00859405397715734
2020-01-03,X600808.SH,0.00778672671979839
2020-01-06,X600585.SH,0.0107277018084016
2020-01-07,X600808.SH,0.0087742960093996
2020-01-08,X600585.SH,0.0108728967985656
2020-01-09,X600585.SH,0.0107567683803977
2020-01-10,X601992.SH,0.0081878565955901
2020-01-13,X600585.SH,0.0109900342771871
2020-01-14,X600808.SH,0.00998703842901934
2020-01-15,X600583.SH,0.00888237809898273
2020-01-16,X600219.SH,0.00848715322623178
2020-01-17,X600808.SH,0.0087396684642549
2020-01-20,X600808.SH,0.00877060998929955
2020-01-21,X600019.SH,0.00837576867812282
2020-01-22,X600176.SH,0.00814486975011695
2020-01-23,X600019.SH,0.0091251604246595
2020-02-03,X000630.SZ,0.0400047579700901
2020-02-04,X601992.SH,0.039597623998017
2020-02-05,X000630.SZ,0.0377366376930795
2020-02-06,X000630.SZ,0.0389714462893586
2020-02-07,X601857.SH,0.0413129108085411
2020-02-10,X601991.SH,0.0475294279760649
2020-02-11,X601991.SH,0.0473566430503138
2020-02-12,X600010.SH,0.0429689822655821
2020-02-13,X601991.SH,0.0431503589645657
2020-02-14,X000630.SZ,0.0448580126709463
2020-02-17,X000630.SZ,0.0476829089449299
2020-02-18,X601992.SH,0.0440596318866172
2020-02-19,X601898.SH,0.0426482723190193
2020-02-20,X600011.SH,0.0436565987984912
2020-02-21,X600011.SH,0.0446401485685791
2020-02-24,X601898.SH,0.0424996746078956
2020-02-25,X601158.SH,0.0420743057097468
2020-02-26,X601898.SH,0.0427917847311036
2020-02-27,X000027.SZ,0.0425062546891107
2020-02-28,X000630.SZ,0.0425479369321554
2020-03-02,X601991.SH,0.0418765775888748
2020-03-03,X601991.SH,0.0429740721234127
2020-03-04,X600027.SH,0.0441001336651421
2020-03-05,X600219.SH,0.0456324865627023
2020-03-06,X000630.SZ,0.0465995614064689
2020-03-09,X000630.SZ,0.0456732834385898
2020-03-10,X000630.SZ,0.0457906740798799
2020-03-11,X601158.SH,0.0406553571123604
2020-03-12,X601991.SH,0.0427640120257153
2020-03-13,X000709.SZ,0.047738811027892
2020-03-16,X600111.SH,0.0424052086174968
2020-03-17,X601158.SH,0.0449835353144179
2020-03-18,X601158.SH,0.0439563097326001
2020-03-19,X600027.SH,0.042752890047627
2020-03-20,X601158.SH,0.0448018872105749
2020-03-23,X000027.SZ,0.0506397443729801
2020-03-24,X601158.SH,0.0439829503010043
2020-03-25,X601991.SH,0.0438557770637959
2020-03-26,X601158.SH,0.0471790136660668
2020-03-27,X000027.SZ,0.0454386742202483
2020-03-30,X000630.SZ,0.0481980538172196
2020-03-31,X600010.SH,0.051641017954289
2020-04-01,X601158.SH,0.0539412255311892
2020-04-02,X600027.SH,0.0496467617621883
2020-04-03,X000709.SZ,0.0475972897275205
2020-04-07,X000630.SZ,0.0461099342672738
2020-04-08,X601158.SH,0.0478347015227109
2020-04-09,X601158.SH,0.0473718758069387
2020-04-10,X600010.SH,0.0503914351168344
2020-04-13,X000709.SZ,0.0484805996620897
2020-04-14,X601991.SH,0.0460853024319653
2020-04-15,X600188.SH,0.0477815137891114
2020-04-16,X000630.SZ,0.0471798118189311
2020-04-17,X601898.SH,0.0462318851691639
2020-04-20,X000898.SZ,0.0493490548515037
2020-04-21,X600188.SH,0.0483124399580986
2020-04-22,X000898.SZ,0.048290713966485
2020-04-23,X601898.SH,0.0490876861990227
2020-04-24,X000898.SZ,0.045626152343316
2020-04-27,X601898.SH,0.0445018016817955
2020-04-28,X600352.SH,0.0447161825056531
2020-04-29,X601898.SH,0.0455099070097257
2020-04-30,X600352.SH,0.0436578975347546
2020-05-06,X600801.SH,0.0139843411807273
2020-05-07,X600801.SH,0.0142780802255989
2020-05-08,X600801.SH,0.0133663174533996
2020-05-11,X600801.SH,0.0145004009838004
2020-05-12,X600801.SH,0.0142090361533504
2020-05-13,X000898.SZ,0.0150547419584207
2020-05-14,X000723.SZ,0.0220024543079984
2020-05-15,X000723.SZ,0.0200362571358993
2020-05-18,X600529.SH,0.0167862967565387
2020-05-19,X000723.SZ,0.0189079718764226
2020-05-20,X600176.SH,0.0145351213785786
2020-05-21,X600309.SH,0.0137635829630342
2020-05-22,X600309.SH,0.012677866852805
2020-05-25,X600309.SH,0.0143057209862578
2020-05-26,X600309.SH,0.0142228376528982
2020-05-27,X600801.SH,0.0113901258396818
2020-05-28,X600309.SH,0.013266604520651
2020-05-29,X600309.SH,0.0148806887493544
2020-06-01,X600309.SH,0.0143807296979494
2020-06-02,X000301.SZ,0.0155708485733912
2020-06-03,X000301.SZ,0.0172225451611307
2020-06-04,X000301.SZ,0.013131814568051
2020-06-05,X601992.SH,0.0116428079200795
2020-06-08,X600176.SH,0.0113011214387256
2020-06-09,X600352.SH,0.0117372850527337
2020-06-10,X600176.SH,0.0116100826265891
2020-06-11,X600309.SH,0.0111895879985656
2020-06-12,X002080.SZ,0.0175051944414478
2020-06-15,X000301.SZ,0.0128605943202309
2020-06-16,X000898.SZ,0.0111921784491719
2020-06-17,X002080.SZ,0.0100303787235057
2020-06-18,X000301.SZ,0.0139318880469994
2020-06-19,X600019.SH,0.00972438634693707
2020-06-22,X600028.SH,0.0100244994281815
2020-06-23,X600028.SH,0.0106477388362214
2020-06-24,X600028.SH,0.0103199468375147
2020-06-29,X600309.SH,0.00940212889458535
2020-06-30,X600176.SH,0.0119258418201739
2020-07-01,X601158.SH,0.0108454033368086
2020-07-02,X600801.SH,0.0111112518475944
2020-07-03,X601158.SH,0.0095518762722998
2020-07-06,X600188.SH,0.0100250861807434
2020-07-07,X600219.SH,0.00995578329856692
2020-07-08,X600176.SH,0.00966137180643797
2020-07-09,X002460.SZ,0.0105420280400935
2020-07-10,X601600.SH,0.0168073357552376
2020-07-13,X600352.SH,0.0122610311326074
2020-07-14,X600219.SH,0.012583986760332
2020-07-15,X600352.SH,0.0146318369948824
2020-07-16,X600352.SH,0.0170696380502295
2020-07-17,X600352.SH,0.0150992057624272
2020-07-20,X600362.SH,0.0173279798968014
2020-07-21,X600362.SH,0.0180474070722262
2020-07-22,X600362.SH,0.0186336482937445
2020-07-23,X600362.SH,0.0186493326001809
2020-07-24,X600362.SH,0.0185704393073006
2020-07-27,X600362.SH,0.0188191987156191
2020-07-28,X600886.SH,0.0182807660056348
2020-07-29,X601088.SH,0.0162645613674614
2020-07-30,X601600.SH,0.0154092459214941
2020-07-31,X000878.SZ,0.0155408942031302
2020-08-03,X000878.SZ,0.0167128014856445
2020-08-04,X000878.SZ,0.0165654209994584
2020-08-05,X000878.SZ,0.0189908949402066
2020-08-06,X600362.SH,0.0151368398127141
2020-08-07,X000878.SZ,0.0160064987238719
2020-08-10,X600019.SH,0.0142032455692576
2020-08-11,X600516.SH,0.0165787536273522
2020-08-12,X600516.SH,0.0170312489155277
2020-08-13,X600516.SH,0.0172225568630224
2020-08-14,X002460.SZ,0.0162105579788835
2020-08-17,X000878.SZ,0.0169447339643198
2020-08-18,X601992.SH,0.0178805055543295
2020-08-19,X600516.SH,0.017598590838109
2020-08-20,X000027.SZ,0.0179390370728645
2020-08-21,X600188.SH,0.0161593446580327
2020-08-24,X600028.SH,0.0147607915255009
2020-08-25,X000027.SZ,0.0170935467636275
2020-08-26,X600516.SH,0.0173850997295253
2020-08-27,X000027.SZ,0.0142288565847243
2020-08-28,X000027.SZ,0.0144430340942827
2020-08-31,X000878.SZ,0.0163643564208088
2020-09-01,X600219.SH,0.0155701071306606
2020-09-02,X000878.SZ,0.0147909733845443
2020-09-03,X601898.SH,0.0147876380976833
2020-09-04,X601600.SH,0.0169159696384628
2020-09-07,X601898.SH,0.0159182481934921
2020-09-08,X601898.SH,0.0175904218099405
2020-09-09,X600426.SH,0.0144164979126135
2020-09-10,X600426.SH,0.016538346187333
2020-09-11,X600426.SH,0.0168713918256529
2020-09-14,X600219.SH,0.0140340495138643
2020-09-15,X600585.SH,0.0147975460253347
2020-09-16,X600489.SH,0.013271111288659
2020-09-17,X601992.SH,0.0143902000430545
2020-09-18,X601600.SH,0.0146025560582706
2020-09-21,X600219.SH,0.0143570033088276
2020-09-22,X000878.SZ,0.0185411009108885
2020-09-23,X000878.SZ,0.0185761896042174
2020-09-24,X601992.SH,0.0200318681990777
2020-09-25,X601898.SH,0.0137477063454605
2020-09-28,X601992.SH,0.0182301110539754
2020-09-29,X601898.SH,0.0147275845422472
2020-09-30,X600660.SH,0.0137527191046508
2020-10-09,X600660.SH,0.0134853052662661
2020-10-12,X600362.SH,0.018022833367538
2020-10-13,X601992.SH,0.015274445095265
2020-10-14,X601992.SH,0.013737218191126
2020-10-15,X600660.SH,0.0168051011209172
2020-10-16,X601898.SH,0.0124928859988967
2020-10-19,X002353.SZ,0.0120707314394708
2020-10-20,X002460.SZ,0.0147777410790469
2020-10-21,X601992.SH,0.010124222645526
2020-10-22,X002460.SZ,0.0117676939781573
2020-10-23,X601898.SH,0.0107129658222591
2020-10-26,X600362.SH,0.0130674481631352
2020-10-27,X002460.SZ,0.0121125040905406
2020-10-28,X002460.SZ,0.0120526656403749
2020-10-29,X000301.SZ,0.0158474938114155
2020-10-30,X601992.SH,0.00990937177069643
2020-11-02,X601898.SH,0.00904484971177444
2020-11-03,X000301.SZ,0.0174239108599006
2020-11-04,X600010.SH,0.0122181692758639
2020-11-05,X600547.SH,0.010774519844234
2020-11-06,X000301.SZ,0.0137131234311372
2020-11-09,X000301.SZ,0.013873019166067
2020-11-10,X000301.SZ,0.0132895435620656
2020-11-11,X600010.SH,0.0113996843224999
2020-11-12,X600010.SH,0.0117397139184383
2020-11-13,X601600.SH,0.011588662601694
2020-11-16,X601600.SH,0.00973650581113433
2020-11-17,X600795.SH,0.0111291529776479
2020-11-18,X600010.SH,0.0114636157223316
2020-11-19,X600010.SH,0.010052664376004
2020-11-20,X002460.SZ,0.0156546322322205
2020-11-23,X600795.SH,0.0134244743997553
2020-11-24,X000630.SZ,0.0107991936007143
2020-11-25,X000630.SZ,0.0100592006253259
2020-11-26,X601992.SH,0.00935999789926344
2020-11-27,X000301.SZ,0.0196383738011989
2020-11-30,X600362.SH,0.00907720272678856
2020-12-01,X600010.SH,0.0154250177577295
2020-12-02,X600010.SH,0.0102998069295351
2020-12-03,X601857.SH,0.013819976324868
2020-12-04,X601857.SH,0.0138825230786546
2020-12-07,X601857.SH,0.0110721549184244
2020-12-08,X601857.SH,0.00871070807195985
2020-12-09,X600010.SH,0.00978617900502492
2020-12-10,X600111.SH,0.00916982330735868
2020-12-11,X601992.SH,0.00917979066035733
2020-12-14,X600010.SH,0.0107262367280564
2020-12-15,X600010.SH,0.00906989358594956
2020-12-16,X601168.SH,0.0173866966765951
2020-12-17,X600362.SH,0.0095793608030154
2020-12-18,X000878.SZ,0.0111534901537889
2020-12-21,X600489.SH,0.0109322470722097
2020-12-22,X600362.SH,0.00980910252701035
2020-12-23,X600027.SH,0.0111583420222935
2020-12-24,X600027.SH,0.01135025912357
2020-12-25,X600027.SH,0.011794813695669
2020-12-28,X600362.SH,0.0111532623176056
2020-12-29,X600362.SH,0.0112891965439027
2020-12-30,X600111.SH,0.010466552174514
2020-12-31,X600027.SH,0.0106053977475551
2021-01-04,X600111.SH,0.0099848566388003
2021-01-05,X601991.SH,0.00946532938925696
2021-01-06,X600426.SH,0.0103452301531409
2021-01-07,X600426.SH,0.0107718208435224
2021-01-08,X600309.SH,0.0118508363279254
2021-01-11,X000630.SZ,0.0118147175413437
2021-01-12,X000898.SZ,0.0131733281022105
2021-01-13,X600486.SH,0.018466695462664
2021-01-14,X000898.SZ,0.0126730672396063
2021-01-15,X601600.SH,0.0135741354862927
2021-01-18,X000898.SZ,0.0157486064083191
2021-01-19,X002409.SZ,0.012670063862519
2021-01-20,X000932.SZ,0.0134031260927653
2021-01-21,X600027.SH,0.0108408130295587
2021-01-22,X000830.SZ,0.010449855923711
2021-01-25,X002409.SZ,0.0116293038609754
2021-01-26,X000898.SZ,0.0118831739902093
2021-01-27,X600547.SH,0.0140749301082189
2021-01-28,X600516.SH,0.0112862518749847
2021-01-29,X600362.SH,0.010263029698776
2021-02-01,X600426.SH,0.015781636862604
2021-02-02,X600426.SH,0.0153696448962934
2021-02-03,X002409.SZ,0.0134835005504562
2021-02-04,X002409.SZ,0.0122808296665955
2021-02-05,X002409.SZ,0.0136745991837117
2021-02-08,X002409.SZ,0.0151538728779765
2021-02-09,X600426.SH,0.0161449687164925
2021-02-10,X600309.SH,0.013415330831372
2021-02-18,X600309.SH,0.0169882117244058
2021-02-19,X600188.SH,0.01257409937823
2021-02-22,X002271.SZ,0.0154178476617361
2021-02-23,X601600.SH,0.0142463218213549
2021-02-24,X000960.SZ,0.0152803857806733
2021-02-25,X600489.SH,0.0144341495238142
2021-02-26,X600489.SH,0.0140302677308558
2021-03-01,X002353.SZ,0.0139636209794679
2021-03-02,X600111.SH,0.0123697068449733
2021-03-03,X000898.SZ,0.0155906036470799
2021-03-04,X600489.SH,0.0145656663930762
2021-03-05,X601600.SH,0.0150320750934846
2021-03-08,X600489.SH,0.0143929616566717
2021-03-09,X601600.SH,0.0145486211915791
2021-03-10,X600489.SH,0.0132961299463136
2021-03-11,X600219.SH,0.013943110054799
2021-03-12,X601898.SH,0.0168892721017476
2021-03-15,X600028.SH,0.0162147687091115
2021-03-16,X601600.SH,0.0145319009044998
2021-03-17,X600028.SH,0.0156649928193791
2021-03-18,X000630.SZ,0.0166497686934556
2021-03-19,X002466.SZ,0.0156575828585588
2021-03-22,X600362.SH,0.0131912542593629
2021-03-23,X601600.SH,0.0149747127436285
2021-03-24,X601600.SH,0.0152966798158775
2021-03-25,X601600.SH,0.0157530314735706
2021-03-26,X601600.SH,0.0170473869701641
2021-03-29,X000027.SZ,0.0191267180074903
2021-03-30,X600362.SH,0.0173233662916967
2021-03-31,X000027.SZ,0.0190749861601696
2021-04-01,X000027.SZ,0.0174205030934331
2021-04-02,X600362.SH,0.0167116789794406
2021-04-06,X002460.SZ,0.017209633605834
2021-04-07,X002460.SZ,0.0160077976841371
2021-04-08,X600157.SH,0.0242849232260448
2021-04-09,X600426.SH,0.0142008273714772
2021-04-12,X600362.SH,0.0188825280070981
2021-04-13,X002460.SZ,0.0148460785893244
2021-04-14,X600362.SH,0.0184656480466276
2021-04-15,X600176.SH,0.0156905656443949
2021-04-16,X600176.SH,0.0157895330778259
2021-04-19,X000807.SZ,0.0190350175504601
2021-04-20,X600362.SH,0.015546237935068
2021-04-21,X600176.SH,0.0176980995245993
2021-04-22,X600309.SH,0.018086127384199
2021-04-23,X600309.SH,0.0165310226865747
2021-04-26,X600426.SH,0.0149056359634836
2021-04-27,X002460.SZ,0.0200064583539355
2021-04-28,X600309.SH,0.0161666647099326
2021-04-29,X600660.SH,0.0197536571984878
2021-04-30,X000807.SZ,0.0177941814329733
2021-05-06,X600688.SH,0.0140214399962679
2021-05-07,X600352.SH,0.0173091899609402
2021-05-10,X000630.SZ,0.0171812832500649
2021-05-11,X002271.SZ,0.0154370240674038
2021-05-12,X002460.SZ,0.0200948347394996
2021-05-13,X600803.SH,0.0175911453560355
2021-05-14,X600803.SH,0.0171283607685569
2021-05-17,X600803.SH,0.0170063358035642
2021-05-18,X600176.SH,0.0203717249820198
2021-05-19,X601168.SH,0.0173603236740663
2021-05-20,X600176.SH,0.0170909924278381
2021-05-21,X000932.SZ,0.0238774630242069
2021-05-24,X600176.SH,0.0194362286973139
2021-05-25,X000786.SZ,0.0144952429591902
2021-05-26,X000959.SZ,0.0186947921685745
2021-05-27,X600111.SH,0.0126175528961792
2021-05-28,X600547.SH,0.0147399304685679
2021-05-31,X002460.SZ,0.0128538922293702
2021-06-01,X600176.SH,0.0150792712479646
2021-06-02,X600010.SH,0.015085625855169
2021-06-03,X601699.SH,0.0134767490412121
2021-06-04,X600299.SH,0.018626825074185
2021-06-07,X600176.SH,0.0158602464475538
2021-06-08,X600176.SH,0.0110243674943591
2021-06-09,X600111.SH,0.0134357667143192
2021-06-10,X000959.SZ,0.0162233346384873
2021-06-11,X600010.SH,0.0138577490928541
2021-06-15,X600176.SH,0.017530407107008
2021-06-16,X600111.SH,0.0141869101173445
2021-06-17,X600010.SH,0.0146162459964092
2021-06-18,X600688.SH,0.0170912814057425
2021-06-21,X600688.SH,0.016841429402221
2021-06-22,X600219.SH,0.0170402938683607
2021-06-23,X600219.SH,0.0178575649265877
2021-06-24,X600176.SH,0.015706761118513
2021-06-25,X000983.SZ,0.0195565535544401
2021-06-28,X600219.SH,0.01421792413035
2021-06-29,X600176.SH,0.0112301320965749
2021-06-30,X600219.SH,0.0158843845159793
2021-07-01,X601600.SH,0.0138323967058515
2021-07-02,X002460.SZ,0.0147262233014497
2021-07-05,X000983.SZ,0.0151275498368927
2021-07-06,X600362.SH,0.0126022209278227
2021-07-07,X000959.SZ,0.0126181578743156
2021-07-08,X600010.SH,0.0140604108018219
2021-07-09,X600010.SH,0.0123995359550257
2021-07-12,X600010.SH,0.0153002038155345
2021-07-13,X600549.SH,0.0164611657763246
2021-07-14,X600549.SH,0.0131786616840507
2021-07-15,X600549.SH,0.0154774223385106
2021-07-16,X600219.SH,0.0149109988401965
2021-07-19,X601168.SH,0.0143572507394516
2021-07-20,X600362.SH,0.0134790026171533
2021-07-21,X601168.SH,0.0135395038903661
2021-07-22,X600219.SH,0.0141066368341191
2021-07-23,X601168.SH,0.0151061970792906
2021-07-26,X000630.SZ,0.0173576207969003
2021-07-27,X601168.SH,0.0150790009384952
2021-07-28,X600585.SH,0.0184041329680359
2021-07-29,X000932.SZ,0.0143472192606054
2021-07-30,X600010.SH,0.0146061435859273
2021-08-02,X601168.SH,0.0183666668598535
2021-08-03,X600362.SH,0.0134479446681297
2021-08-04,X000630.SZ,0.0152613243173837
2021-08-05,X600010.SH,0.0182451089932597
2021-08-06,X000012.SZ,0.0141873294227409
2021-08-09,X000959.SZ,0.014077556853142
2021-08-10,X000723.SZ,0.0158700476114046
2021-08-11,X000959.SZ,0.014288042000327
2021-08-12,X000959.SZ,0.0194974302422722
2021-08-13,X000807.SZ,0.0131086427746132
2021-08-16,X600362.SH,0.014971140004906
2021-08-17,X002409.SZ,0.0209088280949577
2021-08-18,X000831.SZ,0.0156768964168129
2021-08-19,X600362.SH,0.0141296745552341
2021-08-20,X000807.SZ,0.0158391847665691
2021-08-23,X000959.SZ,0.0133010264716232
2021-08-24,X601699.SH,0.013728617640736
2021-08-25,X000959.SZ,0.0163599492489891
2021-08-26,X600362.SH,0.0135292224475242
2021-08-27,X000959.SZ,0.016248987896763
2021-08-30,X601600.SH,0.023918118272896
2021-08-31,X600019.SH,0.0189820060328295
2021-09-01,X600019.SH,0.0167720355101976
2021-09-02,X600219.SH,0.0159194750937689
2021-09-03,X002466.SZ,0.0153441547252558
2021-09-06,X000786.SZ,0.0150298987115905
2021-09-07,X000831.SZ,0.0152224090121472
2021-09-08,X600219.SH,0.0196568628400427
2021-09-09,X600219.SH,0.0165354652878783
2021-09-10,X600362.SH,0.0164575539677411
2021-09-13,X000630.SZ,0.0165947186248521
2021-09-14,X000723.SZ,0.0182401348775075
2021-09-15,X000723.SZ,0.0181688641300298
2021-09-16,X601600.SH,0.0157773573363331
2021-09-17,X000959.SZ,0.0193981315080064
2021-09-22,X600096.SH,0.0182487757210405
2021-09-23,X000959.SZ,0.0165313027814884
2021-09-24,X600019.SH,0.0267823918474403
2021-09-27,X601991.SH,0.025411554243361
2021-09-28,X601991.SH,0.0229074219961299
2021-09-29,X600295.SH,0.0254834516091603
2021-09-30,X600295.SH,0.0247174631712337
2021-10-08,X600019.SH,0.0231231400249696
2021-10-11,X600141.SH,0.0329598251932361
2021-10-12,X600295.SH,0.0258759678701699
2021-10-13,X600028.SH,0.0229418116321001
2021-10-14,X600141.SH,0.0243563278558336
2021-10-15,X000807.SZ,0.0190743267748177
2021-10-18,X600141.SH,0.0226109818928127
2021-10-19,X600352.SH,0.0248893979267757
2021-10-20,X000630.SZ,0.0209591838394707
2021-10-21,X000983.SZ,0.0227284305714798
2021-10-22,X600010.SH,0.0246269677003251
2021-10-25,X600010.SH,0.0278734010588401
2021-10-26,X600160.SH,0.0204509951696917
2021-10-27,X002326.SZ,0.0198852595515784
2021-10-28,X600188.SH,0.0229627159098489
2021-10-29,X600660.SH,0.0233449735692917
2021-11-01,X600028.SH,0.0227216695959651
2021-11-02,X600028.SH,0.0225410420931419
2021-11-03,X600141.SH,0.0234294415670918
2021-11-04,X600188.SH,0.0191380081867855
2021-11-05,X002353.SZ,0.0177823426668219
2021-11-08,X600028.SH,0.0206937173365622
2021-11-09,X600188.SH,0.0175459907349738
2021-11-10,X600011.SH,0.0217500169557751
2021-11-11,X601600.SH,0.0200116334736223
2021-11-12,X002466.SZ,0.0211774706483935
2021-11-15,X002466.SZ,0.0241401289187392
2021-11-16,X600352.SH,0.0202782738791692
2021-11-17,X601600.SH,0.0190865093555047
2021-11-18,X002466.SZ,0.0203022280000564
2021-11-19,X601600.SH,0.023206020715441
2021-11-22,X000831.SZ,0.02500670348789
2021-11-23,X000831.SZ,0.0235024325538198
2021-11-24,X002466.SZ,0.0177502332988901
2021-11-25,X600188.SH,0.0205249097104091
2021-11-26,X000831.SZ,0.0289240973471931
2021-11-29,X000831.SZ,0.0205320909806226
2021-11-30,X000027.SZ,0.019613583556419
2021-12-01,X601600.SH,0.0204284389181064
2021-12-02,X600801.SH,0.0197319908922821
2021-12-03,X601600.SH,0.0189042901611538
2021-12-06,X000877.SZ,0.0275272976940343
2021-12-07,X601600.SH,0.0204654283135075
2021-12-08,X600352.SH,0.0185311187461711
2021-12-09,X601857.SH,0.0196223498059812
2021-12-10,X000877.SZ,0.0258665805385069
2021-12-13,X600027.SH,0.0249750909016548
2021-12-14,X600027.SH,0.0200145175579558
2021-12-15,X000877.SZ,0.0224287713688074
2021-12-16,X600010.SH,0.0229322580711992
2021-12-17,X600028.SH,0.0199468865821061
2021-12-20,X600010.SH,0.0196314223121605
2021-12-21,X600028.SH,0.0247873001637665
2021-12-22,X600010.SH,0.024915062686242
2021-12-23,X600010.SH,0.0224728856536032
2021-12-24,X600019.SH,0.0189985491503922
2021-12-27,X000877.SZ,0.0203761975058513
2021-12-28,X600010.SH,0.0223783174336351
2021-12-29,X000877.SZ,0.0361752968746144
2021-12-30,X600028.SH,0.0169805352400884
2021-12-31,X600019.SH,0.0171907656562764
2022-01-04,X000792.SZ,0.0164355552664747
2022-01-05,X300073.SZ,0.0172327110389919
2022-01-06,X600027.SH,0.0178320255507136
2022-01-07,X300073.SZ,0.0184914590573668
2022-01-10,X000959.SZ,0.0159183464146412
2022-01-11,X600019.SH,0.0136311451226464
2022-01-12,X600362.SH,0.0131642478402194
2022-01-13,X600019.SH,0.0153154614900765
2022-01-14,X000630.SZ,0.0128094055011751
2022-01-17,X600157.SH,0.0126108134074047
2022-01-18,X600795.SH,0.0139812676441178
2022-01-19,X600795.SH,0.0119541300659175
2022-01-20,X600219.SH,0.0150333335394358
2022-01-21,X600188.SH,0.0125162526427384
2022-01-24,X600219.SH,0.014397853328586
2022-01-25,X600219.SH,0.0119399961944726
2022-01-26,X600219.SH,0.0138505112761303
2022-01-27,X600157.SH,0.0130846392733027
2022-01-28,X601898.SH,0.0185278569671616
2022-02-07,X000630.SZ,0.0148207765818601
2022-02-08,X601991.SH,0.0138232326369342
2022-02-09,X601898.SH,0.0190297359050709
2022-02-10,X000708.SZ,0.0140458224025155
2022-02-11,X000932.SZ,0.0151398529709077
2022-02-14,X600489.SH,0.0151352402818986
2022-02-15,X000708.SZ,0.0134842935900592
2022-02-16,X000932.SZ,0.0144766646761376
2022-02-17,X600141.SH,0.0125863954076682
2022-02-18,X000630.SZ,0.0159273081662503
2022-02-21,X600176.SH,0.0151804528148376
2022-02-22,X000932.SZ,0.0128062870024264
2022-02-23,X000932.SZ,0.0122474783458204
2022-02-24,X600585.SH,0.0120907036056134
2022-02-25,X000932.SZ,0.0161063605313716
2022-02-28,X002080.SZ,0.0179004430595313
2022-03-01,X000630.SZ,0.0132044641427902
2022-03-02,X000630.SZ,0.0149000100302036
2022-03-03,X000630.SZ,0.0150563808487061
2022-03-04,X000630.SZ,0.016160052174227
2022-03-07,X000630.SZ,0.0149988249345838
2022-03-08,X000932.SZ,0.0159730742716804
2022-03-09,X000630.SZ,0.0148736119992226
2022-03-10,X000630.SZ,0.01646586060405
2022-03-11,X000983.SZ,0.0177492681193452
2022-03-14,X000983.SZ,0.0167225312909996
2022-03-15,X600176.SH,0.017293870826801
2022-03-16,X000630.SZ,0.0162377515190134
2022-03-17,X600489.SH,0.0181253497816533
2022-03-18,X000932.SZ,0.0194805875991338
2022-03-21,X000932.SZ,0.0193933148441097
2022-03-22,X600803.SH,0.0194885107858859
2022-03-23,X600489.SH,0.0192952394794668
2022-03-24,X601991.SH,0.0208280261121161
2022-03-25,X000932.SZ,0.0206637379815426
2022-03-28,X600019.SH,0.0234260325438347
2022-03-29,X601991.SH,0.0272057873891271
2022-03-30,X000932.SZ,0.0175388491630851
2022-03-31,X600585.SH,0.0197191555082824
2022-04-01,X000708.SZ,0.0207061271363212
2022-04-06,X000932.SZ,0.0189747737402962
2022-04-07,X000932.SZ,0.0180808592356986
2022-04-08,X600176.SH,0.0185627323270774
2022-04-11,X600985.SH,0.0215836881537786
2022-04-12,X600489.SH,0.0214515760370845
2022-04-13,X000723.SZ,0.0192733091627249
2022-04-14,X000932.SZ,0.021827393480342
2022-04-15,X000932.SZ,0.0239204364327647
2022-04-18,X000932.SZ,0.022615646232366
2022-04-19,X000932.SZ,0.0222465093759656
2022-04-20,X600489.SH,0.022641780640165
2022-04-21,X600489.SH,0.0231300781448213
2022-04-22,X000932.SZ,0.0220987865921581
2022-04-25,X600027.SH,0.0241854718603648
2022-04-26,X600027.SH,0.0252643988415544
2022-04-27,X600027.SH,0.025496796214606
2022-04-28,X600309.SH,0.0289326332413491
2022-04-29,X600027.SH,0.0266539288193563
2022-05-05,X600027.SH,0.0224540458372606
2022-05-06,X000723.SZ,0.0277739150730594
2022-05-09,X600027.SH,0.0226926211611839
2022-05-10,X600309.SH,0.0317745047543194
2022-05-11,X600027.SH,0.0224361628089178
2022-05-12,X600027.SH,0.0238405467909466
2022-05-13,X600027.SH,0.0301964761138145
2022-05-16,X600027.SH,0.0243521349616824
2022-05-17,X000723.SZ,0.0171584086149892
2022-05-18,X000708.SZ,0.02349607195203
2022-05-19,X000708.SZ,0.0292898082316441
2022-05-20,X600801.SH,0.0219566648254699
2022-05-23,X600547.SH,0.0196695964615265
2022-05-24,X600219.SH,0.0192176340059235
2022-05-25,X601991.SH,0.0206759573865008
2022-05-26,X601991.SH,0.0199021716481046
2022-05-27,X600028.SH,0.0203049073438521
2022-05-30,X600688.SH,0.0240882653645421
2022-05-31,X600019.SH,0.0258639357138222
2022-06-01,X601991.SH,0.0225833113726247
2022-06-02,X601991.SH,0.0202336942427397
2022-06-06,X600362.SH,0.0204737677794124
2022-06-07,X600010.SH,0.0204680123467431
2022-06-08,X600801.SH,0.0222702261470657
2022-06-09,X600362.SH,0.0204190198626378
2022-06-10,X600362.SH,0.0255215819149222
2022-06-13,X600362.SH,0.0217025451168185
2022-06-14,X600362.SH,0.0236693401053408
2022-06-15,X600362.SH,0.0368784595322917
2022-06-16,X600362.SH,0.0230863807647369
2022-06-17,X600362.SH,0.028374386309182
2022-06-20,X000723.SZ,0.0196487987555085
2022-06-21,X601600.SH,0.0208412643285496
2022-06-22,X601600.SH,0.0211478435076678
2022-06-23,X601600.SH,0.0173106563743292
2022-06-24,X600019.SH,0.0212823178182719
2022-06-27,X300037.SZ,0.0175001342305893
2022-06-28,X601600.SH,0.0188600743115942
2022-06-29,X600028.SH,0.0171405654053304
2022-06-30,X600188.SH,0.0181491342640012
2022-07-01,X601600.SH,0.0222321414706329
2022-07-04,X600362.SH,0.022092718065772
2022-07-05,X601600.SH,0.0271773254369547
2022-07-06,X002497.SZ,0.0187953736039282
2022-07-07,X601600.SH,0.0196925972876247
2022-07-08,X601600.SH,0.0188627218339948
2022-07-11,X000723.SZ,0.0249191468520987
2022-07-12,X601600.SH,0.0210745240984135
2022-07-13,X601600.SH,0.0229684756554272
2022-07-14,X601600.SH,0.0195618999835804
2022-07-15,X601600.SH,0.0242111974903955
2022-07-18,X002080.SZ,0.0235517949868849
2022-07-19,X002080.SZ,0.0237836557622806
2022-07-20,X601600.SH,0.0168633529103037
2022-07-21,X601600.SH,0.021912020948665
2022-07-22,X601600.SH,0.01864074289781
2022-07-25,X601600.SH,0.0197663298099251
2022-07-26,X600547.SH,0.0191541057679343
2022-07-27,X000708.SZ,0.0191594265334126
2022-07-28,X600486.SH,0.0149815167517371
2022-07-29,X601600.SH,0.0126160769499733
2022-08-01,X000792.SZ,0.013203508685861
2022-08-02,X601088.SH,0.0124778287196189
2022-08-03,X600157.SH,0.0128224001451853
2022-08-04,X601088.SH,0.0129892147907082
2022-08-05,X000792.SZ,0.0126732054776953
2022-08-08,X000792.SZ,0.0126607620125315
2022-08-09,X000792.SZ,0.0160233824353432
2022-08-10,X600489.SH,0.012698718268469
2022-08-11,X601600.SH,0.0171060144062084
2022-08-12,X601600.SH,0.0179627459059461
2022-08-15,X600362.SH,0.0120339771981658
2022-08-16,X600362.SH,0.0122279275720126
2022-08-17,X601088.SH,0.0125642491292989
2022-08-18,X601088.SH,0.0135533670132185
2022-08-19,X600019.SH,0.0141062286134329
2022-08-22,X000807.SZ,0.0147113378239511
2022-08-23,X600660.SH,0.0133494162455784
2022-08-24,X601699.SH,0.0132646812758133
2022-08-25,X601699.SH,0.0137344554411625
2022-08-26,X601088.SH,0.0137786786749698
2022-08-29,X600019.SH,0.0122776998213532
2022-08-30,X600141.SH,0.017754650999327
2022-08-31,X600985.SH,0.0184170582506064
2022-09-01,X600985.SH,0.0133975217429227
2022-09-02,X600985.SH,0.0155306942394035
2022-09-05,X600985.SH,0.0136707484258071
2022-09-06,X600985.SH,0.0210303079449962
2022-09-07,X601991.SH,0.0145559908287242
2022-09-08,X600985.SH,0.0141730304732501
2022-09-09,X600985.SH,0.0156968946579855
2022-09-13,X600985.SH,0.0146611436774013
2022-09-14,X000723.SZ,0.011778153590948
2022-09-15,X601699.SH,0.0172150363709882
2022-09-16,X600362.SH,0.0128389256202199
2022-09-19,X600348.SH,0.013884356778033
2022-09-20,X600348.SH,0.0135699815602627
2022-09-21,X601991.SH,0.0128423275516637
2022-09-22,X601991.SH,0.0158904244102765
2022-09-23,X600219.SH,0.0115207326312678
2022-09-26,X600141.SH,0.0132692187101146
2022-09-27,X601991.SH,0.0133377565300096
2022-09-28,X600141.SH,0.0123884741168454
2022-09-29,X600985.SH,0.0133480993584806
2022-09-30,X600141.SH,0.0111630370099649
2022-10-10,X601991.SH,0.016578372524884
2022-10-11,X601600.SH,0.0147717114630577
2022-10-12,X601991.SH,0.018024052910967
2022-10-13,X601600.SH,0.013596103332957
2022-10-14,X601991.SH,0.0154533124205519
2022-10-17,X601991.SH,0.0151548597621816
2022-10-18,X601600.SH,0.0121666159277293
2022-10-19,X601991.SH,0.0152227355175693
2022-10-20,X601600.SH,0.0162677921608185
2022-10-21,X601991.SH,0.0161304420478051
2022-10-24,X601991.SH,0.016505694768237
2022-10-25,X601991.SH,0.0174084580897059
2022-10-26,X601991.SH,0.0176935748503162
2022-10-27,X600188.SH,0.0116452301125707
2022-10-28,X600111.SH,0.0135983691925829
2022-10-31,X000792.SZ,0.014428050220656
2022-11-01,X600111.SH,0.0161106707816711
2022-11-02,X600111.SH,0.015503141506655
2022-11-03,X600111.SH,0.0137450713699942
2022-11-04,X600111.SH,0.0165861872012892
2022-11-07,X000792.SZ,0.0162457797412319
2022-11-08,X600111.SH,0.0112799878828437
2022-11-09,X600111.SH,0.014643573102346
2022-11-10,X600111.SH,0.0112197388158994
2022-11-11,X600985.SH,0.012235517675334
2022-11-14,X600111.SH,0.0137948123034932
2022-11-15,X601991.SH,0.0154543976174007
2022-11-16,X000792.SZ,0.0133425723595133
2022-11-17,X000792.SZ,0.0131623854682755
2022-11-18,X600111.SH,0.0144000112096594
2022-11-21,X000792.SZ,0.0128925167577078
2022-11-22,X600141.SH,0.0109331592069199
2022-11-23,X600111.SH,0.0112972581487063
2022-11-24,X600547.SH,0.0138950773005119
2022-11-25,X600362.SH,0.011643502639474
2022-11-28,X600426.SH,0.0119706254542131
2022-11-29,X600547.SH,0.0115674677613892
2022-11-30,X600985.SH,0.0128118456017325
2022-12-01,X600362.SH,0.0148315666358005
2022-12-02,X600362.SH,0.0131389350602347
2022-12-05,X600985.SH,0.0129267494010154
2022-12-06,X600010.SH,0.0164665054360446
2022-12-07,X600141.SH,0.0123755540032604
2022-12-08,X000792.SZ,0.0128605370933476
2022-12-09,X600985.SH,0.0130795768633594
2022-12-12,X002460.SZ,0.0157316081859785
2022-12-13,X002460.SZ,0.0154974859124542
2022-12-14,X002460.SZ,0.0153672565043248
2022-12-15,X002460.SZ,0.0149344394903761
2022-12-16,X000408.SZ,0.0140447153911552
2022-12-19,X601600.SH,0.0121316255371324
2022-12-20,X002460.SZ,0.0136513258511036
2022-12-21,X002460.SZ,0.0142654401621675
2022-12-22,X601991.SH,0.0118981846671927
2022-12-23,X002460.SZ,0.0130066802943817
2022-12-26,X002080.SZ,0.0117714293392939
2022-12-27,X002460.SZ,0.011237406674877
2022-12-28,X000723.SZ,0.0120321752270558
2022-12-29,X002460.SZ,0.0137257946129185
2022-12-30,X000629.SZ,0.0111537374137397
2023-01-03,X000408.SZ,0.0192630933548108
2023-01-04,X000408.SZ,0.0132434176876648
2023-01-05,X000807.SZ,0.0111783627126954
2023-01-06,X000807.SZ,0.0116121563964276
2023-01-09,X601857.SH,0.0109903089724589
2023-01-10,X600489.SH,0.0150268297029684
2023-01-11,X600157.SH,0.0139445697767391
2023-01-12,X000408.SZ,0.0109530031151802
2023-01-13,X000877.SZ,0.0124876449219407
2023-01-16,X000723.SZ,0.0142684717789234
2023-01-17,X000723.SZ,0.0140468479329306
2023-01-18,X000723.SZ,0.0145763935254523
2023-01-19,X000723.SZ,0.0165605745303886
2023-01-20,X000723.SZ,0.0153569357725267
2023-01-30,X000723.SZ,0.0145356004183802
2023-01-31,X000723.SZ,0.0132672306898555
2023-02-01,X000792.SZ,0.0119388340250663
2023-02-02,X002460.SZ,0.0118053841816205
2023-02-03,X601898.SH,0.0119510257801797
2023-02-06,X601898.SH,0.0120981264194737
2023-02-07,X601898.SH,0.0109935838766062
2023-02-08,X601898.SH,0.0119033076625383
2023-02-09,X000708.SZ,0.0115783650127192
2023-02-10,X601898.SH,0.0122982230827542
2023-02-13,X601898.SH,0.0126049693843783
2023-02-14,X600111.SH,0.00947983363944689
2023-02-15,X601898.SH,0.0110896947327993
2023-02-16,X601898.SH,0.0108582160016951
2023-02-17,X601898.SH,0.00984816177168069
2023-02-20,X600111.SH,0.00922044473378829
2023-02-21,X600176.SH,0.0094366172320879
2023-02-22,X601991.SH,0.00917963119813206
2023-02-23,X601898.SH,0.0108865737650559
2023-02-24,X000723.SZ,0.00879036838391573
2023-02-27,X601898.SH,0.00994532558954754
2023-02-28,X601898.SH,0.00982358373213564
2023-03-01,X601991.SH,0.0105040538674802
2023-03-02,X600348.SH,0.00999896269190861
2023-03-03,X601991.SH,0.0103088620050305
2023-03-06,X601991.SH,0.0107284014191349
2023-03-07,X601898.SH,0.0119269419120976
2023-03-08,X000708.SZ,0.00813846432670609
2023-03-09,X000723.SZ,0.00863747316905658
2023-03-10,X000877.SZ,0.0103513833598373
2023-03-13,X000708.SZ,0.0095958672337381
2023-03-14,X600348.SH,0.00914378397777469
2023-03-15,X000708.SZ,0.0101178792827919
2023-03-16,X601600.SH,0.0100135582787039
2023-03-17,X600688.SH,0.011248312926631
2023-03-20,X601898.SH,0.0113256168299428
2023-03-21,X600688.SH,0.0113176698967443
2023-03-22,X601991.SH,0.0109293347511884
2023-03-23,X601991.SH,0.00835682029996104
2023-03-24,X600010.SH,0.00881389257865691
2023-03-27,X600160.SH,0.0119491611790429
2023-03-28,X000723.SZ,0.00845221296998443
2023-03-29,X000723.SZ,0.00968194781685742
2023-03-30,X002080.SZ,0.00796832823702925
2023-03-31,X000301.SZ,0.00922258352518406
2023-04-03,X000301.SZ,0.00922682196945983
2023-04-04,X600309.SH,0.00781227211503644
2023-04-06,X000301.SZ,0.00867237172909688
2023-04-07,X600660.SH,0.00900129005191656
2023-04-10,X000301.SZ,0.00795238434203587
2023-04-11,X000983.SZ,0.00741238088352867
2023-04-12,X000629.SZ,0.0105479901982418
2023-04-13,X000629.SZ,0.00969930949828739
2023-04-14,X600795.SH,0.00799356388407829
2023-04-17,X600219.SH,0.00986244248219032
2023-04-18,X600219.SH,0.00873850247982613
2023-04-19,X600585.SH,0.00881894383399638
2023-04-20,X600585.SH,0.00775361452952293
2023-04-21,X000932.SZ,0.00949752199098184
2023-04-24,X000932.SZ,0.00968612235164506
2023-04-25,X000807.SZ,0.00866655058875454
2023-04-26,X000932.SZ,0.00861493109702639
2023-04-27,X000932.SZ,0.00734853634643207
2023-04-28,X000932.SZ,0.0104675192233285
2023-05-04,X000807.SZ,0.00905334959379428
2023-05-05,X000807.SZ,0.00769571578065463
2023-05-08,X600157.SH,0.00782035936841691
2023-05-09,X000807.SZ,0.00876855154679669
2023-05-10,X600010.SH,0.0118081601862413
2023-05-11,X600348.SH,0.0111694464512193
2023-05-12,X600348.SH,0.0112893487521483
2023-05-15,X600010.SH,0.011701335047825
2023-05-16,X600348.SH,0.0129883317919898
2023-05-17,X600010.SH,0.0116688818905244
2023-05-18,X600010.SH,0.0113902133186407
2023-05-19,X600348.SH,0.00951287976452129
2023-05-22,X600348.SH,0.0095233283624755
2023-05-23,X600348.SH,0.011050728303871
2023-05-24,X600348.SH,0.00815949224256869
2023-05-25,X600157.SH,0.00752101957155662
2023-05-26,X600348.SH,0.0106360727081966
2023-05-29,X600010.SH,0.00885534623935953
2023-05-30,X600010.SH,0.00792236915989543
2023-05-31,X600219.SH,0.00870491877105013
2023-06-01,X000027.SZ,0.00824147863240688
2023-06-02,X000027.SZ,0.00924069354451407
2023-06-05,X000027.SZ,0.00864353944930007
2023-06-06,X000301.SZ,0.00783816062812584
2023-06-07,X600011.SH,0.00797690944137205
2023-06-08,X600362.SH,0.00864904963844463
2023-06-09,X000807.SZ,0.00792427565128316
2023-06-12,X000807.SZ,0.00970090167019936
2023-06-13,X600011.SH,0.00807317682822079
2023-06-14,X600219.SH,0.00771133225373654
2023-06-15,X601699.SH,0.0102753832423759
2023-06-16,X600660.SH,0.00965266645278505
2023-06-19,X600188.SH,0.00822552035037335
2023-06-20,X600188.SH,0.00839730483653059
2023-06-21,X600188.SH,0.0112690409444583
2023-06-26,X600188.SH,0.00973100825650526
2023-06-27,X600188.SH,0.00918479028306173
2023-06-28,X600188.SH,0.00816921189415471
2023-06-29,X600188.SH,0.00989210426457593
2023-06-30,X600362.SH,0.00848291669903196
2023-07-03,X600188.SH,0.00891860988924016
2023-07-04,X600188.SH,0.00947277980244123
2023-07-05,X002409.SZ,0.0105513427349232
2023-07-06,X600219.SH,0.0071417641046844
2023-07-07,X600188.SH,0.00750868396374853
2023-07-10,X600660.SH,0.00888895774459931
2023-07-11,X600219.SH,0.00787170167007901
2023-07-12,X600660.SH,0.00958284941986737
2023-07-13,X002466.SZ,0.00757823084215605
2023-07-14,X600219.SH,0.00760364738614342
2023-07-17,X600219.SH,0.00899632319633678
2023-07-18,X600219.SH,0.00916322549111068
2023-07-19,X600219.SH,0.00808934027230886
2023-07-20,X000539.SZ,0.00777756613483475
2023-07-21,X000792.SZ,0.0129247826379126
2023-07-24,X002466.SZ,0.0105996314598176
2023-07-25,X002466.SZ,0.0087278184399933
2023-07-26,X600219.SH,0.00696453960204431
2023-07-27,X601898.SH,0.00650056989720362
2023-07-28,X000932.SZ,0.00748182574742613
2023-07-31,X000630.SZ,0.00644092355239616
2023-08-01,X000630.SZ,0.0112883143668312
2023-08-02,X600309.SH,0.00800616916187805
2023-08-03,X600011.SH,0.00724109464462499
2023-08-04,X000630.SZ,0.00749749537433599
2023-08-07,X000630.SZ,0.00907179189926711
2023-08-08,X600309.SH,0.00796268027459605
2023-08-09,X000792.SZ,0.00789331504504878
2023-08-10,X000630.SZ,0.00831691485807017
2023-08-11,X000983.SZ,0.00767106945866809
2023-08-14,X000792.SZ,0.00776501553361978
2023-08-15,X600309.SH,0.00884918847310011
2023-08-16,X600995.SH,0.00775152375058522
2023-08-17,X600362.SH,0.0065342882424658
2023-08-18,X600362.SH,0.00917687436992384
2023-08-21,X600160.SH,0.00721641164854629
2023-08-22,X600362.SH,0.00736054763521853
2023-08-23,X000539.SZ,0.00635754002433495
2023-08-24,X600362.SH,0.00843239487276472
2023-08-25,X600362.SH,0.00692366530282707
2023-08-28,X600362.SH,0.00619708994684532
2023-08-29,X600362.SH,0.00796145331751027
2023-08-30,X000408.SZ,0.00909529027823717
2023-08-31,X600309.SH,0.00693565047319574
2023-09-01,X000792.SZ,0.0069380587510533
2023-09-04,X000408.SZ,0.0120151351739049
2023-09-05,X000408.SZ,0.0111716725608972
2023-09-06,X600010.SH,0.00748409327158607
2023-09-07,X600309.SH,0.00975513635293857
2023-09-08,X000708.SZ,0.00731433434351053
2023-09-11,X600010.SH,0.00798292441707451
2023-09-12,X600010.SH,0.0081982723520669
2023-09-13,X000708.SZ,0.00698563454734758
2023-09-14,X000708.SZ,0.00731841775489784
2023-09-15,X000708.SZ,0.00738247373169103
2023-09-18,X000539.SZ,0.00708716520819742
2023-09-19,X000708.SZ,0.00786229605449481
2023-09-20,X000629.SZ,0.00660052999081039
2023-09-21,X600362.SH,0.00650215661076363
2023-09-22,X600803.SH,0.0065605309971997
2023-09-25,X002080.SZ,0.00671902430662343
2023-09-26,X601168.SH,0.00853902688678454
2023-09-27,X002271.SZ,0.00743134300501932
2023-09-28,X002271.SZ,0.00710290558459405
2023-10-09,X600019.SH,0.00764536937543074
2023-10-10,X600019.SH,0.00632769670902748
2023-10-11,X600019.SH,0.006547924024959
2023-10-12,X600219.SH,0.00726951301357723
2023-10-13,X600019.SH,0.0106604981563603
2023-10-16,X000792.SZ,0.00628045466797522
2023-10-17,X600362.SH,0.00688658968532701
2023-10-18,X000792.SZ,0.00635123172309405
2023-10-19,X002460.SZ,0.00706085493170754
2023-10-20,X601088.SH,0.00846539124646424
2023-10-23,X601088.SH,0.0079129782685564
2023-10-24,X601991.SH,0.00658838699380689
2023-10-25,X000786.SZ,0.00695423693020364
2023-10-26,X601898.SH,0.00700993972568061
2023-10-27,X600157.SH,0.007127615114572
2023-10-30,X600157.SH,0.00773681743053788
2023-10-31,X600489.SH,0.0112910649105701
2023-11-01,X600688.SH,0.00771685950166961
2023-11-02,X000301.SZ,0.00910126277184596
2023-11-03,X000408.SZ,0.00694278262843909
2023-11-06,X000629.SZ,0.00795253927642811
2023-11-07,X601088.SH,0.00778806479721459
2023-11-08,X601991.SH,0.0076956231313322
2023-11-09,X000723.SZ,0.00774208147765559
2023-11-10,X601699.SH,0.00916995205319488
2023-11-13,X601991.SH,0.00743600923050155
2023-11-14,X000630.SZ,0.00844980010412628
2023-11-15,X601991.SH,0.00732805671299282
2023-11-16,X000723.SZ,0.00691754708850857
2023-11-17,X601857.SH,0.00697263437139943
2023-11-20,X002128.SZ,0.0085598935554025
2023-11-21,X600688.SH,0.00946842610395443
2023-11-22,X601991.SH,0.00981691317734846
2023-11-23,X601857.SH,0.00928650378647669
2023-11-24,X002128.SZ,0.010597202171508
2023-11-27,X601991.SH,0.00918357319193168
2023-11-28,X002128.SZ,0.0103847345695865
2023-11-29,X601991.SH,0.00998661633614186
2023-11-30,X600688.SH,0.00839010334202589
2023-12-01,X002128.SZ,0.0124432595902197
2023-12-04,X002128.SZ,0.00851780168701972
2023-12-05,X600219.SH,0.00940739538226079
2023-12-06,X000723.SZ,0.00815609031312287
2023-12-07,X601991.SH,0.00926457476134182
2023-12-08,X601991.SH,0.00859939855991762
2023-12-11,X000983.SZ,0.00861386745369718
2023-12-12,X000723.SZ,0.00788982049690944
2023-12-13,X002128.SZ,0.00771158510407361
2023-12-14,X002128.SZ,0.00821947392820452
2023-12-15,X600348.SH,0.00873231002801507
2023-12-18,X600219.SH,0.00819497808554528
2023-12-19,X600348.SH,0.00801810022877719
2023-12-20,X600688.SH,0.0085648580540791
2023-12-21,X600688.SH,0.00952249685145765
2023-12-22,X600188.SH,0.00906209370223007
2023-12-25,X600188.SH,0.00847413443253138
2023-12-26,X600219.SH,0.00802393969446089
2023-12-27,X600219.SH,0.00774053490605543
2023-12-28,X600027.SH,0.0625504435523256
2023-12-29,X000629.SZ,0.00711601095122953
2024-01-02,X600219.SH,0.00926728745914077
2024-01-03,X600219.SH,0.0108757218217129
2024-01-04,X600348.SH,0.00915080826671535
2024-01-05,X600348.SH,0.00924763560575999
2024-01-08,X600219.SH,0.00881275153715367
2024-01-09,X600219.SH,0.00806752190400151
2024-01-10,X600188.SH,0.00868045147027393
2024-01-11,X601898.SH,0.00822849759205725
2024-01-12,X600795.SH,0.00856396907234883
2024-01-15,X601898.SH,0.00822031623248026
2024-01-16,X601898.SH,0.00808980357547279
2024-01-17,X600219.SH,0.00893014725830064
2024-01-18,X600219.SH,0.00913306728765276
2024-01-19,X600219.SH,0.00685697699230028
2024-01-22,X002128.SZ,0.0112805327276404
2024-01-23,X002128.SZ,0.0119481220313683
2024-01-24,X002128.SZ,0.0144809056253308
2024-01-25,X002128.SZ,0.0140316227004526
2024-01-26,X600219.SH,0.00882674258823726
2024-01-29,X600157.SH,0.00891468848198411
2024-01-30,X002128.SZ,0.00962977045601876
2024-01-31,X002128.SZ,0.00981001025852859
2024-02-01,X000301.SZ,0.00958885782780453
2024-02-02,X600096.SH,0.00951393366293223
2024-02-05,X600362.SH,0.0109272629715678
2024-02-06,X600362.SH,0.0105419478828458
2024-02-07,X600362.SH,0.0102346519502083
2024-02-08,X600489.SH,0.00913702816646254
2024-02-19,X601699.SH,0.011379236441721
2024-02-20,X600362.SH,0.00907838497920974
2024-02-21,X600096.SH,0.00956310038039366
2024-02-22,X600111.SH,0.00953526306861147
2024-02-23,X600612.SH,0.0100273198478764
2024-02-26,X002128.SZ,0.00954775412744558
2024-02-27,X002128.SZ,0.0116519947662238
2024-02-28,X002128.SZ,0.00961128141012722
2024-02-29,X600348.SH,0.0084151500889322
2024-03-01,X600348.SH,0.010233970598828
2024-03-04,X000792.SZ,0.0106186822979139
2024-03-05,X600309.SH,0.00912833181248135
2024-03-06,X002128.SZ,0.00925644318446533
2024-03-07,X000792.SZ,0.00998656778195633
2024-03-08,X002128.SZ,0.0101796056988946
2024-03-11,X002128.SZ,0.0104518408896527
2024-03-12,X000807.SZ,0.014266403410377
2024-03-13,X600096.SH,0.0113381309430202
2024-03-14,X600348.SH,0.0130391744370516
2024-03-15,X600096.SH,0.0119007478164728
2024-03-18,X600096.SH,0.0115574436446123
2024-03-19,X600348.SH,0.0108601935725865
2024-03-20,X600348.SH,0.0105320387067519
2024-03-21,X600795.SH,0.0105230968350956
2024-03-22,X600348.SH,0.0121282118169993
2024-03-25,X600348.SH,0.013356860162084
2024-03-26,X600362.SH,0.0126222249989803
2024-03-27,X600362.SH,0.012414223618942
2024-03-28,X600176.SH,0.0122636978154491
2024-03-29,X600886.SH,0.0126770551889063
2024-04-01,X600362.SH,0.0103077605872413
2024-04-02,X600028.SH,0.00966310206166402
2024-04-03,X601991.SH,0.0103465322893705
2024-04-08,X600348.SH,0.0107858326462901
2024-04-09,X601991.SH,0.0105934196256431
2024-04-10,X600011.SH,0.00926334749253103
2024-04-11,X600795.SH,0.0104149380818205
2024-04-12,X000027.SZ,0.0106546832312517
2024-04-15,X600795.SH,0.0093352238893867
2024-04-16,X002128.SZ,0.0144793790279983
2024-04-17,X002128.SZ,0.0132534772624222
2024-04-18,X000630.SZ,0.00995578641861244
2024-04-19,X002128.SZ,0.0101389295996774
2024-04-22,X600348.SH,0.0120351262146433
2024-04-23,X002128.SZ,0.0105991469160649
2024-04-24,X601088.SH,0.0111805710960096
2024-04-25,X600096.SH,0.0132874825059556
2024-04-26,X600096.SH,0.0131643610057629
2024-04-29,X600096.SH,0.00924362360726269
2024-04-30,X000408.SZ,0.0114274507204334
2024-05-06,X000932.SZ,0.00943488393261563
2024-05-07,X601088.SH,0.0115861926949031
2024-05-08,X601088.SH,0.015469755507048
2024-05-09,X601088.SH,0.0145211683464486
2024-05-10,X601088.SH,0.0110439143796728
2024-05-13,X000807.SZ,0.010957563770163
2024-05-14,X000807.SZ,0.0108678935712684
2024-05-15,X600027.SH,0.010477014580653
2024-05-16,X000708.SZ,0.0107835650471402
2024-05-17,X601088.SH,0.0160465514071849
2024-05-20,X601857.SH,0.00996221050269419
2024-05-21,X600028.SH,0.00995681496215543
2024-05-22,X601088.SH,0.0100173221939515
2024-05-23,X600028.SH,0.0084777919143251
2024-05-24,X600803.SH,0.00882495337375205
2024-05-27,X600803.SH,0.00978029737978225
2024-05-28,X600027.SH,0.0121469147174038
2024-05-29,X600803.SH,0.0123470375276157
2024-05-30,X600028.SH,0.00956081536165743
2024-05-31,X000301.SZ,0.00891433102498214
2024-06-03,X002128.SZ,0.00887167271149907
2024-06-04,X000408.SZ,0.00977409517240464
2024-06-05,X000301.SZ,0.0104197660557636
2024-06-06,X002128.SZ,0.00918614649501638
2024-06-07,X000027.SZ,0.00960200343141231
2024-06-11,X002128.SZ,0.0091762171366768
2024-06-12,X000027.SZ,0.0100828462265383
2024-06-13,X600803.SH,0.0104810721300558
2024-06-14,X000027.SZ,0.0101297846816218
2024-06-17,X000630.SZ,0.0121725944785474
2024-06-18,X000027.SZ,0.0113281335020831
2024-06-19,X000630.SZ,0.0125400525461454
2024-06-20,X000630.SZ,0.0129546216011257
2024-06-21,X600219.SH,0.0125539737129596
2024-06-24,X600111.SH,0.0110323402689449
2024-06-25,X600111.SH,0.0116594099930373
2024-06-26,X600111.SH,0.011164251578878
2024-06-27,X600111.SH,0.0112287757605022
2024-06-28,X600985.SH,0.00836449272965646
2024-07-01,X600111.SH,0.0118795940832153
2024-07-02,X002128.SZ,0.010428185745629
2024-07-03,X600111.SH,0.0116484049716403
2024-07-04,X600803.SH,0.0101469062787955
2024-07-05,X601898.SH,0.0120611271287811
2024-07-08,X601898.SH,0.0112562315951914
2024-07-09,X600985.SH,0.00852692614486089
2024-07-10,X600985.SH,0.00890981196609213
2024-07-11,X002128.SZ,0.0088873065948237
2024-07-12,X600985.SH,0.00863558565098241
2024-07-15,X600985.SH,0.00908290534327581
2024-07-16,X600985.SH,0.00867242128670065
2024-07-17,X601600.SH,0.00994772435597838
2024-07-18,X000630.SZ,0.0083002914904974
2024-07-19,X601600.SH,0.00854992165637947
2024-07-22,X600188.SH,0.00962499843667887
2024-07-23,X600489.SH,0.0107567757790622
2024-07-24,X601898.SH,0.0172143700336983
2024-07-25,X000708.SZ,0.00799966875813038
2024-07-26,X600362.SH,0.00931125055750506
2024-07-29,X000983.SZ,0.00787366029560013
2024-07-30,X601898.SH,0.0111320902849421
2024-07-31,X601898.SH,0.0115046567666097
2024-08-01,X601898.SH,0.0118595975076465
2024-08-02,X000983.SZ,0.0119727047624351
2024-08-05,X601898.SH,0.0121695673707756
2024-08-06,X601898.SH,0.00841019614346476
2024-08-07,X000630.SZ,0.00879333089470693
2024-08-08,X000983.SZ,0.00952177243098876
2024-08-09,X000983.SZ,0.00965917704188124
2024-08-12,X000983.SZ,0.00987678352103525
2024-08-13,X000983.SZ,0.00984550204400095
2024-08-14,X000983.SZ,0.00932341740827778
2024-08-15,X600362.SH,0.0090758961055068
2024-08-16,X000630.SZ,0.00877729504750745
2024-08-19,X000983.SZ,0.00968667551514472
2024-08-20,X000408.SZ,0.00927025179580898
2024-08-21,X000408.SZ,0.00996978977697721
2024-08-22,X000408.SZ,0.00959359741983395
2024-08-23,X000983.SZ,0.00920955328428736
2024-08-26,X000408.SZ,0.0104857815421965
2024-08-27,X600863.SH,0.00954741888802858
2024-08-28,X600362.SH,0.0132113997645964
2024-08-29,X600362.SH,0.0144894173244314
2024-08-30,X600362.SH,0.0138310360893432
2024-09-02,X600362.SH,0.0105206014570476
2024-09-03,X600362.SH,0.0113948300074581
2024-09-04,X600362.SH,0.0109222789146201
2024-09-05,X600362.SH,0.0114587607581179
2024-09-06,X600362.SH,0.0104568753230744
2024-09-09,X600362.SH,0.0112153502296975
2024-09-10,X600362.SH,0.0106934790586485
2024-09-11,X600362.SH,0.00989387319518901
2024-09-12,X600362.SH,0.0103438230274505
2024-09-13,X600362.SH,0.0100451759437767
2024-09-18,X600362.SH,0.0116678878106279
2024-09-19,X600362.SH,0.00826942730951614
2024-09-20,X600362.SH,0.00971662138412791
2024-09-23,X600863.SH,0.0110190302514479
2024-09-24,X600863.SH,0.0120265137749251
2024-09-25,X600863.SH,0.011507424542692
2024-09-26,X600863.SH,0.0112723201965278
2024-09-27,X600362.SH,0.0111232885710959
2024-09-30,X000786.SZ,0.0135528409179439
2024-10-08,X600362.SH,0.010853431533899
2024-10-09,X601699.SH,0.0220579438724717
2024-10-10,X601699.SH,0.0226900272976132
2024-10-11,X601699.SH,0.0243982029132359
2024-10-14,X601699.SH,0.0217638133672531
2024-10-15,X601699.SH,0.025155796293464
2024-10-16,X000630.SZ,0.0167306489589297
2024-10-17,X000408.SZ,0.0229437511013988
2024-10-18,X000630.SZ,0.0182154854984868
2024-10-21,X000408.SZ,0.0192848202276203
2024-10-22,X000408.SZ,0.0183113752694075
2024-10-23,X600362.SH,0.028999747167089
2024-10-24,X600362.SH,0.025611806204804
2024-10-25,X000630.SZ,0.0194072729337983
2024-10-28,X600362.SH,0.0202855407858223
2024-10-29,X000807.SZ,0.0390858333172631
2024-10-30,X000807.SZ,0.0280132462500076
2024-10-31,X600010.SH,0.03541142879447
2024-11-01,X600010.SH,0.0145635217402366
2024-11-04,X000807.SZ,0.0236678525533857
2024-11-05,X000807.SZ,0.0194944173258899
2024-11-06,X000807.SZ,0.0256185347076947
2024-11-07,X600309.SH,0.0284720575348083
2024-11-08,X600309.SH,0.0237723351575579
2024-11-11,X600019.SH,0.0258570765583822
2024-11-12,X600010.SH,0.0254014920838399
2024-11-13,X600010.SH,0.0255082123095978
2024-11-14,X600309.SH,0.0387445449392439
2024-11-15,X000807.SZ,0.0356443721529326
2024-11-18,X600362.SH,0.03288307537517
2024-11-19,X600309.SH,0.0241796132785045
2024-11-20,X600309.SH,0.0283365724956672
2024-11-21,X000983.SZ,0.0272278530276031
2024-11-22,X600019.SH,0.0347239812099569
2024-11-25,X600362.SH,0.0340766273532977
2024-11-26,X600362.SH,0.0359921549807598
2024-11-27,X600019.SH,0.0195153592291385
2024-11-28,X600309.SH,0.034179194050175
2024-11-29,X600019.SH,0.0314128240973381
2024-12-02,X600362.SH,0.0277616887568541
2024-12-03,X600019.SH,0.0355526165281051
2024-12-04,X600019.SH,0.0387153788375252
2024-12-05,X600309.SH,0.0393618371726501
2024-12-06,X600019.SH,0.0409119977056063
2024-12-09,X600309.SH,0.0420122851300846
2024-12-10,X000983.SZ,0.0419322597351111
2024-12-11,X600309.SH,0.0451180163799541
2024-12-12,X000983.SZ,0.0396180094386363
2024-12-13,X600309.SH,0.0439894484722362
2024-12-16,X600426.SH,0.0380058285479866
2024-12-17,X000983.SZ,0.0351599513586527
2024-12-18,X000983.SZ,0.034303845183728
2024-12-19,X000983.SZ,0.0401021997898969
2024-12-20,X000983.SZ,0.0332031319182339
2024-12-23,X000983.SZ,0.0293975924462599
2024-12-24,X000983.SZ,0.0262848655326889
2024-12-25,X000983.SZ,0.0333397373208435
2024-12-26,X600362.SH,0.0307126500211109
2024-12-27,X000983.SZ,0.0255913278933696
2024-12-30,X000983.SZ,0.0278794637172496
2024-12-31,X600176.SH,0.0196185346936276
2025-01-02,X600803.SH,0.0218632296975828
2025-01-03,X000408.SZ,0.0203072216133261
2025-01-06,X000408.SZ,0.0185433311880243
2025-01-07,X600688.SH,0.0164837972159676
2025-01-08,X600309.SH,0.0112944580508216
2025-01-09,X000983.SZ,0.0132384137671137
2025-01-10,X000708.SZ,0.0134891346655097
2025-01-13,X600688.SH,0.0135393124010208
2025-01-14,X600188.SH,0.0114192604810906
2025-01-15,X601991.SH,0.0122898120847365
2025-01-16,X000708.SZ,0.0122423856575843
2025-01-17,X000708.SZ,0.0117892622187028
2025-01-20,X000708.SZ,0.0122439220446385
2025-01-21,X600176.SH,0.0138575494944586
2025-01-22,X600352.SH,0.0157671791066125
2025-01-23,X000883.SZ,0.0147070150453532
2025-01-24,X000883.SZ,0.0147429593852919
2025-01-27,X000883.SZ,0.010660888631851
