date,name,lambda
2014-10-15,X600019.SH,0.00320227783081939
2014-10-16,X000761.SZ,0.00327386315247925
2014-10-17,X600019.SH,0.0032173972763972
2014-10-20,X600019.SH,0.00280979685232356
2014-10-21,X000883.SZ,0.00357555490976451
2014-10-22,X000883.SZ,0.00346221672383109
2014-10-23,X600886.SH,0.00387722548870433
2014-10-24,X600352.SH,0.00317331156921167
2014-10-27,X000883.SZ,0.00280027711949197
2014-10-28,X600315.SH,0.0028168230788578
2014-10-29,X000883.SZ,0.00276391502681304
2014-10-30,X000883.SZ,0.00302726988604323
2014-10-31,X000883.SZ,0.00281781601386221
2014-11-03,X000883.SZ,0.00332063355067487
2014-11-04,X600315.SH,0.0026870370606242
2014-11-05,X600315.SH,0.00273095075736555
2014-11-06,X600315.SH,0.00277036673270908
2014-11-07,X600010.SH,0.00312745267834384
2014-11-10,X600352.SH,0.00239418606266779
2014-11-11,X000883.SZ,0.0031971487362076
2014-11-12,X600010.SH,0.0034183294382967
2014-11-13,X600352.SH,0.0031691037397638
2014-11-14,X600886.SH,0.00305067160218825
2014-11-17,X600315.SH,0.00307061069110595
2014-11-18,X600352.SH,0.00305362449329173
2014-11-19,X600315.SH,0.00275741546421823
2014-11-20,X600019.SH,0.00301761292863845
2014-11-21,X600886.SH,0.00245425882755164
2014-11-24,X600352.SH,0.00305536595462744
2014-11-25,X000831.SZ,0.0032017975737972
2014-11-26,X600315.SH,0.00301286549539742
2014-11-27,X600352.SH,0.00300718829988846
2014-11-28,X600352.SH,0.0028845984865194
2014-12-01,X600352.SH,0.00271323908400275
2014-12-02,X600011.SH,0.00289676117553304
2014-12-03,X600011.SH,0.00370327769826822
2014-12-04,X600011.SH,0.0037905571695987
2014-12-05,X600188.SH,0.00342822534595152
2014-12-08,X000792.SZ,0.0034979832385755
2014-12-09,X600315.SH,0.0033049323455161
2014-12-10,X600188.SH,0.00358891005799387
2014-12-11,X000883.SZ,0.00340880492429047
2014-12-12,X000629.SZ,0.00389830557897279
2014-12-15,X000883.SZ,0.00360671176973204
2014-12-16,X600188.SH,0.00353834010077606
2014-12-17,X600688.SH,0.00277210820588186
2014-12-18,X600188.SH,0.00389341263376038
2014-12-19,X000792.SZ,0.00404540388648173
2014-12-22,X600688.SH,0.00358816809921888
2014-12-23,X000792.SZ,0.00404486821755061
2014-12-24,X000792.SZ,0.00417459364574489
2014-12-25,X000792.SZ,0.0036028228845838
2014-12-26,X600309.SH,0.00373617458089336
2014-12-29,X600188.SH,0.00384638383689596
2014-12-30,X600688.SH,0.00421590123696014
2014-12-31,X600688.SH,0.0044474127966687
2015-01-05,X600688.SH,0.00496175133264337
2015-01-06,X600547.SH,0.00445051517080188
2015-01-07,X600315.SH,0.0044719192925225
2015-01-08,X000027.SZ,0.00449041008742763
2015-01-09,X600188.SH,0.00434743168608052
2015-01-12,X600188.SH,0.00441810697781238
2015-01-13,X600315.SH,0.0045875850552662
2015-01-14,X600547.SH,0.0030534628277731
2015-01-15,X600585.SH,0.00437232054269496
2015-01-16,X600315.SH,0.00380188236989665
2015-01-19,X600315.SH,0.00417893583447628
2015-01-20,X600547.SH,0.00317693983268692
2015-01-21,X000630.SZ,0.00471801164409167
2015-01-22,X600547.SH,0.00378319034128673
2015-01-23,X600547.SH,0.00479226742035886
2015-01-26,X600547.SH,0.00463409111070085
2015-01-27,X600547.SH,0.00408618351572136
2015-01-28,X000883.SZ,0.00539993307262613
2015-01-29,X600863.SH,0.00530301387751309
2015-01-30,X600315.SH,0.00544568582320052
2015-02-02,X600863.SH,0.00577090022737069
2015-02-03,X600315.SH,0.0055880757589171
2015-02-04,X600315.SH,0.00587018646870659
2015-02-05,X600315.SH,0.00471472061726011
2015-02-06,X000792.SZ,0.00504826528192491
2015-02-09,X600315.SH,0.00501818968058526
2015-02-10,X600315.SH,0.00527700276284212
2015-02-11,X600315.SH,0.00468849572250368
2015-02-12,X600315.SH,0.00506173677728053
2015-02-13,X600315.SH,0.00558956924610864
2015-02-16,X600307.SH,0.0053516523475744
2015-02-17,X600315.SH,0.00473066781046844
2015-02-25,X600315.SH,0.00463094534862978
2015-02-26,X600315.SH,0.00468761320807862
2015-02-27,X600315.SH,0.00430504116371876
2015-03-02,X600315.SH,0.00417222903326061
2015-03-03,X000630.SZ,0.00504186154516863
2015-03-04,X600188.SH,0.00525075945742165
2015-03-05,X600021.SH,0.00509530631255842
2015-03-06,X600021.SH,0.0045541247637117
2015-03-09,X600352.SH,0.00538875559264625
2015-03-10,X600315.SH,0.00496857944069647
2015-03-11,X600352.SH,0.00538106355971632
2015-03-12,X600315.SH,0.00547254776581651
2015-03-13,X600315.SH,0.00548133490848817
2015-03-16,X600315.SH,0.00504174779887026
2015-03-17,X600008.SH,0.00529890009721457
2015-03-18,X601158.SH,0.0052995410589087
2015-03-19,X002470.SZ,0.00435705515025157
2015-03-20,X600021.SH,0.00412856014620517
2015-03-23,X002470.SZ,0.00511390104320684
2015-03-24,X002470.SZ,0.00312845686399647
2015-03-25,X600315.SH,0.005363652578543
2015-03-26,X600547.SH,0.00464235139574406
2015-03-27,X002470.SZ,0.0035933766749348
2015-03-30,X600021.SH,0.00390979924218281
2015-03-31,X600547.SH,0.00391085940876685
2015-04-01,X600315.SH,0.00377561621622358
2015-04-02,X600547.SH,0.00357156739155062
2015-04-03,X002353.SZ,0.00432447401330019
2015-04-07,X002353.SZ,0.0044133271410182
2015-04-08,X002353.SZ,0.00465448959949572
2015-04-09,X002353.SZ,0.00399477262938727
2015-04-10,X002353.SZ,0.00391291309006481
2015-04-13,X600021.SH,0.00394571034264391
2015-04-14,X600010.SH,0.00454805057979608
2015-04-15,X600688.SH,0.00435696562466398
2015-04-16,X000630.SZ,0.0040947295855368
2015-04-17,X000831.SZ,0.00444328589380803
2015-04-20,X000831.SZ,0.00439803378100795
2015-04-21,X600021.SH,0.00557472967558778
2015-04-22,X600021.SH,0.00448957878395234
2015-04-23,X600021.SH,0.00495621391746256
2015-04-24,X600021.SH,0.0039189005387635
2015-04-27,X600307.SH,0.00415583167477953
2015-04-28,X000630.SZ,0.00407521363149832
2015-04-29,X000630.SZ,0.00390283338752442
2015-04-30,X600028.SH,0.00421383279770039
2015-05-04,X600008.SH,0.00412820688146569
2015-05-05,X600547.SH,0.00393765617186901
2015-05-06,X600307.SH,0.00403255379741133
2015-05-07,X002353.SZ,0.00483703933402106
2015-05-08,X000012.SZ,0.00431092620563724
2015-05-11,X600688.SH,0.00431867831936361
2015-05-12,X600688.SH,0.00452199134511685
2015-05-13,X600547.SH,0.00434634336347002
2015-05-14,X600315.SH,0.0046431833440558
2015-05-15,X600028.SH,0.00443318420571179
2015-05-18,X000630.SZ,0.00519064173520416
2015-05-19,X600010.SH,0.00512527736532276
2015-05-20,X600010.SH,0.00477021002571512
2015-05-21,X000012.SZ,0.00506130226146344
2015-05-22,X000012.SZ,0.0052928729994349
2015-05-25,X002353.SZ,0.00431218705869768
2015-05-26,X002470.SZ,0.00437547066154632
2015-05-27,X002004.SZ,0.00531966641909074
2015-05-28,X600547.SH,0.00528554569460738
2015-05-29,X600549.SH,0.0055363192799161
2015-06-01,X600307.SH,0.00468773534467326
2015-06-02,X600307.SH,0.00486869043282586
2015-06-03,X002004.SZ,0.00501816121452043
2015-06-04,X002004.SZ,0.00553456542030577
2015-06-05,X002353.SZ,0.00535365552621755
2015-06-08,X000629.SZ,0.00580093084273327
2015-06-09,X002075.SZ,0.00659241304665608
2015-06-10,X002075.SZ,0.00682991790045926
2015-06-11,X002353.SZ,0.00701637513321597
2015-06-12,X002353.SZ,0.00619705991700454
2015-06-15,X002353.SZ,0.00657670256415714
2015-06-16,X002353.SZ,0.00620857138799138
2015-06-17,X002075.SZ,0.00628944828339162
2015-06-18,X002353.SZ,0.00650892712087832
2015-06-19,X002353.SZ,0.0072517448803681
2015-06-23,X002353.SZ,0.00710850892645555
2015-06-24,X600547.SH,0.0063494149079216
2015-06-25,X002075.SZ,0.00616654888361064
2015-06-26,X002353.SZ,0.00702102508394871
2015-06-29,X002353.SZ,0.00587263828509836
2015-06-30,X600157.SH,0.00645257445441338
2015-07-01,X002075.SZ,0.00788517444584647
2015-07-02,X600157.SH,0.00757978180047187
2015-07-03,X002075.SZ,0.00658004300502201
2015-07-06,X000786.SZ,0.00817344135399531
2015-07-07,X000786.SZ,0.00714861301721712
2015-07-08,X002075.SZ,0.007390241925586
2015-07-09,X002075.SZ,0.00530395058466086
2015-07-10,X600547.SH,0.00690124990415904
2015-07-13,X002075.SZ,0.00738932715669706
2015-07-14,X002075.SZ,0.00627478895781606
2015-07-15,X600028.SH,0.00775169227698576
2015-07-16,X000878.SZ,0.00905845838769912
2015-07-17,X000959.SZ,0.00902763252537792
2015-07-20,X002353.SZ,0.00969477736136511
2015-07-21,X002470.SZ,0.00973311628192119
2015-07-22,X600307.SH,0.00697857258806222
2015-07-23,X000539.SZ,0.00909406106517756
2015-07-24,X600886.SH,0.0074435797869728
2015-07-27,X002075.SZ,0.00879485749046161
2015-07-28,X002075.SZ,0.00817156036216999
2015-07-29,X002075.SZ,0.00834194122681318
2015-07-30,X002353.SZ,0.00864292692007922
2015-07-31,X600157.SH,0.00691062144608057
2015-08-03,X000878.SZ,0.00718771602625606
2015-08-04,X000878.SZ,0.0075266842549034
2015-08-05,X600157.SH,0.00717619797463942
2015-08-06,X600315.SH,0.0081502576163254
2015-08-07,X600688.SH,0.00611367883586717
2015-08-10,X000539.SZ,0.005280273145319
2015-08-11,X600688.SH,0.00600548910929257
2015-08-12,X000539.SZ,0.00574058554757251
2015-08-13,X002075.SZ,0.00645715153451924
2015-08-14,X000539.SZ,0.0079160177352199
2015-08-17,X000539.SZ,0.00706040837939572
2015-08-18,X002075.SZ,0.00746963614991298
2015-08-19,X002075.SZ,0.00741526353333026
2015-08-20,X000539.SZ,0.00753102765319771
2015-08-21,X600886.SH,0.00789275413206709
2015-08-24,X000539.SZ,0.00694453580581209
2015-08-25,X600160.SH,0.00824453013047328
2015-08-26,X600688.SH,0.00780163578796014
2015-08-27,X000709.SZ,0.00672290095221176
2015-08-28,X000709.SZ,0.00784931770285075
2015-08-31,X002075.SZ,0.00692754588415989
2015-09-01,X000709.SZ,0.00567619432697719
2015-09-02,X000709.SZ,0.0071174400575379
2015-09-07,X000709.SZ,0.00638505244712995
2015-09-08,X000539.SZ,0.00679621431336387
2015-09-09,X000539.SZ,0.00701838585615139
2015-09-10,X000878.SZ,0.00598455351454366
2015-09-11,X000709.SZ,0.00544656130587506
2015-09-14,X000709.SZ,0.00612493473488138
2015-09-15,X000539.SZ,0.00941837946692149
2015-09-16,X002075.SZ,0.00856431568481821
2015-09-17,X600886.SH,0.00730508645161738
2015-09-18,X600886.SH,0.00592451809295593
2015-09-21,X600886.SH,0.00657710166432786
2015-09-22,X000539.SZ,0.00635611067167476
2015-09-23,X600886.SH,0.00546596688230804
2015-09-24,X000539.SZ,0.00708887777863589
2015-09-25,X000709.SZ,0.00560437161564418
2015-09-28,X000709.SZ,0.0046543281283971
2015-09-29,X600886.SH,0.00860211543447143
2015-09-30,X600886.SH,0.00547226276813768
2015-10-08,X002353.SZ,0.00564748293283555
2015-10-09,X002353.SZ,0.00633706855780247
2015-10-12,X002353.SZ,0.00554306083438001
2015-10-13,X600886.SH,0.00401740998468909
2015-10-14,X002353.SZ,0.00552778282139087
2015-10-15,X000709.SZ,0.00422347719274889
2015-10-16,X002353.SZ,0.00514086568976888
2015-10-19,X600886.SH,0.00407416372853087
2015-10-20,X601918.SH,0.00500169781418934
2015-10-21,X002353.SZ,0.00436884338377577
2015-10-22,X600886.SH,0.00450420160552275
2015-10-23,X600886.SH,0.00457867257197313
2015-10-26,X600886.SH,0.00477563342215999
2015-10-27,X600886.SH,0.00440430766670308
2015-10-28,X600886.SH,0.0046071403674002
2015-10-29,X600886.SH,0.00426947509353153
2015-10-30,X600886.SH,0.00378281562833836
2015-11-02,X600886.SH,0.00424135049531539
2015-11-03,X000630.SZ,0.00425081949217177
2015-11-04,X600886.SH,0.00351327446543605
2015-11-05,X600886.SH,0.00447551091040074
2015-11-06,X600886.SH,0.00419511843126171
2015-11-09,X000630.SZ,0.00375601765011504
2015-11-10,X600886.SH,0.00450916041885636
2015-11-11,X600886.SH,0.00492893050013553
2015-11-12,X000630.SZ,0.00365521165816955
2015-11-13,X000630.SZ,0.00513599065897156
2015-11-16,X600886.SH,0.0040608731938805
2015-11-17,X600886.SH,0.00442578584211623
2015-11-18,X600886.SH,0.00390209432289234
2015-11-19,X600886.SH,0.00340192275589972
2015-11-20,X600886.SH,0.00355620463655788
2015-11-23,X600886.SH,0.00599621689347474
2015-11-24,X600886.SH,0.00414019841298148
2015-11-25,X000630.SZ,0.0045306484498645
2015-11-26,X600886.SH,0.00454128881423184
2015-11-27,X600886.SH,0.00524685504525803
2015-11-30,X600315.SH,0.00380547732989793
2015-12-01,X600886.SH,0.00596619233820904
2015-12-02,X002466.SZ,0.00496294580274091
2015-12-03,X600886.SH,0.00389429665098978
2015-12-04,X600886.SH,0.00457295429719863
2015-12-07,X600886.SH,0.00375925327292608
2015-12-08,X600886.SH,0.00386405404629867
2015-12-09,X600886.SH,0.0035729777132438
2015-12-10,X600886.SH,0.00320720046531807
2015-12-11,X601158.SH,0.00502600382537804
2015-12-14,X002466.SZ,0.00353806348249655
2015-12-15,X002466.SZ,0.00301104662221673
2015-12-16,X002466.SZ,0.00242139526442362
2015-12-17,X600315.SH,0.00370767146817234
2015-12-18,X600028.SH,0.00377942196375877
2015-12-21,X600111.SH,0.00410058650032395
2015-12-22,X600886.SH,0.00375298812919758
2015-12-23,X000630.SZ,0.00367668492397699
2015-12-24,X000630.SZ,0.0035843756199011
2015-12-25,X000630.SZ,0.00356102717085969
2015-12-28,X300072.SZ,0.00368214388378408
2015-12-29,X300072.SZ,0.00362254811507343
2015-12-30,X002466.SZ,0.00402126075337295
2015-12-31,X002466.SZ,0.00371461088987967
2016-01-04,X002466.SZ,0.00252452044280107
2016-01-05,X000792.SZ,0.00370064014383215
2016-01-06,X300072.SZ,0.00394708455565207
2016-01-07,X300072.SZ,0.0025893366677866
2016-01-08,X300072.SZ,0.00244359055570261
2016-01-11,X300072.SZ,0.00232780395965062
2016-01-12,X300072.SZ,0.00320898013193525
2016-01-13,X600111.SH,0.00441683093045334
2016-01-14,X600299.SH,0.00440970962479564
2016-01-15,X600578.SH,0.0036779872020391
2016-01-18,X002466.SZ,0.00395548971259093
2016-01-19,X002466.SZ,0.00319762164679436
2016-01-20,X002466.SZ,0.00333409304061043
2016-01-21,X002466.SZ,0.00381488267945986
2016-01-22,X002075.SZ,0.00429275347901076
2016-01-25,X002466.SZ,0.00358274816202425
2016-01-26,X600111.SH,0.00429071815136256
2016-01-27,X600547.SH,0.00447485877224151
2016-01-28,X002466.SZ,0.00331480495865986
2016-01-29,X002466.SZ,0.00342873812678958
2016-02-01,X600489.SH,0.00423254124774348
2016-02-02,X600489.SH,0.00329159099139917
2016-02-03,X002466.SZ,0.00387935867056264
2016-02-04,X002466.SZ,0.00386102962230672
2016-02-05,X300072.SZ,0.00362453194071608
2016-02-15,X600160.SH,0.00491728982797266
2016-02-16,X600612.SH,0.00478374988944409
2016-02-17,X600299.SH,0.00521439446135285
2016-02-18,X002466.SZ,0.00499652235929233
2016-02-19,X600489.SH,0.00437770750480967
2016-02-22,X002075.SZ,0.00423493398672087
2016-02-23,X601699.SH,0.00357170213638045
2016-02-24,X002075.SZ,0.0046776062708213
2016-02-25,X002075.SZ,0.00434514999560265
2016-02-26,X002075.SZ,0.00546499673875334
2016-02-29,X600578.SH,0.00464542438291695
2016-03-01,X601699.SH,0.00357950416225694
2016-03-02,X600547.SH,0.00442264657218598
2016-03-03,X601699.SH,0.00443831902925971
2016-03-04,X600547.SH,0.00383957934469801
2016-03-07,X600547.SH,0.00397221540001444
2016-03-08,X600578.SH,0.00423372141229722
2016-03-09,X600578.SH,0.00434274913228161
2016-03-10,X600547.SH,0.00422497273904772
2016-03-11,X600578.SH,0.00432164233050026
2016-03-14,X600578.SH,0.00462028509217674
2016-03-15,X601699.SH,0.00455438410814849
2016-03-16,X601699.SH,0.00422833661335467
2016-03-17,X600547.SH,0.00438528708313693
2016-03-18,X600547.SH,0.00429788086625074
2016-03-21,X000983.SZ,0.00585039026740873
2016-03-22,X002075.SZ,0.00463080994997165
2016-03-23,X002075.SZ,0.00479986499426408
2016-03-24,X601699.SH,0.0043068044100857
2016-03-25,X002075.SZ,0.00465781609658733
2016-03-28,X002075.SZ,0.00465119128793959
2016-03-29,X601699.SH,0.00414528397660688
2016-03-30,X600578.SH,0.00464848774082016
2016-03-31,X300072.SZ,0.00467124947099137
2016-04-01,X300072.SZ,0.00453847010203478
2016-04-05,X300072.SZ,0.00499121889942915
2016-04-06,X600578.SH,0.00457931665792674
2016-04-07,X600578.SH,0.00458133116103079
2016-04-08,X600547.SH,0.00499473254447895
2016-04-11,X600578.SH,0.0037465326377399
2016-04-12,X600578.SH,0.00455936796342623
2016-04-13,X600578.SH,0.00419627841373282
2016-04-14,X000959.SZ,0.00524882848132981
2016-04-15,X600188.SH,0.00458828864615637
2016-04-18,X002466.SZ,0.0049582842259917
2016-04-19,X600299.SH,0.00450206294446412
2016-04-20,X600623.SH,0.00460645786282471
2016-04-21,X600623.SH,0.00364513593911526
2016-04-22,X002466.SZ,0.0039652212762581
2016-04-25,X600188.SH,0.00470159689266187
2016-04-26,X000629.SZ,0.00486388551210011
2016-04-27,X002466.SZ,0.00486441995578263
2016-04-28,X600188.SH,0.00443606235764531
2016-04-29,X002407.SZ,0.00460801088153493
2016-05-03,X600549.SH,0.00548336331232547
2016-05-04,X601600.SH,0.00395040416326233
2016-05-05,X000983.SZ,0.00404021544728005
2016-05-06,X600549.SH,0.00407459608071829
2016-05-09,X600547.SH,0.0035253005137795
2016-05-10,X600547.SH,0.00381577672790037
2016-05-11,X600547.SH,0.00415675023715147
2016-05-12,X600547.SH,0.00399212600163315
2016-05-13,X600299.SH,0.0038583150601954
2016-05-16,X000983.SZ,0.00438538193647107
2016-05-17,X002460.SZ,0.00371202780706746
2016-05-18,X002460.SZ,0.00371757483695956
2016-05-19,X601158.SH,0.00455549574036191
2016-05-20,X600547.SH,0.00320231915516243
2016-05-23,X600547.SH,0.00370614098330531
2016-05-24,X002407.SZ,0.00433116720747983
2016-05-25,X600547.SH,0.00241394888277517
2016-05-26,X002466.SZ,0.00322361311293166
2016-05-27,X600547.SH,0.00340280367887743
2016-05-30,X002407.SZ,0.0032238712565447
2016-05-31,X600547.SH,0.00386150236559629
2016-06-01,X600585.SH,0.00336256391333232
2016-06-02,X300072.SZ,0.00383496927058725
2016-06-03,X600547.SH,0.00329906434638063
2016-06-06,X002460.SZ,0.00324144382372436
2016-06-07,X600111.SH,0.0033748869718686
2016-06-08,X600547.SH,0.0032333916894364
2016-06-13,X600585.SH,0.00357503321963611
2016-06-14,X600585.SH,0.00319005564118367
2016-06-15,X002460.SZ,0.00374502135383084
2016-06-16,X002407.SZ,0.0035717243254546
2016-06-17,X600489.SH,0.00312882027828534
2016-06-20,X600489.SH,0.00272918805684042
2016-06-21,X600489.SH,0.00269013119041348
2016-06-22,X600489.SH,0.00221979441489319
2016-06-23,X600489.SH,0.00206266663893268
2016-06-24,X600489.SH,0.00244953874121928
2016-06-27,X600585.SH,0.00294519903945464
2016-06-28,X600489.SH,0.00271017797382102
2016-06-29,X600585.SH,0.00359548047915333
2016-06-30,X600111.SH,0.00326771161420106
2016-07-01,X600111.SH,0.00309048518955435
2016-07-04,X600623.SH,0.00313153195007295
2016-07-05,X600612.SH,0.0029258441779759
2016-07-06,X600612.SH,0.00273838197962448
2016-07-07,X600489.SH,0.00251021777837626
2016-07-08,X600489.SH,0.00268603287230208
2016-07-11,X002407.SZ,0.00291436395624772
2016-07-12,X002407.SZ,0.00240513845685966
2016-07-13,X600489.SH,0.00290183819306225
2016-07-14,X600612.SH,0.00320695119770633
2016-07-15,X002407.SZ,0.00278839345444507
2016-07-18,X002407.SZ,0.00311791459066264
2016-07-19,X600585.SH,0.00319724871376689
2016-07-20,X600489.SH,0.00295303887530605
2016-07-21,X600489.SH,0.00304840803894977
2016-07-22,X600489.SH,0.00257775601602964
2016-07-25,X002075.SZ,0.00287230031171286
2016-07-26,X002075.SZ,0.00307561013892227
2016-07-27,X600489.SH,0.0024534255197906
2016-07-28,X600489.SH,0.00237130351947402
2016-07-29,X600612.SH,0.00277560432103903
2016-08-01,X600612.SH,0.00286908744275985
2016-08-02,X600489.SH,0.00243008777718724
2016-08-03,X600489.SH,0.00270301397242595
2016-08-04,X600489.SH,0.00271938166268836
2016-08-05,X002460.SZ,0.00245562452882488
2016-08-08,X002407.SZ,0.0026566657617898
2016-08-09,X600489.SH,0.00218436169981774
2016-08-10,X600489.SH,0.002390108432707
2016-08-11,X600489.SH,0.00245093556346827
2016-08-12,X600489.SH,0.00234202433297013
2016-08-15,X002460.SZ,0.00251990409258266
2016-08-16,X000723.SZ,0.00256784046338672
2016-08-17,X002460.SZ,0.00257875504582304
2016-08-18,X002075.SZ,0.00249745395397396
2016-08-19,X600547.SH,0.0022160122191097
2016-08-22,X600547.SH,0.00232574447080279
2016-08-23,X600547.SH,0.00270910574094412
2016-08-24,X600489.SH,0.00249653914811639
2016-08-25,X600489.SH,0.0026202857879509
2016-08-26,X600547.SH,0.00232137243810428
2016-08-29,X600585.SH,0.00252836446280535
2016-08-30,X600547.SH,0.00217152794942684
2016-08-31,X600547.SH,0.0021530727170931
2016-09-01,X600547.SH,0.0021213560644004
2016-09-02,X600362.SH,0.0025919105636547
2016-09-05,X600547.SH,0.00223298927128973
2016-09-06,X600547.SH,0.0022560717453943
2016-09-07,X600547.SH,0.00228043613324236
2016-09-08,X600547.SH,0.00188286652686544
2016-09-09,X600489.SH,0.00219511655494016
2016-09-12,X600019.SH,0.00213427698193054
2016-09-13,X600547.SH,0.00199303490189375
2016-09-14,X300072.SZ,0.00221615372586445
2016-09-19,X300072.SZ,0.00181128721645615
2016-09-20,X002470.SZ,0.00199506391622506
2016-09-21,X600011.SH,0.00231310765838408
2016-09-22,X600489.SH,0.00220404901476129
2016-09-23,X600011.SH,0.002336221900661
2016-09-26,X600489.SH,0.0025185232935822
2016-09-27,X600547.SH,0.00233415324838804
2016-09-28,X600547.SH,0.0023021753830607
2016-09-29,X600489.SH,0.00247684143554357
2016-09-30,X600011.SH,0.0026307948667103
2016-10-10,X600028.SH,0.00226036824203764
2016-10-11,X002466.SZ,0.00276622988871716
2016-10-12,X002466.SZ,0.00242458431544864
2016-10-13,X600489.SH,0.00225665850396349
2016-10-14,X600623.SH,0.00240878543946222
2016-10-17,X600309.SH,0.00249758076553057
2016-10-18,X000959.SZ,0.00245802000471553
2016-10-19,X600585.SH,0.00228271696031759
2016-10-20,X300072.SZ,0.00208606588699281
2016-10-21,X000012.SZ,0.0025139190922632
2016-10-24,X600019.SH,0.00238279768683681
2016-10-25,X600547.SH,0.00233045262889269
2016-10-26,X002075.SZ,0.00248531638608756
2016-10-27,X601088.SH,0.00223646198029692
2016-10-28,X601088.SH,0.00223629685857177
2016-10-31,X600019.SH,0.0023203491006044
2016-11-01,X600011.SH,0.00236731048521563
2016-11-02,X600489.SH,0.00241929751348508
2016-11-03,X002466.SZ,0.00222654658170436
2016-11-04,X000012.SZ,0.00202952539842125
2016-11-07,X300072.SZ,0.00216084501941113
2016-11-08,X600019.SH,0.00182929669034362
2016-11-09,X002092.SZ,0.00196285703982638
2016-11-10,X600028.SH,0.00194251599376722
2016-11-11,X000935.SZ,0.00200399628622921
2016-11-14,X000935.SZ,0.00200784459585608
2016-11-15,X000935.SZ,0.00196958571959583
2016-11-16,X300072.SZ,0.00228075722002763
2016-11-17,X600623.SH,0.00219749219080068
2016-11-18,X300072.SZ,0.00225825971203469
2016-11-21,X300072.SZ,0.00216130808594442
2016-11-22,X600585.SH,0.00221723499784479
2016-11-23,X300072.SZ,0.00224997191090613
2016-11-24,X000630.SZ,0.00213002058630429
2016-11-25,X000723.SZ,0.00216039939374709
2016-11-28,X600623.SH,0.00207918558204269
2016-11-29,X000630.SZ,0.00232836080008176
2016-11-30,X000983.SZ,0.00233003689360806
2016-12-01,X300072.SZ,0.00245257380717556
2016-12-02,X600157.SH,0.00204500897671727
2016-12-05,X300072.SZ,0.00220455240372293
2016-12-06,X600157.SH,0.00181828275276505
2016-12-07,X600157.SH,0.00214233984038138
2016-12-08,X300072.SZ,0.00257662303453316
2016-12-09,X600157.SH,0.00234758577297666
2016-12-12,X600585.SH,0.00277344345457147
2016-12-13,X300072.SZ,0.00247163114093475
2016-12-14,X000898.SZ,0.00276187801240881
2016-12-15,X300072.SZ,0.00245480722376862
2016-12-16,X000935.SZ,0.00204184056270981
2016-12-19,X300072.SZ,0.00256564012697242
2016-12-20,X601898.SH,0.00269139125742868
2016-12-21,X300072.SZ,0.00273059184893029
2016-12-22,X000959.SZ,0.00240771001941968
2016-12-23,X600547.SH,0.00243190187942514
2016-12-26,X300072.SZ,0.0029940296468254
2016-12-27,X000935.SZ,0.00300288952360051
2016-12-28,X000060.SZ,0.00251261601899124
2016-12-29,X000935.SZ,0.00210112765442958
2016-12-30,X601088.SH,0.00228761612662996
2017-01-03,X000959.SZ,0.00314435120187259
2017-01-04,X000959.SZ,0.00317040554856998
2017-01-05,X600219.SH,0.00289325262752204
2017-01-06,X600352.SH,0.00289461689441575
2017-01-09,X000959.SZ,0.00267023341456979
2017-01-10,X600362.SH,0.00279758232272472
2017-01-11,X600021.SH,0.00226520938750959
2017-01-12,X600583.SH,0.00276082446756965
2017-01-13,X600157.SH,0.00264376319750977
2017-01-16,X000959.SZ,0.00296355820316234
2017-01-17,X600188.SH,0.00244487531403488
2017-01-18,X600157.SH,0.0027646693696557
2017-01-19,X600098.SH,0.00178829040584045
2017-01-20,X600098.SH,0.00201367710120093
2017-01-23,X000959.SZ,0.00291861782206929
2017-01-24,X600098.SH,0.00229110838213329
2017-01-25,X000723.SZ,0.00240996835369475
2017-01-26,X600019.SH,0.00232288806803506
2017-02-03,X600019.SH,0.00265137808483879
2017-02-06,X600098.SH,0.00233762800982518
2017-02-07,X600019.SH,0.00270424178284415
2017-02-08,X601992.SH,0.00253382483625236
2017-02-09,X000723.SZ,0.00257113082302346
2017-02-10,X000898.SZ,0.00247780270051397
2017-02-13,X600019.SH,0.00274148571404396
2017-02-14,X000898.SZ,0.0021186481353849
2017-02-15,X600019.SH,0.00228145491991419
2017-02-16,X000898.SZ,0.00181955695363292
2017-02-17,X600019.SH,0.00196486073541002
2017-02-20,X600019.SH,0.00187426034315662
2017-02-21,X600019.SH,0.00168919154400529
2017-02-22,X600019.SH,0.00188554328690973
2017-02-23,X600019.SH,0.00217822212125569
2017-02-24,X600021.SH,0.0025642297124643
2017-02-27,X600309.SH,0.00248059246846424
2017-02-28,X600019.SH,0.00226228607182467
2017-03-01,X600019.SH,0.00256583684124304
2017-03-02,X600019.SH,0.0019041832127969
2017-03-03,X000898.SZ,0.00243207143502089
2017-03-06,X600660.SH,0.0024086095862516
2017-03-07,X600019.SH,0.00213664444539252
2017-03-08,X600019.SH,0.00212113433392266
2017-03-09,X600019.SH,0.00209079137266981
2017-03-10,X601992.SH,0.00238586637202138
2017-03-13,X601992.SH,0.00228303359739721
2017-03-14,X600027.SH,0.00287349479933125
2017-03-15,X600585.SH,0.00253616639369968
2017-03-16,X601992.SH,0.00233514576006109
2017-03-17,X600585.SH,0.00230101495820757
2017-03-20,X600585.SH,0.00235283326529805
2017-03-21,X600547.SH,0.00256004768793749
2017-03-22,X600886.SH,0.00227977915229384
2017-03-23,X600886.SH,0.0021729149587429
2017-03-24,X600027.SH,0.00261437765173877
2017-03-27,X600886.SH,0.00195225249373913
2017-03-28,X600886.SH,0.00208450553109092
2017-03-29,X600019.SH,0.0021221023927207
2017-03-30,X600352.SH,0.00237258878446037
2017-03-31,X600886.SH,0.00219536991470404
2017-04-05,X600660.SH,0.00219366443636394
2017-04-06,X600660.SH,0.00230428768586626
2017-04-07,X600339.SH,0.00204631832870255
2017-04-10,X600578.SH,0.00249736951001885
2017-04-11,X600585.SH,0.00239637153446336
2017-04-12,X000723.SZ,0.0022688537166287
2017-04-13,X600011.SH,0.00257324574997616
2017-04-14,X600352.SH,0.00226964649268193
2017-04-17,X000883.SZ,0.00278543122212426
2017-04-18,X600886.SH,0.00265972308564403
2017-04-19,X600019.SH,0.00258929711672526
2017-04-20,X600008.SH,0.00230094341511275
2017-04-21,X600019.SH,0.00257553158494049
2017-04-24,X600352.SH,0.00283321420848588
2017-04-25,X600886.SH,0.00230025939554132
2017-04-26,X600585.SH,0.00243800757254405
2017-04-27,X600352.SH,0.00253982153709922
2017-04-28,X600008.SH,0.00251969956095093
2017-05-02,X600352.SH,0.00231169431319007
2017-05-03,X600352.SH,0.0021345593442374
2017-05-04,X000786.SZ,0.00290176714368465
2017-05-05,X600019.SH,0.00222933894461517
2017-05-08,X600008.SH,0.00225948208909373
2017-05-09,X600008.SH,0.00224329790948657
2017-05-10,X601992.SH,0.00231151248852301
2017-05-11,X600008.SH,0.00248523138521423
2017-05-12,X600008.SH,0.00243091715828216
2017-05-15,X600008.SH,0.00254228091667975
2017-05-16,X600660.SH,0.00242238736804625
2017-05-17,X600008.SH,0.00269631884569983
2017-05-18,X601991.SH,0.00289926627253296
2017-05-19,X600660.SH,0.00238930240933641
2017-05-22,X000408.SZ,0.00233577055371802
2017-05-23,X600660.SH,0.00268298606412137
2017-05-24,X600160.SH,0.0021963966794272
2017-05-25,X600660.SH,0.00294607774516411
2017-05-26,X600352.SH,0.00269388924542928
2017-05-31,X600660.SH,0.00231761845955169
2017-06-01,X601992.SH,0.00306568139535869
2017-06-02,X601992.SH,0.00232911722075881
2017-06-05,X601992.SH,0.0030303417880633
2017-06-06,X600660.SH,0.0029891507494704
2017-06-07,X600660.SH,0.00268591167552965
2017-06-08,X300072.SZ,0.00227239131195126
2017-06-09,X300072.SZ,0.00209532223875024
2017-06-12,X600299.SH,0.00276257137437299
2017-06-13,X300072.SZ,0.00254755877395978
2017-06-14,X600660.SH,0.00241675422353031
2017-06-15,X600660.SH,0.00262744019262474
2017-06-16,X002466.SZ,0.00240445045035515
2017-06-19,X300072.SZ,0.00237533642719793
2017-06-20,X300072.SZ,0.00205889601355426
2017-06-21,X601992.SH,0.0021532028121289
2017-06-22,X601992.SH,0.00263023634715919
2017-06-23,X300072.SZ,0.00209122963202132
2017-06-26,X300072.SZ,0.00193218957389014
2017-06-27,X000408.SZ,0.00253479019749782
2017-06-28,X000408.SZ,0.00248314002898922
2017-06-29,X600352.SH,0.00239542614887262
2017-06-30,X000408.SZ,0.00260902433091701
2017-07-03,X300072.SZ,0.00334657969220605
2017-07-04,X600352.SH,0.00307110812464113
2017-07-05,X600352.SH,0.00262842379961678
2017-07-06,X600008.SH,0.00278129640071074
2017-07-07,X000539.SZ,0.00301818071016942
2017-07-10,X600309.SH,0.00286043638391784
2017-07-11,X600008.SH,0.00257699754814138
2017-07-12,X300072.SZ,0.00319008191978491
2017-07-13,X600008.SH,0.0029293753798945
2017-07-14,X600176.SH,0.00199627686884671
2017-07-17,X300072.SZ,0.00251439600448551
2017-07-18,X300072.SZ,0.00245433044081163
2017-07-19,X601992.SH,0.00279322398482085
2017-07-20,X601992.SH,0.0024533442357201
2017-07-21,X600011.SH,0.00268000157688034
2017-07-24,X600011.SH,0.0023385848705237
2017-07-25,X600011.SH,0.00246680996571258
2017-07-26,X600011.SH,0.0019026791862373
2017-07-27,X600011.SH,0.00233402236958708
2017-07-28,X600011.SH,0.0024632566738343
2017-07-31,X600011.SH,0.00256613097222151
2017-08-01,X600011.SH,0.0025239759515638
2017-08-02,X600011.SH,0.0025719200343542
2017-08-03,X600011.SH,0.0024769254097343
2017-08-04,X600011.SH,0.00303052997084135
2017-08-07,X600011.SH,0.00272355342588119
2017-08-08,X600011.SH,0.0029929083327178
2017-08-09,X002466.SZ,0.00322188854146446
2017-08-10,X600019.SH,0.00254313404589292
2017-08-11,X600516.SH,0.00282649352329854
2017-08-14,X600011.SH,0.00296595174623925
2017-08-15,X600011.SH,0.00263417540696304
2017-08-16,X601158.SH,0.00281016794909966
2017-08-17,X002092.SZ,0.00322544688658687
2017-08-18,X601158.SH,0.00341811279065782
2017-08-21,X600352.SH,0.00295044326274012
2017-08-22,X600008.SH,0.00271565109337677
2017-08-23,X600008.SH,0.00263589402838636
2017-08-24,X600352.SH,0.00342998440504984
2017-08-25,X300072.SZ,0.00237397319839929
2017-08-28,X600008.SH,0.00267178869558189
2017-08-29,X300072.SZ,0.00246712216658128
2017-08-30,X300072.SZ,0.00254703229009941
2017-08-31,X300072.SZ,0.00227217353974352
2017-09-01,X300072.SZ,0.00231365137143918
2017-09-04,X600886.SH,0.00274403305240923
2017-09-05,X600688.SH,0.00280087151956092
2017-09-06,X600688.SH,0.00287570624957264
2017-09-07,X300072.SZ,0.00305110772509123
2017-09-08,X300072.SZ,0.00270986650472468
2017-09-11,X600339.SH,0.00368594576908747
2017-09-12,X600688.SH,0.00313613463404019
2017-09-13,X600688.SH,0.00324126181206621
2017-09-14,X600309.SH,0.00321568024264548
2017-09-15,X600516.SH,0.00255186877367972
2017-09-18,X000408.SZ,0.00294494650456607
2017-09-19,X000408.SZ,0.00253288307885348
2017-09-20,X300072.SZ,0.00319027941819599
2017-09-21,X600660.SH,0.00337065876732436
2017-09-22,X601992.SH,0.00290911301717711
2017-09-25,X300072.SZ,0.00218110553917138
2017-09-26,X300072.SZ,0.00272563925314379
2017-09-27,X300072.SZ,0.00293171991318922
2017-09-28,X300072.SZ,0.00243065132464232
2017-09-29,X300072.SZ,0.00335852478495232
2017-10-09,X002271.SZ,0.00269435662107386
2017-10-10,X002271.SZ,0.00261586440449419
2017-10-11,X600660.SH,0.0026718147741047
2017-10-12,X002271.SZ,0.00256721119845208
2017-10-13,X000723.SZ,0.00311237945317751
2017-10-16,X002271.SZ,0.00272631972603304
2017-10-17,X600660.SH,0.00268027549286672
2017-10-18,X000408.SZ,0.0032759984906543
2017-10-19,X600516.SH,0.00313805994159302
2017-10-20,X600028.SH,0.00334859494130262
2017-10-23,X600795.SH,0.00327037696779626
2017-10-24,X600516.SH,0.00302799738603052
2017-10-25,X000723.SZ,0.00292638712255468
2017-10-26,X600309.SH,0.00299748946779247
2017-10-27,X600516.SH,0.00272604609341231
2017-10-30,X600028.SH,0.00284851574754146
2017-10-31,X600516.SH,0.00293325416352467
2017-11-01,X300072.SZ,0.00281681286390164
2017-11-02,X000723.SZ,0.00306847690648961
2017-11-03,X002271.SZ,0.00187914185302855
2017-11-06,X002271.SZ,0.00252688224898522
2017-11-07,X000408.SZ,0.00280498133958237
2017-11-08,X000408.SZ,0.00238980784806414
2017-11-09,X000408.SZ,0.00258348323492187
2017-11-10,X600585.SH,0.00260770783027183
2017-11-13,X002271.SZ,0.00219886784425213
2017-11-14,X000723.SZ,0.0027619649100569
2017-11-15,X000723.SZ,0.00245081186260002
2017-11-16,X600339.SH,0.00279121287217875
2017-11-17,X000408.SZ,0.00258306840898469
2017-11-20,X600585.SH,0.00251126439118111
2017-11-21,X300072.SZ,0.00264696096769494
2017-11-22,X300072.SZ,0.00247098912823206
2017-11-23,X300072.SZ,0.0021966618152621
2017-11-24,X300072.SZ,0.00220851760940178
2017-11-27,X300072.SZ,0.00208148411815228
2017-11-28,X300072.SZ,0.00227586016526034
2017-11-29,X300072.SZ,0.00205094824376769
2017-11-30,X300072.SZ,0.00196750529405366
2017-12-01,X002271.SZ,0.0021132864733493
2017-12-04,X002271.SZ,0.00247273818436842
2017-12-05,X002271.SZ,0.00262447929403734
2017-12-06,X300072.SZ,0.00228042673697068
2017-12-07,X002271.SZ,0.00263774228092656
2017-12-08,X600352.SH,0.00215380011644113
2017-12-11,X002271.SZ,0.00189098395732105
2017-12-12,X300072.SZ,0.00222807278841138
2017-12-13,X002271.SZ,0.0025794758413816
2017-12-14,X002271.SZ,0.00262900195851782
2017-12-15,X000723.SZ,0.00265906521942807
2017-12-18,X000723.SZ,0.00256923670732844
2017-12-19,X600688.SH,0.00246110020381676
2017-12-20,X600688.SH,0.0024585720391612
2017-12-21,X600688.SH,0.00281173814070867
2017-12-22,X600660.SH,0.00202218441553834
2017-12-25,X600660.SH,0.00272805281123654
2017-12-26,X600660.SH,0.00235683889340802
2017-12-27,X600660.SH,0.00265604908244044
2017-12-28,X600795.SH,0.00283546532927561
2017-12-29,X600688.SH,0.00290056764900872
2018-01-02,X600795.SH,0.00234107064215574
2018-01-03,X600188.SH,0.00279230863823528
2018-01-04,X600585.SH,0.00254540266131294
2018-01-05,X600027.SH,0.0025977866950071
2018-01-08,X002466.SZ,0.00308148036716285
2018-01-09,X600299.SH,0.00302962203392454
2018-01-10,X600027.SH,0.00270048860293864
2018-01-11,X600219.SH,0.00271102914973226
2018-01-12,X601991.SH,0.00240099715716311
2018-01-15,X600027.SH,0.00270825717139625
2018-01-16,X600585.SH,0.00275644046417814
2018-01-17,X600660.SH,0.00292192884071867
2018-01-18,X600547.SH,0.00293651838320637
2018-01-19,X600547.SH,0.00272079783601715
2018-01-22,X600547.SH,0.00286958589369353
2018-01-23,X600547.SH,0.00252974682086906
2018-01-24,X601088.SH,0.00307362031030828
2018-01-25,X002271.SZ,0.00324833169073709
2018-01-26,X600688.SH,0.00296623743109282
2018-01-29,X600309.SH,0.0030022209866371
2018-01-30,X600688.SH,0.0029768249035894
2018-01-31,X000786.SZ,0.00293314434479012
2018-02-01,X000792.SZ,0.00274323930820541
2018-02-02,X002460.SZ,0.00308865314460453
2018-02-05,X000792.SZ,0.00289952817593918
2018-02-06,X002466.SZ,0.00237942192935828
2018-02-07,X002466.SZ,0.00241810686731268
2018-02-08,X002466.SZ,0.00281003639693776
2018-02-09,X600688.SH,0.0028551316506874
2018-02-12,X002466.SZ,0.00337345094835433
2018-02-13,X600352.SH,0.00354995506413783
2018-02-14,X600309.SH,0.00344418142331374
2018-02-22,X600309.SH,0.00292897228541641
2018-02-23,X600309.SH,0.00270772779093397
2018-02-26,X000408.SZ,0.00281357015485603
2018-02-27,X600299.SH,0.00290215015429042
2018-02-28,X000408.SZ,0.00308569829744298
2018-03-01,X000408.SZ,0.00319055182977204
2018-03-02,X000408.SZ,0.00275830715359288
2018-03-05,X002466.SZ,0.00314844801547201
2018-03-06,X002466.SZ,0.00314210194500187
2018-03-07,X600352.SH,0.0032490352384634
2018-03-08,X600516.SH,0.00341909025293774
2018-03-09,X002466.SZ,0.00323444315571596
2018-03-12,X600352.SH,0.00298573248612452
2018-03-13,X600028.SH,0.00349104601443672
2018-03-14,X600028.SH,0.00357057381594661
2018-03-15,X600489.SH,0.00348244418019999
2018-03-16,X600489.SH,0.00322384611033431
2018-03-19,X601600.SH,0.00335506826565256
2018-03-20,X000630.SZ,0.0037805458999853
2018-03-21,X601992.SH,0.00358559812263464
2018-03-22,X600688.SH,0.00266955173104525
2018-03-23,X600688.SH,0.00337207024443567
2018-03-26,X600660.SH,0.00335034557639223
2018-03-27,X600688.SH,0.00316534650497008
2018-03-28,X600688.SH,0.00358058413716717
2018-03-29,X002466.SZ,0.00331179316061182
2018-03-30,X601600.SH,0.00315187286923786
2018-04-02,X601600.SH,0.00290612650007638
2018-04-03,X601600.SH,0.00276223447377982
2018-04-04,X002466.SZ,0.00296916076637685
2018-04-09,X000553.SZ,0.00307478172595268
2018-04-10,X601600.SH,0.00264942759206897
2018-04-11,X601600.SH,0.00251404586912122
2018-04-12,X600426.SH,0.00238849155389073
2018-04-13,X600426.SH,0.00318794271594746
2018-04-16,X600426.SH,0.00311779216959472
2018-04-17,X601600.SH,0.00283295180302663
2018-04-18,X601600.SH,0.00334466799131308
2018-04-19,X600315.SH,0.00269493088309538
2018-04-20,X600426.SH,0.00311446391369386
2018-04-23,X600315.SH,0.0029336882962526
2018-04-24,X002466.SZ,0.00372183595849422
2018-04-25,X601600.SH,0.0027537482008745
2018-04-26,X002466.SZ,0.00331941203725677
2018-04-27,X601600.SH,0.00243029397879513
2018-05-02,X601600.SH,0.00303924319226214
2018-05-03,X601600.SH,0.00273380971509837
2018-05-04,X002466.SZ,0.00298354439460294
2018-05-07,X601600.SH,0.00257879536010935
2018-05-08,X002466.SZ,0.00307471811239631
2018-05-09,X002466.SZ,0.00274414972434847
2018-05-10,X002466.SZ,0.00302305707903343
2018-05-11,X601600.SH,0.00318378749715757
2018-05-14,X600426.SH,0.00307645518710172
2018-05-15,X002466.SZ,0.00271475665499657
2018-05-16,X002466.SZ,0.00341826850517067
2018-05-17,X600547.SH,0.00284342007548
2018-05-18,X601158.SH,0.00282479233771325
2018-05-21,X600426.SH,0.00276531599399107
2018-05-22,X600426.SH,0.00242775270879337
2018-05-23,X600426.SH,0.00254723584342015
2018-05-24,X601600.SH,0.00244502439136977
2018-05-25,X601600.SH,0.00240003109620765
2018-05-28,X300072.SZ,0.00301063191882492
2018-05-29,X601600.SH,0.00227155492334507
2018-05-30,X000786.SZ,0.00274658808684053
2018-05-31,X601600.SH,0.0030271092389727
2018-06-01,X300072.SZ,0.00312096474560484
2018-06-04,X000786.SZ,0.00302860894911294
2018-06-05,X002271.SZ,0.00298676335557717
2018-06-06,X002466.SZ,0.00287826167194947
2018-06-07,X600027.SH,0.00311980849414341
2018-06-08,X600299.SH,0.00317846601603831
2018-06-11,X300072.SZ,0.00313073351118968
2018-06-12,X600011.SH,0.00258473882734358
2018-06-13,X600362.SH,0.00315232029910462
2018-06-14,X600426.SH,0.0026059595181479
2018-06-15,X000786.SZ,0.00247936332194896
2018-06-19,X000786.SZ,0.00251131002217684
2018-06-20,X000786.SZ,0.00282471365467888
2018-06-21,X600362.SH,0.0031608700825263
2018-06-22,X000786.SZ,0.00337009274291761
2018-06-25,X300072.SZ,0.00306914846888555
2018-06-26,X002271.SZ,0.00302002257595906
2018-06-27,X002271.SZ,0.00293937532377608
2018-06-28,X600660.SH,0.00381032461450773
2018-06-29,X600660.SH,0.00410453103668347
2018-07-02,X300072.SZ,0.0039674020641966
2018-07-03,X600188.SH,0.00327543494422192
2018-07-04,X600585.SH,0.00320836497449351
2018-07-05,X000932.SZ,0.0032197572419656
2018-07-06,X600010.SH,0.00329542366909668
2018-07-09,X600426.SH,0.00265610591351626
2018-07-10,X600426.SH,0.00213804932643346
2018-07-11,X600426.SH,0.00297713306837132
2018-07-12,X600426.SH,0.00233149365982961
2018-07-13,X600426.SH,0.00194108602414431
2018-07-16,X600426.SH,0.00211771148524583
2018-07-17,X600426.SH,0.00202849585668705
2018-07-18,X002470.SZ,0.00333544848669083
2018-07-19,X600309.SH,0.00294487091174115
2018-07-20,X600188.SH,0.00324141939914035
2018-07-23,X600309.SH,0.0030967872080996
2018-07-24,X600188.SH,0.00286413465659283
2018-07-25,X600309.SH,0.00281953306090623
2018-07-26,X600660.SH,0.00281969477598717
2018-07-27,X600426.SH,0.00303342984827214
2018-07-30,X600188.SH,0.00334209010646252
2018-07-31,X600660.SH,0.00347461546059385
2018-08-01,X300072.SZ,0.00285607208638014
2018-08-02,X600660.SH,0.00278358085674832
2018-08-03,X002110.SZ,0.00326962525602068
2018-08-06,X300072.SZ,0.00264293191841964
2018-08-07,X600309.SH,0.00353706495846793
2018-08-08,X002271.SZ,0.00295417525680386
2018-08-09,X600660.SH,0.00320553875483612
2018-08-10,X000883.SZ,0.00327706297228632
2018-08-13,X000786.SZ,0.00230449123003159
2018-08-14,X600309.SH,0.00320412369679808
2018-08-15,X600309.SH,0.00312307607715257
2018-08-16,X600660.SH,0.00317927811763398
2018-08-17,X600688.SH,0.0029891724252648
2018-08-20,X600426.SH,0.00268222892796028
2018-08-21,X002271.SZ,0.00320597467884885
2018-08-22,X601088.SH,0.0035577989616598
2018-08-23,X002110.SZ,0.00301258053748376
2018-08-24,X601088.SH,0.00341112490886104
2018-08-27,X601088.SH,0.00355773075657199
2018-08-28,X600660.SH,0.00370743521541525
2018-08-29,X601088.SH,0.00339595253381263
2018-08-30,X600660.SH,0.00376376966298931
2018-08-31,X600027.SH,0.00362225929745663
2018-09-03,X600299.SH,0.00388887738505583
2018-09-04,X600027.SH,0.00239408920342768
2018-09-05,X600027.SH,0.00363875991647551
2018-09-06,X002110.SZ,0.00305542110610967
2018-09-07,X002110.SZ,0.00316778292173712
2018-09-10,X600028.SH,0.00335055708170332
2018-09-11,X600426.SH,0.00342950233568692
2018-09-12,X600011.SH,0.0031482660942249
2018-09-13,X600808.SH,0.00354227189524571
2018-09-14,X600028.SH,0.0032860718996681
2018-09-17,X600660.SH,0.00335563990685957
2018-09-18,X600011.SH,0.00327373593654832
2018-09-19,X600801.SH,0.00380828787099038
2018-09-20,X600660.SH,0.00311417506343565
2018-09-21,X600027.SH,0.00359993754488252
2018-09-25,X600426.SH,0.00319800449652266
2018-09-26,X600426.SH,0.00307053946140873
2018-09-27,X600426.SH,0.00306924353361053
2018-09-28,X600801.SH,0.00313625754986161
2018-10-08,X000792.SZ,0.00336516816859732
2018-10-09,X600426.SH,0.0031270282608325
2018-10-10,X002460.SZ,0.00313751656568186
2018-10-11,X600660.SH,0.00298135690419557
2018-10-12,X002466.SZ,0.00324218509669489
2018-10-15,X002466.SZ,0.00266984302005673
2018-10-16,X000898.SZ,0.00347481376549398
2018-10-17,X000301.SZ,0.00372824130396682
2018-10-18,X000825.SZ,0.00292682266961889
2018-10-19,X600426.SH,0.00324137237212511
2018-10-22,X600426.SH,0.003041201212452
2018-10-23,X600660.SH,0.00313024466297936
2018-10-24,X000898.SZ,0.00370080161831545
2018-10-25,X000629.SZ,0.00379393223715819
2018-10-26,X600426.SH,0.00377385577674155
2018-10-29,X600027.SH,0.00357996616933139
2018-10-30,X002466.SZ,0.00340226712291049
2018-10-31,X000301.SZ,0.00363554970331988
2018-11-01,X000301.SZ,0.0030938176347456
2018-11-02,X000629.SZ,0.00359608829078699
2018-11-05,X000629.SZ,0.00322584496675683
2018-11-06,X000629.SZ,0.00328420038393416
2018-11-07,X000301.SZ,0.00347563542224798
2018-11-08,X000301.SZ,0.00344707404394438
2018-11-09,X000301.SZ,0.0031463139971671
2018-11-12,X600111.SH,0.00374461040879134
2018-11-13,X600111.SH,0.0029134808566883
2018-11-14,X600583.SH,0.00317891798536205
2018-11-15,X600583.SH,0.00302220887136295
2018-11-16,X600583.SH,0.00299188403041819
2018-11-19,X600660.SH,0.00270806607142263
2018-11-20,X600111.SH,0.00273576834218731
2018-11-21,X600660.SH,0.00238028013750171
2018-11-22,X600111.SH,0.00294850504827595
2018-11-23,X600660.SH,0.00258681010339312
2018-11-26,X600660.SH,0.00237439597972384
2018-11-27,X600660.SH,0.00218733803442117
2018-11-28,X600660.SH,0.00276177989008174
2018-11-29,X600660.SH,0.00206395409137939
2018-11-30,X600660.SH,0.00274045657591948
2018-12-03,X600660.SH,0.00275768835335
2018-12-04,X000408.SZ,0.00337100153251296
2018-12-05,X600660.SH,0.00241918952331292
2018-12-06,X600660.SH,0.00293167399385524
2018-12-07,X600660.SH,0.00290185404031733
2018-12-10,X600660.SH,0.00251826843105869
2018-12-11,X000629.SZ,0.00291376004877491
2018-12-12,X600660.SH,0.00251128341331578
2018-12-13,X600660.SH,0.00251080203948184
2018-12-14,X600660.SH,0.00218975693899015
2018-12-17,X600660.SH,0.00285386698333578
2018-12-18,X600660.SH,0.00342861922708867
2018-12-19,X600660.SH,0.00263998396882746
2018-12-20,X600660.SH,0.00271237467725451
2018-12-21,X600027.SH,0.00349794165250651
2018-12-24,X300072.SZ,0.00289524470410648
2018-12-25,X600176.SH,0.00254417174251761
2018-12-26,X600801.SH,0.00349213324919115
2018-12-27,X600176.SH,0.00283087950449853
2018-12-28,X002470.SZ,0.00296845910238423
2019-01-02,X600688.SH,0.002991874769872
2019-01-03,X000629.SZ,0.0029418157603922
2019-01-04,X000629.SZ,0.00265606854179144
2019-01-07,X000629.SZ,0.00275482578635776
2019-01-08,X000629.SZ,0.00245699748539294
2019-01-09,X600309.SH,0.00307762724393442
2019-01-10,X600299.SH,0.00289472050399125
2019-01-11,X000629.SZ,0.002793009870852
2019-01-14,X600688.SH,0.00269693305431625
2019-01-15,X600660.SH,0.00293161126507655
2019-01-16,X600660.SH,0.00354197389267162
2019-01-17,X601857.SH,0.00251707561255997
2019-01-18,X600660.SH,0.00347794829052999
2019-01-21,X601857.SH,0.00295678331018772
2019-01-22,X600028.SH,0.00254900793578557
2019-01-23,X600585.SH,0.00259287806152153
2019-01-24,X601857.SH,0.00280423061468883
2019-01-25,X600688.SH,0.00268066199617799
2019-01-28,X600688.SH,0.00196543794167097
2019-01-29,X600585.SH,0.00249263016032219
2019-01-30,X601857.SH,0.00221201022773671
2019-01-31,X600352.SH,0.00233075620618452
2019-02-01,X600886.SH,0.00241256193532512
2019-02-11,X600352.SH,0.00239707823305549
2019-02-12,X600688.SH,0.00240409186183828
2019-02-13,X601088.SH,0.00283405997817818
2019-02-14,X601088.SH,0.002672958018419
2019-02-15,X600011.SH,0.00218025005509331
2019-02-18,X600352.SH,0.00265269946305727
2019-02-19,X600612.SH,0.00271833540088261
2019-02-20,X600027.SH,0.0023760009044592
2019-02-21,X600688.SH,0.00237340539581024
2019-02-22,X600688.SH,0.00247135482981813
2019-02-25,X600688.SH,0.00256355533855253
2019-02-26,X600688.SH,0.00284009946652992
2019-02-27,X600688.SH,0.0029724505286805
2019-02-28,X600886.SH,0.00288123444750018
2019-03-01,X600489.SH,0.00273330703113939
2019-03-04,X002466.SZ,0.00279684714340301
2019-03-05,X600011.SH,0.00284153147171611
2019-03-06,X000408.SZ,0.00276563023244374
2019-03-07,X002075.SZ,0.00266947312926145
2019-03-08,X601991.SH,0.00280430236017739
2019-03-11,X600547.SH,0.00297460401618009
2019-03-12,X600011.SH,0.00260406245195415
2019-03-13,X002470.SZ,0.00337666021941354
2019-03-14,X600027.SH,0.00301449944149168
2019-03-15,X600011.SH,0.00242810336762153
2019-03-18,X002271.SZ,0.00300261452253583
2019-03-19,X600027.SH,0.00223445711793708
2019-03-20,X600027.SH,0.00267198724454299
2019-03-21,X600027.SH,0.00303072727921047
2019-03-22,X600011.SH,0.00296411350709073
2019-03-25,X600011.SH,0.0029318009535604
2019-03-26,X600011.SH,0.00327208178569154
2019-03-27,X600157.SH,0.00316958755965243
2019-03-28,X600157.SH,0.00312782385058192
2019-03-29,X600157.SH,0.00302968215476998
2019-04-01,X600011.SH,0.00321171631011725
2019-04-02,X000990.SZ,0.00313749982169956
2019-04-03,X600011.SH,0.0033325050973871
2019-04-04,X600157.SH,0.00340505131790596
2019-04-08,X600027.SH,0.00316027754256307
2019-04-09,X000990.SZ,0.00259632436420445
2019-04-10,X600011.SH,0.00291604482476781
2019-04-11,X000990.SZ,0.00349496217332875
2019-04-12,X600011.SH,0.00311633965956859
2019-04-15,X600011.SH,0.00323150381702464
2019-04-16,X600660.SH,0.00345596362575249
2019-04-17,X600027.SH,0.00333682566619118
2019-04-18,X600011.SH,0.00375273512711097
2019-04-19,X600795.SH,0.00355447878053309
2019-04-22,X600011.SH,0.00342337965888801
2019-04-23,X600795.SH,0.00341141608112655
2019-04-24,X000553.SZ,0.00286700858759456
2019-04-25,X600795.SH,0.00356126352755677
2019-04-26,X600795.SH,0.00355856745136304
2019-04-29,X600795.SH,0.00309422111845183
2019-04-30,X600516.SH,0.00307097838658288
2019-05-06,X600516.SH,0.00310163979908928
2019-05-07,X600027.SH,0.00399373568580633
2019-05-08,X002466.SZ,0.00385569422005373
2019-05-09,X600011.SH,0.00296712977939691
2019-05-10,X600516.SH,0.00395140274421107
2019-05-13,X000723.SZ,0.00336654012498485
2019-05-14,X000723.SZ,0.00389123283733816
2019-05-15,X002271.SZ,0.00321642221943632
2019-05-16,X002271.SZ,0.00352889183888567
2019-05-17,X002271.SZ,0.00324846130732633
2019-05-20,X000723.SZ,0.00434656018604248
2019-05-21,X600299.SH,0.00347884782354042
2019-05-22,X002271.SZ,0.00362723497059877
2019-05-23,X000990.SZ,0.00399238137972164
2019-05-24,X000990.SZ,0.00364482502302809
2019-05-27,X000990.SZ,0.00426021011814454
2019-05-28,X000027.SZ,0.00375420326727014
2019-05-29,X000786.SZ,0.00377156438214428
2019-05-30,X600309.SH,0.00379621204554456
2019-05-31,X000786.SZ,0.00313000168350673
2019-06-03,X000786.SZ,0.00267822768708035
2019-06-04,X600352.SH,0.00334505529632034
2019-06-05,X600352.SH,0.00298064158313279
2019-06-06,X000786.SZ,0.00342983875121292
2019-06-10,X000786.SZ,0.00343550979525607
2019-06-11,X000786.SZ,0.00377319945066599
2019-06-12,X600352.SH,0.00363439894022751
2019-06-13,X000786.SZ,0.00325293612129366
2019-06-14,X000786.SZ,0.00349685018127613
2019-06-17,X000786.SZ,0.00322717495435736
2019-06-18,X000786.SZ,0.00321963351577354
2019-06-19,X000786.SZ,0.0024157156451003
2019-06-20,X600011.SH,0.00372190709191431
2019-06-21,X600299.SH,0.00337794011643603
2019-06-24,X600299.SH,0.00378948536204513
2019-06-25,X600801.SH,0.0036286516673339
2019-06-26,X002460.SZ,0.00304602869883489
2019-06-27,X600547.SH,0.00357704113802103
2019-06-28,X600352.SH,0.00319456430569882
2019-07-01,X601158.SH,0.00369509030143528
2019-07-02,X600547.SH,0.00283896331721304
2019-07-03,X600547.SH,0.00203274345491852
2019-07-04,X600612.SH,0.00288491297080468
2019-07-05,X600612.SH,0.00349611689243327
2019-07-08,X600612.SH,0.00214075510156079
2019-07-09,X600612.SH,0.0026293747343141
2019-07-10,X600547.SH,0.00293337554115909
2019-07-11,X600612.SH,0.0029579366585291
2019-07-12,X600547.SH,0.00291512774908767
2019-07-15,X600547.SH,0.00309789028283724
2019-07-16,X600547.SH,0.00311899832049061
2019-07-17,X002466.SZ,0.00354362417615698
2019-07-18,X000629.SZ,0.00270015599307745
2019-07-19,X600612.SH,0.00232119390420912
2019-07-22,X002466.SZ,0.00253705324043753
2019-07-23,X000401.SZ,0.00217088506518639
2019-07-24,X600612.SH,0.00259109276345285
2019-07-25,X002466.SZ,0.00246500624691146
2019-07-26,X600426.SH,0.00247564916025341
2019-07-29,X002466.SZ,0.00256409696365054
2019-07-30,X600612.SH,0.00279280905156005
2019-07-31,X002466.SZ,0.00270394677480136
2019-08-01,X600612.SH,0.00303111830759943
2019-08-02,X000629.SZ,0.00222847506708429
2019-08-05,X600612.SH,0.0023400462912909
2019-08-06,X600612.SH,0.00280756646318302
2019-08-07,X600309.SH,0.00225533404986512
2019-08-08,X000629.SZ,0.00269140600630207
2019-08-09,X000629.SZ,0.00250703191142088
2019-08-12,X002353.SZ,0.00210827670512159
2019-08-13,X600547.SH,0.00247698959293432
2019-08-14,X000629.SZ,0.00222203218020406
2019-08-15,X000786.SZ,0.00261039106296492
2019-08-16,X600801.SH,0.00242945607730722
2019-08-19,X600801.SH,0.00247032285525854
2019-08-20,X600585.SH,0.00237239355890726
2019-08-21,X000883.SZ,0.00247054526159447
2019-08-22,X600011.SH,0.00227744934152258
2019-08-23,X600176.SH,0.00240738404185506
2019-08-26,X000883.SZ,0.00264900020445098
2019-08-27,X600426.SH,0.00209797862798885
2019-08-28,X600426.SH,0.00239102631365139
2019-08-29,X600426.SH,0.00203132756865727
2019-08-30,X002460.SZ,0.00265573600525549
2019-09-02,X600583.SH,0.00252788653042223
2019-09-03,X600583.SH,0.00212346807993944
2019-09-04,X002353.SZ,0.00259357875356274
2019-09-05,X002353.SZ,0.00256515734161353
2019-09-06,X600612.SH,0.00175272782301034
2019-09-09,X601699.SH,0.00258870341557689
2019-09-10,X600612.SH,0.00173237482420286
2019-09-11,X600612.SH,0.00203779372753677
2019-09-12,X600612.SH,0.00225824305732986
2019-09-16,X600426.SH,0.00269089479539027
2019-09-17,X600111.SH,0.00265954654995092
2019-09-18,X002271.SZ,0.00270522013851831
2019-09-19,X600547.SH,0.00233536131578811
2019-09-20,X600547.SH,0.00266201383612627
2019-09-23,X600547.SH,0.00224969010764682
2019-09-24,X600612.SH,0.0022080183813546
2019-09-25,X600612.SH,0.00228677837169771
2019-09-26,X600612.SH,0.00198779894162626
2019-09-27,X600886.SH,0.00284902516029106
2019-09-30,X600612.SH,0.00233666938041501
2019-10-08,X600612.SH,0.00272738307327898
2019-10-09,X600299.SH,0.00246629325617519
2019-10-10,X600612.SH,0.00305890442629805
2019-10-11,X000708.SZ,0.00259368571512157
2019-10-14,X600585.SH,0.00223144727434033
2019-10-15,X600426.SH,0.00236740127294326
2019-10-16,X600585.SH,0.00225642154347054
2019-10-17,X600426.SH,0.00242986808566949
2019-10-18,X600612.SH,0.00237482978672106
2019-10-21,X600027.SH,0.00235107523758411
2019-10-22,X600426.SH,0.00259575775758696
2019-10-23,X600426.SH,0.00196495789664188
2019-10-24,X000629.SZ,0.0024649496969805
2019-10-25,X600027.SH,0.00243276162590211
2019-10-28,X600583.SH,0.00265162791858491
2019-10-29,X600315.SH,0.0023257153706404
2019-10-30,X600315.SH,0.00258012128858452
2019-10-31,X600583.SH,0.00220523113022901
2019-11-01,X600583.SH,0.00250400690237495
2019-11-04,X600011.SH,0.00262487995858058
2019-11-05,X600011.SH,0.0022634345171119
2019-11-06,X600011.SH,0.0021797935537983
2019-11-07,X600011.SH,0.00208123353918238
2019-11-08,X002271.SZ,0.00193085756646342
2019-11-11,X601158.SH,0.0021458151181093
2019-11-12,X600027.SH,0.00248752323135167
2019-11-13,X601088.SH,0.00223939097998473
2019-11-14,X000792.SZ,0.00242579464622013
2019-11-15,X000027.SZ,0.00227541390672424
2019-11-18,X600315.SH,0.0024376033456956
2019-11-19,X000825.SZ,0.00218523561259842
2019-11-20,X000825.SZ,0.00223981202312366
2019-11-21,X600315.SH,0.00282440575612506
2019-11-22,X000792.SZ,0.00255440264073228
2019-11-25,X600585.SH,0.00243423988941272
2019-11-26,X600111.SH,0.00252007499096631
2019-11-27,X000792.SZ,0.00308800162076551
2019-11-28,X000792.SZ,0.00279267958228098
2019-11-29,X600612.SH,0.00274857033371677
2019-12-02,X600795.SH,0.0027085885287941
2019-12-03,X600027.SH,0.00273592051470053
2019-12-04,X600795.SH,0.00238900380975042
2019-12-05,X600795.SH,0.00220888708107428
2019-12-06,X600019.SH,0.00263561376505976
2019-12-09,X600795.SH,0.00233760931398221
2019-12-10,X000883.SZ,0.00255076889422581
2019-12-11,X600795.SH,0.00251028280712266
2019-12-12,X000792.SZ,0.00259208397767451
2019-12-13,X000792.SZ,0.0023375441759984
2019-12-16,X000792.SZ,0.00259444868674556
2019-12-17,X000825.SZ,0.00180575172677563
2019-12-18,X000825.SZ,0.00207191398852234
2019-12-19,X601898.SH,0.00264917337026366
2019-12-20,X601898.SH,0.00261130179467393
2019-12-23,X600585.SH,0.00229983370651551
2019-12-24,X600585.SH,0.00215386062996598
2019-12-25,X600585.SH,0.00197045502721384
2019-12-26,X600309.SH,0.00243784507987353
2019-12-27,X000786.SZ,0.00254974286169067
2019-12-30,X000786.SZ,0.00220974153363598
2019-12-31,X600309.SH,0.00221190165572012
2020-01-02,X600309.SH,0.00222049333166918
2020-01-03,X000786.SZ,0.00186001736880229
2020-01-06,X600309.SH,0.00193329732520012
2020-01-07,X600612.SH,0.00271574509233001
2020-01-08,X000629.SZ,0.00240003948794903
2020-01-09,X600612.SH,0.00247175399616022
2020-01-10,X600309.SH,0.00218501928765582
2020-01-13,X600612.SH,0.00273391973783583
2020-01-14,X600612.SH,0.00243311182240362
2020-01-15,X600612.SH,0.00250732349163382
2020-01-16,X000792.SZ,0.00249271195154197
2020-01-17,X600660.SH,0.00235264552280798
2020-01-20,X600585.SH,0.00214993458921434
2020-01-21,X002466.SZ,0.0019770288740903
2020-01-22,X002466.SZ,0.00211717891216504
2020-01-23,X600585.SH,0.00297757124664419
2020-02-03,X002353.SZ,0.00222084782359923
2020-02-04,X600585.SH,0.00310054381194115
2020-02-05,X002353.SZ,0.00282199659060519
2020-02-06,X002353.SZ,0.00381906162343231
2020-02-07,X002353.SZ,0.00369812405063561
2020-02-10,X002466.SZ,0.0030490244562624
2020-02-11,X002353.SZ,0.00255956361215466
2020-02-12,X002353.SZ,0.00313595391677069
2020-02-13,X600309.SH,0.00337125026645489
2020-02-14,X002353.SZ,0.00330937845121564
2020-02-17,X002466.SZ,0.00327316072020402
2020-02-18,X002353.SZ,0.00294148468652257
2020-02-19,X002466.SZ,0.0037787487822
2020-02-20,X002353.SZ,0.00279995435696762
2020-02-21,X002466.SZ,0.00313482874728436
2020-02-24,X002353.SZ,0.00293631225868475
2020-02-25,X002466.SZ,0.0027120512970793
2020-02-26,X002353.SZ,0.00275778442482777
2020-02-27,X002353.SZ,0.00305206357184771
2020-02-28,X002353.SZ,0.00286347649791194
2020-03-02,X002353.SZ,0.00314130640469957
2020-03-03,X002460.SZ,0.00311784863651842
2020-03-04,X002353.SZ,0.00294370853447943
2020-03-05,X002460.SZ,0.00314065745424076
2020-03-06,X002460.SZ,0.00285366162881373
2020-03-09,X002460.SZ,0.00305781927360892
2020-03-10,X002466.SZ,0.00255329683045944
2020-03-11,X002460.SZ,0.00265218274249304
2020-03-12,X000792.SZ,0.00248449339001328
2020-03-13,X002460.SZ,0.00303725218571611
2020-03-16,X600126.SH,0.00379620532622318
2020-03-17,X600126.SH,0.00324143438406268
2020-03-18,X600126.SH,0.00434735428109566
2020-03-19,X002353.SZ,0.00397579798703985
2020-03-20,X002353.SZ,0.00435654122844678
2020-03-23,X002460.SZ,0.0034721350922012
2020-03-24,X002460.SZ,0.00386872659160535
2020-03-25,X002460.SZ,0.00377055823911956
2020-03-26,X002460.SZ,0.00383560400380873
2020-03-27,X000792.SZ,0.00385644483391761
2020-03-30,X002460.SZ,0.00284758923402677
2020-03-31,X000792.SZ,0.00417757175857311
2020-04-01,X600126.SH,0.00408569849808734
2020-04-02,X002460.SZ,0.00332176465811372
2020-04-03,X000723.SZ,0.00365527613133009
2020-04-07,X000723.SZ,0.00361294558488699
2020-04-08,X600547.SH,0.00376700818228881
2020-04-09,X000723.SZ,0.00374474807483116
2020-04-10,X000723.SZ,0.00394168485577974
2020-04-13,X000553.SZ,0.0040115030932298
2020-04-14,X000792.SZ,0.00494035076921583
2020-04-15,X600126.SH,0.00374812447923003
2020-04-16,X600547.SH,0.00482456728900284
2020-04-17,X600547.SH,0.00418884871394702
2020-04-20,X600126.SH,0.00339730213091821
2020-04-21,X600126.SH,0.00368800274978344
2020-04-22,X600126.SH,0.00356114468634872
2020-04-23,X002075.SZ,0.00412494447414753
2020-04-24,X000723.SZ,0.0041195399856804
2020-04-27,X000723.SZ,0.00363202464479878
2020-04-28,X002460.SZ,0.00361823841770184
2020-04-29,X600126.SH,0.00456885351647583
2020-04-30,X002466.SZ,0.00390158589668815
2020-05-06,X600529.SH,0.00425337264292946
2020-05-07,X600529.SH,0.00371579653084872
2020-05-08,X600688.SH,0.0038053667335154
2020-05-11,X000786.SZ,0.00446939544064328
2020-05-12,X002271.SZ,0.00429566048014822
2020-05-13,X600688.SH,0.00366632011068618
2020-05-14,X600688.SH,0.00385160489569378
2020-05-15,X600688.SH,0.00344895323872867
2020-05-18,X600688.SH,0.0034119956743455
2020-05-19,X600529.SH,0.0040113296803319
2020-05-20,X000553.SZ,0.00259891612897791
2020-05-21,X000553.SZ,0.00333386796363698
2020-05-22,X600688.SH,0.00338969246105106
2020-05-25,X600688.SH,0.00380185449648459
2020-05-26,X600299.SH,0.00438989465466787
2020-05-27,X000553.SZ,0.00311619248078625
2020-05-28,X000553.SZ,0.00295133809324881
2020-05-29,X600688.SH,0.00327715502588281
2020-06-01,X000553.SZ,0.0036186207333184
2020-06-02,X000553.SZ,0.00307096389869985
2020-06-03,X600688.SH,0.0035108043339333
2020-06-04,X000708.SZ,0.0036290185518506
2020-06-05,X002409.SZ,0.00394524411635201
2020-06-08,X000553.SZ,0.00314864811699775
2020-06-09,X000708.SZ,0.00339046485111782
2020-06-10,X000708.SZ,0.00333213809218749
2020-06-11,X002409.SZ,0.00372562859919531
2020-06-12,X002409.SZ,0.00228301952390527
2020-06-15,X600219.SH,0.00348467683685361
2020-06-16,X600315.SH,0.00297650561582689
2020-06-17,X000883.SZ,0.00321304663653399
2020-06-18,X600529.SH,0.00284175834038153
2020-06-19,X000708.SZ,0.00315016198414785
2020-06-22,X600486.SH,0.00312128122200464
2020-06-23,X000708.SZ,0.00313326738525659
2020-06-24,X002271.SZ,0.0027007024509202
2020-06-29,X002460.SZ,0.00347010423085259
2020-06-30,X002460.SZ,0.00343057930343035
2020-07-01,X002466.SZ,0.00323323210814195
2020-07-02,X002466.SZ,0.00309141920011009
2020-07-03,X002466.SZ,0.00288981412156452
2020-07-06,X002466.SZ,0.00296427965679139
2020-07-07,X002409.SZ,0.00255475825457497
2020-07-08,X600486.SH,0.00319787999615129
2020-07-09,X600486.SH,0.00267848847926268
2020-07-10,X000723.SZ,0.00313606595243204
2020-07-13,X600126.SH,0.00379204411248951
2020-07-14,X600126.SH,0.00366324304582413
2020-07-15,X600486.SH,0.003137084963898
2020-07-16,X600486.SH,0.00349398872403933
2020-07-17,X600126.SH,0.00338418770556564
2020-07-20,X600426.SH,0.00332759939878898
2020-07-21,X600529.SH,0.00347376072965627
2020-07-22,X600688.SH,0.00369273823026135
2020-07-23,X600126.SH,0.00349374417401473
2020-07-24,X600486.SH,0.00261890600473642
2020-07-27,X000723.SZ,0.00416932795908236
2020-07-28,X600529.SH,0.00352170934762397
2020-07-29,X000723.SZ,0.003741634849009
2020-07-30,X600795.SH,0.00386272479302294
2020-07-31,X600126.SH,0.00333347998289802
2020-08-03,X600126.SH,0.00266778766641742
2020-08-04,X600126.SH,0.00354236565475227
2020-08-05,X600309.SH,0.00492155477439318
2020-08-06,X600126.SH,0.00372606262477092
2020-08-07,X600529.SH,0.0041413622024908
2020-08-10,X600612.SH,0.00305454836638028
2020-08-11,X002466.SZ,0.00430139348765324
2020-08-12,X600795.SH,0.00397803242480071
2020-08-13,X002466.SZ,0.0037591761361712
2020-08-14,X000301.SZ,0.00338566957245173
2020-08-17,X000301.SZ,0.00413603524572952
2020-08-18,X600027.SH,0.00356347709739121
2020-08-19,X002466.SZ,0.00402092517520461
2020-08-20,X600529.SH,0.00374011713919657
2020-08-21,X000301.SZ,0.00428630191906934
2020-08-24,X600315.SH,0.00424274425151423
2020-08-25,X600529.SH,0.00415859487948609
2020-08-26,X002466.SZ,0.00316399104242631
2020-08-27,X002075.SZ,0.00282722913218435
2020-08-28,X002075.SZ,0.00324177315648137
2020-08-31,X600362.SH,0.00381316921232249
2020-09-01,X002075.SZ,0.00323457523037351
2020-09-02,X600362.SH,0.00349191946988435
2020-09-03,X002466.SZ,0.00404857714728345
2020-09-04,X002466.SZ,0.00412096425125922
2020-09-07,X600011.SH,0.00388985457263486
2020-09-08,X600362.SH,0.00405468136070247
2020-09-09,X600352.SH,0.00461492020169038
2020-09-10,X002075.SZ,0.00447009125480685
2020-09-11,X002466.SZ,0.00383799826644023
2020-09-14,X002466.SZ,0.00357941543209959
2020-09-15,X600612.SH,0.00498977096352382
2020-09-16,X002466.SZ,0.00370449293267674
2020-09-17,X600529.SH,0.00382979904709494
2020-09-18,X000301.SZ,0.00385325887103627
2020-09-21,X002466.SZ,0.00445819007240814
2020-09-22,X002080.SZ,0.00396211499901933
2020-09-23,X002466.SZ,0.00356372510509407
2020-09-24,X600803.SH,0.00365089072898595
2020-09-25,X600803.SH,0.00387334789525069
2020-09-28,X002075.SZ,0.00358795570604214
2020-09-29,X002075.SZ,0.00339954349573883
2020-09-30,X002075.SZ,0.0034528524460049
2020-10-09,X002075.SZ,0.00318834743798704
2020-10-12,X002075.SZ,0.003614717719152
2020-10-13,X002075.SZ,0.00344065090602896
2020-10-14,X600529.SH,0.00345673281016184
2020-10-15,X600688.SH,0.00389947859815898
2020-10-16,X600489.SH,0.00382272078409106
2020-10-19,X600529.SH,0.00294898471443207
2020-10-20,X002075.SZ,0.0036910039844131
2020-10-21,X600547.SH,0.00303553817923689
2020-10-22,X600529.SH,0.00350288474819302
2020-10-23,X601857.SH,0.00383772088723002
2020-10-26,X600529.SH,0.00363607158158378
2020-10-27,X002466.SZ,0.00277418972774339
2020-10-28,X600803.SH,0.00324979490868652
2020-10-29,X600352.SH,0.00339493795425466
2020-10-30,X600426.SH,0.00347200665285848
2020-11-02,X600352.SH,0.00370135565722112
2020-11-03,X002460.SZ,0.00322703137513491
2020-11-04,X002353.SZ,0.00327701041608899
2020-11-05,X000301.SZ,0.00373304544340644
2020-11-06,X000932.SZ,0.0033608959309253
2020-11-09,X600352.SH,0.00347171252130003
2020-11-10,X300037.SZ,0.00407349606046649
2020-11-11,X601088.SH,0.00372980004849897
2020-11-12,X000301.SZ,0.00355341251321688
2020-11-13,X000301.SZ,0.00368400207901516
2020-11-16,X002080.SZ,0.0030611226266727
2020-11-17,X002080.SZ,0.00340366743042453
2020-11-18,X002080.SZ,0.00350520692600364
2020-11-19,X002080.SZ,0.00407430548986749
2020-11-20,X002080.SZ,0.0029940743642432
2020-11-23,X002080.SZ,0.003296371469435
2020-11-24,X600027.SH,0.0029993766904723
2020-11-25,X002271.SZ,0.00318121301050048
2020-11-26,X002409.SZ,0.00294322976434165
2020-11-27,X300037.SZ,0.00349012521931253
2020-11-30,X600486.SH,0.00307463706581315
2020-12-01,X600486.SH,0.00296861595931591
2020-12-02,X600688.SH,0.00338212110895363
2020-12-03,X000786.SZ,0.00360777673609909
2020-12-04,X600688.SH,0.00397014304733469
2020-12-07,X600688.SH,0.00400338871840875
2020-12-08,X002409.SZ,0.00387424512714359
2020-12-09,X002271.SZ,0.00342801111311352
2020-12-10,X600886.SH,0.00303878654269408
2020-12-11,X601898.SH,0.0035967597501752
2020-12-14,X002460.SZ,0.00292860289417806
2020-12-15,X002271.SZ,0.00310232163457315
2020-12-16,X002460.SZ,0.00330704326545762
2020-12-17,X000723.SZ,0.00410616890114337
2020-12-18,X002271.SZ,0.00295495765336529
2020-12-21,X600299.SH,0.00374481794963255
2020-12-22,X600299.SH,0.00383300831285302
2020-12-23,X600529.SH,0.00346985890452499
2020-12-24,X600660.SH,0.00299424878827321
2020-12-25,X600886.SH,0.00254413268474238
2020-12-28,X600803.SH,0.00365460254390932
2020-12-29,X600660.SH,0.00389508718390577
2020-12-30,X600886.SH,0.00298574834942497
2020-12-31,X000786.SZ,0.00381698951127788
2021-01-04,X600157.SH,0.00353131630407755
2021-01-05,X600157.SH,0.00326665861330305
2021-01-06,X002271.SZ,0.0038671158334999
2021-01-07,X600803.SH,0.00391239695334783
2021-01-08,X002409.SZ,0.00406811540992688
2021-01-11,X600886.SH,0.00388614950168429
2021-01-12,X002409.SZ,0.00365393721218422
2021-01-13,X002409.SZ,0.00379116063918113
2021-01-14,X600886.SH,0.00399649114012782
2021-01-15,X600803.SH,0.00311232329387768
2021-01-18,X600176.SH,0.00363143269582429
2021-01-19,X000301.SZ,0.00468267601913503
2021-01-20,X600886.SH,0.0040206762279095
2021-01-21,X600299.SH,0.00344772170278801
2021-01-22,X000301.SZ,0.00325569533596738
2021-01-25,X000301.SZ,0.00302969572270302
2021-01-26,X000301.SZ,0.0037460384394468
2021-01-27,X600157.SH,0.00356062575451602
2021-01-28,X600157.SH,0.00379940615784528
2021-01-29,X600585.SH,0.00438495516305792
2021-02-01,X000301.SZ,0.00363158720471474
2021-02-02,X000301.SZ,0.0029847806955231
2021-02-03,X000301.SZ,0.00465888779940428
2021-02-04,X000786.SZ,0.00358652109408836
2021-02-05,X000301.SZ,0.00331501144773423
2021-02-08,X002466.SZ,0.00408594631005529
2021-02-09,X000301.SZ,0.00432399788502383
2021-02-10,X600010.SH,0.00443934932787711
2021-02-18,X000830.SZ,0.00514183357458375
2021-02-19,X600176.SH,0.00532941401672893
2021-02-22,X002460.SZ,0.00421939371668457
2021-02-23,X002466.SZ,0.00408432998850765
2021-02-24,X000786.SZ,0.00410164010631937
2021-02-25,X000301.SZ,0.00410999110601658
2021-02-26,X000301.SZ,0.00414187563871812
2021-03-01,X000301.SZ,0.00421753115849878
2021-03-02,X000301.SZ,0.0044756480574652
2021-03-03,X000301.SZ,0.00433237549809588
2021-03-04,X000301.SZ,0.00435916697887258
2021-03-05,X000301.SZ,0.00432387706406879
2021-03-08,X600295.SH,0.00432999812943228
2021-03-09,X600019.SH,0.00448719337311231
2021-03-10,X600019.SH,0.0042275104557742
2021-03-11,X600176.SH,0.00521263190379723
2021-03-12,X600157.SH,0.00513107635426978
2021-03-15,X600157.SH,0.00480461699933234
2021-03-16,X600157.SH,0.00477456257478105
2021-03-17,X600019.SH,0.00492818487843992
2021-03-18,X600019.SH,0.00476617846817138
2021-03-19,X600019.SH,0.00407514619336369
2021-03-22,X600426.SH,0.0053937686099158
2021-03-23,X600019.SH,0.00391825603612574
2021-03-24,X600019.SH,0.00375826434558486
2021-03-25,X000301.SZ,0.00487939956936728
2021-03-26,X601991.SH,0.00443119546885663
2021-03-29,X600019.SH,0.00429717637394857
2021-03-30,X600803.SH,0.00555879559329579
2021-03-31,X000708.SZ,0.00613701000740994
2021-04-01,X600803.SH,0.00519550342190899
2021-04-02,X600803.SH,0.00510364014604394
2021-04-06,X600803.SH,0.00505275027603138
2021-04-07,X600803.SH,0.00527477048200747
2021-04-08,X601991.SH,0.00568739525679261
2021-04-09,X601991.SH,0.0049279815827843
2021-04-12,X600157.SH,0.00497852759495601
2021-04-13,X000708.SZ,0.00515096449619542
2021-04-14,X000708.SZ,0.00489242774506109
2021-04-15,X300037.SZ,0.00508029762481941
2021-04-16,X000708.SZ,0.00444558385527
2021-04-19,X601991.SH,0.00484068044752627
2021-04-20,X300037.SZ,0.00454001252517112
2021-04-21,X000932.SZ,0.00486893533657397
2021-04-22,X300037.SZ,0.00435648681609071
2021-04-23,X300037.SZ,0.0057033747305236
2021-04-26,X601991.SH,0.00595549218792622
2021-04-27,X600157.SH,0.00528264051320249
2021-04-28,X000825.SZ,0.005800835710998
2021-04-29,X600157.SH,0.00587888618486808
2021-04-30,X002466.SZ,0.00530027120455079
2021-05-06,X600157.SH,0.00570031076842089
2021-05-07,X600426.SH,0.00488876052914248
2021-05-10,X600315.SH,0.00565114644613749
2021-05-11,X600315.SH,0.0046360814849947
2021-05-12,X000708.SZ,0.00509913940262376
2021-05-13,X600011.SH,0.0054520505692927
2021-05-14,X600315.SH,0.0049457276270071
2021-05-17,X600315.SH,0.0043750758852218
2021-05-18,X600219.SH,0.00454641278216312
2021-05-19,X600219.SH,0.00469407901257952
2021-05-20,X000027.SZ,0.00400827942353147
2021-05-21,X600219.SH,0.00371677277662891
2021-05-24,X002353.SZ,0.00380299022085666
2021-05-25,X000027.SZ,0.00455766602509029
2021-05-26,X000027.SZ,0.00412452628983646
2021-05-27,X000027.SZ,0.00416524569974428
2021-05-28,X002353.SZ,0.00419561039265653
2021-05-31,X600352.SH,0.00499604048432473
2021-06-01,X000027.SZ,0.00429183133509782
2021-06-02,X600803.SH,0.0049176470004379
2021-06-03,X600486.SH,0.00461401500920808
2021-06-04,X600486.SH,0.00555550875296957
2021-06-07,X600011.SH,0.00444250120822016
2021-06-08,X000027.SZ,0.00376056754085409
2021-06-09,X600803.SH,0.00422278319471492
2021-06-10,X000027.SZ,0.00373915442466641
2021-06-11,X002353.SZ,0.00444500926716524
2021-06-15,X600795.SH,0.00435988261653022
2021-06-16,X002353.SZ,0.00411611337793247
2021-06-17,X600886.SH,0.00452846581125101
2021-06-18,X600803.SH,0.00420746032266249
2021-06-21,X601898.SH,0.00397904190043155
2021-06-22,X601898.SH,0.00433197734334327
2021-06-23,X002353.SZ,0.00475006692128237
2021-06-24,X600803.SH,0.00444462171267747
2021-06-25,X600795.SH,0.00412326301583398
2021-06-28,X000301.SZ,0.00390715447584926
2021-06-29,X600803.SH,0.00442212071347025
2021-06-30,X000408.SZ,0.00408902828017218
2021-07-01,X000408.SZ,0.00375324505583794
2021-07-02,X000301.SZ,0.00362505299382796
2021-07-05,X000301.SZ,0.00376634124303728
2021-07-06,X000301.SZ,0.00377549571969957
2021-07-07,X000301.SZ,0.00320774725749629
2021-07-08,X000301.SZ,0.0038451127224806
2021-07-09,X000301.SZ,0.00409576544162994
2021-07-12,X000027.SZ,0.00343498882135252
2021-07-13,X000807.SZ,0.0044344454861906
2021-07-14,X000408.SZ,0.00396170165662781
2021-07-15,X000830.SZ,0.0043107043017773
2021-07-16,X000301.SZ,0.00455161672629999
2021-07-19,X002466.SZ,0.00324730175737001
2021-07-20,X601898.SH,0.00414542997642764
2021-07-21,X601898.SH,0.00455832926544483
2021-07-22,X002409.SZ,0.00424863727610452
2021-07-23,X002409.SZ,0.00433676317432795
2021-07-26,X002409.SZ,0.00414643074538012
2021-07-27,X000408.SZ,0.00451773327355903
2021-07-28,X600399.SH,0.00453008123188282
2021-07-29,X600486.SH,0.00480352345195629
2021-07-30,X600486.SH,0.00494739929961397
2021-08-02,X600486.SH,0.00494900523048329
2021-08-03,X000301.SZ,0.00455485289004266
2021-08-04,X000301.SZ,0.00383281642237636
2021-08-05,X000301.SZ,0.00522071145449975
2021-08-06,X000301.SZ,0.00403969799323549
2021-08-09,X600795.SH,0.00465980717081458
2021-08-10,X600795.SH,0.00438557140606686
2021-08-11,X600886.SH,0.00368377260556639
2021-08-12,X000301.SZ,0.00457258311590162
2021-08-13,X000027.SZ,0.00541876910945653
2021-08-16,X601699.SH,0.00455826951041252
2021-08-17,X601991.SH,0.00455752349374648
2021-08-18,X600795.SH,0.00453511832324214
2021-08-19,X000786.SZ,0.00494115974674263
2021-08-20,X000301.SZ,0.0048720148090288
2021-08-23,X002466.SZ,0.00470214662898472
2021-08-24,X600803.SH,0.00532090628959615
2021-08-25,X600547.SH,0.00463388488169698
2021-08-26,X000983.SZ,0.00466690179176571
2021-08-27,X600886.SH,0.00509187243281348
2021-08-30,X000932.SZ,0.00553916402044668
2021-08-31,X000983.SZ,0.00462926900242079
2021-09-01,X002192.SZ,0.00375922708013128
2021-09-02,X600547.SH,0.00551380919008402
2021-09-03,X601088.SH,0.00577650079162348
2021-09-06,X600188.SH,0.00525522093253191
2021-09-07,X000301.SZ,0.00507214503179253
2021-09-08,X600547.SH,0.00527213266424817
2021-09-09,X000932.SZ,0.00447350427406979
2021-09-10,X600547.SH,0.00450319896351118
2021-09-13,X600188.SH,0.00525650546464301
2021-09-14,X600188.SH,0.00542064848460337
2021-09-15,X002466.SZ,0.00501617853184936
2021-09-16,X600547.SH,0.0049950018116401
2021-09-17,X600803.SH,0.00561669136238421
2021-09-22,X000408.SZ,0.00585067359218557
2021-09-23,X600886.SH,0.00507136904965467
2021-09-24,X600803.SH,0.00545812151306938
2021-09-27,X002326.SZ,0.00657163960928423
2021-09-28,X002326.SZ,0.00596242139133185
2021-09-29,X000301.SZ,0.00669407061541559
2021-09-30,X600011.SH,0.00616379463314727
2021-10-08,X000723.SZ,0.00574840558777304
2021-10-11,X300037.SZ,0.0060597011601092
2021-10-12,X300037.SZ,0.00597125589348097
2021-10-13,X002407.SZ,0.00509532189128276
2021-10-14,X002271.SZ,0.00651830099333769
2021-10-15,X300037.SZ,0.0063694674793964
2021-10-18,X000792.SZ,0.00633297802510975
2021-10-19,X601699.SH,0.00624953419329523
2021-10-20,X300037.SZ,0.00632556910132628
2021-10-21,X300037.SZ,0.0068419010818442
2021-10-22,X000723.SZ,0.0062054948868862
2021-10-25,X300037.SZ,0.00614613260138237
2021-10-26,X000792.SZ,0.00613379909380724
2021-10-27,X600011.SH,0.00615749251714585
2021-10-28,X000301.SZ,0.0052564305774563
2021-10-29,X600011.SH,0.0060972838349541
2021-11-01,X600011.SH,0.00631859266622432
2021-11-02,X600011.SH,0.00583258312127938
2021-11-03,X002271.SZ,0.00600503670325452
2021-11-04,X600547.SH,0.00634504964440732
2021-11-05,X000723.SZ,0.00677932325906982
2021-11-08,X600660.SH,0.0058858585693913
2021-11-09,X600660.SH,0.00554450498537753
2021-11-10,X600660.SH,0.00480244393138621
2021-11-11,X600660.SH,0.00508054015587049
2021-11-12,X600660.SH,0.00557452294541642
2021-11-15,X600660.SH,0.00600723326748632
2021-11-16,X300037.SZ,0.00629656113856329
2021-11-17,X000792.SZ,0.00675472335392781
2021-11-18,X600660.SH,0.00572771200214745
2021-11-19,X000301.SZ,0.00563546447075704
2021-11-22,X000301.SZ,0.00603698722493999
2021-11-23,X002409.SZ,0.0050895618190394
2021-11-24,X002326.SZ,0.00654495685919587
2021-11-25,X000959.SZ,0.00478615695176804
2021-11-26,X000959.SZ,0.00491206842307605
2021-11-29,X002460.SZ,0.00513477128945604
2021-11-30,X300037.SZ,0.00536926528100924
2021-12-01,X300037.SZ,0.00648866576995359
2021-12-02,X300037.SZ,0.00655247590124178
2021-12-03,X002460.SZ,0.00516486124812956
2021-12-06,X002271.SZ,0.00626865249092323
2021-12-07,X600486.SH,0.00616491576377901
2021-12-08,X300037.SZ,0.00598790758041797
2021-12-09,X300037.SZ,0.00567520092385402
2021-12-10,X002466.SZ,0.00572249354526016
2021-12-13,X002466.SZ,0.00504714693265417
2021-12-14,X300037.SZ,0.00502596232127954
2021-12-15,X300037.SZ,0.00520942064776495
2021-12-16,X300037.SZ,0.0042362885549891
2021-12-17,X300037.SZ,0.00520942696190225
2021-12-20,X002460.SZ,0.00469974554692935
2021-12-21,X002460.SZ,0.00533070248389404
2021-12-22,X601088.SH,0.00447935872275035
2021-12-23,X600486.SH,0.00498743708104366
2021-12-24,X600486.SH,0.00474012051664289
2021-12-27,X600486.SH,0.00553838575443288
2021-12-28,X300037.SZ,0.00535833930594872
2021-12-29,X000301.SZ,0.00443503655331775
2021-12-30,X600378.SH,0.00483595047477082
2021-12-31,X601088.SH,0.00470823350665563
2022-01-04,X000723.SZ,0.00501753458288764
2022-01-05,X600399.SH,0.00389537952086775
2022-01-06,X600660.SH,0.00406855104537423
2022-01-07,X002271.SZ,0.00426491785354099
2022-01-10,X002353.SZ,0.00392237539279598
2022-01-11,X600660.SH,0.00482225360477988
2022-01-12,X002353.SZ,0.0040670152884496
2022-01-13,X002353.SZ,0.00499749409842766
2022-01-14,X600486.SH,0.00432419986650014
2022-01-17,X000786.SZ,0.00396374182815029
2022-01-18,X000408.SZ,0.00424032465123856
2022-01-19,X000786.SZ,0.00402582257563727
2022-01-20,X000792.SZ,0.00407364546937018
2022-01-21,X600547.SH,0.00407727102058215
2022-01-24,X002271.SZ,0.00424154690929249
2022-01-25,X600027.SH,0.00429142013374498
2022-01-26,X000723.SZ,0.00436854602823438
2022-01-27,X000723.SZ,0.00431518904020412
2022-01-28,X002466.SZ,0.00381945097507879
2022-02-07,X600160.SH,0.00441760771854079
2022-02-08,X002460.SZ,0.0040226804237128
2022-02-09,X000723.SZ,0.00421932529463618
2022-02-10,X600157.SH,0.00337460558948526
2022-02-11,X000807.SZ,0.00445112437080182
2022-02-14,X000408.SZ,0.00401689108728402
2022-02-15,X600795.SH,0.00454735942384559
2022-02-16,X600547.SH,0.00476246871923591
2022-02-17,X600660.SH,0.00386225202931354
2022-02-18,X300073.SZ,0.0039914883851434
2022-02-21,X600660.SH,0.00387275901440691
2022-02-22,X600426.SH,0.00445239257432204
2022-02-23,X600660.SH,0.00394990779182371
2022-02-24,X600160.SH,0.00391070101192335
2022-02-25,X000807.SZ,0.00487275290454876
2022-02-28,X000807.SZ,0.00414235027553696
2022-03-01,X600010.SH,0.00444628713490273
2022-03-02,X600886.SH,0.00488335302276408
2022-03-03,X600886.SH,0.00455164865484236
2022-03-04,X600886.SH,0.004748917696788
2022-03-07,X000807.SZ,0.0037346413207482
2022-03-08,X000877.SZ,0.00541786342559959
2022-03-09,X601088.SH,0.00404524620835243
2022-03-10,X000960.SZ,0.00437899125006412
2022-03-11,X600111.SH,0.00421068282149808
2022-03-14,X601857.SH,0.00442012854614014
2022-03-15,X600188.SH,0.00490983616776367
2022-03-16,X601898.SH,0.00545990113980376
2022-03-17,X600426.SH,0.00419446290024449
2022-03-18,X000301.SZ,0.00420096881123501
2022-03-21,X000807.SZ,0.00476083411011653
2022-03-22,X601088.SH,0.00448618764834621
2022-03-23,X000807.SZ,0.00415910973055022
2022-03-24,X000807.SZ,0.00385697032043951
2022-03-25,X600096.SH,0.00426043803104737
2022-03-28,X600378.SH,0.00423017850230883
2022-03-29,X600547.SH,0.00517809339609554
2022-03-30,X000683.SZ,0.00399684540522589
2022-03-31,X600486.SH,0.00427852569812554
2022-04-01,X002460.SZ,0.0048220450049305
2022-04-06,X000807.SZ,0.00446595314013196
2022-04-07,X600886.SH,0.00425967276096569
2022-04-08,X600188.SH,0.00415837470930648
2022-04-11,X002466.SZ,0.0045177659844089
2022-04-12,X600486.SH,0.00358198358781312
2022-04-13,X002460.SZ,0.00448928948437009
2022-04-14,X000301.SZ,0.00438322061000627
2022-04-15,X000683.SZ,0.00433780476822934
2022-04-18,X600426.SH,0.00409611855777527
2022-04-19,X002466.SZ,0.00355007878421866
2022-04-20,X002460.SZ,0.00409753693249959
2022-04-21,X002271.SZ,0.00378780737484234
2022-04-22,X600886.SH,0.00373236523574139
2022-04-25,X600141.SH,0.00446804433417826
2022-04-26,X002271.SZ,0.00458879983555473
2022-04-27,X600886.SH,0.00355302608384613
2022-04-28,X002271.SZ,0.00398028684668625
2022-04-29,X000830.SZ,0.00469371379112828
2022-05-05,X600096.SH,0.00470585482132357
2022-05-06,X002271.SZ,0.00479011035625456
2022-05-09,X600096.SH,0.00419371850634961
2022-05-10,X600141.SH,0.00462643124615276
2022-05-11,X002271.SZ,0.00419223687325481
2022-05-12,X002271.SZ,0.00408855867108332
2022-05-13,X600011.SH,0.00425542040692607
2022-05-16,X600011.SH,0.00415540251294236
2022-05-17,X002271.SZ,0.00341238061156194
2022-05-18,X000786.SZ,0.0040029141555659
2022-05-19,X002466.SZ,0.00368514903520479
2022-05-20,X600141.SH,0.0039941347184424
2022-05-23,X300073.SZ,0.00523553328329986
2022-05-24,X601666.SH,0.00510701344835426
2022-05-25,X000301.SZ,0.00562842314986495
2022-05-26,X002466.SZ,0.00476124431411715
2022-05-27,X000301.SZ,0.00522626566806928
2022-05-30,X601666.SH,0.00467750161675649
2022-05-31,X600188.SH,0.00435670827153032
2022-06-01,X600660.SH,0.00449085012422942
2022-06-02,X600188.SH,0.00415327162216456
2022-06-06,X600188.SH,0.00378847222891166
2022-06-07,X600188.SH,0.00325968950366536
2022-06-08,X002466.SZ,0.00472106784419461
2022-06-09,X002466.SZ,0.00446025939790026
2022-06-10,X600295.SH,0.00359997815344576
2022-06-13,X002466.SZ,0.00428106876493257
2022-06-14,X600660.SH,0.00347228398319096
2022-06-15,X600188.SH,0.00390854909926404
2022-06-16,X600188.SH,0.00430949646326332
2022-06-17,X600660.SH,0.00406852828785867
2022-06-20,X600660.SH,0.00427206722282034
2022-06-21,X600295.SH,0.00530426710327713
2022-06-22,X600011.SH,0.00428139325088262
2022-06-23,X600660.SH,0.00431741784371122
2022-06-24,X002192.SZ,0.00465172477542508
2022-06-27,X600795.SH,0.00326105799879784
2022-06-28,X600795.SH,0.0035899118025798
2022-06-29,X600309.SH,0.00484468228590505
2022-06-30,X600660.SH,0.00405811477579391
2022-07-01,X002353.SZ,0.00431171203868099
2022-07-04,X600795.SH,0.00471712136381311
2022-07-05,X000683.SZ,0.00456372878245043
2022-07-06,X600011.SH,0.00451005880595199
2022-07-07,X600795.SH,0.00444375212163201
2022-07-08,X600011.SH,0.00431485150592079
2022-07-11,X600886.SH,0.00466728998230679
2022-07-12,X600886.SH,0.00470363347953921
2022-07-13,X002353.SZ,0.00435354653265524
2022-07-14,X600886.SH,0.00453841083374346
2022-07-15,X000983.SZ,0.00472147558610115
2022-07-18,X000983.SZ,0.00470788176471863
2022-07-19,X600378.SH,0.00450854052584128
2022-07-20,X000983.SZ,0.00441579474328941
2022-07-21,X002353.SZ,0.00530629950851948
2022-07-22,X002271.SZ,0.00367933933879542
2022-07-25,X002271.SZ,0.0049389485869012
2022-07-26,X600176.SH,0.00457857651668748
2022-07-27,X600795.SH,0.00421874580332886
2022-07-28,X601991.SH,0.00367756728103228
2022-07-29,X601991.SH,0.00347903207266517
2022-08-01,X000629.SZ,0.00327585161268273
2022-08-02,X601898.SH,0.00417117233231628
2022-08-03,X600348.SH,0.00340617826162072
2022-08-04,X002353.SZ,0.00440711687650652
2022-08-05,X000629.SZ,0.00460784979129863
2022-08-08,X002353.SZ,0.00433328922070588
2022-08-09,X600801.SH,0.00386040432858995
2022-08-10,X002353.SZ,0.0040075061241263
2022-08-11,X000983.SZ,0.00382111946249415
2022-08-12,X000629.SZ,0.00367496663149676
2022-08-15,X002353.SZ,0.00393588159496472
2022-08-16,X000629.SZ,0.00360379669814681
2022-08-17,X000629.SZ,0.0037421432109754
2022-08-18,X000983.SZ,0.0041297991838553
2022-08-19,X601898.SH,0.00461497814783514
2022-08-22,X000629.SZ,0.00414037716320779
2022-08-23,X002353.SZ,0.00426859086739748
2022-08-24,X000408.SZ,0.00422754975825397
2022-08-25,X002460.SZ,0.00440573380463981
2022-08-26,X600547.SH,0.00443702886063787
2022-08-29,X002460.SZ,0.00447276624500602
2022-08-30,X600660.SH,0.0041642759074975
2022-08-31,X600795.SH,0.00438838997927319
2022-09-01,X300073.SZ,0.00375780795933585
2022-09-02,X300073.SZ,0.00402072655401391
2022-09-05,X000629.SZ,0.0045232058256182
2022-09-06,X002460.SZ,0.00456040605086646
2022-09-07,X002460.SZ,0.00413447569831437
2022-09-08,X000301.SZ,0.00421914158354152
2022-09-09,X000708.SZ,0.00432138959822794
2022-09-13,X000708.SZ,0.00289680245802404
2022-09-14,X000708.SZ,0.00356145983907257
2022-09-15,X000708.SZ,0.0036986648153431
2022-09-16,X000708.SZ,0.00334564844006582
2022-09-19,X000708.SZ,0.00446016197419954
2022-09-20,X000708.SZ,0.00360766943958292
2022-09-21,X000408.SZ,0.00319233291716627
2022-09-22,X000708.SZ,0.00370149177991244
2022-09-23,X600886.SH,0.00387254255897924
2022-09-26,X000983.SZ,0.00379856183117845
2022-09-27,X600426.SH,0.00397272069300996
2022-09-28,X000708.SZ,0.00370365835670698
2022-09-29,X000708.SZ,0.00377614978431429
2022-09-30,X600985.SH,0.00418376848236084
2022-10-10,X002353.SZ,0.00376840723622556
2022-10-11,X600111.SH,0.00398912047254456
2022-10-12,X002271.SZ,0.00388491636739219
2022-10-13,X000708.SZ,0.00331606287661608
2022-10-14,X000708.SZ,0.0028560522571418
2022-10-17,X000708.SZ,0.00253854410618109
2022-10-18,X000708.SZ,0.0031406064775899
2022-10-19,X600378.SH,0.00319416825706119
2022-10-20,X000708.SZ,0.00275136360018259
2022-10-21,X000408.SZ,0.00266110609668239
2022-10-24,X600160.SH,0.00311079341672785
2022-10-25,X000708.SZ,0.00342294690620579
2022-10-26,X600160.SH,0.00293697251721697
2022-10-27,X000708.SZ,0.00317148646662888
2022-10-28,X000708.SZ,0.00326854971476834
2022-10-31,X600660.SH,0.00306016050088142
2022-11-01,X600378.SH,0.00367902577517572
2022-11-02,X600378.SH,0.00293144609425453
2022-11-03,X600176.SH,0.00273101293296044
2022-11-04,X600399.SH,0.00378681956034407
2022-11-07,X600399.SH,0.00343679547636044
2022-11-08,X000983.SZ,0.00346276022936055
2022-11-09,X000983.SZ,0.00332310948754087
2022-11-10,X600309.SH,0.00335638734320314
2022-11-11,X600886.SH,0.0035778856019076
2022-11-14,X600660.SH,0.00388896798745753
2022-11-15,X600995.SH,0.00319300277459533
2022-11-16,X600995.SH,0.00377488165898427
2022-11-17,X600886.SH,0.00414594740644684
2022-11-18,X600011.SH,0.00376093460658782
2022-11-21,X600219.SH,0.00290742978558538
2022-11-22,X600176.SH,0.00361256932992333
2022-11-23,X600160.SH,0.00359714866676984
2022-11-24,X600219.SH,0.00360550898618038
2022-11-25,X601699.SH,0.00346716566763378
2022-11-28,X600995.SH,0.00365812052528563
2022-11-29,X601699.SH,0.00342568407730474
2022-11-30,X600219.SH,0.00359256497818821
2022-12-01,X000301.SZ,0.00355931822622277
2022-12-02,X600795.SH,0.00367678012518939
2022-12-05,X600995.SH,0.00379975574507411
2022-12-06,X600188.SH,0.00379656260036211
2022-12-07,X600995.SH,0.0036918969599983
2022-12-08,X600188.SH,0.00345946115724533
2022-12-09,X600995.SH,0.00371096804965199
2022-12-12,X600995.SH,0.00365598768367414
2022-12-13,X600188.SH,0.00398151243556831
2022-12-14,X000301.SZ,0.00357711777803424
2022-12-15,X600886.SH,0.00354181589419042
2022-12-16,X601088.SH,0.00309692330807258
2022-12-19,X601088.SH,0.00307586483463247
2022-12-20,X000301.SZ,0.00293126512556045
2022-12-21,X000301.SZ,0.00321761026286213
2022-12-22,X600028.SH,0.00360636355840611
2022-12-23,X600028.SH,0.00303960779060676
2022-12-26,X600803.SH,0.00333886589853261
2022-12-27,X600378.SH,0.00330846477405063
2022-12-28,X600011.SH,0.00271421461896419
2022-12-29,X600886.SH,0.00289622773449564
2022-12-30,X600011.SH,0.00273748418073886
2023-01-03,X600803.SH,0.00326259000182772
2023-01-04,X600011.SH,0.00296285108939136
2023-01-05,X600011.SH,0.00305756858803585
2023-01-06,X600803.SH,0.00274264869509435
2023-01-09,X600803.SH,0.00310124479366022
2023-01-10,X600096.SH,0.00344411987174596
2023-01-11,X600027.SH,0.00325582029302527
2023-01-12,X600886.SH,0.00355282136860404
2023-01-13,X600886.SH,0.00336095700015749
2023-01-16,X600547.SH,0.00317695239281375
2023-01-17,X600011.SH,0.00347280139893591
2023-01-18,X600547.SH,0.00334417718682424
2023-01-19,X002466.SZ,0.00338895265678118
2023-01-20,X002466.SZ,0.00331989723856589
2023-01-30,X002466.SZ,0.00307402720845464
2023-01-31,X600489.SH,0.00300621793685096
2023-02-01,X601088.SH,0.00315370380843345
2023-02-02,X601088.SH,0.00319383226819822
2023-02-03,X600096.SH,0.00335701860209235
2023-02-06,X600096.SH,0.00238622456088694
2023-02-07,X600096.SH,0.00197439725234939
2023-02-08,X600096.SH,0.00257938804150285
2023-02-09,X600096.SH,0.00248441651442535
2023-02-10,X600096.SH,0.00251369094771146
2023-02-13,X601088.SH,0.00257202834423164
2023-02-14,X600309.SH,0.00223077172648443
2023-02-15,X600096.SH,0.00248909934463128
2023-02-16,X600309.SH,0.00256129874426609
2023-02-17,X600309.SH,0.00232138314890877
2023-02-20,X600426.SH,0.00244069522185095
2023-02-21,X600426.SH,0.00252491492531008
2023-02-22,X600309.SH,0.00295287935603692
2023-02-23,X600426.SH,0.00245269600218783
2023-02-24,X600309.SH,0.00258678477334744
2023-02-27,X600309.SH,0.00255487795069601
2023-02-28,X600309.SH,0.00258123126353322
2023-03-01,X600309.SH,0.0021708171624224
2023-03-02,X600426.SH,0.00205212867738687
2023-03-03,X600011.SH,0.00229318290108936
2023-03-06,X600426.SH,0.00247421438411692
2023-03-07,X600011.SH,0.00261827877597162
2023-03-08,X600011.SH,0.00256891987205724
2023-03-09,X600011.SH,0.00265877649998579
2023-03-10,X600309.SH,0.00211800334393303
2023-03-13,X600309.SH,0.00248120055583451
2023-03-14,X000831.SZ,0.00258009005243806
2023-03-15,X600309.SH,0.00250842349885609
2023-03-16,X600378.SH,0.00236643900239848
2023-03-17,X600309.SH,0.00231772799148314
2023-03-20,X600309.SH,0.00226049785794181
2023-03-21,X600309.SH,0.00230401300336761
2023-03-22,X600309.SH,0.00221617248966041
2023-03-23,X600362.SH,0.00254990881794645
2023-03-24,X600660.SH,0.00280934525826829
2023-03-27,X600426.SH,0.00257615936851066
2023-03-28,X600803.SH,0.00259525781339295
2023-03-29,X600309.SH,0.00241813604394648
2023-03-30,X600362.SH,0.00227401931821589
2023-03-31,X600803.SH,0.00260942281459802
2023-04-03,X600028.SH,0.00270762575126818
2023-04-04,X000792.SZ,0.00280338094060416
2023-04-06,X000831.SZ,0.00281963680102582
2023-04-07,X600688.SH,0.00237910655368557
2023-04-10,X600028.SH,0.00265553081051449
2023-04-11,X000831.SZ,0.00249646242094908
2023-04-12,X600309.SH,0.00255512040581925
2023-04-13,X600309.SH,0.00263624211933466
2023-04-14,X000831.SZ,0.00205229850390531
2023-04-17,X000831.SZ,0.00195137941405054
2023-04-18,X600309.SH,0.00249729870596895
2023-04-19,X600028.SH,0.00289241694268081
2023-04-20,X600309.SH,0.00237057284082902
2023-04-21,X600176.SH,0.00259578129162722
2023-04-24,X000786.SZ,0.00238423480719226
2023-04-25,X600309.SH,0.00273000103781046
2023-04-26,X000831.SZ,0.00222618847605655
2023-04-27,X600027.SH,0.00270046785323797
2023-04-28,X000786.SZ,0.00259448408451847
2023-05-04,X000786.SZ,0.00236624494390428
2023-05-05,X600160.SH,0.00241957889118115
2023-05-08,X600160.SH,0.00251701287237551
2023-05-09,X000786.SZ,0.00248135846039526
2023-05-10,X000792.SZ,0.00252086027488225
2023-05-11,X000786.SZ,0.00252080464645298
2023-05-12,X600585.SH,0.00244464324563369
2023-05-15,X000786.SZ,0.0026260180042175
2023-05-16,X600011.SH,0.00266964942951122
2023-05-17,X601898.SH,0.00283354682608414
2023-05-18,X601898.SH,0.00285452279366071
2023-05-19,X002466.SZ,0.00254283252777191
2023-05-22,X600309.SH,0.00250676652030705
2023-05-23,X002466.SZ,0.00240132467030072
2023-05-24,X600803.SH,0.00265854089587154
2023-05-25,X600886.SH,0.00234988008277122
2023-05-26,X300037.SZ,0.00230364399149591
2023-05-29,X300037.SZ,0.0026460896239915
2023-05-30,X002466.SZ,0.00258764263376615
2023-05-31,X000786.SZ,0.00248834748738199
2023-06-01,X000786.SZ,0.00229213778591275
2023-06-02,X000786.SZ,0.00278175821998614
2023-06-05,X600803.SH,0.00190836893839011
2023-06-06,X601088.SH,0.00257486191223263
2023-06-07,X000708.SZ,0.00289822805280465
2023-06-08,X600803.SH,0.0022807157251989
2023-06-09,X600803.SH,0.00231390211991568
2023-06-12,X600803.SH,0.00232832033426232
2023-06-13,X601088.SH,0.00256985817939941
2023-06-14,X600176.SH,0.00302615929761156
2023-06-15,X600803.SH,0.00312006169797941
2023-06-16,X600489.SH,0.00272902374414134
2023-06-19,X600176.SH,0.00231914810307319
2023-06-20,X600176.SH,0.00231418674462865
2023-06-21,X600547.SH,0.00265804961723547
2023-06-26,X601699.SH,0.00264903919235496
2023-06-27,X000539.SZ,0.00245129166057071
2023-06-28,X600547.SH,0.00269948148546419
2023-06-29,X002466.SZ,0.00274130387289618
2023-06-30,X600489.SH,0.00330696657908908
2023-07-03,X601088.SH,0.00321513999147098
2023-07-04,X600309.SH,0.00302399019624576
2023-07-05,X600585.SH,0.00305679087546204
2023-07-06,X600803.SH,0.00242997415347953
2023-07-07,X600111.SH,0.00288565767594099
2023-07-10,X600489.SH,0.00271578598803052
2023-07-11,X600157.SH,0.00302468757274263
2023-07-12,X600111.SH,0.00300326988367323
2023-07-13,X600803.SH,0.00316660862877512
2023-07-14,X600111.SH,0.00288274600288367
2023-07-17,X000027.SZ,0.0030684027509288
2023-07-18,X600612.SH,0.0021090416960756
2023-07-19,X000723.SZ,0.00293287125235994
2023-07-20,X600612.SH,0.00219910042280284
2023-07-21,X002460.SZ,0.00233724616584139
2023-07-24,X600612.SH,0.0026869178509522
2023-07-25,X600612.SH,0.00255425000350274
2023-07-26,X000933.SZ,0.00270055748310321
2023-07-27,X600612.SH,0.00220813115633448
2023-07-28,X600028.SH,0.00257441569579473
2023-07-31,X600803.SH,0.00242525148063975
2023-08-01,X600028.SH,0.00252011059283023
2023-08-02,X600028.SH,0.00288922238040377
2023-08-03,X002409.SZ,0.00220707699540945
2023-08-04,X002460.SZ,0.00254848795521347
2023-08-07,X600028.SH,0.00246542898778412
2023-08-08,X600803.SH,0.00217642524516494
2023-08-09,X600157.SH,0.00175453363985751
2023-08-10,X600378.SH,0.0025616615365622
2023-08-11,X601600.SH,0.00255869126974573
2023-08-14,X000786.SZ,0.00233992419473645
2023-08-15,X000807.SZ,0.00275852253494679
2023-08-16,X601857.SH,0.00234558789034556
2023-08-17,X600612.SH,0.00270208410379731
2023-08-18,X600176.SH,0.00254601389779003
2023-08-21,X600612.SH,0.0022019851790251
2023-08-22,X600612.SH,0.00237452792166197
2023-08-23,X000807.SZ,0.0025344595755908
2023-08-24,X002460.SZ,0.00252616224465121
2023-08-25,X601857.SH,0.00175578649571646
2023-08-28,X601857.SH,0.00176222995973512
2023-08-29,X601857.SH,0.00224711012809998
2023-08-30,X600803.SH,0.00205259895882794
2023-08-31,X000807.SZ,0.00207174644592456
2023-09-01,X000408.SZ,0.00218135565122594
2023-09-04,X000932.SZ,0.00229500674879295
2023-09-05,X600547.SH,0.00199563841699841
2023-09-06,X600547.SH,0.00214597388822272
2023-09-07,X600547.SH,0.00218168646954338
2023-09-08,X000932.SZ,0.00223320744758094
2023-09-11,X601991.SH,0.00235843223010246
2023-09-12,X600547.SH,0.00222293582580749
2023-09-13,X600547.SH,0.00227295276069647
2023-09-14,X600612.SH,0.00247281311865113
2023-09-15,X000807.SZ,0.00207201494272456
2023-09-18,X000408.SZ,0.00201592923847849
2023-09-19,X000408.SZ,0.00212707120737296
2023-09-20,X601088.SH,0.00224429198382914
2023-09-21,X000408.SZ,0.00223164997152955
2023-09-22,X601857.SH,0.00211618050402255
2023-09-25,X600886.SH,0.00248092739691724
2023-09-26,X000807.SZ,0.00249278451735045
2023-09-27,X600612.SH,0.00246118311998745
2023-09-28,X600160.SH,0.00180394744282768
2023-10-09,X600612.SH,0.00207719462982086
2023-10-10,X002409.SZ,0.00230394414689322
2023-10-11,X600612.SH,0.00191714338850624
2023-10-12,X002409.SZ,0.00205914599069908
2023-10-13,X600426.SH,0.00255312820627155
2023-10-16,X600160.SH,0.00214516324680915
2023-10-17,X600160.SH,0.00260031526470952
2023-10-18,X600886.SH,0.0025052960464275
2023-10-19,X002466.SZ,0.0024392760419277
2023-10-20,X600612.SH,0.0024249505763142
2023-10-23,X600160.SH,0.00231451532845894
2023-10-24,X600660.SH,0.0023804837132215
2023-10-25,X600160.SH,0.00175165886934063
2023-10-26,X600111.SH,0.00219406663403682
2023-10-27,X600886.SH,0.00235645546493707
2023-10-30,X600176.SH,0.00219924214660444
2023-10-31,X600176.SH,0.00206091122335262
2023-11-01,X600176.SH,0.0022414164101639
2023-11-02,X600176.SH,0.00209130920726879
2023-11-03,X600160.SH,0.00207441258734934
2023-11-06,X600176.SH,0.00239272651076216
2023-11-07,X002080.SZ,0.00251514585710898
2023-11-08,X600160.SH,0.00225369149293954
2023-11-09,X600160.SH,0.00221590324817102
2023-11-10,X600160.SH,0.00210385535170442
2023-11-13,X600160.SH,0.00182720255343837
2023-11-14,X600160.SH,0.00184887300962996
2023-11-15,X600160.SH,0.00238446094652261
2023-11-16,X300037.SZ,0.00226429316507797
2023-11-17,X600160.SH,0.00244173890901294
2023-11-20,X601699.SH,0.002581741032233
2023-11-21,X600160.SH,0.00217074273285365
2023-11-22,X600188.SH,0.00220357579706584
2023-11-23,X300037.SZ,0.00251967683132587
2023-11-24,X600027.SH,0.00251788670641954
2023-11-27,X600160.SH,0.00264432476988406
2023-11-28,X600027.SH,0.00255912768157702
2023-11-29,X600309.SH,0.00215448813886968
2023-11-30,X600426.SH,0.00253208325554614
2023-12-01,X600309.SH,0.00244340684701647
2023-12-04,X600309.SH,0.00271189600748441
2023-12-05,X600160.SH,0.00215607853362373
2023-12-06,X000877.SZ,0.00210983471435997
2023-12-07,X600362.SH,0.00249809475605147
2023-12-08,X000877.SZ,0.00225518396882457
2023-12-11,X600547.SH,0.00208685815718919
2023-12-12,X600309.SH,0.00215315899895086
2023-12-13,X600985.SH,0.00230247947802161
2023-12-14,X600985.SH,0.00225500558676477
2023-12-15,X600985.SH,0.00233064093730105
2023-12-18,X600985.SH,0.00198458045179611
2023-12-19,X600985.SH,0.00171927731550023
2023-12-20,X600547.SH,0.00217403523770387
2023-12-21,X600585.SH,0.00218683706142174
2023-12-22,X600309.SH,0.00180980014031034
2023-12-25,X600612.SH,0.00228471906672615
2023-12-26,X600309.SH,0.0022471524265436
2023-12-27,X600985.SH,0.00272856596475343
2023-12-28,X600612.SH,0.00189628696611292
2023-12-29,X600612.SH,0.00188151760833709
2024-01-02,X000932.SZ,0.00225881137175072
2024-01-03,X600612.SH,0.00202066300958146
2024-01-04,X600612.SH,0.00222066286744854
2024-01-05,X600612.SH,0.00209277182744414
2024-01-08,X600309.SH,0.00197761331328463
2024-01-09,X600547.SH,0.0027667742917911
2024-01-10,X600803.SH,0.00258779530897863
2024-01-11,X000408.SZ,0.00239787203824763
2024-01-12,X600309.SH,0.00185797432393827
2024-01-15,X600309.SH,0.00258858394816173
2024-01-16,X600309.SH,0.00227300861053005
2024-01-17,X600612.SH,0.00246172162321821
2024-01-18,X600309.SH,0.00224114826985521
2024-01-19,X600612.SH,0.00246257258775357
2024-01-22,X600426.SH,0.00227715791987696
2024-01-23,X600309.SH,0.0023687499622656
2024-01-24,X600309.SH,0.00245970314842072
2024-01-25,X600309.SH,0.00185588781159391
2024-01-26,X600309.SH,0.00196555802332432
2024-01-29,X000408.SZ,0.00261203067071512
2024-01-30,X000408.SZ,0.00252824425628259
2024-01-31,X600660.SH,0.00235146407687598
2024-02-01,X000408.SZ,0.00250307288456082
2024-02-02,X000786.SZ,0.00247233163662194
2024-02-05,X600010.SH,0.00254085340627221
2024-02-06,X000786.SZ,0.00251858520256035
2024-02-07,X000983.SZ,0.00284462498072848
2024-02-08,X600027.SH,0.00278007443965129
2024-02-19,X000792.SZ,0.00234264789428211
2024-02-20,X600426.SH,0.00248914813486026
2024-02-21,X600660.SH,0.00268732278433277
2024-02-22,X600660.SH,0.0027740735402758
2024-02-23,X600028.SH,0.00289781856627393
2024-02-26,X600028.SH,0.00244571204517705
2024-02-27,X600660.SH,0.00241371439438199
2024-02-28,X601088.SH,0.00217397173177111
2024-02-29,X600160.SH,0.00231814085502713
2024-03-01,X600660.SH,0.00237748740102934
2024-03-04,X000877.SZ,0.00259952061447493
2024-03-05,X000027.SZ,0.00261730818139962
2024-03-06,X600160.SH,0.00275979434241953
2024-03-07,X002353.SZ,0.00235903504991557
2024-03-08,X000786.SZ,0.00284968829920784
2024-03-11,X600995.SH,0.00216786863720883
2024-03-12,X600660.SH,0.00264313687020451
2024-03-13,X600010.SH,0.00306856029239912
2024-03-14,X601699.SH,0.00306899392428331
2024-03-15,X000786.SZ,0.00286811568866416
2024-03-18,X002466.SZ,0.00256569687096779
2024-03-19,X002466.SZ,0.00353296485948267
2024-03-20,X600803.SH,0.00316211883062689
2024-03-21,X600160.SH,0.00310686655825707
2024-03-22,X000408.SZ,0.00300156597686553
2024-03-25,X000786.SZ,0.00234733497123666
2024-03-26,X000408.SZ,0.00296147079880785
2024-03-27,X000786.SZ,0.00265948821447231
2024-03-28,X600803.SH,0.00258893818821402
2024-03-29,X002466.SZ,0.00233033789920286
2024-04-01,X000408.SZ,0.00235857476919663
2024-04-02,X002466.SZ,0.00287258889688269
2024-04-03,X002466.SZ,0.00263358793569616
2024-04-08,X000408.SZ,0.00281700748534926
2024-04-09,X000786.SZ,0.00264622246594782
2024-04-10,X600660.SH,0.00278087543489029
2024-04-11,X600585.SH,0.0025120866843091
2024-04-12,X600585.SH,0.00269143911118753
2024-04-15,X600176.SH,0.00286357784808061
2024-04-16,X600660.SH,0.00283038269553109
2024-04-17,X000933.SZ,0.0026886950454252
2024-04-18,X600660.SH,0.00327612397742494
2024-04-19,X601699.SH,0.0030627033526765
2024-04-22,X600660.SH,0.00253936633930866
2024-04-23,X600585.SH,0.00301363174120169
2024-04-24,X000933.SZ,0.00297019686071243
2024-04-25,X002466.SZ,0.0030823800396632
2024-04-26,X002466.SZ,0.00276060189687461
2024-04-29,X600426.SH,0.0028908753711056
2024-04-30,X600585.SH,0.00263998106391472
2024-05-06,X000933.SZ,0.00350051112705317
2024-05-07,X000933.SZ,0.00291404515014789
2024-05-08,X002466.SZ,0.00309501906562839
2024-05-09,X002466.SZ,0.0031052014036459
2024-05-10,X000933.SZ,0.00240916626112499
2024-05-13,X000933.SZ,0.00296771734738342
2024-05-14,X000933.SZ,0.00298849192927096
2024-05-15,X002353.SZ,0.0033103810483806
2024-05-16,X002466.SZ,0.00313850090891803
2024-05-17,X000933.SZ,0.00295470283334166
2024-05-20,X002466.SZ,0.00322758877593801
2024-05-21,X600348.SH,0.00298042864837663
2024-05-22,X600660.SH,0.00288812245875847
2024-05-23,X600660.SH,0.00322436799977464
2024-05-24,X600660.SH,0.00318541706400412
2024-05-27,X600660.SH,0.00290474977895549
2024-05-28,X000933.SZ,0.00307669371684384
2024-05-29,X601699.SH,0.00318342147018852
2024-05-30,X601699.SH,0.00336938907044576
2024-05-31,X600660.SH,0.00311719459895994
2024-06-03,X601699.SH,0.00313609393327637
2024-06-04,X600660.SH,0.00339125927635094
2024-06-05,X601699.SH,0.00314463222420003
2024-06-06,X002353.SZ,0.00328775042928387
2024-06-07,X002353.SZ,0.00296300098389804
2024-06-11,X601699.SH,0.00307500705403734
2024-06-12,X000877.SZ,0.00298999334152134
2024-06-13,X601699.SH,0.00305913174960825
2024-06-14,X000877.SZ,0.00273098120188637
2024-06-17,X601699.SH,0.00279079958997141
2024-06-18,X000877.SZ,0.00280565992397393
2024-06-19,X000877.SZ,0.00231154295717797
2024-06-20,X000877.SZ,0.0031911771581778
2024-06-21,X601088.SH,0.00292394254071141
2024-06-24,X600426.SH,0.00240369541113008
2024-06-25,X000877.SZ,0.00269499425546143
2024-06-26,X000877.SZ,0.00302391532958024
2024-06-27,X600660.SH,0.00283952744630694
2024-06-28,X600612.SH,0.00253869954384307
2024-07-01,X000877.SZ,0.00238666056337823
2024-07-02,X600160.SH,0.00284566891105243
2024-07-03,X601088.SH,0.00281003502745687
2024-07-04,X002466.SZ,0.00278981595284346
2024-07-05,X000933.SZ,0.00263002349736773
2024-07-08,X002466.SZ,0.00257496549252102
2024-07-09,X601991.SH,0.00254189685727104
2024-07-10,X601991.SH,0.00251717926735212
2024-07-11,X002409.SZ,0.00293944499091579
2024-07-12,X600660.SH,0.00273003949894347
2024-07-15,X600011.SH,0.00295290016750924
2024-07-16,X600027.SH,0.00291295191077154
2024-07-17,X600309.SH,0.00244174121119116
2024-07-18,X002466.SZ,0.00269013940031945
2024-07-19,X002466.SZ,0.00262554756913789
2024-07-22,X000933.SZ,0.00292485777971785
2024-07-23,X600309.SH,0.00284572337634578
2024-07-24,X000933.SZ,0.00241645618030181
2024-07-25,X600803.SH,0.00232925574244037
2024-07-26,X000877.SZ,0.00277501368527024
2024-07-29,X600176.SH,0.00293901144238158
2024-07-30,X600176.SH,0.00285824881180139
2024-07-31,X600489.SH,0.00271282078855177
2024-08-01,X601991.SH,0.00276671357350214
2024-08-02,X600489.SH,0.00271823826893719
2024-08-05,X600027.SH,0.00244016522828423
2024-08-06,X601991.SH,0.00253489163045891
2024-08-07,X000932.SZ,0.00259216008366678
2024-08-08,X000932.SZ,0.0024725410381199
2024-08-09,X000932.SZ,0.00270762444061589
2024-08-12,X600027.SH,0.00215738459007961
2024-08-13,X601168.SH,0.00264117887018126
2024-08-14,X600378.SH,0.0026507357252483
2024-08-15,X600489.SH,0.0023167637131897
2024-08-16,X601168.SH,0.00243747715170374
2024-08-19,X601168.SH,0.00239365391653734
2024-08-20,X601168.SH,0.00248230742109237
2024-08-21,X600160.SH,0.00256575405859035
2024-08-22,X601168.SH,0.00242802742431904
2024-08-23,X000932.SZ,0.00251955166336077
2024-08-26,X600489.SH,0.00257856536170667
2024-08-27,X002466.SZ,0.00266269754930223
2024-08-28,X002466.SZ,0.00257053049296178
2024-08-29,X600378.SH,0.00259077126647642
2024-08-30,X600027.SH,0.00269664921935473
2024-09-02,X600027.SH,0.00264094061668933
2024-09-03,X600027.SH,0.00251853817767538
2024-09-04,X000301.SZ,0.00289000271931515
2024-09-05,X000301.SZ,0.0028384206010819
2024-09-06,X000301.SZ,0.00276634373943485
2024-09-09,X600378.SH,0.00239256880445796
2024-09-10,X601168.SH,0.00302546954328573
2024-09-11,X600309.SH,0.00253268162978125
2024-09-12,X600309.SH,0.00262802165859883
2024-09-13,X600309.SH,0.00282358142994513
2024-09-18,X600489.SH,0.00278465197853209
2024-09-19,X601168.SH,0.00287051259799982
2024-09-20,X000807.SZ,0.00277820732488522
2024-09-23,X600160.SH,0.00212039077759099
2024-09-24,X600426.SH,0.00262619791564384
2024-09-25,X600886.SH,0.00255809159512896
2024-09-26,X600160.SH,0.00273631859004122
2024-09-27,X600886.SH,0.00273823833420526
2024-09-30,X600803.SH,0.00287477411286101
2024-10-08,X600426.SH,0.00294936471076794
2024-10-09,X600660.SH,0.00294401453794301
2024-10-10,X600299.SH,0.00292789300033995
2024-10-11,X600660.SH,0.00287742720668283
2024-10-14,X600299.SH,0.00297319916791126
2024-10-15,X600299.SH,0.00281215318340109
2024-10-16,X000786.SZ,0.00350338504630197
2024-10-17,X002466.SZ,0.00339110955550485
2024-10-18,X600660.SH,0.00314337942748972
2024-10-21,X600660.SH,0.00323449878971457
2024-10-22,X600299.SH,0.00290974964811365
2024-10-23,X601600.SH,0.0036523692453759
2024-10-24,X600299.SH,0.00305622813237317
2024-10-25,X002271.SZ,0.00342986905215545
2024-10-28,X600660.SH,0.00368724865411466
2024-10-29,X600660.SH,0.00312209825308828
2024-10-30,X600660.SH,0.00299790212385999
2024-10-31,X000708.SZ,0.00352912230405915
2024-11-01,X600028.SH,0.00361514691476102
2024-11-04,X002271.SZ,0.0032923777984458
2024-11-05,X600027.SH,0.00315111638637116
2024-11-06,X600028.SH,0.00296685060853563
2024-11-07,X002271.SZ,0.00374173770517063
2024-11-08,X002271.SZ,0.00357417669563934
2024-11-11,X002409.SZ,0.00297991719804067
2024-11-12,X002271.SZ,0.00283191599215343
2024-11-13,X002271.SZ,0.00274375591223796
2024-11-14,X002271.SZ,0.00400888248481217
2024-11-15,X000792.SZ,0.00353262909398631
2024-11-18,X600157.SH,0.00280847573868506
2024-11-19,X600660.SH,0.00258685112304452
2024-11-20,X600157.SH,0.00312736571555668
2024-11-21,X600157.SH,0.00356663680420437
2024-11-22,X000301.SZ,0.0034064006829524
2024-11-25,X600096.SH,0.00380088495788276
2024-11-26,X600660.SH,0.00271171037140779
2024-11-27,X600157.SH,0.0025094934702318
2024-11-28,X600157.SH,0.00283477166486576
2024-11-29,X600660.SH,0.00260593084529521
2024-12-02,X600028.SH,0.00365207577412201
2024-12-03,X600660.SH,0.00326676107652748
2024-12-04,X600426.SH,0.00414247519273201
2024-12-05,X000877.SZ,0.00380335017678081
2024-12-06,X600660.SH,0.00287627662174643
2024-12-09,X600660.SH,0.00336489097396918
2024-12-10,X600660.SH,0.00313553279760574
2024-12-11,X600160.SH,0.00344500128083016
2024-12-12,X600378.SH,0.00308422520393275
2024-12-13,X000301.SZ,0.00329531410157685
2024-12-16,X000301.SZ,0.00254808053462072
2024-12-17,X600660.SH,0.00275915198003929
2024-12-18,X600660.SH,0.00280837623060818
2024-12-19,X600660.SH,0.00274172836667414
2024-12-20,X600660.SH,0.00268465783076095
2024-12-23,X600378.SH,0.00322414327584236
2024-12-24,X000301.SZ,0.00325196532662455
2024-12-25,X600378.SH,0.00374277904900325
2024-12-26,X002128.SZ,0.00314896793575801
2024-12-27,X600027.SH,0.00368585796485089
2024-12-30,X600795.SH,0.00385194150572096
2024-12-31,X600585.SH,0.00329429236904702
2025-01-02,X600886.SH,0.00308150172837217
2025-01-03,X600886.SH,0.00338759128579365
2025-01-06,X600378.SH,0.00287886290461127
2025-01-07,X600378.SH,0.00258415143433702
2025-01-08,X600795.SH,0.0033732389766807
2025-01-09,X601898.SH,0.00311479654304519
2025-01-10,X002353.SZ,0.00312101194702005
2025-01-13,X002353.SZ,0.0030018660010719
2025-01-14,X600160.SH,0.00300531315360908
2025-01-15,X000831.SZ,0.00311146993165631
2025-01-16,X000807.SZ,0.00314042750670385
2025-01-17,X600010.SH,0.00311174926259842
2025-01-20,X601898.SH,0.00315402284831536
2025-01-21,X600299.SH,0.00306067247666961
2025-01-22,X600299.SH,0.00291303221707212
2025-01-23,X600299.SH,0.00257957619908492
2025-01-24,X600010.SH,0.00339892105629979
2025-01-27,X600157.SH,0.0029657322479601
