Date,Year,Month,FRM_5_HighCarbonIntens,FRM_1_HighCarbonIntens,FRM_10_HighCarbonIntens,FRM_5_LowCarbonIntens,FRM_1_LowCarbonIntens,FRM_10_LowCarbonIntens,CARDI_5P,CARDI_1P,CARDI_10P
2014-10-15,2014,10,0.034268,0.006675,0.068905,0.033767,0.006274,0.070119,1.0148369710072,1.06391456805865,0.982686575678489
2014-10-16,2014,10,0.036191,0.006528,0.069514,0.03442,0.006349,0.071831,1.05145264381174,1.02819341628603,0.967743731814955
2014-10-17,2014,10,0.035465,0.006683,0.071986,0.032326,0.006428,0.069233,1.09710449792736,1.03967019290604,1.03976427426227
2014-10-20,2014,10,0.03524,0.00686,0.071107,0.034329,0.006215,0.06854,1.02653732995427,1.10378117457763,1.03745258243362
2014-10-21,2014,10,0.035112,0.006869,0.076124,0.034441,0.006083,0.070022,1.01948259342063,1.12921255959231,1.08714404044443
2014-10-22,2014,10,0.036866,0.006703,0.089722,0.034674,0.005955,0.071948,1.06321739632001,1.12560873215785,1.2470395285484
2014-10-23,2014,10,0.035791,0.006889,0.07756,0.034887,0.006552,0.072679,1.02591223091696,1.05143467643468,1.06715832633911
2014-10-24,2014,10,0.038335,0.007042,0.079242,0.032699,0.006004,0.069388,1.17236001100951,1.17288474350433,1.14201302818931
2014-10-27,2014,10,0.035495,0.006845,0.08672,0.03495,0.00599,0.069118,1.01559370529328,1.14273789649416,1.25466593362076
2014-10-28,2014,10,0.03566,0.006492,0.071632,0.03331,0.006132,0.068727,1.0705493845692,1.0587084148728,1.0422686862514
2014-10-29,2014,10,0.035498,0.006899,0.088425,0.032846,0.006042,0.069699,1.0807404250137,1.14184045018206,1.26866956484311
2014-10-30,2014,10,0.034626,0.006687,0.077117,0.034497,0.00664,0.065982,1.00373945560484,1.00707831325301,1.16875814616107
2014-10-31,2014,10,0.034144,0.006449,0.080695,0.033242,0.006606,0.066906,1.02713434811383,0.976233726914926,1.2060951185245
2014-11-03,2014,11,0.038836,0.006753,0.086607,0.034153,0.006457,0.068247,1.13711826193892,1.04584172216199,1.26902281418963
2014-11-04,2014,11,0.036022,0.006767,0.0762,0.033892,0.006121,0.067147,1.06284668948424,1.10553831073354,1.13482359599089
2014-11-05,2014,11,0.033896,0.006749,0.073762,0.033421,0.006109,0.066539,1.01421262080728,1.10476346374202,1.10855287876283
2014-11-06,2014,11,0.035725,0.006805,0.071318,0.033717,0.006197,0.066999,1.05955452738974,1.09811198967242,1.06446364871117
2014-11-07,2014,11,0.034885,0.006418,0.071325,0.034405,0.006471,0.069289,1.01395146054353,0.991809612115593,1.02938417353404
2014-11-10,2014,11,0.034682,0.006533,0.073096,0.034541,0.00639,0.069156,1.00408210532411,1.02237871674491,1.056972641564
2014-11-11,2014,11,0.034703,0.006626,0.072007,0.035456,0.006615,0.074572,0.978762409747292,1.00166288737717,0.965603711848951
2014-11-12,2014,11,0.034129,0.006238,0.073232,0.035642,0.006759,0.074503,0.957550081364682,0.922917591359669,0.982940284283854
2014-11-13,2014,11,0.03463,0.006505,0.072719,0.035444,0.006593,0.072553,0.977034194786142,0.986652510238131,1.00228798257825
2014-11-14,2014,11,0.032982,0.006292,0.07263,0.036382,0.006391,0.073225,0.906547193667198,0.984509466437177,0.991874359849778
2014-11-17,2014,11,0.034325,0.006288,0.071287,0.035199,0.006077,0.074049,0.975169749140601,1.03472107948001,0.962700374076625
2014-11-18,2014,11,0.032362,0.00613,0.067537,0.034223,0.00621,0.070311,0.945621365748181,0.987117552334944,0.960546713885452
2014-11-19,2014,11,0.032678,0.006232,0.072391,0.033703,0.006269,0.072653,0.969587277096994,0.994097942255543,0.996393817185801
2014-11-20,2014,11,0.03355,0.006234,0.070372,0.033744,0.006283,0.069575,0.994250829777146,0.992201177781315,1.01145526410349
2014-11-21,2014,11,0.031522,0.005881,0.070764,0.033502,0.006237,0.071269,0.940899050802937,0.94292127625461,0.992914170256353
2014-11-24,2014,11,0.034781,0.006103,0.072052,0.034302,0.006092,0.071501,1.01396420033817,1.00180564674984,1.00770618592747
2014-11-25,2014,11,0.032873,0.005908,0.072192,0.03504,0.006642,0.071123,0.938156392694064,0.889491117133394,1.01503029962178
2014-11-26,2014,11,0.035812,0.00633,0.071823,0.035583,0.006506,0.072648,1.00643565747689,0.972948047955733,0.988643871820284
2014-11-27,2014,11,0.034116,0.006242,0.071806,0.035901,0.006489,0.069101,0.95027993649202,0.961935583294807,1.0391455984718
2014-11-28,2014,11,0.033561,0.006312,0.071159,0.03504,0.006491,0.071765,0.957791095890411,0.97242335541519,0.991555772312409
2014-12-01,2014,12,0.037071,0.007018,0.081809,0.034537,0.006382,0.070877,1.07337058806497,1.09965528047634,1.15423903381915
2014-12-02,2014,12,0.040817,0.008902,0.082151,0.035178,0.006409,0.071965,1.16029905054295,1.38898424091122,1.14154102688807
2014-12-03,2014,12,0.044715,0.010586,0.085993,0.034769,0.006373,0.071526,1.28605942074837,1.66107013965166,1.20226211447585
2014-12-04,2014,12,0.04428,0.008925,0.079587,0.036144,0.006548,0.073289,1.22509960159363,1.36301160659743,1.08593376905129
2014-12-05,2014,12,0.037588,0.007397,0.088669,0.034342,0.007043,0.074588,1.09451982994584,1.05026267215675,1.18878371856063
2014-12-08,2014,12,0.046432,0.00741,0.086428,0.034815,0.006637,0.074199,1.333678012351,1.11646828386319,1.16481354196148
2014-12-09,2014,12,0.044934,0.007659,0.091658,0.037713,0.006833,0.079105,1.19147243656034,1.12088394555832,1.15868781998609
2014-12-10,2014,12,0.045724,0.008012,0.096184,0.039974,0.007135,0.079661,1.14384349827388,1.1229152067274,1.20741642710988
2014-12-11,2014,12,0.043969,0.00795,0.095836,0.039866,0.00692,0.079461,1.10291978126725,1.14884393063584,1.206075936623
2014-12-12,2014,12,0.044315,0.008128,0.09174,0.038129,0.006748,0.07679,1.162238715938,1.20450503852993,1.19468680817815
2014-12-15,2014,12,0.043938,0.007775,0.089005,0.038748,0.006914,0.079011,1.13394239702694,1.12452993925369,1.12648871676096
2014-12-16,2014,12,0.042985,0.007637,0.091261,0.038744,0.007037,0.077,1.10946211026223,1.08526360665056,1.18520779220779
2014-12-17,2014,12,0.043043,0.007699,0.092646,0.041391,0.007043,0.083051,1.0399120581769,1.09314212693454,1.11553142045249
2014-12-18,2014,12,0.043832,0.007877,0.097314,0.038874,0.007062,0.083104,1.12754025827031,1.11540640045313,1.17099056603774
2014-12-19,2014,12,0.045262,0.008168,0.09167,0.035978,0.006309,0.079158,1.25804658402357,1.29465842447298,1.15806361959625
2014-12-22,2014,12,0.044985,0.008012,0.091329,0.035919,0.006855,0.082574,1.25240123611459,1.16878191101386,1.10602610991353
2014-12-23,2014,12,0.048187,0.008337,0.105215,0.035302,0.006307,0.079188,1.3649934847884,1.32186459489456,1.3286735363944
2014-12-24,2014,12,0.049336,0.008296,0.111094,0.036101,0.006488,0.081016,1.36661034320379,1.2786683107275,1.37125999802508
2014-12-25,2014,12,0.049752,0.008098,0.113363,0.036912,0.00683,0.081365,1.34785435630689,1.18565153733529,1.39326491734775
2014-12-26,2014,12,0.051232,0.008725,0.118821,0.036868,0.006715,0.08138,1.38960616252577,1.29932985852569,1.46007618579504
2014-12-29,2014,12,0.05042,0.00828,0.1153,0.039209,0.006637,0.086028,1.28592925093728,1.24755160464065,1.34026131027107
2014-12-30,2014,12,0.054522,0.008569,0.121093,0.03983,0.006864,0.085429,1.36886768767261,1.24839743589744,1.41746947757787
2014-12-31,2014,12,0.057096,0.008728,0.122092,0.038726,0.007342,0.085748,1.474358312245,1.18877690002724,1.42384662032934
2015-01-05,2015,1,0.056845,0.009156,0.126121,0.038885,0.007674,0.088394,1.46187475890446,1.1931196247068,1.42680498676381
2015-01-06,2015,1,0.060002,0.009209,0.129122,0.041955,0.007657,0.087986,1.43015135263973,1.20269034870054,1.46752892505626
2015-01-07,2015,1,0.059337,0.00945,0.126178,0.040443,0.007595,0.089079,1.46717602551739,1.24423963133641,1.41647301833204
2015-01-08,2015,1,0.05806,0.009412,0.132477,0.040232,0.00768,0.091615,1.44312984688805,1.22552083333333,1.44601866506576
2015-01-09,2015,1,0.055877,0.009062,0.133311,0.040105,0.007617,0.091064,1.39326767236005,1.18970723381909,1.46392646929632
2015-01-12,2015,1,0.058424,0.009914,0.136903,0.040713,0.007795,0.093083,1.43502075504139,1.27184092366902,1.47076265268631
2015-01-13,2015,1,0.060139,0.010038,0.133789,0.039428,0.007538,0.094599,1.5252865983565,1.33165295834439,1.41427499233607
2015-01-14,2015,1,0.058402,0.009431,0.135177,0.039472,0.007494,0.096191,1.47958046209972,1.25847344542301,1.40529779293281
2015-01-15,2015,1,0.057223,0.009508,0.139629,0.042198,0.007599,0.091049,1.35605952888763,1.25121726542966,1.53355885292535
2015-01-16,2015,1,0.057228,0.009678,0.135775,0.041266,0.007886,0.094129,1.38680754131731,1.22723814354552,1.44243538123214
2015-01-19,2015,1,0.066959,0.011432,0.182426,0.048975,0.00904,0.101795,1.36720775906075,1.2646017699115,1.79209194950636
2015-01-20,2015,1,0.067145,0.011917,0.164241,0.05023,0.008852,0.104517,1.33675094565001,1.3462494351559,1.57142857142857
2015-01-21,2015,1,0.071067,0.012469,0.162595,0.048168,0.008494,0.10519,1.47539860488291,1.46797739580881,1.54572678011218
2015-01-22,2015,1,0.076787,0.013551,0.169954,0.050516,0.008775,0.110413,1.52005305249822,1.5442735042735,1.53925715269035
2015-01-23,2015,1,0.077681,0.013684,0.168336,0.051832,0.008512,0.109251,1.49870736224726,1.60761278195489,1.54081884834006
2015-01-26,2015,1,0.076427,0.013678,0.167854,0.052696,0.008676,0.109524,1.45033778654926,1.57653296449977,1.53257733464811
2015-01-27,2015,1,0.077793,0.013591,0.178707,0.051512,0.009008,0.114732,1.51019179996894,1.50876998223801,1.55760380713315
2015-01-28,2015,1,0.076671,0.014038,0.171916,0.054706,0.008752,0.108917,1.40150988922604,1.60397623400366,1.57841291992985
2015-01-29,2015,1,0.079248,0.014465,0.187348,0.055184,0.009245,0.112791,1.43606842563062,1.56462952947539,1.66101905293862
2015-01-30,2015,1,0.079929,0.014022,0.165019,0.05327,0.008961,0.107579,1.50045053501032,1.5647807164379,1.53393320257671
2015-02-02,2015,2,0.080254,0.013594,0.156373,0.053149,0.009386,0.104477,1.50998137312085,1.44832729597273,1.4967217665132
2015-02-03,2015,2,0.075952,0.013694,0.170857,0.052724,0.008823,0.107409,1.44055837948562,1.55207979145415,1.59071399975793
2015-02-04,2015,2,0.078587,0.014141,0.167684,0.052891,0.009071,0.106703,1.48582934714791,1.55892404365561,1.57150220706072
2015-02-05,2015,2,0.071245,0.013979,0.19059,0.050894,0.009006,0.103878,1.39987031870162,1.55218743060182,1.83474845491827
2015-02-06,2015,2,0.072274,0.014789,0.193953,0.051705,0.008877,0.106773,1.39781452470748,1.66599076264504,1.81649855300497
2015-02-09,2015,2,0.07633,0.014254,0.16031,0.051576,0.008477,0.105266,1.47995191561967,1.68149109354725,1.5229038815952
2015-02-10,2015,2,0.079023,0.013889,0.160673,0.051291,0.009205,0.104244,1.54067965140083,1.50885388375883,1.54131652661064
2015-02-11,2015,2,0.083381,0.014403,0.170432,0.051596,0.008628,0.104787,1.61603612683154,1.66933240611961,1.62646129768006
2015-02-12,2015,2,0.080145,0.017022,0.160115,0.050731,0.008886,0.104564,1.57980327610337,1.91559756920999,1.53126314984125
2015-02-13,2015,2,0.07284,0.014599,0.155709,0.051219,0.010025,0.103201,1.42212850699936,1.45625935162095,1.50879351944264
2015-02-16,2015,2,0.076253,0.015643,0.15789,0.051957,0.009159,0.109947,1.46761745289374,1.70793754776722,1.43605555403967
2015-02-17,2015,2,0.068351,0.013921,0.151461,0.054572,0.009235,0.103133,1.25249212050136,1.50741743367623,1.46859879960827
2015-02-25,2015,2,0.069817,0.015555,0.153983,0.053044,0.009014,0.10409,1.31620918482769,1.72564899045929,1.47932558362955
2015-02-26,2015,2,0.070948,0.014173,0.153037,0.052335,0.009314,0.102361,1.35565109391421,1.5216877818338,1.49507136507068
2015-02-27,2015,2,0.07128,0.013723,0.156935,0.052739,0.009642,0.102006,1.35156146305391,1.42325243725368,1.53848793208243
2015-03-02,2015,3,0.077129,0.014996,0.160164,0.054393,0.009519,0.105041,1.4179949625871,1.57537556466015,1.52477603983207
2015-03-03,2015,3,0.072487,0.016697,0.160152,0.05091,0.009949,0.102985,1.42382636024357,1.67825912151975,1.55510025731903
2015-03-04,2015,3,0.072028,0.017852,0.157747,0.052214,0.009642,0.103763,1.37947676868273,1.85148309479361,1.52026252132263
2015-03-05,2015,3,0.073078,0.017822,0.158956,0.053059,0.00991,0.104778,1.3772969712961,1.79838546922301,1.51707419496459
2015-03-06,2015,3,0.072374,0.017446,0.164042,0.055392,0.009833,0.102503,1.30657856730214,1.77422963490288,1.60036291620733
2015-03-09,2015,3,0.072482,0.016471,0.160474,0.054426,0.009589,0.102734,1.33175320618822,1.71769736156012,1.56203399069441
2015-03-10,2015,3,0.07159,0.017088,0.165042,0.054413,0.009574,0.103314,1.3156782386562,1.78483392521412,1.5974795284279
2015-03-11,2015,3,0.071077,0.017454,0.162954,0.053299,0.00962,0.103019,1.33355222424436,1.81434511434511,1.58178588415729
2015-03-12,2015,3,0.069744,0.015962,0.161845,0.054927,0.009595,0.100447,1.26975804249276,1.66357477853048,1.61124772267962
2015-03-13,2015,3,0.06838,0.015368,0.156917,0.055364,0.009909,0.10462,1.2350986200419,1.55091331113129,1.49987574077614
2015-03-16,2015,3,0.07298,0.015514,0.160776,0.052384,0.009768,0.097353,1.39317348808797,1.58824733824734,1.6514745308311
2015-03-17,2015,3,0.074185,0.016902,0.145011,0.050835,0.009208,0.1019,1.45932920232124,1.83557775847089,1.42307163886163
2015-03-18,2015,3,0.071107,0.01833,0.146217,0.050883,0.008939,0.096275,1.39746084153843,2.0505649401499,1.51874318358868
2015-03-19,2015,3,0.067987,0.015661,0.140622,0.048547,0.008814,0.099254,1.40043669021773,1.77683231223054,1.4167892477885
2015-03-20,2015,3,0.067945,0.016494,0.134407,0.048846,0.009388,0.093056,1.39100438111616,1.75692373242437,1.44436683287483
2015-03-23,2015,3,0.071288,0.014882,0.137582,0.048714,0.009349,0.094523,1.46339861230858,1.59182800299497,1.45553992150059
2015-03-24,2015,3,0.062898,0.013879,0.144059,0.049728,0.009258,0.099014,1.26484073359073,1.49913588248002,1.45493566566344
2015-03-25,2015,3,0.063751,0.014323,0.140583,0.049902,0.009008,0.094525,1.27752394693599,1.59003108348135,1.48725733932822
2015-03-26,2015,3,0.066716,0.013691,0.142656,0.048684,0.009032,0.097525,1.37038862870758,1.51583259521701,1.46276339400154
2015-03-27,2015,3,0.069138,0.014713,0.144222,0.050621,0.008898,0.095637,1.36579680369807,1.65351764441448,1.50801468051068
2015-03-30,2015,3,0.065656,0.014588,0.148944,0.048187,0.008811,0.093618,1.3625251623882,1.65565770060152,1.59097609434083
2015-03-31,2015,3,0.068935,0.014411,0.137909,0.044225,0.008612,0.093081,1.55873374788016,1.67336274965165,1.48160204553024
2015-04-01,2015,4,0.063611,0.014285,0.133655,0.046214,0.008615,0.091857,1.37644436750768,1.65815438189205,1.45503336708144
2015-04-02,2015,4,0.065041,0.012818,0.13337,0.045528,0.008536,0.092051,1.42859339307679,1.50164011246485,1.44887073470142
2015-04-03,2015,4,0.066239,0.01314,0.133098,0.044884,0.008787,0.089122,1.47578201586311,1.49539091840219,1.49343596418393
2015-04-07,2015,4,0.062956,0.013971,0.137972,0.044823,0.008245,0.094152,1.40454677286215,1.69448150394178,1.46541762256776
2015-04-08,2015,4,0.060799,0.013176,0.131942,0.048457,0.008975,0.097197,1.25470004333739,1.46807799442897,1.35746988075764
2015-04-09,2015,4,0.061974,0.013536,0.129422,0.045384,0.009006,0.097772,1.36554732945531,1.50299800133244,1.32371231027288
2015-04-10,2015,4,0.060273,0.013404,0.128941,0.045471,0.008837,0.096205,1.32552615953025,1.51680434536607,1.34027337456473
2015-04-13,2015,4,0.063964,0.014616,0.126878,0.048121,0.00908,0.101384,1.32923255958937,1.60969162995595,1.25145979641758
2015-04-14,2015,4,0.067451,0.01547,0.139973,0.045848,0.008659,0.095462,1.47118740184959,1.78658043654002,1.46626930087365
2015-04-15,2015,4,0.065213,0.015418,0.140436,0.046769,0.008592,0.096014,1.39436378797922,1.79445996275605,1.46266169516945
2015-04-16,2015,4,0.066723,0.014319,0.143615,0.048701,0.009552,0.101371,1.37005400299789,1.49905778894472,1.41672667725484
2015-04-17,2015,4,0.065649,0.014264,0.141821,0.049709,0.009546,0.102341,1.32066627773643,1.49423842447098,1.38576914433121
2015-04-20,2015,4,0.066028,0.014387,0.131176,0.051337,0.010208,0.105087,1.28616787112609,1.40938479623824,1.24826096472447
2015-04-21,2015,4,0.070806,0.014742,0.132791,0.05229,0.009933,0.110141,1.35410212277682,1.48414376321353,1.20564549078
2015-04-22,2015,4,0.067967,0.014821,0.136532,0.05236,0.009766,0.103016,1.29807104660046,1.51761212369445,1.32534751883203
2015-04-23,2015,4,0.073765,0.015272,0.14077,0.054956,0.009364,0.107933,1.34225562267996,1.63092695429304,1.30423503469745
2015-04-24,2015,4,0.049356,0.008681,0.102611,0.046433,0.008923,0.095377,1.06295091852777,0.972879076543763,1.0758463780576
2015-04-27,2015,4,0.050428,0.009879,0.105888,0.046085,0.008683,0.09481,1.09423890636867,1.1377404122999,1.11684421474528
2015-04-28,2015,4,0.053198,0.009762,0.112593,0.04883,0.009127,0.099841,1.08945320499693,1.06957379204558,1.12772307969672
2015-04-29,2015,4,0.05157,0.009024,0.105829,0.049272,0.009193,0.102759,1.04663906478324,0.981616447296856,1.02987572864664
2015-04-30,2015,4,0.047783,0.008812,0.109191,0.051184,0.009741,0.096569,0.933553454204439,0.904629914793142,1.13070447037869
2015-05-04,2015,5,0.047994,0.008891,0.109191,0.051865,0.009858,0.101877,0.925363925576015,0.901907080543721,1.07179245560823
2015-05-05,2015,5,0.054582,0.009342,0.12378,0.053692,0.009461,0.107535,1.01657602622365,0.987422048409259,1.15106709443437
2015-05-06,2015,5,0.057496,0.009795,0.12607,0.054149,0.009372,0.108379,1.06181092910303,1.04513444302177,1.16323272958784
2015-05-07,2015,5,0.062035,0.009566,0.135773,0.053542,0.009498,0.110901,1.15862313697658,1.00715940197936,1.22427209853834
2015-05-08,2015,5,0.060206,0.010314,0.141463,0.053663,0.009601,0.114662,1.12192758511451,1.074263097594,1.23373916380318
2015-05-11,2015,5,0.058463,0.009929,0.134724,0.056054,0.010282,0.116696,1.04297641559924,0.965668157945925,1.15448687187222
2015-05-12,2015,5,0.066737,0.014081,0.137461,0.057441,0.010772,0.119247,1.16183562263888,1.3071852952098,1.15274178805337
2015-05-13,2015,5,0.063425,0.015052,0.143021,0.059115,0.010567,0.11958,1.07290873720714,1.42443456042396,1.19602776384011
2015-05-14,2015,5,0.073079,0.011457,0.149355,0.058753,0.010654,0.116958,1.24383435739452,1.07537075276891,1.27699687067152
2015-05-15,2015,5,0.059384,0.012602,0.15047,0.059061,0.010277,0.119723,1.00546892196204,1.22623333657682,1.25681782113712
2015-05-18,2015,5,0.071735,0.012169,0.173056,0.060867,0.010431,0.119791,1.17855323902936,1.16661873262391,1.44464943109249
2015-05-19,2015,5,0.065415,0.010595,0.176419,0.060253,0.010906,0.117895,1.08567208271787,0.971483587016321,1.49640782051826
2015-05-20,2015,5,0.066351,0.011273,0.164069,0.061062,0.011608,0.119692,1.08661688120271,0.971140592694693,1.37075995053972
2015-05-21,2015,5,0.066371,0.010956,0.155217,0.066467,0.014331,0.137577,0.998555674244362,0.764496545949341,1.12821910639133
2015-05-22,2015,5,0.068524,0.011591,0.162505,0.075399,0.013335,0.134245,0.908818419342432,0.869216347956505,1.21051063354315
2015-05-25,2015,5,0.070457,0.012087,0.162083,0.062016,0.011523,0.124995,1.13611003611971,1.0489455870867,1.29671586863475
2015-05-26,2015,5,0.072203,0.012308,0.151425,0.06704,0.012157,0.127736,1.07701372315036,1.01242082750679,1.18545280891839
2015-05-27,2015,5,0.094144,0.012167,0.15286,0.078555,0.012968,0.135894,1.19844694799822,0.93823257248612,1.12484730746023
2015-05-28,2015,5,0.094771,0.013339,0.176048,0.073985,0.013899,0.168116,1.28094884098128,0.95970933160659,1.04718170786838
2015-05-29,2015,5,0.084449,0.013196,0.198486,0.071066,0.012813,0.15104,1.18831790166887,1.02989151642863,1.31412870762712
2015-06-01,2015,6,0.08578,0.014357,0.189878,0.074426,0.012468,0.14928,1.15255421492489,1.15150786012191,1.27195873526259
2015-06-02,2015,6,0.085541,0.01436,0.186104,0.076616,0.013062,0.147031,1.11649002819254,1.09937222477415,1.26574667927172
2015-06-03,2015,6,0.086289,0.014392,0.195176,0.077993,0.012973,0.147528,1.10636852025182,1.10938102212287,1.32297597744157
2015-06-04,2015,6,0.082075,0.014475,0.194734,0.076935,0.013528,0.155724,1.0668096445051,1.07000295683028,1.25050730780098
2015-06-05,2015,6,0.09322,0.015852,0.189609,0.079089,0.014916,0.157399,1.17867212886748,1.06275140788415,1.20463916543307
2015-06-08,2015,6,0.092849,0.015776,0.188168,0.080294,0.01471,0.162289,1.15636286646574,1.07246770904147,1.15946244046115
2015-06-09,2015,6,0.090929,0.015839,0.187183,0.07923,0.014416,0.15789,1.14765871513316,1.09870976692564,1.18552789917031
2015-06-10,2015,6,0.091928,0.015811,0.184023,0.080434,0.014411,0.157751,1.14289976875451,1.09714801193533,1.16654094110338
2015-06-11,2015,6,0.092072,0.0163,0.18375,0.080431,0.014223,0.153665,1.144732752297,1.14603107642551,1.19578303452315
2015-06-12,2015,6,0.090556,0.016805,0.188111,0.079875,0.014884,0.151031,1.13372143974961,1.12906476753561,1.24551251067662
2015-06-15,2015,6,0.093181,0.017558,0.190791,0.077673,0.015224,0.147244,1.19965753865565,1.1533105622701,1.29574719513189
2015-06-16,2015,6,0.093865,0.017869,0.196275,0.075282,0.014162,0.1583,1.24684519539863,1.26175681400932,1.23989260897031
2015-06-17,2015,6,0.097089,0.017819,0.208476,0.080464,0.014495,0.160014,1.2066141379996,1.22932045532942,1.30286099966253
2015-06-18,2015,6,0.103217,0.019019,0.19141,0.083714,0.015734,0.162226,1.23297178488664,1.20878352612177,1.17989718047662
2015-06-19,2015,6,0.091128,0.017667,0.210081,0.082477,0.014427,0.172538,1.10488984807886,1.22457891453525,1.21759264625764
2015-06-23,2015,6,0.097019,0.017978,0.216523,0.081452,0.014319,0.176185,1.19111869567353,1.25553460437181,1.22895252149729
2015-06-24,2015,6,0.095946,0.018382,0.230878,0.083589,0.015153,0.182432,1.1478304561605,1.21309311687455,1.26555648131907
2015-06-25,2015,6,0.102674,0.01811,0.213075,0.081718,0.014877,0.18395,1.25644288895959,1.21731531894871,1.15833106822506
2015-06-26,2015,6,0.102624,0.017728,0.237721,0.097764,0.016225,0.211785,1.0497115502639,1.09263482280431,1.12246381943953
2015-06-29,2015,6,0.0975,0.018216,0.28083,0.10219,0.017529,0.220263,0.954105098346218,1.03919219578983,1.27497582435543
2015-06-30,2015,6,0.102413,0.018089,0.292815,0.103715,0.017112,0.218832,0.98744636744926,1.05709443665264,1.33808126782189
2015-07-01,2015,7,0.103272,0.018863,0.283257,0.101789,0.017452,0.229716,1.01456935425242,1.08085033234013,1.23307475317348
2015-07-02,2015,7,0.115926,0.020067,0.302013,0.099928,0.016775,0.226418,1.16009526859339,1.19624441132638,1.33387363195506
2015-07-03,2015,7,0.134737,0.01963,0.274873,0.097246,0.016536,0.219562,1.38552742529256,1.18710691823899,1.25191517657883
2015-07-06,2015,7,0.118386,0.019928,0.271891,0.098998,0.016248,0.218477,1.1958423402493,1.22648941408173,1.24448340099873
2015-07-07,2015,7,0.112703,0.019295,0.269985,0.10267,0.018448,0.220074,1.09772085321905,1.04591283607979,1.22679189727092
2015-07-08,2015,7,0.116112,0.018381,0.259718,0.100294,0.017757,0.216187,1.15771631403673,1.03514107112688,1.20135808351103
2015-07-09,2015,7,0.122232,0.020734,0.267074,0.105119,0.020539,0.227203,1.16279644973792,1.00949413311261,1.17548623917818
2015-07-10,2015,7,0.131063,0.022804,0.271201,0.111071,0.020805,0.236192,1.17999297746486,1.09608267243451,1.14822263243463
2015-07-13,2015,7,0.129472,0.022318,0.269137,0.110205,0.020567,0.236116,1.17482872827912,1.08513638352701,1.13985075132562
2015-07-14,2015,7,0.13107,0.022061,0.274942,0.107203,0.019986,0.233423,1.22263369495257,1.10382267587311,1.17787021844463
2015-07-15,2015,7,0.155852,0.021941,0.297582,0.108415,0.019849,0.219832,1.43755015449892,1.10539573782055,1.3536791731868
2015-07-16,2015,7,0.186816,0.02331,0.282084,0.102948,0.019363,0.222682,1.81466371371955,1.20384237979652,1.2667570796023
2015-07-17,2015,7,0.155783,0.024935,0.290874,0.102794,0.019759,0.221748,1.51548728525011,1.26195657674984,1.31173223659289
2015-07-20,2015,7,0.154264,0.026911,0.292472,0.10903,0.020159,0.270635,1.41487663945703,1.33493724887147,1.08068801152844
2015-07-21,2015,7,0.139959,0.024446,0.281976,0.10697,0.020459,0.231737,1.30839487706834,1.19487755999804,1.21679317502168
2015-07-22,2015,7,0.137084,0.024539,0.2794,0.114445,0.020104,0.241365,1.19781554458474,1.22060286510147,1.15758291384418
2015-07-23,2015,7,0.135809,0.023742,0.274615,0.120097,0.020446,0.248433,1.13082758103866,1.16120512569696,1.10538857559181
2015-07-24,2015,7,0.133457,0.023541,0.275465,0.115033,0.019615,0.245786,1.16016273591056,1.20015294417538,1.12075138535148
2015-07-27,2015,7,0.144164,0.024263,0.290164,0.116394,0.02007,0.253403,1.23858618141829,1.20891878425511,1.14506931646429
2015-07-28,2015,7,0.135008,0.023958,0.280071,0.10256,0.019815,0.256172,1.31638065522621,1.20908402725208,1.09329278765829
2015-07-29,2015,7,0.142296,0.024096,0.296689,0.116203,0.021339,0.25563,1.22454669845013,1.12920005623506,1.16061886320072
2015-07-30,2015,7,0.137323,0.0233,0.300543,0.119466,0.021732,0.252923,1.14947349036546,1.07215166574636,1.18827864607015
2015-07-31,2015,7,0.136266,0.023925,0.311993,0.126719,0.02057,0.241631,1.07533992534663,1.16310160427807,1.29119607997318
2015-08-03,2015,8,0.13708,0.024773,0.287438,0.108718,0.02196,0.231996,1.26087676373738,1.12809653916211,1.23897825824583
2015-08-04,2015,8,0.13478,0.024527,0.290247,0.108249,0.020455,0.248499,1.24509233341648,1.19907113175263,1.16800067605906
2015-08-05,2015,8,0.143885,0.027918,0.316026,0.115319,0.020422,0.252033,1.24771286604983,1.36705513661737,1.25390722643463
2015-08-06,2015,8,0.146895,0.025455,0.284511,0.123476,0.021885,0.257386,1.18966438822119,1.1631254283756,1.10538646235615
2015-08-07,2015,8,0.141381,0.026527,0.287726,0.116789,0.022038,0.271645,1.2105677760748,1.20369362011072,1.05919858639033
2015-08-10,2015,8,0.134759,0.026476,0.29107,0.136993,0.023417,0.272987,0.983692597431985,1.13063159243285,1.06624124958331
2015-08-11,2015,8,0.141641,0.025733,0.295249,0.119675,0.021252,0.280613,1.18354710674744,1.21085074345944,1.05215724146779
2015-08-12,2015,8,0.144453,0.025187,0.294208,0.106241,0.019843,0.226792,1.3596728193447,1.2693141158091,1.29725916258069
2015-08-13,2015,8,0.140956,0.025845,0.288057,0.12183,0.019992,0.248319,1.15698924731183,1.29276710684274,1.16002802846339
2015-08-14,2015,8,0.14697,0.026095,0.300617,0.111679,0.021799,0.254496,1.31600390404642,1.1970732602413,1.18122485225701
2015-08-17,2015,8,0.143722,0.02572,0.309992,0.129295,0.022666,0.27593,1.11158204106887,1.13473925703697,1.12344435182836
2015-08-18,2015,8,0.162701,0.031067,0.316166,0.116748,0.021637,0.255764,1.39360845581937,1.43582751767805,1.23616302528894
2015-08-19,2015,8,0.154773,0.030735,0.31693,0.12996,0.020217,0.258074,1.19092797783934,1.5202552307464,1.22805861884576
2015-08-20,2015,8,0.155189,0.033923,0.320732,0.112315,0.019559,0.261325,1.38172995592753,1.73439337389437,1.22732995312351
2015-08-21,2015,8,0.157982,0.029138,0.306779,0.115467,0.020399,0.269396,1.36820043822044,1.42840335310554,1.13876598019273
2015-08-24,2015,8,0.166802,0.028776,0.321115,0.116246,0.020863,0.257821,1.43490528706364,1.37928389972679,1.24549590607437
2015-08-25,2015,8,0.165448,0.02817,0.33184,0.11673,0.020036,0.26269,1.41735629229847,1.40596925534039,1.2632380372302
2015-08-26,2015,8,0.168177,0.026785,0.336704,0.115885,0.018633,0.253383,1.45124045389826,1.43750335426394,1.32883421539724
2015-08-27,2015,8,0.165303,0.028275,0.337155,0.119792,0.021169,0.263092,1.37991685588353,1.33567953139024,1.28150989007648
2015-08-28,2015,8,0.164825,0.028971,0.348159,0.125145,0.021369,0.25568,1.31707219625235,1.35574898217043,1.36169821652065
2015-08-31,2015,8,0.156079,0.028594,0.341558,0.115386,0.019714,0.270299,1.35266843464545,1.45044131074363,1.26363027610165
2015-09-01,2015,9,0.155521,0.030797,0.356104,0.117452,0.018661,0.275658,1.32412389742193,1.65034028187128,1.2918326331904
2015-09-02,2015,9,0.151951,0.028211,0.32626,0.111493,0.019216,0.255645,1.36287479931476,1.46809950041632,1.27622288720687
2015-09-07,2015,9,0.148721,0.026446,0.322443,0.11296,0.018502,0.265338,1.31658109065156,1.42935898821749,1.21521606403907
2015-09-08,2015,9,0.139443,0.027441,0.346788,0.104899,0.02384,0.26295,1.32930723839121,1.15104865771812,1.31883628066172
2015-09-09,2015,9,0.164227,0.028919,0.313201,0.110989,0.02594,0.257034,1.47966915640289,1.11484194294526,1.21851972890746
2015-09-10,2015,9,0.156743,0.028618,0.331032,0.104493,0.020936,0.245936,1.50003349506666,1.36692777990065,1.34600871771518
2015-09-11,2015,9,0.153054,0.029327,0.349315,0.117794,0.020317,0.264431,1.29933612917466,1.4434709848895,1.32100623603133
2015-09-14,2015,9,0.163608,0.029991,0.348743,0.10608,0.020783,0.270221,1.54230769230769,1.44305441947746,1.29058437353129
2015-09-15,2015,9,0.171409,0.029953,0.334166,0.108164,0.019622,0.273745,1.58471395288636,1.52650086637448,1.22072001315093
2015-09-16,2015,9,0.187379,0.030572,0.361788,0.109226,0.021041,0.266458,1.71551645212678,1.45297276745402,1.357767453032
2015-09-17,2015,9,0.197536,0.032792,0.346491,0.114166,0.020388,0.263799,1.7302524394303,1.60839709633118,1.31346593429088
2015-09-18,2015,9,0.18516,0.031828,0.340388,0.114988,0.020534,0.258869,1.61025498312867,1.55001460991526,1.31490444974099
2015-09-21,2015,9,0.161609,0.030555,0.353871,0.11646,0.023176,0.261306,1.38767817276318,1.31838971349672,1.35423985671971
2015-09-22,2015,9,0.183423,0.031083,0.362813,0.116453,0.022437,0.262392,1.57508179265455,1.38534563444311,1.3827136498064
2015-09-23,2015,9,0.157264,0.030021,0.32637,0.112516,0.02112,0.263783,1.3977034377333,1.42144886363636,1.23726699597775
2015-09-24,2015,9,0.167284,0.029762,0.339699,0.11491,0.02181,0.268546,1.45578278652859,1.36460339293902,1.26495646928273
2015-09-25,2015,9,0.16174,0.029087,0.305405,0.114526,0.021069,0.249587,1.41225573232279,1.38055911528786,1.22364145568479
2015-09-28,2015,9,0.140647,0.027489,0.307915,0.106771,0.021004,0.236866,1.31727716327467,1.30875071414969,1.29995440460007
2015-09-29,2015,9,0.135881,0.026661,0.297929,0.102212,0.019332,0.240959,1.32940359253317,1.37911235257604,1.23643026406982
2015-09-30,2015,9,0.137566,0.026743,0.279441,0.104592,0.020314,0.234534,1.31526311763806,1.31648124446195,1.19147330451022
2015-10-08,2015,10,0.139785,0.02766,0.296957,0.11399,0.020824,0.21498,1.2262917799807,1.32827506723012,1.38132384407852
2015-10-09,2015,10,0.130349,0.026355,0.283832,0.108281,0.019943,0.229295,1.20380306794359,1.32151632151632,1.23784644235592
2015-10-12,2015,10,0.128964,0.024287,0.26748,0.112998,0.019631,0.22424,1.14129453618648,1.23717589526769,1.19282911166607
2015-10-13,2015,10,0.141577,0.02916,0.251416,0.10824,0.019686,0.213253,1.30799150036955,1.48125571472112,1.1789564507885
2015-10-14,2015,10,0.128103,0.026229,0.244253,0.11647,0.022598,0.228698,1.09987979737271,1.16067793610054,1.06801546143823
2015-10-15,2015,10,0.127254,0.026597,0.235917,0.114928,0.021149,0.225831,1.10724975636921,1.25760083219065,1.04466171606201
2015-10-16,2015,10,0.126618,0.024168,0.243394,0.114281,0.021088,0.222224,1.10795320306963,1.14605462822458,1.0952642378861
2015-10-19,2015,10,0.133336,0.026463,0.243411,0.116999,0.022168,0.238694,1.13963367208267,1.19374774449657,1.01976170326862
2015-10-20,2015,10,0.126029,0.026103,0.249483,0.119783,0.023035,0.242662,1.05214429426546,1.13318862600391,1.02810905704231
2015-10-21,2015,10,0.136811,0.024257,0.244805,0.126753,0.025787,0.243941,1.0793511790648,0.940667778337922,1.00354184003509
2015-10-22,2015,10,0.135641,0.024574,0.243633,0.125839,0.027335,0.252833,1.07789318096933,0.898993963782696,0.963612344907508
2015-10-23,2015,10,0.139111,0.024691,0.238245,0.122609,0.024837,0.275772,1.13459044605208,0.994121673309981,0.863920194943649
2015-10-26,2015,10,0.136857,0.025089,0.243921,0.124766,0.025024,0.258768,1.0969094144238,1.00259750639386,0.942624281209423
2015-10-27,2015,10,0.147497,0.02638,0.243464,0.132778,0.024634,0.257151,1.11085420777538,1.07087764877811,0.946774463253108
2015-10-28,2015,10,0.148988,0.024156,0.243892,0.139856,0.026555,0.269114,1.06529573275369,0.909659197891169,0.906277636986556
2015-10-29,2015,10,0.134943,0.022841,0.264045,0.139024,0.027914,0.278909,0.970645356197491,0.818263237085333,0.946706631912201
2015-10-30,2015,10,0.132657,0.023314,0.239007,0.141719,0.02661,0.271116,0.936056562634509,0.876136790680195,0.881567299606073
2015-11-02,2015,11,0.121765,0.021788,0.220348,0.133739,0.025988,0.244152,0.910467402926596,0.838386947822072,0.902503358563518
2015-11-03,2015,11,0.115436,0.020067,0.218374,0.132468,0.025002,0.251445,0.871425551831386,0.802615790736741,0.868476207520531
2015-11-04,2015,11,0.121073,0.022133,0.227484,0.125218,0.024356,0.248005,0.966897730358255,0.908728855312859,0.917255700489909
2015-11-05,2015,11,0.125723,0.022569,0.236345,0.114538,0.024786,0.250789,1.09765318060382,0.910554345194868,0.942405767398092
2015-11-06,2015,11,0.121523,0.022047,0.242446,0.122396,0.022748,0.260014,0.992867413967777,0.969184104097063,0.932434407378064
2015-11-09,2015,11,0.118663,0.019939,0.25154,0.118654,0.023014,0.263359,1.00007585079306,0.866385678282784,0.95512209569447
2015-11-10,2015,11,0.111549,0.02033,0.241978,0.121375,0.024583,0.277115,0.919044284243048,0.826994264329008,0.87320426537719
2015-11-11,2015,11,0.106104,0.019759,0.254989,0.124995,0.025412,0.256294,0.848865954638186,0.777546041240359,0.994908191373969
2015-11-12,2015,11,0.112545,0.020087,0.25902,0.126935,0.024782,0.263083,0.886634891873794,0.810547978371399,0.984556204695856
2015-11-13,2015,11,0.105375,0.018544,0.245164,0.122143,0.023619,0.26438,0.862718289218375,0.785130615182692,0.927316741054543
2015-11-16,2015,11,0.10089,0.01661,0.248731,0.118714,0.022457,0.242157,0.849857641053288,0.73963574831901,1.02714767692035
2015-11-17,2015,11,0.104832,0.016139,0.247753,0.123235,0.022219,0.251886,0.850667424027265,0.726360322246726,0.983591783584638
2015-11-18,2015,11,0.104951,0.016118,0.249275,0.118594,0.022198,0.256042,0.884960453311297,0.726101450581134,0.973570742300091
2015-11-19,2015,11,0.103535,0.017168,0.24722,0.124541,0.02148,0.254434,0.831332653503665,0.799255121042831,0.971646871094272
2015-11-20,2015,11,0.105395,0.015979,0.250527,0.126043,0.021643,0.256962,0.836182889966123,0.738298757103914,0.974957386695309
2015-11-23,2015,11,0.104688,0.015708,0.245685,0.123885,0.021803,0.266583,0.845041772611696,0.720451314039352,0.92160790448003
2015-11-24,2015,11,0.099507,0.015454,0.232277,0.120058,0.021385,0.251722,0.828824401539256,0.722656067336918,0.922752083647834
2015-11-25,2015,11,0.097285,0.01532,0.230437,0.121924,0.021776,0.256175,0.797915094649126,0.703526818515797,0.899529618424905
2015-11-26,2015,11,0.09982,0.016196,0.213884,0.109083,0.019914,0.235817,0.915083010184905,0.813297177864819,0.90699143827629
2015-11-27,2015,11,0.104342,0.018111,0.224545,0.109813,0.019313,0.249389,0.950178940562593,0.937762129135815,0.900380530015358
2015-11-30,2015,11,0.092381,0.016416,0.199852,0.107748,0.018632,0.223973,0.857380183390875,0.881064834693001,0.892303983069388
2015-12-01,2015,12,0.072707,0.012211,0.172257,0.074234,0.013108,0.17635,0.979429910822534,0.931568507781507,0.976790473490218
2015-12-02,2015,12,0.069573,0.012616,0.16988,0.076734,0.01364,0.172547,0.906677613574165,0.924926686217009,0.984543341814114
2015-12-03,2015,12,0.067959,0.012511,0.168377,0.075957,0.012548,0.191064,0.89470358228998,0.997051322919987,0.881259682619436
2015-12-04,2015,12,0.066629,0.011954,0.164034,0.079478,0.01396,0.171824,0.838332620347769,0.856303724928367,0.954662910885557
2015-12-07,2015,12,0.066417,0.011732,0.163575,0.078577,0.014528,0.167905,0.845247337007012,0.807544052863436,0.974211607754385
2015-12-08,2015,12,0.064094,0.011957,0.158012,0.071252,0.012728,0.165786,0.899539662044574,0.939424890006285,0.953108223854849
2015-12-09,2015,12,0.069916,0.011777,0.168366,0.073764,0.012483,0.16769,0.947833631581802,0.943443082592326,1.00403124813644
2015-12-10,2015,12,0.060157,0.011037,0.171477,0.073349,0.013958,0.157638,0.820147513940204,0.790729330849692,1.0877897461272
2015-12-11,2015,12,0.06965,0.012178,0.159123,0.073121,0.013054,0.166852,0.95253073672406,0.932894132066799,0.953677510608204
2015-12-14,2015,12,0.065122,0.012118,0.159587,0.073872,0.013159,0.156438,0.881551873510938,0.920890645185804,1.02012938032959
2015-12-15,2015,12,0.06624,0.012302,0.163206,0.075372,0.013218,0.163428,0.878840948893488,0.930700559842639,0.998641603641971
2015-12-16,2015,12,0.066972,0.01156,0.161888,0.071506,0.012275,0.165156,0.936592733476911,0.941751527494908,0.980212647436363
2015-12-17,2015,12,0.062203,0.011143,0.151026,0.066761,0.011917,0.149685,0.931726606851305,0.935050767810691,1.00895881350837
2015-12-18,2015,12,0.057892,0.010305,0.140904,0.062367,0.011061,0.135484,0.928247310276268,0.931651749389748,1.04000472380502
2015-12-21,2015,12,0.060036,0.011344,0.1328,0.058427,0.011081,0.127138,1.02753863795848,1.02373432000722,1.04453428557945
2015-12-22,2015,12,0.064071,0.011739,0.130805,0.066451,0.012031,0.13403,0.964184135678921,0.975729365805004,0.975938222785943
2015-12-23,2015,12,0.060272,0.011347,0.137428,0.064097,0.01107,0.132166,0.940324820194393,1.02502258355917,1.03981356778597
2015-12-24,2015,12,0.062401,0.011895,0.137314,0.058504,0.011091,0.135626,1.06661083002872,1.07249120908845,1.01244599118163
2015-12-25,2015,12,0.062257,0.01225,0.13671,0.062676,0.01059,0.139177,0.993314825451529,1.15675165250236,0.982274370046775
2015-12-28,2015,12,0.058803,0.011182,0.129267,0.065994,0.01127,0.129945,0.891035548686244,0.992191659272404,0.994782407941821
2015-12-29,2015,12,0.060545,0.010459,0.130314,0.067909,0.0111,0.133053,0.891560765141587,0.942252252252252,0.979414218394174
2015-12-30,2015,12,0.060231,0.01063,0.126441,0.062941,0.012439,0.13498,0.95694380451534,0.854570303079026,0.93673877611498
2015-12-31,2015,12,0.059626,0.011021,0.129728,0.060281,0.010973,0.140099,0.98913422139646,1.00437437346213,0.925973775687193
2016-01-04,2016,1,0.073747,0.013764,0.157436,0.076445,0.015669,0.167626,0.964706651841193,0.878422362626843,0.939209907770871
2016-01-05,2016,1,0.077038,0.014887,0.163804,0.084462,0.014136,0.144628,0.912102483957283,1.05312676853424,1.13258843377493
2016-01-06,2016,1,0.072883,0.012935,0.150665,0.076795,0.014292,0.146122,0.949059183540595,0.905051777218024,1.03109045865783
2016-01-07,2016,1,0.083386,0.015488,0.181147,0.093785,0.016169,0.1724,0.889118729007837,0.957882367493352,1.05073665893271
2016-01-08,2016,1,0.087042,0.016709,0.187463,0.091892,0.016596,0.175993,0.947220650328647,1.00680886960713,1.06517304665526
2016-01-11,2016,1,0.090962,0.015711,0.185443,0.090185,0.016033,0.181659,1.00861562344071,0.979916422378844,1.02083023687238
2016-01-12,2016,1,0.083915,0.012722,0.173729,0.081445,0.014513,0.167159,1.03032721468476,0.876593399021567,1.03930389629036
2016-01-13,2016,1,0.085751,0.014269,0.187839,0.082654,0.014571,0.173834,1.03746945096426,0.979273900212751,1.08056536695928
2016-01-14,2016,1,0.08104,0.01307,0.18616,0.086501,0.016137,0.179537,0.936867781875354,0.809939889694491,1.03688933200399
2016-01-15,2016,1,0.078743,0.013299,0.185576,0.083758,0.015223,0.182047,0.94012512237637,0.873612297181896,1.01938510384681
2016-01-18,2016,1,0.076941,0.013829,0.185679,0.085301,0.016123,0.177094,0.901994114957621,0.857718786826273,1.04847707996883
2016-01-19,2016,1,0.078766,0.013856,0.172747,0.084348,0.015039,0.178107,0.933821785934462,0.921337854910566,0.969905730824729
2016-01-20,2016,1,0.075366,0.014084,0.167212,0.079517,0.015388,0.16986,0.947797326357886,0.915258643098518,0.984410691157424
2016-01-21,2016,1,0.073019,0.012508,0.178514,0.084585,0.015297,0.168678,0.86326180764911,0.817676668627836,1.05831228731666
2016-01-22,2016,1,0.068021,0.013318,0.177759,0.078973,0.014573,0.172917,0.861319691540147,0.913881836272559,1.02800187373133
2016-01-25,2016,1,0.070082,0.013489,0.175371,0.076389,0.014627,0.170623,0.917435756457082,0.92219867368565,1.02782743240946
2016-01-26,2016,1,0.081239,0.015486,0.190612,0.079378,0.012392,0.172955,1.0234447831893,1.24967721110394,1.10209013905351
2016-01-27,2016,1,0.086235,0.015065,0.187901,0.078497,0.012497,0.170102,1.09857701568213,1.20548931743618,1.1046372176694
2016-01-28,2016,1,0.094046,0.015554,0.197516,0.081449,0.011684,0.159155,1.15466119903252,1.3312221841835,1.24102918538532
2016-01-29,2016,1,0.091749,0.01499,0.209559,0.075402,0.012307,0.161174,1.21679796291876,1.21800601283822,1.30020350676908
2016-02-01,2016,2,0.089583,0.014581,0.192923,0.085258,0.012886,0.167905,1.05072837739567,1.131538103368,1.14900092314106
2016-02-02,2016,2,0.090191,0.014512,0.192167,0.078139,0.013163,0.185469,1.15423796055747,1.10248423611639,1.03611385191056
2016-02-03,2016,2,0.086913,0.015918,0.196005,0.081959,0.012979,0.175899,1.06044485657463,1.22644271515525,1.11430423140552
2016-02-04,2016,2,0.085554,0.016147,0.196595,0.082579,0.0127,0.18519,1.03602610833263,1.27141732283465,1.06158539877963
2016-02-05,2016,2,0.086399,0.016721,0.193896,0.087892,0.013042,0.173931,0.983013243526146,1.28208863671216,1.11478689825276
2016-02-15,2016,2,0.092552,0.017138,0.192083,0.078633,0.013538,0.173623,1.1770121958974,1.26591815630078,1.10632231904759
2016-02-16,2016,2,0.097407,0.016111,0.200172,0.078614,0.013337,0.170312,1.23905411249905,1.20799280197946,1.17532528535864
2016-02-17,2016,2,0.094038,0.016682,0.199852,0.084934,0.014039,0.178698,1.10718911154544,1.18826127217038,1.11837849332393
2016-02-18,2016,2,0.088105,0.016017,0.197552,0.080915,0.012935,0.179379,1.08885867886053,1.23826826439892,1.10131063279425
2016-02-19,2016,2,0.091543,0.017876,0.195442,0.088166,0.014314,0.179228,1.03830274709072,1.24884728238089,1.09046577543687
2016-02-22,2016,2,0.087598,0.014598,0.191947,0.082701,0.013622,0.172526,1.05921331060084,1.07164880340625,1.11256854039391
2016-02-23,2016,2,0.085809,0.014751,0.192582,0.08651,0.014362,0.174179,0.991896890532886,1.02708536415541,1.10565567605739
2016-02-24,2016,2,0.094738,0.016686,0.205482,0.086494,0.014154,0.174633,1.09531296968576,1.17888935989826,1.17665046125303
2016-02-25,2016,2,0.091488,0.01505,0.204968,0.073382,0.012899,0.168274,1.24673625684773,1.16675711295449,1.21806101952768
2016-02-26,2016,2,0.094592,0.015374,0.198233,0.081726,0.013837,0.166247,1.15742848053251,1.11107899111079,1.19240046436928
2016-02-29,2016,2,0.095815,0.016989,0.203245,0.076153,0.012214,0.16738,1.25819074757396,1.39094481742263,1.21427291193691
2016-03-01,2016,3,0.093237,0.017882,0.200775,0.067599,0.012111,0.165916,1.37926596547286,1.47650895879779,1.21010029171388
2016-03-02,2016,3,0.091114,0.018142,0.204754,0.076082,0.013882,0.168809,1.19757629925607,1.30687220861547,1.21293295973556
2016-03-03,2016,3,0.097233,0.016751,0.20597,0.073645,0.013097,0.16589,1.32029329893408,1.27899518973811,1.24160588341672
2016-03-04,2016,3,0.092336,0.017011,0.199829,0.073568,0.012104,0.157505,1.25511091779034,1.40540317250496,1.26871527888004
2016-03-07,2016,3,0.089363,0.015436,0.207463,0.071426,0.013001,0.1685,1.25112704057346,1.18729328513191,1.23123442136499
2016-03-08,2016,3,0.090441,0.015559,0.200688,0.07538,0.012976,0.167181,1.19980100822499,1.1990598027127,1.20042349310029
2016-03-09,2016,3,0.089688,0.015853,0.196271,0.069354,0.011753,0.157399,1.2931914525478,1.34884710286735,1.24696472023329
2016-03-10,2016,3,0.083507,0.015424,0.19079,0.071698,0.012288,0.170249,1.16470473374432,1.25520833333333,1.12065269105839
2016-03-11,2016,3,0.08203,0.015617,0.192168,0.067371,0.012018,0.166499,1.21758620177821,1.29946746546846,1.15416909410867
2016-03-14,2016,3,0.092914,0.017214,0.201337,0.070578,0.011893,0.155339,1.31647255518717,1.44740603716472,1.29611366108962
2016-03-15,2016,3,0.085787,0.016891,0.199263,0.070952,0.012157,0.165996,1.20908501522156,1.38940528090812,1.20040844357695
2016-03-16,2016,3,0.085472,0.017114,0.196968,0.068674,0.012019,0.15929,1.24460494510295,1.42391213911307,1.23653713353004
2016-03-17,2016,3,0.087999,0.016961,0.201139,0.067801,0.012318,0.162938,1.29790121089659,1.37692807273908,1.23445114092477
2016-03-18,2016,3,0.08582,0.017039,0.202487,0.070125,0.01293,0.167899,1.22381461675579,1.31778808971384,1.20600480050507
2016-03-21,2016,3,0.09584,0.018314,0.207298,0.078923,0.013142,0.172272,1.21434816213271,1.39354740526556,1.20331800873038
2016-03-22,2016,3,0.087307,0.018315,0.208864,0.077945,0.012736,0.171837,1.12011033421002,1.43804962311558,1.21547745828896
2016-03-23,2016,3,0.097371,0.01857,0.205673,0.073162,0.013255,0.16899,1.33089582023455,1.40098076197661,1.21707201609563
2016-03-24,2016,3,0.085478,0.016866,0.197931,0.074199,0.013057,0.164985,1.15201013490748,1.29172091598376,1.19969088098918
2016-03-25,2016,3,0.091253,0.016728,0.19836,0.069417,0.01244,0.153866,1.31456271518504,1.34469453376206,1.28917369659314
2016-03-28,2016,3,0.083564,0.016741,0.192443,0.069896,0.013897,0.166349,1.19554767082523,1.20464848528459,1.15686298084148
2016-03-29,2016,3,0.081584,0.017304,0.187602,0.070678,0.012939,0.158256,1.15430544158012,1.33735219105031,1.18543372763118
2016-03-30,2016,3,0.090123,0.017404,0.19981,0.067332,0.0129,0.162209,1.33848690073071,1.34914728682171,1.23180588006831
2016-03-31,2016,3,0.089983,0.017275,0.196756,0.065956,0.013656,0.163057,1.36428831342107,1.26501171646163,1.20667006016301
2016-04-01,2016,4,0.096857,0.017653,0.20452,0.07069,0.013521,0.161962,1.37016551138775,1.30559869832113,1.26276534001803
2016-04-05,2016,4,0.10216,0.018318,0.208543,0.074518,0.015559,0.174619,1.37094393300947,1.17732502088823,1.19427439167559
2016-04-06,2016,4,0.097079,0.017042,0.201891,0.067563,0.013213,0.171561,1.43686633216405,1.28979035798078,1.1767884309371
2016-04-07,2016,4,0.090996,0.01813,0.204918,0.071422,0.012884,0.166381,1.27406121363165,1.40717168581186,1.23161899495736
2016-04-08,2016,4,0.085518,0.016453,0.195957,0.062919,0.011109,0.167655,1.35917608353597,1.48105139976596,1.16881095106021
2016-04-11,2016,4,0.090337,0.016052,0.186433,0.064039,0.011213,0.162508,1.41065600649604,1.43155266208865,1.14722352130357
2016-04-12,2016,4,0.084447,0.016133,0.192805,0.068703,0.011174,0.167733,1.22916029867691,1.4437981027385,1.14947565476084
2016-04-13,2016,4,0.081938,0.014511,0.176829,0.063488,0.010286,0.149984,1.29060609879032,1.4107524790978,1.1789857584809
2016-04-14,2016,4,0.077769,0.013779,0.175242,0.06182,0.010921,0.145921,1.2579909414429,1.26169764673565,1.20093749357529
2016-04-15,2016,4,0.072515,0.013396,0.179992,0.057774,0.009536,0.134381,1.25514937515145,1.40478187919463,1.33941554237578
2016-04-18,2016,4,0.070583,0.014149,0.174006,0.057025,0.00871,0.143086,1.23775537045156,1.62445464982778,1.21609381770404
2016-04-19,2016,4,0.072325,0.013244,0.187297,0.055973,0.009193,0.150127,1.29214085362586,1.44066137278364,1.24759037348378
2016-04-20,2016,4,0.074431,0.013498,0.180574,0.055911,0.009148,0.142088,1.33124072186153,1.4755137735024,1.27086031191937
2016-04-21,2016,4,0.0683,0.012841,0.167411,0.054562,0.008858,0.125652,1.25178695795609,1.44965003386769,1.33233852226785
2016-04-22,2016,4,0.071177,0.013795,0.175733,0.060081,0.00952,0.130655,1.18468400991994,1.44905462184874,1.3450154988328
2016-04-25,2016,4,0.071116,0.013593,0.168809,0.058456,0.010057,0.129409,1.21657314903517,1.3515959033509,1.3044610498497
2016-04-26,2016,4,0.075398,0.012879,0.16401,0.055241,0.009693,0.123421,1.36489201860937,1.32869080779944,1.32886623832249
2016-04-27,2016,4,0.072286,0.014029,0.155448,0.05408,0.00931,0.118018,1.33664940828402,1.50687432867884,1.31715501025267
2016-04-28,2016,4,0.077179,0.013606,0.162219,0.053595,0.009197,0.119605,1.44004104860528,1.47939545503969,1.35628945278207
2016-04-29,2016,4,0.072595,0.013219,0.159406,0.053265,0.009559,0.114406,1.36290246878814,1.38288523904174,1.39333601384543
2016-05-03,2016,5,0.067696,0.012289,0.137732,0.051115,0.009414,0.101706,1.32438618800743,1.30539621839813,1.35421705700745
2016-05-04,2016,5,0.066077,0.011892,0.136601,0.052747,0.009171,0.099425,1.25271579426318,1.29669610729473,1.37390998239879
2016-05-05,2016,5,0.061824,0.012133,0.129893,0.049817,0.008889,0.100659,1.24102214103619,1.36494543818202,1.29042609205337
2016-05-06,2016,5,0.062595,0.012599,0.128411,0.053665,0.008874,0.105298,1.16640268331315,1.41976560739238,1.21950084522023
2016-05-09,2016,5,0.065099,0.01316,0.135091,0.052011,0.009316,0.115417,1.25163907634923,1.412623443538,1.17046015751579
2016-05-10,2016,5,0.065697,0.013275,0.134302,0.052477,0.008427,0.107345,1.25191988871315,1.5752936988252,1.25112487773068
2016-05-11,2016,5,0.067689,0.012657,0.138435,0.055051,0.008906,0.119557,1.22956894515994,1.42117673478554,1.15789957928018
2016-05-12,2016,5,0.066331,0.013158,0.136942,0.057371,0.008809,0.11899,1.15617646546164,1.49369962538313,1.15086982099336
2016-05-13,2016,5,0.0663,0.012352,0.137723,0.055366,0.00881,0.115649,1.19748582162338,1.40204313280363,1.19087065171337
2016-05-16,2016,5,0.065818,0.011667,0.133685,0.054909,0.009809,0.113798,1.19867416999035,1.18941788153736,1.17475702560678
2016-05-17,2016,5,0.067716,0.011654,0.133451,0.052939,0.009326,0.111692,1.27913258656189,1.24962470512546,1.19481252014468
2016-05-18,2016,5,0.065507,0.011493,0.132732,0.047511,0.008945,0.105188,1.37877544147671,1.2848518725545,1.26185496444461
2016-05-19,2016,5,0.067964,0.011819,0.137626,0.051517,0.009556,0.106476,1.31925383853873,1.23681456676434,1.29255419061573
2016-05-20,2016,5,0.063503,0.01105,0.138917,0.052807,0.008786,0.108739,1.2025489045013,1.25768267698611,1.2775269222634
2016-05-23,2016,5,0.063791,0.010478,0.134113,0.050366,0.008186,0.11013,1.26654886232776,1.2799902272172,1.2177699082902
2016-05-24,2016,5,0.060229,0.010538,0.136197,0.045728,0.007913,0.106773,1.31711424072778,1.33173259193732,1.27557528588688
2016-05-25,2016,5,0.063612,0.011025,0.132884,0.048467,0.007948,0.103415,1.31248065694184,1.38714141922496,1.28495866170285
2016-05-26,2016,5,0.045784,0.008012,0.102989,0.035823,0.006147,0.084111,1.27806158054881,1.3034000325362,1.22444151181177
2016-05-27,2016,5,0.047652,0.008156,0.099567,0.03391,0.006304,0.077243,1.40524918902978,1.29378172588832,1.28901000737931
2016-05-30,2016,5,0.039888,0.007283,0.094747,0.034374,0.00609,0.076845,1.16041193925641,1.19589490968801,1.23296245689375
2016-05-31,2016,5,0.040475,0.007737,0.09367,0.034456,0.005942,0.075214,1.17468655676805,1.302086839448,1.2453798494961
2016-06-01,2016,6,0.038333,0.007214,0.085568,0.033465,0.005994,0.072839,1.14546541162408,1.20353687020354,1.17475528219772
2016-06-02,2016,6,0.037912,0.007702,0.087749,0.034845,0.005691,0.075403,1.0880183670541,1.35336496222105,1.16373353845338
2016-06-03,2016,6,0.038103,0.007082,0.086293,0.033888,0.006173,0.075278,1.12438031161473,1.14725417139154,1.1463242912936
2016-06-06,2016,6,0.037268,0.007005,0.08462,0.034319,0.005911,0.073022,1.08592907718756,1.18507866689223,1.15882884610117
2016-06-07,2016,6,0.037077,0.006727,0.084597,0.034575,0.005872,0.070813,1.07236442516269,1.14560626702997,1.19465352407044
2016-06-08,2016,6,0.035908,0.00701,0.083643,0.033879,0.005971,0.068976,1.05988960713126,1.17400770390219,1.21263917884482
2016-06-13,2016,6,0.036965,0.006653,0.089888,0.03379,0.006131,0.077282,1.0939627108612,1.08514108628283,1.16311689656065
2016-06-14,2016,6,0.03889,0.006617,0.084568,0.032262,0.005725,0.075746,1.20544293596181,1.15580786026201,1.1164681963404
2016-06-15,2016,6,0.038131,0.006827,0.087676,0.033605,0.005837,0.077678,1.13468233893766,1.1696076751756,1.12871083189578
2016-06-16,2016,6,0.03703,0.006896,0.085153,0.032083,0.005723,0.074174,1.15419380980582,1.20496243229076,1.14801682530267
2016-06-17,2016,6,0.038669,0.006727,0.084115,0.034103,0.005639,0.077113,1.13388851420696,1.19294201099486,1.09080181033029
2016-06-20,2016,6,0.036589,0.006494,0.081257,0.034832,0.005883,0.074503,1.0504421221865,1.10385857555669,1.09065406762144
2016-06-21,2016,6,0.036413,0.006386,0.082753,0.032034,0.005519,0.072959,1.13669850783542,1.15709367639065,1.13423977850574
2016-06-22,2016,6,0.036114,0.006667,0.080681,0.033481,0.005535,0.071681,1.07864161763388,1.20451671183378,1.12555628409202
2016-06-23,2016,6,0.036849,0.006602,0.086015,0.032062,0.005835,0.072136,1.14930447258437,1.13144815766924,1.19240046578685
2016-06-24,2016,6,0.037413,0.006945,0.083579,0.032522,0.005632,0.072792,1.150390504889,1.23313210227273,1.14818936146829
2016-06-27,2016,6,0.037715,0.006748,0.084794,0.034803,0.005838,0.077094,1.08367094790679,1.15587529976019,1.0998780709264
2016-06-28,2016,6,0.038714,0.007142,0.086812,0.034361,0.005628,0.076238,1.12668432234219,1.26901208244492,1.13869723759805
2016-06-29,2016,6,0.039518,0.007322,0.085752,0.033533,0.00568,0.073101,1.17848089941252,1.28908450704225,1.1730619280174
2016-06-30,2016,6,0.039753,0.007152,0.084473,0.031734,0.005544,0.073719,1.25269427112876,1.29004329004329,1.14587826747514
2016-07-01,2016,7,0.038766,0.006972,0.086869,0.033459,0.00607,0.075177,1.15861203263696,1.14859967051071,1.1555262912859
2016-07-04,2016,7,0.040691,0.007071,0.090592,0.031742,0.005595,0.076731,1.28192930502174,1.26380697050938,1.18064406823839
2016-07-05,2016,7,0.040259,0.007189,0.08341,0.033954,0.005744,0.074098,1.18569240737468,1.25156685236769,1.12567140813517
2016-07-06,2016,7,0.041256,0.007218,0.085608,0.031994,0.005761,0.074446,1.2894917797087,1.25290748134005,1.14993418047981
2016-07-07,2016,7,0.040959,0.00726,0.083791,0.031886,0.00583,0.078565,1.28454494135357,1.24528301886792,1.06651816966843
2016-07-08,2016,7,0.040042,0.007177,0.08057,0.031122,0.005522,0.074955,1.2866139708245,1.29971024990945,1.07491161363485
2016-07-11,2016,7,0.039624,0.006927,0.083801,0.031381,0.005425,0.072378,1.26267486695771,1.276866359447,1.15782420072398
2016-07-12,2016,7,0.041264,0.007149,0.084939,0.031817,0.005789,0.075148,1.29691674262187,1.23492831231646,1.13028956193112
2016-07-13,2016,7,0.039489,0.006725,0.083191,0.031698,0.00568,0.070624,1.24578837781564,1.18397887323944,1.17794234254644
2016-07-14,2016,7,0.039859,0.006797,0.080282,0.033393,0.006034,0.071245,1.19363339622076,1.12645011600928,1.12684398905186
2016-07-15,2016,7,0.037538,0.006781,0.079335,0.032475,0.006026,0.072947,1.15590454195535,1.125290408231,1.08757042784487
2016-07-18,2016,7,0.03759,0.006895,0.083191,0.032925,0.005574,0.073612,1.14168564920273,1.23699318263366,1.13012823996088
2016-07-19,2016,7,0.037815,0.006773,0.083445,0.032644,0.005557,0.069939,1.15840583261855,1.21882310599244,1.19311113970746
2016-07-20,2016,7,0.036797,0.006309,0.081745,0.032082,0.005637,0.072808,1.14696714668662,1.11921234699308,1.1227475002747
2016-07-21,2016,7,0.039683,0.00664,0.080045,0.034957,0.00603,0.069735,1.13519466773465,1.10116086235489,1.14784541478454
2016-07-22,2016,7,0.037474,0.006636,0.081713,0.032861,0.005776,0.073356,1.14037917287971,1.148891966759,1.11392387807405
2016-07-25,2016,7,0.036199,0.006615,0.084257,0.031068,0.005646,0.068331,1.16515385605768,1.17162592986185,1.23307137316884
2016-07-26,2016,7,0.037257,0.006046,0.083592,0.033227,0.005849,0.07252,1.12128690522768,1.03368097110617,1.1526751241037
2016-07-27,2016,7,0.036696,0.006454,0.081561,0.035462,0.006329,0.076456,1.03479781174215,1.0197503555064,1.06677043005127
2016-07-28,2016,7,0.03874,0.006677,0.083809,0.033567,0.005791,0.079118,1.15410969106563,1.15299602831981,1.05929118531813
2016-07-29,2016,7,0.036708,0.006508,0.082394,0.033216,0.005952,0.076472,1.10513005780347,1.09341397849462,1.07744010879799
2016-08-01,2016,8,0.037206,0.005999,0.07819,0.033956,0.005854,0.075059,1.09571209800919,1.02476938845234,1.04171385176994
2016-08-02,2016,8,0.035275,0.005664,0.07965,0.033293,0.00591,0.07988,1.05953203376085,0.958375634517766,0.997120681021532
2016-08-03,2016,8,0.036633,0.006195,0.078676,0.034486,0.005805,0.078255,1.0622571478281,1.0671834625323,1.00537984793304
2016-08-04,2016,8,0.035917,0.006582,0.081883,0.034349,0.005816,0.079969,1.04564907275321,1.13170563961486,1.02393427453138
2016-08-05,2016,8,0.032184,0.00564,0.068753,0.032962,0.0055,0.065241,0.976397063284995,1.02545454545455,1.05383117977959
2016-08-08,2016,8,0.033049,0.005898,0.066173,0.03155,0.005558,0.065188,1.0475118858954,1.06117308384311,1.0151101429711
2016-08-09,2016,8,0.033078,0.005855,0.065858,0.029881,0.005453,0.064658,1.10699106455607,1.07372088758482,1.01855918834483
2016-08-10,2016,8,0.032255,0.005718,0.065235,0.032516,0.005637,0.064794,0.991973182433263,1.01436934539649,1.00680618575794
2016-08-11,2016,8,0.03194,0.005847,0.06617,0.031149,0.00535,0.064809,1.02539407364602,1.09289719626168,1.02100016972951
2016-08-12,2016,8,0.031943,0.005575,0.066607,0.031372,0.005495,0.065765,1.01820094351651,1.01455868971793,1.01280316277655
2016-08-15,2016,8,0.032186,0.005741,0.06782,0.03142,0.005293,0.065002,1.02437937619351,1.08464009068581,1.04335251223039
2016-08-16,2016,8,0.029881,0.005284,0.070265,0.032105,0.005431,0.066587,0.930727301043451,0.97293316148039,1.0552360070284
2016-08-17,2016,8,0.031596,0.005553,0.068405,0.030892,0.005283,0.06407,1.0227890716043,1.0511073253833,1.06766037146871
2016-08-18,2016,8,0.031658,0.005546,0.066893,0.028632,0.005111,0.063667,1.10568594579491,1.08511054588143,1.05066989178067
2016-08-19,2016,8,0.03073,0.005617,0.073011,0.02947,0.005231,0.060226,1.04275534441805,1.07379086216785,1.21228373127885
2016-08-22,2016,8,0.031719,0.00554,0.067296,0.02908,0.00532,0.06106,1.09074965612105,1.04135338345865,1.10212905339011
2016-08-23,2016,8,0.02892,0.005184,0.065304,0.029096,0.005407,0.061061,0.993951058564751,0.958757166635842,1.06948788916002
2016-08-24,2016,8,0.03043,0.005286,0.068494,0.030093,0.005373,0.063932,1.01119861761872,0.983807928531547,1.07135706688356
2016-08-25,2016,8,0.029246,0.005111,0.068417,0.029552,0.005342,0.06421,0.989645370871684,0.956757768625983,1.06551938950319
2016-08-26,2016,8,0.029653,0.005286,0.067144,0.029828,0.005392,0.063142,0.994133029368379,0.980341246290801,1.06338095087264
2016-08-29,2016,8,0.03089,0.005614,0.066639,0.031863,0.005414,0.064697,0.969463013526661,1.03694126339121,1.03001684776728
2016-08-30,2016,8,0.028948,0.005429,0.064055,0.032609,0.005114,0.060644,0.887730381183109,1.06159561986703,1.05624628982257
2016-08-31,2016,8,0.028637,0.005243,0.064499,0.030051,0.005338,0.061856,0.952946657349173,0.982203072311727,1.04272827211588
2016-09-01,2016,9,0.028667,0.005285,0.063317,0.028919,0.00517,0.062923,0.991286005740171,1.02224371373308,1.00626162134673
2016-09-02,2016,9,0.028507,0.005288,0.065094,0.031378,0.006011,0.064404,0.908502772643253,0.879720512393944,1.01071362027203
2016-09-05,2016,9,0.027771,0.004984,0.066463,0.030314,0.007079,0.070314,0.916111367684898,0.704054244949852,0.945231390619222
2016-09-06,2016,9,0.029108,0.004975,0.065303,0.02966,0.006134,0.066712,0.981389076196898,0.811053146397131,0.978879362033817
2016-09-07,2016,9,0.028778,0.00503,0.063984,0.029375,0.0054,0.067047,0.979676595744681,0.931481481481481,0.954315629334646
2016-09-08,2016,9,0.024827,0.004523,0.051572,0.026848,0.005225,0.055477,0.924724374255065,0.865645933014354,0.929610469203454
2016-09-09,2016,9,0.025345,0.004479,0.052945,0.028282,0.005389,0.05323,0.896153030195884,0.83113750231954,0.994645876385497
2016-09-12,2016,9,0.024248,0.004433,0.052049,0.026031,0.005297,0.055393,0.931504744343283,0.836888804983953,0.939631361363349
2016-09-13,2016,9,0.024415,0.00433,0.055452,0.026698,0.00508,0.056137,0.914487976627463,0.852362204724409,0.987797709175766
2016-09-14,2016,9,0.024785,0.004268,0.054502,0.027548,0.004997,0.057106,0.899702337737767,0.854112467480488,0.954400588379505
2016-09-19,2016,9,0.024707,0.004384,0.056914,0.027589,0.005054,0.05573,0.895538076769727,0.867431737237831,1.02124528979006
2016-09-20,2016,9,0.024614,0.004374,0.058123,0.02653,0.004921,0.054081,0.927779871843196,0.888843730948994,1.07473974223849
2016-09-21,2016,9,0.023598,0.004221,0.053663,0.026493,0.004788,0.053005,0.890725852111879,0.881578947368421,1.01241392321479
2016-09-22,2016,9,0.025898,0.004327,0.052283,0.027145,0.005315,0.05092,0.954061521458832,0.814111006585136,1.02676747839749
2016-09-23,2016,9,0.023514,0.004187,0.050031,0.024215,0.004708,0.049457,0.971051001445385,0.889337298215803,1.01160604161191
2016-09-26,2016,9,0.023774,0.004177,0.053401,0.027993,0.005432,0.052756,0.849283749508806,0.768961708394698,1.0122260975055
2016-09-27,2016,9,0.023802,0.004304,0.053721,0.026626,0.005253,0.05353,0.893938255840156,0.819341328764515,1.00356809265832
2016-09-28,2016,9,0.023414,0.004373,0.052557,0.027744,0.005378,0.053718,0.843930219146482,0.813127556712533,0.978387132804646
2016-09-29,2016,9,0.024023,0.004482,0.052443,0.02699,0.00513,0.054844,0.890070396443127,0.873684210526316,0.956221282182189
2016-09-30,2016,9,0.023196,0.004412,0.053665,0.02641,0.004852,0.055356,0.878303672851193,0.909315746084089,0.969452272563046
2016-10-10,2016,10,0.023647,0.004184,0.052768,0.027387,0.0048,0.052726,0.863438857852266,0.871666666666667,1.00079657095171
2016-10-11,2016,10,0.026051,0.00485,0.057593,0.026945,0.005114,0.05349,0.966821302653554,0.948377004301916,1.07670592634137
2016-10-12,2016,10,0.02539,0.004288,0.054215,0.027264,0.004888,0.054292,0.931264671361502,0.877250409165303,0.998581743166581
2016-10-13,2016,10,0.025359,0.004364,0.056998,0.028834,0.005796,0.055734,0.87948255531664,0.752933057280883,1.02267915455557
2016-10-14,2016,10,0.025467,0.004452,0.054856,0.027929,0.00493,0.054378,0.911847900032225,0.903042596348884,1.00879031961455
2016-10-17,2016,10,0.026244,0.004328,0.05134,0.026193,0.004938,0.059625,1.00194708509907,0.876468205751316,0.86104821802935
2016-10-18,2016,10,0.024676,0.004332,0.054582,0.026949,0.005107,0.056334,0.915655497421055,0.848247503426669,0.968899776334008
2016-10-19,2016,10,0.025032,0.004509,0.052096,0.025172,0.00506,0.056351,0.994438264738598,0.891106719367589,0.924491135915955
2016-10-20,2016,10,0.023761,0.004311,0.053422,0.025531,0.004943,0.05649,0.930672515765148,0.872142423629375,0.945689502566826
2016-10-21,2016,10,0.022846,0.004109,0.052068,0.025567,0.004874,0.052804,0.893573747408769,0.843044727123513,0.986061661995304
2016-10-24,2016,10,0.024076,0.004262,0.052252,0.026645,0.004884,0.055218,0.903584162131732,0.872645372645373,0.946285631496976
2016-10-25,2016,10,0.025465,0.004343,0.05386,0.025145,0.00472,0.054481,1.01272618810897,0.920127118644068,0.988601530808906
2016-10-26,2016,10,0.02424,0.004385,0.051474,0.025586,0.004645,0.055122,0.947393105604628,0.944025834230355,0.933819527593338
2016-10-27,2016,10,0.025376,0.004366,0.054674,0.026107,0.004661,0.053534,0.971999846784387,0.936708860759494,1.02129487802144
2016-10-28,2016,10,0.024117,0.004274,0.053329,0.024963,0.004584,0.049695,0.966109842566999,0.932373472949389,1.07312606902103
2016-10-31,2016,10,0.025697,0.004372,0.054562,0.024007,0.004625,0.05264,1.07039613446078,0.945297297297297,1.03651215805471
2016-11-01,2016,11,0.024843,0.004144,0.053879,0.024053,0.00461,0.05174,1.03284413586663,0.898915401301518,1.04134132199459
2016-11-02,2016,11,0.023568,0.004353,0.050334,0.021798,0.004178,0.048578,1.08120011010184,1.0418860698899,1.03614805055787
2016-11-03,2016,11,0.023054,0.004103,0.048667,0.022626,0.004389,0.045777,1.01891629099266,0.93483709273183,1.06313214059462
2016-11-04,2016,11,0.02351,0.00428,0.050319,0.021992,0.004138,0.046735,1.06902510003638,1.03431609473175,1.07668770728576
2016-11-07,2016,11,0.023903,0.004201,0.050477,0.021737,0.003962,0.046433,1.099645765285,1.06032306915699,1.08709323110719
2016-11-08,2016,11,0.023878,0.004252,0.049264,0.02245,0.004128,0.044192,1.06360801781737,1.03003875968992,1.11477190441709
2016-11-09,2016,11,0.024273,0.004327,0.049367,0.021809,0.004184,0.043001,1.11298087945344,1.03417782026769,1.14804306876584
2016-11-10,2016,11,0.024458,0.004148,0.050783,0.021697,0.004041,0.044769,1.12725261556897,1.02647859440732,1.13433402577677
2016-11-11,2016,11,0.024455,0.004489,0.052436,0.022526,0.004182,0.044292,1.08563437805203,1.07340985174558,1.18387067642012
2016-11-14,2016,11,0.02513,0.004463,0.049895,0.022394,0.004253,0.045201,1.12217558274538,1.04937691041618,1.10384726001637
2016-11-15,2016,11,0.025763,0.004449,0.055866,0.022296,0.00414,0.04255,1.15549874416936,1.07463768115942,1.31294947121034
2016-11-16,2016,11,0.024654,0.004278,0.053033,0.021261,0.004104,0.041988,1.15958797798787,1.04239766081871,1.26305134800419
2016-11-17,2016,11,0.024907,0.004382,0.053282,0.020568,0.003954,0.043547,1.21095877090626,1.10824481537683,1.22355156497577
2016-11-18,2016,11,0.02507,0.004384,0.052838,0.021273,0.003872,0.044634,1.17848916466883,1.13223140495868,1.18380606712372
2016-11-21,2016,11,0.022826,0.003915,0.04747,0.020064,0.003658,0.04298,1.13765948963317,1.07025697102242,1.10446719404374
2016-11-22,2016,11,0.023397,0.004106,0.047677,0.020776,0.003802,0.04339,1.12615517905275,1.07995791688585,1.09880156718138
2016-11-23,2016,11,0.023404,0.004194,0.049027,0.020142,0.003722,0.042694,1.16195015390726,1.12681354110693,1.14833466060805
2016-11-24,2016,11,0.022666,0.004179,0.048334,0.021404,0.003951,0.043917,1.05896094188002,1.05770690964313,1.10057608670902
2016-11-25,2016,11,0.022954,0.004042,0.050647,0.021185,0.003975,0.043363,1.08350247816852,1.01685534591195,1.16797730784309
2016-11-28,2016,11,0.023069,0.004051,0.049366,0.021106,0.004079,0.04263,1.09300672794466,0.993135572444226,1.15801079052311
2016-11-29,2016,11,0.023471,0.00425,0.053268,0.022074,0.004122,0.043852,1.06328712512458,1.03105288694808,1.21472224755997
2016-11-30,2016,11,0.024812,0.004543,0.051991,0.021928,0.004207,0.045418,1.1315213425757,1.07986688851913,1.14472235677485
2016-12-01,2016,12,0.024444,0.004425,0.054509,0.02193,0.004133,0.041542,1.11463748290014,1.07065085894024,1.31214192865052
2016-12-02,2016,12,0.025452,0.004605,0.055171,0.022486,0.004068,0.046621,1.1319042960064,1.13200589970501,1.18339374959782
2016-12-05,2016,12,0.025151,0.004699,0.058304,0.022952,0.004366,0.047301,1.09580864412687,1.07627118644068,1.23261664658252
2016-12-06,2016,12,0.02365,0.004275,0.054684,0.023853,0.004446,0.048584,0.991489540099778,0.961538461538461,1.12555573851474
2016-12-07,2016,12,0.025434,0.004477,0.056071,0.022727,0.004419,0.049523,1.11910942931315,1.01312514143471,1.13222139208045
2016-12-08,2016,12,0.024987,0.004468,0.057258,0.023432,0.004351,0.050585,1.06636223967224,1.02689037002988,1.1319165760601
2016-12-09,2016,12,0.026952,0.004796,0.056482,0.023028,0.004236,0.049081,1.17040125065138,1.13220018885741,1.15079154866445
2016-12-12,2016,12,0.026297,0.004806,0.061049,0.02679,0.00477,0.054986,0.981597611048899,1.00754716981132,1.11026443094606
2016-12-13,2016,12,0.027361,0.005152,0.063557,0.024472,0.004501,0.059566,1.11805328538738,1.14463452566096,1.06700130947185
2016-12-14,2016,12,0.027589,0.004752,0.060213,0.025715,0.004819,0.055637,1.07287575345129,0.986096700560282,1.08224742527455
2016-12-15,2016,12,0.027725,0.004858,0.063174,0.02808,0.004943,0.057089,0.98735754985755,0.982803965203318,1.1065879591515
2016-12-16,2016,12,0.027969,0.005043,0.06274,0.027216,0.004945,0.051425,1.02766754850088,1.01981799797776,1.22002916869227
2016-12-19,2016,12,0.02811,0.004865,0.058429,0.025176,0.004303,0.05051,1.11653956148713,1.13060655356728,1.15678083547812
2016-12-20,2016,12,0.02844,0.004741,0.059813,0.028782,0.005077,0.050533,0.988117573483427,0.93381918455781,1.18364237231116
2016-12-21,2016,12,0.027246,0.004813,0.057816,0.0268,0.005361,0.051824,1.01664179104478,0.897780264875956,1.11562210558814
2016-12-22,2016,12,0.026758,0.004887,0.057799,0.027237,0.004372,0.062679,0.982413628520028,1.11779505946935,0.922142982498125
2016-12-23,2016,12,0.027317,0.004875,0.059614,0.02566,0.004484,0.048702,1.06457521434139,1.08719892952721,1.22405650691963
2016-12-26,2016,12,0.027618,0.004992,0.061677,0.024376,0.004305,0.054226,1.13299967180834,1.1595818815331,1.13740641020912
2016-12-27,2016,12,0.028277,0.004887,0.062282,0.023857,0.004589,0.051678,1.18527057048246,1.06493789496622,1.20519369944657
2016-12-28,2016,12,0.029814,0.004935,0.058486,0.024077,0.004545,0.052108,1.23827719400257,1.08580858085809,1.12239963153451
2016-12-29,2016,12,0.027523,0.004897,0.056069,0.024191,0.004432,0.048925,1.13773717498243,1.10491877256318,1.14601941747573
2016-12-30,2016,12,0.024326,0.004618,0.055825,0.024614,0.004384,0.050533,0.988299341837978,1.05337591240876,1.10472364593434
2017-01-03,2017,1,0.026735,0.004966,0.054594,0.023668,0.004531,0.047427,1.12958424877472,1.09600529684396,1.15111645265355
2017-01-04,2017,1,0.025432,0.004803,0.054862,0.030379,0.00455,0.06303,0.837157246782317,1.0556043956044,0.870410915437093
2017-01-05,2017,1,0.026992,0.004889,0.056887,0.026133,0.004159,0.060942,1.03287031722343,1.17552296225054,0.933461323881724
2017-01-06,2017,1,0.025713,0.004663,0.055524,0.021933,0.00401,0.046246,1.17234304472712,1.16284289276808,1.20062275656273
2017-01-09,2017,1,0.026046,0.004607,0.055073,0.021951,0.003962,0.051859,1.18655186551866,1.16279656739021,1.06197574191558
2017-01-10,2017,1,0.025212,0.00461,0.055574,0.022643,0.004321,0.044781,1.11345669743409,1.06688266604953,1.24101739577053
2017-01-11,2017,1,0.02605,0.004833,0.057257,0.021877,0.00413,0.047094,1.19074827444348,1.17021791767554,1.21580243767784
2017-01-12,2017,1,0.026566,0.004761,0.057154,0.022284,0.004126,0.047182,1.19215580685694,1.15390208434319,1.21135178669832
2017-01-13,2017,1,0.02661,0.004799,0.057763,0.023313,0.004356,0.047647,1.14142324025222,1.10169880624426,1.21231137322392
2017-01-16,2017,1,0.026575,0.004497,0.059057,0.023524,0.004056,0.049519,1.12969733038599,1.10872781065089,1.19261293644864
2017-01-17,2017,1,0.026498,0.004463,0.060059,0.023595,0.004114,0.049601,1.12303454121636,1.08483228001945,1.21084252333622
2017-01-18,2017,1,0.026016,0.004571,0.059191,0.023855,0.00409,0.051054,1.09058897505764,1.11760391198044,1.15938026403416
2017-01-19,2017,1,0.026225,0.004426,0.056501,0.024904,0.00421,0.050417,1.053043687761,1.05130641330166,1.12067358232342
2017-01-20,2017,1,0.025657,0.00445,0.057719,0.023844,0.004136,0.050238,1.07603590001678,1.07591876208897,1.14891118277001
2017-01-23,2017,1,0.026937,0.004543,0.05803,0.022738,0.004158,0.049061,1.18466883630926,1.09259259259259,1.18281323250647
2017-01-24,2017,1,0.026879,0.004641,0.05669,0.022352,0.004048,0.04717,1.20253221188261,1.14649209486166,1.20182319270723
2017-01-25,2017,1,0.028862,0.004674,0.057229,0.023983,0.004138,0.049176,1.20343576700163,1.12953117448043,1.16375874410281
2017-01-26,2017,1,0.029413,0.004796,0.055061,0.022728,0.004163,0.050085,1.29413058782119,1.15205380735047,1.09935110312469
2017-02-03,2017,2,0.029924,0.004866,0.056961,0.026063,0.004228,0.049678,1.14814104285769,1.15089877010407,1.14660413060107
2017-02-06,2017,2,0.027539,0.00471,0.056528,0.024587,0.00423,0.053655,1.12006344816366,1.11347517730496,1.0535458018824
2017-02-07,2017,2,0.02647,0.004606,0.055239,0.025371,0.004451,0.051983,1.04331717315045,1.03482363513817,1.06263586172403
2017-02-08,2017,2,0.025853,0.004503,0.057931,0.023859,0.004308,0.049897,1.08357433253699,1.04526462395543,1.16101168406918
2017-02-09,2017,2,0.025887,0.00482,0.059853,0.023704,0.004361,0.050619,1.09209416132298,1.10525108919972,1.18242162034019
2017-02-10,2017,2,0.02783,0.004702,0.059348,0.024614,0.004293,0.04946,1.13065734947591,1.09527137200093,1.19991912656692
2017-02-13,2017,2,0.028479,0.005018,0.060325,0.0249,0.004288,0.049744,1.14373493975904,1.17024253731343,1.21270907044066
2017-02-14,2017,2,0.027509,0.004551,0.05882,0.024107,0.004229,0.051907,1.14112083627162,1.07614093166233,1.13318049588687
2017-02-15,2017,2,0.029848,0.00542,0.057082,0.026295,0.004294,0.050681,1.13512074538886,1.26222636236609,1.12629979676802
2017-02-16,2017,2,0.026485,0.004685,0.05723,0.026221,0.004266,0.050837,1.01006826589375,1.09821847163619,1.12575486358361
2017-02-17,2017,2,0.027417,0.004866,0.055894,0.025084,0.004248,0.051465,1.09300749481741,1.1454802259887,1.08605848634995
2017-02-20,2017,2,0.027616,0.005158,0.057439,0.024851,0.00441,0.052312,1.11126312824434,1.16961451247166,1.09800810521486
2017-02-21,2017,2,0.027822,0.005022,0.056548,0.025479,0.004521,0.053592,1.09195808312728,1.11081619110816,1.05515748619197
2017-02-22,2017,2,0.027595,0.004966,0.055815,0.027449,0.004554,0.053862,1.00531895515319,1.09046991655687,1.03625932939735
2017-02-23,2017,2,0.028755,0.005011,0.059399,0.026701,0.004714,0.054926,1.07692595782929,1.06300381841324,1.08143684229691
2017-02-24,2017,2,0.027677,0.004679,0.060024,0.025675,0.004727,0.056233,1.0779746835443,0.989845568013539,1.06741593014778
2017-02-27,2017,2,0.027823,0.004809,0.057511,0.025711,0.004467,0.054391,1.08214382948932,1.07656145063801,1.05736243128459
2017-02-28,2017,2,0.028284,0.005187,0.058166,0.024063,0.00446,0.053569,1.17541453684079,1.16300448430493,1.08581455692658
2017-03-01,2017,3,0.027853,0.005015,0.056786,0.024351,0.004443,0.053047,1.14381339575377,1.12874184109836,1.07048466454276
2017-03-02,2017,3,0.028331,0.004855,0.05806,0.024098,0.004484,0.049292,1.17565773093203,1.08273862622658,1.17787876328816
2017-03-03,2017,3,0.026469,0.004844,0.056952,0.023929,0.004281,0.053715,1.10614735258473,1.13151132912871,1.06026249650936
2017-03-06,2017,3,0.027497,0.005065,0.054851,0.024721,0.004524,0.053055,1.11229319202298,1.11958443854996,1.0338516633682
2017-03-07,2017,3,0.026259,0.004741,0.055199,0.024307,0.004196,0.050045,1.08030608466697,1.12988560533842,1.10298731141972
2017-03-08,2017,3,0.025547,0.004673,0.05489,0.024024,0.004155,0.052411,1.06339493839494,1.12466907340554,1.04729923107745
2017-03-09,2017,3,0.025729,0.004517,0.053288,0.023288,0.004114,0.051672,1.10481793198214,1.09795819154108,1.03127419105125
2017-03-10,2017,3,0.026439,0.004743,0.05407,0.02391,0.004167,0.05252,1.10577164366374,1.13822894168467,1.02951256664128
2017-03-13,2017,3,0.027844,0.004733,0.055146,0.025092,0.004407,0.052931,1.10967639088156,1.0739732244157,1.0418469327993
2017-03-14,2017,3,0.026336,0.004636,0.053822,0.023924,0.004067,0.05336,1.10081926099314,1.13990656503565,1.00865817091454
2017-03-15,2017,3,0.027327,0.004892,0.056196,0.023877,0.004194,0.055329,1.14449051388365,1.16642823080591,1.01566990185978
2017-03-16,2017,3,0.027107,0.00465,0.054946,0.02433,0.004191,0.054803,1.11413892314016,1.10952040085898,1.00260934620368
2017-03-17,2017,3,0.026264,0.004403,0.047897,0.020921,0.0038,0.047011,1.25538932173414,1.15868421052632,1.01884665291102
2017-03-20,2017,3,0.026179,0.00438,0.052813,0.020886,0.003798,0.044403,1.25342334578186,1.15323854660348,1.18940161700786
2017-03-21,2017,3,0.025961,0.004626,0.05209,0.021285,0.003895,0.046048,1.21968522433639,1.18767650834403,1.13121091035441
2017-03-22,2017,3,0.024615,0.004577,0.050625,0.02123,0.003884,0.049406,1.15944418276025,1.17842430484037,1.02467311662551
2017-03-23,2017,3,0.025491,0.004374,0.050385,0.020655,0.003706,0.048975,1.23413217138707,1.18024824608743,1.02879019908116
2017-03-24,2017,3,0.025326,0.004694,0.050419,0.042749,0.00374,0.089103,0.592434910758146,1.25508021390374,0.565850756989102
2017-03-27,2017,3,0.023786,0.004197,0.04798,0.022102,0.003846,0.054882,1.07619219980092,1.09126365054602,0.874239276994279
2017-03-28,2017,3,0.023305,0.004193,0.049025,0.022787,0.003955,0.06884,1.02273225962171,1.06017699115044,0.712158628704242
2017-03-29,2017,3,0.024936,0.004388,0.049517,0.021568,0.003751,0.047458,1.15615727002967,1.16982138096508,1.04338573054069
2017-03-30,2017,3,0.023848,0.004046,0.049638,0.02249,0.003978,0.068871,1.0603823921743,1.01709401709402,0.720738772487694
2017-03-31,2017,3,0.022934,0.004175,0.049344,0.022105,0.003803,0.068585,1.03750282741461,1.09781751249014,0.719457607348546
2017-04-05,2017,4,0.024406,0.004144,0.048622,0.021655,0.00371,0.049511,1.12703763564997,1.11698113207547,0.982044394175032
2017-04-06,2017,4,0.02352,0.004077,0.047551,0.024336,0.003808,0.069943,0.966469428007889,1.07064075630252,0.679853595070272
2017-04-07,2017,4,0.025225,0.004394,0.050581,0.024335,0.004174,0.050486,1.03657283747689,1.05270723526593,1.00188170978093
2017-04-10,2017,4,0.023916,0.004279,0.05064,0.02699,0.004607,0.04895,0.886105965172286,0.928803993922292,1.03452502553626
2017-04-11,2017,4,0.023394,0.004069,0.056719,0.024039,0.004225,0.048769,0.973168601023337,0.963076923076923,1.16301338965326
2017-04-12,2017,4,0.022959,0.004304,0.055,0.022933,0.0043,0.047043,1.00113373740897,1.00093023255814,1.16914312437557
2017-04-13,2017,4,0.023372,0.004076,0.051382,0.024028,0.004137,0.046574,0.972698518395206,0.985255015711868,1.10323356379096
2017-04-14,2017,4,0.025555,0.004464,0.051173,0.023144,0.004075,0.047221,1.10417386795714,1.09546012269939,1.08369157789966
2017-04-17,2017,4,0.023988,0.004369,0.053875,0.022623,0.004156,0.04685,1.06033682535473,1.05125120307988,1.14994663820704
2017-04-18,2017,4,0.02434,0.00422,0.054092,0.024362,0.004306,0.050702,0.999096954273048,0.980027868091036,1.06686126780009
2017-04-19,2017,4,0.024905,0.004135,0.054459,0.024623,0.003968,0.049877,1.01145270681883,1.04208669354839,1.09186599033623
2017-04-20,2017,4,0.025602,0.004468,0.056697,0.022694,0.004151,0.05493,1.12813959636908,1.07636714044808,1.03216821409066
2017-04-21,2017,4,0.025074,0.004325,0.056077,0.0228,0.003958,0.049381,1.09973684210526,1.09272359777665,1.13559871205524
2017-04-24,2017,4,0.027824,0.00487,0.05947,0.02281,0.003885,0.047118,1.21981587023235,1.25353925353925,1.26215034593998
2017-04-25,2017,4,0.028144,0.004743,0.063154,0.023428,0.004297,0.060988,1.20129759262421,1.10379334419362,1.03551518331475
2017-04-26,2017,4,0.027836,0.00508,0.061436,0.023492,0.004246,0.063154,1.18491401328112,1.19642016015073,0.972796655793774
2017-04-27,2017,4,0.027779,0.004803,0.064942,0.027887,0.004177,0.05394,0.996127227740524,1.14986832655016,1.20396737115313
2017-04-28,2017,4,0.028428,0.004977,0.063956,0.029322,0.0043,0.051538,0.9695109474115,1.15744186046512,1.24094842640382
2017-05-02,2017,5,0.028183,0.00492,0.071562,0.033125,0.004329,0.056351,0.850807547169811,1.13652113652114,1.26993309790421
2017-05-03,2017,5,0.027293,0.004901,0.079521,0.030687,0.004964,0.066734,0.889399419949816,0.987308622078969,1.19161147241286
2017-05-04,2017,5,0.027075,0.004904,0.075709,0.028038,0.004315,0.051759,0.965653755617376,1.13650057937428,1.46272145906992
2017-05-05,2017,5,0.027708,0.00479,0.068084,0.025836,0.00453,0.051059,1.07245703669299,1.05739514348786,1.33343778765742
2017-05-08,2017,5,0.026163,0.004669,0.079921,0.025037,0.004245,0.053385,1.04497343930982,1.09988221436985,1.4970684649246
2017-05-09,2017,5,0.027421,0.004978,0.077167,0.024608,0.004026,0.049034,1.11431241872562,1.23646299056135,1.57374474854183
2017-05-10,2017,5,0.027542,0.00485,0.074174,0.023648,0.004179,0.051239,1.1646650879567,1.16056472840392,1.44760826714026
2017-05-11,2017,5,0.028087,0.005049,0.069112,0.024022,0.004274,0.054036,1.16921988177504,1.18132896583996,1.27899918572803
2017-05-12,2017,5,0.027211,0.004909,0.077111,0.02397,0.004109,0.054465,1.13521068001669,1.19469457288878,1.41578995685302
2017-05-15,2017,5,0.027121,0.004837,0.072114,0.023366,0.00409,0.055972,1.1607035864076,1.18264058679707,1.28839419709855
2017-05-16,2017,5,0.027061,0.004885,0.072518,0.022805,0.004307,0.052508,1.18662573996931,1.1342001393081,1.38108478708006
2017-05-17,2017,5,0.027999,0.004851,0.060282,0.024525,0.004363,0.051956,1.14165137614679,1.11184964473986,1.16025098159982
2017-05-18,2017,5,0.028895,0.004633,0.070648,0.025026,0.004318,0.052469,1.15459921681451,1.07295044001853,1.34647124969029
2017-05-19,2017,5,0.029348,0.004657,0.06149,0.023777,0.004262,0.050847,1.23430205660933,1.09267949319568,1.20931421716129
2017-05-22,2017,5,0.026862,0.004699,0.063719,0.024657,0.004237,0.051662,1.08942693758365,1.1090394146802,1.23338237002052
2017-05-23,2017,5,0.028508,0.00717,0.066662,0.023109,0.003987,0.048246,1.23363191830023,1.79834462001505,1.38171040086225
2017-05-24,2017,5,0.033015,0.005776,0.069859,0.023077,0.004247,0.049319,1.43064523118256,1.36001883682599,1.41647235345404
2017-05-25,2017,5,0.031638,0.007448,0.06974,0.023411,0.004301,0.050309,1.35141600102516,1.73169030458033,1.38623307956827
2017-05-26,2017,5,0.032522,0.007239,0.067508,0.023868,0.004142,0.050468,1.36257750963633,1.74770642201835,1.3376396924784
2017-05-31,2017,5,0.034968,0.006057,0.064862,0.02482,0.004239,0.049853,1.4088638195004,1.42887473460722,1.30106513148657
2017-06-01,2017,6,0.032619,0.004924,0.066987,0.022992,0.004127,0.049914,1.4187108559499,1.19311848800582,1.34204832311576
2017-06-02,2017,6,0.03138,0.005108,0.064728,0.023651,0.004329,0.050524,1.32679379307429,1.17994917994918,1.28113371862877
2017-06-05,2017,6,0.032416,0.00493,0.068186,0.024545,0.004367,0.050399,1.32067630882053,1.12892145637738,1.35292366912042
2017-06-06,2017,6,0.03187,0.004947,0.066678,0.024548,0.004511,0.051891,1.29827277171256,1.09665262691199,1.28496271029658
2017-06-07,2017,6,0.033741,0.005318,0.062321,0.024541,0.004524,0.051058,1.37488284910965,1.17550839964633,1.22059226761722
2017-06-08,2017,6,0.032623,0.00526,0.069169,0.023582,0.004253,0.050858,1.38338563311,1.23677404185281,1.36004168469071
2017-06-09,2017,6,0.032468,0.005365,0.063334,0.024147,0.004526,0.051004,1.34459767258873,1.18537339814406,1.24174574543173
2017-06-12,2017,6,0.032864,0.005167,0.06416,0.025588,0.004465,0.050672,1.28435204001876,1.1572228443449,1.26618250710452
2017-06-13,2017,6,0.031354,0.005078,0.064211,0.025101,0.004495,0.052391,1.24911358113223,1.12969966629588,1.22561126911111
2017-06-14,2017,6,0.030391,0.004969,0.064665,0.025916,0.004646,0.051043,1.17267325204507,1.06952216960827,1.26687302862293
2017-06-15,2017,6,0.02848,0.004973,0.079127,0.026136,0.004758,0.054202,1.08968472604836,1.04518705338377,1.45985387993063
2017-06-16,2017,6,0.027675,0.004731,0.063192,0.024893,0.004541,0.056497,1.11175832563371,1.0418410041841,1.11850186735579
2017-06-19,2017,6,0.028011,0.004729,0.064727,0.024515,0.004463,0.064557,1.14260656740771,1.05960116513556,1.00263333178431
2017-06-20,2017,6,0.026789,0.004717,0.061585,0.024142,0.004486,0.059012,1.1096429459034,1.0514935354436,1.04360130143022
2017-06-21,2017,6,0.028796,0.004928,0.067185,0.02487,0.004653,0.062975,1.1578608765581,1.05910165484634,1.06685192536721
2017-06-22,2017,6,0.027745,0.004912,0.066014,0.024789,0.004525,0.057143,1.11924643995321,1.08552486187845,1.15524211189472
2017-06-23,2017,6,0.026017,0.004715,0.065396,0.024908,0.004546,0.059318,1.04452384775976,1.03717553893533,1.10246468188408
2017-06-26,2017,6,0.028853,0.00488,0.070214,0.025182,0.004595,0.05548,1.14577873083949,1.0620239390642,1.26557317952415
2017-06-27,2017,6,0.028104,0.004625,0.07023,0.025147,0.004752,0.054294,1.11758857915457,0.973274410774411,1.29351309536965
2017-06-28,2017,6,0.031389,0.004866,0.066639,0.02525,0.004664,0.052502,1.24312871287129,1.04331046312178,1.26926593272637
2017-06-29,2017,6,0.031013,0.0049,0.065327,0.024837,0.004516,0.052983,1.24866127149012,1.08503100088574,1.23298038993639
2017-06-30,2017,6,0.028764,0.004847,0.065977,0.024832,0.004441,0.053714,1.15834407216495,1.09142085115965,1.22830174628588
2017-07-03,2017,7,0.028709,0.004947,0.069374,0.025348,0.004309,0.056494,1.13259428751775,1.14806219540497,1.22798881297129
2017-07-04,2017,7,0.028007,0.004865,0.062492,0.025714,0.004551,0.052733,1.0891732130357,1.06899582509339,1.18506438093793
2017-07-05,2017,7,0.027967,0.004794,0.064724,0.025159,0.004723,0.051899,1.1116101593863,1.01503281812407,1.24711458794967
2017-07-06,2017,7,0.028686,0.004901,0.060862,0.025874,0.004823,0.053456,1.10868052871609,1.01617250673854,1.13854384914696
2017-07-07,2017,7,0.028635,0.005091,0.062764,0.025466,0.004648,0.051533,1.12444043037776,1.09530981067126,1.21793802029767
2017-07-10,2017,7,0.027359,0.005066,0.059682,0.025876,0.004705,0.051132,1.05731179471325,1.07672688629118,1.16721426895095
2017-07-11,2017,7,0.027076,0.004825,0.060321,0.02683,0.004697,0.053673,1.00916884084979,1.0272514370875,1.12386115924208
2017-07-12,2017,7,0.027222,0.005163,0.059566,0.026365,0.004692,0.053621,1.03250521524749,1.10038363171355,1.11087074094105
2017-07-13,2017,7,0.029247,0.004911,0.059846,0.025937,0.004522,0.058007,1.12761691791649,1.08602388323751,1.0317030703191
2017-07-14,2017,7,0.026973,0.004917,0.061314,0.027009,0.00486,0.063844,0.998667110963012,1.01172839506173,0.960372157133012
2017-07-17,2017,7,0.029007,0.005041,0.062034,0.026845,0.004662,0.057903,1.0805364127398,1.08129558129558,1.07134345370706
2017-07-18,2017,7,0.030614,0.0051,0.062384,0.028917,0.004689,0.065246,1.05868520247605,1.08765195137556,0.956135242007173
2017-07-19,2017,7,0.030134,0.005356,0.064538,0.031292,0.005075,0.062131,0.962993736418254,1.05536945812808,1.03874072524183
2017-07-20,2017,7,0.032601,0.005347,0.065646,0.027773,0.005095,0.060324,1.17383790011882,1.04946025515211,1.08822359259996
2017-07-21,2017,7,0.032758,0.005635,0.067775,0.02801,0.004909,0.057851,1.16951088896823,1.14789162762273,1.17154413925429
2017-07-24,2017,7,0.031346,0.005527,0.063806,0.029119,0.004817,0.056596,1.07647927470037,1.14739464396928,1.1273941621316
2017-07-25,2017,7,0.028491,0.005298,0.063041,0.027701,0.004782,0.056395,1.02851882603516,1.10790464240903,1.11784732689068
2017-07-26,2017,7,0.02891,0.005061,0.062341,0.026393,0.0049,0.059618,1.09536619558216,1.03285714285714,1.04567412526418
2017-07-27,2017,7,0.029395,0.005076,0.061151,0.029565,0.004573,0.057855,0.994249957720277,1.10999343975508,1.05697001123498
2017-07-28,2017,7,0.027926,0.004995,0.064009,0.031534,0.004956,0.069365,0.885583814295681,1.00786924939467,0.922785266344698
2017-07-31,2017,7,0.032335,0.005495,0.067414,0.033618,0.004767,0.065236,0.961835921232673,1.15271659324523,1.03338647372616
2017-08-01,2017,8,0.030679,0.005424,0.067051,0.035434,0.00461,0.058152,0.865806852175876,1.1765726681128,1.15302999037006
2017-08-02,2017,8,0.029798,0.00541,0.067883,0.027214,0.004766,0.059021,1.09495112809583,1.13512379353756,1.15014994662917
2017-08-03,2017,8,0.030303,0.005508,0.071137,0.027789,0.004757,0.057237,1.09046745114974,1.15787260878705,1.24284990478187
2017-08-04,2017,8,0.030783,0.005275,0.063998,0.026534,0.004752,0.066219,1.16013416748323,1.11005892255892,0.966459777405276
2017-08-07,2017,8,0.02978,0.005337,0.067506,0.027656,0.004769,0.06118,1.07680069424356,1.11910253721954,1.10339980385747
2017-08-08,2017,8,0.033376,0.005866,0.072457,0.026545,0.004754,0.065176,1.25733659822942,1.23390828775768,1.11171290045415
2017-08-09,2017,8,0.033242,0.005904,0.070909,0.028052,0.005237,0.056073,1.18501354627121,1.12736299408058,1.26458366771887
2017-08-10,2017,8,0.032004,0.005799,0.072057,0.025749,0.00477,0.055162,1.24292205522545,1.21572327044025,1.3062796852906
2017-08-11,2017,8,0.039642,0.005923,0.081411,0.025971,0.004717,0.053491,1.52639482499711,1.25567097731609,1.52195696472304
2017-08-14,2017,8,0.040516,0.006261,0.082803,0.026598,0.004882,0.056069,1.52327242649823,1.28246620237608,1.47680536481835
2017-08-15,2017,8,0.038756,0.006011,0.102036,0.025805,0.004632,0.055111,1.50187948072079,1.2977115716753,1.85146341020849
2017-08-16,2017,8,0.0403,0.006016,0.089049,0.026201,0.004776,0.057722,1.53810923247204,1.25963149078727,1.54272201240428
2017-08-17,2017,8,0.054141,0.006543,0.098301,0.027404,0.004761,0.056665,1.97566048752007,1.37429111531191,1.73477455219271
2017-08-18,2017,8,0.044192,0.00632,0.08933,0.02921,0.004997,0.055897,1.51290653885656,1.26475885531319,1.59811796697497
2017-08-21,2017,8,0.048684,0.006112,0.103059,0.028533,0.005246,0.058342,1.70623488592156,1.1650781547846,1.76646326831442
2017-08-22,2017,8,0.040611,0.006431,0.111461,0.027629,0.004885,0.057167,1.46986861630895,1.3164790174002,1.94974373327269
2017-08-23,2017,8,0.054701,0.006575,0.098809,0.026993,0.00487,0.057075,2.02648834883118,1.35010266940452,1.73121331581253
2017-08-24,2017,8,0.059682,0.006335,0.102791,0.027248,0.005008,0.057729,2.19032589547857,1.26497603833866,1.78057821891943
2017-08-25,2017,8,0.059766,0.006552,0.118759,0.028342,0.004943,0.055149,2.10874320795992,1.32551082338661,2.15342073292353
2017-08-28,2017,8,0.052933,0.006751,0.120493,0.02749,0.004888,0.056035,1.92553655874864,1.38113747954173,2.15031676630677
2017-08-29,2017,8,0.03873,0.006075,0.08262,0.027188,0.004797,0.058957,1.42452552596734,1.26641651031895,1.40136031344878
2017-08-30,2017,8,0.038819,0.006524,0.09108,0.026449,0.004835,0.055317,1.46769254036069,1.3493278179938,1.64651011443137
2017-08-31,2017,8,0.041245,0.00665,0.091789,0.025581,0.004877,0.056674,1.61232946327352,1.36354316177978,1.61959628753926
2017-09-01,2017,9,0.040146,0.005865,0.102278,0.026658,0.005045,0.053777,1.50596443844249,1.16253716551041,1.90189114305372
2017-09-04,2017,9,0.049896,0.006567,0.113262,0.025141,0.004627,0.052438,1.98464659321427,1.41927814998919,2.1599221938289
2017-09-05,2017,9,0.038671,0.006476,0.104415,0.026287,0.004872,0.052568,1.47110739148629,1.32922824302135,1.98628443159336
2017-09-06,2017,9,0.038443,0.00634,0.116785,0.026663,0.00504,0.056684,1.44181074897798,1.25793650793651,2.0602815609343
2017-09-07,2017,9,0.040477,0.006497,0.096115,0.027045,0.005163,0.057076,1.49665372527269,1.25837691264769,1.683982759829
2017-09-08,2017,9,0.040413,0.007421,0.117803,0.027462,0.005021,0.055307,1.47159711601486,1.4779924317865,2.12998354638653
2017-09-11,2017,9,0.03803,0.00665,0.083939,0.026017,0.004896,0.057165,1.46173655686666,1.35825163398693,1.46836350914021
2017-09-12,2017,9,0.039855,0.007286,0.085166,0.028069,0.004841,0.054742,1.41989383305426,1.50506093782276,1.55577070622191
2017-09-13,2017,9,0.040513,0.006956,0.084141,0.027576,0.004829,0.052896,1.46913983173774,1.44046386415407,1.59068738656987
2017-09-14,2017,9,0.04068,0.006693,0.094307,0.027684,0.00471,0.053374,1.46944083224967,1.42101910828025,1.7669089819013
2017-09-15,2017,9,0.038706,0.006422,0.085479,0.026765,0.004728,0.055281,1.44614235008406,1.3582910321489,1.54626363488359
2017-09-18,2017,9,0.038347,0.006174,0.081398,0.028003,0.005031,0.053784,1.36938899403635,1.22719141323792,1.51342406663692
2017-09-19,2017,9,0.03704,0.006066,0.077548,0.026252,0.004694,0.053858,1.41094011884809,1.29228802726885,1.43986037357496
2017-09-20,2017,9,0.037028,0.006421,0.08169,0.027202,0.004849,0.055819,1.36122343945298,1.32419055475356,1.46348017700066
2017-09-21,2017,9,0.034589,0.005935,0.081775,0.025451,0.00485,0.053974,1.359042866685,1.22371134020619,1.51508133545781
2017-09-22,2017,9,0.036976,0.00662,0.078371,0.026034,0.004812,0.056555,1.42029653529999,1.37572734829593,1.38574838652639
2017-09-25,2017,9,0.037437,0.00643,0.080738,0.026332,0.004903,0.055904,1.42173021418806,1.31144197430145,1.44422581568403
2017-09-26,2017,9,0.036642,0.006501,0.079446,0.026715,0.004959,0.054657,1.37158899494666,1.31094978826376,1.45353751578023
2017-09-27,2017,9,0.039356,0.006365,0.078284,0.025953,0.004908,0.055477,1.51643355296112,1.29686226568867,1.4111073057303
2017-09-28,2017,9,0.036713,0.006194,0.079336,0.025863,0.004657,0.055534,1.41951823067703,1.33004079879751,1.4286022976915
2017-09-29,2017,9,0.036418,0.006074,0.075642,0.025754,0.004678,0.054032,1.41407160052807,1.29841812740487,1.39994817885697
2017-10-09,2017,10,0.037309,0.006308,0.075004,0.026019,0.004817,0.053731,1.43391367846574,1.30952875233548,1.39591669613445
2017-10-10,2017,10,0.036353,0.006067,0.077558,0.026461,0.004735,0.054852,1.37383318846604,1.28130939809926,1.41395026617079
2017-10-11,2017,10,0.038087,0.006351,0.077689,0.026349,0.004948,0.054774,1.44548180196592,1.28354890864996,1.41835542410633
2017-10-12,2017,10,0.038142,0.00633,0.076554,0.026752,0.004774,0.056128,1.42576255980861,1.32593213238375,1.36391818700114
2017-10-13,2017,10,0.037901,0.006191,0.075124,0.029175,0.005097,0.056835,1.29909168808912,1.2146360604277,1.32179114981965
2017-10-16,2017,10,0.036454,0.006358,0.074645,0.028166,0.005215,0.059086,1.29425548533693,1.21917545541707,1.26332803032867
2017-10-17,2017,10,0.035379,0.005921,0.077346,0.028189,0.005057,0.058912,1.25506403206925,1.17085228396282,1.31290738728952
2017-10-18,2017,10,0.035316,0.005922,0.071877,0.028245,0.005056,0.058564,1.25034519383962,1.17128164556962,1.22732395328188
2017-10-19,2017,10,0.031916,0.005993,0.06968,0.025324,0.004826,0.053492,1.26030642868425,1.24181516784086,1.30262469154266
2017-10-20,2017,10,0.031499,0.006529,0.074547,0.025852,0.004916,0.053376,1.21843571097014,1.32811228641172,1.39663893884892
2017-10-23,2017,10,0.03148,0.006401,0.070642,0.026333,0.00468,0.053935,1.19545817035659,1.36773504273504,1.30976175025494
2017-10-24,2017,10,0.031005,0.006083,0.070366,0.026847,0.004816,0.053632,1.15487763995977,1.26308139534884,1.31201521479714
2017-10-25,2017,10,0.031413,0.005854,0.070262,0.02687,0.004852,0.053971,1.16907331596576,1.20651277823578,1.30184728835856
2017-10-26,2017,10,0.032697,0.006025,0.071344,0.025647,0.00482,0.053483,1.27488595157328,1.25,1.33395658433521
2017-10-27,2017,10,0.033522,0.006328,0.072262,0.026209,0.004921,0.053747,1.27902628867946,1.28591749644381,1.34448434331218
2017-10-30,2017,10,0.032785,0.00582,0.075015,0.02637,0.004849,0.052591,1.24326886613576,1.20024747370592,1.42638474263657
2017-10-31,2017,10,0.031551,0.005859,0.070202,0.02655,0.004874,0.054263,1.1883615819209,1.20209273697169,1.29373606324752
2017-11-01,2017,11,0.033074,0.005984,0.070137,0.025909,0.004916,0.054272,1.27654482998186,1.21724979658259,1.29232385023585
2017-11-02,2017,11,0.033436,0.006329,0.07183,0.026499,0.005021,0.054295,1.26178346352693,1.26050587532364,1.32295791509347
2017-11-03,2017,11,0.03016,0.005082,0.069131,0.026185,0.004858,0.05409,1.15180446820699,1.04610951008646,1.27807358106859
2017-11-06,2017,11,0.033007,0.00561,0.072473,0.027527,0.005114,0.05718,1.19907726958986,1.09698865858428,1.26745365512417
2017-11-07,2017,11,0.031157,0.00516,0.071884,0.027831,0.00505,0.055488,1.11950702454098,1.02178217821782,1.29548731257209
2017-11-08,2017,11,0.029463,0.005271,0.06879,0.027908,0.005137,0.054286,1.05571879031102,1.02608526377263,1.26717754117084
2017-11-09,2017,11,0.029665,0.005115,0.066883,0.028034,0.004958,0.054354,1.05817935364201,1.03166599435256,1.23050741435773
2017-11-10,2017,11,0.030154,0.005261,0.065433,0.028483,0.005138,0.056218,1.05866657304357,1.02393927598287,1.16391547191291
2017-11-13,2017,11,0.029639,0.005498,0.067109,0.028168,0.005143,0.055546,1.05222238000568,1.06902586039277,1.2081698052065
2017-11-14,2017,11,0.032733,0.005334,0.06823,0.029918,0.005513,0.060556,1.0940905140718,0.967531289678941,1.12672567540789
2017-11-15,2017,11,0.026009,0.004816,0.056611,0.029672,0.005245,0.064899,0.876550283095174,0.918207816968541,0.872293872016518
2017-11-16,2017,11,0.02732,0.004865,0.055494,0.028897,0.005131,0.057635,0.945426860919819,0.948158253751705,0.962852433417195
2017-11-17,2017,11,0.027656,0.005078,0.053487,0.030526,0.005758,0.063957,0.905981786018476,0.881903438693991,0.836296261550729
2017-11-20,2017,11,0.026944,0.004685,0.052815,0.030321,0.005724,0.060931,0.888625045348108,0.81848357791754,0.866800150990465
2017-11-21,2017,11,0.027263,0.004807,0.053474,0.031415,0.005789,0.064765,0.867833837338851,0.830367939195025,0.82566200880105
2017-11-22,2017,11,0.02703,0.005006,0.056575,0.031494,0.005393,0.063198,0.858258715945894,0.928240311514927,0.895202379822146
2017-11-23,2017,11,0.026927,0.004736,0.057714,0.036424,0.006446,0.076883,0.739265319569515,0.734719205708967,0.750673100685457
2017-11-24,2017,11,0.02764,0.004878,0.061179,0.034683,0.006378,0.077676,0.796932214629646,0.764816556914393,0.787617797002935
2017-11-27,2017,11,0.027812,0.004833,0.05853,0.035194,0.006253,0.077386,0.79024833778485,0.772909003678234,0.756338355774946
2017-11-28,2017,11,0.027422,0.004846,0.058764,0.037187,0.006359,0.078913,0.73740823406029,0.762069507784243,0.744668178880539
2017-11-29,2017,11,0.027288,0.004847,0.06183,0.037726,0.006306,0.076223,0.723320786725335,0.768633047890897,0.811172480747281
2017-11-30,2017,11,0.026754,0.004572,0.059528,0.037825,0.006776,0.080787,0.707309980171844,0.674734356552538,0.736851226063599
2017-12-01,2017,12,0.032142,0.007967,0.061163,0.044286,0.009268,0.083688,0.725782414307004,0.859624514458351,0.730845521460664
2017-12-04,2017,12,0.026297,0.004874,0.057085,0.038105,0.006971,0.081457,0.690119406901981,0.699182326782384,0.700799194667125
2017-12-05,2017,12,0.0278,0.005149,0.064478,0.036962,0.006899,0.088522,0.752123802824522,0.746340049282505,0.728383904566096
2017-12-06,2017,12,0.026586,0.004793,0.062651,0.037987,0.006956,0.085508,0.699871008502909,0.689045428407131,0.732691677971652
2017-12-07,2017,12,0.027025,0.005046,0.062443,0.03752,0.006956,0.08236,0.720282515991471,0.72541690626797,0.75817144244779
2017-12-08,2017,12,0.028215,0.004722,0.060028,0.038943,0.006762,0.08451,0.724520452969725,0.698314108251996,0.710306472606792
2017-12-11,2017,12,0.029343,0.004663,0.071571,0.040944,0.007151,0.086952,0.716661781946073,0.652076632638792,0.823109301683687
2017-12-12,2017,12,0.033637,0.005021,0.066049,0.039018,0.006973,0.095709,0.862089292121585,0.720063100530618,0.690102289230898
2017-12-13,2017,12,0.02846,0.004909,0.057822,0.041749,0.007487,0.093738,0.681692974682028,0.655669827701349,0.616846956410421
2017-12-14,2017,12,0.027649,0.004668,0.058806,0.039582,0.007003,0.085998,0.698524581880653,0.66657146937027,0.683806600153492
2017-12-15,2017,12,0.027621,0.005087,0.054701,0.040148,0.007339,0.084534,0.687979475939026,0.693146205205069,0.647088745356898
2017-12-18,2017,12,0.027088,0.004861,0.055471,0.039863,0.007001,0.078956,0.679527381280887,0.694329381516926,0.702555853893308
2017-12-19,2017,12,0.027541,0.004768,0.055603,0.037886,0.006972,0.082511,0.72694398986433,0.683878370625359,0.673885906121608
2017-12-20,2017,12,0.025866,0.004775,0.053505,0.040739,0.007069,0.081095,0.63491985566656,0.675484509831659,0.659781737468401
2017-12-21,2017,12,0.026422,0.004992,0.056653,0.039587,0.007026,0.08341,0.667441331750322,0.710503842869342,0.679211125764297
2017-12-22,2017,12,0.027422,0.004939,0.055304,0.038641,0.007091,0.080762,0.709660723066173,0.696516711324214,0.684777494366162
2017-12-25,2017,12,0.02841,0.004802,0.057881,0.039494,0.007148,0.07984,0.719349774649314,0.671796306659205,0.7249624248497
2017-12-26,2017,12,0.027173,0.004838,0.058045,0.038384,0.006682,0.081442,0.707925177157149,0.72403472014367,0.712715797745635
2017-12-27,2017,12,0.026895,0.005152,0.060944,0.039131,0.007344,0.076351,0.68730673890266,0.701525054466231,0.798208274940734
2017-12-28,2017,12,0.027657,0.004895,0.062268,0.036974,0.006992,0.080791,0.748012116622492,0.700085812356979,0.770729412929658
2017-12-29,2017,12,0.026933,0.004703,0.059418,0.038256,0.006875,0.081598,0.704020284399833,0.684072727272727,0.728179612245398
2018-01-02,2018,1,0.028732,0.00508,0.064905,0.038095,0.006707,0.077902,0.754219713873212,0.75741762337856,0.833162178121229
2018-01-03,2018,1,0.029229,0.004947,0.066988,0.038898,0.007018,0.082099,0.751426808576276,0.70490168139071,0.815941728888293
2018-01-04,2018,1,0.027965,0.004777,0.065661,0.039644,0.007529,0.080524,0.705403087478559,0.634480010625581,0.815421489245442
2018-01-05,2018,1,0.02885,0.004998,0.06536,0.0382,0.007013,0.082771,0.755235602094241,0.712676458006559,0.789648548404634
2018-01-08,2018,1,0.02932,0.005111,0.06553,0.037919,0.007006,0.078382,0.773227142065983,0.729517556380246,0.836033783266566
2018-01-09,2018,1,0.030786,0.005192,0.06494,0.036659,0.006629,0.077823,0.839793775062059,0.783225222507165,0.834457679606286
2018-01-10,2018,1,0.0278,0.005145,0.063684,0.038214,0.00671,0.079918,0.727482074632334,0.766766020864382,0.79686678845817
2018-01-11,2018,1,0.028341,0.005115,0.063477,0.038455,0.007011,0.082026,0.736991288519048,0.729567821994009,0.773864384463463
2018-01-12,2018,1,0.027155,0.004864,0.058815,0.03906,0.006898,0.080006,0.69521249359959,0.705131922296318,0.73513236507262
2018-01-15,2018,1,0.029263,0.005168,0.066693,0.037154,0.006608,0.075558,0.787613715885234,0.782082324455206,0.882672913523386
2018-01-16,2018,1,0.02971,0.004989,0.063791,0.036895,0.00645,0.079173,0.805258165063017,0.773488372093023,0.805716595303955
2018-01-17,2018,1,0.029821,0.004957,0.063004,0.03624,0.006435,0.076469,0.82287527593819,0.77031857031857,0.823915573631145
2018-01-18,2018,1,0.029604,0.005135,0.068235,0.038234,0.006902,0.075038,0.774284668096459,0.743987250072443,0.909339268104161
2018-01-19,2018,1,0.030035,0.005254,0.065731,0.035799,0.006421,0.075881,0.838989915919439,0.81825260862794,0.866237925172309
2018-01-22,2018,1,0.031952,0.005394,0.065689,0.037753,0.006683,0.078119,0.846343336953355,0.807122549753105,0.840883779874294
2018-01-23,2018,1,0.030277,0.005077,0.064101,0.041012,0.006554,0.076529,0.738247342241295,0.774641440341776,0.837604045525226
2018-01-24,2018,1,0.02987,0.005096,0.062188,0.039361,0.006669,0.077731,0.758872996112904,0.764132553606238,0.800041167616524
2018-01-25,2018,1,0.031529,0.005518,0.068786,0.034951,0.006165,0.072942,0.90209149952791,0.895052716950527,0.943023223931343
2018-01-26,2018,1,0.030557,0.005266,0.068478,0.036315,0.006329,0.072554,0.841442929918766,0.832042976773582,0.943821153899165
2018-01-29,2018,1,0.029828,0.005029,0.070561,0.037583,0.006712,0.0761,0.793656706489636,0.749255065554231,0.927214191852825
2018-01-30,2018,1,0.031988,0.005334,0.071212,0.037645,0.006898,0.079484,0.849727719484659,0.773267613801102,0.895928740375421
2018-01-31,2018,1,0.032413,0.00539,0.072391,0.037907,0.006832,0.083076,0.855066346585063,0.788934426229508,0.871382830179595
2018-02-01,2018,2,0.031874,0.00562,0.072498,0.038478,0.006902,0.082965,0.828369457872031,0.81425673717763,0.873838365575845
2018-02-02,2018,2,0.035196,0.006041,0.078883,0.035613,0.006943,0.076547,0.988290792688063,0.870084977675357,1.03051719858388
2018-02-05,2018,2,0.035323,0.005797,0.076252,0.037265,0.006567,0.079888,0.9478867570106,0.882747068676717,0.95448628079311
2018-02-06,2018,2,0.033764,0.005652,0.079977,0.035125,0.00644,0.082495,0.961252669039146,0.877639751552795,0.969476937996242
2018-02-07,2018,2,0.036073,0.005719,0.081518,0.037927,0.006599,0.08392,0.951116618767633,0.866646461585089,0.971377502383222
2018-02-08,2018,2,0.036821,0.005885,0.084324,0.036477,0.006869,0.080592,1.00943060010418,0.856747707089824,1.04630732578916
2018-02-09,2018,2,0.041556,0.006803,0.098782,0.038726,0.006694,0.080966,1.0730775189795,1.01628323872124,1.22004298100437
2018-02-12,2018,2,0.043026,0.007498,0.096745,0.0389,0.006785,0.084519,1.10606683804627,1.10508474576271,1.14465386481146
2018-02-13,2018,2,0.040959,0.006883,0.102267,0.03895,0.006837,0.083511,1.05157894736842,1.00672809711862,1.22459316736717
2018-02-14,2018,2,0.05029,0.007175,0.116917,0.038242,0.006831,0.083192,1.31504628419016,1.05035865905431,1.4053875372632
2018-02-22,2018,2,0.042552,0.007243,0.098562,0.035513,0.006465,0.080878,1.19820910652437,1.12034029389018,1.21865031281684
2018-02-23,2018,2,0.045431,0.007305,0.104532,0.035809,0.006265,0.08085,1.26870339858695,1.16600159616919,1.29291280148423
2018-02-26,2018,2,0.06295,0.007264,0.106667,0.034608,0.006413,0.085191,1.81894359685622,1.13269920474037,1.25209235717388
2018-02-27,2018,2,0.044502,0.007499,0.127255,0.036357,0.006239,0.081515,1.2240283851803,1.20195544157718,1.56112371956082
2018-02-28,2018,2,0.046122,0.007108,0.124413,0.03422,0.005926,0.074203,1.34780829924021,1.19946000674992,1.67665727800763
2018-03-01,2018,3,0.041976,0.006986,0.11094,0.035152,0.006275,0.078172,1.19412835685025,1.11330677290837,1.41917822238142
2018-03-02,2018,3,0.044094,0.007258,0.112196,0.033197,0.006049,0.075149,1.32825255294153,1.199867746735,1.49298061185112
2018-03-05,2018,3,0.044469,0.00688,0.128434,0.033487,0.005745,0.082583,1.32794815898707,1.19756309834639,1.55521112093288
2018-03-06,2018,3,0.040011,0.00706,0.098824,0.034266,0.005961,0.085134,1.16765890386973,1.18436503942292,1.16080531867409
2018-03-07,2018,3,0.044928,0.007268,0.098582,0.032647,0.005969,0.081008,1.37617545256838,1.21762439269559,1.21694153663836
2018-03-08,2018,3,0.040551,0.007424,0.090853,0.0324,0.005826,0.077313,1.25157407407407,1.27428767593546,1.17513225460143
2018-03-09,2018,3,0.039595,0.007029,0.095975,0.033282,0.006089,0.078663,1.18968211045009,1.15437674494991,1.22007805448559
2018-03-12,2018,3,0.040497,0.006765,0.101915,0.032508,0.006143,0.07907,1.24575489110373,1.10125345922188,1.28892120905527
2018-03-13,2018,3,0.04235,0.007263,0.096319,0.032562,0.00607,0.077988,1.3005957864996,1.19654036243822,1.23504898189465
2018-03-14,2018,3,0.042629,0.007578,0.099936,0.032906,0.006027,0.081104,1.2954780283231,1.25734196117471,1.23219569934898
2018-03-15,2018,3,0.03879,0.007407,0.102942,0.03202,0.005865,0.079239,1.21143035602748,1.26291560102302,1.29913300268807
2018-03-16,2018,3,0.040513,0.007453,0.098158,0.032148,0.005744,0.078631,1.26020281199453,1.2975278551532,1.24833716981852
2018-03-19,2018,3,0.041001,0.007604,0.094704,0.032396,0.005804,0.078218,1.26561921224843,1.31013094417643,1.21076989951162
2018-03-20,2018,3,0.040196,0.00674,0.093534,0.03241,0.005903,0.079162,1.24023449552607,1.14179230899543,1.18155175462975
2018-03-21,2018,3,0.036332,0.006568,0.085291,0.033091,0.00585,0.077262,1.09794203862077,1.12273504273504,1.10391913230307
2018-03-22,2018,3,0.039399,0.006835,0.086332,0.034112,0.005962,0.076477,1.15498944652908,1.14642737336464,1.12886227231717
2018-03-23,2018,3,0.040311,0.007522,0.097108,0.038786,0.006475,0.075992,1.03931831073068,1.16169884169884,1.27787135487946
2018-03-26,2018,3,0.040578,0.007286,0.094041,0.037108,0.006205,0.073465,1.09351083324351,1.17421434327156,1.28007894915946
2018-03-27,2018,3,0.041303,0.007199,0.093894,0.036282,0.006166,0.08033,1.13838818146739,1.16753162504054,1.16885347939749
2018-03-28,2018,3,0.041273,0.008012,0.099392,0.035772,0.006367,0.081507,1.15377949234038,1.25836343646929,1.21942900609764
2018-03-29,2018,3,0.04105,0.007328,0.094838,0.03604,0.006193,0.081204,1.13901220865705,1.18327143549168,1.16789813309689
2018-03-30,2018,3,0.045355,0.00813,0.094146,0.037625,0.006264,0.086916,1.20544850498339,1.29789272030651,1.08318376363385
2018-04-02,2018,4,0.044027,0.00735,0.095197,0.037754,0.006464,0.083198,1.16615457964719,1.13706683168317,1.14422221688021
2018-04-03,2018,4,0.042973,0.007317,0.097394,0.035063,0.006199,0.083407,1.22559393092434,1.18035166962413,1.16769575695086
2018-04-04,2018,4,0.050385,0.006947,0.097365,0.034587,0.006404,0.083832,1.45676121085957,1.08479075577764,1.16143000286287
2018-04-09,2018,4,0.041324,0.006867,0.104241,0.036007,0.00625,0.084064,1.14766573166329,1.09872,1.24001950894557
2018-04-10,2018,4,0.040565,0.006728,0.087988,0.037186,0.006636,0.089539,1.09086753079116,1.01386377335744,0.982677939222015
2018-04-11,2018,4,0.042281,0.007175,0.090761,0.035455,0.006213,0.083775,1.19252573684953,1.15483663286657,1.08339003282602
2018-04-12,2018,4,0.040126,0.007139,0.094626,0.035171,0.006034,0.083742,1.14088311392909,1.18312893602917,1.12997062405961
2018-04-13,2018,4,0.039901,0.007583,0.089798,0.036775,0.006522,0.080911,1.08500339904827,1.16268015946029,1.10983673418942
2018-04-16,2018,4,0.039486,0.007218,0.09172,0.034744,0.00651,0.081366,1.13648399723693,1.10875576036866,1.12725216921073
2018-04-17,2018,4,0.037642,0.007003,0.091219,0.035634,0.006636,0.085099,1.05635067632037,1.05530440024111,1.07191623873371
2018-04-18,2018,4,0.039707,0.007133,0.088197,0.037552,0.006636,0.084481,1.057387089902,1.07489451476793,1.043986221754
2018-04-19,2018,4,0.040642,0.007263,0.091955,0.036686,0.006713,0.087612,1.10783405113667,1.08193058245196,1.04957083504543
2018-04-20,2018,4,0.039844,0.007521,0.091482,0.035707,0.006739,0.087195,1.11585963536561,1.1160409556314,1.04916566316876
2018-04-23,2018,4,0.044447,0.007353,0.092628,0.038701,0.006951,0.093312,1.14847161572052,1.05783340526543,0.99266975308642
2018-04-24,2018,4,0.039688,0.00725,0.094045,0.037717,0.00676,0.087867,1.05225760267253,1.07248520710059,1.07031081065702
2018-04-25,2018,4,0.04175,0.007427,0.092178,0.038516,0.007047,0.091725,1.08396510541074,1.05392365545622,1.00493867538839
2018-04-26,2018,4,0.039432,0.006838,0.097956,0.037773,0.00699,0.089514,1.04392026050353,0.978254649499285,1.09430927005832
2018-04-27,2018,4,0.040214,0.007518,0.096555,0.037491,0.007381,0.089683,1.07263076471687,1.01856117057309,1.07662544740921
2018-05-02,2018,5,0.042219,0.007604,0.095024,0.036141,0.006736,0.086373,1.16817464929028,1.12885985748219,1.10015861438181
2018-05-03,2018,5,0.040418,0.007454,0.096583,0.038173,0.006922,0.088113,1.05881120163466,1.07685639988443,1.09612656475208
2018-05-04,2018,5,0.038332,0.007167,0.094091,0.037645,0.006623,0.08364,1.018249435516,1.08213800392571,1.12495217599235
2018-05-07,2018,5,0.038488,0.007409,0.097107,0.037791,0.006573,0.085252,1.01844354475933,1.12718697702723,1.13905832121241
2018-05-08,2018,5,0.039597,0.0072,0.096308,0.035412,0.00671,0.087795,1.11818027787191,1.07302533532042,1.09696451961957
2018-05-09,2018,5,0.038581,0.006701,0.095253,0.036593,0.006485,0.085213,1.05432733036373,1.03330763299923,1.11782239799092
2018-05-10,2018,5,0.038666,0.006364,0.09342,0.037792,0.006697,0.08078,1.0231265876376,0.950276243093923,1.15647437484526
2018-05-11,2018,5,0.036509,0.006506,0.091189,0.03601,0.006565,0.078849,1.0138572618717,0.991012947448591,1.15650166774468
2018-05-14,2018,5,0.037129,0.006706,0.095348,0.039338,0.007371,0.077675,0.943845645431898,0.909781576448243,1.22752494367557
2018-05-15,2018,5,0.040659,0.007058,0.09155,0.036085,0.006563,0.078039,1.12675626991825,1.07542282492762,1.17313138302644
2018-05-16,2018,5,0.041865,0.006788,0.098179,0.033843,0.00617,0.080364,1.23703572378335,1.10016207455429,1.22167886118162
2018-05-17,2018,5,0.036942,0.006393,0.090454,0.036267,0.006272,0.077262,1.01861196128712,1.01929209183673,1.17074370324351
2018-05-18,2018,5,0.036841,0.006536,0.089964,0.034447,0.006108,0.07617,1.06949806949807,1.07007203667322,1.18109491925955
2018-05-21,2018,5,0.036533,0.006582,0.089561,0.036646,0.006433,0.082042,0.996916443813786,1.02316182185605,1.09164818020039
2018-05-22,2018,5,0.035059,0.005803,0.075946,0.031843,0.00623,0.078174,1.1009955092171,0.931460674157303,0.971499475528948
2018-05-23,2018,5,0.03461,0.005799,0.075525,0.032027,0.006008,0.075761,1.08065070097106,0.965213049267643,0.996884940800676
2018-05-24,2018,5,0.034927,0.006079,0.082592,0.03123,0.006161,0.073596,1.11837976304835,0.986690472325921,1.12223490407087
2018-05-25,2018,5,0.035542,0.005668,0.07632,0.031395,0.006072,0.073546,1.13209109730849,0.933465085638999,1.03771789084383
2018-05-28,2018,5,0.034965,0.006172,0.076749,0.032688,0.006257,0.071683,1.06965859030837,0.986415214959246,1.07067226539068
2018-05-29,2018,5,0.032717,0.005853,0.077203,0.033771,0.00656,0.074297,0.968789790056557,0.892225609756098,1.03911328855808
2018-05-30,2018,5,0.032565,0.005997,0.080609,0.03283,0.006346,0.072395,0.991928114529394,0.945004727387331,1.11346087436978
2018-05-31,2018,5,0.033882,0.005886,0.078241,0.032847,0.005978,0.075954,1.0315097269157,0.984610237537638,1.03011032993654
2018-06-01,2018,6,0.034002,0.006108,0.077473,0.034613,0.006022,0.071883,0.982347672839684,1.01428096977748,1.07776525743222
2018-06-04,2018,6,0.034416,0.006508,0.07676,0.036252,0.006438,0.076384,0.9493545183714,1.01087294190742,1.00492249685798
2018-06-05,2018,6,0.035868,0.007451,0.079829,0.036901,0.006456,0.077718,0.972006178694344,1.15412019826518,1.02716230474279
2018-06-06,2018,6,0.040504,0.007546,0.07877,0.036209,0.006565,0.075867,1.11861691844569,1.14942878903275,1.0382643310003
2018-06-07,2018,6,0.03822,0.007581,0.0842,0.036413,0.006547,0.076027,1.04962513388076,1.15793493202994,1.10750128243913
2018-06-08,2018,6,0.03676,0.006124,0.073989,0.036647,0.006712,0.077883,1.0030834720441,0.912395709177592,0.950001925965872
2018-06-11,2018,6,0.042615,0.00566,0.082214,0.035594,0.006501,0.076503,1.19725234590099,0.870635286878942,1.07465066729409
2018-06-12,2018,6,0.035483,0.005484,0.080652,0.036997,0.006796,0.07965,0.95907776306187,0.806945261918776,1.01258003766478
2018-06-13,2018,6,0.034222,0.005597,0.079024,0.035925,0.006501,0.0754,0.952595685455811,0.860944470081526,1.04806366047745
2018-06-14,2018,6,0.032908,0.005375,0.085735,0.035,0.006389,0.075458,0.940228571428571,0.841289716700579,1.13619496938694
2018-06-15,2018,6,0.032291,0.005778,0.079851,0.035704,0.006694,0.075033,0.904408469639256,0.863161039737078,1.06421174683139
2018-06-19,2018,6,0.037274,0.005948,0.093773,0.040415,0.006984,0.085795,0.922281331188915,0.851660939289805,1.09298910192902
2018-06-20,2018,6,0.038636,0.006336,0.092798,0.038713,0.006753,0.082319,0.998011004055485,0.938249666814749,1.12729746474083
2018-06-21,2018,6,0.039207,0.00658,0.08749,0.038306,0.006595,0.078031,1.02352111940688,0.997725549658832,1.12122105317118
2018-06-22,2018,6,0.040042,0.006343,0.088777,0.037624,0.006608,0.079875,1.06426748883691,0.959897094430993,1.11144913928013
2018-06-25,2018,6,0.037345,0.006108,0.089825,0.038941,0.006749,0.083971,0.95901492000719,0.905022966365387,1.06971454430696
2018-06-26,2018,6,0.040469,0.006194,0.085001,0.036616,0.006842,0.08967,1.10522722307188,0.905290850628471,0.947931303669008
2018-06-27,2018,6,0.035914,0.006005,0.082272,0.038434,0.006892,0.083386,0.934433054066712,0.871300058038305,0.986640443239872
2018-06-28,2018,6,0.037734,0.006197,0.080654,0.035412,0.007632,0.085724,1.06557099288377,0.811975890985325,0.940856702907004
2018-06-29,2018,6,0.038479,0.006758,0.082233,0.035825,0.006544,0.084417,1.07408234473133,1.03270171149144,0.974128433846263
2018-07-02,2018,7,0.038283,0.006479,0.087136,0.038045,0.006787,0.081256,1.00625574977001,0.954619124797407,1.0723638869745
2018-07-03,2018,7,0.037831,0.006202,0.08513,0.037019,0.006487,0.082268,1.02193468219023,0.956065978110066,1.03478873924248
2018-07-04,2018,7,0.035815,0.00622,0.084351,0.03815,0.006666,0.086101,0.938794233289646,0.933093309330933,0.979675032810304
2018-07-05,2018,7,0.038613,0.006527,0.090401,0.037717,0.007034,0.088341,1.02375586605509,0.927921524026159,1.02331873082714
2018-07-06,2018,7,0.037257,0.006227,0.093341,0.039601,0.007211,0.085573,0.94080957551577,0.863541811121897,1.09077629626167
2018-07-09,2018,7,0.035235,0.006544,0.089319,0.03888,0.006939,0.0854,0.90625,0.943075371090935,1.04588992974239
2018-07-10,2018,7,0.037528,0.006317,0.090638,0.039401,0.007087,0.083828,0.952463135453415,0.891350359813743,1.08123777258195
2018-07-11,2018,7,0.044259,0.006139,0.092573,0.040266,0.007166,0.086048,1.09916554909849,0.856684342729556,1.07582976943102
2018-07-12,2018,7,0.043822,0.00618,0.085651,0.040746,0.007118,0.089155,1.07549207284151,0.86822141050857,0.960697661376255
2018-07-13,2018,7,0.033877,0.006221,0.083558,0.040647,0.007042,0.094165,0.833444042610771,0.883413802896904,0.887357298359263
2018-07-16,2018,7,0.034612,0.006039,0.081453,0.038763,0.006992,0.091467,0.89291334520032,0.863701372997712,0.890517891698645
2018-07-17,2018,7,0.036966,0.005882,0.079459,0.040992,0.007459,0.094167,0.901785714285714,0.788577557313313,0.843809402444593
2018-07-18,2018,7,0.03678,0.006183,0.080394,0.039764,0.006804,0.089215,0.924957247761795,0.908730158730159,0.901126492181808
2018-07-19,2018,7,0.039258,0.00629,0.083256,0.041557,0.007177,0.090547,0.944678393531776,0.876410756583531,0.919478281997195
2018-07-20,2018,7,0.03972,0.006728,0.085116,0.041461,0.007233,0.084854,0.958008731096693,0.930181114337066,1.00308765644519
2018-07-23,2018,7,0.03527,0.00631,0.086031,0.04081,0.007138,0.089939,0.864248958588581,0.884001120762118,0.956548327199546
2018-07-24,2018,7,0.036157,0.006237,0.085376,0.037548,0.006583,0.089788,0.962954085437307,0.947440376727936,0.950862030560877
2018-07-25,2018,7,0.038969,0.006585,0.082785,0.03884,0.006677,0.087139,1.00332131822863,0.98622135689681,0.95003385395747
2018-07-26,2018,7,0.037359,0.006265,0.081256,0.039353,0.00665,0.089179,0.949330419535995,0.942105263157895,0.911156213906862
2018-07-27,2018,7,0.037391,0.006656,0.083897,0.041429,0.007393,0.087225,0.902532042771971,0.900311105099418,0.961845801089137
2018-07-30,2018,7,0.040902,0.00674,0.091765,0.041341,0.007308,0.09011,0.989381001910936,0.922276956759715,1.01836644101654
2018-07-31,2018,7,0.043587,0.007335,0.092822,0.041299,0.007667,0.097016,1.05540085716361,0.956697534889787,0.956770017316731
2018-08-01,2018,8,0.038693,0.006523,0.090216,0.042753,0.009232,0.096465,0.905035903913176,0.706564124783362,0.935220027989426
2018-08-02,2018,8,0.040532,0.007094,0.091312,0.046329,0.009227,0.09162,0.874873189578881,0.768830605830714,0.996638288583279
2018-08-03,2018,8,0.039069,0.006948,0.093137,0.040755,0.00749,0.109058,0.958630842841369,0.927636849132176,0.854013460727319
2018-08-06,2018,8,0.042606,0.007815,0.094622,0.042536,0.006942,0.104971,1.0016456648486,1.1257562662057,0.901410865858189
2018-08-07,2018,8,0.041417,0.007296,0.08903,0.042595,0.00698,0.114138,0.972344171851156,1.04527220630372,0.780020676724667
2018-08-08,2018,8,0.039674,0.007489,0.092425,0.03789,0.007058,0.098607,1.04708366323568,1.06106545763672,0.937306682081394
2018-08-09,2018,8,0.044173,0.007816,0.10035,0.039966,0.00728,0.098764,1.10526447480358,1.07362637362637,1.016058482848
2018-08-10,2018,8,0.044568,0.007872,0.0959,0.039867,0.006902,0.100222,1.11791707427195,1.14053897421037,0.956875735866377
2018-08-13,2018,8,0.042279,0.00751,0.099242,0.039932,0.007006,0.101212,1.05877491735951,1.07193833856694,0.980535904833419
2018-08-14,2018,8,0.044443,0.008234,0.09872,0.04216,0.007335,0.103263,1.05415085388994,1.1225630538514,0.956005539254138
2018-08-15,2018,8,0.042213,0.007885,0.095126,0.042086,0.007254,0.100417,1.00301763056598,1.0869864902123,0.947309718473964
2018-08-16,2018,8,0.043914,0.00754,0.093399,0.039955,0.007221,0.104066,1.09908647228132,1.04417670682731,0.897497741817692
2018-08-17,2018,8,0.043037,0.007664,0.123738,0.041108,0.007013,0.098308,1.04692517271577,1.0928276058748,1.25867681165317
2018-08-20,2018,8,0.045524,0.008376,0.096485,0.03892,0.006773,0.099457,1.16968139773895,1.23667503322014,0.970117739324532
2018-08-21,2018,8,0.045814,0.008518,0.093908,0.041429,0.006753,0.105809,1.10584373265104,1.26136531911743,0.887523745617103
2018-08-22,2018,8,0.045915,0.007913,0.094964,0.041945,0.006977,0.100492,1.09464775300989,1.13415508098036,0.944990646021574
2018-08-23,2018,8,0.046951,0.00735,0.095366,0.044353,0.007239,0.096857,1.05857551913061,1.01533360961459,0.984606171985504
2018-08-24,2018,8,0.045867,0.007666,0.091896,0.043432,0.006914,0.100339,1.05606465279057,1.10876482499277,0.915855250700127
2018-08-27,2018,8,0.059507,0.008314,0.125162,0.045224,0.007395,0.10723,1.3158278790023,1.12427315753888,1.16722932015294
2018-08-28,2018,8,0.066981,0.007895,0.123532,0.044889,0.007307,0.099666,1.49214729666511,1.08047078144245,1.2394597957177
2018-08-29,2018,8,0.040809,0.007633,0.135046,0.043962,0.007346,0.103749,0.928278968199809,1.03906888102369,1.30166073889869
2018-08-30,2018,8,0.039138,0.007086,0.135673,0.042942,0.007311,0.102029,0.911415397512924,0.969224456298728,1.32974938497878
2018-08-31,2018,8,0.040013,0.007068,0.092948,0.042817,0.007016,0.100509,0.934511992900016,1.00741163055872,0.924772905908924
2018-09-03,2018,9,0.039946,0.006903,0.09125,0.041217,0.006854,0.098281,0.969163209355363,1.00714911000875,0.928460231377377
2018-09-04,2018,9,0.041895,0.006745,0.089875,0.041574,0.006839,0.098298,1.00772117188628,0.986255300482527,0.91431158314513
2018-09-05,2018,9,0.039103,0.007015,0.092984,0.043629,0.007044,0.10019,0.89626166082193,0.995883021010789,0.928076654356722
2018-09-06,2018,9,0.04131,0.00729,0.094708,0.043955,0.007054,0.096926,0.939824820839495,1.03345619506663,0.97711656315127
2018-09-07,2018,9,0.044669,0.007234,0.09239,0.043591,0.007401,0.095156,1.024729875433,0.977435481691663,0.970931943335155
2018-09-10,2018,9,0.042376,0.006898,0.094935,0.039104,0.007012,0.093846,1.08367430441899,0.98374215630348,1.0116041173838
2018-09-11,2018,9,0.043087,0.007333,0.090169,0.039518,0.00729,0.098962,1.09031327496331,1.00589849108368,0.911147713263677
2018-09-12,2018,9,0.041272,0.006883,0.091338,0.037836,0.00703,0.097629,1.09081298234486,0.979089615931721,0.935562179270504
2018-09-13,2018,9,0.042971,0.007161,0.093255,0.039234,0.006874,0.098813,1.09524901870826,1.04175152749491,0.943752340279113
2018-09-14,2018,9,0.036779,0.006317,0.070527,0.03675,0.006363,0.089442,1.00078911564626,0.992770705641993,0.788522170792245
2018-09-17,2018,9,0.055383,0.00616,0.076807,0.037422,0.006786,0.088752,1.47995831329165,0.907751252578839,0.865411483684875
2018-09-18,2018,9,0.043341,0.005934,0.082286,0.037332,0.006543,0.084634,1.16096110575378,0.906923429619441,0.972257012548148
2018-09-19,2018,9,0.040713,0.006573,0.084028,0.038068,0.006905,0.085505,1.06948092886414,0.951918899348298,0.982726156365125
2018-09-20,2018,9,0.038928,0.006355,0.094088,0.036644,0.00668,0.082865,1.06232944001747,0.951347305389222,1.13543715682134
2018-09-21,2018,9,0.042595,0.006226,0.084036,0.037796,0.006499,0.086697,1.12697110805376,0.957993537467303,0.969306896432403
2018-09-25,2018,9,0.034542,0.006344,0.097231,0.038507,0.006743,0.089058,0.897031708520529,0.940827524840575,1.09177165442745
2018-09-26,2018,9,0.035633,0.006432,0.078642,0.036018,0.006632,0.09039,0.989310900105503,0.969843184559711,0.870029870560903
2018-09-27,2018,9,0.034377,0.006065,0.082298,0.037589,0.006919,0.090276,0.914549469259624,0.8765717589247,0.911626567415481
2018-09-28,2018,9,0.033541,0.005671,0.083195,0.036445,0.006733,0.086853,0.920318287830978,0.842269419278182,0.957882859544288
2018-10-08,2018,10,0.034346,0.005977,0.078732,0.040114,0.007089,0.093008,0.856209802064117,0.843137254901961,0.846507827283675
2018-10-09,2018,10,0.033483,0.005876,0.087625,0.038993,0.007162,0.096311,0.858692585848742,0.820441217537001,0.909813001630136
2018-10-10,2018,10,0.031884,0.005579,0.088139,0.040772,0.006965,0.089863,0.782007259884234,0.801005025125628,0.980815240977933
2018-10-11,2018,10,0.036457,0.005999,0.086188,0.04661,0.007492,0.097203,0.782171207895301,0.800720768820075,0.886680452249416
2018-10-12,2018,10,0.039759,0.006423,0.083898,0.042962,0.007406,0.09953,0.925445742749406,0.867269781258439,0.842941826584949
2018-10-15,2018,10,0.036841,0.006036,0.083833,0.045811,0.007714,0.099368,0.804195498897645,0.782473424941664,0.843661943482811
2018-10-16,2018,10,0.03953,0.006725,0.091206,0.045791,0.007536,0.099839,0.863270074905549,0.892383227176221,0.913530784563147
2018-10-17,2018,10,0.039626,0.006852,0.084521,0.046527,0.008031,0.103634,0.851677520579449,0.85319387373926,0.81557210953934
2018-10-18,2018,10,0.041852,0.006736,0.094598,0.047131,0.008467,0.102612,0.887993040673867,0.795559229951577,0.921899972712743
2018-10-19,2018,10,0.042976,0.007027,0.089322,0.045657,0.007763,0.10459,0.941279540924721,0.905191292026279,0.854020460847117
2018-10-22,2018,10,0.043722,0.006993,0.096732,0.045219,0.007912,0.107074,0.966894447024481,0.883847320525784,0.903412593159871
2018-10-23,2018,10,0.043716,0.007441,0.098415,0.046126,0.008022,0.10552,0.947751810258856,0.927574171029668,0.932666793025019
2018-10-24,2018,10,0.044022,0.007323,0.103412,0.044698,0.00742,0.10432,0.984876280817934,0.986927223719676,0.991296012269939
2018-10-25,2018,10,0.043161,0.007443,0.096987,0.043679,0.007231,0.101761,0.988140754138144,1.02931821324851,0.953086152848341
2018-10-26,2018,10,0.040961,0.006759,0.103593,0.044986,0.00729,0.101558,0.910527719735029,0.927160493827161,1.02003781090608
2018-10-29,2018,10,0.039485,0.006947,0.10096,0.043753,0.007465,0.105023,0.902452403263776,0.930609511051574,0.961313236148272
2018-10-30,2018,10,0.040751,0.006865,0.10758,0.043448,0.0074,0.102689,0.937925796354263,0.927702702702703,1.04762924948144
2018-10-31,2018,10,0.042323,0.007045,0.106433,0.04405,0.007226,0.101068,0.960794551645857,0.974951563797398,1.05308307278268
2018-11-01,2018,11,0.041444,0.006716,0.096442,0.043856,0.007361,0.10092,0.945001824151769,0.912376035864692,0.955628220372572
2018-11-02,2018,11,0.043887,0.007609,0.10221,0.044602,0.0075,0.102648,0.983969328729653,1.01453333333333,0.995732990413841
2018-11-05,2018,11,0.042534,0.007205,0.100147,0.044681,0.007495,0.105141,0.951948255410577,0.961307538358906,0.952501878429918
2018-11-06,2018,11,0.044516,0.00725,0.098532,0.043362,0.007156,0.105671,1.02661316359947,1.01313583007267,0.932441256352263
2018-11-07,2018,11,0.041993,0.007055,0.095555,0.04288,0.007274,0.101273,0.979314365671642,0.969892768765466,0.943538751690974
2018-11-08,2018,11,0.041341,0.007095,0.094117,0.042847,0.00736,0.095454,0.964851681564637,0.963994565217391,0.985993253294781
2018-11-09,2018,11,0.039878,0.006492,0.093124,0.04317,0.007364,0.093202,0.923743340282604,0.881586094513851,0.999163108087809
2018-11-12,2018,11,0.038117,0.006107,0.094572,0.043379,0.007338,0.099026,0.878697065400309,0.832243118015808,0.955021913436875
2018-11-13,2018,11,0.041555,0.006537,0.096215,0.044286,0.007316,0.099241,0.938332655918349,0.893521049753964,0.969508570046654
2018-11-14,2018,11,0.040968,0.006561,0.092991,0.043718,0.007199,0.095455,0.937096847980237,0.911376580080567,0.974186789586716
2018-11-15,2018,11,0.04399,0.006833,0.096957,0.043508,0.006887,0.090953,1.01107842235911,0.992159140409467,1.0660121161479
2018-11-16,2018,11,0.043958,0.00671,0.099323,0.042575,0.007155,0.091894,1.03248385202584,0.93780573025856,1.08084314536314
2018-11-19,2018,11,0.039237,0.006131,0.117939,0.042246,0.007015,0.092548,0.928774321829286,0.873984319315752,1.27435492933397
2018-11-20,2018,11,0.043018,0.006831,0.119252,0.04508,0.007569,0.097597,0.954259094942325,0.902497027348395,1.22188182013791
2018-11-21,2018,11,0.04378,0.006335,0.099767,0.044533,0.007449,0.101708,0.983091190802326,0.850449724795275,0.980915955480395
2018-11-22,2018,11,0.040465,0.006366,0.098324,0.046339,0.00747,0.100478,0.873238524784739,0.852208835341365,0.978562471386771
2018-11-23,2018,11,0.037901,0.006803,0.100673,0.044915,0.007253,0.100806,0.843838361349215,0.937956707569282,0.998680634089241
2018-11-26,2018,11,0.039144,0.006584,0.093017,0.046917,0.007193,0.098937,0.834324445297014,0.915334352843042,0.940163942711018
2018-11-27,2018,11,0.038008,0.006242,0.094896,0.047927,0.007994,0.100894,0.793039414108957,0.78083562672004,0.940551469859456
2018-11-28,2018,11,0.038207,0.006593,0.096366,0.048176,0.008616,0.100956,0.793071238791099,0.765204271123491,0.954534648757875
2018-11-29,2018,11,0.040199,0.006432,0.098476,0.048989,0.008259,0.10101,0.82057196513503,0.778786778060298,0.974913374913375
2018-11-30,2018,11,0.041314,0.006633,0.099541,0.04814,0.00751,0.100109,0.858205234732031,0.883222370173102,0.99432618445894
2018-12-03,2018,12,0.042337,0.006779,0.096721,0.047305,0.007602,0.100393,0.894979389070923,0.891739016048408,0.963423744683394
2018-12-04,2018,12,0.043887,0.006771,0.098599,0.054603,0.007302,0.104872,0.803747046865557,0.927280197206245,0.940184224578534
2018-12-05,2018,12,0.041065,0.006592,0.100665,0.043836,0.007165,0.10596,0.936787115612738,0.920027913468248,0.950028312570781
2018-12-06,2018,12,0.041856,0.00648,0.099173,0.047292,0.007161,0.109201,0.885054554681553,0.90490155006284,0.908169339108616
2018-12-07,2018,12,0.041919,0.006774,0.09926,0.046079,0.007581,0.106949,0.909720263026541,0.893549663632766,0.928105919643942
2018-12-10,2018,12,0.042743,0.006863,0.101759,0.047739,0.00732,0.10686,0.895347619346865,0.937568306010929,0.952264645330339
2018-12-11,2018,12,0.042646,0.006857,0.099966,0.047612,0.006962,0.107192,0.895698563387381,0.984918126975007,0.932588252854691
2018-12-12,2018,12,0.044815,0.00662,0.098951,0.047033,0.007099,0.106475,0.952841621839985,0.932525707846176,0.929335524771073
2018-12-13,2018,12,0.043425,0.006764,0.105232,0.048591,0.007369,0.110414,0.893684015558437,0.917899307911521,0.953067545782238
2018-12-14,2018,12,0.044464,0.006819,0.103816,0.050464,0.008026,0.110001,0.881103360811668,0.84961375529529,0.943773238425105
2018-12-17,2018,12,0.045793,0.006843,0.107598,0.049343,0.007631,0.114777,0.928054637942565,0.896736993840912,0.93745262552602
2018-12-18,2018,12,0.045061,0.007002,0.113409,0.042185,0.007083,0.108222,1.06817589190471,0.98856416772554,1.04792925652825
2018-12-19,2018,12,0.044054,0.006658,0.108069,0.046124,0.007417,0.10943,0.95512097823259,0.897667520560874,0.98756282555058
2018-12-20,2018,12,0.044259,0.006997,0.111194,0.046762,0.007662,0.101016,0.946473632436594,0.913208039676325,1.10075631583116
2018-12-21,2018,12,0.045342,0.00703,0.109367,0.045611,0.007109,0.108598,0.9941022998838,0.988887325924884,1.00708116171569
2018-12-24,2018,12,0.045496,0.007017,0.105086,0.046253,0.007553,0.107831,0.98363349404363,0.929034820601086,0.974543498622845
2018-12-25,2018,12,0.044186,0.00714,0.100645,0.045131,0.006657,0.109508,0.979060955883982,1.07255520504732,0.919065273769953
2018-12-26,2018,12,0.042392,0.006405,0.105342,0.045483,0.006755,0.105903,0.93204054262032,0.948186528497409,0.994702699640237
2018-12-27,2018,12,0.039316,0.006157,0.097383,0.044238,0.006995,0.104728,0.888738188887382,0.880200142959257,0.929865938430983
2018-12-28,2018,12,0.036647,0.006004,0.097176,0.045391,0.007185,0.096886,0.807362693044877,0.83562978427279,1.0029932085131
2019-01-02,2019,1,0.038396,0.005977,0.091952,0.045409,0.007437,0.103809,0.84555925036887,0.803684281296221,0.885780616324211
2019-01-03,2019,1,0.039524,0.006151,0.094543,0.046635,0.007146,0.104291,0.847517958614774,0.860761265043381,0.90653076487904
2019-01-04,2019,1,0.039413,0.006037,0.09044,0.044702,0.007026,0.106956,0.881683146167957,0.859237119271278,0.845581360559483
2019-01-07,2019,1,0.038981,0.006191,0.094546,0.044567,0.006943,0.100413,0.874660623331164,0.891689471410053,0.941571310487686
2019-01-08,2019,1,0.042238,0.006445,0.097911,0.042564,0.006819,0.096442,0.992340945399868,0.945153248276873,1.0152319528836
2019-01-09,2019,1,0.040009,0.00629,0.094244,0.042115,0.00685,0.095504,0.94999406387273,0.918248175182482,0.986806835315798
2019-01-10,2019,1,0.03575,0.005874,0.080492,0.034304,0.005964,0.083921,1.04215251865672,0.984909456740443,0.959140143706581
2019-01-11,2019,1,0.036004,0.006201,0.084634,0.037897,0.006445,0.085396,0.950048816529013,0.962141194724593,0.991076865426952
2019-01-14,2019,1,0.036873,0.006387,0.081816,0.038976,0.006364,0.087023,0.946043719211823,1.00361407919547,0.940165243671213
2019-01-15,2019,1,0.037945,0.006047,0.083622,0.039685,0.006667,0.084925,0.956154718407459,0.907004649767512,0.984657050338534
2019-01-16,2019,1,0.037844,0.006101,0.085974,0.040973,0.00671,0.086572,0.923632636126229,0.909239940387481,0.993092454835282
2019-01-17,2019,1,0.035176,0.006146,0.079749,0.040678,0.006425,0.085978,0.864742612714489,0.956575875486381,0.927551234036614
2019-01-18,2019,1,0.036788,0.005932,0.077679,0.041549,0.006573,0.086541,0.885412404630677,0.902479841776966,0.897597670468333
2019-01-21,2019,1,0.036617,0.005956,0.07575,0.036407,0.005895,0.083384,1.00576812151509,1.01034775233249,0.908447663820397
2019-01-22,2019,1,0.035222,0.005739,0.069256,0.037416,0.006548,0.079913,0.941361984177892,0.876450824679291,0.866642473690138
2019-01-23,2019,1,0.032816,0.005661,0.072452,0.036283,0.006191,0.076247,0.904445608136042,0.91439185915038,0.950227549936391
2019-01-24,2019,1,0.032897,0.005664,0.068927,0.037414,0.006279,0.080502,0.87926979205645,0.902054467271859,0.856214752428511
2019-01-25,2019,1,0.032871,0.005458,0.071164,0.035847,0.006423,0.079841,0.91698050046029,0.849758679744668,0.8913215014842
2019-01-28,2019,1,0.032846,0.005364,0.065335,0.03564,0.006457,0.079505,0.921604938271605,0.830726343503175,0.821772215583926
2019-01-29,2019,1,0.03079,0.005266,0.063712,0.036675,0.006422,0.081001,0.839536468984322,0.819993771410775,0.786558190639622
2019-01-30,2019,1,0.029799,0.005488,0.061499,0.034746,0.006411,0.079726,0.857623899153859,0.856028700670722,0.77137947470085
2019-01-31,2019,1,0.029769,0.00537,0.061098,0.035135,0.006409,0.079971,0.847274797210758,0.83788422530816,0.764001950707131
2019-02-01,2019,2,0.02893,0.004868,0.060051,0.034381,0.006282,0.081128,0.841453128181263,0.774912448264884,0.740200670545311
2019-02-11,2019,2,0.030202,0.005018,0.061972,0.034804,0.006481,0.077641,0.867773819101253,0.774263230982873,0.798186525160675
2019-02-12,2019,2,0.029369,0.00502,0.063708,0.034962,0.00656,0.076484,0.84002631428408,0.765243902439024,0.832958527273678
2019-02-13,2019,2,0.028527,0.005032,0.06472,0.036632,0.006655,0.080021,0.778745359248744,0.756123215627348,0.808787693230527
2019-02-14,2019,2,0.030734,0.005661,0.06755,0.038749,0.006862,0.079155,0.793155952411675,0.824978140483824,0.853388920472491
2019-02-15,2019,2,0.03139,0.005452,0.066191,0.040717,0.006952,0.087034,0.770931060736302,0.784234752589183,0.760518877679987
2019-02-18,2019,2,0.032017,0.005723,0.068229,0.040775,0.006918,0.086077,0.785211526670754,0.827262214512865,0.792650766174472
2019-02-19,2019,2,0.030262,0.005335,0.066795,0.040238,0.007267,0.086193,0.752075152840598,0.734140635750654,0.774946921443737
2019-02-20,2019,2,0.032332,0.005603,0.069706,0.041981,0.007234,0.085724,0.770157928586742,0.774536909040641,0.813144510288834
2019-02-21,2019,2,0.031142,0.005482,0.067036,0.041857,0.007628,0.08593,0.744009365219677,0.718668065023597,0.780123356220179
2019-02-22,2019,2,0.030842,0.005594,0.070472,0.039579,0.007492,0.085314,0.779251623335607,0.746663107314469,0.826030897625243
2019-02-25,2019,2,0.031814,0.006018,0.07178,0.041863,0.007657,0.087745,0.759955091608342,0.785947499020504,0.818052310672973
2019-02-26,2019,2,0.031266,0.005438,0.067988,0.0409,0.007489,0.083648,0.764449877750611,0.726131659767659,0.812786916602907
2019-02-27,2019,2,0.031528,0.005578,0.067871,0.040137,0.006853,0.084337,0.785509629518898,0.813950094848971,0.80475947686069
2019-02-28,2019,2,0.030633,0.005418,0.081119,0.04288,0.007314,0.088361,0.714388992537313,0.740771123872026,0.918040764590713
2019-03-01,2019,3,0.038863,0.005111,0.080326,0.041242,0.007307,0.086002,0.942316085543863,0.699466265225127,0.934001534848027
2019-03-04,2019,3,0.02935,0.005206,0.063702,0.041839,0.007341,0.086446,0.701498601783025,0.709167688325841,0.736899336001666
2019-03-05,2019,3,0.029252,0.004988,0.065652,0.040599,0.007393,0.084591,0.720510357397965,0.674692276477749,0.776110933787282
2019-03-06,2019,3,0.029012,0.005133,0.083281,0.040396,0.007505,0.085456,0.718189919794039,0.683944037308461,0.974548305560756
2019-03-07,2019,3,0.029667,0.004919,0.082899,0.040945,0.007625,0.091106,0.724557333007693,0.645114754098361,0.909918117357803
2019-03-08,2019,3,0.04046,0.007596,0.107133,0.042438,0.007444,0.093634,0.953390828974033,1.02041912950027,1.14416771685499
2019-03-11,2019,3,0.041377,0.007611,0.087948,0.042574,0.007485,0.090457,0.971884248602433,1.01683366733467,0.972263064218358
2019-03-12,2019,3,0.039789,0.006914,0.087798,0.04197,0.007706,0.095226,0.948034310221587,0.897222943161173,0.921996093503875
2019-03-13,2019,3,0.04362,0.007927,0.099996,0.043944,0.007719,0.094903,0.992626979792463,1.02694649566006,1.05366532143346
2019-03-14,2019,3,0.04251,0.00769,0.086397,0.041468,0.007482,0.088169,1.0251278093952,1.02780005346164,0.979902233211219
2019-03-15,2019,3,0.043975,0.008034,0.090785,0.043732,0.007709,0.089214,1.0055565718467,1.04215851602024,1.01760934382496
2019-03-18,2019,3,0.045512,0.008013,0.092481,0.041791,0.007432,0.092,1.0890383096839,1.07817545748116,1.00522826086957
2019-03-19,2019,3,0.04659,0.008625,0.093746,0.041752,0.007491,0.092609,1.11587468863767,1.15138165798959,1.01227742444039
2019-03-20,2019,3,0.044839,0.008288,0.098325,0.041253,0.007469,0.091916,1.08692701136887,1.10965323336457,1.06972670699334
2019-03-21,2019,3,0.045204,0.008015,0.096069,0.043299,0.007675,0.091545,1.04399639714543,1.0442996742671,1.04941831885958
2019-03-22,2019,3,0.046786,0.008495,0.093854,0.045551,0.007882,0.091267,1.0271124673443,1.077772139051,1.02834540414389
2019-03-25,2019,3,0.046185,0.008786,0.095229,0.04459,0.007719,0.092439,1.03577035209688,1.13823034071771,1.0301820660111
2019-03-26,2019,3,0.047618,0.008409,0.095919,0.043686,0.007962,0.094251,1.09000595156343,1.0561416729465,1.01769742496101
2019-03-27,2019,3,0.047511,0.008598,0.098149,0.045157,0.007951,0.093892,1.05212923799189,1.08137341214942,1.04533932603417
2019-03-28,2019,3,0.046613,0.008567,0.099115,0.045943,0.008128,0.096402,1.01458328798729,1.05401082677165,1.02814256965623
2019-03-29,2019,3,0.042557,0.007798,0.094859,0.045224,0.008371,0.099854,0.941026888377852,0.931549396726795,0.949976966370902
2019-04-01,2019,4,0.045304,0.008172,0.099519,0.04644,0.008603,0.097403,0.975538329026701,0.949901197256771,1.0217241768734
2019-04-02,2019,4,0.047281,0.008841,0.09501,0.045447,0.008233,0.097342,1.04035469888001,1.07384914369003,0.976043229027552
2019-04-03,2019,4,0.048282,0.008984,0.098152,0.046187,0.008099,0.097094,1.04535908372486,1.10927274972219,1.010896656848
2019-04-04,2019,4,0.048945,0.008945,0.100647,0.048067,0.008623,0.093302,1.01826617013752,1.03734199234605,1.07872285695912
2019-04-08,2019,4,0.050129,0.009056,0.101226,0.046321,0.0085,0.095903,1.08220893331318,1.06541176470588,1.05550399883215
2019-04-09,2019,4,0.050815,0.009283,0.106222,0.048297,0.008498,0.097941,1.05213574342092,1.09237467639445,1.08455090309472
2019-04-10,2019,4,0.050715,0.009222,0.105303,0.046291,0.008802,0.101271,1.09556933313171,1.04771642808453,1.03981396451106
2019-04-11,2019,4,0.051585,0.009412,0.109285,0.048954,0.009004,0.098901,1.05374433141316,1.04531319413594,1.10499388277166
2019-04-12,2019,4,0.053032,0.008989,0.106859,0.050228,0.009117,0.098724,1.05582543601179,0.985960293956345,1.08240144240509
2019-04-15,2019,4,0.050313,0.00905,0.109139,0.047933,0.008564,0.097617,1.04965264014353,1.05674918262494,1.11803271971071
2019-04-16,2019,4,0.050935,0.009402,0.109361,0.048248,0.00843,0.096382,1.05569142762394,1.1153024911032,1.13466207383121
2019-04-17,2019,4,0.052606,0.008963,0.105469,0.049296,0.009032,0.099798,1.06714540733528,0.992360496014172,1.05682478606786
2019-04-18,2019,4,0.051831,0.00926,0.107689,0.047767,0.009093,0.102292,1.08507965750413,1.01836577587155,1.05276072420131
2019-04-19,2019,4,0.053487,0.009468,0.110907,0.051542,0.009666,0.104235,1.03773621512553,0.97951582867784,1.06400920995827
2019-04-22,2019,4,0.053111,0.009637,0.108447,0.0476,0.009145,0.098737,1.11577731092437,1.05379989065063,1.09834206022059
2019-04-23,2019,4,0.052076,0.009902,0.110848,0.047708,0.00958,0.099911,1.09155697157709,1.03361169102296,1.10946742600915
2019-04-24,2019,4,0.051638,0.010017,0.108357,0.051779,0.009485,0.105189,0.997276888313795,1.05608856088561,1.03011721757978
2019-04-25,2019,4,0.05191,0.010077,0.111614,0.050279,0.009791,0.106438,1.03243899043338,1.02921049943826,1.04862924895244
2019-04-26,2019,4,0.051663,0.009507,0.114532,0.051671,0.00971,0.108493,0.999845174275706,0.979093717816684,1.05566257730914
2019-04-29,2019,4,0.055488,0.010018,0.113206,0.050983,0.009242,0.111457,1.08836278759587,1.08396450984635,1.015692150336
2019-04-30,2019,4,0.050862,0.009329,0.112899,0.052709,0.009627,0.107857,0.964958545978865,0.969045393165057,1.04674708178421
2019-05-06,2019,5,0.059601,0.010728,0.131452,0.068559,0.011698,0.131982,0.869338817660701,0.917079842708155,0.995984300889515
2019-05-07,2019,5,0.059608,0.010081,0.124023,0.065034,0.010923,0.132322,0.916566718947012,0.922914950105282,0.937281782318889
2019-05-08,2019,5,0.057893,0.010295,0.132874,0.060762,0.010552,0.129705,0.952782989368355,0.975644427596664,1.02443236575305
2019-05-09,2019,5,0.059357,0.010518,0.121644,0.06022,0.011054,0.130072,0.985669212886084,0.951510765333816,0.935205117165877
2019-05-10,2019,5,0.061755,0.010843,0.12362,0.065494,0.012313,0.134495,0.942910800989404,0.880613985218874,0.919141975538124
2019-05-13,2019,5,0.060834,0.01094,0.125524,0.063397,0.011069,0.137526,0.959572219505655,0.988345830698347,0.91272922938208
2019-05-14,2019,5,0.059744,0.010764,0.123282,0.064248,0.011018,0.136385,0.929896650479392,0.976946814303866,0.903926384866371
2019-05-15,2019,5,0.059306,0.01032,0.12715,0.061098,0.011247,0.131607,0.970670071033422,0.917578020805548,0.966134020226888
2019-05-16,2019,5,0.062697,0.011087,0.12616,0.063092,0.011957,0.128497,0.993739301337729,0.927239274065401,0.981812804968209
2019-05-17,2019,5,0.063539,0.010665,0.126224,0.060906,0.010897,0.131142,1.04323055199816,0.978709736624759,0.96249866556862
2019-05-20,2019,5,0.06024,0.010449,0.136283,0.062132,0.013171,0.143069,0.969548702761862,0.793333839495862,0.952568341150074
2019-05-21,2019,5,0.062234,0.010466,0.131975,0.064344,0.014428,0.13566,0.967207509635708,0.725395065151095,0.972836503022262
2019-05-22,2019,5,0.061473,0.010119,0.129329,0.065662,0.014307,0.132819,0.936203588072249,0.707276158523799,0.9737236389372
2019-05-23,2019,5,0.061954,0.010156,0.133645,0.066748,0.013171,0.130054,0.928177623299575,0.77108799635563,1.02761160748612
2019-05-24,2019,5,0.061201,0.010852,0.12951,0.061513,0.01259,0.131991,0.994927901419212,0.861953931691819,0.981203263858899
2019-05-27,2019,5,0.060777,0.010973,0.129117,0.065299,0.012799,0.129063,0.930749322347969,0.857332604109696,1.00041840031612
2019-05-28,2019,5,0.060961,0.010424,0.131883,0.068018,0.012361,0.129578,0.896248051986239,0.843297467842407,1.01778851348223
2019-05-29,2019,5,0.058439,0.010574,0.127932,0.067086,0.01161,0.127742,0.8711057448648,0.910766580534022,1.00148737298618
2019-05-30,2019,5,0.05951,0.010714,0.125357,0.065999,0.01225,0.125059,0.901680328489826,0.874612244897959,1.00238287528287
2019-05-31,2019,5,0.058893,0.010754,0.133435,0.068582,0.012273,0.135271,0.858723863404392,0.876232380021185,0.986427246046825
2019-06-03,2019,6,0.055872,0.009665,0.124665,0.061089,0.012326,0.128174,0.914600009821736,0.784114879117313,0.972623152901524
2019-06-04,2019,6,0.058317,0.010289,0.125158,0.062337,0.013024,0.126147,0.935511814813032,0.790003071253071,0.992159940387009
2019-06-05,2019,6,0.05635,0.010127,0.120695,0.061203,0.011905,0.130243,0.920706501315295,0.85065098698026,0.926690877820689
2019-06-06,2019,6,0.053259,0.009941,0.115456,0.057983,0.011247,0.126191,0.918527844368177,0.883880145816662,0.914930541797751
2019-06-10,2019,6,0.053311,0.009365,0.116252,0.059302,0.011805,0.127901,0.898974739469158,0.793307920372723,0.9089217441615
2019-06-11,2019,6,0.056503,0.009753,0.122855,0.062865,0.011523,0.119815,0.898799013759644,0.846394168185368,1.02537244919251
2019-06-12,2019,6,0.047428,0.008461,0.102388,0.06137,0.011613,0.126758,0.772820596382597,0.728580039610781,0.807743889931996
2019-06-13,2019,6,0.048568,0.008242,0.105147,0.05611,0.011765,0.116463,0.865585457137765,0.700552486187845,0.902836093866722
2019-06-14,2019,6,0.044914,0.008385,0.100588,0.054117,0.011667,0.119758,0.829942531921577,0.718693751607097,0.83992718649276
2019-06-17,2019,6,0.047416,0.008362,0.09979,0.053145,0.012279,0.112135,0.892200583309813,0.681000081439857,0.889909484103982
2019-06-18,2019,6,0.045149,0.00805,0.098174,0.05079,0.01184,0.112244,0.888934829690884,0.679898648648649,0.874648088093796
2019-06-19,2019,6,0.043777,0.007291,0.101397,0.051351,0.010821,0.116244,0.852505306615256,0.67378246003142,0.872277278827294
2019-06-20,2019,6,0.044078,0.007207,0.099758,0.053717,0.011222,0.119078,0.820559599381946,0.642220638032436,0.83775340533096
2019-06-21,2019,6,0.042046,0.007328,0.105986,0.050905,0.010968,0.119916,0.825969944013358,0.668125455871627,0.883835351412656
2019-06-24,2019,6,0.044052,0.007561,0.100122,0.050726,0.010683,0.11742,0.868430390726649,0.707759992511467,0.852682677567706
2019-06-25,2019,6,0.043615,0.007454,0.100877,0.048404,0.010936,0.119287,0.901061895711098,0.681602048280907,0.845666334135321
2019-06-26,2019,6,0.042494,0.007448,0.097917,0.053558,0.011697,0.115774,0.793420217334478,0.636744464392579,0.845759842451673
2019-06-27,2019,6,0.041538,0.007255,0.096852,0.051089,0.011004,0.109904,0.813051733249819,0.659305707015631,0.881241811035085
2019-06-28,2019,6,0.043831,0.007256,0.096128,0.053546,0.011107,0.115469,0.818567213237217,0.653281714234267,0.832500497969152
2019-07-01,2019,7,0.044584,0.007295,0.098328,0.051058,0.011119,0.114041,0.873203024011908,0.656084180232035,0.862216220482107
2019-07-02,2019,7,0.042337,0.007254,0.10368,0.04962,0.010753,0.114344,0.853224506247481,0.674602436529341,0.90673756384244
2019-07-03,2019,7,0.042993,0.007558,0.099136,0.045419,0.009742,0.122644,0.946586230432198,0.775816054198316,0.808323277127295
2019-07-04,2019,7,0.043629,0.007026,0.097313,0.048675,0.010509,0.111221,0.89633281972265,0.668569797316586,0.874951672795605
2019-07-05,2019,7,0.044907,0.007387,0.09784,0.048716,0.010268,0.113144,0.92181213564332,0.719419555901831,0.864738740012727
2019-07-08,2019,7,0.046998,0.00778,0.101547,0.04719,0.009233,0.1212,0.995931341385887,0.842629697823026,0.837846534653465
2019-07-09,2019,7,0.046663,0.007541,0.099059,0.048184,0.009915,0.118499,0.968433504897891,0.760564800806858,0.835947982683398
2019-07-10,2019,7,0.050465,0.007654,0.098873,0.048241,0.010513,0.116167,1.04610186356004,0.728050984495387,0.851128117279434
2019-07-11,2019,7,0.044468,0.007398,0.101067,0.046854,0.010608,0.11053,0.949075852648653,0.697398190045249,0.914385234777888
2019-07-12,2019,7,0.042786,0.007312,0.098922,0.051526,0.010367,0.116703,0.830376897100493,0.705314941641748,0.847638878177939
2019-07-15,2019,7,0.0415,0.006914,0.097414,0.05019,0.010675,0.109619,0.826857939828651,0.64768149882904,0.888659812623724
2019-07-16,2019,7,0.043199,0.007587,0.095125,0.0461,0.010302,0.114529,0.9370715835141,0.736458940011648,0.830575662059391
2019-07-17,2019,7,0.047785,0.007999,0.103034,0.044057,0.01146,0.115984,1.08461765440225,0.697993019197208,0.888346668506001
2019-07-18,2019,7,0.045246,0.006976,0.098187,0.04759,0.010716,0.11027,0.95074595503257,0.650989175065323,0.890423505939965
2019-07-19,2019,7,0.042314,0.007082,0.102075,0.042678,0.010158,0.113129,0.991471015511505,0.697184485134869,0.902288537863855
2019-07-22,2019,7,0.042296,0.006837,0.100714,0.045433,0.009867,0.118253,0.930953271850857,0.692915779872302,0.85168240974859
2019-07-23,2019,7,0.040264,0.006475,0.105998,0.044043,0.009491,0.112804,0.914197488817746,0.682225266041513,0.93966526009716
2019-07-24,2019,7,0.041149,0.006646,0.100601,0.046396,0.010145,0.112677,0.886908354168463,0.655101034992607,0.89282639757892
2019-07-25,2019,7,0.042283,0.006792,0.101476,0.048119,0.010305,0.106665,0.878717346578275,0.659097525473071,0.951352364880701
2019-07-26,2019,7,0.043429,0.006348,0.101392,0.049469,0.008585,0.107615,0.877903333400716,0.739429237041351,0.942173488825907
2019-07-29,2019,7,0.045323,0.006487,0.096415,0.044575,0.008553,0.104288,1.01678070667414,0.758447328422776,0.924507134090212
2019-07-30,2019,7,0.043679,0.006625,0.096612,0.04562,0.008275,0.115483,0.957452871547567,0.800604229607251,0.836590667024584
2019-07-31,2019,7,0.040599,0.006037,0.088461,0.046528,0.008415,0.105248,0.872571354883081,0.717409387997623,0.840500532076619
2019-08-01,2019,8,0.039998,0.007173,0.098458,0.049926,0.008797,0.108385,0.801145695629532,0.815391610776401,0.908409835309314
2019-08-02,2019,8,0.029756,0.004944,0.072131,0.036106,0.006913,0.080017,0.824128953636515,0.715174309272385,0.901445942737168
2019-08-05,2019,8,0.027895,0.005046,0.070358,0.037227,0.006984,0.081084,0.749321728852714,0.722508591065292,0.867717428839228
2019-08-06,2019,8,0.030013,0.005148,0.07498,0.035152,0.006627,0.078983,0.853806326809285,0.776822091444092,0.949318207715585
2019-08-07,2019,8,0.028681,0.004931,0.069668,0.03561,0.006275,0.080299,0.805419825891603,0.785816733067729,0.867607317650282
2019-08-08,2019,8,0.028281,0.00508,0.070082,0.034848,0.006386,0.076436,0.81155303030303,0.79549013466959,0.916871631168559
2019-08-09,2019,8,0.027204,0.004876,0.073422,0.034171,0.006601,0.079399,0.796113663632905,0.738675958188153,0.924721973828386
2019-08-12,2019,8,0.027121,0.00485,0.071001,0.036747,0.006901,0.081298,0.738046643263396,0.702796696130995,0.873342517651111
2019-08-13,2019,8,0.027091,0.004834,0.070105,0.035568,0.006733,0.080859,0.761667791273054,0.717956334472003,0.867003054700157
2019-08-14,2019,8,0.025803,0.004489,0.064636,0.034248,0.006397,0.077467,0.753416257883672,0.701735188369548,0.83436818258097
2019-08-15,2019,8,0.026149,0.004523,0.061887,0.0336,0.006153,0.076693,0.778244047619048,0.735088574679018,0.806944571212497
2019-08-16,2019,8,0.025727,0.004423,0.060918,0.033745,0.006248,0.073089,0.762394428804267,0.707906530089629,0.833476993802077
2019-08-19,2019,8,0.027573,0.004365,0.061534,0.033704,0.006269,0.074317,0.818092807975315,0.696283298771734,0.827993595005181
2019-08-20,2019,8,0.027761,0.004747,0.061247,0.035382,0.006471,0.075267,0.784607992764683,0.73358059032607,0.813729788619182
2019-08-21,2019,8,0.026821,0.00463,0.059279,0.03399,0.006056,0.072569,0.789085025007355,0.764531043593131,0.816863950171561
2019-08-22,2019,8,0.028294,0.004901,0.058695,0.034029,0.006009,0.074832,0.831467277910018,0.81560991845565,0.78435695958948
2019-08-23,2019,8,0.026394,0.005006,0.055579,0.033735,0.006312,0.071829,0.782392174299689,0.793092522179975,0.773768255161564
2019-08-26,2019,8,0.026133,0.00501,0.057559,0.033443,0.006291,0.073745,0.781419131058816,0.796375774916547,0.78051393314801
2019-08-27,2019,8,0.026185,0.004738,0.057796,0.034194,0.006418,0.073828,0.765777621804995,0.738236210657526,0.78284661645988
2019-08-28,2019,8,0.025231,0.004651,0.058947,0.041949,0.00741,0.077759,0.601468449784262,0.627665317139001,0.758073020486375
2019-08-29,2019,8,0.026016,0.004763,0.056193,0.034686,0.009201,0.079826,0.750043245113302,0.517661123790892,0.703943577280585
2019-08-30,2019,8,0.026265,0.004764,0.06085,0.034951,0.009861,0.083242,0.751480644330634,0.483115302707636,0.73100117729031
2019-09-02,2019,9,0.027345,0.00501,0.061674,0.038488,0.006464,0.091606,0.710481188942008,0.775061881188119,0.673252843700194
2019-09-03,2019,9,0.027022,0.005157,0.061306,0.035687,0.006189,0.082751,0.757194496595399,0.833252544837615,0.740849053183647
2019-09-04,2019,9,0.027729,0.005297,0.064788,0.035756,0.006466,0.093007,0.775506208748182,0.819208165790288,0.696592729579494
2019-09-05,2019,9,0.028355,0.005015,0.06396,0.035511,0.006206,0.080909,0.798484976486159,0.808088946181115,0.790517742154767
2019-09-06,2019,9,0.028325,0.005061,0.060418,0.035875,0.006273,0.077672,0.789547038327526,0.806791009086562,0.77786074775981
2019-09-09,2019,9,0.027069,0.004949,0.062292,0.035493,0.006412,0.082408,0.762657425407827,0.771834061135371,0.755897485681002
2019-09-10,2019,9,0.026231,0.00477,0.060584,0.035453,0.006233,0.08144,0.739880969170451,0.765281565859137,0.743909626719057
2019-09-11,2019,9,0.027331,0.00496,0.059515,0.034792,0.006607,0.078133,0.785554150379398,0.750718934463448,0.76171400048635
2019-09-12,2019,9,0.028432,0.004864,0.057618,0.03629,0.006626,0.080444,0.783466519702397,0.73407787503773,0.716249813534881
2019-09-16,2019,9,0.027913,0.004922,0.05963,0.036663,0.006767,0.07892,0.76133977034067,0.72735333234816,0.755575266092245
2019-09-17,2019,9,0.02892,0.005054,0.064058,0.035797,0.006538,0.08,0.80788892923988,0.773019271948608,0.800725
2019-09-18,2019,9,0.027964,0.005062,0.062359,0.037126,0.006808,0.079632,0.75321876851802,0.743537015276146,0.78308971267832
2019-09-19,2019,9,0.028345,0.005047,0.063947,0.036229,0.006652,0.078405,0.782384277788512,0.758719182200842,0.815598494993942
2019-09-20,2019,9,0.027434,0.004967,0.066344,0.035977,0.006912,0.081383,0.762542735636657,0.718605324074074,0.815207107135397
2019-09-23,2019,9,0.027791,0.004953,0.058852,0.036196,0.006604,0.078869,0.767792021217814,0.75,0.74619939393171
2019-09-24,2019,9,0.026697,0.005063,0.057765,0.036734,0.00676,0.079245,0.726765394457451,0.74896449704142,0.728941889078175
2019-09-25,2019,9,0.028081,0.005225,0.05909,0.037936,0.006873,0.079236,0.740220371151413,0.760221155245162,0.745746882730072
2019-09-26,2019,9,0.028775,0.005632,0.060092,0.036548,0.006869,0.081995,0.787320783627011,0.819915562672878,0.732873955729008
2019-09-27,2019,9,0.027536,0.005566,0.05947,0.035841,0.006896,0.07749,0.768282134985073,0.807134570765661,0.767453865014841
2019-09-30,2019,9,0.02842,0.005614,0.060488,0.036805,0.007051,0.077291,0.7721776932482,0.7961991206921,0.782600820276617
2019-10-08,2019,10,0.028649,0.005438,0.060086,0.036805,0.006674,0.079582,0.778399673957343,0.814803715912496,0.755019979392325
2019-10-09,2019,10,0.027833,0.004941,0.057928,0.037322,0.006791,0.079389,0.745753175071004,0.727580621410691,0.729672876594994
2019-10-10,2019,10,0.02912,0.005492,0.058616,0.034846,0.006786,0.079357,0.835676978706308,0.809313292071913,0.73863679322555
2019-10-11,2019,10,0.028561,0.005189,0.056207,0.035418,0.006436,0.079989,0.806397876785815,0.806246115599751,0.702684119066372
2019-10-14,2019,10,0.028719,0.005097,0.059114,0.036919,0.00673,0.081272,0.777892142257374,0.757355126300149,0.727359976375628
2019-10-15,2019,10,0.028239,0.005143,0.058734,0.035907,0.006588,0.081722,0.786448324839168,0.780661809350334,0.718704877511564
2019-10-16,2019,10,0.027592,0.005178,0.059258,0.037619,0.006842,0.081307,0.733459156277413,0.756796258403975,0.728817936954998
2019-10-17,2019,10,0.028306,0.00531,0.059006,0.037238,0.006819,0.082188,0.760137493957785,0.778706555213374,0.717939358543826
2019-10-18,2019,10,0.028163,0.004945,0.056527,0.035621,0.006458,0.079336,0.790629123269981,0.765716940229173,0.712501260461833
2019-10-21,2019,10,0.027,0.005256,0.053739,0.03676,0.006824,0.07857,0.73449401523395,0.770222743259086,0.683963344788087
2019-10-22,2019,10,0.028451,0.005373,0.05535,0.037025,0.00686,0.078247,0.768426738690074,0.783236151603499,0.707375362633711
2019-10-23,2019,10,0.028098,0.005087,0.058188,0.034571,0.006445,0.078028,0.812762141679442,0.789294026377036,0.745732301225201
2019-10-24,2019,10,0.027854,0.005007,0.057198,0.035371,0.006549,0.075851,0.787481269966922,0.764544205222171,0.754083664025524
2019-10-25,2019,10,0.026355,0.005091,0.057084,0.037711,0.006782,0.075814,0.698867704383336,0.750663521085226,0.752948004326378
2019-10-28,2019,10,0.027362,0.005063,0.057234,0.037882,0.006585,0.075512,0.722295549337416,0.768868640850418,0.75794575696578
2019-10-29,2019,10,0.026876,0.004919,0.056,0.03775,0.006661,0.076584,0.71194701986755,0.738477706050143,0.731223232006685
2019-10-30,2019,10,0.027118,0.004873,0.056327,0.034341,0.006168,0.076861,0.789668326490201,0.790045395590143,0.732842403819883
2019-10-31,2019,10,0.025209,0.00485,0.055428,0.034788,0.006345,0.076447,0.72464642980338,0.764381402679275,0.725051342760344
2019-11-01,2019,11,0.025456,0.004603,0.056976,0.036229,0.006566,0.074371,0.702641530265809,0.701035638135851,0.766105067835581
2019-11-04,2019,11,0.024214,0.004666,0.054789,0.036494,0.006744,0.072288,0.66350632980764,0.691874258600237,0.757926626826029
2019-11-05,2019,11,0.024673,0.004773,0.057268,0.037484,0.006638,0.076879,0.658227510404439,0.719041880084363,0.744910833907829
2019-11-06,2019,11,0.026399,0.004759,0.056592,0.037085,0.006654,0.077596,0.711851152757179,0.715208896904118,0.729315944120831
2019-11-07,2019,11,0.026167,0.004677,0.054697,0.036191,0.006866,0.077983,0.723025061479373,0.681182639091174,0.701396458202429
2019-11-08,2019,11,0.02481,0.004494,0.050888,0.036662,0.006743,0.077431,0.676722491953521,0.666468930742993,0.65720447882631
2019-11-11,2019,11,0.024504,0.004614,0.047437,0.036086,0.006538,0.077845,0.679044504794103,0.705720403793209,0.609377609351917
2019-11-12,2019,11,0.025182,0.004723,0.050659,0.037088,0.006584,0.074931,0.678979723899914,0.717345078979344,0.676075322630153
2019-11-13,2019,11,0.02498,0.004719,0.049093,0.037915,0.006614,0.077106,0.658842146907556,0.713486543695192,0.636694939434026
2019-11-14,2019,11,0.024896,0.004701,0.047728,0.036724,0.006458,0.077376,0.677921795011437,0.727934344998452,0.616832092638544
2019-11-15,2019,11,0.023932,0.004651,0.04996,0.038197,0.006709,0.077342,0.626541351415033,0.69324787598748,0.64596209045538
2019-11-18,2019,11,0.024355,0.004505,0.050315,0.038055,0.006655,0.079218,0.639994744448824,0.676934635612322,0.635146052664798
2019-11-19,2019,11,0.02419,0.004485,0.051234,0.037823,0.006614,0.079592,0.63955794093541,0.67810704566072,0.643707910342748
2019-11-20,2019,11,0.024029,0.00454,0.051156,0.036619,0.006406,0.076564,0.656189409869194,0.708710583827661,0.668146909774829
2019-11-21,2019,11,0.023892,0.004654,0.049909,0.035552,0.006259,0.075367,0.672029702970297,0.743569260265218,0.662212904852256
2019-11-22,2019,11,0.023159,0.004284,0.049832,0.036818,0.00626,0.073463,0.629012982780162,0.684345047923323,0.678327865728326
2019-11-25,2019,11,0.02444,0.004705,0.051969,0.036362,0.006563,0.075445,0.672130245861064,0.716897760170654,0.688832924647094
2019-11-26,2019,11,0.023969,0.004413,0.051338,0.035974,0.006548,0.077727,0.666286762661923,0.673946243127673,0.660491206401894
2019-11-27,2019,11,0.024861,0.004586,0.053835,0.036527,0.006663,0.072149,0.680619815478961,0.688278553204262,0.746164187999834
2019-11-28,2019,11,0.025162,0.004503,0.051807,0.035529,0.006736,0.071938,0.708210194489009,0.668497624703088,0.720161805999611
2019-11-29,2019,11,0.024718,0.004519,0.052278,0.035693,0.006593,0.073737,0.692516739977026,0.685423934475959,0.708979209894625
2019-12-02,2019,12,0.024844,0.004618,0.052579,0.034867,0.006465,0.072743,0.712536209022858,0.71430781129157,0.722804943430983
2019-12-03,2019,12,0.024526,0.004378,0.051699,0.034181,0.006468,0.073016,0.717533132442,0.67687074829932,0.708050290347321
2019-12-04,2019,12,0.024017,0.004434,0.05067,0.035367,0.006621,0.073458,0.679079367772217,0.669687358405075,0.689781916197011
2019-12-05,2019,12,0.022821,0.004258,0.049822,0.035341,0.006486,0.071461,0.645737245691973,0.656490903484428,0.697191475070318
2019-12-06,2019,12,0.023984,0.004412,0.048709,0.03497,0.006441,0.070627,0.685845010008579,0.684986803291414,0.689665425403882
2019-12-09,2019,12,0.023384,0.004243,0.050048,0.034463,0.00645,0.071694,0.678524794707367,0.657829457364341,0.698077942366167
2019-12-10,2019,12,0.022924,0.004198,0.047516,0.034054,0.006477,0.072166,0.673166147882774,0.648139570788946,0.658426405786659
2019-12-11,2019,12,0.022548,0.004054,0.049555,0.032959,0.006373,0.07338,0.684122697897388,0.63612113604268,0.675320250749523
2019-12-12,2019,12,0.023178,0.00411,0.046739,0.033669,0.006488,0.072179,0.688407734117437,0.63347718865598,0.647542914144003
2019-12-13,2019,12,0.0237,0.004197,0.04756,0.033961,0.006384,0.071679,0.697859309207621,0.657424812030075,0.663513720894544
2019-12-16,2019,12,0.024004,0.004466,0.048248,0.03529,0.006438,0.076812,0.680192689147067,0.693693693693694,0.628131021194605
2019-12-17,2019,12,0.02227,0.004216,0.049544,0.034828,0.006179,0.074049,0.639428046399449,0.682311053568539,0.669070480357601
2019-12-18,2019,12,0.022172,0.004197,0.050888,0.034044,0.00607,0.074347,0.651274820820115,0.691433278418451,0.684466084710883
2019-12-19,2019,12,0.023648,0.004375,0.050419,0.033464,0.006286,0.070382,0.706669854171647,0.695991091314031,0.71636213804666
2019-12-20,2019,12,0.024008,0.004408,0.048629,0.032964,0.006054,0.075053,0.728309671156413,0.72811364387182,0.647928796983465
2019-12-23,2019,12,0.023347,0.004434,0.0469,0.033089,0.005941,0.073293,0.705581915440176,0.746339000168322,0.639897398114417
2019-12-24,2019,12,0.023819,0.004386,0.045905,0.033899,0.006104,0.072399,0.702646095755037,0.718545216251638,0.634055719001644
2019-12-25,2019,12,0.023769,0.0044,0.047259,0.033161,0.006001,0.070687,0.716775730526824,0.733211131478087,0.668567063250669
2019-12-26,2019,12,0.024183,0.004368,0.048037,0.034501,0.00599,0.07232,0.700936204747688,0.729215358931553,0.66422842920354
2019-12-27,2019,12,0.024601,0.004537,0.049921,0.034356,0.005951,0.070662,0.716061241122366,0.762392875147034,0.706475899351844
2019-12-30,2019,12,0.02522,0.004757,0.049053,0.032421,0.005811,0.068528,0.777890873199469,0.818619858888315,0.715809596077516
2019-12-31,2019,12,0.025328,0.004679,0.04996,0.033196,0.006164,0.070316,0.762983491986986,0.759085009733939,0.710506854769896
2020-01-02,2020,1,0.025553,0.004638,0.04996,0.032956,0.005985,0.068202,0.775367156208278,0.774937343358396,0.732529837834668
2020-01-03,2020,1,0.026354,0.004655,0.049884,0.034873,0.006354,0.06609,0.755713589309781,0.732609379918162,0.754788924194281
2020-01-06,2020,1,0.026261,0.005012,0.051253,0.033391,0.006255,0.065803,0.786469407924291,0.801278976818545,0.778885461149188
2020-01-07,2020,1,0.025728,0.004687,0.051226,0.034203,0.006056,0.069334,0.752214718007192,0.773943196829591,0.738829434332362
2020-01-08,2020,1,0.025547,0.004903,0.05219,0.034713,0.006146,0.067913,0.73594906807248,0.797754637162382,0.768483206455318
2020-01-09,2020,1,0.025611,0.004785,0.053734,0.035754,0.006364,0.068109,0.71631146165464,0.751885606536769,0.788941255927998
2020-01-10,2020,1,0.026094,0.004716,0.054388,0.036947,0.006566,0.070444,0.706254905675698,0.718245507158087,0.772074271761967
2020-01-13,2020,1,0.025884,0.004963,0.051304,0.035036,0.006519,0.069944,0.73878296609202,0.761313084828962,0.733501086583553
2020-01-14,2020,1,0.025345,0.004661,0.051505,0.035828,0.006414,0.076238,0.707407614156526,0.726691612098534,0.675581730895354
2020-01-15,2020,1,0.025419,0.00489,0.050929,0.034961,0.006533,0.075301,0.727067303566832,0.74850757691719,0.67633895964197
2020-01-16,2020,1,0.026045,0.004776,0.051952,0.034205,0.006413,0.072538,0.761438386200848,0.744737252455949,0.716203920703631
2020-01-17,2020,1,0.025933,0.004725,0.050204,0.034809,0.006502,0.074864,0.745008474819731,0.726699477083974,0.670602692883095
2020-01-20,2020,1,0.026775,0.004747,0.052948,0.034748,0.00638,0.071255,0.770547945205479,0.744043887147335,0.743077678759385
2020-01-21,2020,1,0.027622,0.00507,0.052052,0.03557,0.006505,0.072804,0.776553275231937,0.779400461183705,0.714960716444151
2020-01-22,2020,1,0.026216,0.004864,0.053248,0.03503,0.006307,0.072798,0.748387096774194,0.771206595845886,0.731448666172148
2020-01-23,2020,1,0.028315,0.004962,0.05995,0.039285,0.007213,0.079543,0.720758559246532,0.687924580618328,0.753680399280892
2020-02-03,2020,2,0.066885,0.017913,0.110812,0.059856,0.016046,0.110956,1.11743183640738,1.11635298516764,0.998702188254804
2020-02-04,2020,2,0.064448,0.015943,0.108,0.059694,0.015834,0.11452,1.07963949475659,1.00688392067702,0.943066713237862
2020-02-05,2020,2,0.062107,0.014809,0.105444,0.05686,0.014993,0.119077,1.09227928244812,0.987727606216234,0.885511055871411
2020-02-06,2020,2,0.067965,0.01724,0.108576,0.059398,0.015522,0.117857,1.14423044546954,1.11068161319418,0.921252025760031
2020-02-07,2020,2,0.063168,0.016488,0.108635,0.060405,0.015465,0.118619,1.04574124658555,1.06614936954413,0.915831359225756
2020-02-10,2020,2,0.062302,0.016977,0.109636,0.05922,0.013968,0.114672,1.05204322863897,1.21542096219931,0.956083437979629
2020-02-11,2020,2,0.062969,0.016174,0.104967,0.055539,0.015456,0.119293,1.13377986640019,1.04645445134576,0.879909131298568
2020-02-12,2020,2,0.063557,0.016904,0.108597,0.057642,0.014597,0.116436,1.10261614794768,1.15804617387134,0.932675461197568
2020-02-13,2020,2,0.065639,0.016405,0.109478,0.057207,0.014781,0.111419,1.14739454961805,1.10987078005548,0.982579272834974
2020-02-14,2020,2,0.065854,0.01637,0.113368,0.06207,0.016285,0.120464,1.0609634283873,1.00521952717224,0.941094434851906
2020-02-17,2020,2,0.06872,0.01651,0.111035,0.064501,0.017761,0.119825,1.06540983860715,0.929564776758065,0.926643021072397
2020-02-18,2020,2,0.070684,0.017061,0.112471,0.063675,0.018254,0.124882,1.11007459756576,0.934644461487893,0.900618183565286
2020-02-19,2020,2,0.0712,0.016782,0.113519,0.065775,0.018954,0.122831,1.08247814519194,0.885406774295663,0.924188519184896
2020-02-20,2020,2,0.067871,0.0196,0.113112,0.060477,0.015578,0.127364,1.12226135555666,1.25818461933496,0.888100248107786
2020-02-21,2020,2,0.06685,0.018307,0.11587,0.0626,0.015932,0.125635,1.06789137380192,1.14907105197088,0.922274843793529
2020-02-24,2020,2,0.070235,0.016316,0.117604,0.064803,0.015129,0.123957,1.08382327978643,1.07845858946394,0.948748356284841
2020-02-25,2020,2,0.075542,0.0163,0.110951,0.066733,0.01578,0.126871,1.13200365636192,1.03295310519645,0.874518211411591
2020-02-26,2020,2,0.073165,0.014716,0.110782,0.063952,0.015968,0.121721,1.14406117087816,0.921593186372746,0.910130544441797
2020-02-27,2020,2,0.06945,0.017798,0.112372,0.063214,0.015338,0.126788,1.09864903344196,1.16038596948755,0.88629838786005
2020-02-28,2020,2,0.072093,0.015007,0.11648,0.076634,0.015781,0.134007,0.940744317143827,0.950953678474114,0.86920832493825
2020-03-02,2020,3,0.074191,0.016736,0.119808,0.074542,0.015845,0.128354,0.995291245204046,1.05623224992111,0.933418514421054
2020-03-03,2020,3,0.074892,0.016765,0.118125,0.073971,0.016556,0.135388,1.01245082532344,1.01262382217927,0.872492392235649
2020-03-04,2020,3,0.073468,0.017348,0.11765,0.076452,0.016486,0.14093,0.960968973996756,1.05228678879049,0.834811608600014
2020-03-05,2020,3,0.076473,0.017682,0.122031,0.07233,0.015861,0.146205,1.05727913728743,1.1148099111027,0.834656817482302
2020-03-06,2020,3,0.071961,0.017726,0.124216,0.073615,0.017047,0.146646,0.977531753039462,1.03983105531765,0.847046629297765
2020-03-09,2020,3,0.075944,0.017155,0.127031,0.077191,0.017411,0.15444,0.983845266935265,0.985296651542129,0.822526547526548
2020-03-10,2020,3,0.074798,0.015995,0.128561,0.073307,0.016012,0.160694,1.02033912177555,0.998938296277792,0.800036093444684
2020-03-11,2020,3,0.078584,0.016042,0.128728,0.073825,0.016435,0.156706,1.06446325770403,0.976087617888652,0.821461845749365
2020-03-12,2020,3,0.079831,0.016692,0.130531,0.079217,0.01544,0.151708,1.00775086155749,1.08108808290155,0.860409470825533
2020-03-13,2020,3,0.07806,0.017464,0.132382,0.078602,0.017114,0.155895,0.993104501157731,1.02045109267267,0.849174123608839
2020-03-16,2020,3,0.077332,0.017525,0.137117,0.085682,0.019326,0.164309,0.902546625895754,0.906809479457725,0.834506935103981
2020-03-17,2020,3,0.077574,0.0185,0.138329,0.086036,0.020515,0.166843,0.901645822678879,0.901779185961492,0.829096815569128
2020-03-18,2020,3,0.077587,0.017837,0.139056,0.084639,0.018295,0.164374,0.916681435272156,0.974965837660563,0.845973207441566
2020-03-19,2020,3,0.075286,0.017676,0.137167,0.08259,0.017885,0.169392,0.91156314323768,0.98831422980151,0.80976079153679
2020-03-20,2020,3,0.074559,0.017498,0.133154,0.082715,0.018048,0.162742,0.90139636099861,0.969525709219858,0.818190755920414
2020-03-23,2020,3,0.075675,0.018361,0.138339,0.081442,0.01655,0.167094,0.929188870607303,1.10942598187311,0.827911235591942
2020-03-24,2020,3,0.075273,0.01771,0.137699,0.077879,0.017589,0.169903,0.966537834332747,1.00687929956223,0.810456554622343
2020-03-25,2020,3,0.077255,0.017621,0.137735,0.080665,0.016504,0.166237,0.957726399305771,1.06768056228793,0.828545991566258
2020-03-26,2020,3,0.074447,0.017828,0.14145,0.079756,0.016515,0.1614,0.933434475149205,1.07950348168332,0.87639405204461
2020-03-27,2020,3,0.07357,0.018285,0.138351,0.080002,0.014639,0.165048,0.919602009949751,1.24906072819182,0.838247055402065
2020-03-30,2020,3,0.071671,0.019095,0.143324,0.081973,0.015957,0.168305,0.874324472692228,1.19665350629818,0.851573037045839
2020-03-31,2020,3,0.074169,0.020941,0.143215,0.080988,0.015102,0.163684,0.915802341087568,1.38663753145279,0.87494807067276
2020-04-01,2020,4,0.075299,0.024356,0.138159,0.079806,0.015541,0.16956,0.943525549457434,1.56720931728975,0.814808917197452
2020-04-02,2020,4,0.069142,0.020625,0.139127,0.081137,0.017244,0.167383,0.852163624486979,1.19606819763396,0.831189547325595
2020-04-03,2020,4,0.071174,0.019852,0.132384,0.080441,0.015514,0.170559,0.884797553486406,1.27961840917881,0.776177158637187
2020-04-07,2020,4,0.07445,0.019538,0.137181,0.083504,0.014104,0.170397,0.891574056332631,1.38528077141237,0.805066990616032
2020-04-08,2020,4,0.071911,0.019718,0.132964,0.080607,0.01513,0.174766,0.892118550498096,1.30323859881031,0.760811599510202
2020-04-09,2020,4,0.07225,0.018856,0.135957,0.075535,0.015391,0.173685,0.956510227047064,1.22513157039828,0.782779169185595
2020-04-10,2020,4,0.073765,0.020726,0.138926,0.076911,0.015971,0.16235,0.959095578005747,1.29772713042389,0.855719125346474
2020-04-13,2020,4,0.078469,0.020765,0.138022,0.077813,0.016667,0.168553,1.00843046791667,1.24587508249835,0.818864096159665
2020-04-14,2020,4,0.078029,0.020867,0.133816,0.078852,0.016567,0.169407,0.98956272510526,1.25955212168769,0.789908327282816
2020-04-15,2020,4,0.079475,0.020533,0.14029,0.07729,0.017161,0.172299,1.02827015137793,1.19649204591807,0.814224110412713
2020-04-16,2020,4,0.078739,0.020314,0.139132,0.075032,0.016211,0.171884,1.04940558694957,1.25309974708531,0.809452886830653
2020-04-17,2020,4,0.076148,0.020728,0.141786,0.077433,0.016053,0.174621,0.983405008200638,1.29122282439419,0.811964196746096
2020-04-20,2020,4,0.079361,0.021352,0.148436,0.075086,0.017205,0.18108,1.05693471486029,1.24103458297007,0.819726087916943
2020-04-21,2020,4,0.076567,0.021435,0.144033,0.080566,0.017936,0.166951,0.950363676985329,1.19508251561106,0.862726189121359
2020-04-22,2020,4,0.070153,0.019386,0.136791,0.076759,0.018008,0.162916,0.913938430672625,1.07652154597956,0.83964128753468
2020-04-23,2020,4,0.072585,0.020595,0.144117,0.078214,0.017622,0.180278,0.928030787327077,1.16870956758597,0.799415347407892
2020-04-24,2020,4,0.074218,0.020718,0.143162,0.077406,0.01781,0.173736,0.958814562178643,1.16327905670971,0.824020352719068
2020-04-27,2020,4,0.073271,0.020189,0.148717,0.078083,0.016868,0.172161,0.938373269469667,1.19688166943325,0.863825140420885
2020-04-28,2020,4,0.077612,0.021079,0.144307,0.076562,0.016648,0.173888,1.01371437527755,1.26615809706872,0.82988475340449
2020-04-29,2020,4,0.075639,0.020839,0.145683,0.079283,0.016973,0.17509,0.954038066168031,1.22777352265363,0.832046376149409
2020-04-30,2020,4,0.076052,0.020054,0.138037,0.077533,0.015718,0.170862,0.980898456141256,1.27586206896552,0.807885896220341
2020-05-06,2020,5,0.042552,0.007501,0.099696,0.062493,0.010295,0.13847,0.680908261725313,0.728606119475473,0.719982667725861
2020-05-07,2020,5,0.04656,0.007913,0.095277,0.063628,0.010781,0.135872,0.731753316150123,0.733976440033392,0.70122615402732
2020-05-08,2020,5,0.047055,0.007571,0.097215,0.063603,0.01011,0.140941,0.739823593226735,0.748862512363996,0.689756706707062
2020-05-11,2020,5,0.04519,0.007632,0.095997,0.062885,0.010137,0.138722,0.718613341814423,0.75288546907369,0.692009919118813
2020-05-12,2020,5,0.0433,0.007579,0.103514,0.060827,0.010402,0.143494,0.711854932842323,0.728609882714862,0.721382078693186
2020-05-13,2020,5,0.042608,0.007212,0.100177,0.063625,0.010969,0.140367,0.669673870333988,0.657489287993436,0.713679141108665
2020-05-14,2020,5,0.043939,0.007843,0.096756,0.061545,0.010334,0.149093,0.713932894629945,0.75895103541707,0.648964069406344
2020-05-15,2020,5,0.043391,0.00784,0.096141,0.059708,0.010151,0.140832,0.726720037515911,0.772337700719141,0.682664451261077
2020-05-18,2020,5,0.0438,0.00782,0.094988,0.057611,0.009871,0.137262,0.760271475933415,0.792219633269172,0.69201964126998
2020-05-19,2020,5,0.043247,0.007777,0.096869,0.059891,0.010406,0.152412,0.722095139503431,0.747357293868922,0.635573314437183
2020-05-20,2020,5,0.044868,0.007747,0.092548,0.061845,0.010525,0.145298,0.725491147222896,0.736057007125891,0.636953020688516
2020-05-21,2020,5,0.044164,0.007725,0.092371,0.059097,0.010445,0.142462,0.747313738430039,0.739588319770225,0.64839044797911
2020-05-22,2020,5,0.042928,0.007332,0.096385,0.063332,0.011124,0.151318,0.677824796311501,0.659115426105717,0.636969825136467
2020-05-25,2020,5,0.043592,0.007298,0.098205,0.062681,0.010094,0.150034,0.695457953765894,0.723003764612641,0.654551634962742
2020-05-26,2020,5,0.043525,0.007215,0.096898,0.060197,0.009896,0.145071,0.723042676545343,0.72908245755861,0.66793501113248
2020-05-27,2020,5,0.042696,0.006988,0.100182,0.060101,0.009958,0.145643,0.710404153009101,0.701747338823057,0.687860041333947
2020-05-28,2020,5,0.040847,0.00685,0.097563,0.059166,0.009912,0.1487,0.690379609911098,0.691081517352704,0.656106254203093
2020-05-29,2020,5,0.043454,0.0072,0.101054,0.060873,0.010033,0.138183,0.71384686149853,0.717631815010465,0.731305587518002
2020-06-01,2020,6,0.041396,0.0069,0.103552,0.059331,0.010264,0.141893,0.697712831403482,0.672252533125487,0.729789348311756
2020-06-02,2020,6,0.039559,0.006582,0.091035,0.058007,0.010093,0.135443,0.681969417484097,0.652135143168533,0.672127758540493
2020-06-03,2020,6,0.039587,0.006812,0.088546,0.054485,0.009604,0.126524,0.726566945030742,0.709287796751354,0.699835604312225
2020-06-04,2020,6,0.038576,0.006715,0.090812,0.058146,0.009558,0.132486,0.663433426203006,0.702552835321197,0.685446009389671
2020-06-05,2020,6,0.038768,0.006447,0.091299,0.058352,0.00963,0.133727,0.664381683575542,0.669470404984424,0.682726749272772
2020-06-08,2020,6,0.038372,0.006524,0.089823,0.054773,0.008886,0.139932,0.700564146568565,0.734188611298672,0.641904639396278
2020-06-09,2020,6,0.040817,0.00647,0.087683,0.053784,0.009257,0.138028,0.758905994347761,0.698930539051529,0.63525516561857
2020-06-10,2020,6,0.037306,0.006284,0.078644,0.054914,0.009032,0.130786,0.679353170411917,0.695748449955713,0.601318183903476
2020-06-11,2020,6,0.037541,0.006617,0.083741,0.054511,0.009309,0.12537,0.688686687090679,0.710817488452036,0.667950865438303
2020-06-12,2020,6,0.038817,0.006452,0.081119,0.05752,0.00925,0.121455,0.674843532684284,0.697513513513514,0.667893458482566
2020-06-15,2020,6,0.039978,0.006479,0.080294,0.054593,0.008845,0.123951,0.732291685747257,0.732504239683437,0.647788238900856
2020-06-16,2020,6,0.038007,0.006368,0.083577,0.057503,0.008813,0.119796,0.660956819644193,0.722568932259163,0.697661023740359
2020-06-17,2020,6,0.036759,0.006125,0.076404,0.048019,0.008328,0.105149,0.765509485828526,0.735470701248799,0.726626025925116
2020-06-18,2020,6,0.037242,0.006199,0.074958,0.050229,0.00825,0.106877,0.741444185629815,0.751393939393939,0.701348278862618
2020-06-19,2020,6,0.037006,0.006406,0.078921,0.049831,0.008112,0.10928,0.742630089703197,0.789694280078896,0.722190702781845
2020-06-22,2020,6,0.034103,0.006082,0.077558,0.048033,0.008098,0.110788,0.70999104782129,0.751049641886886,0.700057767989313
2020-06-23,2020,6,0.033768,0.005876,0.075293,0.045773,0.007741,0.104754,0.737727481266249,0.759075054902467,0.718760142810776
2020-06-24,2020,6,0.033423,0.006055,0.06817,0.042775,0.007524,0.094013,0.781367621274109,0.804758107389686,0.725112484443641
2020-06-29,2020,6,0.033261,0.005966,0.07291,0.044865,0.007588,0.092237,0.741357405549983,0.78624143384291,0.790463696781118
2020-06-30,2020,6,0.033295,0.006248,0.070106,0.042542,0.007269,0.08679,0.782638333881811,0.859540514513688,0.807765871644199
2020-07-01,2020,7,0.033111,0.006068,0.065897,0.042854,0.00728,0.089957,0.772646660755122,0.833516483516483,0.732538879686962
2020-07-02,2020,7,0.034239,0.005986,0.070173,0.043557,0.007546,0.094592,0.786073421034507,0.793267956533263,0.741849205006766
2020-07-03,2020,7,0.031528,0.005944,0.071388,0.043067,0.007495,0.089674,0.73206863723965,0.793062041360907,0.796083591676517
2020-07-06,2020,7,0.033755,0.00601,0.071297,0.041382,0.007481,0.094414,0.815692813300469,0.8033685336185,0.755152837502913
2020-07-07,2020,7,0.034696,0.006218,0.072482,0.044485,0.008099,0.096849,0.779948297178824,0.767749104827756,0.748402151803323
2020-07-08,2020,7,0.03387,0.006145,0.070865,0.04263,0.007393,0.092334,0.7945109078114,0.831191667793859,0.767485433318171
2020-07-09,2020,7,0.034765,0.006557,0.0718,0.043798,0.007845,0.091231,0.793757705831317,0.835818992989165,0.787013186307286
2020-07-10,2020,7,0.037464,0.007016,0.076897,0.043459,0.007946,0.090101,0.862053889873214,0.882959979864082,0.853453346799703
2020-07-13,2020,7,0.037955,0.006926,0.080328,0.041681,0.007934,0.093687,0.910606751277561,0.87295185278548,0.857408178295815
2020-07-14,2020,7,0.037218,0.007161,0.078402,0.042399,0.007239,0.093596,0.877803721785891,0.989225031081641,0.83766400273516
2020-07-15,2020,7,0.039377,0.007578,0.081609,0.044871,0.008457,0.094685,0.877560116779212,0.896062433487052,0.861899984157998
2020-07-16,2020,7,0.043935,0.007878,0.08755,0.048784,0.009534,0.110761,0.900602656608724,0.826305852737571,0.7904406785782
2020-07-17,2020,7,0.040535,0.007619,0.087724,0.050834,0.009778,0.107199,0.797399378368808,0.779198200040908,0.818328529184041
2020-07-20,2020,7,0.042243,0.007593,0.090907,0.053751,0.009442,0.107852,0.785901657643579,0.804172844736285,0.842886548232763
2020-07-21,2020,7,0.044446,0.007896,0.086811,0.050596,0.009708,0.104829,0.878448889240256,0.813349814585909,0.82812008127522
2020-07-22,2020,7,0.043094,0.008075,0.086965,0.053549,0.009485,0.106157,0.804758258791014,0.851344227727992,0.819211168363838
2020-07-23,2020,7,0.04266,0.008049,0.088097,0.049331,0.009585,0.106831,0.86477063104336,0.839749608763693,0.824638915670545
2020-07-24,2020,7,0.04584,0.008437,0.094816,0.056642,0.009888,0.123616,0.809293457151937,0.85325647249191,0.767020450427129
2020-07-27,2020,7,0.043942,0.00856,0.095688,0.056682,0.009716,0.126854,0.775237288733637,0.881020996294771,0.754315985305942
2020-07-28,2020,7,0.04535,0.008526,0.097672,0.054653,0.009714,0.12244,0.829780615885679,0.877702285361334,0.797713165632146
2020-07-29,2020,7,0.043444,0.008356,0.097196,0.060292,0.010037,0.1283,0.720559941617462,0.832519677194381,0.757568199532346
2020-07-30,2020,7,0.043715,0.00836,0.09529,0.058561,0.009691,0.125273,0.746486569559946,0.862656072644722,0.760658721352566
2020-07-31,2020,7,0.044118,0.007798,0.098386,0.057115,0.009695,0.123603,0.772441565263066,0.804332129963899,0.795983916247987
2020-08-03,2020,8,0.04548,0.008458,0.099395,0.059291,0.010431,0.126342,0.767064141269333,0.810852267280223,0.786713840211489
2020-08-04,2020,8,0.04332,0.008378,0.098038,0.059354,0.010909,0.119011,0.729858139299794,0.767989733247777,0.823772592449437
2020-08-05,2020,8,0.045601,0.008573,0.099019,0.057732,0.01028,0.120164,0.789873900090071,0.833949416342413,0.824032156053394
2020-08-06,2020,8,0.043845,0.008543,0.099665,0.060121,0.010325,0.124035,0.729279286771677,0.827409200968523,0.803523199097029
2020-08-07,2020,8,0.045782,0.008667,0.10043,0.061067,0.010911,0.129752,0.749701147919498,0.79433599120154,0.774015044084099
2020-08-10,2020,8,0.043966,0.008067,0.097383,0.058947,0.010266,0.127257,0.745856447317081,0.785797779076563,0.765246705485749
2020-08-11,2020,8,0.044187,0.008259,0.099697,0.056529,0.010841,0.121822,0.781669585522475,0.761830089475141,0.818382558158625
2020-08-12,2020,8,0.045888,0.008036,0.100342,0.061068,0.011204,0.130859,0.751424641383376,0.717243841485184,0.766794794397023
2020-08-13,2020,8,0.047341,0.008436,0.100927,0.06202,0.011118,0.124003,0.763318284424379,0.75876956287102,0.813907728038838
2020-08-14,2020,8,0.048508,0.008455,0.100971,0.063327,0.011122,0.128164,0.765992388712556,0.760204999100881,0.787826534752349
2020-08-17,2020,8,0.047238,0.008496,0.095035,0.060294,0.011283,0.127624,0.783461040899592,0.752991225737836,0.744648342004639
2020-08-18,2020,8,0.048108,0.008595,0.096695,0.057872,0.011144,0.124938,0.831282831075477,0.771267049533381,0.773943876162577
2020-08-19,2020,8,0.048246,0.008977,0.10307,0.062741,0.011628,0.127053,0.768970848408537,0.772015823873409,0.811236255735795
2020-08-20,2020,8,0.047598,0.008932,0.106794,0.061014,0.011402,0.128416,0.780116038941882,0.783371338361691,0.831625342636432
2020-08-21,2020,8,0.045303,0.008177,0.095809,0.059378,0.010523,0.133743,0.762959345212031,0.777059773828756,0.716366464039239
2020-08-24,2020,8,0.04778,0.008574,0.097085,0.059387,0.010603,0.133616,0.804553185040497,0.808639064415731,0.72659711411807
2020-08-25,2020,8,0.046562,0.008566,0.094088,0.061256,0.01079,0.129777,0.760121457489879,0.793883225208526,0.724997495704169
2020-08-26,2020,8,0.044962,0.008509,0.097909,0.062683,0.010604,0.125254,0.717291769698323,0.802433044134289,0.781683618886423
2020-08-27,2020,8,0.047342,0.008298,0.099405,0.059683,0.009987,0.12721,0.793224201196321,0.830880144187444,0.781424416319472
2020-08-28,2020,8,0.044698,0.008211,0.095923,0.059434,0.009897,0.128123,0.75206110980247,0.829645347074871,0.748679003769815
2020-08-31,2020,8,0.043512,0.008159,0.095861,0.055764,0.009821,0.119157,0.780288358080482,0.830770797271154,0.804493231618789
2020-09-01,2020,9,0.044167,0.008498,0.09451,0.056288,0.010068,0.124998,0.784661028993746,0.844060389352404,0.75609209747356
2020-09-02,2020,9,0.043425,0.00807,0.093808,0.05644,0.010386,0.121817,0.769401133947555,0.777007510109763,0.770073142500636
2020-09-03,2020,9,0.046389,0.008119,0.094832,0.055556,0.01082,0.118996,0.83499532003744,0.750369685767098,0.796934350734478
2020-09-04,2020,9,0.046356,0.008637,0.091486,0.05638,0.010207,0.11807,0.822206456190138,0.846183991378466,0.774845430676717
2020-09-07,2020,9,0.045179,0.008559,0.094755,0.053637,0.009953,0.121186,0.842310345470477,0.85994172611273,0.781897248857129
2020-09-08,2020,9,0.04487,0.008374,0.090503,0.055369,0.010209,0.120787,0.810381260271993,0.820256636301303,0.749277654052175
2020-09-09,2020,9,0.04824,0.008803,0.094432,0.05619,0.010232,0.123028,0.858515750133476,0.860340109460516,0.767565107130084
2020-09-10,2020,9,0.045203,0.008634,0.098428,0.055627,0.009936,0.121172,0.812608984845489,0.868961352657005,0.812299871257386
2020-09-11,2020,9,0.047892,0.008662,0.096499,0.055865,0.009822,0.122494,0.857280945135595,0.881897780492771,0.78778552418894
2020-09-14,2020,9,0.046004,0.008355,0.092817,0.05489,0.009587,0.115002,0.838112588813992,0.871492646291854,0.807090311472844
2020-09-15,2020,9,0.044484,0.008415,0.090477,0.054692,0.009381,0.11873,0.813354786806114,0.89702590342181,0.762039922513265
2020-09-16,2020,9,0.044406,0.008235,0.091428,0.054597,0.009138,0.115855,0.813341392384197,0.90118187787262,0.789158862371067
2020-09-17,2020,9,0.043422,0.007925,0.090248,0.053803,0.009164,0.116662,0.80705536865974,0.864797031863815,0.773585229123451
2020-09-18,2020,9,0.04279,0.00782,0.091776,0.053082,0.009175,0.116097,0.806111299498889,0.852316076294278,0.790511382723068
2020-09-21,2020,9,0.042849,0.008079,0.09088,0.050671,0.009117,0.118768,0.845631623611139,0.886146758802237,0.765189276572814
2020-09-22,2020,9,0.043684,0.008167,0.090626,0.050447,0.009231,0.12136,0.865938509723076,0.88473621492796,0.746753460777851
2020-09-23,2020,9,0.044171,0.008024,0.091682,0.051525,0.009329,0.122314,0.857273168364871,0.860113624182656,0.749562601174028
2020-09-24,2020,9,0.042114,0.0077,0.092362,0.054237,0.009916,0.121645,0.776481000055313,0.776522791448165,0.759274939372765
2020-09-25,2020,9,0.041639,0.00761,0.089454,0.051346,0.00953,0.123298,0.810949246289877,0.798530954879328,0.72551055167156
2020-09-28,2020,9,0.042896,0.00749,0.085122,0.051273,0.009573,0.119134,0.836619663370585,0.782408858247153,0.7145063541894
2020-09-29,2020,9,0.039644,0.007329,0.090088,0.053248,0.009314,0.122066,0.744516225961538,0.786879965643118,0.738026969016761
2020-09-30,2020,9,0.03873,0.00736,0.088167,0.050288,0.008965,0.117333,0.770163856188355,0.820970440602342,0.751425430185881
2020-10-09,2020,10,0.040086,0.007017,0.086517,0.048609,0.00884,0.114905,0.824662099611183,0.793778280542986,0.752943736129846
2020-10-12,2020,10,0.040114,0.007435,0.087496,0.050722,0.009191,0.119674,0.790859981861914,0.808943531715809,0.73111954142086
2020-10-13,2020,10,0.038839,0.007119,0.085857,0.04779,0.009154,0.122612,0.812701401966939,0.777692811885515,0.700233256125012
2020-10-14,2020,10,0.036619,0.006698,0.082251,0.044851,0.008693,0.116194,0.816458941829614,0.770505004026228,0.707876482434549
2020-10-15,2020,10,0.037803,0.007173,0.075671,0.050446,0.009369,0.118994,0.749375569916346,0.765609990393852,0.635922819637965
2020-10-16,2020,10,0.036829,0.006833,0.077016,0.046337,0.009105,0.110555,0.794807605153549,0.75046677649643,0.696630636334856
2020-10-19,2020,10,0.035558,0.006705,0.072657,0.046463,0.008942,0.118035,0.765297118137012,0.749832252292552,0.615554708349218
2020-10-20,2020,10,0.034438,0.006484,0.074593,0.046087,0.008664,0.110299,0.747238917699134,0.748384118190212,0.676279930008432
2020-10-21,2020,10,0.03375,0.005959,0.071712,0.043966,0.007748,0.10144,0.767638629850339,0.769101703665462,0.706940063091483
2020-10-22,2020,10,0.034307,0.006268,0.074086,0.042729,0.007564,0.094397,0.802897329682417,0.828662083553675,0.784834263800756
2020-10-23,2020,10,0.032341,0.005895,0.068739,0.043051,0.007229,0.096312,0.751225290934009,0.815465486235994,0.713711687017194
2020-10-26,2020,10,0.0327,0.005865,0.069,0.042658,0.007499,0.097718,0.766561957897698,0.782104280570743,0.706113510305164
2020-10-27,2020,10,0.032536,0.005791,0.071394,0.042655,0.007444,0.101811,0.762771070214512,0.777941966684578,0.701240533930518
2020-10-28,2020,10,0.03353,0.006031,0.069376,0.041924,0.00728,0.100443,0.799780555290526,0.828434065934066,0.690700198122318
2020-10-29,2020,10,0.031763,0.006106,0.069879,0.039673,0.006728,0.0812,0.800620069064603,0.907550535077289,0.86057881773399
2020-10-30,2020,10,0.030684,0.005789,0.073625,0.038199,0.006492,0.083589,0.803267101233017,0.891712877387554,0.880797712617689
2020-11-02,2020,11,0.030406,0.005681,0.065665,0.039068,0.007079,0.084724,0.778284017610321,0.80251447944625,0.775046031820972
2020-11-03,2020,11,0.031061,0.006019,0.067001,0.037877,0.006733,0.083691,0.820049106317818,0.893955146294371,0.800575928116524
2020-11-04,2020,11,0.031343,0.005667,0.066281,0.038155,0.006811,0.086691,0.821465076660988,0.832036411686977,0.764566102594272
2020-11-05,2020,11,0.031801,0.005784,0.067605,0.037784,0.007014,0.08173,0.841652551344485,0.824636441402908,0.827174843998532
2020-11-06,2020,11,0.030399,0.005726,0.065824,0.039719,0.007508,0.080802,0.765351594954556,0.762653169952051,0.814633301155912
2020-11-09,2020,11,0.031777,0.005931,0.064378,0.039585,0.006928,0.081482,0.80275356827081,0.856091224018476,0.790088608527037
2020-11-10,2020,11,0.032846,0.006133,0.068369,0.040447,0.007031,0.086585,0.812075061191189,0.87227990328545,0.789617139227349
2020-11-11,2020,11,0.033532,0.006287,0.065735,0.039807,0.007335,0.086425,0.842364408269902,0.857123381049761,0.760601677755279
2020-11-12,2020,11,0.03417,0.006268,0.066519,0.03813,0.007213,0.085584,0.896144767899292,0.868986552058783,0.777236399326977
2020-11-13,2020,11,0.034606,0.006234,0.068511,0.03848,0.007,0.082824,0.899324324324324,0.890571428571429,0.827187771660388
2020-11-16,2020,11,0.033925,0.006224,0.06618,0.038729,0.007267,0.080399,0.875958584006816,0.856474473647998,0.823144566474707
2020-11-17,2020,11,0.034016,0.006334,0.063128,0.038741,0.00737,0.079158,0.87803618905036,0.859430122116689,0.797493620354228
2020-11-18,2020,11,0.03388,0.006267,0.066021,0.038468,0.006902,0.08208,0.880732037017781,0.907997681831353,0.804349415204678
2020-11-19,2020,11,0.033616,0.00623,0.065272,0.038639,0.006969,0.084388,0.870001811641088,0.893958961113503,0.773474901644783
2020-11-20,2020,11,0.033697,0.006195,0.065349,0.038136,0.006815,0.082187,0.883600797147053,0.909024211298606,0.795125749814448
2020-11-23,2020,11,0.033284,0.006171,0.064559,0.039261,0.007295,0.082547,0.847762410534627,0.84592186429061,0.782087780294862
2020-11-24,2020,11,0.032117,0.006007,0.065434,0.038138,0.006884,0.081043,0.842125963605852,0.872603137710633,0.807398541514998
2020-11-25,2020,11,0.031525,0.005766,0.068888,0.038859,0.00702,0.08284,0.811266373298335,0.821367521367521,0.831578947368421
2020-11-26,2020,11,0.032185,0.005897,0.06488,0.038114,0.00681,0.082876,0.844440363121163,0.865932452276065,0.78285631545924
2020-11-27,2020,11,0.033489,0.006251,0.067638,0.039089,0.007358,0.079734,0.856737189490649,0.849551508562109,0.848295582812853
2020-11-30,2020,11,0.033362,0.005958,0.065568,0.038838,0.007511,0.080402,0.859004068180648,0.793236586340035,0.815502101937763
2020-12-01,2020,12,0.033735,0.006388,0.067926,0.042338,0.007542,0.089262,0.796801927346592,0.846990188278971,0.760973314512335
2020-12-02,2020,12,0.031746,0.00609,0.069347,0.041657,0.007722,0.086385,0.762080802746237,0.788655788655789,0.802766684030792
2020-12-03,2020,12,0.032067,0.006117,0.066378,0.041613,0.007362,0.08525,0.770600533487131,0.830888345558272,0.778627565982405
2020-12-04,2020,12,0.032881,0.006042,0.067628,0.041373,0.007201,0.085478,0.79474536533488,0.839050131926121,0.79117433725637
2020-12-07,2020,12,0.033612,0.006143,0.069878,0.038841,0.007312,0.086701,0.865374217965552,0.840125820568928,0.805965329119618
2020-12-08,2020,12,0.032597,0.005936,0.071562,0.038745,0.007319,0.08445,0.841321460833656,0.811039759529991,0.847388987566608
2020-12-09,2020,12,0.032559,0.00589,0.069431,0.040612,0.007295,0.087642,0.801708854525756,0.807402330363262,0.792211496770955
2020-12-10,2020,12,0.034368,0.00617,0.072269,0.041323,0.007445,0.090432,0.831691793916221,0.828744123572868,0.799152954706299
2020-12-11,2020,12,0.0341,0.006216,0.072735,0.039681,0.007487,0.086591,0.859353342909705,0.830239081073861,0.839983370096199
2020-12-14,2020,12,0.032539,0.00609,0.068796,0.038747,0.007335,0.08546,0.839781144346659,0.830265848670757,0.805008190966534
2020-12-15,2020,12,0.033214,0.005927,0.070681,0.037013,0.00689,0.08362,0.897360386891092,0.860232220609579,0.845264290839512
2020-12-16,2020,12,0.031393,0.005963,0.068066,0.037842,0.007112,0.082975,0.829580888959357,0.838442069741282,0.820319373305213
2020-12-17,2020,12,0.033471,0.00611,0.068422,0.037742,0.006969,0.085218,0.886836945577871,0.876739847897833,0.802905489450585
2020-12-18,2020,12,0.032426,0.005827,0.069181,0.039421,0.007117,0.085621,0.822556505415895,0.818743852746944,0.807991030237909
2020-12-21,2020,12,0.034736,0.006289,0.071475,0.039644,0.007279,0.086232,0.876198163656543,0.863992306635527,0.828868633453938
2020-12-22,2020,12,0.036462,0.006393,0.079423,0.039535,0.007234,0.086865,0.922271405084103,0.883743433784905,0.914326828987509
2020-12-23,2020,12,0.038948,0.006571,0.07461,0.041858,0.007319,0.086072,0.930479239332983,0.897800245935237,0.86683241936983
2020-12-24,2020,12,0.036822,0.006368,0.070615,0.040393,0.007289,0.081551,0.911593592949273,0.873645218822884,0.865899866341308
2020-12-25,2020,12,0.037137,0.006524,0.075632,0.039603,0.006898,0.083916,0.937731990000758,0.945781385908959,0.901282234615568
2020-12-28,2020,12,0.037428,0.006555,0.072187,0.042993,0.007533,0.084053,0.870560323773638,0.870171246515333,0.85882716857221
2020-12-29,2020,12,0.036799,0.006459,0.076909,0.042441,0.007615,0.08391,0.867062510308428,0.848194353250164,0.916565367655822
2020-12-30,2020,12,0.036785,0.006384,0.07463,0.042634,0.007235,0.083513,0.862809025660271,0.882377332411887,0.893633326547963
2020-12-31,2020,12,0.036196,0.006317,0.076677,0.043171,0.007667,0.083141,0.838433207477242,0.823920699100039,0.922252558905955
2021-01-04,2021,1,0.036611,0.006541,0.073581,0.045042,0.008208,0.083241,0.812819146574308,0.796905458089669,0.883951418171334
2021-01-05,2021,1,0.035798,0.006396,0.074752,0.043362,0.008434,0.083729,0.825561551588949,0.758359023002134,0.892785056551494
2021-01-06,2021,1,0.037795,0.006738,0.075081,0.045142,0.008098,0.086888,0.837246909751451,0.832057298098296,0.864112420587423
2021-01-07,2021,1,0.037419,0.006715,0.077888,0.0442,0.008015,0.086426,0.84658371040724,0.8378041172801,0.901210283942332
2021-01-08,2021,1,0.037501,0.00684,0.078508,0.043733,0.007956,0.088778,0.857498913863673,0.85972850678733,0.884318186938205
2021-01-11,2021,1,0.039873,0.006852,0.083303,0.043947,0.007677,0.091429,0.907297426445491,0.892536146932395,0.911122291614258
2021-01-12,2021,1,0.038746,0.007192,0.08382,0.043401,0.007989,0.08936,0.892744406810903,0.900237827012142,0.938003581020591
2021-01-13,2021,1,0.039285,0.006773,0.086302,0.042614,0.008107,0.088346,0.921880133289529,0.83545084494881,0.976863695017318
2021-01-14,2021,1,0.040156,0.007194,0.084464,0.046366,0.008086,0.097299,0.866065651555019,0.889685876824141,0.868087030699185
2021-01-15,2021,1,0.03976,0.006981,0.083895,0.046347,0.008327,0.095392,0.857876453707899,0.838357151435091,0.879476266353573
2021-01-18,2021,1,0.041009,0.007327,0.082374,0.046193,0.008381,0.09695,0.887775204035243,0.874239350912779,0.849654461062403
2021-01-19,2021,1,0.04109,0.007266,0.082636,0.047391,0.00821,0.097342,0.867042265409044,0.885018270401949,0.848924410840131
2021-01-20,2021,1,0.042091,0.007273,0.084419,0.045265,0.008042,0.101464,0.92987959792334,0.904377020641631,0.832009382638177
2021-01-21,2021,1,0.039735,0.006947,0.088959,0.045563,0.008137,0.099756,0.8720891951803,0.85375445495883,0.891765908817515
2021-01-22,2021,1,0.04113,0.007243,0.086153,0.045242,0.008178,0.095906,0.909111003050263,0.885668867693813,0.898306675286218
2021-01-25,2021,1,0.043385,0.00749,0.086829,0.045448,0.008243,0.095204,0.95460746347474,0.908649763435642,0.912031007100542
2021-01-26,2021,1,0.044056,0.00762,0.087568,0.045913,0.008261,0.099091,0.959553938971533,0.922406488318606,0.883712950722063
2021-01-27,2021,1,0.043583,0.007688,0.087337,0.048635,0.008698,0.099226,0.896124190397862,0.883881352034951,0.880182613427932
2021-01-28,2021,1,0.043223,0.007559,0.090186,0.049416,0.008714,0.101758,0.874676218228914,0.867454670644939,0.886279211462489
2021-01-29,2021,1,0.041855,0.007478,0.087872,0.049695,0.00886,0.101271,0.842237649662944,0.844018058690745,0.867691639264943
2021-02-01,2021,2,0.043678,0.007859,0.093342,0.048473,0.008742,0.099647,0.901078951168692,0.898993365362617,0.936726645057051
2021-02-02,2021,2,0.043713,0.007711,0.089777,0.048152,0.008758,0.100762,0.907812759594617,0.880452158026947,0.890980726861317
2021-02-03,2021,2,0.04426,0.007736,0.085372,0.048053,0.008774,0.100426,0.921066322602127,0.881695919762936,0.850098580048991
2021-02-04,2021,2,0.042084,0.007554,0.088649,0.051279,0.008898,0.100052,0.820686830866437,0.848954821308159,0.886029264782313
2021-02-05,2021,2,0.041319,0.007667,0.089362,0.046491,0.008957,0.10176,0.888752661805511,0.855978564251423,0.878164308176101
2021-02-08,2021,2,0.044448,0.008065,0.089101,0.050263,0.009478,0.104955,0.884308537094881,0.850917915171977,0.848944785860607
2021-02-09,2021,2,0.043478,0.007912,0.087683,0.049149,0.009826,0.100597,0.884616167165151,0.805210665581111,0.871626390449019
2021-02-10,2021,2,0.043544,0.007902,0.09098,0.053192,0.009618,0.101678,0.818619341254324,0.82158452900811,0.894785499321387
2021-02-18,2021,2,0.043439,0.008152,0.09265,0.052238,0.00927,0.104075,0.83155940120219,0.879395900755124,0.890223396588998
2021-02-19,2021,2,0.042144,0.007945,0.091244,0.05061,0.009587,0.102637,0.832720806164789,0.828726400333785,0.888997145278993
2021-02-22,2021,2,0.046159,0.008699,0.092436,0.052164,0.009681,0.113315,0.884882294302584,0.898564197913439,0.815743723249349
2021-02-23,2021,2,0.043355,0.008276,0.092587,0.053873,0.01014,0.115639,0.804763053848867,0.816173570019724,0.800655488200348
2021-02-24,2021,2,0.04682,0.008737,0.094148,0.054349,0.010296,0.111281,0.861469392261127,0.848581973581974,0.846038407275276
2021-02-25,2021,2,0.047203,0.00876,0.097922,0.05448,0.009795,0.10924,0.866428046989721,0.894333843797856,0.896393262541194
2021-02-26,2021,2,0.048938,0.008323,0.098692,0.052054,0.009546,0.110769,0.940139086333423,0.871883511418395,0.890971300634654
2021-03-01,2021,3,0.046121,0.008242,0.095892,0.052431,0.009285,0.118965,0.879651351299804,0.887668282175552,0.806052200226958
2021-03-02,2021,3,0.044881,0.008116,0.096261,0.053171,0.009968,0.108549,0.844087942675519,0.814205457463885,0.886797667412873
2021-03-03,2021,3,0.045364,0.008287,0.100775,0.05049,0.009218,0.105894,0.898474945533769,0.899001952701237,0.951659206376188
2021-03-04,2021,3,0.047121,0.00853,0.108997,0.052868,0.009141,0.1125,0.891295301505637,0.933158297779236,0.968862222222222
2021-03-05,2021,3,0.047581,0.008405,0.103313,0.051895,0.009247,0.112051,0.916870604104442,0.908943441116038,0.922017652676014
2021-03-08,2021,3,0.04566,0.008532,0.105835,0.051922,0.009261,0.115239,0.879396017102577,0.921282798833819,0.918395682017373
2021-03-09,2021,3,0.046989,0.008711,0.105248,0.052468,0.009419,0.116527,0.895574445376229,0.924832784796688,0.903206982072824
2021-03-10,2021,3,0.04785,0.008831,0.107852,0.055074,0.009539,0.116312,0.868831027345027,0.925778383478352,0.927264598665658
2021-03-11,2021,3,0.048918,0.009001,0.105714,0.054137,0.009771,0.120281,0.903596431276207,0.921195374066114,0.87889192806844
2021-03-12,2021,3,0.048333,0.009414,0.105155,0.053526,0.009286,0.116839,0.902981728505773,1.01378419125565,0.899999144121398
2021-03-15,2021,3,0.049215,0.009227,0.104788,0.055889,0.009865,0.113704,0.880584730447852,0.935326913329954,0.921585872088933
2021-03-16,2021,3,0.050218,0.00905,0.104781,0.05569,0.010031,0.112927,0.901741784880589,0.902203170172465,0.927864903875955
2021-03-17,2021,3,0.051008,0.009271,0.105136,0.056678,0.010291,0.112361,0.899961184233741,0.900884267806822,0.93569832949155
2021-03-18,2021,3,0.053537,0.009231,0.109591,0.05521,0.010142,0.119634,0.969697518565477,0.910175507789391,0.916052292826454
2021-03-19,2021,3,0.048733,0.009112,0.106454,0.056186,0.010013,0.115416,0.86735129747624,0.910016977928693,0.922350454009843
2021-03-22,2021,3,0.048181,0.008882,0.106045,0.05146,0.009252,0.116199,0.936280606296152,0.960008646779075,0.912615426983021
2021-03-23,2021,3,0.049422,0.009205,0.106896,0.0538,0.009688,0.113974,0.918624535315985,0.95014450867052,0.93789811711443
2021-03-24,2021,3,0.048363,0.008851,0.103337,0.052021,0.009391,0.115432,0.929682243709271,0.942498136513683,0.89521969644466
2021-03-25,2021,3,0.050751,0.009371,0.106093,0.054569,0.016712,0.113704,0.930033535523832,0.560734801340354,0.933063040878069
2021-03-26,2021,3,0.04917,0.008964,0.105573,0.054446,0.016773,0.11594,0.903096646218271,0.534430334466106,0.910583060203554
2021-03-29,2021,3,0.052848,0.009823,0.10625,0.055449,0.01697,0.116518,0.953092030514527,0.578845020624632,0.911876276626787
2021-03-30,2021,3,0.05179,0.009752,0.104947,0.051892,0.016867,0.113719,0.998034379095044,0.578170391889488,0.922862494394077
2021-03-31,2021,3,0.053666,0.010657,0.108632,0.053564,0.016808,0.113666,1.00190426405795,0.634043312708234,0.955712350219063
2021-04-01,2021,4,0.055077,0.010523,0.110623,0.055174,0.017257,0.111913,0.998241925544641,0.609781537926638,0.988473188995023
2021-04-02,2021,4,0.052746,0.009976,0.106412,0.053201,0.01691,0.115015,0.991447529181782,0.589946777054997,0.925201060731209
2021-04-06,2021,4,0.052193,0.009581,0.106654,0.052275,0.016825,0.111538,0.99843137254902,0.569450222882615,0.956212232602342
2021-04-07,2021,4,0.052728,0.009641,0.108485,0.054023,0.010034,0.112777,0.976028728504526,0.960833167231413,0.961942594677993
2021-04-08,2021,4,0.05361,0.010426,0.10953,0.056747,0.010367,0.114041,0.944719544645532,1.00569113533327,0.960444050823827
2021-04-09,2021,4,0.053174,0.009255,0.106191,0.051857,0.010495,0.114132,1.02539676417841,0.881848499285374,0.930422668489118
2021-04-12,2021,4,0.052701,0.009876,0.105398,0.052804,0.008961,0.113008,0.998049390197712,1.10210913960495,0.932659634716126
2021-04-13,2021,4,0.05285,0.009357,0.105302,0.051133,0.009676,0.116615,1.03357909764731,0.967031831335262,0.902988466320799
2021-04-14,2021,4,0.050926,0.009658,0.111369,0.050138,0.009632,0.108054,1.01571662212294,1.00269933554817,1.030679104892
2021-04-15,2021,4,0.050773,0.009694,0.109064,0.051408,0.009665,0.109544,0.987647836912543,1.00300051733057,0.995618199079822
2021-04-16,2021,4,0.050879,0.009489,0.107592,0.055297,0.009949,0.112629,0.9201041647829,0.953764197406775,0.955277947953014
2021-04-19,2021,4,0.052365,0.009543,0.103374,0.055073,0.009804,0.113374,0.95082889982387,0.973378212974296,0.911796355425406
2021-04-20,2021,4,0.053475,0.009362,0.108477,0.05785,0.00996,0.112833,0.924373379429559,0.93995983935743,0.961394272952062
2021-04-21,2021,4,0.053202,0.009412,0.110281,0.062495,0.012132,0.111577,0.851300104008321,0.775799538410814,0.98838470294057
2021-04-22,2021,4,0.051203,0.009141,0.109273,0.057433,0.009881,0.114624,0.891525777862901,0.925108794656411,0.95331693188163
2021-04-23,2021,4,0.052969,0.009263,0.106205,0.062633,0.00968,0.10665,0.845704341162007,0.956921487603306,0.995827473042663
2021-04-26,2021,4,0.053136,0.009593,0.109444,0.057151,0.011766,0.116387,0.929747510979685,0.815315315315315,0.940345571240774
2021-04-27,2021,4,0.053638,0.009423,0.111605,0.053402,0.009341,0.117864,1.0044193101382,1.00877850337223,0.946896422995995
2021-04-28,2021,4,0.053563,0.009228,0.107719,0.057355,0.011472,0.112662,0.933885450265888,0.804393305439331,0.956125401643855
2021-04-29,2021,4,0.053947,0.009327,0.106337,0.05259,0.011003,0.114359,1.02580338467389,0.847677906025629,0.929852482095856
2021-04-30,2021,4,0.05295,0.009111,0.112513,0.055182,0.011115,0.117486,0.959552027835164,0.81970310391363,0.957671552355174
2021-05-06,2021,5,0.051484,0.008811,0.116379,0.059222,0.011346,0.11526,0.869339096957212,0.776573241671073,1.00970848516398
2021-05-07,2021,5,0.053946,0.00928,0.11257,0.053853,0.011278,0.118748,1.00172692329118,0.822840929242774,0.947973860612389
2021-05-10,2021,5,0.05307,0.009024,0.116381,0.051259,0.010721,0.114227,1.03533038100626,0.841712526816528,1.01885718788027
2021-05-11,2021,5,0.05484,0.009277,0.115016,0.050103,0.008331,0.112843,1.09454523681217,1.11355179450246,1.01925684357913
2021-05-12,2021,5,0.053682,0.009363,0.113186,0.051658,0.008842,0.112947,1.03918076580588,1.05892332051572,1.00211603672519
2021-05-13,2021,5,0.052546,0.009503,0.120049,0.05785,0.010982,0.115907,0.908314606741573,0.865325077399381,1.03573554660202
2021-05-14,2021,5,0.053109,0.009316,0.118047,0.057289,0.010833,0.120977,0.927036603885563,0.8599649219976,0.975780520264182
2021-05-17,2021,5,0.053469,0.009425,0.114803,0.057803,0.011278,0.115586,0.925021192671661,0.835697818762192,0.993225823196581
2021-05-18,2021,5,0.055725,0.00982,0.113945,0.054752,0.011023,0.117756,1.01777104032729,0.890864555928513,0.967636468630049
2021-05-19,2021,5,0.051415,0.009447,0.110227,0.053563,0.01145,0.108574,0.959897690569983,0.825065502183406,1.01522463941643
2021-05-20,2021,5,0.053492,0.009707,0.105906,0.051589,0.01082,0.109954,1.03688770862005,0.897134935304991,0.963184604470961
2021-05-21,2021,5,0.053522,0.00977,0.110621,0.051974,0.011196,0.110433,1.02978412283065,0.872633083244016,1.00170238968424
2021-05-24,2021,5,0.05327,0.009392,0.104502,0.049654,0.011149,0.108052,1.0728239416764,0.842407390797381,0.967145448487765
2021-05-25,2021,5,0.049227,0.008971,0.105538,0.051529,0.011085,0.109118,0.955326127035262,0.809291835814163,0.967191480782272
2021-05-26,2021,5,0.046711,0.008326,0.101973,0.049753,0.011424,0.095393,0.938857958314072,0.728816526610644,1.06897780759595
2021-05-27,2021,5,0.047083,0.008021,0.108802,0.049646,0.011674,0.102251,0.948374491399106,0.687082405345212,1.06406783307743
2021-05-28,2021,5,0.047321,0.008227,0.103453,0.048226,0.007641,0.102281,0.981234189026666,1.07669153252192,1.01145862867981
2021-05-31,2021,5,0.044796,0.007857,0.107688,0.045483,0.011223,0.094078,0.984895455444892,0.700080192461909,1.14466719105423
2021-06-01,2021,6,0.04566,0.007871,0.096472,0.046208,0.007876,0.091914,0.988140581717452,0.999365159979685,1.04958983397524
2021-06-02,2021,6,0.046985,0.007926,0.096799,0.049326,0.007898,0.098196,0.952540242468475,1.00354520131679,0.98577335125667
2021-06-03,2021,6,0.044335,0.007676,0.098736,0.045635,0.007872,0.099845,0.971513093020708,0.97510162601626,0.988892783814913
2021-06-04,2021,6,0.044479,0.007674,0.098744,0.043595,0.007687,0.097831,1.02027755476545,0.998308833094835,1.00933242019401
2021-06-07,2021,6,0.043123,0.007402,0.089828,0.042785,0.00776,0.095258,1.00789996494098,0.953865979381443,0.942996913645048
2021-06-08,2021,6,0.042563,0.007237,0.088744,0.045775,0.008067,0.095948,0.929830693610049,0.897111689599603,0.924917663734523
2021-06-09,2021,6,0.043524,0.007638,0.088592,0.043259,0.007991,0.086123,1.00612589287778,0.9558253034664,1.02866829998955
2021-06-10,2021,6,0.04238,0.00769,0.086215,0.041678,0.007631,0.083658,1.01684341859014,1.00773162101953,1.03056491907528
2021-06-11,2021,6,0.043647,0.00785,0.086952,0.041114,0.007357,0.085942,1.06160918421949,1.06701100992252,1.01175211188941
2021-06-15,2021,6,0.040693,0.007494,0.087581,0.041007,0.007456,0.081942,0.992342770746458,1.00509656652361,1.06881696809939
2021-06-16,2021,6,0.040608,0.007782,0.089643,0.040451,0.007092,0.083244,1.00388123902994,1.09729272419628,1.07687040507424
2021-06-17,2021,6,0.042793,0.007867,0.089902,0.039424,0.007254,0.081443,1.08545556006493,1.08450510063413,1.10386405215918
2021-06-18,2021,6,0.03976,0.007406,0.092147,0.040586,0.007508,0.081426,0.979648154536047,0.986414491209377,1.1316655613686
2021-06-21,2021,6,0.040779,0.007765,0.089962,0.042264,0.007595,0.083144,0.964863713798978,1.02238314680711,1.08200230924661
2021-06-22,2021,6,0.042392,0.00769,0.091181,0.041033,0.007442,0.079654,1.03311968415665,1.03332437516797,1.14471338539182
2021-06-23,2021,6,0.044555,0.007737,0.088624,0.040286,0.007394,0.079316,1.10596733356501,1.04638896402488,1.11735337132483
2021-06-24,2021,6,0.043821,0.007611,0.089071,0.039527,0.007342,0.080549,1.1086346041946,1.03663851811496,1.10579895467355
2021-06-25,2021,6,0.042349,0.007586,0.091052,0.039097,0.006868,0.079808,1.08317773742231,1.1045428072219,1.14088813151564
2021-06-28,2021,6,0.04235,0.007724,0.08554,0.040032,0.007254,0.078267,1.05790367705835,1.06479183898539,1.09292549861372
2021-06-29,2021,6,0.036895,0.00703,0.082176,0.04021,0.007687,0.079895,0.917557821437453,0.914531026408222,1.02854997183804
2021-06-30,2021,6,0.040279,0.007346,0.080948,0.039969,0.007434,0.078433,1.00775601090845,0.988162496637073,1.03206558463912
2021-07-01,2021,7,0.038874,0.007282,0.082112,0.038934,0.007087,0.078904,0.998458930497765,1.0275151686186,1.0406570009125
2021-07-02,2021,7,0.03728,0.006842,0.080584,0.039317,0.007244,0.079039,0.94819035023018,0.944505797901712,1.01954731208644
2021-07-05,2021,7,0.036749,0.007066,0.078952,0.039023,0.007239,0.07605,0.941726674012762,0.976101671501589,1.03815910585141
2021-07-06,2021,7,0.039311,0.007123,0.080029,0.039857,0.007538,0.076425,0.986301026168553,0.944945608914831,1.04715734380111
2021-07-07,2021,7,0.038787,0.007532,0.079159,0.041666,0.007546,0.074691,0.930902894446311,0.998144712430427,1.05981979087172
2021-07-08,2021,7,0.039628,0.007549,0.078628,0.040341,0.007621,0.076662,0.982325673632285,0.990552420942134,1.02564503926326
2021-07-09,2021,7,0.038726,0.007438,0.080142,0.038761,0.00727,0.077439,0.999097030520368,1.02310866574966,1.03490489288343
2021-07-12,2021,7,0.038691,0.00749,0.081705,0.04009,0.007381,0.074929,0.965103517086555,1.01476764666034,1.09043227588784
2021-07-13,2021,7,0.039201,0.00776,0.08468,0.038702,0.007142,0.075647,1.01289339052245,1.08653038364604,1.11940989067643
2021-07-14,2021,7,0.041311,0.007631,0.083756,0.038382,0.007485,0.079047,1.07631181282893,1.01950567802271,1.0595721532759
2021-07-15,2021,7,0.042132,0.007695,0.083942,0.039032,0.007414,0.078754,1.07942201270752,1.03790126787159,1.06587601899586
2021-07-16,2021,7,0.04081,0.007534,0.08157,0.038416,0.007705,0.075277,1.06231778425656,0.97780661907852,1.08359791171274
2021-07-19,2021,7,0.039612,0.007647,0.080352,0.041971,0.007838,0.078067,0.943794524790927,0.975631538657821,1.02926972984744
2021-07-20,2021,7,0.040473,0.007254,0.07926,0.042233,0.007649,0.076042,0.958326427201478,0.948359262648712,1.04231871860288
2021-07-21,2021,7,0.039624,0.007283,0.078196,0.040836,0.007531,0.076655,0.970320305612695,0.967069446288674,1.02010305916118
2021-07-22,2021,7,0.039208,0.007656,0.078118,0.041502,0.008083,0.076928,0.944725555394921,0.947173079302239,1.01546900998336
2021-07-23,2021,7,0.042262,0.008174,0.087147,0.041271,0.007792,0.076187,1.02401201812411,1.04902464065708,1.14385656345571
2021-07-26,2021,7,0.043143,0.008235,0.084683,0.040436,0.007897,0.082437,1.06694529627065,1.04280106369507,1.02724504773342
2021-07-27,2021,7,0.043906,0.008423,0.088578,0.039564,0.007837,0.08338,1.10974623395006,1.07477351027179,1.06234108899017
2021-07-28,2021,7,0.044614,0.008723,0.092742,0.042082,0.008034,0.08516,1.06016824295423,1.08576051779935,1.08903240958196
2021-07-29,2021,7,0.044722,0.008399,0.099081,0.041656,0.007872,0.08448,1.07360284232764,1.06694613821138,1.17283380681818
2021-07-30,2021,7,0.046291,0.00853,0.093316,0.041921,0.007928,0.083217,1.10424369647671,1.07593340060545,1.12135741495127
2021-08-02,2021,8,0.045812,0.008575,0.095341,0.041802,0.008077,0.087244,1.0959284244773,1.06165655565185,1.09280867452203
2021-08-03,2021,8,0.043203,0.008436,0.091737,0.04316,0.008468,0.090265,1.00099629286376,0.996221067548418,1.0163075389132
2021-08-04,2021,8,0.043724,0.00825,0.092584,0.04512,0.008558,0.087289,0.969060283687943,0.96401028277635,1.06066056433228
2021-08-05,2021,8,0.045292,0.008956,0.093975,0.043803,0.008086,0.089275,1.03399310549506,1.10759337125897,1.05264631755811
2021-08-06,2021,8,0.041665,0.008118,0.089705,0.044329,0.008149,0.092324,0.93990390038124,0.99619585225181,0.971632511589619
2021-08-09,2021,8,0.041125,0.007892,0.097492,0.043161,0.008048,0.087733,0.952827784342346,0.980616302186879,1.11123522505785
2021-08-10,2021,8,0.04197,0.00805,0.090852,0.043435,0.00829,0.089383,0.966271440082882,0.971049457177322,1.01643489254109
2021-08-11,2021,8,0.043848,0.0077,0.096048,0.045207,0.008536,0.089432,0.969938283894087,0.902061855670103,1.07397799445389
2021-08-12,2021,8,0.045733,0.008443,0.098298,0.0445,0.008325,0.088133,1.02770786516854,1.01417417417417,1.11533704741697
2021-08-13,2021,8,0.046258,0.008318,0.096218,0.045549,0.008418,0.086907,1.0155656545698,0.988120693751485,1.10713751481469
2021-08-16,2021,8,0.042688,0.008087,0.097718,0.046542,0.008428,0.091637,0.917193072923381,0.959539629805411,1.06635965821666
2021-08-17,2021,8,0.043085,0.008142,0.095263,0.044009,0.008376,0.089764,0.979004294576109,0.972063037249284,1.06126063900896
2021-08-18,2021,8,0.041895,0.008146,0.097469,0.043566,0.008305,0.086117,0.961644401597576,0.980854906682721,1.13182066258695
2021-08-19,2021,8,0.044706,0.007816,0.096281,0.045218,0.008293,0.086566,0.988677075500907,0.942481610997227,1.11222650925306
2021-08-20,2021,8,0.042773,0.007991,0.0939,0.043881,0.008302,0.09242,0.974749891752695,0.962539147193447,1.01601384981606
2021-08-23,2021,8,0.042688,0.007592,0.096123,0.044229,0.008556,0.092072,0.965158606344254,0.887330528284245,1.04399817534104
2021-08-24,2021,8,0.043734,0.008282,0.102102,0.044246,0.008515,0.088635,0.988428332504633,0.972636523781562,1.1519377221188
2021-08-25,2021,8,0.044766,0.008592,0.103146,0.04233,0.008409,0.089857,1.05754783841247,1.02176239743132,1.14789053718686
2021-08-26,2021,8,0.0455,0.007819,0.093627,0.043153,0.007989,0.091843,1.0543878756981,0.978720741018901,1.01942445259846
2021-08-27,2021,8,0.044903,0.008717,0.101472,0.042478,0.008099,0.091868,1.05708837515891,1.07630571675516,1.10454129838464
2021-08-30,2021,8,0.0474,0.009371,0.101545,0.043994,0.008125,0.095667,1.07741964813384,1.15335384615385,1.06144229462615
2021-08-31,2021,8,0.047317,0.009136,0.104142,0.043364,0.008209,0.0939,1.09115856470805,1.11292483859179,1.10907348242811
2021-09-01,2021,9,0.048525,0.009195,0.097536,0.047241,0.008428,0.094548,1.02717978027561,1.09100616990982,1.03160299530397
2021-09-02,2021,9,0.055164,0.009607,0.103316,0.045699,0.008447,0.092166,1.20711612945579,1.13732686160767,1.1209773669249
2021-09-03,2021,9,0.050906,0.009242,0.104369,0.045513,0.00833,0.093955,1.11849361720827,1.10948379351741,1.11084029588633
2021-09-06,2021,9,0.048513,0.009007,0.101678,0.045126,0.008006,0.097086,1.07505650844303,1.12503122658007,1.04729827163546
2021-09-07,2021,9,0.050926,0.009594,0.104904,0.045924,0.008063,0.096358,1.10891908370351,1.18987969738311,1.08869009319413
2021-09-08,2021,9,0.04754,0.008968,0.100821,0.046691,0.008404,0.094957,1.01818337581118,1.06711089957163,1.06175426772118
2021-09-09,2021,9,0.047174,0.008968,0.100825,0.0467,0.008268,0.102764,1.01014989293362,1.08466376390905,0.981131524658441
2021-09-10,2021,9,0.049857,0.009348,0.106708,0.046723,0.008315,0.101918,1.06707617233482,1.12423331328924,1.04699856747581
2021-09-13,2021,9,0.050407,0.009401,0.106605,0.047188,0.008487,0.099613,1.06821649571925,1.10769412041947,1.0701916416532
2021-09-14,2021,9,0.051439,0.009625,0.112217,0.048513,0.009004,0.105742,1.06031373034032,1.06896934695691,1.06123394677612
2021-09-15,2021,9,0.051845,0.009964,0.113634,0.047154,0.008746,0.105643,1.0994825465496,1.13926366338898,1.07564154747593
2021-09-16,2021,9,0.056212,0.010261,0.112789,0.047173,0.009052,0.112233,1.19161384690395,1.13356164383562,1.0049539796673
2021-09-17,2021,9,0.056447,0.010354,0.11944,0.047276,0.008613,0.104821,1.19398849310432,1.20213630558458,1.13946632831207
2021-09-22,2021,9,0.055445,0.010213,0.11931,0.048258,0.009094,0.097895,1.14892867503834,1.12304816362437,1.21875478829358
2021-09-23,2021,9,0.05262,0.009689,0.11615,0.046148,0.008826,0.100289,1.14024443096126,1.0977792884659,1.15815293800915
2021-09-24,2021,9,0.060217,0.011057,0.120594,0.048726,0.008952,0.097022,1.23582892090465,1.23514298480786,1.24295520603574
2021-09-27,2021,9,0.057981,0.011229,0.122219,0.047724,0.008928,0.102043,1.2149233090269,1.25772849462366,1.19772056877983
2021-09-28,2021,9,0.056705,0.011021,0.12752,0.050699,0.009054,0.100617,1.11846387502712,1.21725204329578,1.26738026377252
2021-09-29,2021,9,0.062549,0.011881,0.129559,0.047498,0.008745,0.099883,1.31687650006316,1.35860491709548,1.29710761591062
2021-09-30,2021,9,0.063754,0.012078,0.128481,0.046786,0.008626,0.097073,1.36267259436584,1.40018548574078,1.32355031780207
2021-10-08,2021,10,0.060649,0.011378,0.128227,0.046659,0.008569,0.096665,1.2998349728884,1.32780954603804,1.32650907774272
2021-10-11,2021,10,0.062321,0.011979,0.122513,0.045918,0.009011,0.094267,1.35722374667886,1.32937520807901,1.29963826153373
2021-10-12,2021,10,0.064667,0.011656,0.123863,0.046357,0.008603,0.095995,1.39497810470911,1.35487620597466,1.29030678681181
2021-10-13,2021,10,0.062166,0.011544,0.119353,0.044439,0.008591,0.094067,1.39890636602984,1.34373181236177,1.26880840252161
2021-10-14,2021,10,0.059785,0.011639,0.127509,0.048306,0.008821,0.096035,1.2376309361156,1.31946491327514,1.32773468006456
2021-10-15,2021,10,0.063274,0.011632,0.123599,0.045817,0.008795,0.099028,1.38101578016893,1.32256964184196,1.24812174334532
2021-10-18,2021,10,0.058947,0.011291,0.13011,0.046918,0.008486,0.095556,1.25638347755659,1.3305444261136,1.36160994600025
2021-10-19,2021,10,0.05847,0.011982,0.124416,0.045696,0.008495,0.099014,1.27954306722689,1.41047675103002,1.25654957884744
2021-10-20,2021,10,0.061486,0.012189,0.12489,0.047294,0.008687,0.097364,1.30008034845858,1.40313111545988,1.28271229612588
2021-10-21,2021,10,0.062421,0.012399,0.12711,0.046573,0.008846,0.097675,1.340282996586,1.40165046348632,1.30135653954441
2021-10-22,2021,10,0.061272,0.011565,0.127728,0.046823,0.008807,0.098635,1.30858765991073,1.31315998637447,1.29495615146753
2021-10-25,2021,10,0.064592,0.012368,0.12964,0.044909,0.00856,0.101548,1.43828631232047,1.44485981308411,1.27663764919053
2021-10-26,2021,10,0.060442,0.01179,0.126526,0.045223,0.008462,0.101988,1.33653229551334,1.39328763885606,1.24059693297251
2021-10-27,2021,10,0.062607,0.012019,0.126523,0.046465,0.008331,0.100195,1.34740126977295,1.44268395150642,1.26276760317381
2021-10-28,2021,10,0.063851,0.011606,0.125651,0.04628,0.008166,0.097134,1.37966724286949,1.42125887827578,1.29358412090514
2021-10-29,2021,10,0.062831,0.011837,0.127376,0.047359,0.008496,0.098529,1.32669608733293,1.39324387947269,1.29277674593267
2021-11-01,2021,11,0.061164,0.011312,0.12373,0.044636,0.00811,0.095395,1.37028407563402,1.39482120838471,1.29702814612925
2021-11-02,2021,11,0.05843,0.011282,0.125411,0.042863,0.008116,0.095728,1.36318036535007,1.39009364218827,1.31007646665552
2021-11-03,2021,11,0.059645,0.01139,0.124313,0.044255,0.007943,0.090257,1.34775731555756,1.43396701498174,1.37732253454026
2021-11-04,2021,11,0.061488,0.011342,0.122716,0.043602,0.008138,0.092714,1.41021054080088,1.39370852789383,1.32359729922126
2021-11-05,2021,11,0.058947,0.011087,0.119174,0.04121,0.007705,0.088433,1.43040524144625,1.4389357560026,1.34761910146665
2021-11-08,2021,11,0.059959,0.011099,0.125458,0.044359,0.008221,0.089575,1.35167609729705,1.35007906580708,1.40059168294725
2021-11-09,2021,11,0.059921,0.011074,0.131493,0.041515,0.007733,0.085373,1.4433578224738,1.43204448467606,1.54021763320956
2021-11-10,2021,11,0.060526,0.011545,0.130158,0.040637,0.007556,0.083947,1.48943081428255,1.5279248279513,1.55047827796109
2021-11-11,2021,11,0.059271,0.011402,0.124807,0.039632,0.00742,0.088019,1.49553391199031,1.5366576819407,1.41795521421511
2021-11-12,2021,11,0.059824,0.011363,0.127554,0.042589,0.007727,0.084797,1.40468196013055,1.47055778439239,1.50422774390603
2021-11-15,2021,11,0.057101,0.010844,0.12104,0.042493,0.008109,0.087829,1.34377426870308,1.33727956591442,1.37813250748614
2021-11-16,2021,11,0.055612,0.010625,0.119019,0.04138,0.007872,0.084532,1.3439342677622,1.34972052845528,1.40797567784981
2021-11-17,2021,11,0.055861,0.010798,0.123204,0.043161,0.007964,0.082977,1.29424712124372,1.35585133098945,1.48479699193752
2021-11-18,2021,11,0.057038,0.011369,0.122742,0.042283,0.007582,0.081357,1.34895821015538,1.4994724347138,1.50868394852318
2021-11-19,2021,11,0.055393,0.010974,0.123304,0.043577,0.007898,0.082973,1.27115221332354,1.38946568751583,1.48607378303786
2021-11-22,2021,11,0.063556,0.011899,0.127861,0.041198,0.007674,0.082978,1.54269624739065,1.55056033359395,1.54090240786715
2021-11-23,2021,11,0.059007,0.011692,0.1189,0.040967,0.007701,0.07941,1.44035443161569,1.51824438384625,1.49729253242665
2021-11-24,2021,11,0.059207,0.010866,0.119623,0.043,0.00793,0.082437,1.37690697674419,1.3702395964691,1.45108385797639
2021-11-25,2021,11,0.060322,0.011025,0.120753,0.042581,0.007561,0.080862,1.41664122495949,1.45814045761143,1.49332195592491
2021-11-26,2021,11,0.059674,0.011193,0.120532,0.042225,0.007743,0.078203,1.41323860272351,1.44556373498644,1.54127079523803
2021-11-29,2021,11,0.057632,0.010695,0.124828,0.041135,0.007475,0.077167,1.40104533851951,1.43076923076923,1.61763448106056
2021-11-30,2021,11,0.057553,0.011125,0.124211,0.041175,0.007556,0.077097,1.39776563448695,1.47233986236104,1.61110030221669
2021-12-01,2021,12,0.059905,0.011008,0.119926,0.041939,0.007731,0.078491,1.42838408164239,1.42387789419221,1.52789491788868
2021-12-02,2021,12,0.058568,0.010735,0.123722,0.038546,0.007606,0.078252,1.51943132880195,1.41138574809361,1.58107141031539
2021-12-03,2021,12,0.060052,0.010493,0.1283,0.037726,0.007246,0.081069,1.59179345809256,1.44810930168369,1.58260247443536
2021-12-06,2021,12,0.056495,0.011284,0.121224,0.037948,0.007231,0.079312,1.48874776009276,1.56050338818974,1.52844462376437
2021-12-07,2021,12,0.060745,0.011237,0.123386,0.038769,0.007193,0.077481,1.56684464391653,1.56221326289448,1.59246783082304
2021-12-08,2021,12,0.058275,0.010849,0.123374,0.038896,0.006948,0.075168,1.49822603866722,1.56145653425446,1.64131013197105
2021-12-09,2021,12,0.057155,0.010976,0.119346,0.038193,0.006911,0.077328,1.4964784122745,1.58819273621762,1.54337368094351
2021-12-10,2021,12,0.057404,0.011028,0.129758,0.038844,0.007201,0.079945,1.47780867057976,1.53145396472712,1.62309087497655
2021-12-13,2021,12,0.058185,0.010935,0.128853,0.040039,0.007226,0.077775,1.45320812208097,1.5132853584279,1.6567405978785
2021-12-14,2021,12,0.056252,0.010899,0.127448,0.040109,0.007153,0.078579,1.40247824677753,1.52369635118132,1.6219091614808
2021-12-15,2021,12,0.055376,0.011392,0.124019,0.038627,0.006996,0.073409,1.43360861573511,1.62835906232133,1.6894250023839
2021-12-16,2021,12,0.055362,0.011351,0.126752,0.038759,0.006896,0.074125,1.42836502489744,1.64602668213457,1.70997639123103
2021-12-17,2021,12,0.056107,0.010887,0.128071,0.038182,0.006866,0.077572,1.46946205018071,1.58563938246432,1.65099520445522
2021-12-20,2021,12,0.054007,0.010689,0.119927,0.037889,0.006725,0.075889,1.42540051202196,1.58944237918216,1.58029490439985
2021-12-21,2021,12,0.055361,0.010406,0.123059,0.038604,0.006776,0.077853,1.43407418920319,1.53571428571429,1.58065842035631
2021-12-22,2021,12,0.051502,0.009949,0.119594,0.039362,0.007078,0.076012,1.30841928763782,1.40562305736084,1.57335683839394
2021-12-23,2021,12,0.053036,0.010377,0.117968,0.039283,0.00706,0.075633,1.3501005524018,1.46983002832861,1.55974244046911
2021-12-24,2021,12,0.053446,0.010049,0.117438,0.037715,0.006897,0.073609,1.41710194882673,1.45701029433087,1.59542990666902
2021-12-27,2021,12,0.051838,0.010013,0.119417,0.036674,0.006612,0.075316,1.4134809401756,1.51436781609195,1.58554623187636
2021-12-28,2021,12,0.053927,0.009825,0.115303,0.039025,0.006701,0.076166,1.38185778347213,1.46619907476496,1.51383819552031
2021-12-29,2021,12,0.049056,0.009666,0.102735,0.038131,0.006733,0.077972,1.28651228659096,1.43561562453587,1.31758836505412
2021-12-30,2021,12,0.046862,0.008544,0.099283,0.038833,0.006903,0.076188,1.20675713954626,1.23772272924815,1.30313172678112
2021-12-31,2021,12,0.048699,0.008811,0.096695,0.038036,0.006763,0.07476,1.2803396781996,1.30282419044803,1.29340556447298
2022-01-04,2022,1,0.045337,0.008127,0.089327,0.03686,0.007025,0.074001,1.2299782962561,1.15686832740214,1.20710530938771
2022-01-05,2022,1,0.044354,0.008308,0.086147,0.036232,0.006738,0.073847,1.22416648266726,1.23300682695162,1.16656059149322
2022-01-06,2022,1,0.044724,0.008487,0.085244,0.035968,0.006585,0.075199,1.24343861209964,1.28883826879271,1.13357890397479
2022-01-07,2022,1,0.045485,0.008879,0.092382,0.034978,0.006429,0.071546,1.30038881582709,1.38108570539742,1.2912252257289
2022-01-10,2022,1,0.043785,0.008268,0.089081,0.036102,0.006742,0.074761,1.21281369453216,1.22634233165233,1.1915437193189
2022-01-11,2022,1,0.044935,0.008191,0.093233,0.036647,0.006874,0.075193,1.2261576663847,1.1915915042188,1.23991594962297
2022-01-12,2022,1,0.04568,0.00829,0.089078,0.03577,0.00653,0.071905,1.27704780542354,1.26952526799387,1.23882901049997
2022-01-13,2022,1,0.045516,0.008611,0.088778,0.03481,0.00688,0.075868,1.30755530020109,1.2515988372093,1.17016396899879
2022-01-14,2022,1,0.04478,0.008171,0.091865,0.035993,0.006963,0.076655,1.24413080321174,1.17348843889128,1.19842149892375
2022-01-17,2022,1,0.042879,0.007985,0.094227,0.037869,0.007084,0.07531,1.13229818585122,1.12718802936194,1.2511884211924
2022-01-18,2022,1,0.044946,0.008077,0.091081,0.037444,0.006898,0.073283,1.20035252643948,1.17091910698753,1.24286669486784
2022-01-19,2022,1,0.04314,0.007816,0.087078,0.036378,0.006673,0.073359,1.18588157677717,1.17128727708677,1.18701181859077
2022-01-20,2022,1,0.043317,0.007914,0.089134,0.036159,0.006914,0.074983,1.19795901435327,1.14463407578826,1.18872277716282
2022-01-21,2022,1,0.04221,0.007369,0.087195,0.036268,0.006671,0.073899,1.16383588838646,1.10463198920702,1.17992124385986
2022-01-24,2022,1,0.040227,0.007152,0.086109,0.035764,0.006892,0.072912,1.12479029191366,1.03772489843297,1.18099901250823
2022-01-25,2022,1,0.041131,0.007607,0.085257,0.035958,0.006852,0.072109,1.14386228377552,1.11018680677175,1.1823350760654
2022-01-26,2022,1,0.042856,0.007509,0.081828,0.034836,0.006805,0.076124,1.23022160982891,1.10345334313005,1.07493037675372
2022-01-27,2022,1,0.041944,0.007641,0.083804,0.03628,0.006752,0.074737,1.1561190738699,1.13166469194313,1.12131875777727
2022-01-28,2022,1,0.03949,0.007467,0.083729,0.036361,0.006892,0.073514,1.08605373889607,1.08343006384214,1.13895312457491
2022-02-07,2022,2,0.041606,0.007698,0.083352,0.037493,0.006469,0.071657,1.10970047742245,1.18998299582625,1.16320806062213
2022-02-08,2022,2,0.040762,0.007393,0.084307,0.036853,0.006438,0.072876,1.10607006213877,1.14833799316558,1.15685548054229
2022-02-09,2022,2,0.043848,0.008287,0.084829,0.03687,0.006733,0.07327,1.18925956061839,1.23080350512402,1.15775897365907
2022-02-10,2022,2,0.042721,0.008324,0.085477,0.036779,0.006645,0.071117,1.16155958563311,1.25267118133935,1.20192077843554
2022-02-11,2022,2,0.039572,0.007726,0.08511,0.036102,0.006626,0.072187,1.09611655863941,1.16601267733172,1.17902115339327
2022-02-14,2022,2,0.039816,0.00762,0.083681,0.035452,0.006773,0.076478,1.12309601714995,1.12505536689798,1.09418394832501
2022-02-15,2022,2,0.040496,0.007742,0.085182,0.034993,0.006625,0.0769,1.15726002343326,1.16860377358491,1.10769830949285
2022-02-16,2022,2,0.042296,0.00822,0.087698,0.034273,0.006384,0.077689,1.23409097540338,1.28759398496241,1.12883419789159
2022-02-17,2022,2,0.043522,0.007602,0.086396,0.034371,0.006518,0.076225,1.26624188996538,1.16630868364529,1.13343391275828
2022-02-18,2022,2,0.04314,0.007996,0.089042,0.035542,0.006655,0.071905,1.21377525181475,1.2015026296018,1.23832834990613
2022-02-21,2022,2,0.043478,0.007868,0.086995,0.034139,0.006069,0.074873,1.27355810070594,1.29642445213379,1.1619008187197
2022-02-22,2022,2,0.04141,0.007245,0.085601,0.035851,0.00628,0.074059,1.15505843630582,1.15366242038217,1.15584871521355
2022-02-23,2022,2,0.043637,0.007776,0.089214,0.035231,0.00653,0.074757,1.23859669041469,1.19081163859112,1.19338657249488
2022-02-24,2022,2,0.041767,0.007606,0.083895,0.03705,0.00687,0.075567,1.12731443994602,1.10713245997089,1.11020683631744
2022-02-25,2022,2,0.046486,0.008553,0.086704,0.036295,0.006777,0.076441,1.2807824769252,1.26206285967242,1.1342604099894
2022-02-28,2022,2,0.046642,0.008746,0.089827,0.038159,0.006927,0.074677,1.22230666422076,1.2625956402483,1.202873709442
2022-03-01,2022,3,0.044105,0.007817,0.087314,0.036802,0.006721,0.079513,1.19844030215749,1.16307097158161,1.09810974306088
2022-03-02,2022,3,0.044359,0.008078,0.089146,0.035677,0.006825,0.074227,1.24335005745999,1.18358974358974,1.20099155293896
2022-03-03,2022,3,0.045486,0.00823,0.086702,0.036577,0.006728,0.076304,1.24356836263226,1.22324613555291,1.1362707066471
2022-03-04,2022,3,0.045027,0.007759,0.088615,0.03416,0.006317,0.073277,1.3181206088993,1.22827291435808,1.20931533769123
2022-03-07,2022,3,0.047337,0.008461,0.092482,0.038677,0.006741,0.080788,1.22390568037852,1.25515502151016,1.14474922018122
2022-03-08,2022,3,0.049572,0.008737,0.094153,0.037218,0.006792,0.081097,1.33193615992262,1.28636631330978,1.16099239182707
2022-03-09,2022,3,0.048509,0.008461,0.097161,0.038842,0.007456,0.083081,1.24888007826579,1.13479077253219,1.16947316474284
2022-03-10,2022,3,0.048272,0.008687,0.092848,0.040171,0.007798,0.088187,1.20166289114038,1.11400359066427,1.05285359520111
2022-03-11,2022,3,0.046135,0.008661,0.095079,0.039697,0.007247,0.084221,1.16217850215382,1.19511522009107,1.12892271523729
2022-03-14,2022,3,0.045865,0.008511,0.092847,0.040342,0.007276,0.086815,1.13690446680878,1.16973611874656,1.06948108045845
2022-03-15,2022,3,0.049158,0.008584,0.110577,0.04509,0.008004,0.094551,1.09021956087824,1.07246376811594,1.16949582764857
2022-03-16,2022,3,0.050689,0.008972,0.112362,0.043928,0.00807,0.098544,1.15391094518303,1.11177199504337,1.14022162688748
2022-03-17,2022,3,0.05102,0.008923,0.106037,0.046121,0.008402,0.097197,1.10622059365582,1.06200904546537,1.09094930913506
2022-03-18,2022,3,0.049435,0.008992,0.108174,0.04458,0.00808,0.095111,1.10890533871691,1.11287128712871,1.13734478661774
2022-03-21,2022,3,0.05342,0.009147,0.116626,0.04631,0.007988,0.094628,1.15353055495573,1.14509263895844,1.23246819123304
2022-03-22,2022,3,0.051767,0.008968,0.11337,0.046306,0.008349,0.099821,1.11793288126809,1.07414061564259,1.13573296200198
2022-03-23,2022,3,0.051614,0.008822,0.109057,0.04737,0.007784,0.097099,1.08959256913658,1.13335046248715,1.12315265862676
2022-03-24,2022,3,0.052235,0.008597,0.106558,0.0469,0.007594,0.094288,1.1137526652452,1.13207795628127,1.13013320889191
2022-03-25,2022,3,0.048421,0.008668,0.109767,0.046997,0.007741,0.094733,1.03029980637062,1.11975197002971,1.15869865833448
2022-03-28,2022,3,0.054024,0.008799,0.113214,0.047214,0.007832,0.095604,1.14423687889185,1.12346782431052,1.18419731391992
2022-03-29,2022,3,0.050953,0.009401,0.109155,0.043592,0.007987,0.099167,1.1688612589466,1.17703768624014,1.10071898917987
2022-03-30,2022,3,0.04817,0.00851,0.107194,0.044982,0.008168,0.098995,1.07087279356187,1.04187071498531,1.0828223647659
2022-03-31,2022,3,0.04959,0.009549,0.109813,0.044488,0.008077,0.096975,1.11468261104118,1.18224588337254,1.13238463521526
2022-04-01,2022,4,0.052861,0.00906,0.110501,0.044152,0.007669,0.098161,1.19725040768255,1.18137958012779,1.12571184075142
2022-04-06,2022,4,0.052793,0.009307,0.116473,0.044688,0.007422,0.098593,1.18136860007161,1.2539746699003,1.18135161725477
2022-04-07,2022,4,0.051939,0.009272,0.105503,0.044401,0.007971,0.095641,1.1697709511047,1.16321666039393,1.10311477295302
2022-04-08,2022,4,0.055239,0.00965,0.112453,0.044956,0.008019,0.096123,1.22873476287926,1.20339194413269,1.16988649958907
2022-04-11,2022,4,0.056246,0.010331,0.111198,0.045071,0.008156,0.098399,1.24794213574139,1.26667484060814,1.13007246008598
2022-04-12,2022,4,0.057655,0.010154,0.116664,0.045837,0.008207,0.098388,1.25782664659554,1.2372365054222,1.18575436028784
2022-04-13,2022,4,0.056215,0.009513,0.119486,0.044348,0.009145,0.097687,1.26758816632092,1.04024056861673,1.22315149405755
2022-04-14,2022,4,0.052914,0.009449,0.118156,0.044894,0.007912,0.100463,1.17864302579409,1.19426188068756,1.17611458945084
2022-04-15,2022,4,0.055836,0.008947,0.112431,0.045901,0.008862,0.096883,1.21644408618549,1.00959151433085,1.16048223114478
2022-04-18,2022,4,0.054892,0.009444,0.113284,0.045715,0.009567,0.098597,1.20074373837909,0.98714330511132,1.14895990750226
2022-04-19,2022,4,0.055611,0.00974,0.117443,0.044639,0.009462,0.107355,1.24579403660476,1.02938068061721,1.0939686088212
2022-04-20,2022,4,0.054289,0.009567,0.118379,0.048989,0.009519,0.098654,1.10818755230766,1.00504254648598,1.19994120866868
2022-04-21,2022,4,0.052794,0.009585,0.121812,0.04639,0.009586,0.102737,1.1380469928864,0.999895681201752,1.18566825973116
2022-04-22,2022,4,0.054118,0.009642,0.115534,0.047898,0.009622,0.098911,1.1298592843125,1.00207856994388,1.16806017530912
2022-04-25,2022,4,0.060367,0.009723,0.130966,0.052098,0.009982,0.108161,1.1587201044186,0.974053295932679,1.21084309501576
2022-04-26,2022,4,0.055431,0.009473,0.128238,0.048748,0.008672,0.101459,1.13709280380734,1.09236623616236,1.26393912812072
2022-04-27,2022,4,0.058149,0.010053,0.127966,0.049909,0.009073,0.113601,1.16510048287884,1.10801278518682,1.12645135166064
2022-04-28,2022,4,0.055638,0.009711,0.127705,0.049237,0.008587,0.112458,1.13000385888661,1.13089553976942,1.13557950523751
2022-04-29,2022,4,0.060394,0.009721,0.128706,0.049614,0.008635,0.111091,1.21727738138429,1.12576722640417,1.15856370002971
2022-05-05,2022,5,0.05849,0.009861,0.128682,0.049779,0.008559,0.110516,1.17499347114245,1.15212057483351,1.16437438922871
2022-05-06,2022,5,0.057005,0.009688,0.127706,0.050058,0.008751,0.112051,1.13877901634104,1.10707347731688,1.13971316632605
2022-05-09,2022,5,0.056576,0.009258,0.122712,0.047637,0.008931,0.116593,1.18764825660726,1.03661404098085,1.05248170987967
2022-05-10,2022,5,0.056847,0.009989,0.122445,0.048903,0.008894,0.113786,1.16244402183915,1.12311670789296,1.07609899284622
2022-05-11,2022,5,0.056427,0.009735,0.120603,0.04541,0.007604,0.107754,1.24261175952433,1.28024723829563,1.11924383317557
2022-05-12,2022,5,0.057389,0.009649,0.117967,0.048578,0.008545,0.112675,1.18137840174565,1.12919836161498,1.04696694031507
2022-05-13,2022,5,0.055458,0.009905,0.129658,0.04825,0.008916,0.113854,1.14938860103627,1.1109241812472,1.13880935232842
2022-05-16,2022,5,0.056447,0.009793,0.126424,0.045393,0.008338,0.110932,1.24351772299694,1.17450227872391,1.13965312083078
2022-05-17,2022,5,0.05365,0.009354,0.120051,0.04647,0.008258,0.115138,1.154508284915,1.13271978687333,1.04267053448905
2022-05-18,2022,5,0.053895,0.009543,0.118417,0.046899,0.008876,0.113431,1.14917162412845,1.07514646237044,1.04395623771279
2022-05-19,2022,5,0.05106,0.009648,0.122355,0.04403,0.008364,0.11531,1.15966386554622,1.15351506456241,1.06109617552684
2022-05-20,2022,5,0.054715,0.009637,0.123877,0.046413,0.00807,0.114919,1.17887229870941,1.19417596034696,1.07795055647891
2022-05-23,2022,5,0.054947,0.009721,0.125189,0.046513,0.008243,0.124688,1.1813256508933,1.17930365158316,1.00401802900039
2022-05-24,2022,5,0.053011,0.009451,0.12719,0.046909,0.008543,0.116872,1.13008164744505,1.10628584806274,1.08828461907044
2022-05-25,2022,5,0.055307,0.010044,0.132287,0.047909,0.008571,0.118898,1.15441775031831,1.17185859292965,1.112609127151
2022-05-26,2022,5,0.053322,0.010108,0.124731,0.04754,0.008255,0.120804,1.12162389566681,1.22447001817081,1.03250720174829
2022-05-27,2022,5,0.054039,0.009792,0.126975,0.049567,0.008446,0.117337,1.09022131660177,1.15936538006157,1.08213947859584
2022-05-30,2022,5,0.054877,0.010045,0.12672,0.050567,0.008765,0.116377,1.08523345264698,1.14603536794067,1.08887494951752
2022-05-31,2022,5,0.054531,0.010043,0.126721,0.049637,0.009077,0.114381,1.09859580554828,1.1064228269252,1.10788505083886
2022-06-01,2022,6,0.056359,0.009553,0.131887,0.052246,0.008578,0.118108,1.07872373004632,1.11366285847517,1.11666440884614
2022-06-02,2022,6,0.055368,0.009741,0.129707,0.051914,0.008865,0.119814,1.06653311245521,1.09881556683587,1.08256964962358
2022-06-06,2022,6,0.053426,0.009385,0.127577,0.050583,0.008208,0.120143,1.05620465373742,1.14339668615984,1.06187626411859
2022-06-07,2022,6,0.055204,0.009534,0.122894,0.050077,0.008475,0.12508,1.10238233120994,1.12495575221239,0.982523185161497
2022-06-08,2022,6,0.057433,0.010161,0.131857,0.050797,0.008059,0.12388,1.13063763608087,1.2608264052612,1.06439296092993
2022-06-09,2022,6,0.055242,0.009913,0.132355,0.053044,0.008544,0.129092,1.04143729733806,1.16022940074906,1.02527654695876
2022-06-10,2022,6,0.055657,0.010117,0.127567,0.049837,0.008893,0.121807,1.11678070509862,1.13763634319127,1.04728792269738
2022-06-13,2022,6,0.056128,0.009366,0.116313,0.052665,0.008684,0.117781,1.06575524541916,1.07853523721787,0.987536190047631
2022-06-14,2022,6,0.056512,0.009652,0.123719,0.050579,0.00858,0.118259,1.11730164692857,1.12494172494172,1.04616984753803
2022-06-15,2022,6,0.056495,0.009769,0.120724,0.053803,0.008924,0.118696,1.05003438469974,1.09468848050202,1.01708566421783
2022-06-16,2022,6,0.054096,0.009218,0.125477,0.052205,0.008793,0.12414,1.03622258404367,1.04833390196747,1.01077009827614
2022-06-17,2022,6,0.056068,0.009769,0.125643,0.050911,0.009069,0.120424,1.10129441574512,1.07718601830411,1.04333853716867
2022-06-20,2022,6,0.049011,0.009606,0.115717,0.047604,0.008537,0.110334,1.02955633980338,1.12521963218929,1.04878822484456
2022-06-21,2022,6,0.050528,0.009363,0.117435,0.047025,0.008006,0.109296,1.0744922913344,1.16949787659256,1.07446750109794
2022-06-22,2022,6,0.047972,0.009867,0.111531,0.045187,0.007767,0.108091,1.06163277048709,1.27037466203167,1.031825036312
2022-06-23,2022,6,0.047636,0.00925,0.114512,0.042914,0.007782,0.110194,1.11003402153143,1.18864045232588,1.03918543659364
2022-06-24,2022,6,0.048984,0.009865,0.122067,0.050305,0.008639,0.11322,0.973740184872279,1.141914573446,1.07813990461049
2022-06-27,2022,6,0.049999,0.009121,0.116359,0.050901,0.008684,0.108986,0.982279326535824,1.05032243205896,1.06765089094012
2022-06-28,2022,6,0.047808,0.009092,0.119309,0.050543,0.008978,0.106951,0.945887660012267,1.01269770550234,1.11554824171817
2022-06-29,2022,6,0.051868,0.009125,0.11623,0.054062,0.00925,0.112737,0.959416965706041,0.986486486486487,1.0309836167363
2022-06-30,2022,6,0.054771,0.009993,0.116489,0.053181,0.009291,0.113976,1.02989789586506,1.0755569906361,1.0220485014389
2022-07-01,2022,7,0.053766,0.009928,0.119622,0.051797,0.009216,0.111248,1.03801378458212,1.07725694444444,1.07527326333957
2022-07-04,2022,7,0.054452,0.009835,0.126481,0.051022,0.009545,0.111118,1.06722590255184,1.03038239916186,1.13825842797747
2022-07-05,2022,7,0.05239,0.009894,0.115471,0.052195,0.009279,0.110605,1.00373599003736,1.06627869382477,1.0439943944668
2022-07-06,2022,7,0.050768,0.009668,0.119368,0.051671,0.008747,0.114157,0.982524046370304,1.10529324339774,1.04564766067784
2022-07-07,2022,7,0.051671,0.009329,0.122936,0.050521,0.009139,0.113388,1.02276281150413,1.02079002079002,1.08420644159876
2022-07-08,2022,7,0.052127,0.009379,0.121974,0.05124,0.009579,0.108494,1.01731069476971,0.979120993840693,1.12424650211072
2022-07-11,2022,7,0.052413,0.00997,0.115778,0.051635,0.010463,0.111719,1.01506729931248,0.952881582720061,1.03633222638942
2022-07-12,2022,7,0.048807,0.009693,0.110215,0.050786,0.009473,0.111938,0.96103256803056,1.02322389950385,0.984607550608372
2022-07-13,2022,7,0.047889,0.009768,0.109291,0.046991,0.008555,0.107556,1.01911004234853,1.14178842781999,1.01613113168954
2022-07-14,2022,7,0.05045,0.009692,0.117114,0.048317,0.009128,0.103758,1.04414595277025,1.06178790534619,1.12872260452206
2022-07-15,2022,7,0.052093,0.009793,0.118162,0.046432,0.008797,0.106899,1.12192022742936,1.11322041605093,1.10536113527722
2022-07-18,2022,7,0.052017,0.010216,0.113129,0.0486,0.009478,0.104494,1.07030864197531,1.07786452838151,1.08263632361667
2022-07-19,2022,7,0.053712,0.009918,0.113087,0.048547,0.008213,0.10118,1.10639174408305,1.20759771094606,1.11768135995256
2022-07-20,2022,7,0.05523,0.009562,0.111034,0.048636,0.008507,0.101595,1.13557858376511,1.12401551663336,1.09290811555687
2022-07-21,2022,7,0.053392,0.009982,0.112279,0.049249,0.008512,0.10241,1.08412353550326,1.17269736842105,1.0963675422322
2022-07-22,2022,7,0.050505,0.009107,0.107584,0.048408,0.008458,0.10194,1.04331928606842,1.07673208796406,1.05536590151069
2022-07-25,2022,7,0.050615,0.009439,0.104814,0.045607,0.008214,0.103264,1.10980770495757,1.14913562210859,1.01501007127363
2022-07-26,2022,7,0.046785,0.008904,0.103695,0.046981,0.008211,0.103221,0.995828100721568,1.0843989769821,1.00459208881914
2022-07-27,2022,7,0.045405,0.008163,0.090299,0.03867,0.007153,0.088335,1.17416602017067,1.14119949671467,1.02223354276334
2022-07-28,2022,7,0.038798,0.007357,0.082915,0.039758,0.007444,0.090284,0.975853916192967,0.988312735088662,0.918379779362899
2022-07-29,2022,7,0.039263,0.007269,0.082462,0.041838,0.007725,0.085334,0.938453080931211,0.940970873786408,0.966344012937399
2022-08-01,2022,8,0.03971,0.007405,0.081345,0.042891,0.007432,0.085014,0.925835256813784,0.996367061356297,0.956842402427835
2022-08-02,2022,8,0.03868,0.007655,0.084185,0.040535,0.007434,0.083659,0.954237079067472,1.02972827549099,1.00628742872853
2022-08-03,2022,8,0.039241,0.007188,0.0822,0.040135,0.007269,0.087644,0.97772517752585,0.988856789104416,0.937885080553147
2022-08-04,2022,8,0.039848,0.007404,0.080813,0.039055,0.007281,0.085729,1.02030469850211,1.01689328388958,0.942656510632341
2022-08-05,2022,8,0.041538,0.007463,0.082711,0.039021,0.00718,0.081462,1.06450372876144,1.03941504178273,1.0153323021777
2022-08-08,2022,8,0.041469,0.007508,0.082316,0.038239,0.007484,0.07966,1.08446873610712,1.00320684126136,1.0333417022345
2022-08-09,2022,8,0.039814,0.007536,0.083736,0.037831,0.007372,0.084276,1.05241732970315,1.02224633749322,0.993592481845365
2022-08-10,2022,8,0.040539,0.007376,0.079887,0.03826,0.007132,0.079623,1.05956612650288,1.03421200224341,1.00331562488226
2022-08-11,2022,8,0.040074,0.007401,0.085658,0.038756,0.007365,0.080795,1.03400763752709,1.00488798370672,1.06018936815397
2022-08-12,2022,8,0.043012,0.007661,0.082475,0.039074,0.007034,0.081702,1.10078312944669,1.08913847028718,1.00946121269981
2022-08-15,2022,8,0.042693,0.0078,0.083098,0.038051,0.007089,0.080482,1.12199416572495,1.10029623360135,1.03250416242141
2022-08-16,2022,8,0.040518,0.007429,0.082312,0.039073,0.006931,0.079123,1.03698205922248,1.07185110373683,1.04030433628654
2022-08-17,2022,8,0.040371,0.007627,0.082205,0.039574,0.007331,0.083488,1.0201394855208,1.04037648342654,0.984632522039095
2022-08-18,2022,8,0.040562,0.007315,0.083899,0.038601,0.007392,0.08329,1.05080179269967,0.989583333333333,1.00731180213711
2022-08-19,2022,8,0.040936,0.007394,0.089658,0.0383,0.007224,0.08177,1.06882506527415,1.02353266888151,1.0964656964657
2022-08-22,2022,8,0.041806,0.00793,0.087107,0.036995,0.007151,0.080538,1.13004460062171,1.10893581317298,1.08156398221957
2022-08-23,2022,8,0.041015,0.007631,0.087262,0.038794,0.007195,0.082366,1.05725112130742,1.06059763724809,1.05944200276813
2022-08-24,2022,8,0.040654,0.007065,0.084061,0.039957,0.007228,0.079734,1.01744375203344,0.977448810182623,1.0542679409035
2022-08-25,2022,8,0.040341,0.007368,0.085594,0.040199,0.007715,0.084157,1.00353242617976,0.9550226830849,1.01707522844208
2022-08-26,2022,8,0.040866,0.007151,0.086831,0.038774,0.007511,0.081898,1.05395368030123,0.952070296897883,1.06023346113458
2022-08-29,2022,8,0.040034,0.007133,0.081101,0.039456,0.007224,0.080204,1.01464922952149,0.987403100775194,1.01118398084884
2022-08-30,2022,8,0.040377,0.007819,0.085293,0.038643,0.007374,0.079674,1.04487229252387,1.06034716571739,1.07052488892236
2022-08-31,2022,8,0.040212,0.00726,0.083991,0.038542,0.007054,0.08058,1.04332935498936,1.02920328891409,1.04233060312733
2022-09-01,2022,9,0.038472,0.007085,0.079785,0.039343,0.007409,0.081133,0.977861373052385,0.956269402078553,0.983385305609308
2022-09-02,2022,9,0.039305,0.007013,0.082915,0.03782,0.007119,0.078363,1.03926493918562,0.985110268296109,1.05808863877085
2022-09-05,2022,9,0.040105,0.007142,0.079724,0.037507,0.007046,0.080032,1.06926707014691,1.01362475163213,0.996151539384246
2022-09-06,2022,9,0.040666,0.007466,0.083788,0.03812,0.007199,0.078683,1.06678908709339,1.03708848451174,1.06488059682524
2022-09-07,2022,9,0.041638,0.007456,0.083347,0.037217,0.007047,0.078629,1.11878980036005,1.05803888179367,1.06000330666802
2022-09-08,2022,9,0.042948,0.007136,0.083674,0.038775,0.007142,0.076857,1.10762088974855,0.999159899187903,1.08869719088697
2022-09-09,2022,9,0.042348,0.007736,0.08215,0.037039,0.006738,0.076347,1.14333540322363,1.14811516770555,1.07600822560153
2022-09-13,2022,9,0.040655,0.007065,0.078275,0.035783,0.006571,0.075461,1.13615403962776,1.07517881600974,1.03729078596891
2022-09-14,2022,9,0.0396,0.007204,0.07529,0.036544,0.006952,0.07662,1.08362521891419,1.03624856156502,0.982641607935265
2022-09-15,2022,9,0.03871,0.007001,0.077456,0.034624,0.006541,0.075197,1.1180106284658,1.07032563828161,1.03004109206484
2022-09-16,2022,9,0.039759,0.007056,0.08714,0.034262,0.006419,0.07433,1.16044013776195,1.09923664122137,1.17233956679672
2022-09-19,2022,9,0.03829,0.007284,0.083578,0.035708,0.006504,0.074565,1.07230872633584,1.11992619926199,1.12087440488165
2022-09-20,2022,9,0.03934,0.007374,0.084604,0.034632,0.006499,0.068583,1.13594363594364,1.13463609786121,1.23360016330578
2022-09-21,2022,9,0.040752,0.007402,0.083754,0.035073,0.006519,0.075453,1.16191942519887,1.13545022242675,1.1100155063417
2022-09-22,2022,9,0.039613,0.007081,0.085317,0.034757,0.006304,0.071413,1.13971286359582,1.12325507614213,1.19469844426085
2022-09-23,2022,9,0.037042,0.006664,0.077512,0.034718,0.006291,0.074484,1.06693933982372,1.05929105070736,1.04065302615327
2022-09-26,2022,9,0.036656,0.006596,0.081012,0.035753,0.006392,0.069922,1.02525662182194,1.03191489361702,1.15860530305197
2022-09-27,2022,9,0.037158,0.006865,0.079849,0.032879,0.006066,0.068728,1.13014386082302,1.13171777118365,1.16181177976953
2022-09-28,2022,9,0.036654,0.006603,0.082733,0.034988,0.006208,0.069191,1.04761632559735,1.06362757731959,1.19571909641427
2022-09-29,2022,9,0.03849,0.006574,0.082798,0.033941,0.006291,0.068599,1.13402669337969,1.04498489906215,1.20698552457033
2022-09-30,2022,9,0.038585,0.006576,0.080578,0.030789,0.00585,0.068032,1.25320731430056,1.12410256410256,1.1844132173095
2022-10-10,2022,10,0.037843,0.006903,0.08313,0.0338,0.006284,0.070029,1.11961538461538,1.09850413749204,1.18707963843551
2022-10-11,2022,10,0.036721,0.006666,0.077927,0.033337,0.006316,0.070901,1.10150883402826,1.05541481950602,1.09909592248346
2022-10-12,2022,10,0.036883,0.007101,0.078742,0.032836,0.006226,0.070186,1.12324887318796,1.14053967234179,1.12190465334967
2022-10-13,2022,10,0.035868,0.006567,0.079597,0.03352,0.006284,0.071022,1.0700477326969,1.04503500954806,1.1207372363493
2022-10-14,2022,10,0.034978,0.006427,0.079298,0.035287,0.006054,0.069619,0.991243234052201,1.0616121572514,1.13902813887014
2022-10-17,2022,10,0.036318,0.006684,0.078223,0.033741,0.006364,0.067481,1.07637592246821,1.05028284098052,1.15918554852477
2022-10-18,2022,10,0.035422,0.006447,0.075146,0.033277,0.006313,0.068085,1.06445893560117,1.02122604150166,1.10370859954469
2022-10-19,2022,10,0.036007,0.006537,0.07518,0.034246,0.006388,0.068006,1.05142206389067,1.02332498434565,1.10549069199776
2022-10-20,2022,10,0.037191,0.006625,0.072383,0.0325,0.006304,0.069787,1.14433846153846,1.05092005076142,1.03719890524023
2022-10-21,2022,10,0.035449,0.006527,0.073637,0.032257,0.006104,0.072116,1.09895526552376,1.06929882044561,1.0210910200233
2022-10-24,2022,10,0.034595,0.006478,0.071605,0.033462,0.006343,0.072685,1.03385930309007,1.02128330443008,0.985141363417486
2022-10-25,2022,10,0.035248,0.006542,0.073264,0.034209,0.006377,0.070071,1.03037212429478,1.02587423553395,1.04556806667523
2022-10-26,2022,10,0.034633,0.006285,0.071072,0.033087,0.006306,0.071038,1.04672529996675,0.996669838249286,1.00047861707818
2022-10-27,2022,10,0.03448,0.006179,0.074784,0.033805,0.006494,0.070384,1.01996746043485,0.951493686479827,1.06251420777449
2022-10-28,2022,10,0.036058,0.006227,0.078249,0.034969,0.006477,0.074123,1.03114186851211,0.961401883588081,1.05566423377359
2022-10-31,2022,10,0.035817,0.006363,0.080001,0.034271,0.00677,0.075936,1.04511102681567,0.939881831610044,1.0535319216182
2022-11-01,2022,11,0.037198,0.006766,0.080853,0.035938,0.006815,0.07351,1.0350603817686,0.992809977989729,1.09989117126921
2022-11-02,2022,11,0.037718,0.006605,0.080455,0.036779,0.006857,0.072865,1.02553087359635,0.963249234359049,1.10416523708228
2022-11-03,2022,11,0.03837,0.006664,0.08062,0.037255,0.006485,0.076824,1.02992886860824,1.02760215882806,1.04941164219515
2022-11-04,2022,11,0.038312,0.006891,0.08683,0.036307,0.006653,0.076401,1.05522351061779,1.03577333533744,1.13650344890774
2022-11-07,2022,11,0.038985,0.006595,0.079013,0.035625,0.006388,0.075883,1.09431578947368,1.03240450845335,1.04124771029084
2022-11-08,2022,11,0.037467,0.006326,0.081306,0.034478,0.006213,0.073693,1.08669296362898,1.01818767101239,1.10330696266945
2022-11-09,2022,11,0.036078,0.00621,0.081688,0.03546,0.006289,0.075227,1.01742808798646,0.98743838448084,1.08588671620562
2022-11-10,2022,11,0.037193,0.006452,0.081333,0.034722,0.006385,0.072751,1.07116525545763,1.01049334377447,1.11796401424035
2022-11-11,2022,11,0.034219,0.006303,0.07783,0.037088,0.00624,0.075706,0.922643442622951,1.01009615384615,1.02805590045703
2022-11-14,2022,11,0.035859,0.006793,0.075499,0.031905,0.006277,0.069718,1.12393041842971,1.08220487494026,1.08291976247167
2022-11-15,2022,11,0.037327,0.006733,0.081615,0.033736,0.006235,0.070608,1.10644415461228,1.07987169206095,1.15588885112169
2022-11-16,2022,11,0.038804,0.00677,0.078209,0.033562,0.006306,0.074321,1.15618854657053,1.07358071677767,1.05231361257249
2022-11-17,2022,11,0.038094,0.006639,0.079184,0.033619,0.006263,0.071823,1.13310925369583,1.06003512693597,1.10248806092756
2022-11-18,2022,11,0.038719,0.006799,0.077022,0.03415,0.00623,0.071122,1.13379209370425,1.09133226324238,1.08295604735525
2022-11-21,2022,11,0.037553,0.006465,0.082077,0.03635,0.006452,0.075523,1.03309491059147,1.00201487910725,1.08678151026839
2022-11-22,2022,11,0.037518,0.006543,0.081349,0.036291,0.006751,0.076619,1.033810035546,0.969189749666716,1.06173403463893
2022-11-23,2022,11,0.038756,0.006637,0.080656,0.035631,0.006232,0.075803,1.08770452695686,1.06498716302953,1.06402121288076
2022-11-24,2022,11,0.039486,0.006747,0.079736,0.034882,0.006394,0.078352,1.13198784473367,1.05520800750704,1.01766387584235
2022-11-25,2022,11,0.035394,0.00614,0.079264,0.034415,0.006051,0.078458,1.02844689815487,1.01470831267559,1.01027301231232
2022-11-28,2022,11,0.038374,0.006627,0.077165,0.033345,0.006258,0.074651,1.15081721397511,1.05896452540748,1.03367670895232
2022-11-29,2022,11,0.038845,0.006483,0.083306,0.034205,0.006361,0.073435,1.13565268235638,1.01917937431222,1.13441819295976
2022-11-30,2022,11,0.037872,0.006677,0.082601,0.036055,0.006499,0.076654,1.05039522951047,1.02738882905062,1.07758238317635
2022-12-01,2022,12,0.037817,0.006829,0.08229,0.035895,0.006667,0.080377,1.05354506198635,1.02429878506075,1.02380034089354
2022-12-02,2022,12,0.038752,0.007167,0.081638,0.035324,0.00633,0.076956,1.09704450232137,1.13222748815166,1.06083996049691
2022-12-05,2022,12,0.038135,0.006921,0.083349,0.033814,0.006167,0.079489,1.12778730703259,1.12226366142371,1.04856017813786
2022-12-06,2022,12,0.038289,0.006731,0.082059,0.034401,0.006397,0.076604,1.1130199703497,1.05221197436298,1.07121038065897
2022-12-07,2022,12,0.039345,0.006539,0.081198,0.036345,0.00645,0.078852,1.08254230293025,1.0137984496124,1.02975194034394
2022-12-08,2022,12,0.037472,0.006373,0.084539,0.034087,0.006193,0.079554,1.09930472027459,1.02906507347005,1.06266183975664
2022-12-09,2022,12,0.038077,0.006673,0.083432,0.036456,0.006517,0.081465,1.04446456001756,1.02393739450667,1.02414533848892
2022-12-12,2022,12,0.039841,0.006943,0.082975,0.034649,0.006326,0.081077,1.14984559438945,1.09753398672147,1.0234098449622
2022-12-13,2022,12,0.039705,0.006638,0.082968,0.033786,0.006362,0.080997,1.17519090747647,1.04338258409305,1.02433423460128
2022-12-14,2022,12,0.039346,0.006546,0.081689,0.035158,0.006219,0.082393,1.11911940383412,1.05258080077183,0.991455584819099
2022-12-15,2022,12,0.039372,0.006739,0.083044,0.034561,0.00602,0.080066,1.13920314805706,1.11943521594684,1.03719431469038
2022-12-16,2022,12,0.037742,0.006415,0.078136,0.034389,0.006123,0.080715,1.09750210823228,1.04768904131961,0.968048070371059
2022-12-19,2022,12,0.037932,0.006178,0.078613,0.035378,0.006326,0.07951,1.07219175758946,0.976604489408789,0.988718400201233
2022-12-20,2022,12,0.038434,0.006656,0.079702,0.035807,0.00649,0.080492,1.07336554305024,1.02557781201849,0.99018536003578
2022-12-21,2022,12,0.037122,0.006405,0.075611,0.035709,0.006285,0.080195,1.03956985633874,1.01909307875895,0.942839329135233
2022-12-22,2022,12,0.036288,0.006379,0.07359,0.035373,0.006757,0.075478,1.02586718683742,0.944058013911499,0.974986088661597
2022-12-23,2022,12,0.034531,0.0062,0.075364,0.035822,0.006439,0.077631,0.963960694545251,0.962882435160739,0.970797748322191
2022-12-26,2022,12,0.034864,0.006228,0.077107,0.036352,0.006475,0.080884,0.959066901408451,0.961853281853282,0.953303496365165
2022-12-27,2022,12,0.033992,0.005955,0.08041,0.036873,0.006863,0.079847,0.921866948715862,0.867696342707271,1.00705098500883
2022-12-28,2022,12,0.035528,0.006122,0.077421,0.037464,0.006613,0.077075,0.948323724108477,0.925752306063814,1.00448913396043
2022-12-29,2022,12,0.036796,0.00663,0.075781,0.036687,0.006278,0.077974,1.002971079674,1.05606881172348,0.97187524046477
2022-12-30,2022,12,0.036371,0.006314,0.075501,0.03749,0.006537,0.078206,0.970152040544145,0.965886492274744,0.965411860982533
2023-01-03,2023,1,0.03742,0.006744,0.074911,0.036887,0.006682,0.077266,1.01444953506655,1.00927865908411,0.969520875935081
2023-01-04,2023,1,0.036703,0.006407,0.077475,0.035966,0.006665,0.076602,1.02049157537674,0.961290322580645,1.01139656928018
2023-01-05,2023,1,0.037207,0.006325,0.079487,0.038074,0.006425,0.076547,0.977228554919368,0.98443579766537,1.03840777561498
2023-01-06,2023,1,0.036121,0.006077,0.078542,0.03623,0.006533,0.075324,0.996991443555065,0.930200520434716,1.04272210716372
2023-01-09,2023,1,0.035593,0.006341,0.077447,0.036082,0.006527,0.075279,0.986447536167618,0.971502987590011,1.02879953240612
2023-01-10,2023,1,0.036284,0.006557,0.07705,0.035364,0.006339,0.075496,1.02601515665649,1.03439028237892,1.02058387199322
2023-01-11,2023,1,0.036829,0.006785,0.076503,0.036205,0.006572,0.07547,1.01723518850987,1.03241022519781,1.01368755797005
2023-01-12,2023,1,0.036064,0.006572,0.073775,0.036029,0.006017,0.076071,1.0009714396736,1.09223865713811,0.969817670334293
2023-01-13,2023,1,0.035557,0.006637,0.073465,0.036514,0.005872,0.076831,0.973790874732979,1.13027929155313,0.956189558902006
2023-01-16,2023,1,0.036049,0.006817,0.073646,0.036254,0.00622,0.076824,0.994345451536382,1.0959807073955,0.958632718941997
2023-01-17,2023,1,0.037611,0.006558,0.074231,0.035182,0.006175,0.073107,1.06904098686828,1.06202429149798,1.01537472471856
2023-01-18,2023,1,0.037212,0.006647,0.075854,0.035318,0.006096,0.075429,1.05362704569908,1.09038713910761,1.00563443768312
2023-01-19,2023,1,0.037675,0.006671,0.073889,0.033852,0.005885,0.075195,1.11293276615857,1.13355989804588,0.982631823924463
2023-01-20,2023,1,0.035612,0.006779,0.077481,0.032564,0.005872,0.067024,1.09360029480408,1.15446185286104,1.15601873955598
2023-01-30,2023,1,0.037415,0.006629,0.077386,0.033572,0.005932,0.069594,1.11447039199333,1.11749831422792,1.11196367502946
2023-01-31,2023,1,0.034765,0.006326,0.080469,0.034282,0.005973,0.070313,1.01408902631118,1.05909928009376,1.14443986176098
2023-02-01,2023,2,0.035045,0.006274,0.079375,0.033254,0.006021,0.071223,1.05385818247429,1.04201959807341,1.11445740842144
2023-02-02,2023,2,0.033073,0.005878,0.073724,0.031985,0.005701,0.067414,1.03401594497421,1.03104718470444,1.09360073575222
2023-02-03,2023,2,0.031299,0.005581,0.072691,0.031113,0.005335,0.065829,1.00597820846591,1.04611059044049,1.10423977274454
2023-02-06,2023,2,0.030044,0.005434,0.068906,0.028728,0.005181,0.065276,1.0458089668616,1.04883227176221,1.05561002512409
2023-02-07,2023,2,0.028463,0.00523,0.070039,0.028443,0.005491,0.063394,1.00070316070738,0.952467674376252,1.10482064548695
2023-02-08,2023,2,0.029558,0.00538,0.066745,0.028312,0.005047,0.062905,1.04400960723368,1.06597978997424,1.06104443208012
2023-02-09,2023,2,0.02875,0.0054,0.065517,0.028873,0.005392,0.063467,0.995739964672878,1.00148367952522,1.03230025052389
2023-02-10,2023,2,0.029832,0.005417,0.065382,0.02796,0.005146,0.061095,1.06695278969957,1.05266226195103,1.07016940829855
2023-02-13,2023,2,0.031188,0.005305,0.067706,0.029481,0.005105,0.05921,1.05790169939961,1.03917727717924,1.14348927546023
2023-02-14,2023,2,0.029622,0.005178,0.067206,0.028348,0.005145,0.060008,1.04494144207704,1.0064139941691,1.11995067324357
2023-02-15,2023,2,0.028763,0.005173,0.067553,0.027696,0.005016,0.059464,1.03852541883304,1.03129984051037,1.13603188483788
2023-02-16,2023,2,0.02818,0.005216,0.066865,0.029382,0.005327,0.057399,0.959090599686883,0.97916275577248,1.16491576508302
2023-02-17,2023,2,0.028969,0.00519,0.066481,0.030083,0.005228,0.06576,0.962969118771399,0.992731446059679,1.01096411192214
2023-02-20,2023,2,0.028299,0.005151,0.062488,0.030521,0.005364,0.062703,0.927197667179975,0.960290827740492,0.996571136947196
2023-02-21,2023,2,0.03036,0.00542,0.065041,0.029767,0.005505,0.063131,1.01992138945812,0.98455949137148,1.03025455006257
2023-02-22,2023,2,0.029178,0.005528,0.06602,0.030979,0.005416,0.062203,0.941863843248652,1.02067946824225,1.06136359982637
2023-02-23,2023,2,0.028553,0.005408,0.063062,0.03041,0.005474,0.060453,0.938934560999671,0.987943003288272,1.04315749425173
2023-02-24,2023,2,0.02732,0.004894,0.066569,0.029732,0.005479,0.06199,0.91887528588726,0.893228691367038,1.07386675270205
2023-02-27,2023,2,0.027756,0.005016,0.066668,0.029884,0.005372,0.058642,0.928791326462321,0.933730454206999,1.13686436342553
2023-02-28,2023,2,0.028003,0.005016,0.067993,0.030205,0.005512,0.061427,0.927098162555868,0.910014513788099,1.10689110651668
2023-03-01,2023,3,0.028772,0.005063,0.067366,0.030815,0.00562,0.06321,0.933701119584618,0.900889679715302,1.06574909033381
2023-03-02,2023,3,0.028621,0.00505,0.063729,0.031464,0.005636,0.060763,0.90964276633613,0.896025550035486,1.04881259977289
2023-03-03,2023,3,0.028102,0.005073,0.063133,0.030909,0.005412,0.064059,0.909185027014785,0.937361419068736,0.985544576093913
2023-03-06,2023,3,0.028338,0.005064,0.062458,0.030449,0.005272,0.059238,0.930670957995336,0.960546282245827,1.05435700057396
2023-03-07,2023,3,0.027895,0.0049,0.063504,0.029616,0.005321,0.061333,0.941889519178822,0.920879533922195,1.03539693150506
2023-03-08,2023,3,0.026636,0.004783,0.058038,0.029042,0.005333,0.06017,0.917154465945872,0.896868554284643,0.964567059996676
2023-03-09,2023,3,0.028489,0.005025,0.059358,0.029751,0.005458,0.06023,0.957581257772848,0.920666910956394,0.985522165034036
2023-03-10,2023,3,0.028836,0.005486,0.060411,0.027378,0.005044,0.061112,1.05325443786982,1.08762886597938,0.988529257756251
2023-03-13,2023,3,0.029063,0.005306,0.061136,0.029377,0.005332,0.060159,0.989311366034653,0.995123780945236,1.01624029654748
2023-03-14,2023,3,0.028932,0.005118,0.060226,0.02938,0.005252,0.061719,0.984751531654186,0.974485910129475,0.975809718239116
2023-03-15,2023,3,0.02722,0.004878,0.061064,0.028941,0.005072,0.060339,0.940534190249128,0.961750788643533,1.01201544606308
2023-03-16,2023,3,0.028103,0.005099,0.063576,0.02936,0.00524,0.060269,0.957186648501362,0.973091603053435,1.05487066319335
2023-03-17,2023,3,0.027156,0.005115,0.062148,0.031139,0.005413,0.062128,0.872089662481133,0.94494734897469,1.0003219160443
2023-03-20,2023,3,0.027883,0.005175,0.061087,0.029397,0.00522,0.062793,0.948498146069327,0.991379310344828,0.972831366553597
2023-03-21,2023,3,0.027387,0.005092,0.059372,0.029321,0.005148,0.062186,0.934040448825074,0.989121989121989,0.954748657254044
2023-03-22,2023,3,0.028391,0.005213,0.059028,0.030082,0.005414,0.062454,0.943786982248521,0.962874030291836,0.945143625708521
2023-03-23,2023,3,0.02853,0.005004,0.060447,0.031164,0.005742,0.064058,0.915479399306893,0.871473354231975,0.943629211027506
2023-03-24,2023,3,0.02646,0.00477,0.057486,0.030719,0.005506,0.063226,0.861356163937628,0.86632764257174,0.909214563628887
2023-03-27,2023,3,0.027826,0.00525,0.059464,0.030684,0.005523,0.063126,0.906856993873028,0.950570342205323,0.941989037797421
2023-03-28,2023,3,0.027413,0.004868,0.057247,0.029544,0.005297,0.062408,0.927870295152992,0.919010760808005,0.91730226893988
2023-03-29,2023,3,0.027969,0.005114,0.05527,0.028521,0.005323,0.060841,0.980645839907437,0.960736426826977,0.908433457701221
2023-03-30,2023,3,0.027821,0.004875,0.056915,0.029741,0.00546,0.061592,0.935442654920816,0.892857142857143,0.924064813612157
2023-03-31,2023,3,0.026344,0.004796,0.058748,0.029108,0.005374,0.062776,0.905043287068847,0.892445106066245,0.935835351089588
2023-04-03,2023,4,0.027308,0.004667,0.061331,0.028971,0.005494,0.061307,0.942597770183977,0.849472151437932,1.00039147242566
2023-04-04,2023,4,0.025178,0.004516,0.058248,0.030097,0.005701,0.062813,0.836561783566468,0.792141729521137,0.927323961600306
2023-04-06,2023,4,0.026527,0.004624,0.06018,0.030186,0.005684,0.062602,0.87878486715696,0.813511611541168,0.961311140219162
2023-04-07,2023,4,0.026195,0.004769,0.05983,0.031175,0.0059,0.064418,0.840256615878107,0.808305084745763,0.928777670837344
2023-04-10,2023,4,0.025799,0.004525,0.058193,0.031306,0.005572,0.063976,0.824091228518495,0.812096195262024,0.909606727522821
2023-04-11,2023,4,0.026214,0.004577,0.056244,0.030787,0.005794,0.062805,0.851463279955826,0.789955125992406,0.89553379508001
2023-04-12,2023,4,0.025502,0.004695,0.055901,0.03115,0.005602,0.062762,0.81868378812199,0.838093538022135,0.890682259966222
2023-04-13,2023,4,0.026455,0.004783,0.056697,0.031182,0.005562,0.063834,0.848406131742672,0.859942466738583,0.888194379170975
2023-04-14,2023,4,0.026112,0.004638,0.056781,0.030394,0.005572,0.063524,0.859116930973218,0.832376166547021,0.893851142875134
2023-04-17,2023,4,0.027956,0.004884,0.057783,0.027766,0.005258,0.060453,1.00684290139019,0.928870292887029,0.955833457396655
2023-04-18,2023,4,0.028355,0.004861,0.055542,0.028825,0.005443,0.061436,0.983694709453599,0.893073672607018,0.904062764502897
2023-04-19,2023,4,0.027257,0.004831,0.057998,0.027325,0.005158,0.060529,0.997511436413541,0.936603334625824,0.958185332650465
2023-04-20,2023,4,0.025871,0.00454,0.056032,0.028331,0.00533,0.061402,0.913169319826339,0.851782363977486,0.912543565356177
2023-04-21,2023,4,0.027517,0.004901,0.055341,0.029062,0.005403,0.063307,0.94683779505884,0.907088654451231,0.874168733315431
2023-04-24,2023,4,0.027292,0.004844,0.0564,0.032713,0.00583,0.064544,0.834286063644423,0.830874785591767,0.873822508676252
2023-04-25,2023,4,0.026498,0.004613,0.0601,0.032022,0.00562,0.067245,0.827493598151271,0.820818505338078,0.893746746970035
2023-04-26,2023,4,0.026012,0.004752,0.059602,0.031716,0.005684,0.06291,0.820153865556817,0.836030964109782,0.947416944841838
2023-04-27,2023,4,0.025775,0.004686,0.059188,0.033202,0.005673,0.060857,0.776308656105054,0.826017979904812,0.972575052993082
2023-04-28,2023,4,0.027626,0.004443,0.058083,0.033098,0.005568,0.063311,0.83467278989667,0.797952586206897,0.917423512501777
2023-05-04,2023,5,0.02599,0.004736,0.057996,0.031862,0.005487,0.064418,0.815705228799196,0.863131036996537,0.900307367505977
2023-05-05,2023,5,0.026461,0.004613,0.060349,0.031634,0.005827,0.065253,0.836473414680407,0.791659516045993,0.924846367216833
2023-05-08,2023,5,0.027228,0.00464,0.05885,0.031627,0.005644,0.06546,0.860909981977424,0.822111977321049,0.899022303696914
2023-05-09,2023,5,0.02643,0.004503,0.059922,0.030844,0.005555,0.062877,0.856892750616003,0.810621062106211,0.953003482990601
2023-05-10,2023,5,0.027729,0.004922,0.05891,0.032017,0.005585,0.066391,0.866071149701721,0.881289167412713,0.887319064331009
2023-05-11,2023,5,0.027066,0.004771,0.058637,0.030355,0.005405,0.065949,0.891648822269807,0.882701202590194,0.889126446193271
2023-05-12,2023,5,0.027133,0.005313,0.059832,0.030901,0.005584,0.064898,0.878062198634348,0.951468481375358,0.921939042805634
2023-05-15,2023,5,0.02731,0.005021,0.059126,0.030602,0.005369,0.065179,0.892425331677668,0.935183460607189,0.907132665429049
2023-05-16,2023,5,0.027215,0.005053,0.058866,0.028435,0.005237,0.063892,0.957095129242131,0.964865380943288,0.921336004507607
2023-05-17,2023,5,0.026686,0.004807,0.057801,0.030091,0.005406,0.064022,0.886843242165432,0.889197188309286,0.90283027709225
2023-05-18,2023,5,0.02665,0.00455,0.057034,0.031806,0.005599,0.062209,0.83789222159341,0.812645115199143,0.916812679837323
2023-05-19,2023,5,0.025444,0.004585,0.055373,0.030762,0.005503,0.063139,0.827124374227944,0.833181900781392,0.877001536292941
2023-05-22,2023,5,0.026407,0.004715,0.054511,0.029592,0.005585,0.057536,0.892369559340362,0.844225604297225,0.947424221357063
2023-05-23,2023,5,0.02775,0.004784,0.0572,0.028644,0.005335,0.060642,0.968789275240888,0.89671977507029,0.943240658289634
2023-05-24,2023,5,0.024348,0.004376,0.055648,0.02886,0.005323,0.057995,0.843659043659044,0.822092804809318,0.959530994051211
2023-05-25,2023,5,0.02544,0.004412,0.055322,0.03118,0.005445,0.061869,0.81590763309814,0.810284664830119,0.894179637621426
2023-05-26,2023,5,0.026247,0.004615,0.056662,0.030209,0.005471,0.060565,0.868847032341355,0.843538658380552,0.935556839758937
2023-05-29,2023,5,0.02719,0.00476,0.055915,0.030238,0.005435,0.059886,0.899199682518685,0.875804967801288,0.933690678956684
2023-05-30,2023,5,0.02707,0.004739,0.05375,0.02963,0.005349,0.063886,0.9136010799865,0.885959992521967,0.841342391134208
2023-05-31,2023,5,0.027428,0.004851,0.056637,0.029902,0.00555,0.061597,0.917263059327135,0.874054054054054,0.919476597886261
2023-06-01,2023,6,0.026792,0.004699,0.057623,0.030633,0.005393,0.060723,0.874612346162635,0.871314667161135,0.948948503861799
2023-06-02,2023,6,0.026216,0.004648,0.058258,0.030133,0.005398,0.059739,0.870009624000265,0.86105965172286,0.975208825055659
2023-06-05,2023,6,0.025718,0.00459,0.057363,0.031678,0.005572,0.061222,0.811856809141991,0.823761665470208,0.936967103328869
2023-06-06,2023,6,0.027077,0.004979,0.057504,0.03222,0.005662,0.063144,0.840378646803228,0.879371246909219,0.910680349676929
2023-06-07,2023,6,0.027476,0.004725,0.057945,0.029876,0.005514,0.062203,0.919667960905074,0.856909684439608,0.931546709965757
2023-06-08,2023,6,0.026341,0.004543,0.057486,0.030498,0.00546,0.059787,0.863695980064267,0.832051282051282,0.961513372472277
2023-06-09,2023,6,0.02654,0.004661,0.058275,0.030174,0.005446,0.06128,0.879565188572944,0.855857510099155,0.950962793733681
2023-06-12,2023,6,0.027409,0.004715,0.060004,0.030726,0.005492,0.062909,0.892045824383258,0.858521485797524,0.953822187604317
2023-06-13,2023,6,0.027738,0.004788,0.0575,0.031783,0.005866,0.06875,0.872730705093918,0.816229116945107,0.836363636363636
2023-06-14,2023,6,0.028304,0.004745,0.057949,0.031293,0.005569,0.069425,0.90448343079922,0.852038067875741,0.834699315808426
2023-06-15,2023,6,0.028729,0.005039,0.056517,0.031914,0.005927,0.071389,0.900200538948424,0.850177155390585,0.791676588830212
2023-06-16,2023,6,0.027693,0.004907,0.059441,0.031887,0.005746,0.066382,0.868473045441716,0.853985381134702,0.895438522491037
2023-06-19,2023,6,0.026929,0.004556,0.053325,0.031252,0.005803,0.065333,0.861672852937412,0.78511114940548,0.816203143893591
2023-06-20,2023,6,0.026262,0.004778,0.055604,0.031852,0.005852,0.066806,0.824500816275273,0.816473000683527,0.832320450258959
2023-06-21,2023,6,0.02782,0.004731,0.057484,0.031786,0.005778,0.064377,0.875228087837413,0.818795430944964,0.892927598365876
2023-06-26,2023,6,0.026595,0.004552,0.053611,0.031137,0.005629,0.063608,0.854128528759996,0.808669390655534,0.842834234687461
2023-06-27,2023,6,0.027868,0.004806,0.058743,0.029337,0.005563,0.062939,0.949926713706241,0.863922344058961,0.933332274106675
2023-06-28,2023,6,0.028787,0.004804,0.057847,0.030169,0.005615,0.062203,0.954191388511386,0.855565449688335,0.929971223252898
2023-06-29,2023,6,0.027332,0.004834,0.056917,0.03091,0.005851,0.065087,0.884244581041734,0.826183558366091,0.874475701753038
2023-06-30,2023,6,0.027374,0.00506,0.058321,0.031118,0.00582,0.065136,0.879683784304904,0.869415807560138,0.895372758535986
2023-07-03,2023,7,0.027154,0.004932,0.057895,0.030751,0.005803,0.065736,0.883028194205067,0.849905221437188,0.880719849093343
2023-07-04,2023,7,0.026831,0.005058,0.057434,0.030257,0.005734,0.066282,0.886770003635522,0.882106731775375,0.866509761322833
2023-07-05,2023,7,0.027626,0.005018,0.061764,0.030538,0.005838,0.067441,0.904643395114284,0.859540938677629,0.915822719117451
2023-07-06,2023,7,0.027318,0.00489,0.059963,0.029719,0.005795,0.065561,0.91920993303947,0.843830888697153,0.914613871051387
2023-07-07,2023,7,0.027806,0.004958,0.056442,0.030093,0.005828,0.065146,0.924002259661715,0.850720658888126,0.866392410892457
2023-07-10,2023,7,0.027482,0.004685,0.060307,0.02954,0.005635,0.063203,0.930331753554502,0.831410825199645,0.954179390218819
2023-07-11,2023,7,0.02711,0.004658,0.058591,0.030949,0.005951,0.063609,0.875957219942486,0.782725592337422,0.921111792356427
2023-07-12,2023,7,0.027364,0.004796,0.059265,0.030641,0.00593,0.060875,0.893051793348781,0.808768971332209,0.973552361396304
2023-07-13,2023,7,0.027153,0.004692,0.056623,0.029054,0.005537,0.064203,0.934570110828113,0.847390283547047,0.881936981137953
2023-07-14,2023,7,0.026714,0.00465,0.056656,0.029943,0.005682,0.066279,0.892161774037338,0.818373812038015,0.854810724362166
2023-07-17,2023,7,0.026022,0.004687,0.057113,0.029212,0.005442,0.062191,0.890798302067643,0.861264241087835,0.918348314064736
2023-07-18,2023,7,0.026983,0.004884,0.057578,0.028488,0.005438,0.061323,0.947170738556585,0.898124310408238,0.938929928411852
2023-07-19,2023,7,0.026695,0.004828,0.057184,0.028448,0.005356,0.059561,0.93837879640045,0.901418969380134,0.960091334933933
2023-07-20,2023,7,0.025996,0.004672,0.05644,0.027684,0.005476,0.061539,0.939026152290131,0.85317750182615,0.917141975007719
2023-07-21,2023,7,0.026956,0.004692,0.057282,0.02892,0.005477,0.059253,0.932088520055325,0.856673361329195,0.966735861475368
2023-07-24,2023,7,0.025887,0.004721,0.055191,0.028942,0.005326,0.063393,0.894444060534863,0.886406308674427,0.870616629596328
2023-07-25,2023,7,0.025392,0.004363,0.056385,0.027917,0.005195,0.062243,0.909553318766343,0.839846005774783,0.905884999116366
2023-07-26,2023,7,0.025009,0.004651,0.053568,0.027776,0.005264,0.055254,0.900381624423963,0.883548632218845,0.969486372027365
2023-07-27,2023,7,0.024267,0.004364,0.05665,0.027234,0.005075,0.058016,0.891055298523904,0.859901477832512,0.976454771097628
2023-07-28,2023,7,0.026365,0.004601,0.054585,0.026778,0.005036,0.058445,0.984576891478079,0.913621922160445,0.933955000427753
2023-07-31,2023,7,0.025149,0.004345,0.050743,0.026443,0.004869,0.056988,0.951064553946224,0.892380365578147,0.890415526075665
2023-08-01,2023,8,0.025792,0.004739,0.052135,0.027783,0.005213,0.056367,0.92833747255516,0.909073470170727,0.924920609576525
2023-08-02,2023,8,0.025268,0.004405,0.049948,0.026705,0.004726,0.057609,0.946189852087624,0.93207786711807,0.867017306323665
2023-08-03,2023,8,0.023421,0.004302,0.048248,0.026898,0.004706,0.054606,0.870733883560116,0.914152146196345,0.883565908508222
2023-08-04,2023,8,0.024143,0.0044,0.049666,0.026703,0.004846,0.055088,0.904130622027488,0.907965332232769,0.901575660760964
2023-08-07,2023,8,0.025688,0.004465,0.048821,0.027279,0.004855,0.057057,0.941676747681367,0.91967044284243,0.855653118811014
2023-08-08,2023,8,0.024301,0.004427,0.049924,0.028372,0.004773,0.055584,0.85651346397857,0.92750890425309,0.898172135866436
2023-08-09,2023,8,0.024341,0.004154,0.048803,0.025938,0.004649,0.053977,0.93843010255224,0.893525489352549,0.904144357782018
2023-08-10,2023,8,0.023491,0.004179,0.048621,0.026812,0.004576,0.05391,0.876137550350589,0.913243006993007,0.90189204229271
2023-08-11,2023,8,0.022418,0.004271,0.050223,0.025724,0.004646,0.055198,0.871481884621365,0.91928540680155,0.909869922823291
2023-08-14,2023,8,0.022059,0.004065,0.048784,0.025765,0.004524,0.055047,0.856161459344071,0.898541114058355,0.886224499064436
2023-08-15,2023,8,0.022422,0.00425,0.048457,0.025744,0.004672,0.054193,0.870960223741454,0.909674657534247,0.894156071817393
2023-08-16,2023,8,0.02218,0.00415,0.047209,0.024923,0.004558,0.053828,0.889941018336476,0.910487055726196,0.877034257263878
2023-08-17,2023,8,0.022225,0.004101,0.045709,0.025027,0.004719,0.051278,0.888040915810924,0.869040050858233,0.891395920277702
2023-08-18,2023,8,0.022048,0.004224,0.046911,0.024588,0.004522,0.053208,0.896697576053359,0.934099955771783,0.881653134866937
2023-08-21,2023,8,0.022577,0.004155,0.046532,0.024956,0.004345,0.053953,0.904672223112678,0.956271576524741,0.862454358423072
2023-08-22,2023,8,0.021122,0.003956,0.045412,0.025325,0.004577,0.054634,0.834037512339585,0.864321608040201,0.831204012153604
2023-08-23,2023,8,0.022048,0.004023,0.044883,0.024561,0.004668,0.053609,0.897683319083099,0.861825192802056,0.837228823518439
2023-08-24,2023,8,0.021874,0.004034,0.044619,0.026431,0.004887,0.054534,0.827588816162839,0.825455289543687,0.818186819232039
2023-08-25,2023,8,0.022104,0.003775,0.044701,0.025532,0.004675,0.057178,0.865737114209619,0.807486631016043,0.781786701178775
2023-08-28,2023,8,0.022048,0.003937,0.044568,0.026956,0.004684,0.058225,0.817925508235643,0.840520922288642,0.765444396736797
2023-08-29,2023,8,0.02289,0.004117,0.045002,0.026505,0.004817,0.057071,0.863610639501981,0.8546813369317,0.788526572164497
2023-08-30,2023,8,0.022428,0.003981,0.043474,0.026718,0.004776,0.058319,0.839434089377948,0.833542713567839,0.745451739570294
2023-08-31,2023,8,0.022255,0.003908,0.046515,0.026095,0.004703,0.057475,0.852845372676758,0.830958962364448,0.809308394954328
2023-09-01,2023,9,0.02244,0.004095,0.046798,0.026278,0.004714,0.056924,0.853946266839181,0.86868901145524,0.822113695453587
2023-09-04,2023,9,0.023004,0.004355,0.050757,0.027654,0.004651,0.057558,0.831850726838794,0.936357772522038,0.881840925674971
2023-09-05,2023,9,0.023908,0.004444,0.04748,0.02537,0.004837,0.054001,0.942372881355932,0.918751292123217,0.879242976981908
2023-09-06,2023,9,0.022903,0.004284,0.047497,0.025006,0.004584,0.051418,0.915900183955851,0.934554973821989,0.923742658213077
2023-09-07,2023,9,0.023882,0.004295,0.049027,0.026088,0.004849,0.05424,0.915440049064704,0.885749639100846,0.9038901179941
2023-09-08,2023,9,0.022955,0.004062,0.046623,0.025398,0.004786,0.053121,0.903811323726278,0.848725449226912,0.877675495566725
2023-09-11,2023,9,0.022975,0.004255,0.048401,0.025276,0.004615,0.054948,0.908965026111726,0.921993499458288,0.88085098638713
2023-09-12,2023,9,0.024917,0.004361,0.049712,0.026352,0.004829,0.052392,0.945544930176078,0.903085524953407,0.948847152236983
2023-09-13,2023,9,0.023432,0.004278,0.049412,0.025834,0.004886,0.053679,0.907021754277309,0.87556283258289,0.920508951359004
2023-09-14,2023,9,0.023907,0.004315,0.049661,0.024736,0.004647,0.053611,0.966486093143596,0.928556057671616,0.926321090820914
2023-09-15,2023,9,0.022626,0.004072,0.048022,0.024028,0.004489,0.055336,0.941651406692192,0.907106259746046,0.867825646956773
2023-09-18,2023,9,0.023656,0.004228,0.049043,0.024512,0.004461,0.051602,0.965078328981723,0.947769558394979,0.950408898879888
2023-09-19,2023,9,0.024451,0.004185,0.049906,0.025668,0.004835,0.052593,0.952586878603709,0.865563598759049,0.948909550700664
2023-09-20,2023,9,0.024163,0.00419,0.0466,0.024459,0.004275,0.053093,0.987898115213214,0.980116959064327,0.877705158872168
2023-09-21,2023,9,0.02364,0.004276,0.04663,0.025018,0.004505,0.050647,0.944919657846351,0.949167591564928,0.920686319031729
2023-09-22,2023,9,0.022904,0.004199,0.046018,0.024885,0.00468,0.052064,0.920393811533052,0.897222222222222,0.883873693915181
2023-09-25,2023,9,0.022685,0.004207,0.046463,0.024702,0.004325,0.051883,0.9183466925755,0.97271676300578,0.895534182680261
2023-09-26,2023,9,0.023611,0.004351,0.046952,0.024168,0.004451,0.05191,0.976952995696789,0.977533138620535,0.904488537853978
2023-09-27,2023,9,0.022705,0.004121,0.045698,0.025706,0.004486,0.051113,0.883256827199876,0.918635755684351,0.894058263064191
2023-09-28,2023,9,0.023029,0.004111,0.046167,0.025462,0.004429,0.052453,0.904445840860891,0.928200496726123,0.880159380778983
2023-10-09,2023,10,0.0224,0.004017,0.04737,0.025778,0.004689,0.05247,0.868958026223912,0.856685860524632,0.902801600914808
2023-10-10,2023,10,0.022642,0.004015,0.047377,0.026379,0.004431,0.053213,0.858334281056901,0.906116000902731,0.890327551538158
2023-10-11,2023,10,0.021762,0.004033,0.045625,0.025546,0.004352,0.054565,0.85187504893134,0.926700367647059,0.836158709795657
2023-10-12,2023,10,0.023422,0.004246,0.04734,0.025296,0.004457,0.053696,0.925917141049968,0.952658739062149,0.881629916567342
2023-10-13,2023,10,0.023915,0.004466,0.046494,0.025373,0.004271,0.057358,0.942537342844756,1.04565675485835,0.810593116914816
2023-10-16,2023,10,0.02199,0.004028,0.044706,0.026706,0.004561,0.058283,0.823410469557403,0.883139662354747,0.767050426367895
2023-10-17,2023,10,0.02304,0.004119,0.045829,0.025344,0.004328,0.057714,0.909090909090909,0.951709796672828,0.794070762726548
2023-10-18,2023,10,0.022825,0.004044,0.046193,0.02493,0.004239,0.05641,0.915563578018452,0.953998584571833,0.818879631271051
2023-10-19,2023,10,0.022775,0.00413,0.049016,0.024935,0.004577,0.055148,0.913374774413475,0.9023377758357,0.88880829767172
2023-10-20,2023,10,0.023747,0.004153,0.046348,0.024564,0.004421,0.053548,0.966739944634424,0.939380230717032,0.86554119668335
2023-10-23,2023,10,0.023084,0.004272,0.048993,0.024705,0.004282,0.05541,0.934385751872091,0.997664642690332,0.884190579317813
2023-10-24,2023,10,0.023288,0.004127,0.04747,0.024623,0.00446,0.052175,0.945782398570442,0.925336322869955,0.909822712026833
2023-10-25,2023,10,0.023215,0.004242,0.051588,0.02479,0.004531,0.054607,0.936466317063332,0.936217170602516,0.944714047649569
2023-10-26,2023,10,0.023248,0.004219,0.049547,0.025743,0.004526,0.055117,0.903080449054112,0.932169686257181,0.898942250122467
2023-10-27,2023,10,0.024494,0.004415,0.052105,0.024921,0.00453,0.058037,0.982865856105293,0.974613686534216,0.897789341282285
2023-10-30,2023,10,0.024238,0.004432,0.050702,0.026423,0.00471,0.057974,0.91730689172312,0.940976645435244,0.874564459930314
2023-10-31,2023,10,0.025216,0.004477,0.049008,0.026857,0.004511,0.058658,0.938898611162825,0.99246286854356,0.835487060588496
2023-11-01,2023,11,0.024484,0.004398,0.047889,0.026219,0.00481,0.057705,0.933826614287349,0.914345114345114,0.829893423446842
2023-11-02,2023,11,0.022672,0.004127,0.047654,0.026693,0.004739,0.05765,0.849361255759937,0.870858830976999,0.826608846487424
2023-11-03,2023,11,0.022811,0.004227,0.047111,0.025369,0.004568,0.056144,0.899168276242658,0.925350262697023,0.839110145340553
2023-11-06,2023,11,0.024092,0.004179,0.04842,0.025543,0.004782,0.055883,0.943193830012136,0.873902132998745,0.866453125279602
2023-11-07,2023,11,0.023664,0.004532,0.048079,0.026023,0.004524,0.058618,0.90934942166545,1.00176834659593,0.820208809580675
2023-11-08,2023,11,0.023985,0.004301,0.047918,0.025752,0.004776,0.061707,0.931383970177074,0.900544388609715,0.776540749023612
2023-11-09,2023,11,0.024049,0.004516,0.047903,0.026357,0.004836,0.057267,0.91243312971886,0.933829611248966,0.83648523582517
2023-11-10,2023,11,0.02272,0.004467,0.047699,0.027672,0.004937,0.054404,0.82104654524429,0.904800486125177,0.876755385633409
2023-11-13,2023,11,0.02387,0.004278,0.049287,0.027746,0.004876,0.053573,0.860304187991062,0.877358490566038,0.91999701342094
2023-11-14,2023,11,0.024108,0.004487,0.049267,0.026885,0.004816,0.059353,0.896708201599405,0.931686046511628,0.830067561875558
2023-11-15,2023,11,0.02495,0.004525,0.050778,0.027027,0.004728,0.059344,0.923150923150923,0.957064297800338,0.855655163116743
2023-11-16,2023,11,0.02382,0.004312,0.049198,0.026499,0.004859,0.057757,0.898901845352655,0.887425396172052,0.85181017019582
2023-11-17,2023,11,0.025093,0.004143,0.049806,0.028217,0.004914,0.057567,0.889286600276429,0.843101343101343,0.865183177862317
2023-11-20,2023,11,0.025598,0.004532,0.049613,0.027497,0.004845,0.057949,0.930937920500418,0.935397316821465,0.856149372724292
2023-11-21,2023,11,0.024955,0.004351,0.049643,0.028477,0.004765,0.058782,0.876321241703831,0.91311647429171,0.844527236228777
2023-11-22,2023,11,0.025225,0.004537,0.050439,0.027205,0.00485,0.056207,0.927219261165227,0.935463917525773,0.897379329976693
2023-11-23,2023,11,0.024934,0.004393,0.050033,0.026463,0.004734,0.058041,0.942221214525942,0.927967891846219,0.86202856601368
2023-11-24,2023,11,0.023896,0.004337,0.049811,0.026247,0.004876,0.059078,0.910427858421915,0.889458572600492,0.843139578184773
2023-11-27,2023,11,0.024625,0.00452,0.05036,0.027397,0.004944,0.056052,0.898821038799869,0.914239482200647,0.898451437950475
2023-11-28,2023,11,0.022965,0.004498,0.046112,0.026683,0.004789,0.055062,0.860660345538358,0.93923574859052,0.837455958737423
2023-11-29,2023,11,0.024191,0.004587,0.048241,0.025168,0.004512,0.054451,0.961180864589956,1.01662234042553,0.88595250775927
2023-11-30,2023,11,0.023623,0.004656,0.048794,0.024904,0.004524,0.054661,0.948562479922904,1.02917771883289,0.892665703152156
2023-12-01,2023,12,0.023414,0.004686,0.048407,0.024614,0.004637,0.05608,0.951247257658243,1.01056717705413,0.86317760342368
2023-12-04,2023,12,0.02402,0.00472,0.048641,0.024904,0.004659,0.053711,0.964503694185673,1.0130929383988,0.905605928022193
2023-12-05,2023,12,0.025596,0.004466,0.051382,0.026703,0.004847,0.056041,0.958543983822042,0.921394677119868,0.916864438536072
2023-12-06,2023,12,0.0253,0.004565,0.052684,0.02549,0.004886,0.058235,0.992546096508435,0.934302087597217,0.904679316562205
2023-12-07,2023,12,0.023347,0.0045,0.050711,0.025343,0.004643,0.056759,0.921240579252654,0.969200947663149,0.893444211490689
2023-12-08,2023,12,0.02401,0.004522,0.049847,0.02506,0.004697,0.054388,0.958100558659218,0.96274217585693,0.916507317790689
2023-12-11,2023,12,0.023459,0.004359,0.048885,0.026181,0.004713,0.056465,0.89603147320576,0.92488860598345,0.865757548924112
2023-12-12,2023,12,0.022743,0.004271,0.051273,0.027004,0.00466,0.056186,0.842208561694564,0.916523605150214,0.91255828854163
2023-12-13,2023,12,0.023556,0.004355,0.049593,0.026067,0.004614,0.055276,0.903671308551042,0.943866493281318,0.897188653303423
2023-12-14,2023,12,0.022047,0.004195,0.048065,0.025442,0.004666,0.057253,0.86655923276472,0.899057008144021,0.839519326498175
2023-12-15,2023,12,0.023019,0.004405,0.050153,0.025296,0.004488,0.055552,0.909985768500949,0.98150623885918,0.902811779953917
2023-12-18,2023,12,0.023646,0.004316,0.048443,0.025146,0.004797,0.05426,0.940348365545216,0.899728997289973,0.892793955031331
2023-12-19,2023,12,0.022226,0.004184,0.046977,0.025947,0.004719,0.05648,0.856592284271785,0.886628522992159,0.831745750708215
2023-12-20,2023,12,0.022172,0.004068,0.046783,0.025888,0.004473,0.054174,0.856458590852905,0.909456740442656,0.863569239856758
2023-12-21,2023,12,0.022559,0.004207,0.046374,0.027232,0.004574,0.058016,0.828400411280846,0.919763882815916,0.799331218974076
2023-12-22,2023,12,0.022083,0.004187,0.046732,0.025326,0.004439,0.055252,0.871949774934849,0.943230457310205,0.845797437196844
2023-12-25,2023,12,0.022503,0.004355,0.045804,0.026273,0.004746,0.058798,0.856506679861455,0.917614833544037,0.779006088642471
2023-12-26,2023,12,0.023008,0.004141,0.045086,0.025385,0.004582,0.056757,0.906362024817806,0.903753819292885,0.79436897651391
2023-12-27,2023,12,0.023028,0.004311,0.045208,0.026438,0.004673,0.058216,0.871018987820561,0.922533704258506,0.776556273189501
2023-12-28,2023,12,0.031182,0.005547,0.04889,0.026253,0.004744,0.056648,1.18774997143184,1.16926644182125,0.863049004377913
2023-12-29,2023,12,0.024672,0.004296,0.049418,0.026582,0.004546,0.059576,0.928146866300504,0.945006599208095,0.829495098697462
2024-01-02,2024,1,0.025763,0.004474,0.049761,0.025415,0.004638,0.060953,1.01369270116073,0.964639931004743,0.81638311485899
2024-01-03,2024,1,0.026359,0.004577,0.050717,0.02606,0.004598,0.059647,1.01147352264006,0.995432796868204,0.850285848408134
2024-01-04,2024,1,0.02649,0.004624,0.048925,0.026251,0.004674,0.061483,1.0091044150699,0.989302524604193,0.795748418261959
2024-01-05,2024,1,0.02575,0.00462,0.049504,0.027112,0.004741,0.060823,0.949763942165831,0.974477958236659,0.81390263551617
2024-01-08,2024,1,0.025658,0.00443,0.049314,0.027243,0.004898,0.05846,0.94181991704291,0.904450796243365,0.843551146082792
2024-01-09,2024,1,0.02596,0.004536,0.051878,0.026522,0.004604,0.060102,0.978810044491366,0.985230234578627,0.863165951216266
2024-01-10,2024,1,0.024849,0.004464,0.052743,0.026354,0.00459,0.058592,0.942892919480914,0.972549019607843,0.900174085199345
2024-01-11,2024,1,0.024171,0.004306,0.051483,0.02752,0.00489,0.059364,0.878306686046512,0.880572597137014,0.867242773398019
2024-01-12,2024,1,0.02411,0.004301,0.052354,0.027043,0.004584,0.06012,0.891543098029065,0.93826352530541,0.8708250166334
2024-01-15,2024,1,0.025218,0.004316,0.051631,0.026624,0.004712,0.059585,0.947190504807692,0.915959252971138,0.866510027691533
2024-01-16,2024,1,0.024737,0.004539,0.049575,0.027984,0.004876,0.056166,0.883969411092053,0.930885972108285,0.882651426129687
2024-01-17,2024,1,0.024415,0.004385,0.048948,0.027497,0.00482,0.058947,0.887915045277667,0.909751037344398,0.830373046974401
2024-01-18,2024,1,0.024482,0.004346,0.050866,0.027611,0.004685,0.057746,0.886675600304227,0.927641408751334,0.880857548574793
2024-01-19,2024,1,0.02184,0.004076,0.048522,0.027409,0.004671,0.056968,0.796818563245649,0.872618283022907,0.851741328465103
2024-01-22,2024,1,0.024915,0.004715,0.055858,0.027733,0.005034,0.060373,0.898388201781271,0.93663090981327,0.925214913951601
2024-01-23,2024,1,0.025507,0.004579,0.05474,0.028294,0.004953,0.060304,0.901498550929526,0.924490207954775,0.907734146988591
2024-01-24,2024,1,0.026079,0.004839,0.055543,0.027355,0.004856,0.062679,0.953354048619996,0.996499176276771,0.886150066210374
2024-01-25,2024,1,0.025188,0.004652,0.054717,0.0278,0.004873,0.059457,0.906043165467626,0.954648060742869,0.920278520611534
2024-01-26,2024,1,0.024288,0.004599,0.051775,0.027257,0.004834,0.056153,0.891073852588326,0.951386015721969,0.922034441614874
2024-01-29,2024,1,0.025281,0.004614,0.05392,0.028421,0.004935,0.059103,0.889518313922804,0.934954407294833,0.912305635923726
2024-01-30,2024,1,0.025512,0.004738,0.055825,0.028872,0.005162,0.061493,0.883624272651704,0.917861294072065,0.907826907127641
2024-01-31,2024,1,0.025627,0.004593,0.058136,0.02962,0.004896,0.062534,0.865192437542201,0.938112745098039,0.929670259378898
2024-02-01,2024,2,0.026635,0.004889,0.05713,0.029528,0.005176,0.061116,0.902025196423733,0.944551777434312,0.9347797630735
2024-02-02,2024,2,0.025579,0.004619,0.057834,0.028007,0.004939,0.060746,0.913307387438855,0.935209556590403,0.952062687255128
2024-02-05,2024,2,0.025342,0.004624,0.056693,0.029101,0.005178,0.062671,0.870829181127796,0.893008883738895,0.904612978889758
2024-02-06,2024,2,0.025976,0.00483,0.062121,0.029662,0.005174,0.064294,0.875733261411907,0.933513722458446,0.96620213394718
2024-02-07,2024,2,0.025225,0.004856,0.063589,0.030313,0.005436,0.064738,0.832151222247881,0.893303899926417,0.98225153696438
2024-02-08,2024,2,0.025933,0.004656,0.059982,0.030881,0.005512,0.068181,0.839772028107898,0.844702467343977,0.879746556958683
2024-02-19,2024,2,0.025899,0.004679,0.063243,0.031474,0.005319,0.06645,0.822869670203978,0.879676630945667,0.951738148984199
2024-02-20,2024,2,0.025618,0.004472,0.062754,0.031477,0.005318,0.066153,0.813864091241224,0.840917638209853,0.948619110244433
2024-02-21,2024,2,0.02607,0.004814,0.061387,0.031571,0.005487,0.065709,0.825757815716955,0.877346455257882,0.934225144196381
2024-02-22,2024,2,0.027623,0.005038,0.06333,0.030389,0.005558,0.064496,0.908980223107045,0.90644116588701,0.981921359464153
2024-02-23,2024,2,0.027644,0.005074,0.068402,0.029154,0.005184,0.064993,0.94820607806819,0.978780864197531,1.05245180250181
2024-02-26,2024,2,0.029845,0.005189,0.063871,0.029977,0.005341,0.065877,0.99559662407846,0.971540909941958,0.969549311595853
2024-02-27,2024,2,0.028802,0.005124,0.061871,0.030447,0.005441,0.069112,0.945971688507899,0.941738650983275,0.895228035652274
2024-02-28,2024,2,0.029219,0.005328,0.064003,0.029514,0.005542,0.070745,0.990004743511554,0.961385781306388,0.904699978797088
2024-02-29,2024,2,0.028374,0.005021,0.062392,0.030257,0.005384,0.070299,0.937766467263774,0.932578008915305,0.887523293361214
2024-03-01,2024,3,0.028343,0.005055,0.06587,0.032407,0.005641,0.07334,0.874594994908507,0.896117709625953,0.89814562312517
2024-03-04,2024,3,0.028696,0.005253,0.063514,0.03183,0.005547,0.072592,0.901539428212378,0.946998377501352,0.874944897509367
2024-03-05,2024,3,0.02843,0.005032,0.063865,0.033061,0.005412,0.071058,0.859925592087354,0.929785661492979,0.898772833459991
2024-03-06,2024,3,0.028962,0.00521,0.064204,0.031703,0.005506,0.070533,0.913541305239252,0.94624046494733,0.910268952121702
2024-03-07,2024,3,0.027953,0.004942,0.068622,0.033556,0.005549,0.073091,0.83302539039218,0.890610920886646,0.938857041222586
2024-03-08,2024,3,0.02788,0.004941,0.063624,0.03415,0.005998,0.074463,0.816398243045388,0.82377459153051,0.854437774465171
2024-03-11,2024,3,0.028528,0.005352,0.067137,0.03533,0.006021,0.072801,0.807472403056892,0.888888888888889,0.922198870894631
2024-03-12,2024,3,0.029912,0.005476,0.071004,0.034394,0.005973,0.075178,0.869686573239518,0.916792231709359,0.944478437840858
2024-03-13,2024,3,0.03005,0.005488,0.063931,0.034511,0.005974,0.074518,0.870736866506331,0.918647472380315,0.857926943825653
2024-03-14,2024,3,0.028944,0.005498,0.063842,0.033724,0.005864,0.075172,0.858261178982327,0.937585266030014,0.849278986856808
2024-03-15,2024,3,0.03094,0.005632,0.066685,0.032733,0.005869,0.077716,0.945223474780802,0.959618333617311,0.858060116320963
2024-03-18,2024,3,0.03033,0.005721,0.065651,0.03326,0.00578,0.074532,0.911906193625977,0.989792387543253,0.880843127784039
2024-03-19,2024,3,0.029944,0.005639,0.063816,0.034912,0.005652,0.074157,0.857699358386801,0.997699929228592,0.860552611351592
2024-03-20,2024,3,0.02857,0.005614,0.062791,0.035951,0.005641,0.072975,0.794692776278824,0.995213614607339,0.860445357999315
2024-03-21,2024,3,0.029556,0.005655,0.066786,0.032407,0.005416,0.072072,0.912025179745117,1.04412850812408,0.926656676656677
2024-03-22,2024,3,0.029087,0.00553,0.067177,0.033997,0.005694,0.07368,0.855575491955172,0.97119775201967,0.911739956568947
2024-03-25,2024,3,0.030877,0.005954,0.069505,0.034062,0.005894,0.073756,0.90649404027949,1.01017984390906,0.942364011063507
2024-03-26,2024,3,0.031833,0.005884,0.066021,0.034807,0.006093,0.07287,0.914557416611601,0.965698342360085,0.906010703993413
2024-03-27,2024,3,0.032904,0.006126,0.066933,0.032461,0.005996,0.07182,1.01364714580574,1.02168112074716,0.931954887218045
2024-03-28,2024,3,0.030816,0.00588,0.062599,0.034319,0.006094,0.074054,0.897928261312975,0.964883491959304,0.845315580522322
2024-03-29,2024,3,0.03014,0.00585,0.065687,0.033692,0.00594,0.074323,0.8945743796747,0.984848484848485,0.883804475061556
2024-04-01,2024,4,0.030575,0.005777,0.067612,0.034228,0.005827,0.075188,0.893274512095361,0.991419255191351,0.899239240304304
2024-04-02,2024,4,0.029295,0.005741,0.069259,0.035717,0.005957,0.073843,0.820197664977462,0.963740137653181,0.937922348766979
2024-04-03,2024,4,0.03012,0.005629,0.067447,0.033673,0.005555,0.072098,0.894485195854245,1.01332133213321,0.935490582263031
2024-04-08,2024,4,0.030193,0.005593,0.065792,0.032332,0.005595,0.072626,0.933842632685884,0.99964253798034,0.905901467793903
2024-04-09,2024,4,0.030306,0.005486,0.066367,0.032975,0.005989,0.071024,0.919059893858984,0.916012689931541,0.934430615003379
2024-04-10,2024,4,0.030377,0.005621,0.063888,0.032031,0.005974,0.068638,0.948362523805064,0.940910612654838,0.930796351875055
2024-04-11,2024,4,0.029224,0.005547,0.066629,0.032211,0.005482,0.068607,0.907267703579523,1.01185698650128,0.971169122684274
2024-04-12,2024,4,0.030009,0.005614,0.066276,0.032865,0.00544,0.067989,0.913099041533546,1.03198529411765,0.974804747826854
2024-04-15,2024,4,0.029117,0.005564,0.066554,0.03298,0.005587,0.070286,0.882868405093996,0.995883300519062,0.946902654867257
2024-04-16,2024,4,0.030077,0.00612,0.065706,0.034902,0.005872,0.072596,0.86175577330812,1.04223433242507,0.905091189597223
2024-04-17,2024,4,0.03133,0.005928,0.066308,0.032807,0.005855,0.071895,0.95497912030969,1.01246797608881,0.922289449892204
2024-04-18,2024,4,0.029793,0.005737,0.0687,0.032407,0.00545,0.071866,0.919338414540069,1.05266055045872,0.955945787994323
2024-04-19,2024,4,0.029532,0.005414,0.06628,0.031611,0.005708,0.07404,0.93423175476891,0.948493342676945,0.895191788222582
2024-04-22,2024,4,0.029704,0.005589,0.069684,0.032155,0.005716,0.072805,0.923775462603017,0.97778166550035,0.957132065105419
2024-04-23,2024,4,0.03162,0.005721,0.072766,0.032103,0.005789,0.069556,0.984954677132978,0.988253584384177,1.04614986485709
2024-04-24,2024,4,0.03268,0.006005,0.072557,0.031667,0.005794,0.073627,1.03198913695645,1.03641698308595,0.985467287815611
2024-04-25,2024,4,0.032499,0.005762,0.070875,0.031634,0.005568,0.070822,1.02734399696529,1.03484195402299,1.00074835503092
2024-04-26,2024,4,0.033893,0.005889,0.076608,0.033221,0.006022,0.076005,1.02022816892929,0.977914314181335,1.00793368857312
2024-04-29,2024,4,0.032845,0.005716,0.074123,0.033604,0.00577,0.077335,0.97741340316629,0.990641247833622,0.958466412361802
2024-04-30,2024,4,0.031663,0.005643,0.071762,0.031677,0.005717,0.068901,0.999558038955709,0.987056148329543,1.04152334508933
2024-05-06,2024,5,0.032256,0.005708,0.07213,0.033776,0.005884,0.071785,0.954997631454287,0.970088375254929,1.00480601797033
2024-05-07,2024,5,0.03309,0.0059,0.070242,0.032668,0.005691,0.074347,1.01291784008816,1.03672465296082,0.944785936218005
2024-05-08,2024,5,0.032471,0.005977,0.070378,0.033935,0.005716,0.068655,0.956858700456756,1.04566130160952,1.02509649697764
2024-05-09,2024,5,0.032582,0.006072,0.068692,0.031662,0.005394,0.071218,1.02905691365043,1.12569521690768,0.964531438681232
2024-05-10,2024,5,0.032501,0.005574,0.072664,0.030957,0.005641,0.070695,1.04987563394386,0.988122673284879,1.02785204045548
2024-05-13,2024,5,0.032752,0.005901,0.066844,0.031635,0.005605,0.067758,1.03530899320373,1.05280999107939,0.9865108179108
2024-05-14,2024,5,0.032967,0.005614,0.067616,0.031009,0.0056,0.064053,1.06314295849592,1.0025,1.0556258098762
2024-05-15,2024,5,0.032818,0.005628,0.068064,0.031564,0.00535,0.065851,1.03972880496768,1.05196261682243,1.03360617150841
2024-05-16,2024,5,0.032262,0.005617,0.068113,0.032501,0.005467,0.065403,0.992646380111381,1.02743735138101,1.04143540816171
2024-05-17,2024,5,0.03274,0.005518,0.066581,0.029876,0.00554,0.063639,1.09586289998661,0.996028880866426,1.04622951334873
2024-05-20,2024,5,0.032831,0.005698,0.064795,0.030984,0.005759,0.064229,1.05961141234185,0.989407883313075,1.00881221877968
2024-05-21,2024,5,0.030711,0.005549,0.069822,0.029532,0.005603,0.061491,1.03992279561154,0.990362305907549,1.13548324144997
2024-05-22,2024,5,0.031595,0.005409,0.067152,0.031058,0.005738,0.065043,1.01729023118037,0.942662948762635,1.03242470365758
2024-05-23,2024,5,0.030836,0.005539,0.067321,0.031549,0.005656,0.065281,0.97740023455577,0.979314002828854,1.03124952130023
2024-05-24,2024,5,0.03075,0.005472,0.066755,0.030012,0.005671,0.065318,1.02459016393443,0.964909187092224,1.02200006123886
2024-05-27,2024,5,0.032006,0.005537,0.066998,0.029318,0.00523,0.062857,1.09168428951497,1.05869980879541,1.06587969518113
2024-05-28,2024,5,0.031392,0.005426,0.067545,0.030095,0.005168,0.063846,1.04309685994351,1.0499226006192,1.05793628418382
2024-05-29,2024,5,0.031329,0.005758,0.068557,0.030895,0.005348,0.066401,1.01404758051465,1.07666417352281,1.03246939052123
2024-05-30,2024,5,0.031691,0.005666,0.065806,0.031182,0.005677,0.067455,1.01632351997948,0.998062356878633,0.975554073085761
2024-05-31,2024,5,0.031463,0.005395,0.065239,0.030316,0.005981,0.068267,1.03783480670273,0.902023073064705,0.95564474782838
2024-06-03,2024,6,0.031762,0.005426,0.066134,0.030371,0.005566,0.064444,1.0458002699944,0.974847287100252,1.02622431878841
2024-06-04,2024,6,0.033032,0.005767,0.065819,0.030608,0.005496,0.06094,1.07919498170413,1.04930858806405,1.08006235641615
2024-06-05,2024,6,0.032794,0.005573,0.065775,0.029165,0.005358,0.060283,1.12442996742671,1.04012691302725,1.09110362788846
2024-06-06,2024,6,0.031769,0.005345,0.064069,0.027601,0.005204,0.060409,1.15100902141227,1.02709454265949,1.06058699862603
2024-06-07,2024,6,0.030976,0.005047,0.065607,0.027258,0.005197,0.058727,1.136400322841,0.971137194535309,1.11715224683706
2024-06-11,2024,6,0.030439,0.00523,0.065532,0.02991,0.00527,0.061336,1.01768639251087,0.992409867172676,1.06841006912743
2024-06-12,2024,6,0.031408,0.005465,0.064807,0.029499,0.005466,0.05949,1.06471405810366,0.999817050859861,1.08937636577576
2024-06-13,2024,6,0.030593,0.005553,0.063552,0.028411,0.005188,0.061143,1.07680123895674,1.07035466461064,1.03939944065551
2024-06-14,2024,6,0.031893,0.005636,0.066354,0.029875,0.005648,0.058664,1.06754811715481,0.997875354107649,1.13108550388654
2024-06-17,2024,6,0.03045,0.005739,0.060239,0.027609,0.005338,0.057885,1.10290122786048,1.0751217684526,1.04066683942299
2024-06-18,2024,6,0.031567,0.005567,0.06152,0.028006,0.005479,0.061158,1.12715132471613,1.01606132505932,1.00591909480362
2024-06-19,2024,6,0.030006,0.005457,0.06336,0.029864,0.005341,0.060939,1.00475488882936,1.02171877925482,1.03972825284301
2024-06-20,2024,6,0.030971,0.005431,0.064279,0.02808,0.005444,0.058455,1.10295584045584,0.997612049963262,1.0996321957061
2024-06-21,2024,6,0.029942,0.005459,0.063678,0.02964,0.005276,0.057968,1.01018893387314,1.03468536770281,1.09850262213635
2024-06-24,2024,6,0.028464,0.005174,0.062045,0.028548,0.00527,0.059357,0.997057587221522,0.981783681214421,1.04528530754587
2024-06-25,2024,6,0.031176,0.005464,0.063928,0.027231,0.005067,0.06013,1.14487165363005,1.07835010854549,1.06316314651588
2024-06-26,2024,6,0.029777,0.005463,0.0633,0.02921,0.005252,0.061373,1.01941116056145,1.04017517136329,1.03139817183452
2024-06-27,2024,6,0.029669,0.005297,0.063635,0.028218,0.004924,0.061871,1.05142107874406,1.07575142160845,1.02851093404018
2024-06-28,2024,6,0.02881,0.005172,0.062302,0.027957,0.005111,0.062647,1.0305111421111,1.01193504206613,0.994492952575542
2024-07-01,2024,7,0.028948,0.005235,0.060936,0.027286,0.005071,0.059557,1.06091035695961,1.03234076119109,1.02315428916836
2024-07-02,2024,7,0.028711,0.005592,0.063978,0.028448,0.005141,0.055702,1.00924493813273,1.08772612332231,1.14857635273419
2024-07-03,2024,7,0.02962,0.005324,0.06209,0.027594,0.005028,0.057606,1.07342175835327,1.05887032617343,1.07783911398118
2024-07-04,2024,7,0.027734,0.005237,0.063165,0.028523,0.005087,0.058279,0.972338113101707,1.02948692746216,1.08383808919165
2024-07-05,2024,7,0.028704,0.005258,0.062654,0.0283,0.005294,0.056071,1.01427561837456,0.993199848885531,1.11740471901696
2024-07-08,2024,7,0.029315,0.005234,0.061922,0.028243,0.00514,0.055607,1.03795630775767,1.01828793774319,1.11356483895912
2024-07-09,2024,7,0.027505,0.00521,0.062427,0.027697,0.005137,0.060303,0.993067841282449,1.01421062877166,1.03522212825233
2024-07-10,2024,7,0.028928,0.005264,0.065105,0.028943,0.005274,0.057049,0.999481739971668,0.998103905953735,1.14121194061246
2024-07-11,2024,7,0.029018,0.005282,0.065759,0.028649,0.00527,0.059456,1.0128800307166,1.0022770398482,1.1060111679225
2024-07-12,2024,7,0.028419,0.005192,0.068558,0.026525,0.005203,0.05904,1.07140433553252,0.997885835095137,1.16121273712737
2024-07-15,2024,7,0.029741,0.005355,0.067078,0.028201,0.005335,0.057074,1.05460799262437,1.0037488284911,1.1752812138627
2024-07-16,2024,7,0.030954,0.005256,0.063723,0.02785,0.00528,0.059957,1.11145421903052,0.995454545454545,1.06281168170522
2024-07-17,2024,7,0.031229,0.005307,0.064749,0.027358,0.005328,0.059237,1.14149426127641,0.996058558558559,1.09304995188818
2024-07-18,2024,7,0.030359,0.005207,0.063646,0.028092,0.005396,0.055785,1.08069913142532,0.964974054855449,1.14091601685041
2024-07-19,2024,7,0.029865,0.005194,0.062149,0.028952,0.005243,0.055732,1.03153495440729,0.990654205607477,1.11514031436159
2024-07-22,2024,7,0.029625,0.005331,0.061385,0.028719,0.00526,0.056771,1.031547059438,1.01349809885932,1.08127388983812
2024-07-23,2024,7,0.029102,0.005307,0.064858,0.029484,0.005268,0.059223,0.987043820377154,1.00740318906606,1.09514884419904
2024-07-24,2024,7,0.028926,0.005256,0.062997,0.029754,0.005511,0.060215,0.972171808832426,0.953728905824714,1.04620111267956
2024-07-25,2024,7,0.027673,0.004791,0.056825,0.028582,0.005416,0.058918,0.968196767196137,0.8846011816839,0.964476051461353
2024-07-26,2024,7,0.027164,0.004865,0.060723,0.030023,0.00566,0.063755,0.904773007361023,0.859540636042403,0.952442945651321
2024-07-29,2024,7,0.02894,0.004952,0.062188,0.029945,0.005476,0.060773,0.966438470529304,0.904309715120526,1.02328336596844
2024-07-30,2024,7,0.028232,0.005028,0.063907,0.028875,0.005366,0.060434,0.977731601731602,0.937010808796124,1.05746765066022
2024-07-31,2024,7,0.028913,0.005413,0.064029,0.030021,0.005809,0.061152,0.963092501915326,0.931829919091066,1.0470467032967
2024-08-01,2024,8,0.029431,0.005157,0.064534,0.028983,0.005431,0.058213,1.01545733705966,0.949548886024673,1.10858399326611
2024-08-02,2024,8,0.030941,0.005346,0.062271,0.027457,0.005334,0.058649,1.12688931784244,1.00224971878515,1.06175723371242
2024-08-05,2024,8,0.030126,0.00533,0.062747,0.02808,0.005484,0.061194,1.07286324786325,0.971918307804522,1.02537830506259
2024-08-06,2024,8,0.028804,0.005051,0.063988,0.027991,0.005418,0.063653,1.02904505019471,0.932262827611665,1.00526290983928
2024-08-07,2024,8,0.028331,0.00521,0.061568,0.029743,0.005557,0.062565,0.952526644924856,0.937556235378802,0.984064572844242
2024-08-08,2024,8,0.028491,0.005159,0.06091,0.030458,0.005575,0.060867,0.935419265874319,0.925381165919283,1.0007064583436
2024-08-09,2024,8,0.028841,0.005235,0.061413,0.027247,0.005047,0.060212,1.05850185341505,1.03724985139687,1.01994619012821
2024-08-12,2024,8,0.029222,0.005173,0.061557,0.027501,0.005075,0.060558,1.06257954256209,1.01931034482759,1.01649658178936
2024-08-13,2024,8,0.028934,0.005072,0.058061,0.026786,0.004856,0.060314,1.08019114462779,1.04448105436573,0.96264548860961
2024-08-14,2024,8,0.028419,0.005016,0.056565,0.026476,0.00481,0.059183,1.07338721861308,1.04282744282744,0.955764324214724
2024-08-15,2024,8,0.027804,0.004964,0.059154,0.027102,0.005074,0.05705,1.02590214744299,0.97832085139929,1.03687992988606
2024-08-16,2024,8,0.027128,0.004858,0.058913,0.026416,0.004761,0.057642,1.02695336159903,1.0203738710355,1.02204989417439
2024-08-19,2024,8,0.026199,0.004726,0.060819,0.026248,0.004917,0.058717,0.998133191100274,0.961155175920277,1.03579883168418
2024-08-20,2024,8,0.027793,0.005233,0.060669,0.027325,0.004957,0.059102,1.01712717291857,1.05567883800686,1.02651348516125
2024-08-21,2024,8,0.026922,0.004873,0.060924,0.027574,0.005004,0.058244,0.976354536882571,0.973820943245404,1.04601332326077
2024-08-22,2024,8,0.025699,0.004779,0.060424,0.025883,0.004907,0.056915,0.992891086813739,0.973914815569595,1.06165334270403
2024-08-23,2024,8,0.024833,0.004548,0.057539,0.026463,0.004992,0.057192,0.93840456486415,0.911057692307692,1.00606728213736
2024-08-26,2024,8,0.025869,0.004601,0.055406,0.027078,0.005093,0.059856,0.955351207622424,0.903396819163558,0.925654905105587
2024-08-27,2024,8,0.026811,0.004722,0.059325,0.026248,0.005085,0.058719,1.02144925327644,0.928613569321534,1.01032033924283
2024-08-28,2024,8,0.028312,0.00509,0.059018,0.027829,0.005258,0.057382,1.01735599554422,0.96804868771396,1.02851068279251
2024-08-29,2024,8,0.028453,0.005061,0.059565,0.026972,0.004998,0.057607,1.05490879430521,1.01260504201681,1.03398892495704
2024-08-30,2024,8,0.027176,0.004923,0.059377,0.027045,0.00497,0.061835,1.00484377888704,0.990543259557344,0.960249049890838
2024-09-02,2024,9,0.028035,0.004956,0.059715,0.027416,0.005219,0.062234,1.02257805660928,0.949607204445296,0.959523733007681
2024-09-03,2024,9,0.026933,0.004933,0.060875,0.027358,0.004858,0.061991,0.984465238687039,1.01543845203788,0.981997386717427
2024-09-04,2024,9,0.027349,0.005007,0.059557,0.027623,0.005183,0.062669,0.990080729826594,0.966042832336485,0.95034227448978
2024-09-05,2024,9,0.028676,0.005356,0.058014,0.028472,0.005097,0.063999,1.00716493397022,1.05081420443398,0.906482913795528
2024-09-06,2024,9,0.025887,0.004836,0.057632,0.027569,0.005231,0.061573,0.93898944466611,0.924488625501816,0.935994672989784
2024-09-09,2024,9,0.026501,0.004871,0.058491,0.027082,0.005108,0.062343,0.978546636142087,0.953602192638998,0.938212790529811
2024-09-10,2024,9,0.026304,0.004969,0.056932,0.027368,0.005255,0.060809,0.961122478807366,0.945575642245481,0.936242990346824
2024-09-11,2024,9,0.026913,0.005218,0.058894,0.027459,0.005242,0.060823,0.980115809024364,0.995421594811141,0.96828502375746
2024-09-12,2024,9,0.027075,0.005116,0.056209,0.028884,0.005138,0.06243,0.937370170336518,0.995718178279486,0.900352394682044
2024-09-13,2024,9,0.027293,0.005095,0.055534,0.028546,0.005298,0.060295,0.956105934281511,0.961683654209135,0.921038228708848
2024-09-18,2024,9,0.026609,0.005067,0.05959,0.028042,0.005329,0.062682,0.948898081449255,0.950835053480953,0.950671644172171
2024-09-19,2024,9,0.026598,0.004829,0.058351,0.027392,0.005153,0.061886,0.971013434579439,0.937124005433728,0.942878841741266
2024-09-20,2024,9,0.028179,0.004785,0.057574,0.028978,0.005259,0.060561,0.9724273586859,0.909868796349116,0.950677828965836
2024-09-23,2024,9,0.028434,0.005102,0.05673,0.02892,0.005154,0.061722,0.983195020746888,0.989910748932868,0.919121220958491
2024-09-24,2024,9,0.027633,0.004957,0.062781,0.028998,0.005007,0.063227,0.952927788123319,0.990013980427402,0.992946051528619
2024-09-25,2024,9,0.028617,0.005004,0.062084,0.027804,0.004874,0.061019,1.02924039706517,1.02667213787444,1.01745358003245
2024-09-26,2024,9,0.028182,0.005084,0.061609,0.029163,0.005187,0.06435,0.966361485443884,0.980142664353191,0.957404817404817
2024-09-27,2024,9,0.028283,0.005114,0.064065,0.030043,0.0053,0.062545,0.941417301867323,0.964905660377358,1.02430250219842
2024-09-30,2024,9,0.029989,0.00542,0.063927,0.030667,0.005371,0.069307,0.977891544657123,1.00912306832992,0.922374363339922
2024-10-08,2024,10,0.030684,0.005575,0.065457,0.030882,0.00535,0.068741,0.993588498154265,1.04205607476636,0.952226473283775
2024-10-09,2024,10,0.038706,0.006884,0.082786,0.032585,0.005761,0.080877,1.18784716894276,1.19493143551467,1.02360374395687
2024-10-10,2024,10,0.038103,0.006968,0.079673,0.031954,0.005401,0.078644,1.19243287225386,1.29013145713757,1.01308427852093
2024-10-11,2024,10,0.038715,0.007231,0.079192,0.033091,0.0058,0.078318,1.16995557704512,1.24672413793103,1.01115963124697
2024-10-14,2024,10,0.039345,0.007573,0.08194,0.033908,0.005753,0.079944,1.16034564114663,1.31635668346949,1.02496747723406
2024-10-15,2024,10,0.039974,0.007035,0.082763,0.03544,0.006002,0.080544,1.12793453724605,1.17210929690103,1.02755015891935
2024-10-16,2024,10,0.041843,0.006957,0.085051,0.034508,0.005917,0.082019,1.21255940651443,1.17576474564813,1.03696704422146
2024-10-17,2024,10,0.040672,0.007301,0.082868,0.034557,0.006049,0.083965,1.17695401799925,1.20697635972888,0.986935032453999
2024-10-18,2024,10,0.037915,0.007066,0.086028,0.036329,0.00609,0.078304,1.04365658289521,1.16026272577997,1.09864119329792
2024-10-21,2024,10,0.039878,0.007049,0.088371,0.0395,0.006318,0.085583,1.00956962025316,1.11570117125673,1.03257656310249
2024-10-22,2024,10,0.040046,0.006619,0.089048,0.039284,0.006689,0.092564,1.01939721006008,0.989535057557184,0.962015470377253
2024-10-23,2024,10,0.042111,0.007469,0.087668,0.039437,0.006544,0.095802,1.06780434617238,1.14135085574572,0.915095718252229
2024-10-24,2024,10,0.040476,0.007599,0.085756,0.037606,0.006692,0.096012,1.0763176088922,1.13553496712493,0.893180019164271
2024-10-25,2024,10,0.041763,0.007162,0.090025,0.039551,0.006827,0.088347,1.05592778943642,1.04906986963527,1.01899328783094
2024-10-28,2024,10,0.041,0.007067,0.083889,0.042342,0.006807,0.094557,0.968305701195031,1.03819597473189,0.887179161775437
2024-10-29,2024,10,0.039784,0.008394,0.084152,0.041269,0.006827,0.094731,0.964016574184012,1.22952980811484,0.888325891207736
2024-10-30,2024,10,0.037988,0.007644,0.085092,0.041721,0.007037,0.093936,0.910524675822727,1.08625834872815,0.905850792028615
2024-10-31,2024,10,0.039012,0.008482,0.085549,0.043982,0.007318,0.093187,0.886999226956482,1.15905985241869,0.918035777522616
2024-11-01,2024,11,0.036791,0.007082,0.086204,0.043148,0.007098,0.105448,0.852669880411607,0.99774584389969,0.817502465670283
2024-11-04,2024,11,0.037014,0.00712,0.086513,0.04189,0.007166,0.097685,0.883599904511817,0.993580798213787,0.885632389824436
2024-11-05,2024,11,0.039188,0.007094,0.091101,0.042158,0.007294,0.10243,0.929550737701029,0.972580202906498,0.889397637410915
2024-11-06,2024,11,0.040332,0.007707,0.097745,0.043253,0.00737,0.100221,0.932467112107831,1.04572591587517,0.975294598936351
2024-11-07,2024,11,0.04305,0.00864,0.096328,0.045081,0.007483,0.101051,0.954947760697411,1.15461713216624,0.953261224530188
2024-11-08,2024,11,0.043871,0.008574,0.095129,0.046344,0.007892,0.103635,0.946638184015191,1.0864166244298,0.917923481449317
2024-11-11,2024,11,0.040763,0.008719,0.100352,0.045227,0.007703,0.101948,0.901297897273752,1.13189666363754,0.984344960175776
2024-11-12,2024,11,0.041263,0.008996,0.095088,0.045194,0.007523,0.101628,0.913019427357614,1.19579954805264,0.935647656157752
2024-11-13,2024,11,0.0447,0.008877,0.099478,0.044939,0.008166,0.105229,0.994681679610138,1.08706833210874,0.945347765349856
2024-11-14,2024,11,0.042643,0.008686,0.096334,0.04515,0.008121,0.104754,0.944473975636766,1.06957271272011,0.919621207782042
2024-11-15,2024,11,0.043866,0.008868,0.095731,0.045829,0.008351,0.103878,0.957166859412163,1.0619087534427,0.921571458826701
2024-11-18,2024,11,0.044627,0.008975,0.097612,0.04749,0.00817,0.106208,0.939713623920825,1.09853121175031,0.919064477252184
2024-11-19,2024,11,0.045426,0.008911,0.097472,0.046657,0.008087,0.109424,0.973615963306685,1.10189192531223,0.890773504898377
2024-11-20,2024,11,0.044785,0.008918,0.096676,0.045744,0.007932,0.10889,0.97903550192375,1.12430660615229,0.887831756818808
2024-11-21,2024,11,0.042271,0.008436,0.093281,0.044966,0.007522,0.101848,0.940065827514122,1.12151023663919,0.915884455266672
2024-11-22,2024,11,0.044927,0.00948,0.099605,0.048588,0.008237,0.109981,0.924652177492385,1.15090445550565,0.905656431565452
2024-11-25,2024,11,0.045661,0.009488,0.098716,0.045209,0.007977,0.108536,1.00999800924595,1.18941958129623,0.909523107540355
2024-11-26,2024,11,0.043184,0.009637,0.099506,0.045212,0.008159,0.108649,0.955144651862337,1.18114965069249,0.91584828208267
2024-11-27,2024,11,0.04328,0.008832,0.10161,0.045228,0.008131,0.108007,0.956929335809675,1.08621325790186,0.940772357347209
2024-11-28,2024,11,0.04499,0.00882,0.099675,0.047431,0.008078,0.11511,0.948535767746832,1.09185441941075,0.86591086786552
2024-11-29,2024,11,0.04509,0.009694,0.097108,0.049863,0.00826,0.115978,0.904277720955418,1.17360774818402,0.837296728689924
2024-12-02,2024,12,0.043966,0.009015,0.096543,0.049736,0.00891,0.117834,0.883987453755831,1.01178451178451,0.819313610672641
2024-12-03,2024,12,0.044095,0.009427,0.098798,0.051954,0.008416,0.113418,0.848731570235208,1.1201283269962,0.871096298647481
2024-12-04,2024,12,0.045188,0.009458,0.100536,0.049598,0.008272,0.115227,0.911085124400177,1.1433752417795,0.872503840245776
2024-12-05,2024,12,0.044044,0.00965,0.10547,0.052889,0.008545,0.113288,0.832762956380344,1.12931538911644,0.930990043076054
2024-12-06,2024,12,0.042905,0.011785,0.098604,0.049325,0.008188,0.113108,0.869842878864673,1.43930141670738,0.871768575167097
2024-12-09,2024,12,0.041494,0.010416,0.097415,0.049493,0.008228,0.109122,0.838381185218112,1.26592124453087,0.892716409156724
2024-12-10,2024,12,0.044955,0.010528,0.099417,0.055198,0.008421,0.109024,0.81443168230733,1.25020781379884,0.911881787496331
2024-12-11,2024,12,0.04729,0.010074,0.100927,0.054343,0.008286,0.112713,0.870213274938815,1.21578566256336,0.895433534729801
2024-12-12,2024,12,0.051136,0.01057,0.105178,0.057014,0.008633,0.113946,0.896902515171712,1.22437159735897,0.923051269899777
2024-12-13,2024,12,0.053097,0.011329,0.111501,0.055034,0.008277,0.114213,0.964803575971218,1.36873263259635,0.976254892175146
2024-12-16,2024,12,0.052669,0.010783,0.107074,0.053572,0.008953,0.10998,0.983144179795415,1.20440075952195,0.973577014002546
2024-12-17,2024,12,0.051796,0.011336,0.108142,0.051319,0.0082,0.110912,1.00929480309437,1.38243902439024,0.975025245239469
2024-12-18,2024,12,0.049772,0.0109,0.110811,0.052034,0.008361,0.111298,0.95652842372295,1.30367180959215,0.995624359826771
2024-12-19,2024,12,0.051969,0.011015,0.10468,0.05242,0.008647,0.111261,0.991396413582602,1.27385220307621,0.940850792281213
2024-12-20,2024,12,0.051962,0.010668,0.106318,0.054498,0.008568,0.118319,0.95346618224522,1.24509803921569,0.898570812802677
2024-12-23,2024,12,0.05069,0.009688,0.110141,0.054379,0.008735,0.118403,0.932161312271281,1.10910131654264,0.930221362634393
2024-12-24,2024,12,0.048504,0.010037,0.110025,0.056488,0.009288,0.122136,0.858660246424019,1.08064168819983,0.900840047160542
2024-12-25,2024,12,0.049753,0.009911,0.117659,0.057114,0.009332,0.12209,0.871117414294219,1.06204457779683,0.963707101318699
2024-12-26,2024,12,0.050005,0.010035,0.113009,0.058296,0.009597,0.122721,0.85777754905997,1.04563926226946,0.920861140310134
2024-12-27,2024,12,0.051289,0.009844,0.115125,0.058442,0.010086,0.126895,0.877605146983334,0.976006345429308,0.907246148390402
2024-12-30,2024,12,0.052315,0.009729,0.119209,0.058046,0.009655,0.125655,0.901267959893877,1.00766442257897,0.948700807767299
2024-12-31,2024,12,0.048039,0.008297,0.114034,0.056098,0.009268,0.12247,0.856340689507647,0.895230902028485,0.931117824773414
2025-01-02,2025,1,0.053086,0.009719,0.115909,0.058406,0.009261,0.126532,0.908913467794405,1.04945470251593,0.916044953055353
2025-01-03,2025,1,0.052725,0.008798,0.105357,0.055417,0.009,0.119085,0.951422848584369,0.977555555555556,0.884720997606752
2025-01-06,2025,1,0.049165,0.008472,0.106163,0.052635,0.008602,0.116171,0.934074285171464,0.984887235526622,0.913851133243236
2025-01-07,2025,1,0.037861,0.006834,0.080701,0.048161,0.008662,0.100057,0.786134008845331,0.788963287924267,0.806550266348181
2025-01-08,2025,1,0.036733,0.006689,0.0793,0.046798,0.008083,0.100684,0.784926706269499,0.827539279970308,0.787612728934091
2025-01-09,2025,1,0.035692,0.006428,0.078822,0.047135,0.008502,0.093997,0.75722923517556,0.756057398259233,0.838558677404598
2025-01-10,2025,1,0.035783,0.006517,0.074937,0.04661,0.008283,0.09955,0.767710791675606,0.786792225039237,0.752757408337519
2025-01-13,2025,1,0.033866,0.006253,0.072578,0.04259,0.007995,0.091628,0.795163183845973,0.782113821138211,0.792094119701401
2025-01-14,2025,1,0.033609,0.006432,0.073022,0.043353,0.007854,0.096514,0.775240467787696,0.818945760122231,0.756594898149491
2025-01-15,2025,1,0.03357,0.006407,0.070342,0.043139,0.007742,0.092031,0.778182155358261,0.827563936967192,0.764329410742033
2025-01-16,2025,1,0.032975,0.006275,0.073861,0.044581,0.008346,0.092571,0.739664879657253,0.751857177090822,0.797884866750926
2025-01-17,2025,1,0.034374,0.006482,0.075417,0.0441,0.008288,0.089421,0.779455782312925,0.782094594594595,0.843392491696581
2025-01-20,2025,1,0.033799,0.006419,0.072394,0.043889,0.007968,0.093094,0.770101847843423,0.805597389558233,0.777644101660687
2025-01-21,2025,1,0.034388,0.006255,0.068522,0.044564,0.007839,0.09569,0.771654250067319,0.797933409873708,0.716083185285819
2025-01-22,2025,1,0.033958,0.006259,0.071321,0.04444,0.007999,0.092146,0.764131413141314,0.782472809101138,0.773999956590628
2025-01-23,2025,1,0.034414,0.006309,0.069303,0.042751,0.007724,0.09284,0.804987017847536,0.816804764370792,0.746477811288238
2025-01-24,2025,1,0.03212,0.006046,0.071059,0.044712,0.00772,0.091459,0.718375380211129,0.783160621761658,0.776949234083032
2025-01-27,2025,1,0.033168,0.005981,0.068794,0.044088,0.007219,0.090757,0.752313554708764,0.828508103615459,0.758002137576165
