"Date","FrequencyID","CarbonVol_W_Shenzhen","CarbonVol_W_Guangdong","CarbonVol_W_Hubei","CarbonReturn_W_Shenzhen","CarbonReturn_W_Guangdong","CarbonReturn_W_Hubei","BankReturn_W","RealEstateReturn_W","RealEstate_Premium_W","Slope_W","TED_W","TY3M_Change_W","MarketVol_W","Event_dummy_W","Event_Covid_W","Event_China_W","Event_International_W"
2006-10-15,"2006-41",NA,NA,NA,NA,NA,NA,NA,NA,NA,1.18986,0.85022,NA,0.00960508579821026,0,0,0,0
2006-10-22,"2006-42",NA,NA,NA,NA,NA,NA,0.0211806889436001,0.0328061399330846,0.0116254509894844,1.16076,0.85462,-0.01,0.00798027810142686,0,0,0,0
2006-10-29,"2006-43",NA,NA,NA,NA,NA,NA,0.0116601983293352,0.0161160806919201,0.00445588236258487,1.18252,0.88758,-0.0349999999999999,0.0154144949497884,0,0,0,0
2006-11-05,"2006-44",NA,NA,NA,NA,NA,NA,0.00521033457838715,-0.0192013680210028,-0.02441170259939,1.20362,0.8999,-0.01,0.00784138718772254,0,0,0,0
2006-11-12,"2006-45",NA,NA,NA,NA,NA,NA,0.0972439689490763,0.0493539950584827,-0.0478899738905936,1.1708,0.89632,0.095,0.0107235310404366,0,0,0,0
2006-11-19,"2006-46",NA,NA,NA,NA,NA,NA,0.0421125264319775,0.0277976673247791,-0.0143148591071984,1.09942,0.90592,0.028,0.0126647200941202,0,0,0,0
2006-11-26,"2006-47",NA,NA,NA,NA,NA,NA,0.0529843616230332,0.0885723926452888,0.0355880310222556,1.10006,0.86492,0.0840000000000001,0.00772187725295187,0,0,0,0
2006-12-03,"2006-48",NA,NA,NA,NA,NA,NA,-0.0157475721468954,0.0909433977371634,0.106690969884059,1.05338,0.86548,-0.00250000000000017,0.0113934861060396,0,0,0,0
2006-12-10,"2006-49",NA,NA,NA,NA,NA,NA,0.0376842511623723,0.0117265017728787,-0.0259577493894936,1.07106,0.88132,0.00800000000000001,0.0134697862641675,0,0,0,0
2006-12-17,"2006-50",NA,NA,NA,NA,NA,NA,0.0793115609237471,0.031294468256549,-0.0480170926671981,1.05446,0.82012,0.0553999999999999,0.0256128323188559,0,0,0,0
2006-12-24,"2006-51",NA,NA,NA,NA,NA,NA,0.0380329690087162,0.0724853676391319,0.0344523986304157,1.0199,0.79958,-0.0028999999999999,0.0140872264508025,0,0,0,0
2006-12-31,"2006-52",NA,NA,NA,NA,NA,NA,0.157656852515307,-0.00240690875308225,-0.16006376126839,1.03705714285714,0.813814285714286,-0.0149999999999999,0.0140424056592885,0,0,0,0
2007-01-07,"2007-01",NA,NA,NA,NA,NA,NA,-0.0749917655102541,0.0314931353864853,0.106484900896739,1.037,0.8223,0.00100000000000011,0.0185440905368742,0,0,0,0
2007-01-14,"2007-02",NA,NA,NA,NA,NA,NA,0.0283622702110993,0.0794871174580418,0.0511248472469426,1.06576,0.8551,-0.0330000000000001,0.0276754707635465,0,0,0,0
2007-01-21,"2007-03",NA,NA,NA,NA,NA,NA,0.0299524304658947,-0.0299787611162508,-0.0599311915821454,1.08562,0.87132,-0.028,0.0313392820858669,0,0,0,0
2007-01-28,"2007-04",NA,NA,NA,NA,NA,NA,0.143612709313258,0.0574667202738155,-0.0861459890394425,1.09622,0.87216,0.00500000000000012,0.0293002578260004,0,0,0,0
2007-02-04,"2007-05",NA,NA,NA,NA,NA,NA,-0.114832117167211,-0.071803630274732,0.0430284868924788,1.13862,0.88828,-0.0350000000000001,0.0273036201206148,0,0,0,0
2007-02-11,"2007-06",NA,NA,NA,NA,NA,NA,0.00104694142026851,-0.00436509500054072,-0.00541203642080923,1.17918,0.91518,0.01,0.0274633931897945,0,0,0,0
2007-02-18,"2007-07",NA,NA,NA,NA,NA,NA,0.108765850347847,0.127840845734253,0.019074995386406,1.2123,0.954383333333333,0.01,0.0141779437456559,0,0,0,0
2007-03-04,"2007-09",NA,NA,NA,NA,NA,NA,-0.117997950141576,-0.0741682410198488,0.0438297091217272,1.2274,0.93308,0,0.0505425257838151,0,0,0,0
2007-03-11,"2007-10",NA,NA,NA,NA,NA,NA,0.0463198977024941,0.105494887928592,0.0591749902260981,1.27658,0.9062,-0.0390999999999999,0.014880067340588,0,0,0,0
2007-03-18,"2007-11",NA,NA,NA,NA,NA,NA,-0.0448936136093208,0.0383546687988749,0.0832482824081957,1.31558,0.88506,0.0690999999999999,0.0130325979680041,0,0,0,0
2007-03-25,"2007-12",NA,NA,NA,NA,NA,NA,0.0585615233731103,0.030973117287985,-0.0275884060851252,1.4091,0.8664,0.04,0.0128275060850605,0,0,0,0
2007-04-01,"2007-13",NA,NA,NA,NA,NA,NA,0.0554933296494031,0.0114314290401012,-0.0440619006093019,1.43738,0.8663,0,0.00556981556734145,0,0,0,0
2007-04-08,"2007-14",NA,NA,NA,NA,NA,NA,0.00500413408198863,0.0680271240123664,0.0630229899303778,1.44866,0.87378,0.0199999999999998,0.0100458318746062,0,0,0,0
2007-04-15,"2007-15",NA,NA,NA,NA,NA,NA,0.0568264585857046,0.070649420634612,0.0138229620489074,1.45754,0.84744,0.0300000000000002,0.00764087887696662,0,0,0,0
2007-04-22,"2007-16",NA,NA,NA,NA,NA,NA,-0.0107725554044524,-0.00834095603110452,0.00243159937334791,1.49412,0.85592,0.0712000000000002,0.0252287557250226,0,0,0,0
2007-04-29,"2007-17",NA,NA,NA,NA,NA,NA,0.0363003011973531,0.0939927493485104,0.0576924481511574,1.4952,0.8664,-0.0612000000000004,0.0168046563929685,0,0,0,0
2007-05-06,"2007-18",NA,NA,NA,NA,NA,NA,-0.00379322080646016,-0.0100201865390197,-0.00622696573255954,1.5316,0.8974,0.0100000000000002,NA,0,0,0,0
2007-05-13,"2007-19",NA,NA,NA,NA,NA,NA,0.0702474666592527,0.112754131659471,0.0425066650002179,1.580975,0.913125,-0.02,0.00801904109464141,0,0,0,0
2007-05-20,"2007-20",NA,NA,NA,NA,NA,NA,-0.0418201427427949,0.0677378615509312,0.109558004293726,1.72984,0.89852,0.0299999999999998,0.0233698791131284,0,0,0,0
2007-05-27,"2007-21",NA,NA,NA,NA,NA,NA,0.0179288904217012,0.117137715267072,0.0992088248453706,1.954,0.93692,0.0600000000000001,0.00937473074636491,0,0,0,0
2007-06-03,"2007-22",NA,NA,NA,NA,NA,NA,0.0297173659729513,0.0383783233827142,0.00866095740976291,1.925,0.89844,0.02,0.0368395632452395,0,0,0,0
2007-06-10,"2007-23",NA,NA,NA,NA,NA,NA,-0.0503568502144178,-0.0696961421699243,-0.0193392919555064,1.9307,0.83784,0.108,0.0477581353229474,0,0,0,0
2007-06-17,"2007-24",NA,NA,NA,NA,NA,NA,0.0656027839230964,0.0526854136370183,-0.0129173702860781,1.91594,0.72792,0.077,0.0162588947571153,0,0,0,0
2007-06-24,"2007-25",NA,NA,NA,NA,NA,NA,0.0280603950159621,0.0445491336778367,0.0164887386618746,2.07946,0.724,0.00499999999999989,0.0178825960233014,0,0,0,0
2007-07-01,"2007-26",NA,NA,NA,NA,NA,NA,-0.0237640126205516,-0.0889857932313927,-0.0652217806108411,2.11846,0.77444,-0.04,0.0306454893881989,0,0,0,0
2007-07-08,"2007-27",NA,NA,NA,NA,NA,NA,-0.0204043354674956,-0.0928982289032732,-0.0724938934357775,2.14564,0.7937,0.0600000000000001,0.0273345916718997,0,0,0,0
2007-07-15,"2007-28",NA,NA,NA,NA,NA,NA,0.0670574422760559,0.102540736652958,0.0354832943769026,2.06844,0.73376,0.0600000000000001,0.0204712422180615,0,0,0,0
2007-07-22,"2007-29",NA,NA,NA,NA,NA,NA,0.081957960216303,0.0485879256244406,-0.0333700345918624,2.04138,0.7281,-0.0289000000000001,0.0160932128604559,0,0,0,0
2007-07-29,"2007-30",NA,NA,NA,NA,NA,NA,0.0251317843828964,0.146121447861265,0.120989663478369,1.96172,0.76186,0.0289000000000001,0.0177824021126318,0,0,0,0
2007-08-05,"2007-31",NA,NA,NA,NA,NA,NA,0.085652603952914,0.0953282581756376,0.00967565422272365,1.82168,0.7242,0.0768,0.0254742325453012,0,0,0,0
2007-08-12,"2007-32",NA,NA,NA,NA,NA,NA,0.0387813943756434,0.0510053771327836,0.0122239827571402,1.83062,0.67848,0.0243000000000002,0.0126463028054362,0,0,0,0
2007-08-19,"2007-33",NA,NA,NA,NA,NA,NA,-0.0507971712892061,-0.0585856165345664,-0.00778844524536026,1.8181,0.67202,-0.0247000000000002,0.0142015264555887,0,0,0,0
2007-08-26,"2007-34",NA,NA,NA,NA,NA,NA,0.155755752288293,0.0877039631866872,-0.0680517891016059,1.69724,0.69828,0.0449000000000002,0.02681887694952,0,0,0,0
2007-09-02,"2007-35",NA,NA,NA,NA,NA,NA,-0.00333434682976019,-0.00377420995723909,-0.000439863127478901,1.74896,0.78524,-0.0740000000000003,0.0124993841242354,0,0,0,0
2007-09-09,"2007-36",NA,NA,NA,NA,NA,NA,-0.0265656751945649,0.0110101027749643,0.0375757779695292,1.76772,0.8122,0.0179,0.00978313524318786,0,0,0,0
2007-09-16,"2007-37",NA,NA,NA,NA,NA,NA,-0.026178264988852,-0.0341290174517717,-0.00795075246291965,1.7968,0.7801,0.3453,0.0283766033219868,0,0,0,0
2007-09-23,"2007-38",NA,NA,NA,NA,NA,NA,-0.0153373204103762,-0.0140835770601129,0.00125374335026329,1.65952,0.69814,0.0690000000000004,0.0102510268622415,0,0,0,0
2007-09-30,"2007-39",NA,NA,NA,NA,NA,NA,0.0409903063326524,-0.0390625296886249,-0.0800528360212773,1.52677142857143,0.944,-0.0421,0.0119242296515756,0,0,0,0
2007-10-14,"2007-41",NA,NA,NA,NA,NA,NA,0.0755209863765707,0.0745412694886216,-0.000979716887949067,1.50012,0.98676,0.0425999999999997,0.0102081160186752,0,0,0,0
2007-10-21,"2007-42",NA,NA,NA,NA,NA,NA,-0.0451540868869529,-0.102060980485813,-0.0569068935988604,1.29778,0.7467,0.39,0.0215925318013995,0,0,0,0
2007-10-28,"2007-43",NA,NA,NA,NA,NA,NA,0.0619025874331758,0.0094717322115514,-0.0524308552216244,1,0.44896,0.27,0.0281777108266914,0,0,0,0
2007-11-04,"2007-44",NA,NA,NA,NA,NA,NA,0.0249612218296242,0.133066135561608,0.108104913731983,1.35554,0.91488,-0.41,0.0145725175105219,0,0,0,0
2007-11-11,"2007-45",NA,NA,NA,NA,NA,NA,-0.0300145677844785,-0.10938704349879,-0.0793724757143117,1.11696,0.74244,0.44,0.021964033964977,0,0,0,0
2007-11-18,"2007-46",NA,NA,NA,NA,NA,NA,-0.0361226344774632,-0.000603913731005434,0.0355187207464578,0.90986,0.58922,0.12,0.0274863594144926,0,0,0,0
2007-11-25,"2007-47",NA,NA,NA,NA,NA,NA,-0.0443270770544313,-0.0980154552895272,-0.0536883782350959,0.88322,0.64914,-0.0720000000000001,0.0184460713225074,0,0,0,0
2007-12-02,"2007-48",NA,NA,NA,NA,NA,NA,0.00786504937632948,-0.0306092059059715,-0.038474255282301,0.92758,0.7619,-0.048,0.0250305707672189,0,0,0,0
2007-12-09,"2007-49",NA,NA,NA,NA,NA,NA,0.0501081583143907,0.0563809260500463,0.00627276773565555,1.04212,0.88656,-0.2191,0.0190142348553927,0,0,0,0
2007-12-16,"2007-50",NA,NA,NA,NA,NA,NA,-0.0686578290800703,-0.0829485263760681,-0.0142906972959977,1.12504,0.98126,-0.0208999999999997,0.0177468194809411,0,0,0,0
2007-12-23,"2007-51",NA,NA,NA,NA,NA,NA,-0.00844224455936171,0.00117516468680456,0.00961740924616628,1.04154,0.96866,0.0407999999999999,0.0206024830688278,0,0,0,0
2007-12-30,"2007-52",NA,NA,NA,NA,NA,NA,0.0342629549547926,0.055850687081394,0.0215877321266014,1.21453333333333,1.19471666666667,-0.1008,0.0116919849842026,0,0,0,0
2008-01-06,"2008-01",NA,NA,NA,NA,NA,NA,-0.00468545818447019,0.0315764206483902,0.0362618788328604,1.08796666666667,1.10923333333333,0.04,0.00900708275945194,0,0,0,0
2008-01-13,"2008-02",NA,NA,NA,NA,NA,NA,0.095923762990374,0.064513575992402,-0.0314101869979719,1.09448,1.15418,-0.0300000000000002,0.00406869811937986,0,0,0,0
2008-01-20,"2008-03",NA,NA,NA,NA,NA,NA,-0.0767447389381477,-0.0709661986027363,0.00577854033541136,1.15556,1.23542,-0.0499999999999998,0.0157486464714119,0,0,0,0
2008-01-27,"2008-04",NA,NA,NA,NA,NA,NA,-0.0705416902778122,-0.0712204800038734,-0.000678789726061169,1.05824,1.25452,-0.0499999999999998,0.0442766394692802,0,0,0,0
2008-02-03,"2008-05",NA,NA,NA,NA,NA,NA,-0.10802671638181,-0.00894702216204024,0.0990796942197694,1.0044,1.32127142857143,-0.0500000000000003,0.0346152031349178,0,0,0,0
2008-02-10,"2008-06",NA,NA,NA,NA,NA,NA,0.0840988393253674,0.0590857224587147,-0.0250131168666528,0.98395,1.3493,0.0100000000000002,0.0654630797742508,0,0,0,0
2008-02-17,"2008-07",NA,NA,NA,NA,NA,NA,-0.0513868675093274,-0.0230930750210856,0.0282937924882418,0.9973,1.33766666666667,0.02,0.0197463041188574,0,0,0,0
2008-02-24,"2008-08",NA,NA,NA,NA,NA,NA,-0.0888460288565884,-0.0215322964745042,0.0673137323820843,0.99754,1.31704,-0.00430000000000019,0.0183233132199437,0,0,0,0
2008-03-02,"2008-09",NA,NA,NA,NA,NA,NA,0.0530630519066762,-0.0635412047098729,-0.116604256616549,0.97564,1.34174,-0.0257000000000001,0.0279170080429575,0,0,0,0
2008-03-09,"2008-10",NA,NA,NA,NA,NA,NA,-0.0278343396558114,0.0159363273890207,0.0437706670448321,1.0159,1.3575,-0.00229999999999997,0.0187264733414313,0,0,0,0
2008-03-16,"2008-11",NA,NA,NA,NA,NA,NA,-0.132336626042513,-0.106111674012524,0.0262249520299891,1.09544,1.41968,-0.1274,0.0153580974713979,0,0,0,0
2008-03-23,"2008-12",NA,NA,NA,NA,NA,NA,0.0186294055994685,0.0321086060387152,0.0134792004392468,1.08152,1.48766,-0.0283000000000002,0.0289682929422332,0,0,0,0
2008-03-30,"2008-13",NA,NA,NA,NA,NA,NA,0.0224143648028328,-0.0104896155863461,-0.0329039803891789,1.03542,1.49888,0.028,0.0268394145920479,0,0,0,0
2008-04-06,"2008-14",NA,NA,NA,NA,NA,NA,0.0275635128665392,-0.0636148446210036,-0.0911783574875429,1.0521,1.50025,-0.0449999999999999,0.0407512295434713,0,0,0,0
2008-04-13,"2008-15",NA,NA,NA,NA,NA,NA,-0.0183946056662929,0.0354184822339434,0.0538130879002363,1.10296,1.55372,-0.0590000000000002,0.0386130537952105,0,0,0,0
2008-04-20,"2008-16",NA,NA,NA,NA,NA,NA,-0.130764024019038,-0.185854842864824,-0.0550908188457857,1.08624,1.55994,0.000700000000000145,0.0285175127844509,0,0,0,0
2008-04-27,"2008-17",NA,NA,NA,NA,NA,NA,0.17182165389552,0.0462703182653623,-0.125551335630157,1.08298,1.54102,0.0476000000000001,0.0476871905695496,0,0,0,0
2008-05-04,"2008-18",NA,NA,NA,NA,NA,NA,0.0390763653758137,0.0206978527177242,-0.0183785126580895,1.0531,1.47135,0.0454999999999997,0.0188090510538128,0,0,0,0
2008-05-11,"2008-19",NA,NA,NA,NA,NA,NA,-0.111943311159896,0.0241637221081739,0.13610703326807,1.06408,1.45488,0.0297000000000001,0.033785903675359,0,0,0,0
2008-05-18,"2008-20",NA,NA,NA,NA,NA,NA,0.0278100325706951,-0.0183873553326421,-0.0461973879033373,1.0978,1.43524,0.0155000000000003,0.0176852734859317,0,0,0,0
2008-05-25,"2008-21",NA,NA,NA,NA,NA,NA,-0.0679368924810611,-0.100624631965287,-0.032687739484226,1.08188,1.40936,0.125,0.0269104419730922,0,0,0,0
2008-06-01,"2008-22",NA,NA,NA,NA,NA,NA,-0.00817482186205964,-0.0270449066213416,-0.018870084759282,0.99018,1.31528,-0.0125999999999999,0.0211710055588612,0,0,0,0
2008-06-08,"2008-23",NA,NA,NA,NA,NA,NA,-0.0166073702058656,0.0231916650367197,0.0397990352425852,0.96378,1.28824,0.0484,0.0117651739560418,0,0,0,0
2008-06-15,"2008-24",NA,NA,NA,NA,NA,NA,-0.166810761891481,-0.151029000618091,0.0157817612733906,1.037,1.229975,0.0326999999999997,0.0334044502418796,0,0,0,0
2008-06-22,"2008-25",NA,NA,NA,NA,NA,NA,0.0101766104740317,-0.173292324809275,-0.183468935283306,1.06572,1.18624,0.0486,0.0442136287097803,0,0,0,0
2008-06-29,"2008-26",NA,NA,NA,NA,NA,NA,-0.0239753597640622,0.0889510544038439,0.112926414167906,1.2204,1.206,-0.00449999999999973,0.0247954526444809,0,0,0,0
2008-07-06,"2008-27",NA,NA,NA,NA,NA,NA,-0.0604195595746662,-0.0830125907099237,-0.0225930311352576,1.23044,1.18512,-0.0158,0.0288390325387322,0,0,0,0
2008-07-13,"2008-28",NA,NA,NA,NA,NA,NA,0.0955901129642358,0.158767653014836,0.0631775400506003,1.22244,1.16874,-0.00780000000000003,0.0277153242965899,0,0,0,0
2008-07-20,"2008-29",NA,NA,NA,NA,NA,NA,-0.0465849449182478,-0.164089842519749,-0.117504897601501,1.1635,1.1505,-0.000500000000000167,0.0170286728309458,0,0,0,0
2008-07-27,"2008-30",NA,NA,NA,NA,NA,NA,0.0604338054100833,0.140107149993989,0.079673344583906,1.11376,1.07872,0.0436999999999999,0.0187962107335971,0,0,0,0
2008-08-03,"2008-31",NA,NA,NA,NA,NA,NA,-0.00786393500297766,-0.0753630997839467,-0.0674991647809691,1.09446,0.9985,0.0313000000000003,0.0141409313455808,0,0,0,0
2008-08-10,"2008-32",NA,NA,NA,NA,NA,NA,-0.0587033358327105,-0.0408460556581929,0.0178572801745176,1.1576,1.0122,-0.0621,0.0155699178874936,0,0,0,0
2008-08-17,"2008-33",NA,NA,NA,NA,NA,NA,-0.0476511882593158,-0.128247817356383,-0.0805966290970668,1.22168,1.05054,-0.00980000000000025,0.0248605195979038,0,0,0,0
2008-08-24,"2008-34",NA,NA,NA,NA,NA,NA,0.00514086373097733,-0.0178529515256471,-0.0229938152566245,1.1854,1.1205,-0.0615999999999999,0.0497875751568049,0,0,0,0
2008-08-31,"2008-35",NA,NA,NA,NA,NA,NA,0.0249676939894643,-0.0610732625417851,-0.0860409565312494,1.11046,1.13622,-0.0438999999999998,0.0125273765628245,0,0,0,0
2008-09-07,"2008-36",NA,NA,NA,NA,NA,NA,-0.127949236855172,0.00812871620908151,0.136077953064254,1.0124,1.17186,-0.00990000000000002,0.018456137839673,0,0,0,0
2008-09-14,"2008-37",NA,NA,NA,NA,NA,NA,-0.0822992339025195,-0.156439902662671,-0.0741406687601511,0.94442,1.17278,-0.00620000000000021,0.018404557696758,0,0,0,0
2008-09-21,"2008-38",NA,NA,NA,NA,NA,NA,-0.0750532891689017,-0.0676661587576177,0.00738713041128403,0.644275,1.21175,-0.0188999999999999,0.0194551535202861,0,0,0,0
2008-09-28,"2008-39",NA,NA,NA,NA,NA,NA,0.0608587825439164,0.116200839423132,0.0553420568792156,0.501685714285714,1.069,0.0899999999999999,0.0445965624725866,0,0,0,0
2008-10-12,"2008-41",NA,NA,NA,NA,NA,NA,-0.183170234684609,-0.00426568343354994,0.178904551251059,0.30474,1.242,-0.4237,0.0217245031454832,0,0,0,0
2008-10-19,"2008-42",NA,NA,NA,NA,NA,NA,0.034751196309875,-0.00634776629043987,-0.0410989626003149,0.49022,1.58406,-0.2028,0.0316412294637693,0,0,0,0
2008-10-26,"2008-43",NA,NA,NA,NA,NA,NA,-0.0852492395606124,0.0206750883453344,0.105924327905947,0.63604,1.63952,-0.0745999999999998,0.0210954268988598,0,0,0,0
2008-11-02,"2008-44",NA,NA,NA,NA,NA,NA,-0.0327002710245941,-0.121559979349668,-0.0888597083250744,0.61064,1.63794,-0.1258,0.0392712819152218,0,0,0,0
2008-11-09,"2008-45",NA,NA,NA,NA,NA,NA,0.0616771222045394,-0.0674261189344589,-0.129103241138998,0.6524,1.60708,-0.1492,0.0219063677414704,0,0,0,0
2008-11-16,"2008-46",NA,NA,NA,NA,NA,NA,0.119938360548536,0.157356432001207,0.0374180714526711,0.82582,1.79448,-0.2329,0.0325181751036857,0,0,0,0
2008-11-23,"2008-47",NA,NA,NA,NA,NA,NA,-0.0415196280086398,0.0808754763893456,0.122395104397985,1.07274,1.73,-0.0323000000000002,0.047942809632391,0,0,0,0
2008-11-30,"2008-48",NA,NA,NA,NA,NA,NA,-0.105397840047529,0.0145290812071179,0.119926921254647,1.17392,1.3478,-0.3798,0.0185561372399797,0,0,0,0
2008-12-07,"2008-49",NA,NA,NA,NA,NA,NA,0.0920091886259975,0.0357781356692195,-0.056231052956778,1.36476,1.06378,-0.35,0.0238859711367962,0,0,0,0
2008-12-14,"2008-50",NA,NA,NA,NA,NA,NA,-0.00701400092226656,0.0660009559108623,0.0730149568331289,1.77442,1.30422,-0.0800000000000001,0.0267251250229011,0,0,0,0
2008-12-21,"2008-51",NA,NA,NA,NA,NA,NA,0.0301920386865318,0.0104514921268972,-0.0197405465596345,1.768,1.22684,-0.22,0.0219943574143323,0,0,0,0
2008-12-28,"2008-52",NA,NA,NA,NA,NA,NA,-0.0709994569034826,-0.143736487943245,-0.0727370310397628,1.75992,1.0628,0.01,0.0182788296746845,0,0,0,0
2009-01-04,"2009-01",NA,NA,NA,NA,NA,NA,-0.0196138833573789,-0.0316382786994831,-0.0120243953421042,1.79285,0.844925,-0.00939999999999996,0.00520569190814902,0,0,0,0
2009-01-11,"2009-02",NA,NA,NA,NA,NA,NA,0.0322514241323599,0.0676794391730127,0.0354280150406527,1.7507,0.68626,-0.0506,0.0248695587246936,0,0,0,0
2009-01-18,"2009-03",NA,NA,NA,NA,NA,NA,0.0607012412323824,0.0275615227821646,-0.0331397184502178,1.99798,0.60404,0.0335,0.0206554217267767,0,0,0,0
2009-01-25,"2009-04",NA,NA,NA,NA,NA,NA,0.0435611941552549,0.0334390751462346,-0.0101221190090204,2.12503333333333,0.46525,-0.0238,0.00923838631341185,0,0,0,0
2009-02-08,"2009-06",NA,NA,NA,NA,NA,NA,0.0835613301848817,0.0509582574891656,-0.0326030726957161,2.31196,0.38782,0.0358000000000001,0.0146677400952408,0,0,0,0
2009-02-15,"2009-07",NA,NA,NA,NA,NA,NA,0.00390490632744722,0.149755227874576,0.145850321547129,2.26324,0.3613,0.0391,0.0180845406070685,0,0,0,0
2009-02-22,"2009-08",NA,NA,NA,NA,NA,NA,-0.0330308581948611,-0.0261404628128536,0.00689039538200742,2.2266,0.3524,-0.0585,0.0358104025877308,0,0,0,0
2009-03-01,"2009-09",NA,NA,NA,NA,NA,NA,-0.0140868302693136,-0.0613405363069051,-0.0472537060375915,2.23758,0.36844,-0.0249,0.0311300050278561,0,0,0,0
2009-03-08,"2009-10",NA,NA,NA,NA,NA,NA,0.0663234755001767,0.0812228233483667,0.01489934784819,2.34032,0.40992,-0.089,0.0303309396468163,0,0,0,0
2009-03-15,"2009-11",NA,NA,NA,NA,NA,NA,-0.0487243101491224,-0.0121032449960214,0.0366210651531009,2.36286,0.4576,-0.0106000000000001,0.0191235758351305,0,0,0,0
2009-03-22,"2009-12",NA,NA,NA,NA,NA,NA,0.0469685473268102,0.0896272254650752,0.042658678138265,2.28546,0.4242,0.00740000000000007,0.0128336634460441,0,0,0,0
2009-03-29,"2009-13",NA,NA,NA,NA,NA,NA,0.0724815391979252,0.0407225346637015,-0.0317590045342238,2.321,0.42268,0.00399999999999989,0.0188606612327408,0,0,0,0
2009-04-05,"2009-14",NA,NA,NA,NA,NA,NA,0.0505208456705351,0.0359970417901865,-0.0145238038803486,2.3288,0.38546,0.00840000000000007,0.00774627203929148,0,0,0,0
2009-04-12,"2009-15",NA,NA,NA,NA,NA,NA,-0.0196440473790034,-0.0280865305982845,-0.00844248321928109,2.343725,0.370925,0.0185999999999999,0.0233802080024889,0,0,0,0
2009-04-19,"2009-16",NA,NA,NA,NA,NA,NA,-0.00555410329098471,0.0602738182303533,0.065827921521338,2.33654,0.35694,0.02,0.0136928235101433,0,0,0,0
2009-04-26,"2009-17",NA,NA,NA,NA,NA,NA,-0.0387430736993126,-0.0300897031393443,0.00865337055996829,2.3119,0.3677,0.00480000000000003,0.018677455342177,0,0,0,0
2009-05-03,"2009-18",NA,NA,NA,NA,NA,NA,0.0395263165763868,0.00795577740978182,-0.031570539166605,2.30325,0.380475,-0.0205,0.0192364389012114,0,0,0,0
2009-05-10,"2009-19",NA,NA,NA,NA,NA,NA,0.0940532296001919,0.109389754287661,0.015336524687469,2.217,0.34356,0.00639999999999996,0.0129366079209586,0,0,0,0
2009-05-17,"2009-20",NA,NA,NA,NA,NA,NA,-0.00610506045129267,0.0485282991195195,0.0546333595708122,2.17366,0.3344,0.0121,0.0155937236598331,0,0,0,0
2009-05-24,"2009-21",NA,NA,NA,NA,NA,NA,-0.0227013548541271,-0.0291372939862153,-0.00643593913208829,2.18888,0.3572,-0.0343,0.00997642834211022,0,0,0,0
2009-05-31,"2009-22",NA,NA,NA,NA,NA,NA,0.0285270924207985,-0.0120333884918864,-0.0405604809126849,2.180875,0.3556,0.021,0.00677379299215803,0,0,0,0
2009-06-07,"2009-23",NA,NA,NA,NA,NA,NA,0.10738095700715,0.0931700290467887,-0.0142109279603613,2.22346,0.35698,0.000499999999999945,0.0149534026170815,0,0,0,0
2009-06-14,"2009-24",NA,NA,NA,NA,NA,NA,0.00954114506141046,-0.0188284890079142,-0.0283696340693247,2.28938,0.3513,0.0203,0.0074974145920931,0,0,0,0
2009-06-21,"2009-25",NA,NA,NA,NA,NA,NA,0.0989160069232353,0.0608670911996505,-0.0380489157235848,2.29564,0.37816,-0.00719999999999998,0.0156458912534722,0,0,0,0
2009-06-28,"2009-26",NA,NA,NA,NA,NA,NA,0.0270838919611665,0.0168025747747702,-0.0102813171863962,2.34236,0.39502,0.0411,0.00501908825974473,0,0,0,0
2009-07-05,"2009-27",NA,NA,NA,NA,NA,NA,0.0641349229444348,0.106265678370491,0.0421307554260562,2.35746,0.43716,-0.0268,0.010471332867235,0,0,0,0
2009-07-12,"2009-28",NA,NA,NA,NA,NA,NA,-0.030849721110437,0.034296267542496,0.0651459886529331,2.3196,0.38686,0.2726,0.0107210307713351,0,0,0,0
2009-07-19,"2009-29",NA,NA,NA,NA,NA,NA,0.0139487356937655,0.027814428014123,0.0138656923203575,2.18526,0.23428,0.2196,0.0129535322465162,0,0,0,0
2009-07-26,"2009-30",NA,NA,NA,NA,NA,NA,0.0262710231674737,0.0260414339911677,-0.000229589176306,2.13216,0.2474,-0.0552999999999999,0.017347912011768,0,0,0,0
2009-08-02,"2009-31",NA,NA,NA,NA,NA,NA,0.0438985434596741,-0.0945678737264206,-0.138466417186095,2.22028,0.37302,-0.0446,0.0292551008626987,0,0,0,0
2009-08-09,"2009-32",NA,NA,NA,NA,NA,NA,-0.0812976421390594,0.0244854971893673,0.105783139328427,2.19514,0.37842,0.0703,0.0195645953457898,0,0,0,0
2009-08-16,"2009-33",NA,NA,NA,NA,NA,NA,-0.0542634003939844,-0.0218759463731288,0.0323874540208555,2.2195,0.42934,-0.0758000000000001,0.0241753046563556,0,0,0,0
2009-08-23,"2009-34",NA,NA,NA,NA,NA,NA,-0.0241485025249926,-0.1526634585094,-0.128514955984407,2.25732,0.47108,-0.00659999999999994,0.0430408948830736,0,0,0,0
2009-08-30,"2009-35",NA,NA,NA,NA,NA,NA,-0.0924738857203655,0.00911620109392786,0.101590086814293,2.21574,0.46144,0.00869999999999993,0.0188716923534938,0,0,0,0
2009-09-06,"2009-36",NA,NA,NA,NA,NA,NA,0.035063444268264,-0.0275838262380965,-0.0626472705063605,2.21934,0.47422,-0.0709,0.0443324703403218,0,0,0,0
2009-09-13,"2009-37",NA,NA,NA,NA,NA,NA,0.0498823437919462,0.0475775504166975,-0.00230479337524869,2.20672,0.50956,0.0444,0.00861782954025426,0,0,0,0
2009-09-20,"2009-38",NA,NA,NA,NA,NA,NA,-0.0400965870173433,0.0540427545013635,0.0941393415187068,2.2467,0.5343,-0.0319,0.0137393745385266,0,0,0,0
2009-09-27,"2009-39",NA,NA,NA,NA,NA,NA,-0.0198916623337579,-0.0975400980829217,-0.0776484357491638,2.27533333333333,0.52285,0.0623,0.0159286023380116,0,0,0,0
2009-10-04,"2009-40",NA,NA,NA,NA,NA,NA,0.0027410716598455,-0.0470543400301775,-0.049795411690023,2.22476666666667,0.489233333333333,0.0198,0.013125232969148,0,0,0,0
2009-10-11,"2009-41",NA,NA,NA,NA,NA,NA,0.039641265441154,0.0151984024706984,-0.0244428629704556,2.30625,0.52285,-0.0392000000000001,NA,0,0,0,0
2009-10-18,"2009-42",NA,NA,NA,NA,NA,NA,0.0133081850187056,0.100663317613757,0.087355132595051,2.38998,0.49962,0.0422,0.0198614023450539,0,0,0,0
2009-10-25,"2009-43",NA,NA,NA,NA,NA,NA,0.0552721124682174,0.0760741376475362,0.0208020251793188,2.41098,0.51208,-0.0484,0.012201586197219,0,0,0,0
2009-11-01,"2009-44",NA,NA,NA,NA,NA,NA,-0.0300501193437688,-0.0557089427324069,-0.0256588233886381,2.40118,0.50064,0.0561,0.0196816706686339,0,0,0,0
2009-11-08,"2009-45",NA,NA,NA,NA,NA,NA,0.0433571104144681,0.0512330791849376,0.00787596877046948,2.43506,0.51864,-0.0721000000000001,0.00834548280379636,0,0,0,0
2009-11-15,"2009-46",NA,NA,NA,NA,NA,NA,0.00534027821919558,0.0167031840684846,0.011362905849289,2.4783,0.56624,-0.00249999999999995,0.00209357033369184,0,0,0,0
2009-11-22,"2009-47",NA,NA,NA,NA,NA,NA,0.024971351388543,0.035340497838849,0.010369146450306,2.45532,0.56908,-0.000699999999999923,0.0101318796099603,0,0,0,0
2009-11-29,"2009-48",NA,NA,NA,NA,NA,NA,-0.0721106200970159,-0.00605574747980775,0.0660548726172081,2.41932,0.58458,-0.00229999999999997,0.0258988835009241,0,0,0,0
2009-12-06,"2009-49",NA,NA,NA,NA,NA,NA,0.0579402283491168,0.000934043735686174,-0.0570061846134307,2.36314,0.59306,-0.00819999999999999,0.0203718295826041,0,0,0,0
2009-12-13,"2009-50",NA,NA,NA,NA,NA,NA,-0.0315144663385283,-0.0071386205922721,0.0243758457462562,2.40828,0.59562,0.00719999999999987,0.0133257894867944,0,0,0,0
2009-12-20,"2009-51",NA,NA,NA,NA,NA,NA,-0.0158783102400664,-0.0737400728992501,-0.0578617626591837,2.42498,0.60766,-0.0115000000000001,0.0146021177577541,0,0,0,0
2009-12-27,"2009-52",NA,NA,NA,NA,NA,NA,-0.0106522863940004,-0.0687807643779959,-0.0581284779839955,2.44118,0.61192,0.0022000000000002,0.0205390780669514,0,0,0,0
2010-01-03,"2009-53",NA,NA,NA,NA,NA,NA,0.0624942348597077,0.0276824594965088,-0.0348117753631989,2.41185,0.599075,0.0157999999999998,0.0090883567214959,0,0,0,0
2010-01-10,"2010-01",NA,NA,NA,NA,NA,NA,-0.0393650278161122,-0.0403090648279729,-0.000944037011860743,2.38496,0.5609,0.0935000000000001,0.0123099316512082,0,0,0,0
2010-01-17,"2010-02",NA,NA,NA,NA,NA,NA,-0.0323391748381976,-0.0123115172091577,0.0200276576290399,2.34354,0.51184,-0.01,0.01963981394025,0,0,0,0
2010-01-24,"2010-03",NA,NA,NA,NA,NA,NA,0.0111534446685697,0.0131652352901401,0.00201179062157042,2.33726,0.56052,-0.00870000000000015,0.0146299666906541,0,0,0,0
2010-01-31,"2010-04",NA,NA,NA,NA,NA,NA,-0.0520164251343251,-0.0821587369978793,-0.0301423118635542,2.30826,0.62192,-0.0374999999999999,0.00958651990930414,0,0,0,0
2010-02-07,"2010-05",NA,NA,NA,NA,NA,NA,0.00135442227270932,0.0262815815154358,0.0249271592427265,2.18666,0.5985,0.0605,0.0143105503394754,0,0,0,0
2010-02-14,"2010-06",NA,NA,NA,NA,NA,NA,0.014155981975704,-0.0186035306620482,-0.0327595126377522,2.10402,0.56044,0.0427999999999999,0.0112513925947244,0,0,0,0
2010-02-28,"2010-08",NA,NA,NA,NA,NA,NA,0.00132556225249392,0.0399937462404427,0.0386681839879488,2.11604,0.5936,-0.0448,0.0100103750428369,0,0,0,0
2010-03-07,"2010-09",NA,NA,NA,NA,NA,NA,-0.000614360391875124,-0.0157493107496958,-0.0151349503578206,2.041,0.64166,-0.0321,0.0139359373852416,0,0,0,0
2010-03-14,"2010-10",NA,NA,NA,NA,NA,NA,0.00454055310715606,0.0158124013794065,0.0112718482722505,2.10376,0.63622,0.0401,0.00533615326726783,0,0,0,0
2010-03-21,"2010-11",NA,NA,NA,NA,NA,NA,0.00551464289447789,0.0237230983290075,0.0182084554345296,2.06656,0.60616,-0.0129000000000001,0.0132099069874457,0,0,0,0
2010-03-28,"2010-12",NA,NA,NA,NA,NA,NA,0.00876538753331246,-0.0229062839196725,-0.031671671452985,2.10282,0.62406,-0.0425,0.00779985247091631,0,0,0,0
2010-04-04,"2010-13",NA,NA,NA,NA,NA,NA,0.025613889779911,0.0675026846434719,0.0418887948635609,2.2651,0.72362,-0.0708,0.010632195865306,0,0,0,0
2010-04-11,"2010-14",NA,NA,NA,NA,NA,NA,-0.0104394716905922,-0.0446550782497361,-0.0342156065591439,2.281425,0.69075,0.0938000000000001,0.00547517333578916,0,0,0,0
2010-04-18,"2010-15",NA,NA,NA,NA,NA,NA,-0.0188944782987361,-0.0398919942864335,-0.0209975159876974,2.16906,0.603,0.0275999999999998,0.00635045030862111,0,0,0,0
2010-04-25,"2010-16",NA,NA,NA,NA,NA,NA,-0.07501319441592,-0.120556666743949,-0.0455434723280286,2.07852,0.6036,0.000400000000000178,0.0245003360288541,0,0,0,0
2010-05-02,"2010-17",NA,NA,NA,NA,NA,NA,0.0112000254757465,-0.0287053236103345,-0.039905349086081,2.0359,0.61178,-0.00940000000000007,0.00741016330697413,0,0,0,0
2010-05-09,"2010-18",NA,NA,NA,NA,NA,NA,-0.0557498801551493,-0.0978828243158683,-0.042132944160719,2.03025,0.633225,-0.00909999999999989,0.0219689301350668,0,0,0,0
2010-05-16,"2010-19",NA,NA,NA,NA,NA,NA,0.027422112260223,0.0162362443002122,-0.0111858679600108,1.96788,0.63158,0.0635999999999999,0.0169026716969628,0,0,0,0
2010-05-23,"2010-20",NA,NA,NA,NA,NA,NA,-0.0205610828573857,-0.0626501525621626,-0.0420890697047769,1.80458,0.54936,0.0999000000000001,0.0244276751751764,0,0,0,0
2010-05-30,"2010-21",NA,NA,NA,NA,NA,NA,0.00753535193587318,0.0768917244432226,0.0693563725073494,1.6092,0.41016,0.2336,0.0193021190542552,0,0,0,0
2010-06-06,"2010-22",NA,NA,NA,NA,NA,NA,-0.0442717746141588,-0.0547504491078072,-0.0104786744936485,1.50776,0.4588,0.0208000000000002,0.0101748193523649,0,0,0,0
2010-06-13,"2010-23",NA,NA,NA,NA,NA,NA,-0.0130495341007792,0.0240419501631841,0.0370914842639634,1.51078571428571,0.520771428571429,0.1516,0.0165236268723192,0,0,0,0
2010-06-20,"2010-24",NA,NA,NA,NA,NA,NA,-0.000516785049875956,0.00554897317474001,0.00606575822461597,1.42935,0.4654,0.0791999999999999,0.00470193275789267,0,0,0,0
2010-06-27,"2010-25",NA,NA,NA,NA,NA,NA,0.0264885717009191,0.0327489280195987,0.00626035631867961,1.32408,0.48184,0.1457,0.0174471722192751,0,0,0,0
2010-07-04,"2010-26",NA,NA,NA,NA,NA,NA,-0.0451590897882292,-0.122174204003399,-0.07701511421517,1.2188,0.5548,-0.0185999999999997,0.0158622986500106,0,0,0,0
2010-07-11,"2010-27",NA,NA,NA,NA,NA,NA,0.039369064902667,0.056496228362704,0.017127163460037,1.23012,0.6025,-0.2052,0.0101401388730354,0,0,0,0
2010-07-18,"2010-28",NA,NA,NA,NA,NA,NA,-0.0134415131661676,0.0247606370474447,0.0382021502136123,1.6061,1.00708,-0.3616,0.0178351172539773,0,0,0,0
2010-07-25,"2010-29",NA,NA,NA,NA,NA,NA,0.047243922815646,0.0745108710714426,0.0272669482557966,1.68834,1.01888,0.0165999999999999,0.00994101543587633,0,0,0,0
2010-08-01,"2010-30",NA,NA,NA,NA,NA,NA,0.00520336246919673,0.0423133399258262,0.0371099774566295,1.77838,0.95714,-0.0286999999999999,0.0099580278085432,0,0,0,0
2010-08-08,"2010-31",NA,NA,NA,NA,NA,NA,-0.0137420196494116,-0.0139418284581661,-0.000199808808754476,1.7637,0.9087,0.0286,0.0114940293540119,0,0,0,0
2010-08-15,"2010-32",NA,NA,NA,NA,NA,NA,-0.0302390463645761,0.00476044339287807,0.0349994897574541,1.73162,0.92996,0.0215000000000001,0.0173639056479133,0,0,0,0
2010-08-22,"2010-33",NA,NA,NA,NA,NA,NA,0.0142558501370402,0.0318136050980113,0.0175577549609711,1.6925,0.91372,0.0153000000000001,0.00866452801305958,0,0,0,0
2010-08-29,"2010-34",NA,NA,NA,NA,NA,NA,-0.0244433995138236,-0.0438483311757967,-0.0194049316619731,1.64882,0.89316,0.0482,0.011559551291723,0,0,0,0
2010-09-05,"2010-35",NA,NA,NA,NA,NA,NA,-0.00294979992008582,-3.56316965355319e-05,0.00291416822355028,1.53452,0.81032,0.1072,0.010022795244763,0,0,0,0
2010-09-12,"2010-36",NA,NA,NA,NA,NA,NA,-0.0155128957568529,-0.0227588462025015,-0.00724595044564857,1.53554,0.79774,-0.000700000000000145,0.0105698734814925,0,0,0,0
2010-09-19,"2010-37",NA,NA,NA,NA,NA,NA,-0.0354015445497575,-0.0254590483412604,0.00994249620849708,1.58351666666667,0.803716666666667,0.0310000000000001,0.0117819138617504,0,0,0,0
2010-09-26,"2010-38",NA,NA,NA,NA,NA,NA,0.00335696861189927,-0.00980738937721437,-0.0131643579891136,1.5227,0.758675,0.0932999999999999,0.00169300285759181,0,0,0,0
2010-10-03,"2010-39",NA,NA,NA,NA,NA,NA,0.0149924366479279,-0.00999224651998531,-0.0249846831679132,1.4664,0.740925,0.00380000000000003,0.00853269816622025,0,0,0,0
2010-10-10,"2010-40",NA,NA,NA,NA,NA,NA,0.0240519633772793,0.0378533298347854,0.0138013664575061,1.5033,0.77365,-0.0150000000000001,NA,0,0,0,0
2010-10-17,"2010-41",NA,NA,NA,NA,NA,NA,0.117278532210608,0.0752444439052127,-0.0420340883053951,1.62404,0.84242,-0.0613999999999999,0.0109673265195952,0,0,0,0
2010-10-24,"2010-42",NA,NA,NA,NA,NA,NA,-0.034652179947094,-0.0189984137460657,0.0156537662010283,1.72048,0.89272,0.1081,0.0161908175776342,0,0,0,0
2010-10-31,"2010-43",NA,NA,NA,NA,NA,NA,-0.0171966887146606,0.0506564187099192,0.0678531074245798,1.824,0.96142,-0.00690000000000013,0.0148220026175064,0,0,0,0
2010-11-07,"2010-44",NA,NA,NA,NA,NA,NA,0.0565248917212022,0.0071093229929442,-0.049415568728258,1.91516,0.96724,-0.0171999999999999,0.0142719620750927,0,0,0,0
2010-11-14,"2010-45",NA,NA,NA,NA,NA,NA,-0.056173920624456,-0.00688494646178839,0.0492889741626676,2.0136,0.97628,0.0444,0.0101187234214652,0,0,0,0
2010-11-21,"2010-46",NA,NA,NA,NA,NA,NA,0.0129520473594535,-0.0959738861648729,-0.108925933524326,1.9495,0.9595,0.0935999999999999,0.0284655726327264,0,0,0,0
2010-11-28,"2010-47",NA,NA,NA,NA,NA,NA,-0.0568759899381339,0.0290447073566344,0.0859206972947684,1.56112,0.62622,0.6998,0.013485982505757,0,0,0,0
2010-12-05,"2010-48",NA,NA,NA,NA,NA,NA,-0.00288707786569464,-0.0326428477749738,-0.0297557699092792,1.21288,0.57526,-0.0244,0.00910383992316481,0,0,0,0
2010-12-12,"2010-49",NA,NA,NA,NA,NA,NA,-0.014193368534114,-0.0189078132703084,-0.00471444473619442,1.27382,0.87064,0.0101999999999998,0.00880826380058867,0,0,0,0
2010-12-19,"2010-50",NA,NA,NA,NA,NA,NA,-0.00104489805425256,0.0428596524789944,0.0439045505332469,0.9895,0.95212,0.2023,0.014020599303689,0,0,0,0
2010-12-26,"2010-51",NA,NA,NA,NA,NA,NA,-0.00143384601148977,0.0221636971231636,0.0235975431346533,0.64876,0.9449,0.6353,0.0124567223578931,0,0,0,0
2011-01-02,"2010-52",NA,NA,NA,NA,NA,NA,-0.00703547830379669,-0.0652239409759154,-0.0581884626721187,0.56548,1.27946,-0.4562,0.0116887243415303,0,0,0,0
2011-01-09,"2011-01",NA,NA,NA,NA,NA,NA,0.0391426849035748,0.0696551653876645,0.0305124804840897,0.963725,1.62175,-0.266,0.0124887831868903,0,0,0,0
2011-01-16,"2011-02",NA,NA,NA,NA,NA,NA,-0.00447279873264783,0.00499797112538669,0.00947076985803452,1.11104,1.45966,-0.1022,0.009575744318022,0,0,0,0
2011-01-23,"2011-03",NA,NA,NA,NA,NA,NA,-0.0264339471571597,-0.088023344603342,-0.0615893974461823,0.9849,1.46178,0.5936,0.0207480159721072,0,0,0,0
2011-01-30,"2011-04",NA,NA,NA,NA,NA,NA,-0.00211695676679113,0.00690003356688873,0.00901699033367986,0.706966666666667,2.13966666666667,0.00109999999999966,0.0112797437628809,0,0,0,0
2011-02-06,"2011-05",NA,NA,NA,NA,NA,NA,0.0111603576500947,0.00177824978960928,-0.00938210786048543,0.7574,2.4338,-0.0682,0.00875385895164982,0,0,0,0
2011-02-13,"2011-06",NA,NA,NA,NA,NA,NA,0.00122519855449443,0.00921771664084314,0.00799251808634871,1.054075,2.4445,-0.265,0.0123533426767253,0,0,0,0
2011-02-20,"2011-07",NA,NA,NA,NA,NA,NA,0.0204932982933652,0.0421255919858465,0.0216322936924813,1.26728,2.02634,-0.193,0.0103114537067925,0,0,0,0
2011-02-27,"2011-08",NA,NA,NA,NA,NA,NA,-0.0216259766436941,-0.00145834431056624,0.0201676323331279,1.21596,2.1393,-0.1407,0.0149634060202633,0,0,0,0
2011-03-06,"2011-09",NA,NA,NA,NA,NA,NA,0.0557707405567447,0.012705629047991,-0.0430651115087537,1.4135,2.1649,-0.1483,0.00522607736675854,0,0,0,0
2011-03-13,"2011-10",NA,NA,NA,NA,NA,NA,-0.0255670947080562,0.0330123751050371,0.0585794698130933,1.51656,1.8623,-0.00809999999999977,0.0129670824827015,0,0,0,0
2011-03-20,"2011-11",NA,NA,NA,NA,NA,NA,-0.0134467957812729,-0.0299038472611288,-0.0164570514798559,1.37956,1.73862,0.0295999999999998,0.0106626459449156,0,0,0,0
2011-03-27,"2011-12",NA,NA,NA,NA,NA,NA,0.0430001947754137,0.04738278879171,0.00438259401629626,1.29218,1.66524,0.1019,0.00407674463990954,0,0,0,0
2011-04-03,"2011-13",NA,NA,NA,NA,NA,NA,0.0315209946182051,-0.00555553270353037,-0.0370765273217355,1.2962,1.56941666666667,-0.000700000000000145,0.00824184855694977,0,0,0,0
2011-04-10,"2011-14",NA,NA,NA,NA,NA,NA,0.025968774070356,0.0370581533357086,0.0110893792653526,1.27903333333333,1.60783333333333,0.0138000000000003,0.00595497196076984,0,0,0,0
2011-04-17,"2011-15",NA,NA,NA,NA,NA,NA,0.0241595538802173,-0.0191752925704538,-0.0433348464506711,1.29804,1.6676,-0.0611000000000002,0.00572679160901257,0,0,0,0
2011-04-24,"2011-16",NA,NA,NA,NA,NA,NA,-0.035458548130995,0.0120796273120298,0.0475381754430249,1.3143,1.73764,0.0474000000000001,0.01032126455731,0,0,0,0
2011-05-01,"2011-17",NA,NA,NA,NA,NA,NA,-0.00149483394167493,-0.0774996289194316,-0.0760047949777567,1.26514,1.90334,-0.0224000000000002,0.00469684069700539,0,0,0,0
2011-05-08,"2011-18",NA,NA,NA,NA,NA,NA,-0.0334905403889216,0.0164831426273695,0.0499736830162911,1.25745,1.91495,0.00570000000000004,0.0146151271909753,0,0,0,0
2011-05-15,"2011-19",NA,NA,NA,NA,NA,NA,-0.000448227569189719,0.00608430596843412,0.00653253353762384,1.20326,1.87258,0.1294,0.00762909769237321,0,0,0,0
2011-05-22,"2011-20",NA,NA,NA,NA,NA,NA,0.0133304190615062,0.010087314418791,-0.00324310464271527,1.07514,1.78986,0.0784000000000002,0.00730932441541504,0,0,0,0
2011-05-29,"2011-21",NA,NA,NA,NA,NA,NA,-0.0397881558791751,-0.0578318838333276,-0.0180437279541525,0.95078,1.73024,0.0842999999999998,0.012206972403455,0,0,0,0
2011-06-05,"2011-22",NA,NA,NA,NA,NA,NA,-0.0251729949574013,-0.048128361926123,-0.0229553669687217,0.92952,1.70068,0.0293000000000001,0.0106597600862037,0,0,0,0
2011-06-12,"2011-23",NA,NA,NA,NA,NA,NA,-0.0209672634604381,0.0216756001318847,0.0426428635923228,0.910875,1.739675,0.0750999999999999,0.0116504441835393,0,0,0,0
2011-06-19,"2011-24",NA,NA,NA,NA,NA,NA,-0.0180170727296725,0.00631685137283622,0.0243339241025087,0.72492,2.03112,0.5529,0.00996777086375793,0,0,0,0
2011-06-26,"2011-25",NA,NA,NA,NA,NA,NA,0.046482257166371,0.0239209862163117,-0.0225612709500593,0.36392,2.51484,0.0396000000000001,0.0102740674549356,0,0,0,0
2011-07-03,"2011-26",NA,NA,NA,NA,NA,NA,-0.0294112626885692,0.0295106862443255,0.0589219489328947,0.48308,3.02908,-0.2259,0.0122736110187624,0,0,0,0
2011-07-10,"2011-27",NA,NA,NA,NA,NA,NA,0.021309437201678,0.0262086244785529,0.00489918727687488,0.63108,3.07074,-0.1481,0.00976905373612877,0,0,0,0
2011-07-17,"2011-28",NA,NA,NA,NA,NA,NA,-0.00195497261653532,-0.0057123061545985,-0.00375733353806318,0.72446,2.94974,-0.1003,0.0116566836622467,0,0,0,0
2011-07-24,"2011-29",NA,NA,NA,NA,NA,NA,-0.028326269595091,-0.0219827782067803,0.0063434913883107,0.71192,2.64708,0.2386,0.00539460709397483,0,0,0,0
2011-07-31,"2011-30",NA,NA,NA,NA,NA,NA,-0.0200116379014199,-0.033569993032815,-0.0135583551313951,0.72058,2.67026,-0.0383999999999998,0.0152781746401838,0,0,0,0
2011-08-07,"2011-31",NA,NA,NA,NA,NA,NA,-0.0400873145191154,0.0140600170792169,0.0541473315983323,0.7473,2.55932,0.0269999999999997,0.00441282031429347,0,0,0,0
2011-08-14,"2011-32",NA,NA,NA,NA,NA,NA,0.0024331395516084,-0.0118055906872518,-0.0142387302388602,0.7143,2.39914,-0.1178,0.0218174910181859,0,0,0,0
2011-08-21,"2011-33",NA,NA,NA,NA,NA,NA,0.00314931257724904,-0.022654661080197,-0.025803973657446,0.71816,2.22984,0.0405000000000002,0.0110812816644228,0,0,0,0
2011-08-28,"2011-34",NA,NA,NA,NA,NA,NA,0.0482186203249748,0.0306966041181447,-0.0175220162068301,0.66444,2.10732,0.0667999999999997,0.0168671167101593,0,0,0,0
2011-09-04,"2011-35",NA,NA,NA,NA,NA,NA,-0.0268193997103747,-0.0347330744236443,-0.00791367471326954,0.52314,1.96706,0.2783,0.00549553909601672,0,0,0,0
2011-09-11,"2011-36",NA,NA,NA,NA,NA,NA,0.000537016667679246,-0.0238353931928339,-0.0243724098605131,0.43948,2.03058,-0.0108999999999999,0.0141477680376011,0,0,0,0
2011-09-18,"2011-37",NA,NA,NA,NA,NA,NA,-0.010394679463448,-0.00645196642430612,0.00394271303914184,0.501475,2.08365,-0.0661,0.00665415664826884,0,0,0,0
2011-09-25,"2011-38",NA,NA,NA,NA,NA,NA,-0.0230478256819833,-0.0503476006694408,-0.0272997749874575,0.51564,2.08596,-0.0171999999999999,0.0211559072795289,0,0,0,0
2011-10-02,"2011-39",NA,NA,NA,NA,NA,NA,-0.0216578827997367,-0.0686405182362844,-0.0469826354365477,0.47228,2.213,-0.1277,0.00977712166116054,0,0,0,0
2011-10-16,"2011-41",NA,NA,NA,NA,NA,NA,0.0413082078082381,0.0218843851054782,-0.0194238227027599,0.57014,2.4256,-0.3016,0.014305621164264,0,0,0,0
2011-10-23,"2011-42",NA,NA,NA,NA,NA,NA,-0.0062079003045552,-0.0731455713128799,-0.0669376710083247,0.67192,2.54698,-0.0218000000000003,0.0118775161464789,0,0,0,0
2011-10-30,"2011-43",NA,NA,NA,NA,NA,NA,0.0522947221406556,0.074582045394644,0.0222873232539884,0.67872,2.53282,0.0843000000000003,0.0112115551364783,0,0,0,0
2011-11-06,"2011-44",NA,NA,NA,NA,NA,NA,0.00165640420435675,0.0324615748921087,0.0308051706877519,0.69544,2.6801,-0.1698,0.00806964223760794,0,0,0,0
2011-11-13,"2011-45",NA,NA,NA,NA,NA,NA,-0.0234431188628408,-0.0244144276927178,-0.00097130882987706,0.96476,3.01506,-0.421,0.0111453851057104,0,0,0,0
2011-11-20,"2011-46",NA,NA,NA,NA,NA,NA,-0.0285657424081283,-0.00296468244675108,0.0256010599613772,1.11112,3.14124,0.0211999999999999,0.0157135447437402,0,0,0,0
2011-11-27,"2011-47",NA,NA,NA,NA,NA,NA,-0.0102068977720071,-0.0276474724974118,-0.0174405747254047,0.98108,3.02614,0.1082,0.00827071755537836,0,0,0,0
2011-12-04,"2011-48",NA,NA,NA,NA,NA,NA,0.0169752709117743,0.00126563016308623,-0.0157096407486881,0.94838,3.00474,-0.1406,0.0213362422008871,0,0,0,0
2011-12-11,"2011-49",NA,NA,NA,NA,NA,NA,-0.000278860197449049,-0.0120170528252466,-0.0117381926277975,0.91452,2.93148,0.0626000000000002,0.00635260446428572,0,0,0,0
2011-12-18,"2011-50",NA,NA,NA,NA,NA,NA,-0.0138495928286515,-0.078954112872391,-0.0651045200437395,0.87622,2.84244,0.0225999999999997,0.00667041523735434,0,0,0,0
2011-12-25,"2011-51",NA,NA,NA,NA,NA,NA,0.00161109259466663,-0.00446636268586165,-0.00607745528052828,0.81576,2.79782,0.0951,0.0115989195372975,0,0,0,0
2012-01-01,"2011-52",NA,NA,NA,NA,NA,NA,0.0013166884716993,-0.0157553200564706,-0.0170720085281699,0.712166666666667,2.73501666666667,0.0287000000000002,0.00766234490905952,0,0,0,0
2012-01-08,"2012-01",NA,NA,NA,NA,NA,NA,0.0160462739280192,-0.0233969058452708,-0.0394431797732899,0.6719,2.71193333333333,0.00519999999999987,0.0137469172394881,0,0,0,0
2012-01-15,"2012-02",NA,NA,NA,NA,NA,NA,0.0272225280845397,0.0701749929948452,0.0429524649103055,0.67466,2.72534,-0.00549999999999962,0.0152165921481828,0,0,0,0
2012-01-22,"2012-03",NA,NA,NA,NA,NA,NA,0.0387206285804558,0.00537688419885285,-0.0333437443816029,0.538266666666667,2.6657,0.156,0.0250190558077702,0,0,0,0
2012-02-05,"2012-05",NA,NA,NA,NA,NA,NA,0.00567593348482642,0.00735027530591292,0.0016743418210865,0.49718,2.53134,0.0663,0.0142526502049512,0,0,0,0
2012-02-12,"2012-06",NA,NA,NA,NA,NA,NA,-0.00703949647129232,0.0273755447305497,0.034415041201842,0.48718,2.34468,0.0720000000000001,0.0147722185772711,0,0,0,0
2012-02-19,"2012-07",NA,NA,NA,NA,NA,NA,-0.00968951395455075,0.0194553418163164,0.0291448557708671,0.4522,2.21484,0.0722,0.00529773055758668,0,0,0,0
2012-02-26,"2012-08",NA,NA,NA,NA,NA,NA,0.0168740082284744,0.0533501772211942,0.0364761689927198,0.52418,2.3117,-0.1599,0.00380954729011619,0,0,0,0
2012-03-04,"2012-09",NA,NA,NA,NA,NA,NA,0.0121725087316431,0.0170017986430517,0.00482928991140863,0.58224,2.30878,0.0190999999999999,0.00791057214807744,0,0,0,0
2012-03-11,"2012-10",NA,NA,NA,NA,NA,NA,-0.0300008188823648,0.0343948307913253,0.0643956496736902,0.61662,2.24922,-0.0701000000000001,0.0122186330342662,0,0,0,0
2012-03-18,"2012-11",NA,NA,NA,NA,NA,NA,-0.0154455248708496,-0.0788425776285147,-0.0633970527576651,0.68214,2.1812,-0.032,0.0143835338750699,0,0,0,0
2012-03-25,"2012-12",NA,NA,NA,NA,NA,NA,-0.0145940464000134,0.0288623009761624,0.0434563473761758,0.71152,2.12308,-0.0282,0.00959677537922922,0,0,0,0
2012-04-01,"2012-13",NA,NA,NA,NA,NA,NA,-0.00738486031876207,-0.0454649351990071,-0.038080074880245,0.730114285714286,2.12617142857143,-0.0691999999999999,0.0110261056558597,0,0,0,0
2012-04-08,"2012-14",NA,NA,NA,NA,NA,NA,-0.00324210022748161,0.0352691108813286,0.0385112111088102,0.7493,2.10635,0.00360000000000005,0.00889200028299548,0,0,0,0
2012-04-15,"2012-15",NA,NA,NA,NA,NA,NA,0.0151037659744562,0.0532653310576201,0.0381615650831639,0.77396,2.08806,-0.0159000000000002,0.0100016448059189,0,0,0,0
2012-04-22,"2012-16",NA,NA,NA,NA,NA,NA,0.0208841351901814,0.0126058369551725,-0.00827829823500892,0.78388,2.04392,-0.00919999999999987,0.0106429300061134,0,0,0,0
2012-04-29,"2012-17",NA,NA,NA,NA,NA,NA,0.00962007050134872,0.0389675411937063,0.0293474706923575,0.77935,1.96523333333333,0.0190000000000001,0.00759117366396486,0,0,0,0
2012-05-06,"2012-18",NA,NA,NA,NA,NA,NA,0.0117988739662369,0.00177574834749272,-0.0100231256187442,0.781366666666667,1.9258,-0.00200000000000022,0.011071021529979,0,0,0,0
2012-05-13,"2012-19",NA,NA,NA,NA,NA,NA,-0.0263244446446906,-0.0176483850894709,0.00867605955521977,0.8178,1.9311,-0.1196,0.00822685232498076,0,0,0,0
2012-05-20,"2012-20",NA,NA,NA,NA,NA,NA,-0.0314811950012981,-0.00804700802159619,0.0234341869797019,1.016,2.11134,-0.3053,0.00983237340490573,0,0,0,0
2012-05-27,"2012-21",NA,NA,NA,NA,NA,NA,-0.00673136956436604,0.0103853536069325,0.0171167231712985,1.12478,2.09694,-0.1612,0.0092750009765292,0,0,0,0
2012-06-03,"2012-22",NA,NA,NA,NA,NA,NA,-0.000149994315012947,0.0366812399329319,0.0368312342479449,1.171,2.03716,-0.0123000000000002,0.00939249269830379,0,0,0,0
2012-06-10,"2012-23",NA,NA,NA,NA,NA,NA,-0.0412436716337625,-0.0359518617518635,0.00529180988189903,1.19908,2.01668,-0.0428000000000002,0.0121734723398844,0,0,0,0
2012-06-17,"2012-24",NA,NA,NA,NA,NA,NA,0.00635867459671324,0.0374046684417682,0.0310459938450549,1.30536,1.99156,-0.0372999999999997,0.0105694479032455,0,0,0,0
2012-06-24,"2012-25",NA,NA,NA,NA,NA,NA,-0.0053103560941512,-0.0322689931538225,-0.0269586370596713,1.32355,1.953725,-0.000900000000000123,0.00557851075021832,0,0,0,0
2012-07-01,"2012-26",NA,NA,NA,NA,NA,NA,-0.00655995236587081,-0.0381230794875114,-0.0315631271216406,1.2473,2.0032,0.0167999999999999,0.00689141226667248,0,0,0,0
2012-07-08,"2012-27",NA,NA,NA,NA,NA,NA,-0.0100749716426813,0.0202638451960011,0.0303388168386824,1.22948,1.96192,-0.0587,0.00891875369537418,0,0,0,0
2012-07-15,"2012-28",NA,NA,NA,NA,NA,NA,-0.0315197283233521,0.0106317520263426,0.0421514803496947,1.27196,1.93248,-0.073,0.013443625007649,0,0,0,0
2012-07-22,"2012-29",NA,NA,NA,NA,NA,NA,-0.0097255485238863,-0.0441588993342457,-0.0344333508103594,1.24356,1.7509,0.1219,0.0101238904740534,0,0,0,0
2012-07-29,"2012-30",NA,NA,NA,NA,NA,NA,-0.0110130079909139,-0.0508809052682402,-0.0398678972773263,1.13828,1.63146,0.0465,0.00544108550278816,0,0,0,0
2012-08-05,"2012-31",NA,NA,NA,NA,NA,NA,0.0258106681979902,-0.0419403551482809,-0.067751023346271,1.07936,1.51602,0.116,0.00707342586959977,0,0,0,0
2012-08-12,"2012-32",NA,NA,NA,NA,NA,NA,0.00777944972757627,0.0596131926322423,0.051833742904666,1.00856,1.32694,0.0544000000000002,0.00442608867319425,0,0,0,0
2012-08-19,"2012-33",NA,NA,NA,NA,NA,NA,-0.0124763358085795,-0.042093896378149,-0.0296175605695694,0.9306,1.196,0.17,0.00728082326777274,0,0,0,0
2012-08-26,"2012-34",NA,NA,NA,NA,NA,NA,-0.0158390256852163,-0.028463032767494,-0.0126240070822776,0.7388,1.02384,0.1707,0.00435276988902065,0,0,0,0
2012-09-02,"2012-35",NA,NA,NA,NA,NA,NA,0.00828101206273146,-0.037777108887818,-0.0460581209505495,0.82724,1.08184,-0.12,0.0100412302113332,0,0,0,0
2012-09-09,"2012-36",NA,NA,NA,NA,NA,NA,-0.00349863291668129,0.0410510621100704,0.0445496950267517,0.90454,1.14506,-0.0335999999999999,0.0061709569244185,0,0,0,0
2012-09-16,"2012-37",NA,NA,NA,NA,NA,NA,-0.00891909552651349,0.0186531224804325,0.027572218006946,0.91584,1.07102,0.1638,0.0179043896031072,0,0,0,0
2012-09-23,"2012-38",NA,NA,NA,NA,NA,NA,-0.0423702621996691,-0.0655665832172936,-0.0231963210176245,0.82536,0.95582,0.0456000000000003,0.0132799321599201,0,0,0,0
2012-09-30,"2012-39",NA,NA,NA,NA,NA,NA,0.0244873917495303,0.0213056785903847,-0.00318171315914562,0.7455,0.969483333333333,0.0173999999999999,0.0139838856009798,0,0,0,0
2012-10-14,"2012-41",NA,NA,NA,NA,NA,NA,0.018066130210582,0.02884068405581,0.010774553845228,0.79034,0.99222,-0.0381,0.0121371600179173,0,0,0,0
2012-10-21,"2012-42",NA,NA,NA,NA,NA,NA,0.0156943763092858,0.0305894342264805,0.0148950579171947,0.73204,0.92964,0.2114,0.00580086751240788,0,0,0,0
2012-10-28,"2012-43",NA,NA,NA,NA,NA,NA,-0.0169671076759457,-0.00992003669690789,0.00704707097903778,0.63974,0.79066,0.0505999999999998,0.00469063378216596,0,0,0,0
2012-11-04,"2012-44",NA,NA,NA,NA,NA,NA,0.0264928499083048,0.0351188681255934,0.00862601821728859,0.71008,0.85158,-0.0150000000000001,0.0122795944946299,0,0,0,0
2012-11-11,"2012-45",NA,NA,NA,NA,NA,NA,-0.00993966270185975,-0.0216497272637293,-0.0117100645618695,0.68026,0.83976,-0.0505999999999998,0.00823126656341173,0,0,0,0
2012-11-18,"2012-46",NA,NA,NA,NA,NA,NA,-0.0153613015942149,-0.0300429222429752,-0.0146816206487603,0.6634,0.89572,-0.0211000000000001,0.00923072273236512,0,0,0,0
2012-11-25,"2012-47",NA,NA,NA,NA,NA,NA,0.0105461946987617,0.0161487378077458,0.00560254310898411,0.69228,0.96252,-0.0417999999999998,0.00760224744751092,0,0,0,0
2012-12-02,"2012-48",NA,NA,NA,NA,NA,NA,0.00309390864433823,-0.0510337726220618,-0.0541276812664,0.70004,0.97058,0.0461999999999998,0.00703599416608526,0,0,0,0
2012-12-09,"2012-49",NA,NA,NA,NA,NA,NA,0.0672136678274544,0.0855062578462471,0.0182925900187927,0.67716,0.95638,0.00970000000000004,0.0143754029349766,0,0,0,0
2012-12-16,"2012-50",NA,NA,NA,NA,NA,NA,0.0714665066018032,0.0177977147113246,-0.0536687918904786,0.71476,0.99894,-0.0552000000000001,0.010666648471528,0,0,0,0
2012-12-23,"2012-51",NA,NA,NA,NA,NA,NA,-0.00760555333241175,0.0296517948418051,0.0372573481742169,0.77678,1.05498,0.0180000000000002,0.0180994662982636,0,0,0,0
2012-12-30,"2012-52",NA,NA,NA,NA,NA,NA,0.049327460781182,0.0499606454726065,0.000633184691424482,0.75148,1.05626,-0.0460000000000003,0.012858422618485,0,0,0,0
2013-01-06,"2013-01",NA,NA,NA,NA,NA,NA,0.0354852661438558,0.044918221283119,0.00943295513926312,0.8348,1.141925,-0.0703999999999998,0.00255706768999182,0,0,0,0
2013-01-13,"2013-02",NA,NA,NA,NA,NA,NA,-0.0222728672042045,0.0086123033420451,0.0308851705462496,0.88976,1.20072,-0.0162,0.00343831545333557,0,0,0,0
2013-01-20,"2013-03",NA,NA,NA,NA,NA,NA,0.0451456257560618,-0.0188350164127433,-0.0639806421688052,0.96716,1.27124,-0.0931999999999999,0.0189298999341704,0,0,0,0
2013-01-27,"2013-04",NA,NA,NA,NA,NA,NA,0.039820651631695,0.0249265201979334,-0.0148941314337616,0.92822,1.23526,0.0552000000000001,0.008763145236362,0,0,0,0
2013-02-03,"2013-05",NA,NA,NA,NA,NA,NA,0.11244082361131,0.00566724482399206,-0.106773578787318,0.91292,1.19498,0.0449999999999999,0.0108302545002147,0,0,0,0
2013-02-10,"2013-06",NA,NA,NA,NA,NA,NA,-0.047995365154037,0.00731383579763634,0.0553092009516734,0.90188,1.20088,-0.0293000000000001,0.00740853070234012,0,0,0,0
2013-02-24,"2013-08",NA,NA,NA,NA,NA,NA,-0.0826053311861425,-0.0432845399045441,0.0393207912815985,0.9676,1.27264,-0.0619000000000001,0.0154303179606926,0,0,0,0
2013-03-03,"2013-09",NA,NA,NA,NA,NA,NA,0.0569045400721357,0.0309667044710666,-0.0259378356010691,0.919,1.21684,0.0788000000000002,0.0138512006939713,0,0,0,0
2013-03-10,"2013-10",NA,NA,NA,NA,NA,NA,-0.00915461009603558,-0.0750747778059395,-0.0659201677099039,0.8773,1.18484,0.00129999999999963,0.0225381078946088,0,0,0,0
2013-03-17,"2013-11",NA,NA,NA,NA,NA,NA,-0.0297751850463088,-0.0277253984901762,0.00204978655613264,0.85724,1.15054,0.0241000000000002,0.00554596521458928,0,0,0,0
2013-03-24,"2013-12",NA,NA,NA,NA,NA,NA,0.0503349114845495,0.0290216386310123,-0.0213132728535372,0.87912,1.17416,-0.0108999999999999,0.0153822986404253,0,0,0,0
2013-03-31,"2013-13",NA,NA,NA,NA,NA,NA,-0.0849662059582892,-0.0194566679539401,0.0655095380043491,0.89072,1.21148,-0.0449000000000002,0.0130970636220053,0,0,0,0
2013-04-07,"2013-14",NA,NA,NA,NA,NA,NA,0.00213940328173567,0.0254999379543568,0.0233605346726211,0.85555,1.228175,-0.0301999999999998,0.00158068410868421,0,0,0,0
2013-04-14,"2013-15",NA,NA,NA,NA,NA,NA,-0.0136724640932373,-0.0126515824492044,0.00102088164403291,0.8956,1.3048,-0.0679000000000003,0.00464685188263291,0,0,0,0
2013-04-21,"2013-16",NA,NA,NA,NA,NA,NA,0.0295819233757255,0.0393319803130838,0.00975005693735831,0.84862,1.2996,0.0242,0.00670275476003717,0,0,0,0
2013-04-28,"2013-17",NA,NA,NA,NA,NA,NA,-0.0248889546233242,-0.0444049120474199,-0.0195159574240957,0.826142857142857,1.26335714285714,0.0388000000000002,0.018955295838744,0,0,0,0
2013-05-05,"2013-18",NA,NA,NA,NA,NA,NA,0.0247661814221045,0.0106307762882762,-0.0141354051338283,0.8148,1.28045,-0.0406,0.00568249188254479,0,0,0,0
2013-05-12,"2013-19",NA,NA,NA,NA,NA,NA,0.00807087143708696,0.0197503640472947,0.0116794926102077,0.80514,1.2559,0.0710999999999999,0.00804406706953997,0,0,0,0
2013-05-19,"2013-20",NA,NA,NA,NA,NA,NA,0.0174381492645663,0.028653559467803,0.0112154102032367,0.71312,1.17108,0.0686,0.00882780216527334,0,0,0,0
2013-05-26,"2013-21",NA,NA,NA,NA,NA,NA,-0.00352103892601896,0.0318897294573155,0.0354107683833345,0.65268,1.11732,0.0354999999999999,0.00953887131946766,0,0,0,0
2013-06-02,"2013-22",NA,NA,NA,NA,NA,NA,0.00528687661294391,0.0356456689190203,0.0303587923060764,0.665,1.11882,0.0118,0.00563533558156108,0,0,0,0
2013-06-09,"2013-23",NA,NA,NA,NA,NA,NA,-0.0481637026917019,-0.0532692395904837,-0.00510553689878179,0.5032,1.37795714285714,0.3132,0.00584626343835108,0,0,0,0
2013-06-16,"2013-24",NA,NA,NA,NA,NA,NA,-0.0241561623737887,-0.0652783465592623,-0.0411221841854736,0.24075,2.02425,0.00800000000000001,0.0103783460552385,0,0,0,0
2013-06-23,"2013-25",NA,NA,NA,NA,NA,NA,-0.0570566760885578,-0.0272814749507768,0.029775201137781,-0.39538,1.57144,2.0149,0.0133182695841088,0,0,0,0
2013-06-30,"2013-26",NA,NA,NA,NA,NA,NA,-0.0404921105516349,-0.0868286661120878,-0.0463365555604529,-0.93016,1.09776,-1.0441,0.0230751949256873,0,0,0,0
2013-07-07,"2013-27",NA,NA,NA,NA,NA,NA,-0.0193778283366788,0.0472987697796485,0.0666765981163273,-0.20536,1.39866,-0.5354,0.00758096802680937,0,0,0,0
2013-07-14,"2013-28",NA,NA,NA,NA,NA,NA,0.0404043925027651,0.0729709109951315,0.0325665184923665,0.01778,1.1776,0.0261999999999998,0.0216771135548074,0,0,0,0
2013-07-21,"2013-29",NA,NA,NA,NA,NA,NA,-0.0502408227875417,-0.0260129612750255,0.0242278615125162,0.08882,1.09432,0,0.0107961892016531,0,0,0,0
2013-07-28,"2013-30",NA,NA,NA,NA,NA,NA,-0.0119043495876117,-0.0342856115937487,-0.022381262006137,0.17214,1.08622,-0.0792999999999999,0.0132968250656852,0,0,0,0
2013-08-04,"2013-31",NA,NA,NA,NA,NA,NA,0.00318183872167399,0.0250757944908813,0.0218939557692073,0.29726,1.24724,-0.0937000000000001,0.0130617011313064,0,0,0,0
2013-08-11,"2013-32",0.0362698362908349,NA,NA,NA,NA,NA,0.00100449581535589,0.0225832415461156,0.0215787457307597,0.3796,1.25532,0.0514000000000001,0.00639920008954029,0,0,0,0
2013-08-18,"2013-33",0.0244001884994052,NA,NA,0.0723206615796261,NA,NA,0.0422328556819034,0.016748681029255,-0.0254841746526484,0.46972,1.19414,0.0983000000000001,0.0122074550357422,0,0,0,0
2013-08-25,"2013-34",0.0635090464630925,NA,NA,0.110000895214329,NA,NA,-0.00446078502152325,-0.0252544142583906,-0.0207936292368673,0.45108,1.07998,0.0699999999999998,0.00606395856710945,0,0,0,0
2013-09-01,"2013-35",0.0385289653089152,NA,NA,0.13613217432458,NA,NA,0.0120938029195319,0.0253331988744216,0.0132393959548898,0.4011,1.05872,0,0.00934430157816459,0,0,0,0
2013-09-08,"2013-36",0.0836784518953281,NA,NA,0.349375641457121,NA,NA,0.0375572184002246,0.00882945282380021,-0.0287277655764244,0.39256,1.00274,0.036,0.00544815081317596,0,0,0,0
2013-09-15,"2013-37",0.105069372483525,NA,NA,0.085942429800725,NA,NA,0.0904891531375798,0.0522999494150493,-0.0381892037225304,0.42092,0.97228,0.0613000000000001,0.0123675781287692,0,0,0,0
2013-09-22,"2013-38",0.0325317374659123,NA,NA,-0.111917916203986,NA,NA,-0.0284862215277535,-0.0443590493041892,-0.0158728277764357,0.345425,0.947275,-0.00229999999999997,0.00944151261862589,0,0,0,0
2013-09-29,"2013-39",0.0813947066470635,NA,NA,0.136553138338374,NA,NA,-0.0488293900529531,-0.019926589116098,0.028902800936855,0.338116666666667,1.00388333333333,-0.0958000000000001,0.0120870406538809,0,0,0,0
2013-10-06,"2013-40",NA,NA,NA,-0.305906515066446,NA,NA,0.003179259244801,-0.00632357963099484,-0.00950283887579584,0.4616,1.1366,-0.0720000000000001,NA,0,0,0,0
2013-10-13,"2013-41",0.0579473177254973,NA,NA,0.346728509586701,NA,NA,0.0201693311926947,0.0432191644579634,0.0230498332652687,0.4892,1.13894,-0.0192999999999999,0.00891709244269245,0,0,0,0
2013-10-20,"2013-42",0.0063789699653138,NA,NA,0.461635379575219,NA,NA,-0.0365625207133569,-0.0270279767916692,0.00953454392168762,0.60084,1.17894,-0.0524,0.0126728379630984,0,0,0,0
2013-10-27,"2013-43",0.112219439230517,NA,NA,-0.587717218046298,NA,NA,0.00666445494734891,-0.013022511774067,-0.0196869667214159,0.5764,1.10112,0.2969,0.0116196331022112,0,0,0,0
2013-11-03,"2013-44",0.0260314100374925,NA,NA,0,NA,NA,0.0240878927116812,-0.0161557476532534,-0.0402436403649347,0.39974,0.90036,0.0344000000000002,0.0110739115042701,0,0,0,0
2013-11-10,"2013-45",0,NA,NA,0,NA,NA,-0.0339662307926254,-0.0113906819589653,0.0225755488336601,0.44782,0.89742,0.0617000000000001,0.00524165697548253,0,0,0,0
2013-11-17,"2013-46",0.0456356259441278,NA,NA,0,NA,NA,-0.0138496008696807,-0.0250545526122252,-0.0112049517425445,0.33754,0.56088,0.5091,0.0114913239369654,0,0,0,0
2013-11-24,"2013-47",0.0519830158516058,NA,NA,-0.285351457113499,NA,NA,0.0189375962542506,0.0378906401018231,0.0189530438475725,0.17734,0.20602,0.1038,0.0126900003735297,0,0,0,0
2013-12-01,"2013-48",0.0851833768275871,NA,NA,0.285351457113499,NA,NA,-0.001806798625549,-0.00241657194702949,-0.000609773321480489,0.14742,0.35252,-0.1893,0.00652933384498111,0,0,0,0
2013-12-08,"2013-49",0.0269011431757819,NA,NA,0.0440168854167746,NA,NA,0.00701164171004454,0.00145064383356619,-0.00556099787647835,0.0332200000000002,0.41822,0.267,0.00751395183445383,0,0,0,0
2013-12-15,"2013-50",0.107655874859114,NA,NA,-0.0880993979869631,NA,NA,-0.0329504027649996,-0.00383457267573739,0.0291158300892622,-0.0107399999999998,0.72708,0.0137999999999998,0.00644941427649991,0,0,0,0
2013-12-22,"2013-51",0.0115948456917231,NA,NA,-0.0204560085673826,NA,NA,-0.0529916842611806,-0.0418105555384818,0.0111811287226988,-0.1016,0.70824,0.1788,0.00601391114845686,0,0,0,0
2013-12-29,"2013-52",0.0317753996978735,NA,NA,-0.0691357388348619,NA,NA,0.00281734720655891,-0.0355045605551165,-0.0383219077616754,-0.12118,0.8415,-0.0762,0.0120752614361463,0,0,0,0
2014-01-05,"2014-01",0.0552754670547981,NA,NA,0.000142867347911135,NA,NA,-0.00668531580150589,0.0225765501126745,0.0292618659141803,-0.0237750000000001,0.95185,-0.0828999999999995,0.00808672286845609,0,0,0,0
2014-01-12,"2014-02",0.00812497270788336,NA,NA,0.0937505226126776,NA,NA,-0.00526398036606057,-0.0681341038614471,-0.0628701234953866,0.23472,1.19668,-0.4569,0.00779619710390395,0,0,0,0
2014-01-19,"2014-03",0.0522743891321437,NA,NA,-0.0845076555315005,NA,NA,-0.029162673712869,-0.0108363716412248,0.0183263020716442,0.67742,1.67516,-0.2062,0.00568444011852056,0,0,0,0
2014-01-26,"2014-04",0.0401713197315543,NA,NA,0.0860673127231477,NA,NA,0.00365133931224815,0.0394188790783767,0.0357675397661286,0.683533333333333,1.75798333333333,-0.2406,0.0129393417789137,0,0,0,0
2014-02-02,"2014-05",0.0611876972938143,NA,NA,-0.0729897165158047,NA,NA,0.00555962219001493,0.0101056663785286,0.00454604418851368,0.8179,1.918825,-0.0335999999999999,0.00766147157518014,0,0,0,0
2014-02-09,"2014-06",NA,NA,NA,NA,NA,NA,-0.00393717072740341,-0.010469536607804,-0.00653236588040063,0.9647,2.09415,-0.1925,NA,0,0,0,0
2014-02-16,"2014-07",0.0275165411652299,NA,NA,NA,NA,NA,0.0487464262399291,0.029282874226392,-0.0194635520135371,1.13668,2.2573,-0.1747,0.0093023246828713,0,0,0,0
2014-02-23,"2014-08",0.0492142852033967,NA,NA,0.111917916203986,NA,NA,-0.0207349151229739,0.00705605361720796,0.0277909687401818,1.2804,2.3426,-0.081,0.00812607362404533,0,0,0,0
2014-03-02,"2014-09",0.0521885398624893,NA,NA,-0.0275525807562413,NA,NA,-0.0274746225987412,-0.0839051528998613,-0.0564305303011201,1.28508,2.39458,-0.0719000000000003,0.0113702357598966,0,0,0,0
2014-03-09,"2014-10",0.0422294010663779,NA,NA,0.039248620519432,NA,NA,-0.00853392785430351,0.0584795641373841,0.0670134919916876,1.33796,2.3477,0.0215000000000001,0.00687046094601063,0,0,0,0
2014-03-16,"2014-11",0.0552623823123432,0.0344998559394104,NA,-0.0355066884569091,NA,NA,-0.0125598260409436,-0.00743238574006,0.00512744030088363,1.38288,2.38052,0.00519999999999987,0.0148429792605184,0,0,0,0
2014-03-23,"2014-12",0.0553054763270653,0.0245948895173401,NA,-0.0368139731227171,0,NA,0.0324858528388017,0.000914695253194431,-0.0315711575856072,1.46498,2.46,-0.0616999999999996,0.00887284268768939,0,0,0,0
2014-03-30,"2014-13",0.0217848634906448,0.0719215081681527,NA,0.0246926125903721,-0.02409755157906,NA,0.0131646971970341,0.0673348445635131,0.0541701473664791,1.53536,2.52446,-0.1521,0.013550810423679,0,0,0,0
2014-04-06,"2014-14",0.0836975699465824,0.040646219879907,0,-0.0246926125903721,0.00809721023261911,NA,-0.0012097022522557,0.0114554173208337,0.0126651195730894,1.55436,2.56096,0.0358000000000001,0.00627460147976965,0,0,0,0
2014-04-13,"2014-15",0.0136190836378253,0.00445432676545602,0.0763385662502014,0.0307716586667537,-0.0327898228229913,-0.0671966965874651,0.0441357341188242,0.0055259164863708,-0.0386098176324534,1.410925,2.451875,0.1538,0.00690824107551257,0,0,0,0
2014-04-20,"2014-16",0.0191196224721441,0.0137599147028631,0.0345732011570346,0.0192082736382675,0.0614086281286434,0.0123778781378769,-0.0325883742208894,-0.0118738296188754,0.0207145446020141,1.35526,2.50334,-0.1839,0.00630550761652272,0,0,0,0
2014-04-27,"2014-17",0.0425210586015373,0.0718427145783969,0.0111078926454954,0.105954869315739,0.115341883615856,-0.028170876966696,0.00198418524789634,-0.00527689122432307,-0.00726107647221941,1.26298,2.4414,0.2,0.0070320668890547,0,0,0,0
2014-05-04,"2014-18",0.0269239662892229,0.0201079769945895,0.0202371077968259,-0.191821080185169,-0.0486505091171834,-0.00204290162980048,-0.00165482841100673,-0.0280372782891583,-0.0263824498781515,1.198475,2.3821,-0.0425,0.0128446729407276,1,0,0,1
2014-05-11,"2014-19",0.0676716812168051,0.00334452636245554,0.00506414814899844,0.010568470580119,-0.0462128431551312,-0.0286267214264369,-0.0135737439119588,-0.0289336760790837,-0.0153599321671249,1.14844,2.33006,-0.0537000000000001,0.0048404423951059,0,0,0,0
2014-05-18,"2014-20",0.0744839388796605,0.0166527603169464,0.0163116787946407,0.0113456504174065,0.0892610967236447,0.0508723303737564,0.00947814192351792,7.50666216617901e-05,-0.00940307530185613,1.16082,2.30504,-0.00130000000000008,0.0117417277899795,0,0,0,0
2014-05-25,"2014-21",0.0194887057785987,0.0386109510403585,0.241286932045029,-0.0373211368206672,0.024966622730461,-0.0408219945202548,-0.00216131047814905,0.0122723811198124,0.0144336915979615,1.09152,2.05446,0.0146999999999999,0.0068345354022499,0,0,0,0
2014-06-01,"2014-22",0.0444631210306323,0.0904361680542558,0.010173964166555,-0.0133785689730335,-0.176639102425634,0.000416579885216262,-0.000453299221799597,0.0294879709835092,0.0299412702053088,1.13784,1.9872,-0.1386,0.00567343909531736,0,0,0,0
2014-06-08,"2014-23",0.0369346149062494,0.00647080885712496,0.0172380757798358,-0.0322521179211419,0.113013406545423,-0.00459195129569689,-0.00412812912965865,-0.0146697956938784,-0.0105416665642197,1.1702,1.9896,-0.0453000000000001,0.00597265764633933,0,0,0,0
2014-06-15,"2014-24",0.0462042566992505,0.0571532697460946,0.00344403538302604,0.0120466891486242,-0.0248313083395697,-0.00840341079637952,0.0251473091425769,-6.49421811873552e-05,-0.0252122513237643,1.15876,1.88778,0.0399000000000003,0.00599120669470372,0,0,0,0
2014-06-22,"2014-25",0.0230418326037048,0.0415385256225964,0.0224918223766159,0.00691575066339034,-0.0508050631137262,-0.0299808322119359,-0.00758094889141336,-0.0276638601998762,-0.0200829113084628,1.00324,1.72662,0.2977,0.0107220130458458,0,0,0,0
2014-06-29,"2014-26",0.0492428571306984,0.0324684500314037,0.0513122769142497,-0.129677823308533,0.0683103313612232,0,-0.0176300032238998,0.0206742143393486,0.0383042175632484,0.83286,1.54162,-0.0310999999999999,0.004303387977239,0,0,0,0
2014-07-06,"2014-27",0.0201128764284059,0.0765956777503643,0.0517396951751406,0,-0.00471698987813873,0.0206547790307461,0.00640757238904666,0.0185797207574634,0.0121721483684167,0.93376,1.566,0.0292999999999997,0.00272671777124144,0,0,0,0
2014-07-13,"2014-28",0.0156262717520521,0.0236280646334937,0.026053883968657,-0.0312525435041042,-0.375338402704658,0.034327355386607,-0.0303632761347741,0.00850579335648316,0.0388690694912572,0.9761,1.6001,-0.0311999999999997,0.00573359887639758,0,0,0,0
2014-07-20,"2014-29",0.0141324322147197,0.00728782662948815,0.0217288172589222,-0.0741079721537217,-0.0520859117647201,0.00819676720417872,-0.00397433038737471,0.0184978423068927,0.0224721726942674,0.94432,1.4767,0.2009,0.00576286184562375,0,0,0,0
2014-07-27,"2014-30",0.0187436868271841,8.89681391936742e-05,0.0187077046022221,-0.0436750635026613,0.285924752195678,-0.052367985517316,0.0466129195386848,0.0621206296239194,0.0155077100852345,0.84058,1.30074,0.1158,0.0063561931886125,0,0,0,0
2014-08-03,"2014-31",0.0874538270319,0.115863372454872,0.0194450517770833,0.000892458783019023,0.0854356681271007,0.0725706928348351,0.0530895274868302,0.0227616940517521,-0.0303278334350781,0.70502,1.16278,0.1182,0.00953341272768559,0,0,0,0
2014-08-10,"2014-32",0.0468147062167305,0.0829939173421337,0.0669079891131026,0.178448469872797,-0.205178068894725,-0.0799093832283018,-0.0187431177812591,-0.011902238712139,0.00684087906912012,0.70556,1.14816,-0.0851000000000002,0.0115241875218971,0,0,0,0
2014-08-17,"2014-33",0.150200812886035,0.0205871401323636,0.0562870139076099,-0.0615578929994332,-0.000959785081836362,-0.00390710286480855,-0.00208684411627047,0.0129492503428414,0.0150360944591119,0.75274,1.19406,-0.0171999999999999,0.00773106914810603,0,0,0,0
2014-08-24,"2014-34",0.0868915184052365,0.0529795086420278,0.0276130995838021,-0.118497576594252,-0.176385684889197,0.000434877154059432,-0.00879008428502992,0.0152750740590717,0.0240651583441016,0.72686,1.16246,0.0394000000000001,0.00556257285185638,0,0,0,0
2014-08-31,"2014-35",0.0743599870932163,NA,0.0165423282266434,0.0596570765713187,NA,0.0404741079277744,-0.0100052015923415,-0.0220209473127397,-0.0120157457203982,0.69764,1.12904,-0.0386000000000002,0.00588310375748445,0,0,0,0
2014-09-07,"2014-36",0.13895477366574,NA,0.0148004853076746,-0.0238512158221802,NA,0.00208550649102168,0.0351634113882016,0.0567444060978044,0.0215809947096028,0.7458,1.1431,0.000500000000000167,0.00224571069898521,0,0,0,0
2014-09-14,"2014-37",0.103566668611093,NA,0.00376750078499626,-0.0239041304207053,-0.105360515657826,0.0120109126661352,-0.0161634315043928,-0.00264547258178549,0.0135179589226073,0.73665,1.0948,0.0716999999999999,0.00550788257546347,0,0,0,0
2014-09-21,"2014-38",0.215181815041377,NA,0.00291882876113397,0.0477553462428855,NA,0.00860837453660057,0.00458068146600876,0.00716919749931222,0.00258851603330346,0.60632,1.05286,-0.0206,0.0107124953732971,0,0,0,0
2014-09-28,"2014-39",0.171129503803373,NA,0.00307881086395086,-0.0953101798043248,NA,0.0061037829380175,-0.0114280571477767,0.0151658641849588,0.0265939213327355,0.38495,0.943616666666667,0.1079,0.0120709491962978,1,0,0,1
2014-10-05,"2014-40",NA,NA,0.0150514716914776,NA,NA,0.0140989243795016,0.000973719027939524,0.00109909027111321,0.000125371243173689,0.32125,0.88105,-0.00999999999999979,0.00221293665132263,0,0,0,0
2014-10-12,"2014-41",0.0626205701769721,6.76689584886165e-05,0.0132706767618625,NA,NA,0.0314986670593713,0.00345186306434275,0.0273095427585197,0.023857679694177,0.308725,0.846425,0.0306000000000002,0.00305420831398923,0,0,0,0
2014-10-19,"2014-42",0.0857568323874039,0.0494448042323439,0.00786955864923651,0.0283994745216978,-0.153087980471136,0.00386847677792002,-0.00707533566806973,-0.0143885020234542,-0.00731316635538448,0.2705,0.9285,-0.143,0.00523704781397347,0,0,0,0
2014-10-26,"2014-43",0.201950353386038,0.00929714425557607,0.0208248037707302,-0.0730008928844903,-0.122440705930364,-0.0234385729720175,-0.00490529360794678,-0.035234706118124,-0.0303294125101772,0.3073,1.02002,-0.1346,0.00655130093486204,0,0,0,0
2014-11-02,"2014-44",0.280912912430127,0.0625159874691745,0.00667484257756561,-0.4378247308815,0.088410957344053,-0.00316706519670085,0.0547582123559778,0.0412744790763915,-0.0134837332795863,0.32646,1.02704,-0.0323000000000002,0.0105047599890559,0,0,0,0
2014-11-09,"2014-45",0.233270456011458,0,0.00543665129384865,0.277631736598279,0,-0.000793336019396129,-0.0175684274867027,0.0194758578957721,0.0370442853824748,0.34312,1.13216,-0.1149,0.00614113566188816,0,0,0,0
2014-11-16,"2014-46",0.0478916291134618,NA,0.00600954816300181,0.266628663253949,0,-0.0119761910467155,0.0465115419054696,0.010848952740135,-0.0356625891653346,0.37438,1.1107,-0.0884,0.0114216210521342,0,0,0,0
2014-11-23,"2014-47",0.073034971012953,0.0619786715725999,0.00989118259648799,-0.207788163231015,-0.084218079084017,-0.0305834233720801,-0.0205878210936321,-0.000820336765611884,0.0197674843280202,0.41598,0.96564,0.0885000000000002,0.00283341289635587,0,0,0,0
2014-11-30,"2014-48",0.0746736295718779,0.0468565626396652,0.00972983605733985,0.0339412334280329,-0.129356021214042,0.0143887374520997,0.133058324536551,0.082591032628109,-0.0504672919084417,0.40154,1.04812,-0.1589,0.00297255418967277,0,0,0,0
2014-12-07,"2014-49",0.0981576868653872,0.0563918626756895,0.0306242641760159,-0.0953101798043252,0.214343035360936,-0.0061412680220827,0.140923138993059,0.0892069891358371,-0.0517161498572216,0.48902,1.05526,0.0813999999999999,0.0176791804482216,0,0,0,0
2014-12-14,"2014-50",0.110379238446082,0.00554723866326949,0.00416951948673848,0.00252844635335858,0.194291647508507,0.0036892847747958,-0.05761289745341,0.0178677161738374,0.0754806136272475,0.45336,0.9783,0.1205,0.034997571880417,0,0,0,0
2014-12-21,"2014-51",0.0861262435619491,0.0838727468754051,0.00488305247351978,0.0953101798043252,0.0311551677797954,-0.00986850114075377,0.0918362220309339,0.00286932179264987,-0.088966900238284,0.31342,1.28428,0.2315,0.00930380609536519,0,0,0,0
2014-12-28,"2014-52",0.0880617157854061,NA,0.0241195891332752,-0.19062035960865,-0.104679084626347,-0.002068253064059,0.0542621822658447,-0.0385752523818521,-0.0928374346476968,0.20438,1.70684,-0.1254,0.0262201152534801,0,0,0,0
2015-01-04,"2015-01",0.0817515524154221,NA,0.0122037945710757,0.0327898228229913,0.0926437595967928,0.002068253064059,0.0557560069939509,0.0537924731604562,-0.00196353383349468,0.267525,1.782125,-0.0810999999999997,0.0151474712624138,0,0,0,0
2015-01-11,"2015-02",0.060803397817791,0.0666116068743583,0.0131248170478523,-0.0305700660846782,-0.197398948359622,0.00206398422085119,-0.0347004136944644,0.037684622715382,0.0723850364098464,0.27024,1.65654,0.0183,0.0224523095122027,0,0,0,0
2015-01-18,"2015-03",0.047887635476143,0.036639230522729,0.00415330524430311,0.0388688688993728,-0.24958693918795,-0.0070349969428718,0.0460585211119948,0.00754681269518187,-0.038511708416813,0.25172,1.58826,-0.1454,0.0193456178465264,0,0,0,0
2015-01-25,"2015-04",0.107112236022749,0.00167915853463878,0.0214656232624483,0.101085863142857,0.00290838789595727,0.00248859522876543,-0.0482740442754768,0.022773096982899,0.0710471412583757,0.27488,1.7098,-0.0374000000000003,0.0476408497489733,0,0,0,0
2015-02-01,"2015-05",0.0591562693367291,0.000558636007966781,0.00612256241848568,0.011976191046716,0.000967585948735916,0.0143946552946908,-0.0718009483117008,-0.0139623373054718,0.057838611006229,0.3201,1.75446,0.0141,0.010363523290941,0,0,0,0
2015-02-08,"2015-06",0.12390747076046,0.00293182079877967,0.00541216813854491,0,0.00578593706704389,-0.0152234991050917,-0.043234949609233,-0.00872184685885635,0.0345131027503767,0.2635,1.73664,-0.0333999999999999,0.0189697499825104,0,0,0,0
2015-02-15,"2015-07",0.00363841291821303,NA,0.00125807018881873,-0.00238379135527644,0,0.00165700120762935,0.0277672869816614,-0.0108761771265158,-0.0386434641081772,0.261016666666667,1.76948333333333,-0.0377999999999998,0.0128957990018238,0,0,0,0
2015-02-22,"2015-08",0.0110009089061072,NA,0.0844568600117146,-0.0589851550210159,NA,-0.119440036864013,-0.000614327726820463,0.026711741245574,0.0273260689723944,0.26175,1.8244,-0.0379,0.00266583301170592,0,0,0,0
2015-03-01,"2015-09",0.129169781806387,0.052535318604909,NA,0.0532407639257499,NA,NA,0.00651704091266758,0.0237166975392409,0.0171996566265733,0.29005,1.829275,0.0234999999999999,0.0134425462652767,0,0,0,0
2015-03-08,"2015-10",0.0216458378902956,0.00275848718342118,0.0521507067678224,0.0316586798607363,0.00477783995371306,NA,-0.0524417537910136,-0.01183488156056,0.0406068722304536,0.33782,1.81702,0.00700000000000012,0.0126113357521581,0,0,0,0
2015-03-15,"2015-11",0.032150963586836,0.00334136234474144,0.0242576829789405,-0.00116346726329786,-0.0042990273996768,-0.0037243990909821,0.0954890945594684,0.029813750368513,-0.0656753441909554,0.30294,1.72414,0.0615000000000001,0.0112323971981199,0,0,0,0
2015-03-22,"2015-12",0.0655142758049124,0.0476492456672072,0.0112646037897735,-0.0706573192746771,0.109611877479191,-0.0188329483330922,0.0387420922400228,0.0591105313679261,0.0203684391279033,0.3975,1.77082,-0.0484,0.00905773235556335,0,0,0,0
2015-03-29,"2015-13",0.0513196610176138,0.0294089826547392,0.0139063156516138,0.0241927375487205,0.333587648743226,-0.0172583382292806,-0.0144895190708461,0.0380151764709922,0.0525046955418382,0.33516,1.71448,0.1544,0.0102452192685691,0,0,0,0
2015-04-05,"2015-14",0.104825715236669,0.0967109971392041,0.0180173420211188,0.115069329784787,-0.0481603686785341,-0.0116732843047247,0.0355385173675273,0.0673416029407523,0.031803085573225,0.37742,1.68328,-0.1366,0.0137782463612993,0,0,0,0
2015-04-12,"2015-15",0.144438896778546,0.100295167705896,0.0105437428782481,-0.00523104941755248,-0.220647475297044,0.0170745320036851,0.0690753983245074,0.0721296957707356,0.0030542974462282,0.5903,1.735475,-0.0979999999999999,0.0140331418424457,0,0,0,0
2015-04-19,"2015-16",0.100318958130648,0.0824042397677922,0.00796037534491286,-0.0212022076506031,-0.207484726399783,-0.0190333964890184,0.0686393928796925,0.000366165906685367,-0.0682732269730071,0.56462,1.69902,0.00579999999999981,0.016069533061829,0,0,0,0
2015-04-26,"2015-17",0.0783359170816556,0.0884456179215038,0.0255995096700183,0.109814866007206,0.164348032511624,-0.000392233776356221,-0.0511618286640605,0.0536780020846521,0.104839830748713,0.56372,1.56262,-0.225,0.0169275980568296,0,0,0,0
2015-05-03,"2015-18",0.144891630065408,0.0955729895389729,0.0289657473380288,-0.105360515657826,0.0802364498033685,0.0151842512446758,0.0260470066383114,-0.000156931398631599,-0.026203938036943,0.67755,1.357575,-0.1154,0.0182712181381188,0,0,0,0
2015-05-10,"2015-19",0.0699931503800263,0.0235728955810165,0.0455832226783865,-0.143100843640673,0.24513930340093,0.0787340405425039,-0.0434140192566357,-0.0594217834175392,-0.0160077641609035,0.83206,1.27698,-0.1898,0.0191262445021226,0,0,0,0
2015-05-17,"2015-20",0.0944547662603518,0.00194426255236112,0.023092139623708,0.123124867987202,-0.309548683968812,-0.048290289127781,-0.0186533385561258,0.0827109558216854,0.101364294377811,1.17278,1.35446,-0.4572,0.0149108444797152,0,0,0,0
2015-05-24,"2015-21",0.124511816597503,0.068614566087563,0.024664747672986,-0.119286091680036,-0.238760734936585,0.0111816297321869,0.0548489315133551,0.056985570418524,0.00213663890516891,1.3665,1.02412,0.00479999999999992,0.0186812182680353,0,0,0,0
2015-05-31,"2015-22",0.075346766527486,0.0785943954644964,0.0348980423245126,0.165579375650881,-0.140601749268942,-0.0564173986152294,-0.0482762749259678,0.0191386156415412,0.0674148905675089,1.52088,0.87358,-0.0583999999999998,0.0410779978403136,0,0,0,0
2015-06-07,"2015-23",0.069138027719614,0.0860235540455377,0.0449236676639786,0.0909717782057267,0.0833816089390509,0.0289875368732524,0.0873735521982919,0.0876462471654094,0.000272694967117459,1.63552,0.9045,-0.0629,0.0195074370223987,0,0,0,0
2015-06-14,"2015-24",0.0902691163329794,0.0753227686605787,0.00776892429617563,-0.0119285708652739,-0.00724842872482778,-0.032916815013142,0.0348846518609598,0.0622699380718839,0.0273852862109241,1.7702,1.08414,-0.1978,0.0109014918651857,0,0,0,0
2015-06-21,"2015-25",0.0879219550675479,0.058087166692545,0.00752050224265556,-0.0833816089390509,-0.0888954318280741,0.00196656897204095,-0.129258934405778,-0.031652082574503,0.0976068518312747,1.80936,1.22142,0.1061,0.0248772707753849,0,0,0,0
2015-06-28,"2015-26",0.162337337323048,0.0749655624608007,0.00487331660586516,-0.159964649692678,-0.155170567728004,-0.0102686526320128,-0.0309353150410256,-0.0695034850184797,-0.038568169977454,1.78275,1.404475,-0.0341,0.0445119224412421,0,0,0,0
2015-07-05,"2015-27",0.0918002120995584,0.0467445734228636,0.049918443914463,-0.200443963798103,0.101782694309942,-0.0277739728138373,-0.0059241516898112,-0.208540001203575,-0.202615849513764,1.67516,1.29526,0.149,0.0495606587339945,1,0,1,0
2015-07-12,"2015-28",0.0899561267486866,0.058002909289848,0.0146769744112275,-0.32623800246607,-0.0202027073175195,0.0590387311027172,0.112875259646504,-0.130201428443673,-0.243076688090177,1.42422,1.15566,0.3027,0.0513365688251173,0,0,0,0
2015-07-19,"2015-29",0.38389038828829,0.0591567107545685,0.0434628982528032,0.536834337728191,0.0214921981473912,0.0709148401739212,-0.0462138662625602,0.0640163141039256,0.110230180366486,1.1694,0.80616,0.1226,0.0293589211519582,0,0,0,0
2015-07-26,"2015-30",0.222245112626875,0.0305984992155363,0.00921334187455366,-0.115229480573256,0.0563705892692097,-0.0144406841547942,-0.0387203762682997,0.111929208499525,0.150649584767825,1.27012,0.932,-0.2705,0.0136142301113525,0,0,0,0
2015-08-02,"2015-31",0.169125426470765,0.0508485951412801,0.0731208628012848,-0.0571417453675305,-0.0772046761720517,-0.115512887121844,-0.0760098408402854,-0.09066224711421,-0.0146524062739246,1.30792,1.0207,0.0931000000000002,0.043786209491613,0,0,0,0
2015-08-09,"2015-32",0.0535284248101693,0.0334179820782001,0.0316287796726954,0.0125225249988907,0.0808520966290951,0.0400053346136988,0.0189094378420265,-0.0153394278444932,-0.0342488656865196,1.31018,0.9871,-0.1255,0.0217724346419479,0,0,0,0
2015-08-16,"2015-33",0.0725640969371437,0.0189812704440486,0.0466799661377193,0.00738010729762273,0.00121285642520919,-0.00196270916784869,-0.0129748837756498,0.0991301380526597,0.11210502182831,1.29952,0.89732,0.1158,0.0225618610144862,0,0,0,0
2015-08-23,"2015-34",0.0858422363472783,0.0475180176026666,0.0691098905323353,0.028987536873252,0.0576969893208545,0.0136587489310402,-0.0789443563847509,-0.0471327706327003,0.0318115857520507,1.25144,0.83354,0.0501,0.0327172617961334,0,0,0,0
2015-08-30,"2015-35",0.0666416325576634,0.0841139361130658,0.0215286608489512,0,0.0119421379443048,-0.0517013743768904,-0.0244099430201441,-0.204299766241048,-0.179889823220904,1.18112,0.85016,-0.00290000000000035,0.0569982320136258,0,0,0,0
2015-09-06,"2015-36",0.10065633061351,0.106406787218095,0.0261933329719359,-0.028987536873252,-0.087988265933356,0.00813012608325003,0.0803068595603271,0.00767294625208592,-0.0726339133082412,1.07515,0.865975,-0.0632999999999999,0.0331980105055067,0,0,0,0
2015-09-13,"2015-37",0.0948018688255953,0.0657697498015666,0.00945669014781764,0.0750529037164989,0.13437979805893,0,-0.0427325577416315,0.0167601310703791,0.0594926888120106,1.12672,0.8761,0.0331999999999999,0.0233354945664403,0,0,0,0
2015-09-20,"2015-38",0.00815480653726833,0.0807267956709367,0.0137367305151212,0.0621482177969859,-0.13437979805893,-0.0122201113347753,-0.000709991366628415,-0.0513097683674886,-0.0505997770008602,1.12864,0.93172,0.00760000000000005,0.033529915162574,0,0,0,0
2015-09-27,"2015-39",0.0304552714313142,0.0437846851038595,0.0413494090166279,0.0500104205746617,0.0183491386681967,0.0282847138385822,0.000550450063814267,0.0308620126128876,0.0303115625490733,1.06514,0.89074,0.0263,0.015388733983401,1,0,1,0
2015-10-04,"2015-40",0.053767907507779,NA,0.051086966818907,0.104140259252597,NA,0.0714864399063679,-0.0109780937166235,-0.0404177956374969,-0.0294397019208734,1.0409,0.936066666666667,-0.0393999999999997,0.0123042225375001,0,0,0,0
2015-10-11,"2015-41",NA,NA,0.0727858659603048,0.0109290705321903,NA,-0.137353864893993,0.0135374488687141,0.041897667712826,0.0283602188441119,0.9698,0.944766666666667,0.0208999999999997,0.0172763693123544,0,0,0,0
2015-10-18,"2015-42",0.0578356552196812,0.00944754221523952,0.00243933700103048,-0.0331522073169004,NA,-0.0137105832385078,0.0200132079528998,0.0725035645598542,0.0524903566069543,0.78792,0.86974,0.1077,0.0165508824290567,0,0,0,0
2015-10-25,"2015-43",0.0204861082104402,0.00891995906416554,0.0508259676545584,-0.0112995552539337,-0.0178399181283311,0.000862440760658778,0.00827783341182808,0.0240991662001004,0.0158213327882724,0.71398,0.81142,0.00910000000000011,0.0195816954149377,0,0,0,0
2015-11-01,"2015-44",0.0149915436884586,0.0327920833088888,0.00228806067836312,0.0335226920386438,-0.000666888987703729,-0.0064865092296067,-0.0060041981631489,0.0166321227964232,0.0226363209595721,0.65552,0.68432,0.00479999999999992,0.0111984594995275,0,0,0,0
2015-11-08,"2015-45",0.0553040814158805,0.0674701556861437,0.0312014451028882,-0.146742292386536,0.0295782324821237,0.00476088326213686,0.0467686021791529,0.0311026285591893,-0.0156659736199636,0.76106,0.69994,0.00850000000000017,0.0229252707087665,0,0,0,0
2015-11-15,"2015-46",0.0913359311821794,0.0225898165409963,0.0300691109212162,0.146742292386536,-0.0349294158199829,0.0268386716100717,-0.0083370215020544,0.034815295600195,0.0431523171022494,0.65948,0.53472,0.1555,0.0105783350317656,0,0,0,0
2015-11-22,"2015-47",0.0210397029119129,NA,0.0287898320122842,0.0109290705321903,-0.0148651385908614,-0.0315995548722086,0.0228116671817045,0.0193959970699566,-0.00341567011174781,0.61216,0.521,-0.0160999999999998,0.0116535019569222,0,0,0,0
2015-11-29,"2015-48",0.0607490330709206,0.00829377411308694,0.0172205931694107,-0.161240974052283,0.0208832109164243,0.00259965484363178,-0.0474081561151056,0.0171500036377399,0.0645581597528455,0.5686,0.53104,0.0125999999999999,0.00571193293333423,0,0,0,0
2015-12-06,"2015-49",0.0863915787608208,0.0198026272961798,0.016997638951839,0.161240974052283,0,-0.0410744423640685,0.0391613114226725,0.0350765013722931,-0.00408481005037942,0.48634,0.49294,-0.0136000000000003,0.031092377357125,1,0,0,1
2015-12-13,"2015-50",0.0914056962819461,NA,0.00817055156031463,-0.0658146974230758,0.0132452267500205,0.0449612967500435,-0.0167342630035527,-0.0196775918926644,-0.00294332888911164,0.54994,0.5945,-0.1066,0.0101651176775695,0,0,0,0
2015-12-20,"2015-51",0.0239971730178102,0.111634845431458,0.00689101656926359,0.0258980900176331,-0.00660068403135172,-0.0262023723940241,0.0243565027233679,0.0726920288950943,0.0483355261717264,0.60416,0.65802,-0.0306000000000002,0.0135465016599711,0,0,0,0
2015-12-27,"2015-52",0.0117568849844099,0.00386185215662512,0.00692892207455721,0.0179377006866672,0.0703164984174593,0.011438752088424,0.0310923868538175,0.0207791298503786,-0.010313257003439,0.50902,0.7399,-0.0600000000000001,0.00949447216943831,0,0,0,0
2016-01-03,"2015-53",0.0649826923581143,0.0332076480053153,0.0401300798191993,-0.105360515657826,0.151501671655682,0.0651944739324919,-0.0200240555207216,-0.0133155022078846,0.00670855331283704,0.53255,0.807525,-0.0553999999999997,0.0158816457474142,0,0,0,0
2016-01-10,"2016-01",0.152862725052951,0.298531854008212,0.0726071120065305,0,-0.0214485434074838,-0.0590889163700066,-0.0601413397454387,-0.157528518231697,-0.0973871784862581,0.5473,0.75932,0.0711999999999997,0.0430084701080753,0,0,0,0
2016-01-17,"2016-02",0.0438027296255206,NA,0.0229795177896744,0.091937495325686,NA,-0.00873367996875452,-0.0542411484067582,-0.0482945894151623,0.00594655899159591,0.48908,0.76082,-0.0926999999999998,0.0318871033144007,0,0,0,0
2016-01-24,"2016-03",0.0100492505957534,NA,0.00516034798761833,0.0134230203321404,NA,0,-0.00866933328824082,-0.0380448810535725,-0.0293755477653317,0.49376,0.69352,0.0299,0.0280340654644525,0,0,0,0
2016-01-31,"2016-04",0.0583745217311908,0.227849954622689,0.00850288232406272,-0.0454623740767572,-0.112662240763843,-0.0266682470821613,-0.0298007823705246,-0.0931077754623217,-0.0633069930917971,0.60296,0.81852,-0.0315000000000003,0.0324134628586225,0,0,0,0
2016-02-07,"2016-05",0.183845435290043,NA,0.0621043012225826,0.110000895214329,NA,0.0569081322718796,-0.00329180349075564,0.0785238863926807,0.0818156898834363,0.6296,0.836366666666667,-0.000499999999999723,0.0197651735205563,0,0,0,0
2016-02-21,"2016-07",0.0861914297144112,NA,0.0153422984129998,-0.0667632161596825,NA,-0.00170357792478404,0.00428687127361904,0.0273358838995819,0.0230490126259628,0.60806,0.78506,-0.073,0.0164174710607567,0,0,0,0
2016-02-28,"2016-08",0.0793495683737615,0.0585234818137965,0.0178923037422122,-0.0202481608299476,-0.112117298120706,-0.00598548174303781,-0.0141091230667891,-0.0497388910183272,-0.035629767951538,0.76648,0.82598,-0.103,0.034245880838131,0,0,0,0
2016-03-06,"2016-09",0.043648684614162,0.13044814626714,0.0193982796155522,-0.107888962011185,-0.0267965191657509,-0.0555453476569352,0.078887009931492,0.0682089301265343,-0.0106780798049577,0.80194,0.78954,-0.0345,0.0255318856164831,0,0,0,0
2016-03-13,"2016-10",0.0409316182707915,0.0791263860345555,0.00407066125232263,0.130361817863244,0.00486280916570125,0.0117171236877538,-0.018849346122515,-0.0643945608560461,-0.0455452147335311,0.90126,0.81688,-0.0764,0.0123923588225615,0,0,0,0
2016-03-20,"2016-11",0.0878004706635014,0.0364402632660787,0.0114609805329923,0.0176216013498194,0.102028567552349,-0.0144406841547942,0.016459573208385,0.0241193607436294,0.00765978753524443,0.84974,0.81544,0.0171000000000001,0.00721763052892763,0,0,0,0
2016-03-27,"2016-12",0.0547782857358141,0.00701600438802896,0.00172628865370982,-0.0731343112800782,0.0136733019002095,0.00227014853453911,-0.00729171080526569,0.0326526654380039,0.0399443762432696,0.82702,0.7935,0.0198,0.0158055712398126,0,0,0,0
2016-04-03,"2016-13",0.124576523799854,0.0540467301594626,0.0163959138203908,0.140874579081395,-0.124052648669978,0.000906618375789758,0.0118660303766269,0.00784135712151546,-0.00402467325511147,0.85476,0.8216,0.0236999999999998,0.0155222138657362,0,0,0,0
2016-04-10,"2016-14",0.153872421853513,0.0822639512947086,0.0044229702052063,-0.107834725003195,-0.00560618146659886,-0.0136863450221889,-0.0159847679430722,0.00664913575437964,0.0226339036974519,0.840125,0.797675,0.0569000000000002,0.0115999139870408,0,0,0,0
2016-04-17,"2016-15",0.0638363731356899,0.0928378178955256,0.0046386997682702,0.147635998806065,0.129658830136577,-0.0218258025310765,0.0235294326317348,0.0246037888210715,0.00107435618933671,0.80454,0.73338,0.0533999999999999,0.0105538701557647,0,0,0,0
2016-04-24,"2016-16",0.111762840863462,0.0336489215308856,0.0521370075585683,-0.135213478807508,-0.336595701032753,-0.0624749241197375,0.00382269434290095,-0.0521524576222028,-0.0559751519651037,0.80704,0.745,0.0499000000000001,0.0105355191762039,0,0,0,0
2016-05-01,"2016-17",0.101274868384535,0.0600843272970154,0.0482006290600235,-0.0689928714869512,0.0272821694971053,-0.0838814839807021,-0.00405910322914238,0.00533516220940733,0.00939426543854971,0.71756,0.6953,0.0329999999999999,0.00447543196671351,0,0,0,0
2016-05-08,"2016-18",0.0965137155021155,0.00443329861972068,0.0683881174663006,-0.0263173083173736,0.265142313222511,-0.101142371410104,-0.00690280342786487,0.0236559879092795,0.0305587913371443,0.68285,0.684,0.0213000000000001,0.00947606837956085,0,0,0,0
2016-05-15,"2016-19",0.115858879236812,0.0707413033545216,0.0412661295776754,-0.00992563979996985,0.00643089033029032,0.0469845663270934,-0.00835129855975048,-0.067493469651394,-0.0591421710916435,0.69098,0.68802,-0.0154000000000001,0.0158330862843015,0,0,0,0
2016-05-22,"2016-20",0.0830498873025275,0.0473153792171296,0.016209698056299,0.0928132996057376,0.00320000273067089,-0.0664144428990072,0.001128346249617,-0.0140559690770825,-0.0151843153266995,0.74338,0.7193,-0.00950000000000006,0.00756220864146985,0,0,0,0
2016-05-29,"2016-21",0.227328952008813,0.0630493615302109,0.0526044853078697,-0.228555898951687,0.0345403252521761,-0.0509383927077214,-0.00198518314602403,0.00392872059385674,0.00591390373988077,0.77132,0.76516,-0.0373999999999999,0.00614091854968261,0,0,0,0
2016-06-05,"2016-22",0.108160657308269,0.0477892153064546,0.0203932709609029,-0.115536204346862,-0.0998885457798329,0.0490973366491936,0.0237308842768122,0.0322326227687615,0.00850173849194924,0.8071,0.75604,0.0491000000000001,0.0144826230638206,0,0,0,0
2016-06-12,"2016-23",0.0214500761615086,0.08781855866018,0.0321721506834107,0.248781923494224,-0.239303435378552,-0.0305605323068439,-0.00784362687129914,-0.000265714666870309,0.00757791220442883,0.820625,0.760575,-0.00340000000000007,0.00311244611480979,0,0,0,0
2016-06-19,"2016-24",0.11212359741464,0.0356230588204732,0.0203959505095737,-0.0196926333457359,0.0942066879291263,0.0144611133726626,-0.00792174204138973,-0.0205459318280798,-0.0126241897866901,0.75402,0.74452,-0.0157000000000003,0.0177772515833948,0,0,0,0
2016-06-26,"2016-25",0.0977694250355817,0.0318326331400303,0.0201836355052357,0.125178141191713,-0.30786332031158,0.0031162381092078,-0.0131840253668507,0.00635235682014113,0.0195363821869918,0.73298,0.7662,0.0192000000000001,0.00576101625770287,0,0,0,0
2016-07-03,"2016-26",0.114281586140383,0.0621873608403948,0.0160368133185957,-0.0908432311091074,-0.140298567019107,0.0450197676711031,0.0161399571493632,0.0151489611229767,-0.000990996026386526,0.6464,0.7716,-0.00709999999999988,0.0102772467037107,0,0,0,0
2016-07-10,"2016-27",0.0644763854613303,0.0430151872023201,0.00788115175490131,-0.0445861531099423,0.189497394864026,0.00178306139365647,-0.00721701298907007,-0.0102439185341883,-0.0030269055451182,0.62174,0.74868,-0.0106999999999999,0.00768829856366315,0,0,0,0
2016-07-17,"2016-28",0.0939786465625665,0.0752850454172238,0.0260230842436696,-0.0213494180144784,0.0212236364516269,-0.433161038497421,0.0133134995063475,0.0106806072420209,-0.00263289226432661,0.64212,0.7116,-0.012,0.0101265708802343,0,0,0,0
2016-07-24,"2016-29",0.113014535530797,0.0326421298582905,0.0428732878366176,-0.314350319533942,0.139761942375158,-0.0507150925790167,-0.00573362841168468,-0.00759424170055034,-0.00186061328886566,0.64574,0.7042,-0.0171000000000001,0.00293467016279178,0,0,0,0
2016-07-31,"2016-30",0.282494658067042,0.0258865838207122,0.0456143800257234,0.28605913457865,-0.339433137504226,0.313361086869473,0.0030805897673627,-0.0175801307343146,-0.0206607205016773,0.64304,0.70068,-0.0089999999999999,0.0115279625910864,0,0,0,0
2016-08-07,"2016-31",0.100454849297613,0.0451620783293969,0.000161629121449238,-0.0539469132816803,0.262645994290456,-0.0505522791628312,0.0032625622295761,0.0224247658376875,0.0191622036081114,0.65938,0.71942,-0.0505,0.00597052660433741,0,0,0,0
2016-08-14,"2016-32",0.169942946469557,0.0546192856755294,0.0340522135491173,-0.14684410464482,0.062776406144172,0.0603631497270904,0.0434352206061082,0.00504550470502529,-0.0383897159010829,0.62404,0.73028,-0.0310000000000001,0.00640125581400593,0,0,0,0
2016-08-21,"2016-33",0.147223851284135,0.0878924145984041,0.114007623291251,-0.22049979564348,0.0473614124030841,0.0165978914090381,-0.00455567705424365,0.102347619780835,0.106903296835078,0.64912,0.77108,-0.0640000000000001,0.0126516238437182,0,0,0,0
2016-08-28,"2016-34",0.115780329758762,0.0301554838407962,0.0122051296839902,-0.0200006667066694,0.24559771714954,0.0143005501421962,-0.00275017112231879,-0.0469405806937875,-0.0441904095714687,0.70696,0.79282,-0.000699999999999701,0.00412271593464372,0,0,0,0
2016-09-04,"2016-35",0.0580859638038283,0.0487251358983056,0.0212893890617808,0.334847540894211,0.0246926125903717,0.0233889712865945,0.00339436861259479,-0.00790170033961246,-0.0112960689522072,0.73064,0.78484,0.0247999999999999,0.00408012739384872,0,0,0,0
2016-09-11,"2016-36",NA,0.0546295242754939,0.0153298142435157,-0.23938432719258,-0.00579338601382506,-0.00264550418842413,-0.00714925159190649,0.00879017825375783,0.0159394298456643,0.7319,0.74672,0.00459999999999994,0.0022365041067713,0,0,0,0
2016-09-18,"2016-37",0.0892541305947767,0.0886141043145045,0.00723567149914171,-0.0845798915442382,-0.0855452300536825,0.0389659685333834,-0.0221795499929041,-0.0158767400256803,0.00630280996722377,0.708425,0.7259,0.0688,0.00979173060740243,0,0,0,0
2016-09-25,"2016-38",0.178754676716704,0.0764626328521034,0.0131604669321884,0.180446360911619,-0.228078351600058,0.0319676233933226,0.0127987840888544,0.0398400609104197,0.0270412768215653,0.66256,0.71658,-0.0495999999999999,0.00569731897924175,0,0,0,0
2016-10-02,"2016-39",0.256660633806966,0.0716929055439907,0.0103235096168488,-0.00208768343048416,-0.0934567747461679,0.0291814019261589,-0.00582213235688123,-0.0148896470483937,-0.00906751469151246,0.67596,0.75646,-0.000500000000000167,0.00923843362955229,0,0,0,0
2016-10-16,"2016-41",0.145673595133926,0.0875806331518377,0.00791933394578465,0.0676684141464987,-0.0136720879684002,-0.0108434797417072,0.00290592285855062,0.00439463772019089,0.00148871486164026,0.69188,0.80118,-0.1055,0.00634961367384078,0,0,0,0
2016-10-23,"2016-42",0.149765682646121,0.078724622980882,0.00566376096156897,-0.212861308759396,0.0347861160854155,-0.0351345845699678,0.00474464544947395,-0.00240647611417266,-0.00715112156364661,0.69976,0.83512,0.0349999999999999,0.00772856523353468,0,0,0,0
2016-10-30,"2016-43",0.305059539802781,0.0410259100678854,0.043570528724169,0.132574430653686,0.105360515657826,0.0537369811827331,0.0047965742968259,0.00560943726466334,0.000812862967837447,0.68824,0.8105,0.0310000000000001,0.00632849771897867,0,0,0,0
2016-11-06,"2016-44",0.145414196726411,0.0885468049982149,0.000210809852157244,-0.0152837522795894,0.0303053494953289,-0.0499799323050207,-0.0014257025548492,-0.0014083572125454,1.73453423037984e-05,0.7314,0.82758,-0.0105000000000002,0.00638780073650747,0,0,0,0
2016-11-13,"2016-45",0.127161282777276,0.085359669917242,0.0269754625453282,-0.125378065761725,-0.0624401162591242,0.0105689513492346,0.00712059132469989,0.0153427948246438,0.00822220349994396,0.74758,0.83748,0.0450000000000002,0.00737455104416498,1,0,0,1
2016-11-20,"2016-46",0.0929098524421782,0.068993233976133,0.0181310128652851,0.0701560869617328,-0.0666000739218937,0.048289405657119,-0.00121099897551424,0.0116535421785429,0.0128645411540571,0.81132,0.85272,0.0433999999999997,0.00373938084728652,0,0,0,0
2016-11-27,"2016-47",0.08981697792646,0.0326361339771062,0.00692939753648927,0.276070635245864,0.0559522359660471,-0.0250609774230628,0.0416453868975637,0.0205768379855655,-0.0210685489119982,0.73074,0.85398,0.0429000000000004,0.00626255532500933,0,0,0,0
2016-12-04,"2016-48",0.195876597222492,0.0464209357021837,0.0275424251636318,-0.499024953897951,0.291243964018141,0.114083687230372,-0.00663795732664951,0.00844259582068219,0.0150805531473317,0.64548,0.74922,0.2639,0.00701083268766141,0,0,0,0
2016-12-11,"2016-49",0.132988777756166,0.0428169136173696,0.0211348138222537,0.208082738564382,-0.287682072451781,-0.00594757092499609,0.0226133706843452,-0.0389440120911555,-0.0615573827755007,0.6985,0.7292,0.0117999999999996,0.00744710090057103,0,0,0,0
2016-12-18,"2016-50",0.113488895023132,0.0716564934688603,0.0472641585086062,0.0750953556678406,0.0494248833275228,0.0512661790524707,-0.0467406948898592,-0.0305258321746891,0.0162148627151701,0.649,0.57354,0.4662,0.0116247715473541,0,0,0,0
2016-12-25,"2016-51",0.107815652197486,0.016183383480733,NA,-0.085134050010041,0.0551353121595342,NA,-0.0210603526664155,-0.00580511804318284,0.0152552346232326,0.24532,0.1885,-0.0188999999999999,0.00596923263863322,0,0,0,0
2017-01-01,"2016-52",0.21308089228449,0.0704646099230728,0.0357102229841584,-0.0603821211483693,0.133231107351259,NA,0.00154376734716877,-0.0139311867514671,-0.0154749540986359,0.322433333333333,0.47224,-0.2051,0.00479388278870257,0,0,0,0
2017-01-08,"2017-01",0.242470259409338,0.0162873297796479,0.0253722566619449,0.271580337778097,0.179748756871679,-0.0480092191863606,0.00588858082937982,0.0132967056211992,0.0074081247918194,0.551175,0.7157,-0.0339,0.00398426087511343,0,0,0,0
2017-01-15,"2017-02",0.174973183440063,0.0303516156026303,0.0163966146290323,0.368232155195094,0.0684462740423504,-0.0111673588098253,0.00433145512321786,-0.0176955940476482,-0.0220270491708661,0.59826,1.0081,-0.0624000000000002,0.00501901905595829,0,0,0,0
2017-01-22,"2017-03",0.178282913581081,0.0666011525461192,0.00582880179368205,-0.536886926208322,0.00381992278957011,-0.0221690614577668,0.0194347801729897,-0.0231361167714663,-0.042570896944456,0.683683333333334,1.19753333333333,-0.0261,0.00253615056851224,0,0,0,0
2017-01-29,"2017-04",0.318314938916889,0.0168646720760732,0.0435473596628816,0.235194116686942,-0.0326627430257842,0.0354494691256613,0.0128153808478046,0.0125104222074466,-0.000304958640358066,0.779175,1.3258,-0.0428999999999999,0.00237798212506203,0,0,0,0
2017-02-05,"2017-05",NA,NA,NA,0.095256733878228,0.0128601157296044,-0.0514321736322709,-0.0110537442424832,0.0043897011544729,0.0154434453969561,0.8149,1.3254,0.1273,NA,0,0,0,0
2017-02-12,"2017-06",0.149821462023238,0.0560433068883864,0.0155590294631828,-0.115147548484311,-0.299604717408687,-0.00278164296187677,0.00641095238367129,0.0176645250560394,0.0112535726723682,0.82248,1.44328,0.00340000000000007,0.00500756100959106,0,0,0,0
2017-02-19,"2017-07",0.145097391891248,0.0385954038811196,0.0193493229222828,-0.031990542133022,0.114612932058853,-0.0242470294260424,0.00724157609086973,0.00187345186727228,-0.00536812422359745,0.78786,1.63644,-0.0518999999999998,0.00333835857571487,0,0,0,0
2017-02-26,"2017-08",0.100337589506573,0.0275570430789305,0.0848821158562368,-0.038824506823655,-0.0175324787616407,0.00909097170125195,0.0140287298912387,0.00894362956143624,-0.00508510032980247,0.69504,1.68462,0.0368999999999997,0.00765810202169313,0,0,0,0
2017-03-05,"2017-09",0.088290484510016,0.0169157098122317,0.00788245583404106,0.186763986558272,0.0248585188537134,-0.0269434469860492,-0.0151799349908686,-0.00853841470548033,0.00664152028538822,0.72142,1.68612,0.00640000000000018,0.00490534160764935,0,0,0,0
2017-03-12,"2017-10",0.0990879585172188,0.0136415029724152,0.0396529291495303,-0.151350864652512,-0.0282656771753276,0.00752536112894786,-0.00489325350683245,0.00585824994668904,0.0107515034535215,0.73618,1.63632,0.0722999999999998,0.00487775620521221,0,0,0,0
2017-03-19,"2017-11",0.133589508828364,0.0652444710413496,0.0277609436784751,0.0257603940919817,0.0570446417253709,-0.00230946984866254,-0.001583493684846,0.0227990186508382,0.0243825123356842,0.63368,1.59984,0.0889000000000002,0.00439064402111771,0,0,0,0
2017-03-26,"2017-12",0.189397126396332,0.0193462378296719,0.00791099383233366,-0.0760894864453774,0.00257566143679577,-0.0352977820810239,-0.010597980520723,-0.0214519746621598,-0.0108539941414367,0.47024,1.5829,0.0972999999999997,0.00592156943328554,0,0,0,0
2017-04-02,"2017-13",0.163511291410553,0.00845296256072007,0.0216781637618259,0.216259406769065,-0.0116430810747388,-0.00600602406021178,0.00974382906820992,-0.0245371417953635,-0.0342809708635734,0.391266666666667,1.52586666666667,0.0144000000000002,0.00586629321654799,0,0,0,0
2017-04-09,"2017-14",0.14151958891504,0.00657404649334774,0.0176252480356247,-0.0105821093305369,0.00648510703447069,-0.0349407287410362,0.000230842681737897,0.0311729972162027,0.0309421545344648,0.422033333333334,1.4344,0.0135000000000001,0.00646357813387101,0,0,0,0
2017-04-16,"2017-15",0.0897941915705393,0.0224931130894655,0.0157665035237023,-0.325995395989126,-0.0189238926174911,-0.0941256040867673,-0.0243775383851688,0.0446815923367723,0.069059130721941,0.44338,1.3858,-0.00150000000000006,0.00467570080603161,0,0,0,0
2017-04-23,"2017-16",0.274001722193894,0.0540827167040404,0.0171443295984531,0.0748709192711425,-0.072386539902388,0.0859827466914918,-0.0172473887187721,-0.0548588369727128,-0.0376114482539407,0.53908,1.38416,-0.0163000000000002,0.00390392527269381,0,0,0,0
2017-04-30,"2017-17",0.0824139422339215,0.0400194245390034,0.0262785882302089,0.309242831558358,0.030685810703444,0.0242323133877678,0.00198242110657354,-0.0298655024132515,-0.031847923519825,0.55868,1.38194,0.0664000000000002,0.00713029216670182,0,0,0,0
2017-05-07,"2017-18",0.0896182051117224,0.0503257931901456,0.0177288881306085,-0.2772804808554,-0.0321032453844174,-0.00554018037561566,-0.0182580036613249,-0.00842841924863791,0.009829584412687,0.54365,1.348575,0.0794999999999999,0.00188558244713481,0,0,0,0
2017-05-14,"2017-19",0.0536114818220678,0.0187673500698105,0.0107321665813678,0.229744235345562,0.0224413344726804,0.00860484719351851,0.0397755560525113,-0.0398101660122236,-0.0795857220647349,0.5688,1.31862,0.1083,0.00555092011618191,0,0,0,0
2017-05-21,"2017-20",0.149772701347276,0.0636001102573481,0.00918488659903761,0,0.118245249669697,0.030734567366514,-0.019897074182591,0.0155616798051526,0.0354587539877436,0.4652,1.28452,0.0566000000000004,0.0055056842344878,0,0,0,0
2017-05-28,"2017-21",0.179033437543062,0.0924860196684246,0.00720412425749934,-0.391095167825211,-0.11133437212985,-0.00894193737566118,0.0499648520145914,0.00416095791543292,-0.0458038940991585,0.419433333333333,1.28216666666667,0.0751999999999997,0.00772202821356215,0,0,0,0
2017-06-04,"2017-22",0.0889309561823018,0.0302517651075131,0.0113925068793781,-0.161832509152782,-0.0407646040642722,-0.0254713588483151,0.000914846782569256,-0.000180645161782067,-0.00109549194435132,0.369966666666667,1.33333333333333,0.0697999999999999,0.00365546233784398,1,0,0,1
2017-06-11,"2017-23",0.143710693468243,0.044120047196979,0.00944597267587534,0.321526440424802,-0.0402542456292965,-0.026767860251105,0.00226427014939112,0.0285272972528805,0.0262630271034894,0.2277,1.28696,0.1654,0.00603420328789566,0,0,0,0
2017-06-18,"2017-24",0.107102696832539,0.0243029344339838,0.0164673830009134,0.0595509796265321,-0.041942861441266,-0.0126985833371274,-0.0317340305569118,-0.0128536474033822,0.0188803831535296,0.02214,1.23354,0.0630999999999999,0.00520392298206167,0,0,0,0
2017-06-25,"2017-25",0.0956621139830959,0.0474804371494733,0.0158250620204597,-0.0205216357207969,0.0864920313534432,-0.086024353366084,0.0303749011358683,0.00289648142831034,-0.0274784197075579,0.0253600000000001,1.18446,-0.1493,0.00464315270852263,0,0,0,0
2017-07-02,"2017-26",0.32857876001301,0.0777799299767253,0.0187124586836337,-0.421380563414064,-0.0857135182740296,-0.0558484414895282,0.016098703383955,0.0228561223326516,0.00675741894869653,0.3354,1.35506,-0.2681,0.00526079261771744,0,0,0,0
2017-07-09,"2017-27",0.294915760152557,0.0725401713362465,0.0139289499258608,0.222657288236308,-0.0684371615532284,0.0304592074847085,-0.00903663741540228,-0.0100352456472059,-0.000998608231803644,0.42688,1.26432,0.0236000000000001,0.00415571298265498,0,0,0,0
2017-07-16,"2017-28",0.312299939136972,0.0270472020821049,0.0090276114354373,-0.0523177796733454,-0.0287424688656541,-0.00716848947861237,0.0501817582089892,0.00183663576718551,-0.0483451224418037,0.3804,1.1135,0.00139999999999985,0.0038168318168535,0,0,0,0
2017-07-23,"2017-29",0.0545764860120231,0.0631291153786797,0.0303341834297489,0.306567799770588,-0.0510224996032083,-0.0329097340887978,0.00390972200652229,0.00664568627243689,0.0027359642659146,0.492,1.17452,-0.0989,0.0100994204493894,0,0,0,0
2017-07-30,"2017-30",NA,0.062376972578238,0.0116163746856634,0.0952004464562504,0.0493057609841538,-0.0256038082722396,0.0104719951787065,-0.00829267173545745,-0.0187646669141639,0.56522,1.21922,-0.0590999999999999,0.00253137622673738,0,0,0,0
2017-08-06,"2017-31",0.16917458136782,0.0874850009920485,0.0583060344276584,-0.26337986918265,0.043704434234729,-0.0694833480765276,-0.00278090697818101,-0.00557109161642089,-0.00279018463823988,0.65974,1.2964,-0.0579000000000001,0.00454191229576042,0,0,0,0
2017-08-13,"2017-32",NA,0.0383738694646776,0.00611119211391852,NA,-0.00329489589685261,0.0266252113409715,-0.0354886326409947,-0.0116876577442984,0.0238009748966963,0.75212,1.38872,-0.1189,0.00384150117720496,0,0,0,0
2017-08-20,"2017-33",0.141193506491401,0.00954245516549823,0.0207530275545681,NA,0.013114942077828,-0.0136274653990016,0.00956253337962742,0.000921839718159845,-0.00864069366146758,0.81352,1.55442,-0.0130999999999997,0.0101948091457718,0,0,0,0
2017-08-27,"2017-34",0.134788948911494,0.0164943086080518,0.0384523446424851,0.19062035960865,0.0569774347425405,0.0254993895603119,0.0495055683230508,0.00601449680550914,-0.0434910715175416,0.7732,1.5079,0.0891999999999999,0.00376189805891057,0,0,0,0
2017-09-03,"2017-35",0.141800644622169,0.0133601173685792,0.00904179172396364,-0.0101120399388757,-0.0155041865359653,0.0202499131269898,-0.0184261665155496,0.0169976473402649,0.0354238138558145,0.66744,1.40974,0.0630999999999999,0.0082670340180631,0,0,0,0
2017-09-10,"2017-36",0.0675946537739753,0.0359556562965063,0.010753522554619,-0.115290681358394,0.0046765478839017,-0.00696327765214511,0.0014349980032069,0.0261733383306311,0.0247383403274242,0.67438,1.46012,-0.00240000000000018,0.00365921446471378,0,0,0,0
2017-09-17,"2017-37",0.10125151432054,0.0207246996145092,0.0147314256657032,-0.0565595755682651,0.0596178028214958,0.0154086253528449,-0.0137649904524437,0.01985003443321,0.0336150248856537,0.59392,1.35748,0.0459000000000001,0.0026121081200994,0,0,0,0
2017-09-24,"2017-38",0.327796388768023,0.0566326469605938,0.0229808059599425,0.544727175441672,0.125163142954006,-0.00229621226035004,0.00606657894370244,0.00953249175491955,0.00346591281121711,0.57322,1.31536,0.0491999999999999,0.0034970810927805,0,0,0,0
2017-10-01,"2017-39",0.104773684207107,0.0439794277765083,0.0122299288563751,-0.406841054288095,-0.136212979140591,0.0566048336524982,-0.0125170537200265,-0.046179356828798,-0.0336623031087715,0.4888,1.23191666666667,0.0992000000000002,0.00164403629851542,0,0,0,0
2017-10-15,"2017-41",0.12485912070716,0.00888950286252426,0.0778883928682047,-0.0752351561919093,0.0434851119397388,0.0563132583414072,0.0139996868936478,0.00731261322843402,-0.00668707366521382,0.4636,1.15932,0.0423999999999998,0.00300740602502246,0,0,0,0
2017-10-22,"2017-42",0.158121665657453,0.0532478154187573,0.0375101739053038,-0.0713090277047819,-0.0287789645500434,-0.0621230059827282,0.00486864052443892,-0.0227581325567776,-0.0276267730812165,0.4696,1.1174,0.0853000000000002,0.00290443397158218,0,0,0,0
2017-10-29,"2017-43",0.132147700736223,0.0782163071893184,0.0117724594264414,0.0450564946173833,-0.0161887273499182,0.00797973040964406,0.00279103103810741,0.0289803369713368,0.0261893059332294,0.422,1.04036,0.1433,0.00095346858990125,0,0,0,0
2017-11-05,"2017-44",0.108869245286207,0.0115684684698902,0.0100515192481165,-0.129383730104441,0.00886268725784545,0.0291939565251358,-0.0200072209949482,-0.00973392087059111,0.0102733001243571,0.39334,0.91494,0.0672000000000001,0.00426557552542481,0,0,0,0
2017-11-12,"2017-45",0.624829730262133,0.000441508360889261,0.0214011620458707,-0.160795222545927,-0.0125787822068602,0.112074766647409,-0.00382279081168058,-0.00757924268023835,-0.00375645186855778,0.35494,0.91904,0.0699000000000001,0.00419281366575337,0,0,0,0
2017-11-19,"2017-46",0.158830358224665,0.0264023287966856,0.0101210520854205,0.283506701041301,0.00519867490923742,0.00500626827814443,0.0288277827756485,0.0078161920803943,-0.0210115906952542,0.31556,0.92912,0.129,0.0049828075525436,0,0,0,0
2017-11-26,"2017-47",0.0839659312187994,0.0410968234271808,0.0203303483300671,0.367080865099849,0.0707690708882072,-0.0479478224096721,0.029737658352861,-0.00474763638345799,-0.034485294736319,0.25666,0.93698,0.0794999999999999,0.0121505955177541,0,0,0,0
2017-12-03,"2017-48",0.00010946998107323,0.106262478460251,0.0134721717054699,-0.315703892205074,-0.01810634423083,-0.0258720898255951,-0.0290350592520436,0.0101068708502456,0.0391419301022893,0.02302,0.84498,0.1492,0.00548079756881749,0,0,0,0
2017-12-10,"2017-49",0.0513384547303956,0.0579904884205033,0.0148301629822308,0.175941949829916,-0.0357691923218812,0.0186423508092797,-0.00238485038740599,-0.0164062339556494,-0.0140213835682435,-0.05424,0.84358,0.0324999999999998,0.00248739653250358,0,0,0,0
2017-12-17,"2017-50",0.0689382797743109,0.0739254179813265,0.0111997633017837,0.154150679827258,-0.00218738694580045,0.00197693639345564,-0.0224935080887665,0.00254304805593719,0.0250365561447037,-0.06656,0.8204,0.012,0.00908578005141084,0,0,0,0
2017-12-24,"2017-51",0.134987502124636,0.0154208676275911,0.00745627630910332,-0.154150679827258,-0.037179003241754,0.0169716867360732,0.0129298819853414,-0.0083712269631544,-0.0213011089484958,-0.0787599999999999,0.88478,-0.00639999999999974,0.00634878540712758,0,0,0,0
2017-12-31,"2017-52",0.1250302530993,0.0714265472361027,0.00719041362894598,-0.0339015516756813,-0.022214624733774,0.0147770115785071,0.00347903922491177,0.00644752097930734,0.00296848175439557,-0.0574142857142858,0.93732,-0.1355,0.00726394137454731,0,0,0,0
2018-01-07,"2018-01",0.0446189373704341,NA,0.0141803568854456,-0.147620324947709,0.00154798792521493,-0.0645385211375711,0.0161980377891879,0.0527336385372283,0.0365356007480404,0.3288,1.13245,-0.4236,0.00397339734203474,0,0,0,0
2018-01-14,"2018-02",0.00530268047461462,0.0840671378874688,0.01184770902684,0.18152187662339,0.07233864735288,0.041964199099032,0.0258866153793367,0.0558347039289568,0.0299480885496202,0.59396,1.33716,-0.0672000000000001,0.00168734993907354,0,0,0,0
2018-01-21,"2018-03",0.084992160898315,NA,0.019633087807038,-0.0565703514883942,-0.0824436692110746,-0.025100393047027,0.0623166914559015,0.0441504858460462,-0.0181662056098553,0.60322,1.33068,0.0373000000000001,0.00566608444761298,0,0,0,0
2018-01-28,"2018-04",0.0955786251823424,0.0165947322162047,0.0681271798381264,0.0854816949828141,0.00778214044205505,-0.0257466796295822,0.0224048109593333,0.00295939584679061,-0.0194454151125427,0.59504,1.3734,-0.0596000000000001,0.00567031608142066,0,0,0,0
2018-02-04,"2018-05",0.139325367342462,0.0156664004324001,0.0245004274187896,-0.0100895892538322,0.00386847677792002,0.0270835782244236,-0.00152238159850882,-0.0325743573460837,-0.0310519757475749,0.59688,1.40468,-0.0427,0.00586465565040717,0,0,0,0
2018-02-11,"2018-06",0.168571463097942,0.0658898111697599,0.0143933173512068,-0.00920151086359722,-0.0108696722369035,0.00333444790445148,-0.085826979992401,-0.0999878060222326,-0.0141608260298316,0.625516666666667,1.44778333333333,-0.0106999999999999,0.0171042370594679,0,0,0,0
2018-02-18,"2018-07",NA,NA,0.0631733576771143,NA,NA,0.0178163736049823,0.00790484700529781,-0.0176823274842715,-0.0255871744895693,0.6347,1.46286666666667,-0.0590000000000002,0.0289414093207017,0,0,0,0
2018-02-25,"2018-08",NA,NA,0.121657482308485,NA,NA,-0.0379919066402405,0.0279326421726331,0.0214644962402382,-0.00646814593239498,0.670866666666667,1.5076,-0.0125000000000002,0.0120297957690633,0,0,0,0
2018-03-04,"2018-09",0.11992509250869,0.0449872207863033,0.0506717094645448,NA,NA,0.0181761988137761,-0.0390572525129418,-0.00959495095993645,0.0294623015530053,0.62928,1.51526,-0.00379999999999958,0.0104349894514587,0,0,0,0
2018-03-11,"2018-10",0.0834706195671875,0.007546516005006,0.0210731897076192,-0.243346258631729,0.00535783907035192,0.0308727310447696,0.00739947847324629,0.0268615698468615,0.0194620913736152,0.64272,1.54958,-0.0527000000000002,0.00683986316730535,0,0,0,0
2018-03-18,"2018-11",0.0752355517935201,0.0700759836339759,0.0193596173893796,-0.00768249617201633,0.0657305584702841,-0.0315400650702027,-0.0251611376431295,-0.0220253344575418,0.0031358031855877,0.6795,1.5719,-0.0104000000000002,0.00557116074388974,0,0,0,0
2018-03-25,"2018-12",0.111984910033599,0.0219199502391561,0.0256352011340163,0.0851053438194271,-0.0842210698679167,-0.00200467825237771,-0.020253257207095,-0.0234033789685792,-0.00315012176148421,0.69948,1.612,-0.1398,0.00461186653732517,0,0,0,0
2018-04-01,"2018-13",0.0763011997072257,0.0765408850750632,0.0175026773038787,0.14345055513226,0.119337037523118,-0.00402145314077806,-0.0193110981351357,0.0121958742411152,0.0315069723762509,0.7399,1.57226,-0.0234000000000001,0.019229015326103,0,0,0,0
2018-04-08,"2018-14",NA,0.0833923124968054,0.0134601362961992,NA,-0.0685493141498941,0.0465810675595737,-0.0166076290709132,-0.0163767533032395,0.000230875767673666,0.841425,1.449775,-0.1033,0.00557217996446471,0,0,0,0
2018-04-15,"2018-15",0.126529079176993,0.0534070275910213,0.0264934428400623,NA,0.0412653552014257,0.00893432873376598,0.0183081882557712,0.00699348377076525,-0.0113147044850059,0.98458,1.4914,-0.1738,0.00932684201285289,0,0,0,0
2018-04-22,"2018-16",0.158562490592877,0.0692107345503325,0.0471279640441336,-0.127164091439009,-0.00711746776886413,-0.01601058856048,-0.0272457297619049,-0.0368536154806502,-0.00960788571874538,0.9634,1.4995,-0.0963000000000003,0.0116044643432739,0,0,0,0
2018-04-29,"2018-17",0.109900735034177,0.0191510181653649,0.00544945620223732,-0.125202968518041,-0.00860837453660013,0.00257898273181834,0.0111787020378387,-0.0197565758515772,-0.0309352778894159,0.902116666666667,1.284,0.0811999999999999,0.0139155093930051,0,0,0,0
2018-05-06,"2018-18",0.547047250587931,0.0282273525221821,0.0211860057183666,0.0154521045589218,0.111680559676414,0.0172363028723255,-0.0132375275648471,-0.0029438570472653,0.0102936705175818,0.967633333333333,1.3156,-0.0172999999999996,0.00337631008244125,0,0,0,0
2018-05-13,"2018-19",0.130919872751821,0.0415202734262453,0.00522753630404574,0.23638877806423,-0.0441296495063641,-0.0101782049157557,0.0251250260631064,0.0275696115931172,0.00244458553001081,0.9967,1.32844,0.0494999999999997,0.00708566811965079,0,0,0,0
2018-05-20,"2018-20",0.334610220282827,0.0441166593983056,0.0110390459561654,0.247682108392941,-0.00879275194797824,-0.0109290705321903,0.00217890091062323,-0.0210276065487136,-0.0232065074593368,0.95358,1.33832,0.0430000000000001,0.00551772219230323,0,0,0,0
2018-05-27,"2018-21",0.391713686189206,0.0135454723508452,0.0166227194278588,-0.206944327944907,0.0128250154759169,0.0399166074054422,-0.0283248325536594,-0.020416465353108,0.00790836720055133,0.8453,1.37038,0.097,0.0101861324124707,0,0,0,0
2018-06-03,"2018-22",0.0913401475226548,0.0053112929234197,0.0274372544734421,0.302291856719338,0.0342815375984222,0.0395789862806581,-0.0172701588967623,-0.0385926075493508,-0.0213224486525885,0.68242,1.37504,0.1589,0.0153296074573794,0,0,0,0
2018-06-10,"2018-23",0.329349430482449,0.043429242593873,0.0119368253604014,0.0953950586398382,0.00517131081337796,0.000596836782861487,-0.0145963818295129,0.0276352921191734,0.0422316739486863,0.67656,1.36714,-0.0501999999999998,0.00558800595075692,0,0,0,0
2018-06-17,"2018-24",0.130440327927185,0.0198793600039561,0.00856508902199382,-0.269348365763276,-0.0584107621564143,-0.00358637563122732,0.00267437505730328,-0.015236049052163,-0.0179104241094663,0.6908,1.39786,0.000499999999999723,0.00861391339287244,0,0,0,0
2018-06-24,"2018-25",0.247588934537245,0.0183492398408724,0.00516839621033116,-0.419226023358201,-0.00136798926942516,0.000598623184592917,-0.0196539765686143,-0.0386975284440858,-0.0190435518754715,0.5225,1.27565,0.0928,0.0175407202485483,0,0,0,0
2018-07-01,"2018-26",0.306537651619804,0.0141156827505749,0.00377567312939334,-0.0298427222320949,-0.0426488961473495,0.0172060014489137,-0.0452468569180553,-0.0849421283291054,-0.0396952714110501,0.46334,1.14382,-0.0310999999999999,0.00663236196448864,0,0,0,0
2018-07-08,"2018-27",0.301565338513713,0.063513608966092,0.0229330505945762,-0.0994972061585413,-0.0741079721537217,0.0392207131532811,-0.0206685565014002,-0.0484658851882784,-0.0277973286868782,0.84148,1.25668,-0.5672,0.0176241159535213,0,0,0,0
2018-07-15,"2018-28",0.141620844910965,0.0895927046700422,0.016924364060047,-0.0104389117278294,0.0882926071456782,0.134238156382828,0.0189012698727353,0.0259331916625776,0.00703192178984224,1.066,1.18668,0.0502000000000002,0.016830604743041,0,0,0,0
2018-07-22,"2018-29",0.141915023959499,0.038538253910644,0.0287713561202731,-0.00976379558969009,-0.0684899798494985,-0.00794443105853571,0.0137728758171143,-0.0298155974506216,-0.0435884732677358,0.9667,1.06814,-0.0247999999999999,0.00155212557071425,0,0,0,0
2018-07-29,"2018-30",0.209445740068662,0.0299216621024773,0.02070427255128,0.303065493333352,-0.0198026272961798,0.13676643339536,0.015024647096709,0.0537075499776627,0.0386829028809537,1.147,1.01984,-0.1747,0.0115377235283917,0,0,0,0
2018-08-05,"2018-31",NA,0.0453868449651739,0.0288090913963568,-0.39853267133252,0.00153727931888659,0.084580889514533,-0.0235871404297026,-0.0596155442925959,-0.0360284038628933,1.22682,0.86496,-0.158,0.010376562720698,0,0,0,0
2018-08-12,"2018-32",0.705456576469649,0.0552588336331878,0.0199703374869665,-0.0099805558349817,0.136885974770676,0.171071940364971,0.0221266212690203,0.0125662894674115,-0.00956033180160887,1.53142,0.87968,-0.1723,0.0192098994786037,0,0,0,0
2018-08-19,"2018-33",3.11546269667462e-05,0.0407280533615114,0.0169658901489084,0.285608401858765,-0.00739499168315794,-0.0118544995345484,-0.0412378193322631,-0.0231569683849919,0.0180808509472712,1.58564,0.79426,0.1505,0.00848729419796697,0,0,0,0
2018-08-26,"2018-34",0.109972753162036,0.0931053784656726,0.0228803569197866,-0.125184993952051,-0.0013504390978718,-0.0622016739089499,0.0422076197035359,-0.00338637123893015,-0.0455939909424661,1.43526,0.68166,0.0569000000000002,0.0114574507384234,0,0,0,0
2018-09-02,"2018-35",0.233640384001328,0.0569099867316202,0.0235730617654246,0.219869251618535,-0.129677823308533,0.00722546496104215,0.00450617010251086,0.0185839282889155,0.0140777581864047,1.46152,0.75618,-0.0523000000000002,0.0110647703842832,0,0,0,0
2018-09-09,"2018-36",0.166319422505123,0.0986779411802831,0.00794373024312369,0.0386012836968121,0.0340297485863115,-0.0210993640242463,-0.0112431224602076,-0.0188802627446734,-0.00763714028446572,1.47598,0.72708,0.0125000000000002,0.00993340377943891,0,0,0,0
2018-09-16,"2018-37",0.0902208465227,0.061230356695689,0.0391503677408627,-0.24079702669785,0.154681606306414,0.0896121586896874,9.01252275102848e-05,0.00459850972147713,0.00450838449396684,1.51668,0.70388,0.000399999999999956,0.00877848043791526,0,0,0,0
2018-09-23,"2018-38",0.132658676994467,0.0603457641173779,0.0353935312898706,0.135309008808562,-0.0128206884290614,-0.0859424298007245,0.0553054159789905,0.0289197078673933,-0.0263857081115972,1.57352,0.7257,-0.0600000000000001,0.0115415819216906,0,0,0,0
2018-09-30,"2018-39",0.320260804440586,0.0678660433478862,0.0149364077660248,-0.0500022468670265,-0.0605036613905066,0.0324352757531536,0.010567716624946,-0.0112488155584973,-0.0218165321834434,1.46938333333333,0.676716666666667,0.1501,0.0144821348374966,0,0,0,0
2018-10-14,"2018-41",0.516812798125546,0.216770085978508,0.0072705959690436,-0.769732956996036,-0.347222064505825,0.0031864073694079,-0.0508523705224473,-0.116010285467848,-0.0651579149454005,1.69078,0.9013,-0.2966,0.0284000107784908,0,0,0,0
2018-10-21,"2018-42",0.450038414205787,0.17288521539806,0.0413539727550131,-0.0204685508553948,0.391465205024552,0.0388263672524278,0.0123945900036713,-0.0497094537075622,-0.0621040437112335,1.52582,0.77268,0.2754,0.015884782623559,0,0,0,0
2018-10-28,"2018-43",0.109847413173827,0.0310460299024237,0.0230652958317861,0.0746880950505653,0.181774959349354,0.087209702555862,0.0318166322274749,0.0870598658554496,0.0552432336279747,1.27802,0.64068,0.0673999999999997,0.02431643401611,0,0,0,0
2018-11-04,"2018-44",0.365765350617601,0.0247860334256947,0.0599260404878697,0.275094614245771,-0.0737295267189335,-0.0706859747251252,0.0126602389462835,0.0358527771387234,0.0231925381924398,1.22274,0.67464,0.0279000000000003,0.0139308580244901,0,0,0,0
2018-11-11,"2018-45",0.304241619334217,0.0696167909620874,0.0200583886119856,0.374986222820643,-0.0136298406299038,-0.0731822366422281,-0.0463471959085027,0.0090517204292393,0.055398916337742,1.22222,0.72094,-0.0465,0.0137414782614341,0,0,0,0
2018-11-18,"2018-46",0.130063179885769,0.0359855192837384,0.00958754863079711,-0.31586317180653,0.0270764039456477,0.0498348726452371,0.00420483040736563,0.0474066752099347,0.0432018448025691,1.20572,0.78986,-0.0348999999999999,0.0128044472715793,0,0,0,0
2018-11-25,"2018-47",0.178360315669549,0.0207431714395656,0.0555172585062873,-0.235734755804161,0.000580551540253715,0.0874677375223647,-0.0166963817632837,0.0292581519516748,0.0459545337149585,1.06864,0.74378,0.0701999999999998,0.011820490360391,0,0,0,0
2018-12-02,"2018-48",0.3271336784086,0.030738112985612,0.0491216778582839,-0.325231305459844,-0.0264643495007779,-0.0748803966393607,0.00941212870294272,-0.0475143136493674,-0.0569264423523101,1.01742,0.73888,0.0821000000000001,0.0136556906060965,0,0,0,0
2018-12-09,"2018-49",0.7625346361726,0.0331439838566629,0.0156252455322403,-0.325356260681305,0.0247216827803469,0.0361865208435068,0.000999196777584643,-0.00307445151477026,-0.0040736482923549,0.92404,0.75496,0.0324999999999998,0.0158977176929798,0,0,0,0
2018-12-16,"2018-50",0.762060008882662,0.0121442707890525,0.0340335992733387,0.07563741420562,0.0132834757125222,-0.0324746893504919,-0.0118816544206606,0.0342416233997014,0.046123277820362,0.7936,0.64516,0.1515,0.00732775166273034,0,0,0,0
2018-12-23,"2018-51",0.309127159158641,0.017222581504073,0.0384645190222883,0.866042551673355,0.00515022597631587,-0.0564652141013537,-0.047588415572136,-0.0447627212897626,0.00282569428237345,0.68818,0.53338,0.2266,0.00634860053519906,0,0,0,0
2018-12-30,"2018-52",0.553848023819448,0.0432450540442289,0.0524010379549113,0.0147468110201499,0.0742302738722134,0.108633841002796,0.00133283559535791,-0.0436078484565936,-0.0449406840519515,0.5602,0.5791,-0.1638,0.005316233116543,0,0,0,0
2019-01-06,"2019-01",0.0664941582647285,0.0434628559751941,0.0355836672653128,0.170742116802181,-0.238227598908395,-0.0424484230026585,0.0124279615309497,-0.00137835599549518,-0.0138063175264449,0.6893,0.808766666666667,-0.2902,0.00815583623383867,0,0,0,0
2019-01-13,"2019-02",0.426845614077735,0.042759179864173,0.0312058930492962,0.0952049959955223,0.260241066445574,0.036998818235094,0.00790297775264648,0.0263022432373514,0.0183992654847049,0.7944,0.74404,-0.0566999999999998,0.00966181667557565,0,0,0,0
2019-01-20,"2019-03",0.472217432939641,0.00832334231260009,0.0609318490012868,-0.812158178830065,-0.0151478477511975,-0.059941794886524,0.018763178848042,0.00512475154468461,-0.0136384273033574,0.7978,0.6431,0.024,0.00847066031924983,0,0,0,0
2019-01-27,"2019-04",NA,0.0123251117022905,0.0550198105603126,-0.105711639256939,-0.0245084190287312,-0.0273326130984413,0.0208082507772378,0.00191363558254665,-0.0188946151946912,0.80568,0.5938,-0.00730000000000031,0.00945270197942671,0,0,0,0
2019-02-03,"2019-05",NA,0.0262639130402494,NA,NA,0.0328942124050053,NA,0.0204701777787477,0.0138060151726425,-0.00666416260610525,0.889985714285714,0.678728571428571,-0.0789,0.00453172179738278,0,0,0,0
2019-02-17,"2019-07",NA,0.0453636220465924,NA,NA,0.0139934908466341,NA,-0.0102741907216242,0.0504036422384679,0.0606778329600921,0.92628,0.70394,-0.2004,0.00723983598350241,0,0,0,0
2019-02-24,"2019-08",0.642880797594012,0.035269417228855,0.0690618151114507,0.0855221734381622,0.0748429420530425,-0.0111073686205105,0.0281227177606844,0.00920472072733602,-0.0189179970333484,1.073,0.71178,0.0308000000000002,0.0148347272100086,0,0,0,0
2019-03-03,"2019-09",0.635217748324346,0.0245695132688943,0.0173944744990479,-0.115245274890368,-0.0335064118898427,-0.00524935588614373,0.0868458641126058,0.068701330681364,-0.0181445334312418,1.07208,0.64598,-0.0263999999999998,0.0251153269272849,0,0,0,0
2019-03-10,"2019-10",0.089669124356849,0.0321705468149384,0.0351044099270817,-0.325931954585781,-0.0433973242979877,0.0280246674481961,-0.0477291331462713,0.0591685552528638,0.106897688399135,1.20214,0.76958,-0.0563000000000002,0.00642859401248565,0,0,0,0
2019-03-17,"2019-11",0.652829678095687,0.0368949198013592,0.0289355751779203,1.17291440730596,0.0939496034608189,-0.0179006500987167,0.0100535889660147,-0.0203987551129146,-0.0304523440789293,1.09134,0.72316,0.199,0.0249051162637818,0,0,0,0
2019-03-24,"2019-12",NA,0.0115499357029416,NA,-0.0123791455449207,0.00655126348722179,-0.0101240173494794,0.00459816772978527,0.0679350378466257,0.0633368701168404,0.97596,0.6734,-0.00829999999999975,0.0106472540518422,0,0,0,0
2019-03-31,"2019-13",NA,0.0067755516591847,NA,NA,0.012514647687599,NA,0.00369090630940327,-0.0429688171322073,-0.0466597234416106,0.94906,0.694,-0.00190000000000001,0.011629486439721,0,0,0,0
2019-04-07,"2019-14",1.29094082785848,0.00781675912436497,0.0134308339561565,NA,0.00551218667165188,NA,0.0446880516696098,0.100731659416823,0.0560436077472133,1.128725,0.70465,-0.0712000000000002,0.0132147510163933,0,0,0,0
2019-04-14,"2019-15",0.866443408668218,0.0153580108394803,0.0479808655604275,2.00107041593243,0.000915750979746832,0.0897717628716554,-0.0151171129779026,-0.00604267546647641,0.00907443751142623,1.13414,0.60206,0.0348999999999999,0.00920179655442922,0,0,0,0
2019-04-21,"2019-16",1.2667031035156,0.00820904365262135,0.0649280089443731,-0.287545525718449,0.0253063662712365,-0.0946720176894953,0.0386363430915715,-0.0200481132483006,-0.0586844563398721,1.17828,0.58986,0.0806,0.0114223355307352,0,0,0,0
2019-04-28,"2019-17",0.849149942275414,0.00223921241713617,0.0304954585457642,-1.66329276472765,0.00311873721265465,0.041242958534049,-0.0521765219386126,-0.0532625177685073,-0.00108599582989477,1.23148333333333,0.68555,0.0235000000000003,0.0127780804742471,0,0,0,0
2019-05-05,"2019-18",1.51446922276493,0.00946722709143039,0.00907136401238362,1.93097830796151,-0.0270530474717097,0.0262517151915094,0.0201823847165521,-0.0209604455984067,-0.0411428303149588,1.1457,0.6755,0.0489999999999999,0.00302688556330377,0,0,0,0
2019-05-12,"2019-19",1.32837194534635,0.046426720570631,0.0324667949290091,-0.0973599180300817,0.00228258487601618,0.107490093004542,-0.0440469993933981,-0.0701766383436198,-0.0261296389502217,1.03762,0.61722,0.0914999999999999,0.0259687401308416,0,0,0,0
2019-05-19,"2019-20",0.10980479690093,0.00336840404491397,0.0491505720744571,-0.125470268263546,0.0327456931700634,0.0209859056922266,-0.0148820216644037,0.0435549714630454,0.0584369931274491,0.94642,0.56708,-0.0621999999999998,0.0177220067920714,0,0,0,0
2019-05-26,"2019-21",0.867927590381073,0.013728427033601,0.0150946093814695,-0.0200428650282372,0.0183651860400387,0.061794638991461,0.00477977056146983,-0.0499107464527526,-0.0546905170142225,1.01392,0.6112,0.00459999999999994,0.0137551711268286,0,0,0,0
2019-06-02,"2019-22",0.109914287329663,0.0188010499118356,0.0254321394079719,0.0758949429541307,0.00216403460344905,0.335658456568166,-0.00378034057561827,0.00518344905611023,0.0089637896317285,0.9299,0.54318,0.1062,0.00648224515993563,0,0,0,0
2019-06-09,"2019-23",0.100117358651143,0.00965102254953777,0.0630123494477608,-0.220061884776802,-0.00999356568315379,-0.122324248215581,0.00375791414831461,-0.00637307127677289,-0.0101309854250875,0.8062,0.49925,0.00570000000000004,0.0040472847445713,0,0,0,0
2019-06-16,"2019-24",0.146812131350623,0.00743302077392182,0.0172801207243768,0.276232156243856,0.00174520114103061,-0.465850163880229,0.0193343057639481,0.0165803981353623,-0.00275390762858585,0.8289,0.52498,0.0249000000000001,0.0144500008227278,0,0,0,0
2019-06-23,"2019-25",0.107212532625982,0.016774676374432,0.0751375106369501,0.065500943015087,-0.0158175529797089,0.243254107789112,0.0292585375626242,0.0112147657135377,-0.0180437718490865,0.86758,0.55986,-0.1736,0.0123590693912499,0,0,0,0
2019-06-30,"2019-26",0.657838054798353,0.0322753615428981,0.0258271385216205,-1.50254817747226,0.0458756338163817,0.0517310748476447,-0.0180996880330984,-0.00441615890521341,0.013683529127885,1.00958,0.53946,-0.0696000000000003,0.00619502616862006,0,0,0,0
2019-07-07,"2019-27",1.0778804044807,0.0211157951902454,0.0194480544930951,-0.116555891067489,-0.00892294001819316,0.0159838411938145,-0.000111491057037227,0.0366202995905098,0.0367317906475471,1.07028,0.53876,-0.1475,0.0124059775103438,0,0,0,0
2019-07-14,"2019-28",0.000464096723191993,0.0245620721778194,0.0338751002258332,0.475781606525624,-0.0312118964022372,0.0109374103172741,-0.0215843627789543,-0.0503126622481336,-0.0287282994691793,1.12098,0.55374,-0.000199999999999978,0.0115758831824954,0,0,0,0
2019-07-21,"2019-29",0.50888217457834,0.0103869175773566,0.00544940629626946,0.180261823830944,0.0367450026659188,-0.00608984373822574,0.00474599339522896,0.0103469502292253,0.00560095683399631,1.05622,0.50266,0.1099,0.00600609457641643,0,0,0,0
2019-07-28,"2019-30",1.36704722059155,0.0108557080013111,0.0103649368227219,-0.0103627870355467,-0.0197177412556382,-0.0099757829459679,0.0186560255973536,0.00504863734837535,-0.0136073882489782,0.95612,0.42364,0.073,0.00870872346486236,0,0,0,0
2019-08-04,"2019-31",0.158815693032601,0.00422996311226923,0.0363027807312179,1.31183020018235,-0.00216684808509005,-0.0215676802299942,-0.0251235655831525,-0.0390733804281904,-0.0139498148450379,0.85154,0.34174,0.0859999999999999,0.00535117147714384,0,0,0,0
2019-08-11,"2019-32",NA,0.00223337347464736,0.00984533408529962,-0.10542978932347,0,-0.00605982621072876,-0.0164773433436523,-0.0465613791150581,-0.0300840357714058,0.71484,0.29542,0.012,0.0110494788550853,0,0,0,0
2019-08-18,"2019-33",0.798982550586558,0.0167094819449082,0.0241473425517453,-0.10547598243239,0.00389695232287268,-0.14874775438245,-0.00522330703429752,-0.00744859981727508,-0.00222529278297756,0.64856,0.28158,0.0836000000000001,0.00879747491808646,0,0,0,0
2019-08-25,"2019-34",0.238819328385479,0.033399782705098,0.0368645600811417,-0.729999645570501,0.0247558523639944,0.108024856431883,0.00875715411260991,0.0319713928961214,0.0232142387835115,0.62644,0.2584,0.0337000000000001,0.00907402847746075,0,0,0,0
2019-09-01,"2019-35",0.299661553046596,0.0300166909093053,0.0133813314701972,0.203788108361254,0.0652760231464509,-0.0496575922995772,-0.0246534881805598,-0.0229126587876429,0.00174082939291687,0.58558,0.23646,0.0105,0.00934288675656363,0,0,0,0
2019-09-08,"2019-36",NA,0.0165428501379422,0.0158255028432483,NA,0.0249622945599137,-0.0371286017279449,0.0401490416537733,0.0252786275682961,-0.0148704140854772,0.6209,0.28058,-0.0537999999999998,0.00602898422525821,0,0,0,0
2019-09-15,"2019-37",0.0977727442154689,0.0283144196728891,0.0198032343821146,NA,0.00115495681750932,-0.00965316696509833,0.00389335753800424,0.0106296147877298,0.0067362572497256,0.64975,0.30535,-0.00540000000000029,0.00560771880493294,0,0,0,0
2019-09-22,"2019-38",0.33322079152538,0.0322588296056847,0.0116639513387389,0.17095779814364,-0.0533407099880798,-0.0279717022421764,-0.0115747474033618,0.00736908258950564,0.0189438299928675,0.73746,0.3412,-0.0816999999999997,0.00983820532297868,1,0,0,1
2019-09-29,"2019-39",0.145965305783474,0.0186636874714542,0.00768526180563257,-0.0044742803949207,0.0533407099880798,0.0237189619323059,0.00842243388314401,-0.0318698994834552,-0.0402923333665992,0.846383333333333,0.44665,-0.0312000000000001,0.00669212958891699,0,0,0,0
2019-10-06,"2019-40",NA,NA,NA,-0.100886235262906,-0.0590387311027172,-0.0073327551293918,-0.01017544469331,-0.00346772721729138,0.00670771747601862,0.8565,0.4434,0.00870000000000015,NA,0,0,0,0
2019-10-13,"2019-41",NA,0.0519278122883621,0.0275249532309964,NA,0.0447001789179069,-0.0151401007226668,0.0439969974602636,0.0363816645055266,-0.00761533295473704,0.87682,0.4622,-0.000700000000000145,0.00735479441484017,0,0,0,0
2019-10-20,"2019-42",0.137509035302625,0.0124443037828124,0.0116236226913253,NA,0.023530497410194,0.0336732151065879,-0.000643923663638191,0.0103981146685364,0.0110420383321745,0.86546,0.43004,0.0678000000000001,0.00768991827882586,0,0,0,0
2019-10-27,"2019-43",0.447866520153196,0.00949086978724437,0.00966185009416692,0.414001439130451,0.00873036480802725,-0.0311856516347864,0.0169307033202433,-0.00955421280481161,-0.0264849161250549,0.82328,0.40544,0.0505999999999998,0.00688145604690517,0,0,0,0
2019-11-03,"2019-44",0.708653062802587,0.0122412607699622,0.0244625194146807,0.139761942375158,-0.0171530792262495,-0.0395934534197577,0.00310897188085058,-0.0214845136582689,-0.0245934855391194,0.8111,0.3838,0.105,0.0071529082199837,0,0,0,0
2019-11-10,"2019-45",0.371297334251925,0.014692771204637,0.0262729195295689,-0.115069329784787,0.0325293431668396,-0.0654220561970407,0.00580209001985388,0.0132892824627415,0.00748719244288765,0.74986,0.42178,-9.99999999997669e-05,0.00555240954022486,0,0,0,0
2019-11-17,"2019-46",0.0896222937633129,0.0191020008014617,0.0501156598199987,-0.527219433541667,0.00556690990465292,-0.0311813665938643,-0.023782667332453,-0.0343363627895545,-0.0105536954571015,0.73638,0.47472,0.0112999999999999,0.00823711368202455,0,0,0,0
2019-11-24,"2019-47",0.186023854187834,0.00442341276566533,0.0488766570429412,0.0885253818208449,0.0165171675751297,-0.0943497870366046,-0.0127821208090388,0.00492629696170965,0.0177084177707485,0.70864,0.56266,-0.0604,0.00738107642949029,0,0,0,0
2019-12-01,"2019-48",0.379104277605328,0.00828817746103135,0.00404529666789565,0.00753583068870278,-0.019111202752176,-0.0329984223387534,-0.00347572170773347,0.00647696511397733,0.0099526868217108,0.71718,0.56638,-0.0246,0.00527112682233945,0,0,0,0
2019-12-08,"2019-49",NA,NA,NA,NA,-0.00185701074721312,0.016834064867898,0.00573565254129704,0.0109167376383681,0.00518108509707105,0.7321,0.56988,0.0205000000000002,0.00516353920263614,0,0,0,0
2019-12-15,"2019-50",0.228601436140671,NA,NA,NA,NA,NA,0.0222168905584716,0.0167592966868177,-0.0054575938716539,0.74374,0.59572,-0.0409000000000002,0.00268731187368046,0,0,0,0
2019-12-22,"2019-51",0.313630192491963,0.0155802557392177,0.0384600945566395,-0.432914223946451,NA,NA,0.0138909743401783,0.0477730352757622,0.0338820609355839,0.8022,0.63922,-0.0627,0.00827171712434708,0,0,0,0
2019-12-29,"2019-52",0.140546101778774,0.010470491958853,0.00804051161652407,-0.00931973194880231,0.0281917780107044,-0.00406880531739384,-0.00124869399715166,0.0015294650925135,0.00277815908966517,0.9221,0.81254,-0.2752,0.0091027283729678,0,0,0,0
2020-01-05,"2020-01",0.184427989119265,0.0122043219072917,0.0470577881237156,-0.0342890734786321,0.0380383138713567,-0.00185494395610242,0.0177729029300533,0.0314218319792001,0.0136489290491468,1.132325,0.991075,-0.0685000000000002,0.00613760261940181,0,0,0,0
2020-01-12,"2020-02",0.177602105573142,0.0138986288113111,0.0499554154490851,0.304973569561842,0.0205617977664039,0.0332329286427115,-0.0130111630200442,-0.0052769352332156,0.00773422778682864,1.10192,0.8667,-0.00889999999999991,0.0083594390596852,0,0,0,0
2020-01-19,"2020-03",0.478128356371296,0.0359056661090609,0.0470508438453356,-0.0202027073175193,-0.00831317569020484,-0.0126515332890644,-0.018232943084886,-0.0221692576853112,-0.00393631460042521,1.02278333333333,0.7991,0.0925,0.00528946400835365,0,0,0,0
2020-01-26,"2020-04",0.179564980295799,0.0352677132252715,0.0330831586556243,0.183292902183586,-0.057260720863415,-0.0054714708813508,-0.0332374089460714,-0.0152336008079423,0.0180038081381291,0.983725,0.8093,-0.0552999999999999,0.009097810452033,0,0,0,0
2020-02-09,"2020-06",NA,NA,NA,NA,NA,NA,-0.045875786654344,-0.107312111372062,-0.0614363247177181,1.09212,1.06016,-0.3564,0.0418391329817234,1,1,0,1
2020-02-16,"2020-07",NA,0.028600041636176,NA,NA,NA,NA,0.00854305822859125,0.044073323712702,0.0355302654841108,1.1847,0.99936,-0.00740000000000007,0.00590593569242564,0,0,0,0
2020-02-23,"2020-08",NA,0.0327679013444843,NA,NA,-0.0172537061319562,NA,0.0158968999149156,0.0365209055570066,0.020624005642091,1.1237,0.7636,0.1032,0.011371599898399,0,0,0,0
2020-03-01,"2020-09",NA,0.0111206497325952,NA,NA,0.0505620838533951,NA,-0.0399729548251617,-0.0106202716942754,0.0293526831308863,1.019,0.67898,0.0121,0.0047929992859794,0,0,0,0
2020-03-08,"2020-10",NA,0.0207798737213074,NA,NA,0.0167354192977998,NA,0.0326144045587373,0.0674088429545421,0.0347944383958048,0.94244,0.58014,-0.0978999999999999,0.0261368762975973,0,0,0,0
2020-03-15,"2020-11",NA,0.00633068946226583,NA,NA,-0.0247088834679414,NA,-0.0377446648630251,-0.0623986216492938,-0.0246539567862687,0.93336,0.54472,-0.0181,0.0175943483709363,0,0,0,0
2020-03-22,"2020-12",NA,0.00568530531262456,NA,NA,0.00731143170637205,NA,-0.0617041343155691,-0.111435080759188,-0.0497309464436189,1.10394,0.52728,-0.1537,0.0118347492412544,0,0,0,0
2020-03-29,"2020-13",0.674866972693733,0.00774180805374255,0.0552858975439343,NA,-0.0170316356051554,NA,0.0285099557471273,0.0355620652855944,0.00705210953846702,1.16104,0.55878,-0.1142,0.0233592628854243,0,0,0,0
2020-04-05,"2020-14",NA,0.00446804934215316,0.0112922631943625,0.0950954953895886,-0.0121994057863088,0.0046783711061007,-0.0156308222733532,0.00365202964993294,0.0192828519232862,1.26054,0.57874,-0.164,0.00995743529210014,0,0,0,0
2020-04-12,"2020-15",NA,0.00587349972496726,0.0237414598261375,0.212024529219097,-0.0109702848560467,-0.0486151503137218,0.00480826179503424,0.00659113304566183,0.00178287125062759,1.4385,0.534875,-0.136,0.0115736150325094,0,0,0,0
2020-04-19,"2020-16",0.386791821596111,0.0104097126924156,0.0522762750724884,-0.168950643768139,-0.0269011855082715,0.0785024323199019,0.00484309738513211,0.00154175891686315,-0.00330133846826897,1.51366,0.40686,-0.1707,0.0102732446829246,0,0,0,0
2020-04-26,"2020-17",NA,0.0167272344324759,0.0266694906802812,0,-0.000708466200373348,-0.0357386737746443,-0.0155026643605343,-0.00491435383086092,0.0105883105296734,1.67495,0.523116666666667,-0.0728,0.00669438935945994,0,0,0,0
2020-05-03,"2020-18",0.0249196889459076,0.00942280142677959,0.0584866019984095,0.242593275982644,-0.0114042575973481,0.014371970041239,0.0475402490875467,0.016009799327291,-0.0315304497602558,1.672425,0.546225,0.0332,0.00668274441284584,0,0,0,0
2020-05-10,"2020-19",0.208254451620235,0.0109821314280649,0.0215141722209288,0.294516269905909,0.00678695228883219,-0.0214391372643314,-0.0059468098505171,-0.00579691982573571,0.000149890024781385,1.711975,0.493875,0.0374,0.00778976561443618,0,0,0,0
2020-05-17,"2020-20",NA,0.00744132819373301,0.00397135608972401,-0.103759234290852,0.0123829638188879,0.0136961640074111,-0.0207591292062173,-0.010992583812266,0.00976654539395128,1.70386,0.41854,0.0779000000000001,0.00645818057760983,0,0,0,0
2020-05-24,"2020-21",0.21832066901004,0.0164980498331243,0.0164067056719825,-0.25790754375055,-0.0245607647425965,-0.00155581517186043,-0.00832262466280298,-0.00409743710200239,0.00422518756080059,1.60968,0.31986,0.1126,0.00563746411446592,0,0,0,0
2020-05-31,"2020-22",0.253579709137323,0.0264600103251739,0.00771320091742641,0.351701423036911,0.0322665822075821,-0.0252279835909186,0.0127128969886279,0.00770345776940928,-0.00500943921921859,1.39502,0.09492,0.3425,0.0109388045567934,0,0,0,0
2020-06-07,"2020-23",NA,0.0310136928127949,NA,NA,-0.00770581746498555,NA,0.0197679849081869,0.022765773696003,0.00299778878781609,1.1835,-0.10374,0.3025,0.00950475356055912,0,0,0,0
2020-06-14,"2020-24",NA,0.0129246526949753,NA,NA,-0.0245607647425965,NA,-0.0158742950403692,-0.0107767304368931,0.0050975646034761,0.91116,-0.06634,0.1046,0.00587750266136284,0,0,0,0
2020-06-21,"2020-25",NA,0.0039171378680804,NA,NA,-0.0101413400852612,NA,-0.00771785561426164,0.00925875774137097,0.0169766133556326,0.99012,0.1899,-0.0458999999999998,0.00874121225623798,0,0,0,0
2020-06-28,"2020-26",NA,0.00359871245088623,NA,NA,-0.0051095001672059,NA,-0.00108102717183201,-0.00836017563289992,-0.00727914846106792,1.002325,0.233875,0.0451999999999999,0.0054019536471432,0,0,0,0
2020-07-05,"2020-27",0.301811974303195,0.00825538273454294,0.028910825002318,NA,0.00583730223717804,NA,0.0643817205954935,0.101992835693297,0.0376111150978033,1.13028,0.39392,-0.1675,0.0103454400365121,0,0,0,0
2020-07-12,"2020-28",0.0897603000536334,0.0101350432089485,0.0032724860112015,0.276190334862968,0.00181719112335443,-0.0326707822895487,0.028500909100682,0.090005902843961,0.061504993743279,1.15558,0.23492,0.3996,0.0197096159196709,0,0,0,0
2020-07-19,"2020-29",0.140351170795635,0.0150672137317615,0.0121684110693033,-0.0295588022415445,0.0115524750511509,0.0218986853076375,-0.0567182141338343,-0.0845889158631401,-0.0278707017293058,0.93436,0.19918,-0.0716000000000001,0.0228498878703285,0,0,0,0
2020-07-26,"2020-30",0.278462729995471,0.0206505629767103,0.00104993631229165,0.0846037190010991,0.0131932739137381,0.00540055318000032,-0.0300841025110081,0.0107444028361723,0.0408285053471804,0.91586,0.51248,-0.0682999999999998,0.0133829716201632,0,0,0,0
2020-08-02,"2020-31",0.218362160929783,0.0156436502515149,0.00212516101951195,-0.0917722084797115,0.00424178790836338,-0.00179694567670152,4.51693625329597e-05,-0.0278829963433722,-0.0279281657059052,0.94598,0.60122,0.0185999999999999,0.0223713419126935,0,0,0,0
2020-08-09,"2020-32",0.187240181496761,0.00681686162664939,0.0012706324734195,0.311286182678669,-0.00530505222969335,0,0.0203226070222531,0.0247158960881713,0.00439328906591818,0.93762,0.57368,0.0816000000000001,0.00677412818348041,0,0,0,0
2020-08-16,"2020-33",0.125183512124793,0.00730142926956478,0.00230193128166987,-0.192576318467149,-0.00640343703520685,0.00179694567670152,0.028084484919038,0.0108669343288259,-0.0172175505902121,0.83318,0.48136,0.0703999999999998,0.00784678319958057,0,0,0,0
2020-08-23,"2020-34",0.102803117102364,0.00829670286685837,0.0183797891902163,0.142214515197983,0.00356252603360296,0.0606035000388254,-0.00289031658522632,-0.00221903327376261,0.000671283311463711,0.8233,0.44592,0.0642,0.0156670482846214,0,0,0,0
2020-08-30,"2020-35",0.29034545554241,0.00530616385450077,0.00530623873269131,-0.105335884812618,-0.0154097297595936,-0.0201406364256442,0.00868023704338405,-0.0219354547671795,-0.0306156918105636,0.83604,0.40656,0.0516999999999999,0.00781918223679107,0,0,0,0
2020-09-06,"2020-36",0.322232673641776,0.0124652117925019,0.00362705286311611,-0.125261669975121,0.000361076010422234,-0.00207110878313621,-0.0245321798065508,0.00107330645398385,0.0256054862605346,0.81898,0.38716,0.0317000000000003,0.00856435692758143,0,0,0,0
2020-09-13,"2020-37",0.306013713710982,0.00797483902857718,0.010456850639919,0.180598502370867,0.0125562187754129,0.0116799678897728,-0.00316205797064839,-0.00585094249562168,-0.00268888452497329,0.75112,0.32756,0.0436999999999999,0.0107837046674023,0,0,0,0
2020-09-20,"2020-38",0.220374046056376,0.0213886932445791,0.0121123476172416,-0.725113913332352,-0.017260406933,-0.00960885910663656,0.0280706793818624,0.00198258477566959,-0.0260880946061928,0.81548,0.37726,-0.00139999999999985,0.00560723073403215,0,0,0,0
2020-09-27,"2020-39",0.0745942093710467,0.0222805478486071,NA,0.371198417260612,0.0144042821781629,NA,-0.0377268392616372,-0.0145941600772108,0.0231326791844264,0.85045,0.416933333333333,-0.1151,0.0149146456940812,1,0,1,0
2020-10-04,"2020-40",NA,0.0154879448651389,NA,NA,-0.0158561880593524,NA,-0.0103335175475294,-0.0152769885780693,-0.00494347103053983,0.846466666666667,0.400266666666667,0.1146,0.00175486722317,0,0,0,0
2020-10-11,"2020-41",NA,NA,NA,NA,-0.0105898378732046,NA,0.00263816527254512,-0.00744495485456298,-0.0100831201271081,0.8333,0.35625,0.0230000000000001,NA,0,0,0,0
2020-10-18,"2020-42",0.548165437433668,0.0263633521832479,0.0281420007266912,-0.526712386828478,0.0196298560448862,0.0509278640893123,0.0598197272275094,0.00648158484355577,-0.0533381423839536,0.70986,0.2552,0.2694,0.0137137386958923,0,0,0,0
2020-10-25,"2020-43",0.000333546309888993,0.0200122409739375,0.00442191532232692,-0.526661116360787,-0.0101303326536719,0.00692044284457394,0.0216275890953437,-0.00629201441695848,-0.0279196035123022,0.55974,0.22196,0.0221999999999998,0.00452814218207229,0,0,0,0
2020-11-01,"2020-44",0.000346752452827272,0.0064291641305315,0.00791147763572159,-0.526981063988276,-0.00109150456534346,0.0221662954572603,-0.0413053801686445,-0.0295698308090806,0.0117355493595639,0.526,0.29154,0.0261,0.00654337419523585,1,0,1,0
2020-11-08,"2020-45",1.11507282058828,0.0170602343524226,0.0099438008545668,0.185302992801059,-0.00255148671315775,0.00101129285544532,0.0193798298566517,0.0199749338031356,0.000595103946483988,0.52922,0.33724,-0.0106999999999999,0.0117284360898835,1,0,0,1
2020-11-15,"2020-46",0.829312378312564,0.00690328997108659,0.0116013114080916,1.32742310653375,0.0238020612802901,-0.0339247883059062,-0.00659468893455895,0.00755451246934591,0.0141492014039049,0.53166,0.28718,0.1413,0.00980910772591116,0,0,0,0
2020-11-22,"2020-47",1.54483102929344,0.00575884933724904,0.00591630362065225,0.511471271049799,-0.00249777114695249,-0.0247013264659115,0.0416140737695887,0.0204340122138458,-0.0211800615557429,0.53676,0.23788,0.129,0.00737464892911535,0,0,0,0
2020-11-29,"2020-48",1.05211638846153,0.00501362743344693,0.0144195619175209,-2.28509691003981,-0.0068112828307707,0.00463376341510191,0.0429047646654883,-0.0124882001676365,-0.0553929648331248,0.37088,0.17778,0.00579999999999981,0.00858919233005117,0,0,0,0
2020-12-06,"2020-49",0.111466414087568,0.0107696524068435,0.0186137805063434,-0.1356477955309,0.0139312844294297,-0.0125247656237559,-0.000819530363935783,0.015309519031776,0.0161290493957118,0.40756,0.23592,-0.0722999999999998,0.00971039135260554,0,0,0,0
2020-12-13,"2020-50",0.971984159772313,0.00292163414436989,0.00405775020663076,2.28672142902088,0.00882929980901892,-0.00252388812541549,-0.0479851973718208,-0.0510941683851591,-0.00310897101333829,0.5062,0.2834,-0.133,0.00538693963880899,0,0,0,0
2020-12-20,"2020-51",1.61476105912796,0.00238743313482611,0.00181036758109091,-2.00938322731867,-0.00281690327111317,0.00288392413290506,-0.00242232152673871,-0.00704547327664606,-0.00462315174990735,0.65058,0.3079,-0.1419,0.00726470368475601,0,0,0,0
2020-12-27,"2020-52",1.04750662988931,0.00904003334344526,0.0349072952761804,0.191454040357227,0.0171302912901816,0.0021574981400212,-0.0109653480836194,-0.0377037822609037,-0.0267384341772843,0.7313,0.29462,-0.1063,0.0109448620173935,0,0,0,0
2021-01-03,"2020-53",0.0655700378797374,0.0124808274851315,0.00835819259304738,0.167054084663167,-0.0153687970880121,0.00537346806114325,0.0228401883062599,0.0034079071460944,-0.0194322811601655,0.79575,0.4076,-0.1915,0.00770938242618689,0,0,0,0
2021-01-10,"2021-01",0.454831074986178,0.00521484002454982,0.00932361045534118,0.569094531889966,0.0366316008835068,0.0074746744167058,0.00966677469492261,-0.0221767143098557,-0.0318434890047783,1.11246,0.6732,-0.3854,0.00441835531616581,0,0,0,0
2021-01-17,"2021-02",1.78300140598167,0.0372934227687493,0.0112508080273245,-1.03194432377908,0.03139870493967,0.00917761471763834,0.0517915936386739,0.0207191172876016,-0.0310724763510724,1.2629,0.72064,-0.0441,0.0129771137989556,0,0,0,0
2021-01-24,"2021-03",1.01166460476648,0.00916451060938286,0.0267794988194158,2.00247031719247,0.0453235212203675,-0.0130859515455541,-0.00201923818839767,0.0164388558304314,0.018458094018829,1.13848,0.56694,0.1787,0.00750898895582613,0,0,0,0
2021-01-31,"2021-04",0.629071763606743,0.0114988032578432,0.0646397720645651,-1.39985858292819,-0.0148807558307111,0.0294654778718915,0.00360274564443053,-0.0574573210383829,-0.0610600666828134,0.78616,0.27174,0.5615,0.0103868668565126,0,0,0,0
2021-02-07,"2021-05",1.06481145428501,0.00817445797961213,0.056154916574109,1.29440641244238,-0.0160775167275329,-0.0609271217647236,0.0617835627143073,-0.0284285205554582,-0.0902120832697655,0.77015,0.340566666666667,-0.133,0.00682494859043981,0,0,0,0
2021-02-14,"2021-06",NA,0.0231271763260384,0.034084003346477,NA,0.0453110930503513,0.0753405490507855,-0.00266329569134527,0.020225351718782,0.0228886474101273,0.910733333333333,0.477,-0.2501,0.0107649518798413,0,0,0,0
2021-02-21,"2021-07",NA,0.0125434672773173,0.0262231550641102,NA,-0.000309837337877372,0.153225452715408,0.0118796879445622,0.0324595636068796,0.0205798756623174,1.217,0.773533333333333,-0.1926,0.00614300858428491,0,0,0,0
2021-02-28,"2021-08",0.166957715505227,0.00764311583741455,0.0681017806261888,NA,-0.00871465210244393,-0.131320617327358,-0.0464251682045731,0.0766464213610014,0.123071589565575,1.2651,0.83572,-0.0294999999999999,0.0118618901440243,1,0,1,0
2021-03-07,"2021-09",0.000135442934585902,0.00981977651205592,0.0955672216325427,-0.421732499683608,0.0579916604249777,0,0.0187847355430204,-0.0224642989335759,-0.0412490344765963,1.19394,0.73326,0.0711999999999999,0.019009545039907,1,0,1,0
2021-03-14,"2021-10",0.480314245026098,0.0205402159158561,0.0372699543197178,-0.105005591075573,0.0387667866815744,0.153007169125179,0.00296987966028261,-0.0367663836832079,-0.0397362633434906,1.18856,0.67708,-0.004,0.0183456103702379,0,0,0,0
2021-03-21,"2021-11",0.383764633212565,0.00932544247214732,0.109327487254542,-0.421923440256996,0.00819560896495686,-0.0378943620246748,-0.0234485787256133,0.0392826785207649,0.0627312572463783,1.20712,0.65344,-0.0152999999999999,0.00689755190981905,0,0,0,0
2021-03-28,"2021-12",1.2349530640954,0.00517748167341612,0.0943530804587057,0.904971499134217,0.0364782086024098,-0.0593627919960129,0.00220184121150702,-0.041488866538943,-0.04369070775045,1.1553,0.62758,-0.0373000000000001,0.011264758412566,0,0,0,0
2021-04-04,"2021-13",0.356745835162334,0.018100520821917,0.0225597966785487,-1.32350868880973,0.0177519454584503,-0.0827786874924112,-0.00255438749306514,0.00232787663303569,0.00488226412610082,1.19674,0.6361,-0.0318000000000001,0.00726101150626966,0,0,0,0
2021-04-11,"2021-14",0.0913746399885824,0.0131261906717917,0.0420701707073905,0.139475860267643,-0.0231941357611354,0.151014652168911,-0.00836589171655788,-0.00050536922794997,0.00786052248860791,1.284175,0.687075,-0.00919999999999987,0.00278964656688305,0,0,0,0
2021-04-18,"2021-15",0.0897055567326694,0.0028076261279499,0.0581247381179137,0.274722927809276,0.0143575539606373,-0.119993958511454,-0.0250277690850744,-0.0033243318996341,0.0217034371854403,1.11766,0.54978,0.1086,0.00658142680968292,0,0,0,0
2021-04-25,"2021-16",0.104617387426077,0.0128572861748092,0.0309010625800581,0.0425596144187961,0.0400686177424383,-0.0160646025038069,0.0322159506902562,0.0120778495213631,-0.020138101168893,1.11573333333333,0.551283333333333,-0.0279000000000003,0.00734543280616766,0,0,0,0
2021-05-02,"2021-17",0.109856368303378,0.0057683079897102,0.020624670874447,0.0761891383575461,-0.0114346360236293,0.0120725812342695,-0.00930130064464052,-0.0144466085464199,-0.00514530790177936,1.24432,0.64106,-0.1171,0.00592712644470277,0,0,0,0
2021-05-09,"2021-18",0.000248151180362967,0.0162602906990833,0.0342275591266194,0.190971298373438,0.0235061836656332,0.0165293019512105,0.0203650970524354,-0.0137755407153026,-0.034140637767738,1.27146666666667,0.682533333333333,-0.0678000000000001,0.00458336253529177,0,0,0,0
2021-05-16,"2021-19",0.107930063813602,0.00251626956084639,0.0491334694656854,0.0826157655165916,0.0252093006934508,0.0169054741350267,0.00943863801315281,-0.00438675483730755,-0.0138253928504604,1.26772,0.66016,0.0269000000000001,0.00695069965791214,0,0,0,0
2021-05-23,"2021-20",0.0897748943249675,0.00730527675443138,0.0405343309485062,0.275493555909284,-0.0127773252795409,-0.0221651838280064,-0.0176177692956347,0.00543057233686106,0.0230483416324958,1.26504,0.64492,-0.0624,0.00877626122039461,0,0,0,0
2021-05-30,"2021-21",0.0897765330293719,0.0215018448537363,0.00745296273724948,0.275484234568166,0.0351782619687073,-0.00927158959555774,0.0410043274693503,0.0267899761284944,-0.0142143513408559,1.18462,0.58842,0.0734999999999999,0.0108759661767618,0,0,0,0
2021-06-06,"2021-22",0.13276104204959,0.0206073658689606,0.0587708543638638,-0.12564287431365,-0.0384615077517632,0.0236697440859044,-0.0109066370805149,-0.00762174915997349,0.00328488792054138,1.20546,0.61076,-0.0476000000000001,0.00474307485494508,0,0,0,0
2021-06-13,"2021-23",0.140015735041691,0.00928491839269181,0.0143769615568058,-0.0198698080556357,0.0113194517636597,-0.00717316411241331,-0.0221546250682128,-0.0332308653940974,-0.0110762403258846,1.21732,0.54678,0.0642,0.00407870751147546,0,0,0,0
2021-06-20,"2021-24",0.000177833788087044,0.0301395244926305,0.0278650870288289,-0.421003711535944,0.00149962537476611,0.0756027407429514,-0.0272405661374577,-0.0225366713139206,0.00470389482353717,1.217675,0.530175,0.0449000000000002,0.00574379784543225,0,0,0,0
2021-06-27,"2021-25",0.107169124068552,0.01998732571513,0.0273496617735167,-0.133851034628203,0.0439738653096478,-0.0418211788137448,0.0155995555537771,-0.0111605131622117,-0.0267600687159888,1.1368,0.50484,-0.0417000000000001,0.00332286027659574,0,0,0,0
2021-07-04,"2021-26",0.648288690165069,0.0300946603719398,0.0367937751131328,1.16112403435056,0.0212824301343342,0.00441919911117461,-0.0300607793624756,0.00583902517058199,0.0358998045330576,1.19566,0.56716,-0.0513000000000001,0.00764479785522955,0,0,0,0
2021-07-11,"2021-27",1.185316058285,0.0109790741587161,0.0270905948075107,-1.16625225071748,0.0374283154998163,0.0199570078445372,-0.0354004255890406,-0.0227607905285332,0.0126396350605074,1.23264,0.6303,-0.0467,0.0106437699381145,0,0,0,0
2021-07-18,"2021-28",1.19495597201799,0.0141224239339522,0.0184572643778816,0.955445527621922,-0.000450856635229702,0.0295078443073078,-0.00214337842200862,-0.0183811471802269,-0.0162377687582183,1.10342,0.57758,0.0258,0.00816933917120299,0,0,0,0
2021-07-25,"2021-29",0.498727647681148,0.0186760002150897,0.020033618473246,-0.977976810046402,-0.0198116465025797,0.0436955597159869,-0.0216032619454865,-0.0166233850358228,0.00497987690966362,1.1004,0.57534,-0.0306999999999999,0.0053401999135187,0,0,0,0
2021-08-01,"2021-30",0.000341394746318925,0.0237719905451221,0.0534593289974029,-0.420921366344856,-0.0789317028662202,0.141818338176941,-0.0706981832478881,-0.0894921930188968,-0.0187940097710086,1.12702,0.6415,-0.0508,0.0162595709466279,0,0,0,0
2021-08-08,"2021-31",0.0986598953892833,0.00603039291193213,0.0214980852776195,-0.0834977125035612,0.0059553525886864,0.0678634158308906,0.00335185423434936,0.0165041516843711,0.0131522974500218,0.99834,0.56206,0.0933999999999999,0.0106125587470743,0,0,0,0
2021-08-15,"2021-32",0.0957548614406622,0.022817805419127,0.020556646635098,0.0848319355166975,-0.0491860861779694,0.0136339489149866,0.0506549767069355,0.0531744535401,0.00251947683316445,0.96792,0.45772,0.0525,0.00645300362946778,0,0,0,0
2021-08-22,"2021-33",0.587687793235632,0.0202961935354,0.0107961507273564,1.27908027681274,-0.00521105921275211,-0.0178307375415998,-0.00478008141279496,-0.00202534486399486,0.0027547365488001,0.95696,0.44794,0.0238,0.0113048989170143,0,0,0,0
2021-08-29,"2021-34",NA,0.0294783986863967,0.00643890431854189,0.0954788280887282,0.0364236211083915,-0.0075047256540679,-0.0167768761515372,-0.0161077266966636,0.000669149454873619,0.83222,0.32008,0.1408,0.012232903597308,0,0,0,0
2021-09-05,"2021-35",1.74329518580992,0.027959564025936,0.0325719392395429,-0.0221662954572603,-0.0309527203974902,-0.040841611787374,0.0311614446353516,0.0430326900032778,0.0118712453679262,0.76074,0.28096,-0.0139999999999998,0.00248745259876529,0,0,0,0
2021-09-12,"2021-36",NA,0.0276669522321856,0.00914201355383279,-1.45923590506226,0.00466563832355105,0.0189464010847176,0.0341644286903353,0.00138289057968599,-0.0327815381106493,0.8077,0.30292,-0.0051000000000001,0.00793925742048153,0,0,0,0
2021-09-19,"2021-37",0.864980967872669,0.0174405117987152,0.0150559944186128,1.47293474942042,0.0645870071614842,-0.0216474463118934,-0.0459703491045218,-0.0386195894599002,0.00735075964462162,0.798833333333333,0.2788,0.0251999999999999,0.00862789772250322,0,0,0,0
2021-09-26,"2021-38",1.23510927088741,0.0126355243364315,0.00594884720943393,0.0529925301405103,0.0033881929799513,0.0266876585899505,-0.0311140776592431,0.0475547303684909,0.078668808027734,0.85775,0.38375,-0.0470999999999999,0.00115349716905969,0,0,0,0
2021-10-03,"2021-39",0.107226316413676,0.0152711436791068,0.0248913893338677,-0.0805804866593394,0.0543087963409032,-0.0308764043965906,0.0161213516986027,-0.0156215075116233,-0.031742859210226,0.881075,0.426425,-0.0747,0.00979415475407388,0,0,0,0
2021-10-10,"2021-40",NA,NA,NA,-0.105360515657826,0.00524935588614373,0.00982808893626252,0.015643968818253,0.0111241454338806,-0.0045198233843724,1.09825,0.6114,-0.1329,NA,0,0,0,0
2021-10-17,"2021-41",1.19301299405071,0.0151024269935726,0.0330143781753259,-0.21069225392317,-0.0272282626049192,0.0336570230034763,0.0210205108214332,-0.012769922242132,-0.0337904330635652,1.13074,0.5914,0.0117,0.00740076759298093,0,0,0,0
2021-10-24,"2021-42",0.0343659035738506,0.00547661952893519,0.0425323548706056,-0.398296618629552,0.0189996447465819,-0.00950125912414013,0.015491081936597,-0.0114731471461393,-0.0269642290827363,0.94056,0.36674,0.3955,0.00362654758510382,0,0,0,0
2021-10-31,"2021-43",0.595843696063277,0.0112794659893242,0.0209271962562998,-0.541039402362487,-0.0048314829979601,-0.0100744435667655,-0.0191817548217319,-0.0581245802411985,-0.0389428254194666,0.74648,0.214,0.0210999999999997,0.00773567765854887,0,0,0,0
2021-11-07,"2021-44",0.116275803440533,0.0100668610993682,0.0224123383561705,-0.0198271674745882,-0.0195628036576436,0.00048204387532591,-0.0287336328167953,-0.0288645708401827,-0.000130938023387372,0.648,0.17358,0.0458000000000003,0.00801750086428486,1,0,0,1
2021-11-14,"2021-45",0.168025393370682,0.0098702959159114,0.0196338411308296,-0.327253285070383,0.0344423273492529,0.00600602406021222,0.0157134612425409,0.0815594871281942,0.0658460258856532,0.643,0.17868,-0.0182000000000002,0.00805456711922643,0,0,0,0
2021-11-21,"2021-46",0.168773574697352,0.0150422603113301,0.0517556436871957,0.0307716586667537,0.00927293764328141,-0.247693958447394,-0.0036145516609043,-0.0420067739146308,-0.0383922222537265,0.64742,0.1899,-0.0135999999999998,0.00373984022031288,0,0,0,0
2021-11-28,"2021-47",0.321277825257765,0.00490538634691304,0.0369770812972552,0.400965662946934,0.0227029559466145,0.0263452027092077,-0.0195917513738983,0.0238804996141599,0.0434722509880583,0.59464,0.21442,-0.00499999999999989,0.00522160040362304,0,0,0,0
2021-12-05,"2021-48",0.0934558762507585,0.0126247812289082,NA,0.170603410988076,0.0335420387018281,NA,0.0113188098721348,-0.00277585832912663,-0.0140946682012615,0.56162,0.21156,0.0244,0.00332319626318753,0,0,0,0
2021-12-12,"2021-49",0.0869682412505332,0.0114444173053845,NA,0.203173609641532,0.0420895458067321,NA,0.0239433471347699,0.0383896239314847,0.0144462767967148,0.54246,0.19006,0.0350999999999999,0.00703014271894238,0,0,0,0
2021-12-19,"2021-50",0.186114902194027,0.0268811897183274,0.0228464984648115,-0.0187946017775666,0.162365887793611,NA,-0.0224092451480598,-0.0126314815415398,0.00977776360651994,0.5298,0.1698,0.012,0.00543436474002265,0,0,0,0
2021-12-26,"2021-51",0.000264676842955893,0.0401874043600161,0.062153235882372,0.286099793640651,-0.012919174100035,0.120656011160108,-0.00810149291712392,0.0247813700903929,0.0328828630075169,0.4795,0.1407,-0.00430000000000019,0.00929716437776364,0,0,0,0
2022-01-02,"2021-52",0.219720765459583,0.0401787137468262,0.0160899225758196,-0.33885035902618,-0.0670368070654894,0.0108696722369039,-0.00891581658258822,-0.023091543348114,-0.0141757267655258,0.56126,0.27358,-0.3272,0.00665238121880611,0,0,0,0
2022-01-09,"2022-01",0.466984220149959,0.0126555977760514,0.00785361859742694,0.22314355131421,0.0608677560387743,0.0676586484738149,0.0284541766715662,0.0359365139800598,0.00748233730849357,0.749275,0.442125,0.0470000000000002,0.00651590639045668,0,0,0,0
2022-01-16,"2022-02",0.400033065320119,0.0114166026696481,0.0110918030511577,-0.115036809988359,0.0583756516460792,0.0388903498478097,-0.0108517394301355,0.0150543302118411,0.0259060696419766,0.77296,0.4777,-0.0218000000000003,0.00815172243517323,0,0,0,0
2022-01-23,"2022-03",0.0822624592068627,0.030334171859556,0.0102957283914607,0.196923969460543,0.111462607135469,-0.0092751458195397,0.0422746396063776,0.00316666430686219,-0.0391079752995154,0.79348,0.53668,-0.1508,0.00707845414413769,0,0,0,0
2022-01-30,"2022-04",0.261282221572212,0.0291773416696636,0.0232445874534389,0.259809501285835,0.147714977003735,0.13790509016567,-0.0368797624767456,-0.0510448482455406,-0.0141650857687949,0.914814285714286,0.670457142857143,-0.0993999999999999,0.0132837235295533,1,0,1,0
2022-02-13,"2022-06",0.225959852252952,0.0974279598652914,0.106823999601145,-0.526421102168284,-0.00451468035452685,0.0679241527788399,0.0601422719564066,0.0383002201856755,-0.0218420517707312,1.10236,0.80636,-0.1823,0.0107819447209562,0,0,0,0
2022-02-20,"2022-07",0.0449232246935156,0.0299881471708771,0.0282011902098226,-0.431461698013552,-0.00987405709757283,0.0562709054613029,-0.0110570249245239,-0.0386429206688099,-0.027585895744286,1.09836,0.71632,0.2336,0.0069685048791254,0,0,0,0
2022-02-27,"2022-08",0.149589284629617,0.0186106510994416,0.00772769599386716,-0.422272226424546,-0.058472610812772,-0.0250275743441741,-0.0380093195800288,0.00338277749091098,0.0413920970709398,0.897,0.4791,0.1065,0.0110528552638143,0,0,0,0
2022-03-06,"2022-09",0.483923534481672,0.0170214298389575,0.0139385185506199,0.35460123219551,-0.0782908285661295,-0.0473402581593034,0.000260266486954208,0.0213454010518479,0.0210851345648937,0.90614,0.46384,-0.0469999999999999,0.00405467696454484,0,0,0,0
2022-03-13,"2022-10",0.365242888182626,0.0198384942522413,0.0246837623577507,-0.261176067086957,0.0710665681943317,-0.0288085766317749,-0.0473108092727106,-0.0701527952796415,-0.0228419860069309,0.97722,0.51338,0.0142,0.0143150859547284,0,0,0,0
2022-03-20,"2022-11",NA,0.024562799866725,0.00264903152189135,NA,0.0821426934453777,-0.0123938147738127,-0.00219662142280441,-0.0239001161896883,-0.0217034947668839,0.8376,0.41062,0.0893999999999999,0.0336616728764846,0,0,0,0
2022-03-27,"2022-12",NA,0.0164545403050112,0.00596504756982027,NA,0.000128427406584919,-0.0502814467899757,-0.00123844375150206,0.0799090893371339,0.081147533088636,0.78168,0.33518,0.0506,0.00626440499890422,0,0,0,0
2022-04-03,"2022-13",NA,0.0166819887496128,0.0131893731317366,NA,0.021093539380149,0.0417906294872856,0.0504664277496563,0.0732167739519678,0.0227503462023115,0.8365,0.427933333333333,-0.1524,0.0116656988496665,0,0,0,0
2022-04-10,"2022-14",NA,0.00242104068523903,0.0051728722760217,NA,0.00439119957857059,-0.00384451562803179,0.0120491260769668,0.0217190261848081,0.0096699001078413,0.919433333333333,0.532866666666667,-0.0809000000000002,0.0119406739819134,0,0,0,0
2022-04-17,"2022-15",0.156650506376069,0.0219939571250811,NA,NA,0.0109562848970226,NA,-0.00215186148517788,-0.00699120330516934,-0.00483934181999146,0.88074,0.46254,0.0631000000000002,0.0168914652361175,0,0,0,0
2022-04-24,"2022-16",0.0531937856743338,0.0126644538737065,0.00410786560260523,0.134530892957606,0.00296736122780228,NA,-0.0313614167888883,-0.103650360204918,-0.0722889434160301,0.966366666666667,0.451066666666667,0.004,0.00898240118321543,0,0,0,0
2022-05-01,"2022-17",0.116359606608414,0.00838464935921965,0.00224617069170309,0.0857285031767405,-0.0120475902934842,-0.00641027836091945,-0.0331608260549743,-0.0315350295985315,0.00162579645644279,0.96354,0.37028,-0.0268000000000002,0.0291144664893086,0,0,0,0
2022-05-08,"2022-18",0.0674769888127098,0.000536320583242085,0.0205510555188928,0.0954268727270318,-0.00526185127846812,-0.0402415984953008,-0.026093153017321,0.0284901685474992,0.0545833215648202,0.9919,0.366633333333333,-0.0162,0.0120217758925444,0,0,0,0
2022-05-15,"2022-19",0.0757807450855586,0.0100111241720474,0.0247286966053354,-0.00820156911341785,0.00125533533934519,-0.0139328096554032,-0.00647261094717955,-0.0568913372977544,-0.0504187263505749,1.03002,0.38866,-0.111,0.0126600546769231,0,0,0,0
2022-05-22,"2022-20",0.000343672804425837,0.0106067640397265,0.0225885844334872,0.191106386349687,0.0066270952138483,0.0590926261261089,0.00855566066687885,0.0622966904994104,0.0537410298325316,1.12532,0.41774,-0.0697999999999999,0.0056173861935562,0,0,0,0
2022-05-29,"2022-21",0.047697261152212,0.00683059427763348,0.00295418136469738,0.477024599861191,-0.0263920867861946,0.00637892871077161,-0.00960858517196073,-0.0412519717551749,-0.0316433865832142,1.1407,0.40682,-0.0728,0.0158118757911023,0,0,0,0
2022-06-05,"2022-22",0.000171594203195829,0.0107690249398295,0.00176879476866983,0.381455816484149,-0.00744930236470509,-0.00169707295715682,-0.0106088223596466,-0.0163644680576382,-0.0057556456979917,1.18195,0.434875,-0.0453000000000001,0.00560926725058259,0,0,0,0
2022-06-12,"2022-23",0.0680283560446112,0.0129782476163239,0.00438317956486951,0.184858150208352,0.0304708098410176,0.00719275366709793,0.0291912119518045,-0.0115286993700874,-0.0407199113218919,1.21176,0.45146,-0.00099999999999989,0.00747752241952136,0,0,0,0
2022-06-19,"2022-24",0.0614042577908514,0.00488928704599594,0.00874939948419886,0.339060950304658,-0.00980153612147738,0.0102758584820699,-0.00762303329786107,0.00170764462455075,0.00933067792241182,1.19706,0.42504,0.0802999999999998,0.0100426685787047,0,0,0,0
2022-06-26,"2022-25",0.0706737144669541,0.0066996665220951,0.00954994480961923,0.00729043326267886,-0.0249325706620072,0.0320290157922547,-0.00687053153170325,0.0219317179609657,0.028802249492669,1.18138,0.39618,-0.0288999999999999,0.0109370860197534,0,0,0,0
2022-07-03,"2022-26",0.0796658487832807,0.0202336771008883,0.00899415229047973,-0.0702042586732481,0.0132469302564333,-0.0124023141004548,0.0209066025951472,0.0384409187121513,0.0175343161170041,1.22332,0.39338,-0.0501,0.0105281816095321,0,0,0,0
2022-07-10,"2022-27",0.0635298010759561,0.0143950847918248,0.00528790023103155,-0.137919484898676,0.00915687435958112,0.00102239043769226,-0.0227981072031582,-0.0515069802399548,-0.0287088730367966,1.2347,0.39432,0.0981000000000001,0.00762103111428676,0,0,0,0
2022-07-17,"2022-28",0.0791099265565274,0.00171378724926621,0.00415317515700443,0.117451701370194,0.00505115356069386,0.0113799236627625,-0.0744231880792388,-0.0130673704473434,0.0613558176318953,1.18762,0.36624,-0.0272000000000001,0.00593619251167089,0,0,0,0
2022-07-24,"2022-29",0.0242790191248864,0.00835684310015588,0.00696965581121492,0.0302895218269819,-0.00707878066520529,-0.00995033085316832,0.00847933709643556,-0.0255978863881392,-0.0340772234845748,1.19134,0.34272,-0.0269999999999999,0.0128942608989457,0,0,0,0
2022-07-31,"2022-30",0.0148816204442614,0.0144455873982372,0.00530002101917448,0.00308166653740782,0.0061966685797783,-0.0206192872027353,-0.00423228286028454,0.0426915511975974,0.0469238340578819,1.2362,0.32738,-0.0779000000000001,0.00518758404701081,0,0,0,0
2022-08-07,"2022-31",0.0238552727465186,0.00582595889268114,0.0316227209187396,0.00485996608189376,0.00628379596899276,-0.0979804083602041,-0.0171040434922247,-0.0770589855703809,-0.0599549420781562,1.29932,0.33602,-0.0818999999999999,0.0117785583913135,0,0,0,0
2022-08-14,"2022-32",0.0506557108364901,0.0397679419917955,0.0175309299028575,0.176178716899172,-0.031433522601513,0.0224932804800759,0.00414938354681205,0.022097546896152,0.0179481633493399,1.27364,0.17726,0.0339,0.00831735363534574,0,0,0,0
2022-08-21,"2022-33",0.0583290738291486,0.0160741894247332,0.0173002736162505,0.0872253036136139,0.0119515655088005,0.0569836563155683,-0.00926217811313812,0.0275605187104597,0.0368226968235978,1.18524,0.1705,-0.02,0.00327390577661899,0,0,0,0
2022-08-28,"2022-34",0.0414262148446721,0.00662158981369644,0.00643980405887394,0.0567879748655327,0.0131981611237197,0.00676821534613881,0.00207440443460882,-0.00542732378466404,-0.00750172821927286,1.16376,0.13928,0.0303,0.0111747929518132,0,0,0,0
2022-09-04,"2022-35",0.041579627902436,0.00680856910763,0.00324307819640042,-0.1384660058798,-0.0161406566901539,0.0050462680676242,0.00282329782043789,0.0168966640249604,0.0140733662045225,1.15674,0.13712,-0.0195000000000001,0.00339457036313963,0,0,0,0
2022-09-11,"2022-36",0.0261287200392177,0.0231502464773554,0.0153962605317881,0.0604744228024594,0.0150053680157098,0,0.0157546718902495,0.0351489926304822,0.0193943207402327,1.16578,0.14316,0.0197000000000001,0.00637417079262283,0,0,0,0
2022-09-18,"2022-37",0.0158260708714053,0.0218319232703337,0.00120480897882319,0.0396596930327187,-0.0608849737664032,-0.00357180755826425,-0.00849648515634094,0.030759070381345,0.0392555555376859,1.17875,0.117575,0.0293999999999999,0.00890258607417387,0,0,0,0
2022-09-25,"2022-38",0.0303756953925466,0.0428764579808066,0.00626094726022673,0.0568696329744864,0.0337629326341213,0.00189254603854438,-0.000935570353364668,-0.0559387379871623,-0.0550031676337976,1.18084,0.12496,-0.00869999999999993,0.0100046143340596,0,0,0,0
2022-10-02,"2022-39",0.0495293222433682,0.0164839633436587,0.00387577486446511,-0.075129658584888,0.0151869070749537,0.0263309500446889,-0.0173442416970655,-0.0525341437896527,-0.0351899020925872,1.16012,0.07516,0.1206,0.0116204233737151,0,0,0,0
2022-10-16,"2022-41",0.0151359363357982,0.0120580571865414,0.00499224098641502,0.0344894987773809,-0.0292918816794776,0.0115961018673718,-0.0189190471503151,0.000715413823151323,0.0196344609734664,1.23412,0.18294,-0.0884,0.0116457102422795,0,0,0,0
2022-10-23,"2022-42",0.0492172942839652,0.0107895938368194,0.00492238202151057,0.0937593911761332,0.00498557841912994,0.0206192872027358,-0.0226448353143329,-0.0232442021226387,-0.000599366808305746,1.12076,0.10258,0.1297,0.0111554609945044,0,0,0,0
2022-10-30,"2022-43",0.0112268491331611,0.00715393278953234,0.00782866040194691,-0.0172193140537988,0.00561176024088095,-0.0107570758396531,-0.0491521390167344,-0.0464554025942325,0.0026967364225019,1.01034,0.0395000000000001,0.01,0.010596514657307,0,0,0,0
2022-11-06,"2022-44",0.0672274686389383,0.0106930883334859,0.00526011190616405,0.0511266138304514,0.0134438426036425,0,0.0166752234845458,-0.0532674029643445,-0.0699426264488903,1.0188,0.0951,0.0261,0.0185207084308979,0,0,0,0
2022-11-13,"2022-45",0.10693224343619,0.0119509535028254,0.00592726093244037,0.0489568447265309,-0.0199721331869149,-0.00180415003331991,0.0356906264611618,0.0551536437265332,0.0194630172653714,0.962,0.07078,0.1304,0.0123961570256433,0,0,0,0
2022-11-20,"2022-46",0.051548710991211,0.0207334786832697,0.00989235265724002,0.0154358081298396,-0.0273553108325784,-0.0153662546364872,0.00457804299376985,0.0778258834284946,0.0732478404347248,0.7224,-0.0022800000000001,0.2896,0.0104414862191749,0,0,0,0
2022-11-27,"2022-47",0.0719567198215103,0.0269347165953197,0.00679384235215349,-0.0981275239749531,0.0071098293998082,-0.00224375412848454,0.039699512653641,-0.00582144788275052,-0.0455209605363915,0.7696,0.18038,-0.0998000000000001,0.00353424085765097,0,0,0,0
2022-12-04,"2022-48",0.0635085840088371,0.0286883224585858,0.0128899021032656,-0.0622423088772206,0.0254715189344932,-0.0137763050556994,0.0098513008042449,0.0995968847286868,0.0897455839244419,0.8211,0.14278,0.0625,0.0111411306915874,0,0,0,0
2022-12-11,"2022-49",0.048296742022651,0.010385251796387,0.0393010914647376,0.0429188770933577,0.00117210406073731,-0.0796977016325084,0.0356711309388089,-0.0164949412062612,-0.0521660721450701,0.82568,0.16504,-0.0122,0.00881928671936904,0,0,0,0
2022-12-18,"2022-50",0.0274070606659808,0.00996221240451561,0.0156491793753214,-0.0558461115948177,-0.0213109880412325,0.082592059658873,-0.0079351154485483,-0.0143193849623966,-0.0063842695138483,0.79252,0.21144,0.0552000000000001,0.0043598838813132,0,0,0,0
2022-12-25,"2022-51",0.0202793412388805,0.0133566738752238,0.0129320105727052,-0.034029748586311,0.0355267870171581,0.00822373055761272,-0.0262935400174911,-0.0348905248844247,-0.00859698486693361,0.68192,0.20684,0.0145999999999997,0.00783770899464862,0,0,0,0
2023-01-01,"2022-52",0.041207431303711,0.0176485234836509,0.00719013631994453,0.0284379353205333,-0.0298257440652128,-0.00946314406062276,0.0227440465102529,-0.0320159581159025,-0.0547600046261554,0.73875,0.29888,-0.0684,0.00638653896150328,0,0,0,0
2023-01-08,"2023-01",0.057960634455208,0.00494292537018387,0.00199926147309292,-0.00524738835241756,-0.00689840889024929,-0.0076771826390325,0.0217426422733276,0.0542006257528644,0.0324579834795369,0.98685,0.533275,-0.2497,0.00357479634169118,0,0,0,0
2023-01-15,"2023-02",0.0230959919746253,0.0120219291871655,0.00310801662329433,0.0328989196829279,0.00650171467017113,0.00311947845771687,0.0115391701058822,-0.0341706789802707,-0.0457098490861529,1.03308,0.50906,0.00659999999999994,0.00329974226706064,0,0,0,0
2023-01-22,"2023-03",0.0375607067132382,0.00923730953804357,0.0129778750962768,-0.00218420181484102,-0.0137161748195034,-0.00270298532383251,0.00585097006730884,0.00597992859635177,0.000128958529042933,1.01028,0.46244,0.1085,0.0052790553979942,0,0,0,0
2023-02-05,"2023-05",0.0012382003921441,0.00217570258802964,0.0494584554411025,0.00418220447751416,-0.00591717702808925,0.0469741740304368,-0.0272601059370725,0.0137759134551114,0.0410360193921839,1.08272,0.54184,-0.0666,0.00542306518741649,0,0,0,0
2023-02-12,"2023-06",0.0110251164341825,0.0133112477579104,0.0118578098873499,0.0160205028400053,0.0260930671450543,-0.00737716435105629,-0.00640670671357491,-0.00854949451764853,-0.00214278780407362,0.94242,0.41004,0.1343,0.00822941243992635,0,0,0,0
2023-02-19,"2023-07",0.0226950067526033,0.00425415036021307,0.0127545173818748,-0.00357782134788476,0.0147397177135327,-0.0325430385212218,-0.0231019393986234,-0.0208525599956708,0.00224937940295256,0.87782,0.36398,0.0578999999999998,0.00647068475120942,0,0,0,0
2023-02-26,"2023-08",0.00998792603695791,0.00565182924170636,0.00747240004929693,0.00268456537066974,0.0208861458683085,-0.0173083249028441,0.0128592366544567,0.0143904914331685,0.00153125477871185,0.8304,0.31558,0.0150999999999999,0.0111091558257283,0,0,0,0
2023-03-05,"2023-09",0.0210527365565476,0.0054108658098678,0.0114177872732644,0.0443973646969997,0.0233122475958725,-0.000841750891452442,0.0218611842350764,-0.00818786976267916,-0.0300490539977556,0.84496,0.387,0.0128000000000004,0.00668819770720722,0,0,0,0
2023-03-12,"2023-10",0.0165366643750777,0.00448711981303884,0.00216128999247802,-0.0258045316203841,0.000123877361570379,-0.00295172046484504,-0.0423225356182133,-0.0273637063852554,0.0149588292329579,0.82476,0.43338,-0.00980000000000025,0.00592128030076965,0,0,0,0
2023-03-19,"2023-11",0.0326930298776961,0.00101434901076691,0.00376905897220505,0.0104712998672953,0.00765058025812237,0.0021092604318671,0.0032614292300579,-0.0272520205872961,-0.030513449817354,0.76512,0.4013,0.0394999999999999,0.0112209832420914,0,0,0,0
2023-03-26,"2023-12",0.0293554014979691,0.00810345821895041,0.00569379916085861,0.02655402272255,0.0203207089598463,-0.00973964929755899,0.000812080961535955,0.00819307100633626,0.00738099004480031,0.77918,0.40032,-0.0297999999999998,0.00501049603647962,0,0,0,0
2023-04-02,"2023-13",0.0223686741290345,0.0140092182245122,0.0101031612010029,0.018093976631234,0.0208601639954216,0.0172963603201204,-0.00625155120657972,-0.025697435417972,-0.0194458842113923,0.82422,0.42682,-0.1701,0.0049191931902045,0,0,0,0
2023-04-09,"2023-14",0.0274869035563318,0.0110925696622254,0.015898693145686,-0.0272652365672919,-0.0155742314569078,0.0110222598691245,0.00545241694671006,0.00591940407114411,0.000466987124434048,0.986125,0.5487,-0.0458000000000001,0.00298985528056881,0,0,0,0
2023-04-16,"2023-15",0.0451736162597079,0.00279694389105938,0.0117865109542071,-0.00719181181975959,0.00131712884993807,-0.0325830189757021,0.0152953756261827,0.0370594016983974,0.0217640260722147,0.89994,0.49046,0.1452,0.00379796983291402,0,0,0,0
2023-04-23,"2023-16",0.00812753477562286,0.00524048777358253,0.014798118508452,0.0443695696640356,-0.00299598762057318,0.00638979809877105,0.0115893631686053,-0.0369995034197501,-0.0485888665883554,0.823333333333333,0.419933333333333,0.0247000000000002,0.0078318910512985,0,0,0,0
2023-04-30,"2023-17",0.00652575389355567,0.00433870456133828,0.0102763582491786,0.0305972877095382,0.00848526154735563,0.00190900471592403,0.00865235869752112,-0.044687052110592,-0.0533394108081131,0.80902,0.438,-0.0706000000000002,0.0098308167388739,0,0,0,0
2023-05-07,"2023-18",0.00191399134139128,0.00251809914061693,0.00403750319975284,0.00270679251326023,0.00427503322974854,0.00486207489896318,0.0367682839506625,0.00924900241484927,-0.0275192815358132,0.7718,0.4324,0.0254000000000001,0.00223893035781023,0,0,0,0
2023-05-14,"2023-19",0.0146897258134332,0.0195258950679043,0.00456329585452138,0.0109117869272444,-0.0196248969127035,-0.00507400665773039,-0.0123940298826781,0.0212730947837034,0.0336671246663816,0.7892,0.4263,-0.0884,0.0120385227818194,0,0,0,0
2023-05-21,"2023-20",0.0176246508282146,0.0154620176156652,0.0191373815148828,0.0373557865437686,0.0396853971765125,-0.00403526086480488,-0.00511921215639255,-0.0378141389916484,-0.0326949268352559,0.8068,0.37752,0.0092000000000001,0.00889915289675657,0,0,0,0
2023-05-28,"2023-21",0.0146767346177348,0.00871483701589255,0.000212788595334246,-0.0152674721307884,-0.00127840101087973,0,-0.0319137770135072,-0.0566858798935614,-0.0247721028800543,0.95626,0.49824,-0.1798,0.00807127584951667,0,0,0,0
2023-06-04,"2023-22",0.00283938141477764,0.0160434115842017,0.0109777838785333,-0.00092350322093715,-0.0177161904648537,0.0162536559696225,-2.53078862542111e-05,-0.0036043164856121,-0.00357900859935789,0.98194,0.50782,-0.0148999999999999,0.00380487275542756,0,0,0,0
2023-06-11,"2023-23",0.0196528163383304,0.0159250063895675,0.0104459801524791,0.00092350322093715,0.0407083516995179,-0.0160408673742882,0.0262081812650674,0.0663029541018449,0.0400947728367775,1.01422,0.51174,-0.0543,0.00741146243423879,0,0,0,0
2023-06-18,"2023-24",0.0145927360778215,0.0298047161766996,0.00584825061474425,-0.00772204609391025,-0.00558437829390002,-0.0134949033066891,-0.0223844712115717,-0.0142261113904816,0.00815835982109014,0.97264,0.4509,0.0436000000000001,0.0038944132158546,0,0,0,0
2023-06-25,"2023-25",0.0111590125624487,0.0285313722621445,0.00682907017465558,-0.013265898798311,-0.0711584800314409,0.00965776365939552,-0.0272109551986919,-0.0366610808999059,-0.00945012570121406,0.975725,0.432875,-0.0031000000000001,0.00653003528522966,0,0,0,0
2023-07-02,"2023-26",0.0236555552506025,0.0183754537167508,0.0181317188120017,-0.0418699380272143,0.041582534785813,-0.00342319546948078,-0.00627947078429614,-0.00967702304575013,-0.003397552261454,0.9841,0.48628,-0.0383,0.0110163474036247,0,0,0,0
2023-07-09,"2023-27",0.0423735550069438,0.0204335473223878,0.00654744743535975,0.0623962379162384,-0.0684464808040293,-0.00990746850559088,-0.00857138286585801,0.0113331116817337,0.0199044945475917,0.99814,0.51102,0.000699999999999923,0.0082756490538894,0,0,0,0
2023-07-16,"2023-28",0.0114501439343847,0.024484030352054,0.0237385731858533,-0.0382791833132332,0.0487121266333377,0.060675549982268,0.00952249511993664,-0.0171112706550325,-0.0266337657749691,0.98774,0.46052,0.00770000000000004,0.00780778060484414,0,0,0,0
2023-07-23,"2023-29",0.0118257855857544,0.0285688068151447,0.0105896046481143,0.0208901408993416,-0.0717925263647388,-0.0439333688391943,-0.0162766926849667,0.0161924219813558,0.0324691146663225,0.99704,0.47456,-0.0585,0.00466447620750208,0,0,0,0
2023-07-30,"2023-30",0.00531311821979723,0.00744673306131188,0.00148075696860542,-0.0134018560870155,-0.00647083919574776,-0.00341151716800203,0.0608823099350513,0.0794789321594394,0.0185966222243881,1.00924,0.4698,0.00170000000000003,0.0101555924044623,0,0,0,0
2023-08-06,"2023-31",0.0448423478639644,0.0236547042241206,0.0110049759518643,-0.00812818245054192,-0.0188734304654199,-0.00149620632806879,-0.000626040501282787,0.0687903241670957,0.0694163646683785,1.08378,0.52512,-0.0579000000000001,0.00987410029143566,0,0,0,0
2023-08-13,"2023-32",0.0162967547603846,0.0142859544497382,0.00821453039297593,-0.0215131628801295,0.0157524916513081,0.0159154553058993,-0.0321760294382116,-0.0505687282025908,-0.0183926987643792,1.1001,0.52764,-0.0152999999999999,0.00411747971813768,0,0,0,0
2023-08-20,"2023-33",0.00895469512472968,0.0155786515082305,0.0210708664086001,-0.0189821660594394,-0.0221236308025619,-0.0133518991059804,-0.00810866767501039,-0.0041277873106349,0.00398088036437549,1.01388,0.47594,0.0800000000000001,0.00934321964898342,0,0,0,0
2023-08-27,"2023-34",0.0131183094917821,0.0288041041662504,0.0157634373548361,0.0486235113901108,0.0208203594073542,-0.0143980138469217,-0.00389675249543586,-0.0623485426443038,-0.0584517901488679,0.96546,0.42832,-0.0394000000000001,0.00980592974501383,0,0,0,0
2023-09-03,"2023-35",0.0167934058772411,0.015266375645378,0.00934511569215645,-0.0456285008318531,-0.0566062327105126,-0.0252068140333463,-0.00337273948442807,0.0250272473350899,0.0283999868195179,0.88936,0.35232,0.0789,0.00872861096354425,0,0,0,0
2023-09-10,"2023-36",0.0250394128097787,0.032693137578015,0.0142682115740585,-0.0368908160817067,-0.0486383677970741,-0.00111049428402721,0.00531813880711063,-0.000102670534013249,-0.00542080934112388,0.99088,0.4214,0.00869999999999993,0.00991446922046065,0,0,0,0
2023-09-17,"2023-37",0.0194735354163601,0.0343764669268098,0.0144992153671324,0.0337291527441277,0.0128123828540367,-0.0656650813942767,0.00525444359115923,-0.0260116744892498,-0.031266118080409,0.83972,0.34142,0.1422,0.00491842798068636,0,0,0,0
2023-09-24,"2023-38",NA,0.00909252106464606,0.0294906938806163,NA,-0.00688964975871187,0.0504386340629854,0.0147972566836394,-0.0113817597123775,-0.0261790163960169,0.82494,0.4006,0.0506,0.0040526299850241,0,0,0,0
2023-10-01,"2023-39",0.0323058347519156,0.0147537819660953,0.00936105581097419,NA,-0.0197824633053214,-0.00770105731241344,-0.00781581268162945,-0.0223146303374628,-0.0144988176558334,0.67085,0.277225,0.148,0.00953005365675903,0,0,0,0
2023-10-15,"2023-41",0.0175063029972522,0.0227264564175806,0.0350111278799046,0.0408219945202557,0.0203584172449292,0.0193656130773445,0.00347092927314918,-0.0217452908671927,-0.0252162201403419,0.83804,0.4598,-0.1052,0.00629386988624019,0,0,0,0
2023-10-22,"2023-42",0.0399114935148115,0.0117559161875005,0.016405890849735,-0.0564433754232123,-0.0632821732996787,0.0181220428976898,-0.0252520180734344,-0.0583762452790335,-0.0331242272055992,0.6445,0.2689,0.2845,0.0074448754785752,0,0,0,0
2023-10-29,"2023-43",NA,0.0487192702058073,0.0534139208791647,NA,0.00306232056801026,-0.0318193492214141,-0.00354009431949009,-0.00286344366140856,0.000676650658081535,0.45174,0.11672,0.1225,0.00957534934867968,0,0,0,0
2023-11-05,"2023-44",0.710276603433497,0.0322788722942279,0.0167397546108146,NA,-0.0110685219172275,0.0628697091421371,-0.0115018596763736,-0.00389016508900575,0.00761169458736788,0.38996,0.1276,-0.0242,0.00527827343381636,0,0,0,0
2023-11-12,"2023-45",NA,0.0144974854091091,0.0476415333600474,NA,-0.00263137679888548,-0.0572333510800456,-0.00814048595571748,0.0302732195122433,0.0384137054679607,0.34522,0.14006,0.0490999999999997,0.00482991558667101,0,0,0,0
2023-11-19,"2023-46",NA,0.00257683123700237,0.00983012224592475,NA,0.00216751904027923,-0.0174627410671033,-0.00448644807494869,-0.00751706034161792,-0.00303061226666923,0.34012,0.1401,-0.0158,0.00545365132945998,0,0,0,0
2023-11-26,"2023-47",0.503900048354648,0.0278049666502996,0.026776093689089,-0.051293294387551,-0.0101034511433751,-0.0166093783670331,0.00413042199395708,0.0342050364830913,0.0300746144891342,0.33868,0.11694,0.0489000000000002,0.00544459465207998,0,0,0,0
2023-12-03,"2023-48",NA,0.0151103190935004,0.0340796183206383,NA,0.00218476990773286,-0.00513060826937295,-0.0206636593981173,-0.0571437862754358,-0.0364801268773185,0.2858,0.0840599999999999,0.0333999999999999,0.00438344372481084,0,0,0,0
2023-12-10,"2023-49",0.0190650090184209,0.0347136710301197,0.0149767286777784,NA,0.0127015338307945,-0.0184054275427155,-0.0217198245539896,-0.012697158732621,0.00902266582136857,0.2357,0.10958,0.0249000000000001,0.0071817265440571,0,0,0,0
2023-12-17,"2023-50",0.0193210265737131,0.0473568681432541,0.00403465101983619,-0.032712009164432,-0.00679539294469134,0.00261624599223387,-0.00399640925778577,-0.0183035815395494,-0.0143071722817636,0.25036,0.20708,-0.1149,0.00734429645505514,0,0,0,0
2023-12-24,"2023-51",0.0264336566081332,0.0250685938744916,0.0150447400056782,0.0415109370208091,-0.00840341079637952,-0.123738979409235,0.00410154698830922,-0.0186002316236005,-0.0227017786119097,0.35684,0.3531,-0.0834999999999999,0.00612437749561578,0,0,0,0
2023-12-31,"2023-52",0.0506118704045986,0.015145253873907,0.0166092978972777,0.00823049913651541,0.0420776521718587,0.154381068032401,0.0192111696658452,-0.0119822666968945,-0.0311934363627397,0.609766666666667,0.59028,-0.4189,0.00768992765200369,1,0,1,0
2024-01-07,"2024-01",NA,0.0148605360975137,0.0248363151233776,-0.0512932943875501,-0.0311978432673339,-0.0726028944466526,0.00674949029107808,-0.0325406976762066,-0.0392901879672847,0.7274,0.602525,0.000799999999999912,0.00536987167468869,0,0,0,0
2024-01-14,"2024-02",NA,0.0100218407750134,0.0219391870298115,-0.0513387066170718,0.00953853385867198,0.0103500184646177,-0.00312582546761764,-0.00881042323035075,-0.00568459776273311,0.68022,0.57594,0.0283,0.00730252625892457,0,0,0,0
2024-01-21,"2024-03",0.0132967148827938,0.00856112750031191,0.0185516563781321,0.0785744326326201,0.0130820241094023,-0.00417639717722862,0.0133141358218687,-0.0386189502163479,-0.0519330860382166,0.57044,0.45784,0.1484,0.0104167777615952,0,0,0,0
2024-01-28,"2024-04",0.0157220104255788,0.0206097901938095,0.056146379342596,-0.0284443940380266,0.0172301812986371,-0.0386497289776568,0.0433870874707241,0.0541951890050729,0.0108081015343489,0.53904,0.43936,-0.0750000000000002,0.0218336995283068,0,0,0,0
2024-02-04,"2024-05",NA,0.0213427901918465,0.037463418585555,NA,-0.0249674572491587,0.000255852630281606,-0.00589478124645382,-0.0868058015123747,-0.0809110202659209,0.644383333333333,0.58525,-0.1324,0.00773283809100058,0,0,0,0
2024-02-11,"2024-06",NA,0.0154716782978256,0.0393533443713997,NA,0.0236296644074994,0.0332105992855189,0.0117485824308403,-0.0440940976434643,-0.0558426800743046,0.68908,0.60206,-0.0591000000000002,0.0218255386377782,0,0,0,0
2024-02-25,"2024-08",0.000883335044769216,0.0272533891770818,0.0314460716637536,NA,-0.0127237701891172,-0.0533663203778247,0.0590956680031631,0.08465261091572,0.0255569429125568,0.79426,0.63128,-0.1615,0.00429343264447861,0,0,0,0
2024-03-03,"2024-09",0.0312047865715589,0.0116978111012136,0.0466166200164401,-0.0999733212665026,0.00600782822368018,0.0685925477415372,-0.0235810478539875,0.006236940949786,0.0298179888037735,0.74596,0.58266,0.0768,0.0158643864646706,0,0,0,0
2024-03-10,"2024-10",0.0562710552827103,0.032463244990649,0.0169700409443762,0.0181582776742673,-0.0291725336363369,-0.0390160058596254,0.00358332218538671,-0.0478878475315376,-0.0514711697169243,0.70502,0.57252,-0.0460999999999998,0.00387351783046286,0,0,0,0
2024-03-17,"2024-11",0.0276430478414182,0.0162805228258039,0.0389322093558447,0.0505854967881056,0.00553506948200155,-0.0358609302000632,-0.0139967013395843,0.041738269531181,0.0557349708707653,0.70558,0.53604,0.0717999999999999,0.00558561891651849,0,0,0,0
2024-03-24,"2024-12",0.0177882606065215,0.0111094231227231,0.0322175359301538,-0.00332723647493438,-0.0179460261801614,0.0613814545848039,0.000373331580814096,-0.000980844478839948,-0.00135417605965404,0.63288,0.50348,-0.0133999999999999,0.00665488124731205,0,0,0,0
2024-03-31,"2024-13",0.0121597335996245,0.0254444417683968,0.0162050051327419,0.0122558672192357,0.0390345722440761,-0.0114286958236227,0.00905828467102765,-0.019499628180661,-0.0285579128516886,0.66062,0.51604,0.00109999999999988,0.00782557470160403,0,0,0,0
2024-04-07,"2024-14",NA,0.0140059781603002,0.00717000087366012,0.0645385211375711,-0.0530252115144787,0.022972481143491,0.0053537981809022,-0.0129683198125905,-0.0183221179934927,0.6756,0.529025,-0.0311999999999999,0.00683816823381675,0,0,0,0
2024-04-14,"2024-15",0.0310537433161568,0.0178471122240394,0.00512645510569356,-0.0296004697762902,-0.00063341253107474,0.000488281259701129,-0.00553099098112142,-0.0630822481760944,-0.057551257194973,0.72146,0.54724,-0.0600000000000001,0.00433014786175645,0,0,0,0
2024-04-21,"2024-16",0.00499212113409609,0.00555831201053792,0.0120758785145082,-0.000158969875543313,-0.0198374766282647,-0.00342298622729542,0.0438607577921282,-0.0416550689817656,-0.0855158267738938,0.7188,0.50548,0.00269999999999992,0.0147410876442419,0,0,0,0
2024-04-28,"2024-17",0.0133793018443692,0.0131983383447547,0.0026826401310687,-0.00414211202384696,0.0144372093747478,0.00415496137282378,-0.0109200132558538,-0.021408570276007,-0.0104885570201532,0.67455,0.40935,0.069,0.00640113402572328,0,0,0,0
2024-05-05,"2024-18",NA,0.0177897126317286,0.000689818243867643,-0.0107536547085321,-0.0258120476515682,0.000487685939926763,0.0147214297017566,0.102775367553085,0.0880539378513285,0.7437,0.4193,-0.0876999999999999,0.00266581369462226,0,0,0,0
2024-05-12,"2024-19",0.0173812755395704,0.0269147076582613,0.00283753910206874,-0.118045293699626,-0.0914933190203326,-0.000731618127988387,0.0133912038763313,-0.0119011189522498,-0.0252923228285811,0.677933333333333,0.360416666666667,0.0934999999999999,0.0073274280715555,0,0,0,0
2024-05-19,"2024-20",0.0447743664483424,0.0303232762734355,0.0049174617386061,-0.0991854837163588,-0.0361023710706641,0.00656537312685934,0.0289931357394728,0.0835770546390355,0.0545839188995627,0.72076,0.39252,-0.0273999999999999,0.00363842192480808,0,0,0,0
2024-05-26,"2024-21",0.0731496417530595,0.016883074672172,0.00444926875084918,-0.0280620284407704,-0.109992259598458,0.00193704661051664,-0.00697671612563688,0.0522565848766545,0.0592333010022914,0.76304,0.40952,-0.0397000000000001,0.00905561432390347,0,0,0,0
2024-06-02,"2024-22",0.0426421593160854,0.0400830031902452,0.0098146888954144,0.0298650941401162,0.0624638315967108,0.0139324857591645,-0.00625097105575101,-0.0831403212626984,-0.0768893502069474,0.74008,0.40476,-0.0178,0.00798187831020006,0,0,0,0
2024-06-09,"2024-23",0.0477145194883398,0.029797152285836,0.00657674271738654,-0.0674785205825255,-0.0437793746838717,0.0118569091237495,-0.0119354690689377,-0.043024159414343,-0.0310886903454053,0.78198,0.44786,-0.0609999999999999,0.00467655355275494,0,0,0,0
2024-06-16,"2024-24",0.0693872532139873,0.013049081650962,0.0161377721211954,0.125037174571903,0.0183417416440195,-0.00354233455783781,-0.0253583752036732,-0.0104908643918709,0.0148675108118024,0.748925,0.4215,0.0596000000000001,0.00468958230444576,0,0,0,0
2024-06-23,"2024-25",0.0995603306570504,0.0042392421809543,0.0148089122393964,-0.215988559389166,-0.0152951261058187,-0.0477261456260614,-0.00244453908148934,-0.043235755228471,-0.0407912161469817,0.73418,0.41196,-0.0407000000000002,0.00437019146740299,0,0,0,0
2024-06-30,"2024-26",0.101065547779707,0.0101442399056303,0.0254250980623955,0.268981089529676,0.00707287984398608,0.00840133431758927,0.0195702239199509,-0.0365932266994689,-0.0561634506194197,0.776,0.4723,-0.0595999999999999,0.00746180076515446,0,0,0,0
2024-07-07,"2024-27",0.576777723020392,0.0262607188273057,0.0131433493795489,0.997424655369478,-0.00788440352414899,0.0240682579366576,-0.00138461221383146,0.00168912301501933,0.00307373522885079,0.81856,0.48102,0.00249999999999995,0.00755533905738468,0,0,0,0
2024-07-14,"2024-28",3.16568219468462e-05,0.0352338729586676,0.0125144332186905,-0.256426478265162,-0.00569918090538835,-0.0128129397046948,0.00829364863494497,-0.0194559218772294,-0.0277495705121744,0.79854,0.43192,0.0131000000000001,0.0100555530416044,0,0,0,0
2024-07-21,"2024-29",0.229015386156436,0.0350426913058444,0.0248234571437647,-0.763104531211389,0.0592428335628608,-0.0283794492899054,0.00363438736385469,0.0365294733406696,0.0328950859768149,0.77522,0.41084,0.0306999999999999,0.00332122693532306,0,0,0,0
2024-07-28,"2024-30",0.00966942458862658,0.0267438662290274,0.0204564805620536,-0.0327776084112061,-0.155594584395394,0.00474467115590826,-0.0327473832202081,-0.0581928124008284,-0.0254454291806203,0.7936,0.45368,-0.0895000000000001,0.00661348758294503,0,0,0,0
2024-08-04,"2024-31",0.0127470707824405,0.0317900543592711,0.00374317400449937,-0.0204654747235078,-0.161633464934493,0.0136090186454063,0.00514700630259135,0.0321626024214732,0.0270155961188818,0.74388,0.46224,-0.00459999999999994,0.00992763692398156,1,0,1,0
2024-08-11,"2024-32",0.0206397561832608,0.0511899060187558,0.0017223934727107,-0.00951371120955358,0.250815257774454,0.00734577250264801,-0.0104716144181172,0.00906916533675961,0.0195407797548768,0.77244,0.451,0.0134000000000001,0.00772836320270807,0,0,0,0
2024-08-18,"2024-33",0.0102477022606581,0.0648052834384032,0.0070671586752686,-0.00901436635148878,-0.0383493823459324,0.000487804887721488,0.0262380873807295,-0.0104267151398307,-0.0366648025205603,0.7356,0.35766,0.0768,0.00597949154032778,0,0,0,0
2024-08-25,"2024-34",0.00892026848511263,0.085944263062386,0.0258386121759737,-0.0426280864651098,-0.0524070368456977,0.0121184226609796,0.0282416335895164,-0.0445512372027537,-0.07279287079227,0.64692,0.32082,0.0268999999999999,0.00530944217954964,0,0,0,0
2024-09-01,"2024-35",0.0550544672359732,0.0391816882134689,0.0147459154983423,-0.0522884700316331,0.0870488969220982,0.0134005355374822,-0.0591772936554307,-0.029405902189894,0.0297713914655366,0.67402,0.3506,-0.0394999999999999,0.00294572795984452,0,0,0,0
2024-09-08,"2024-36",0.0285768038562463,0.0767023602357425,0.0136237075923028,0.131635657459623,-0.0947325505437209,0.00922755867268021,-0.0169692140750115,0.0392287165749794,0.0561979306499909,0.70416,0.41514,-0.0488000000000002,0.00691921263760989,0,0,0,0
2024-09-15,"2024-37",0.0280114997122991,0.029484336578722,0.011608057335023,-0.0442275337875428,0.104384540456373,0.0133350905753984,-0.0298299599598106,-0.0286114967341078,0.00121846322570285,0.691233333333333,0.448216666666667,-0.0488999999999999,0.00555472162489666,0,0,0,0
2024-09-22,"2024-38",0.0224711363777753,0.103056141324003,0.012413684818079,-0.00836491633162773,-0.106655720174417,-0.0032588483217193,0.0175160552521714,0.0582397720180827,0.0407237167659114,0.648133333333333,0.456333333333333,0.0227999999999999,0.00624522246404476,0,0,0,0
2024-09-29,"2024-39",0.0108168075130323,0.0881399762227085,0.00385896796137147,-0.0489801822217184,0.0689625542167165,-0.0174040140809244,0.104338737697313,0.133689203044551,0.0293504653472381,0.703266666666667,0.43625,0.0226000000000002,0.0184431479836734,0,0,0,0
2024-10-06,"2024-40",NA,NA,NA,0.0485801022003787,-0.0910324155037472,0.000237219785242271,0.0461518840062123,0.0655719741957324,0.0194200901895201,0.7532,0.4414,-0.02,NA,0,0,0,0
2024-10-13,"2024-41",0.0381395977078359,0.0714284977567517,0.00252596651541954,-0.0358490526537811,-0.0371772422582803,-0.0085755647023964,-0.0077161917552111,0.00341589915302531,0.0111320909082364,0.75794,0.4395,-0.0279,0.062620967395552,0,0,0,0
2024-10-20,"2024-42",0.0468292636399719,0.0585668688315546,0.00894493700724517,0.0552671385108829,-0.0014485758206626,0.00286670048207638,0.0258215121429117,0.0105614360641217,-0.01526007607879,0.71072,0.4342,0.0390999999999999,0.0194790690342661,0,0,0,0
2024-10-27,"2024-43",0.0334685163428167,0.0704951269421811,0.0702014912618551,-0.0200185061693454,0.102117766645843,0.0704549065183828,-0.0169744859612777,0.0292350520470173,0.046209538008295,0.73464,0.45968,-0.0203,0.0131544671540888,0,0,0,0
2024-11-03,"2024-44",0.0185834906039502,0.0453189071103145,0.019512903692074,0.0188404184619144,-0.145318362944697,-0.0107287573589749,-0.0167651674252181,0.0752309577425336,0.0919961251677517,0.73426,0.46338,0.0119,0.00796126336976089,0,0,0,0
2024-11-10,"2024-45",0.0277334945434746,0.0245149935941295,0.00359154112016707,-0.196010103799809,0.0256520104573461,-0.00134922440076535,0.0135627468763477,0.0994607443228732,0.0858979974465255,0.73944,0.4965,-0.0347999999999999,0.0129382822672756,1,0,1,0
2024-11-17,"2024-46",0.10980454775499,0,0.00704537856971267,-0.150333881300558,0,-0.00972308394842925,-0.0200454721025185,-0.0939168194065765,-0.073871347304058,0.72,0.49318,-0.00590000000000002,0.0104654217611874,0,0,0,0
2024-11-24,"2024-47",0.178947649093839,0.0584963337915086,0.00674122243699806,0.188322036372174,0.0761957837810092,0.0197981719708409,-0.0117491847434863,-0.0153886051470762,-0.00363942040358989,0.72148,0.484,0.0119,0.00872474701598046,0,0,0,0
2024-12-01,"2024-48",0.00824986660501134,0.0941062008210076,0.0449471095255288,0.0130302449393791,-0.0202538569044979,-0.00715406583537659,0.0186085701447549,-0.000945265028152953,-0.0195538351729079,0.6718,0.48156,-0.00259999999999994,0.016729405507449,0,0,0,0
2024-12-08,"2024-49",0.41905539894946,0.0590509654528374,0.0506184205345413,0.0151022818518607,-0.08665211706121,0.0445395541731357,0.0232107833411455,0.0240079801413007,0.00079719680015522,0.61654,0.43216,-0.0199,0.00620977670359381,0,0,0,0
2024-12-15,"2024-50",0.0249600169984226,0.0472644070267652,0.0108775242625416,0.0429137649737608,0.0697701217499627,-0.060597798141858,-0.00540315691379512,0.0281239140858291,0.0335270709996243,0.51456,0.42262,-0.0665,0.00433136412034345,0,0,0,0
2024-12-22,"2024-51",0.0235143827426354,0.0570009229777358,0.0152345922611426,-0.0384494718450754,-0.133632738840173,-0.137905481530934,0.00802069805417993,-0.083759657196147,-0.0917803552503269,0.59074,0.57732,-0.2834,0.00970868130961624,0,0,0,0
2024-12-29,"2024-52",0.0177896802623918,0.0182521783885543,0.0414330327440607,-0.0300689546188577,0.108248234074584,-0.0507287077257157,0.0376740395998905,-0.0459535212523141,-0.0836275608522046,0.9084,0.89212,-0.1797,0.00653229296484536,0,0,0,0
2025-01-05,"2025-01",0.0822442582598087,0.0629688216731408,0.0215933027119685,0.0276160600898576,-0.0131837847052103,0.0244776974810121,-0.0279247582733237,-0.0373068133479082,-0.00938205507458445,0.7067,0.73925,0.1809,0.0140082182427555,0,0,0,0
2025-01-12,"2025-02",0.595942410215568,0.0236097383638013,0.0122006139290229,0.0965475150264381,-0.0660305815230857,0.0170488945670719,0.00532134094532388,-0.0312721516539414,-0.0365934925992653,0.4978,0.53272,0.1986,0.00844643272198707,0,0,0,0
2025-01-19,"2025-03",0.399080742727362,0.00737910723645616,0.0103188848621507,-0.0513679821659969,-0.0268740397928582,-0.00848811462281418,0.013051499179328,0.010139890326383,-0.00291160885294506,0.23004,0.24764,0.2251,0.014390564135427,0,0,0,0
2025-01-26,"2025-04",NA,0.0202953669315602,0.0444893110644827,0,0.0624631489771015,0.0187365291141823,0.000392931376490324,-0.011137644246249,-0.0115305756227393,0.234516666666667,0.26865,-0.00550000000000006,0.00525627171314519,0,0,0,0
2025-02-02,"2025-05",NA,NA,NA,NA,0,0.0387178215158284,0.0138601645909162,-0.0014911847446113,-0.0153513493355275,0.2524,0.3245,-0.0421,NA,0,0,0,0
