date,name,lambda
2014-10-15,X002049.SZ,0.122764850948979
2014-10-16,X000623.SZ,0.141090175671123
2014-10-17,X000800.SZ,0.139630302628502
2014-10-20,X000800.SZ,0.115236459462655
2014-10-21,X000800.SZ,0.108843642782772
2014-10-22,X002294.SZ,0.128731181983866
2014-10-23,X002294.SZ,0.133290107642442
2014-10-24,X002294.SZ,0.121899881776773
2014-10-27,X002294.SZ,0.121416124865067
2014-10-28,X600031.SH,0.131424973987737
2014-10-29,X002236.SZ,0.120440950838849
2014-10-30,X002049.SZ,0.113969348047587
2014-10-31,X002294.SZ,0.110611309557493
2014-11-03,X002129.SZ,0.121564505919811
2014-11-04,X002456.SZ,0.126329143906254
2014-11-05,X002294.SZ,0.106537749744066
2014-11-06,X002294.SZ,0.105492585286436
2014-11-07,X000623.SZ,0.10816102466371
2014-11-10,X002007.SZ,0.109959433066834
2014-11-11,X002007.SZ,0.120994981894871
2014-11-12,X000157.SZ,0.127450369013521
2014-11-13,X002236.SZ,0.111513472880682
2014-11-14,X600703.SH,0.121627157746705
2014-11-17,X601877.SH,0.140829979930474
2014-11-18,X600031.SH,0.130330441775776
2014-11-19,X002007.SZ,0.120606434867294
2014-11-20,X002049.SZ,0.126585216745967
2014-11-21,X002049.SZ,0.126159926617143
2014-11-24,X000157.SZ,0.113992225947513
2014-11-25,X002236.SZ,0.123380939903604
2014-11-26,X600271.SH,0.123438091415569
2014-11-27,X002294.SZ,0.123318989468324
2014-11-28,X002294.SZ,0.124255644080944
2014-12-01,X002294.SZ,0.120525896533859
2014-12-02,X600435.SH,0.130393355714897
2014-12-03,X600031.SH,0.118242007538616
2014-12-04,X000100.SZ,0.11009688456177
2014-12-05,X600372.SH,0.118280614014439
2014-12-08,X600372.SH,0.120016002532508
2014-12-09,X000157.SZ,0.136455306918241
2014-12-10,X000157.SZ,0.146014008689917
2014-12-11,X000157.SZ,0.146773345501083
2014-12-12,X600118.SH,0.126919988053846
2014-12-15,X000568.SZ,0.13429489513532
2014-12-16,X000725.SZ,0.124447110414805
2014-12-17,X000400.SZ,0.144412841448872
2014-12-18,X000400.SZ,0.14949527627424
2014-12-19,X000157.SZ,0.12603814780244
2014-12-22,X600252.SH,0.171986465438394
2014-12-23,X000858.SZ,0.144987528084192
2014-12-24,X000725.SZ,0.137504888253241
2014-12-25,X000725.SZ,0.146034848074774
2014-12-26,X000725.SZ,0.138740028810324
2014-12-29,X000157.SZ,0.141422227033198
2014-12-30,X002475.SZ,0.148242047023195
2014-12-31,X600252.SH,0.185376209860222
2015-01-05,X600252.SH,0.186694007323195
2015-01-06,X600252.SH,0.189257460137012
2015-01-07,X600252.SH,0.19158975765417
2015-01-08,X600252.SH,0.188261697979798
2015-01-09,X600252.SH,0.19104852630295
2015-01-12,X600252.SH,0.16801886921007
2015-01-13,X600252.SH,0.172986314723831
2015-01-14,X002465.SZ,0.16606937984344
2015-01-15,X000157.SZ,0.140777193696126
2015-01-16,X002465.SZ,0.155647125437742
2015-01-19,X000858.SZ,0.171424310551477
2015-01-20,X000100.SZ,0.178938767435573
2015-01-21,X000157.SZ,0.183501465360154
2015-01-22,X002465.SZ,0.200715153016489
2015-01-23,X000725.SZ,0.185060113983136
2015-01-26,X000725.SZ,0.183752421597086
2015-01-27,X600252.SH,0.221145036486929
2015-01-28,X000100.SZ,0.183535188590513
2015-01-29,X002475.SZ,0.19046044269989
2015-01-30,X000100.SZ,0.166480808432801
2015-02-02,X000100.SZ,0.16687009176548
2015-02-03,X000100.SZ,0.175459457721624
2015-02-04,X000725.SZ,0.18205280834232
2015-02-05,X000858.SZ,0.190812587262891
2015-02-06,X000568.SZ,0.18375322145189
2015-02-09,X000568.SZ,0.193026389314909
2015-02-10,X000100.SZ,0.170917458198687
2015-02-11,X000725.SZ,0.172831873590887
2015-02-12,X000568.SZ,0.192743258460626
2015-02-13,X000568.SZ,0.204818187329814
2015-02-16,X000725.SZ,0.170876695884729
2015-02-17,X000550.SZ,0.163777218155463
2015-02-25,X000550.SZ,0.167937855055384
2015-02-26,X000100.SZ,0.18760313894467
2015-02-27,X000568.SZ,0.167989930837667
2015-03-02,X000568.SZ,0.162598289341557
2015-03-03,X600690.SH,0.189555043665734
2015-03-04,X000100.SZ,0.182301949332917
2015-03-05,X000100.SZ,0.181163150950182
2015-03-06,X600066.SH,0.186014098398449
2015-03-09,X600066.SH,0.155202498007569
2015-03-10,X000100.SZ,0.165554338742962
2015-03-11,X000063.SZ,0.162407540476932
2015-03-12,X000100.SZ,0.163152664411577
2015-03-13,X600031.SH,0.233555367729369
2015-03-16,X600690.SH,0.179499398315761
2015-03-17,X600690.SH,0.185353256503956
2015-03-18,X600166.SH,0.161716949405719
2015-03-19,X000100.SZ,0.172013098808188
2015-03-20,X000100.SZ,0.170263973727417
2015-03-23,X000100.SZ,0.177836572163287
2015-03-24,X000550.SZ,0.165343096478256
2015-03-25,X000559.SZ,0.166787789988021
2015-03-26,X000800.SZ,0.163931245567965
2015-03-27,X600060.SH,0.168206966896747
2015-03-30,X000338.SZ,0.178481764846884
2015-03-31,X600066.SH,0.157913784749439
2015-04-01,X000100.SZ,0.158696462097489
2015-04-02,X000100.SZ,0.180971396464142
2015-04-03,X000100.SZ,0.170347265215198
2015-04-07,X000100.SZ,0.175535956655353
2015-04-08,X000100.SZ,0.170233498423106
2015-04-09,X000858.SZ,0.161563076694653
2015-04-10,X000858.SZ,0.163897797924721
2015-04-13,X000550.SZ,0.161257881666325
2015-04-14,X000550.SZ,0.17880721896722
2015-04-15,X000550.SZ,0.176565760825747
2015-04-16,X600703.SH,0.175501521947035
2015-04-17,X600703.SH,0.190516617929326
2015-04-20,X000725.SZ,0.180103887771456
2015-04-21,X000550.SZ,0.181829933419398
2015-04-22,X000725.SZ,0.168976302606393
2015-04-23,X000977.SZ,0.179050315491229
2015-04-24,X600060.SH,0.149235358002813
2015-04-27,X002415.SZ,0.144976153602402
2015-04-28,X600118.SH,0.157959515774847
2015-04-29,X600118.SH,0.153796446541261
2015-04-30,X000550.SZ,0.151424585316905
2015-05-04,X600118.SH,0.150201231881348
2015-05-05,X000338.SZ,0.173600790173137
2015-05-06,X000338.SZ,0.184420807790439
2015-05-07,X000338.SZ,0.19062946478528
2015-05-08,X000338.SZ,0.188071389089944
2015-05-11,X000858.SZ,0.175117329918507
2015-05-12,X600089.SH,0.180272033223477
2015-05-13,X000858.SZ,0.172017013527701
2015-05-14,X002475.SZ,0.167388807102687
2015-05-15,X600839.SH,0.193382902582517
2015-05-18,X002415.SZ,0.184942990888089
2015-05-19,X601877.SH,0.186368750270578
2015-05-20,X600060.SH,0.176530734821782
2015-05-21,X002491.SZ,1.13464
2015-05-22,X002491.SZ,0.85678
2015-05-25,X000568.SZ,0.189722933886853
2015-05-26,X600703.SH,0.251305149726227
2015-05-27,X002491.SZ,0.55803
2015-05-28,X002491.SZ,1.30596
2015-05-29,X600089.SH,0.226541244835791
2015-06-01,X002415.SZ,0.219620765728348
2015-06-02,X000568.SZ,0.242535414260826
2015-06-03,X000568.SZ,0.231692806726113
2015-06-04,X000625.SZ,0.262608320653686
2015-06-05,X000625.SZ,0.237594011458873
2015-06-08,X000977.SZ,0.266800699525249
2015-06-09,X600690.SH,0.247329711158791
2015-06-10,X000977.SZ,0.25792931840475
2015-06-11,X000977.SZ,0.223764837572589
2015-06-12,X000977.SZ,0.235216685581175
2015-06-15,X600690.SH,0.242030293095829
2015-06-16,X600060.SH,0.263957088218409
2015-06-17,X600435.SH,0.28533831576145
2015-06-18,X002465.SZ,0.251890927727223
2015-06-19,X002465.SZ,0.277372214433752
2015-06-23,X002465.SZ,0.270214090322425
2015-06-24,X002292.SZ,0.332648205182935
2015-06-25,X002292.SZ,0.326061429505116
2015-06-26,X002465.SZ,0.328331759016295
2015-06-29,X000869.SZ,0.3370644661408
2015-06-30,X600031.SH,0.353802321332437
2015-07-01,X600031.SH,0.352350759969953
2015-07-02,X000727.SZ,0.365157253666977
2015-07-03,X000063.SZ,0.338491843807022
2015-07-06,X002465.SZ,0.334210090927561
2015-07-07,X002465.SZ,0.393016391516473
2015-07-08,X002465.SZ,0.376499378906702
2015-07-09,X600031.SH,0.42770812746358
2015-07-10,X600031.SH,0.412908205783707
2015-07-13,X000559.SZ,0.373951292994269
2015-07-14,X600031.SH,0.423811229248687
2015-07-15,X000559.SZ,0.368030436156113
2015-07-16,X000559.SZ,0.387973840059777
2015-07-17,X000559.SZ,0.408927967836857
2015-07-20,X002292.SZ,1.93682
2015-07-21,X600435.SH,0.392997107507971
2015-07-22,X600031.SH,0.412909816098036
2015-07-23,X000547.SZ,0.430700287579228
2015-07-24,X600031.SH,0.441848340191963
2015-07-27,X600031.SH,0.389556334769015
2015-07-28,X002292.SZ,0.946760000000001
2015-07-29,X002292.SZ,0.57731
2015-07-30,X000559.SZ,0.451252721045345
2015-07-31,X002241.SZ,0.39498255884575
2015-08-03,X002292.SZ,0.51108
2015-08-04,X601877.SH,0.72106
2015-08-05,X601877.SH,0.67646
2015-08-06,X002292.SZ,0.87166
2015-08-07,X601877.SH,1.14049
2015-08-10,X601877.SH,0.74654
2015-08-11,X601877.SH,1.0868
2015-08-12,X000547.SZ,0.499085635187697
2015-08-13,X600271.SH,0.432042263833397
2015-08-14,X000016.SZ,0.54078
2015-08-17,X002506.SZ,0.683879999999999
2015-08-18,X000016.SZ,0.85328
2015-08-19,X000016.SZ,0.60773
2015-08-20,X002506.SZ,0.73577
2015-08-21,X002506.SZ,0.92218
2015-08-24,X600372.SH,0.429332170211277
2015-08-25,X000016.SZ,0.50324
2015-08-26,X300142.SZ,0.518501090412801
2015-08-27,X002074.SZ,0.463165104845995
2015-08-28,X600031.SH,0.443898453755879
2015-08-31,X000016.SZ,0.85865
2015-09-01,X002292.SZ,0.81912
2015-09-02,X000016.SZ,1.15539
2015-09-07,X300142.SZ,1.65334
2015-09-08,X300142.SZ,0.6074
2015-09-09,X000016.SZ,0.74735
2015-09-10,X000559.SZ,0.510366057257171
2015-09-11,X000066.SZ,0.938
2015-09-14,X000066.SZ,1.50101
2015-09-15,X000016.SZ,1.24522
2015-09-16,X000016.SZ,0.95674
2015-09-17,X600312.SH,0.90108
2015-09-18,X002074.SZ,0.523486723067066
2015-09-21,X000559.SZ,0.491698737394087
2015-09-22,X000559.SZ,0.468784253864915
2015-09-23,X000559.SZ,0.530787631602149
2015-09-24,X002008.SZ,0.549802040374751
2015-09-25,X000559.SZ,0.47013248644538
2015-09-28,X000977.SZ,0.425432585114814
2015-09-29,X002074.SZ,0.437434581101845
2015-09-30,X002074.SZ,0.454343446603972
2015-10-08,X002074.SZ,0.503527085146213
2015-10-09,X600031.SH,0.444972875811688
2015-10-12,X000559.SZ,0.453028473197071
2015-10-13,X600741.SH,0.416642333015486
2015-10-14,X600031.SH,0.445953148229974
2015-10-15,X600089.SH,0.465447027436839
2015-10-16,X000063.SZ,0.418250097697903
2015-10-19,X600089.SH,0.4460056877977
2015-10-20,X000858.SZ,0.454229999999999
2015-10-21,X000063.SZ,0.446995985002842
2015-10-22,X000063.SZ,0.464174244196433
2015-10-23,X000858.SZ,0.79635
2015-10-26,X000063.SZ,0.448239173869608
2015-10-27,X000547.SZ,0.455647833326055
2015-10-28,X600839.SH,0.435408055862266
2015-10-29,X000858.SZ,1.20713
2015-10-30,X000800.SZ,0.458064091475121
2015-11-02,X000858.SZ,0.62966
2015-11-03,X000858.SZ,0.4251
2015-11-04,X000858.SZ,0.56635
2015-11-05,X000800.SZ,0.406540289932167
2015-11-06,X000858.SZ,0.56255
2015-11-09,X000623.SZ,0.503626076563079
2015-11-10,X000858.SZ,1.16574
2015-11-11,X000547.SZ,0.486938381542409
2015-11-12,X000063.SZ,0.419683526872355
2015-11-13,X300001.SZ,0.486218168140647
2015-11-16,X000547.SZ,0.477694814338696
2015-11-17,X000547.SZ,0.443993983656349
2015-11-18,X000547.SZ,0.489118652592856
2015-11-19,X000547.SZ,0.443947655343018
2015-11-20,X000547.SZ,0.480871145802395
2015-11-23,X000547.SZ,0.405445199145549
2015-11-24,X000547.SZ,0.409602310437485
2015-11-25,X300001.SZ,0.479244550653959
2015-11-26,X000725.SZ,0.412607771145424
2015-11-27,X600498.SH,0.461521662343962
2015-11-30,X002074.SZ,0.404408038499496
2015-12-01,X601877.SH,0.44903
2015-12-02,X000725.SZ,0.351302518237151
2015-12-03,X601877.SH,1.13301
2015-12-04,X000338.SZ,0.343812224562872
2015-12-07,X600582.SH,0.311732216697489
2015-12-08,X002129.SZ,0.29100350256197
2015-12-09,X000338.SZ,0.309576921063338
2015-12-10,X000100.SZ,0.314974687940614
2015-12-11,X002292.SZ,0.363719428411094
2015-12-14,X002129.SZ,0.34468019225662
2015-12-15,X002129.SZ,0.324327048139521
2015-12-16,X000338.SZ,0.338810930074838
2015-12-17,X600031.SH,0.298420570113603
2015-12-18,X600271.SH,0.61555
2015-12-21,X000559.SZ,0.239805325608673
2015-12-22,X600498.SH,0.251864934362157
2015-12-23,X000725.SZ,0.243805620836139
2015-12-24,X600839.SH,0.232145581874984
2015-12-25,X600271.SH,0.44198
2015-12-28,X600031.SH,0.248168409657277
2015-12-29,X600271.SH,0.38898
2015-12-30,X600271.SH,0.23103
2015-12-31,X600690.SH,0.54298
2016-01-04,X600690.SH,0.349403451272253
2016-01-05,X000063.SZ,0.278246366927131
2016-01-06,X000338.SZ,0.274103167981248
2016-01-07,X600690.SH,0.45745
2016-01-08,X600031.SH,0.302528463323059
2016-01-11,X000725.SZ,0.337321127853996
2016-01-12,X600703.SH,0.330895676865668
2016-01-13,X000725.SZ,0.331018997537242
2016-01-14,X600031.SH,0.331181590783369
2016-01-15,X002129.SZ,0.385055984531273
2016-01-18,X002294.SZ,0.303206063099825
2016-01-19,X600031.SH,0.302463067735566
2016-01-20,X000625.SZ,0.306409525875586
2016-01-21,X600703.SH,0.304381623889395
2016-01-22,X002415.SZ,0.271537981248717
2016-01-25,X000625.SZ,0.296362232130622
2016-01-26,X600699.SH,0.48026
2016-01-27,X600699.SH,0.312235913084829
2016-01-28,X000568.SZ,0.280920456944342
2016-01-29,X600703.SH,0.298614540415027
2016-02-01,X600690.SH,0.38104
2016-02-02,X600690.SH,0.46083
2016-02-03,X600690.SH,0.64167
2016-02-04,X600690.SH,0.81929
2016-02-05,X600089.SH,0.329084644177116
2016-02-15,X600177.SH,0.310218646534361
2016-02-16,X600703.SH,0.281618739096799
2016-02-17,X600703.SH,0.294884511731053
2016-02-18,X000725.SZ,0.291688559054635
2016-02-19,X600089.SH,0.312664110163758
2016-02-22,X000725.SZ,0.290768058941612
2016-02-23,X000063.SZ,0.309495400735475
2016-02-24,X000063.SZ,0.31735976049508
2016-02-25,X600584.SH,0.44444
2016-02-26,X600703.SH,0.266139128514701
2016-02-29,X600584.SH,0.39272
2016-03-01,X600089.SH,0.29119581789888
2016-03-02,X600703.SH,0.293857191366919
2016-03-03,X600089.SH,0.331010913839314
2016-03-04,X600703.SH,0.271137567116094
2016-03-07,X600703.SH,0.288847499235024
2016-03-08,X600703.SH,0.290071132444727
2016-03-09,X600703.SH,0.318029527248943
2016-03-10,X002049.SZ,0.42429
2016-03-11,X002506.SZ,0.301585114775152
2016-03-14,X600372.SH,0.310099048958881
2016-03-15,X600703.SH,0.324275506738059
2016-03-16,X600703.SH,0.312599257976771
2016-03-17,X600703.SH,0.286411676272388
2016-03-18,X300124.SZ,0.310712462068287
2016-03-21,X000981.SZ,0.31219
2016-03-22,X000981.SZ,0.4555
2016-03-23,X000981.SZ,0.329653483434527
2016-03-24,X002456.SZ,0.311351819613671
2016-03-25,X300124.SZ,0.346800879696492
2016-03-28,X000981.SZ,0.59838
2016-03-29,X600703.SH,0.278193311889249
2016-03-30,X600177.SH,0.298950188046421
2016-03-31,X002415.SZ,0.320953066883351
2016-04-01,X002415.SZ,0.304705573417764
2016-04-05,X002294.SZ,0.297136020008425
2016-04-06,X002294.SZ,0.325384791276699
2016-04-07,X002007.SZ,0.296121263110635
2016-04-08,X300124.SZ,0.352719157475351
2016-04-11,X000338.SZ,0.286228558294496
2016-04-12,X600089.SH,0.279836092666053
2016-04-13,X300124.SZ,0.290354831869119
2016-04-14,X002456.SZ,0.280372812508282
2016-04-15,X300124.SZ,0.288939348398359
2016-04-18,X600271.SH,0.44084
2016-04-19,X600271.SH,0.35725
2016-04-20,X600271.SH,0.43494
2016-04-21,X600271.SH,0.223225120842903
2016-04-22,X000725.SZ,0.24449539813743
2016-04-25,X300124.SZ,0.256144440592123
2016-04-26,X000725.SZ,0.234436947481873
2016-04-27,X601877.SH,0.252769576453521
2016-04-28,X000050.SZ,0.234545816624051
2016-04-29,X000725.SZ,0.217083308843129
2016-05-03,X000338.SZ,0.20365886682011
2016-05-04,X000725.SZ,0.171329032978668
2016-05-05,X600118.SH,0.179860552794918
2016-05-06,X000559.SZ,0.188686966402142
2016-05-09,X002180.SZ,0.37934
2016-05-10,X000559.SZ,0.195714936557208
2016-05-11,X000651.SZ,0.49186
2016-05-12,X000651.SZ,0.398670000000001
2016-05-13,X002180.SZ,0.22104
2016-05-16,X002180.SZ,0.23848
2016-05-17,X002180.SZ,0.24667
2016-05-18,X300124.SZ,0.183345211336656
2016-05-19,X002241.SZ,0.199580510141706
2016-05-20,X002241.SZ,0.201038676387915
2016-05-23,X002241.SZ,0.21097826102653
2016-05-24,X000100.SZ,0.187187722138594
2016-05-25,X600118.SH,0.196433074547253
2016-05-26,X002180.SZ,0.157569002375297
2016-05-27,X000050.SZ,0.177194065683111
2016-05-30,X600118.SH,0.159085913001313
2016-05-31,X600118.SH,0.134020749261697
2016-06-01,X600118.SH,0.128520276095801
2016-06-02,X002249.SZ,0.119809206269935
2016-06-03,X002292.SZ,0.131339480414256
2016-06-06,X300124.SZ,0.172992614401432
2016-06-07,X300124.SZ,0.128086432971899
2016-06-08,X300124.SZ,0.133690753171161
2016-06-13,X002456.SZ,0.154068785876386
2016-06-14,X002236.SZ,0.140114657782722
2016-06-15,X600118.SH,0.139984856938317
2016-06-16,X600118.SH,0.147295213113709
2016-06-17,X600118.SH,0.141242849463731
2016-06-20,X300124.SZ,0.121552331312565
2016-06-21,X600867.SH,0.12935711662809
2016-06-22,X600118.SH,0.128561708406534
2016-06-23,X002049.SZ,0.123274810411541
2016-06-24,X600118.SH,0.125557894349989
2016-06-27,X000559.SZ,0.148391969651722
2016-06-28,X300124.SZ,0.126303943573189
2016-06-29,X000559.SZ,0.127364614747085
2016-06-30,X000559.SZ,0.149860820687161
2016-07-01,X000559.SZ,0.125731999594555
2016-07-04,X000559.SZ,0.140707180867496
2016-07-05,X600031.SH,0.11590513856362
2016-07-06,X000559.SZ,0.15029198406736
2016-07-07,X002049.SZ,0.13252305856619
2016-07-08,X300124.SZ,0.154339072502289
2016-07-11,X600703.SH,0.134640377903198
2016-07-12,X600703.SH,0.123168052118151
2016-07-13,X000559.SZ,0.127680968691097
2016-07-14,X000559.SZ,0.150323066159475
2016-07-15,X000559.SZ,0.147461142186406
2016-07-18,X600089.SH,0.135349248362346
2016-07-19,X000559.SZ,0.12418369780032
2016-07-20,X300124.SZ,0.145532612575743
2016-07-21,X002415.SZ,0.131653335345646
2016-07-22,X600031.SH,0.156960524297052
2016-07-25,X002292.SZ,0.1178281501694
2016-07-26,X002292.SZ,0.116870702644769
2016-07-27,X000559.SZ,0.127096836929657
2016-07-28,X300124.SZ,0.138117102752321
2016-07-29,X601877.SH,0.153173328812175
2016-08-01,X601877.SH,0.156765642328378
2016-08-02,X601877.SH,0.19186958459556
2016-08-03,X601877.SH,0.164714114108303
2016-08-04,X601877.SH,0.160339395732498
2016-08-05,X601877.SH,0.120358678681793
2016-08-08,X000063.SZ,0.110550787910552
2016-08-09,X002085.SZ,0.12930654075115
2016-08-10,X601877.SH,0.104955262784373
2016-08-11,X002456.SZ,0.117298463112466
2016-08-12,X000559.SZ,0.105488906009674
2016-08-15,X000063.SZ,0.101679315275078
2016-08-16,X002456.SZ,0.119339290385094
2016-08-17,X002456.SZ,0.111999579785485
2016-08-18,X300124.SZ,0.120262823440532
2016-08-19,X300124.SZ,0.108836825935657
2016-08-22,X300124.SZ,0.111956013084986
2016-08-23,X002465.SZ,0.133919223641822
2016-08-24,X600089.SH,0.11765988639144
2016-08-25,X002292.SZ,0.106104250711298
2016-08-26,X300124.SZ,0.12602653874057
2016-08-29,X600089.SH,0.114646524409901
2016-08-30,X000050.SZ,0.103127987825668
2016-08-31,X002465.SZ,0.17555
2016-09-01,X300124.SZ,0.117084351698923
2016-09-02,X002465.SZ,0.15847
2016-09-05,X000651.SZ,0.29919
2016-09-06,X000651.SZ,0.139123390462845
2016-09-07,X000651.SZ,0.35408
2016-09-08,X000651.SZ,0.102080224740007
2016-09-09,X000063.SZ,0.101354188239046
2016-09-12,X300124.SZ,0.0908437682214201
2016-09-13,X002292.SZ,0.10390048019908
2016-09-14,X300124.SZ,0.0917248940154934
2016-09-19,X002236.SZ,0.0976057467705935
2016-09-20,X000559.SZ,0.0939309227146035
2016-09-21,X000063.SZ,0.0851599225501088
2016-09-22,X000858.SZ,0.0959191099782202
2016-09-23,X000858.SZ,0.0922596975784313
2016-09-26,X000063.SZ,0.119935486198969
2016-09-27,X300124.SZ,0.0920583259616646
2016-09-28,X000063.SZ,0.103773595729108
2016-09-29,X000063.SZ,0.103236055994074
2016-09-30,X000063.SZ,0.0935550593281908
2016-10-10,X300124.SZ,0.0975664683557056
2016-10-11,X300124.SZ,0.113632587781983
2016-10-12,X300124.SZ,0.111036599560778
2016-10-13,X002465.SZ,0.121939911759501
2016-10-14,X002465.SZ,0.122342108434994
2016-10-17,X002465.SZ,0.29235
2016-10-18,X002465.SZ,0.12491
2016-10-19,X002465.SZ,0.2117
2016-10-20,X002465.SZ,0.26906
2016-10-21,X600372.SH,0.107004426046894
2016-10-24,X002465.SZ,0.101013976976145
2016-10-25,X002465.SZ,0.0987659877067517
2016-10-26,X002465.SZ,0.121066040102659
2016-10-27,X300115.SZ,0.108542743287661
2016-10-28,X000063.SZ,0.100395102733812
2016-10-31,X600372.SH,0.0858628985883472
2016-11-01,X002506.SZ,0.0863474366804887
2016-11-02,X000100.SZ,0.13194
2016-11-03,X000100.SZ,0.0865673803978675
2016-11-04,X000100.SZ,0.163706094646163
2016-11-07,X000100.SZ,0.13639
2016-11-08,X000100.SZ,0.104758367926215
2016-11-09,X600118.SH,0.0737099194792142
2016-11-10,X600066.SH,0.0901914706751688
2016-11-11,X300124.SZ,0.0864102142934167
2016-11-14,X002085.SZ,0.0734785235158009
2016-11-15,X600690.SH,0.062425254435382
2016-11-16,X600372.SH,0.0652177551302869
2016-11-17,X600372.SH,0.0738891066572451
2016-11-18,X600372.SH,0.0713383162712336
2016-11-21,X600372.SH,0.0678667577320997
2016-11-22,X000725.SZ,0.0676551653878462
2016-11-23,X000725.SZ,0.0688969416715231
2016-11-24,X600372.SH,0.0714305432860852
2016-11-25,X000623.SZ,0.0740743438081267
2016-11-28,X000858.SZ,0.0743911233065949
2016-11-29,X600066.SH,0.0796507727353622
2016-11-30,X000050.SZ,0.0932134144776111
2016-12-01,X600372.SH,0.07292679454772
2016-12-02,X600372.SH,0.0974080247019076
2016-12-05,X000050.SZ,0.17049
2016-12-06,X000050.SZ,0.13702
2016-12-07,X000050.SZ,0.14046
2016-12-08,X000050.SZ,0.31388
2016-12-09,X000050.SZ,0.11601
2016-12-12,X000050.SZ,0.12408
2016-12-13,X000050.SZ,0.45928
2016-12-14,X000559.SZ,0.127672174261786
2016-12-15,X000050.SZ,0.25946
2016-12-16,X000559.SZ,0.10847550956686
2016-12-19,X000559.SZ,0.102509477566398
2016-12-20,X000100.SZ,0.15279
2016-12-21,X000100.SZ,0.118292449981758
2016-12-22,X000100.SZ,0.58918
2016-12-23,X000559.SZ,0.102044876368508
2016-12-26,X000100.SZ,0.164995382562278
2016-12-27,X000559.SZ,0.0856289130446964
2016-12-28,X000559.SZ,0.0905754987997147
2016-12-29,X000559.SZ,0.0933351281940817
2016-12-30,X000858.SZ,0.0986834952213658
2017-01-03,X002085.SZ,0.086365119728509
2017-01-04,X000547.SZ,0.77761
2017-01-05,X000547.SZ,0.70748
2017-01-06,X000157.SZ,0.0788767015017678
2017-01-09,X000547.SZ,0.37375
2017-01-10,X300124.SZ,0.0707172147080259
2017-01-11,X002304.SZ,0.0905291451341766
2017-01-12,X000100.SZ,0.0908093865483477
2017-01-13,X600522.SH,0.087560560850602
2017-01-16,X600522.SH,0.0909434699470697
2017-01-17,X600867.SH,0.0769607846860902
2017-01-18,X000559.SZ,0.109603122242262
2017-01-19,X000651.SZ,0.094360282674628
2017-01-20,X002292.SZ,0.0947909374990248
2017-01-23,X000559.SZ,0.0864586971008693
2017-01-24,X000559.SZ,0.096749083686253
2017-01-25,X000625.SZ,0.0826501568281022
2017-01-26,X600867.SH,0.104139965728106
2017-02-03,X600867.SH,0.0717751297433595
2017-02-06,X300124.SZ,0.0965331025774848
2017-02-07,X600867.SH,0.108813117890187
2017-02-08,X000559.SZ,0.0851116299099998
2017-02-09,X000559.SZ,0.100245268977496
2017-02-10,X000100.SZ,0.0855859357576499
2017-02-13,X000157.SZ,0.0893728921581415
2017-02-14,X000157.SZ,0.0897462092507934
2017-02-15,X600867.SH,0.0919872390322822
2017-02-16,X600867.SH,0.0850018707918478
2017-02-17,X600867.SH,0.0835520280384453
2017-02-20,X000625.SZ,0.0847418799062773
2017-02-21,X600741.SH,0.0798249931250922
2017-02-22,X002241.SZ,0.0899337251803403
2017-02-23,X000100.SZ,0.104936801959708
2017-02-24,X000100.SZ,0.163673797930859
2017-02-27,X300124.SZ,0.0854929527280297
2017-02-28,X002074.SZ,0.116161512248568
2017-03-01,X002294.SZ,0.0853409546485458
2017-03-02,X002007.SZ,0.0878360486082426
2017-03-03,X002007.SZ,0.0936660729682557
2017-03-06,X000157.SZ,0.0929507671607578
2017-03-07,X002007.SZ,0.0923356923148005
2017-03-08,X002007.SZ,0.090790631779517
2017-03-09,X002074.SZ,0.0877270130692149
2017-03-10,X600487.SH,0.0955635337589247
2017-03-13,X002074.SZ,0.088163248928387
2017-03-14,X000559.SZ,0.0885925005873154
2017-03-15,X002074.SZ,0.100376040760647
2017-03-16,X000559.SZ,0.0846514744855351
2017-03-17,X000981.SZ,0.16838188156465
2017-03-20,X000981.SZ,0.117625894603404
2017-03-21,X000981.SZ,0.107260335901599
2017-03-22,X000981.SZ,0.114913864882025
2017-03-23,X000981.SZ,0.11850180709668
2017-03-24,X000050.SZ,2.15292
2017-03-27,X000050.SZ,0.46885
2017-03-28,X000050.SZ,0.98857
2017-03-29,X000981.SZ,0.111943826418325
2017-03-30,X002085.SZ,0.970190000000001
2017-03-31,X002085.SZ,1.08343
2017-04-05,X000981.SZ,0.123267254239546
2017-04-06,X002085.SZ,1.0407
2017-04-07,X002292.SZ,0.0917816956769992
2017-04-10,X000981.SZ,0.0843904637070979
2017-04-11,X600118.SH,0.101089180096757
2017-04-12,X600118.SH,0.0889659551919155
2017-04-13,X000981.SZ,0.0867708726459918
2017-04-14,X000981.SZ,0.0891940304249634
2017-04-17,X002426.SZ,0.0902013303691663
2017-04-18,X000651.SZ,0.107335029321763
2017-04-19,X000651.SZ,0.108914381971957
2017-04-20,X002426.SZ,0.38231
2017-04-21,X000651.SZ,0.0986575746674923
2017-04-24,X000157.SZ,0.0869214042330595
2017-04-25,X000981.SZ,0.62679
2017-04-26,X000981.SZ,0.784590000000001
2017-04-27,X000981.SZ,0.39345
2017-04-28,X000981.SZ,0.19526
2017-05-02,X000981.SZ,0.37606
2017-05-03,X000981.SZ,0.94601
2017-05-04,X000981.SZ,0.24709
2017-05-05,X000981.SZ,0.23963
2017-05-08,X000981.SZ,0.15019
2017-05-09,X000858.SZ,0.0938872088831848
2017-05-10,X000568.SZ,0.0775532101338914
2017-05-11,X600703.SH,0.108642261132095
2017-05-12,X600703.SH,0.105482598369393
2017-05-15,X000858.SZ,0.107251402732798
2017-05-16,X000858.SZ,0.112649573156091
2017-05-17,X000858.SZ,0.103432402924031
2017-05-18,X000858.SZ,0.0941276524707506
2017-05-19,X000858.SZ,0.0938721668921511
2017-05-22,X000858.SZ,0.0949722065244498
2017-05-23,X000858.SZ,0.0916251650058051
2017-05-24,X300124.SZ,0.0992937069329298
2017-05-25,X300115.SZ,0.0930979663071512
2017-05-26,X300115.SZ,0.0906137937643299
2017-05-31,X000858.SZ,0.0850240278970738
2017-06-01,X000858.SZ,0.0899226198622568
2017-06-02,X000858.SZ,0.0918102496061437
2017-06-05,X000858.SZ,0.102167752555833
2017-06-06,X000858.SZ,0.107385764255015
2017-06-07,X000858.SZ,0.10219275784597
2017-06-08,X000858.SZ,0.0967251111490177
2017-06-09,X000858.SZ,0.101111923410359
2017-06-12,X000858.SZ,0.0893582680137005
2017-06-13,X600118.SH,0.108401821365853
2017-06-14,X000858.SZ,0.096394046891044
2017-06-15,X000981.SZ,0.20246
2017-06-16,X000981.SZ,0.39714
2017-06-19,X000981.SZ,0.69729
2017-06-20,X000981.SZ,0.51755
2017-06-21,X000981.SZ,0.72704
2017-06-22,X000981.SZ,0.479796520828485
2017-06-23,X000981.SZ,0.437160854084245
2017-06-26,X000858.SZ,0.102501839304312
2017-06-27,X000858.SZ,0.101847691857544
2017-06-28,X300124.SZ,0.0863383359832282
2017-06-29,X000858.SZ,0.0794486009882774
2017-06-30,X000981.SZ,0.0974321921955722
2017-07-03,X000981.SZ,0.099900057388505
2017-07-04,X000050.SZ,0.0845214985394271
2017-07-05,X600118.SH,0.0782387914960904
2017-07-06,X000858.SZ,0.0887361628630206
2017-07-07,X000050.SZ,0.085981560246246
2017-07-10,X002236.SZ,0.0840593693220128
2017-07-11,X000858.SZ,0.0883539776982875
2017-07-12,X002179.SZ,0.0805987045078091
2017-07-13,X000100.SZ,0.35719
2017-07-14,X000100.SZ,0.47198
2017-07-17,X000100.SZ,0.17653
2017-07-18,X000100.SZ,0.51796
2017-07-19,X000100.SZ,0.27753
2017-07-20,X000559.SZ,0.120989122684341
2017-07-21,X000063.SZ,0.0892689919733017
2017-07-24,X002415.SZ,0.103239469860291
2017-07-25,X002415.SZ,0.0992675244513391
2017-07-26,X000100.SZ,0.28136
2017-07-27,X000100.SZ,0.27456
2017-07-28,X000100.SZ,0.61657
2017-07-31,X000100.SZ,0.53732
2017-08-01,X000651.SZ,0.110868950048399
2017-08-02,X000100.SZ,0.1927
2017-08-03,X000100.SZ,0.13444
2017-08-04,X000100.SZ,0.60096
2017-08-07,X000100.SZ,0.31911
2017-08-08,X000100.SZ,0.5339
2017-08-09,X002008.SZ,0.090583230517576
2017-08-10,X002415.SZ,0.102288472681814
2017-08-11,X002415.SZ,0.103158016924848
2017-08-14,X002236.SZ,0.12573792579533
2017-08-15,X000858.SZ,0.0897246366370393
2017-08-16,X600487.SH,0.0997421873009339
2017-08-17,X000063.SZ,0.0909930169336273
2017-08-18,X600522.SH,0.094372291639302
2017-08-21,X000063.SZ,0.095074038013188
2017-08-22,X000063.SZ,0.106967502010314
2017-08-23,X600522.SH,0.103910435083748
2017-08-24,X002456.SZ,0.117478274085422
2017-08-25,X600522.SH,0.111002312123464
2017-08-28,X600522.SH,0.111923393414218
2017-08-29,X600522.SH,0.112926626858922
2017-08-30,X600522.SH,0.112740795183667
2017-08-31,X600522.SH,0.122837938587028
2017-09-01,X600522.SH,0.113312062843237
2017-09-04,X600522.SH,0.11680123473546
2017-09-05,X600522.SH,0.113230769287654
2017-09-06,X600522.SH,0.110779038745576
2017-09-07,X600522.SH,0.0951567643420578
2017-09-08,X600522.SH,0.102282400660973
2017-09-11,X600522.SH,0.10769433151569
2017-09-12,X600522.SH,0.104938856421686
2017-09-13,X600522.SH,0.110764961528992
2017-09-14,X600522.SH,0.0890785467450995
2017-09-15,X002415.SZ,0.0958337034603534
2017-09-18,X000596.SZ,0.0776792717620647
2017-09-19,X002008.SZ,0.101639297830419
2017-09-20,X002008.SZ,0.102198816195299
2017-09-21,X600519.SH,0.0869131427852712
2017-09-22,X002008.SZ,0.0904210066076027
2017-09-25,X601877.SH,0.0935506547567092
2017-09-26,X600372.SH,0.0858279366368405
2017-09-27,X000063.SZ,0.103789499651096
2017-09-28,X002008.SZ,0.107203844079433
2017-09-29,X002008.SZ,0.0912207507675926
2017-10-09,X002008.SZ,0.0943190947540614
2017-10-10,X002008.SZ,0.0887041565822497
2017-10-11,X002008.SZ,0.0878142966570468
2017-10-12,X600089.SH,0.0816668906588281
2017-10-13,X000063.SZ,0.086066003506541
2017-10-16,X000063.SZ,0.0833128222797858
2017-10-17,X601877.SH,0.0960101941330022
2017-10-18,X601877.SH,0.0998782024075613
2017-10-19,X600271.SH,0.0936554011048035
2017-10-20,X601877.SH,0.0818038735103693
2017-10-23,X600271.SH,0.0879366407328745
2017-10-24,X002415.SZ,0.086195179953839
2017-10-25,X002415.SZ,0.0912940115923829
2017-10-26,X600522.SH,0.0740843129036046
2017-10-27,X600089.SH,0.0960350048267419
2017-10-30,X000050.SZ,0.0748134864692109
2017-10-31,X000625.SZ,0.0794777910402071
2017-11-01,X000063.SZ,0.0920689096748419
2017-11-02,X000157.SZ,0.0979299619801149
2017-11-03,X000157.SZ,0.0893868135576648
2017-11-06,X000157.SZ,0.102155473688183
2017-11-07,X000157.SZ,0.0904871254820682
2017-11-08,X000157.SZ,0.0997262565965308
2017-11-09,X000063.SZ,0.0900114632128416
2017-11-10,X000100.SZ,0.0783519382386383
2017-11-13,X000625.SZ,0.0940131347349996
2017-11-14,X000625.SZ,0.106220262269963
2017-11-15,X600699.SH,0.34478
2017-11-16,X000063.SZ,0.110241230939608
2017-11-17,X000063.SZ,0.11993322330872
2017-11-20,X601877.SH,0.108515901392972
2017-11-21,X601877.SH,0.110992092138746
2017-11-22,X601877.SH,0.108325617759342
2017-11-23,X002415.SZ,0.158168846690538
2017-11-24,X002415.SZ,0.173759600051192
2017-11-27,X601877.SH,0.163640348988659
2017-11-28,X601877.SH,0.156355512010608
2017-11-29,X000568.SZ,0.161932276054325
2017-11-30,X601877.SH,0.158733477834904
2017-12-01,X002129.SZ,0.31187
2017-12-04,X600584.SH,0.168824061566544
2017-12-05,X002129.SZ,0.60311
2017-12-06,X002129.SZ,0.28487
2017-12-07,X002475.SZ,0.151862821159537
2017-12-08,X002475.SZ,0.147870224718801
2017-12-11,X600089.SH,0.204145797880129
2017-12-12,X002129.SZ,0.63657
2017-12-13,X002129.SZ,0.42121
2017-12-14,X002129.SZ,0.48816
2017-12-15,X002129.SZ,0.37632
2017-12-18,X000568.SZ,0.151068452661932
2017-12-19,X300136.SZ,0.189913788247333
2017-12-20,X300136.SZ,0.243460715495996
2017-12-21,X300136.SZ,0.218922797179027
2017-12-22,X300136.SZ,0.188008814642006
2017-12-25,X300136.SZ,0.167064241885773
2017-12-26,X600690.SH,0.153056143489735
2017-12-27,X000100.SZ,0.134015692658316
2017-12-28,X002415.SZ,0.166430006511052
2017-12-29,X300136.SZ,0.159460839345155
2018-01-02,X000100.SZ,0.150376651951379
2018-01-03,X300136.SZ,0.15809322303128
2018-01-04,X300136.SZ,0.15251080976797
2018-01-05,X300136.SZ,0.206260645954487
2018-01-08,X002475.SZ,0.154955818418488
2018-01-09,X002415.SZ,0.162811610777931
2018-01-10,X002415.SZ,0.180656572013035
2018-01-11,X002415.SZ,0.158771723144086
2018-01-12,X002415.SZ,0.162253636808543
2018-01-15,X002415.SZ,0.136179475713724
2018-01-16,X000100.SZ,0.148023223723047
2018-01-17,X000100.SZ,0.145805657607598
2018-01-18,X002415.SZ,0.153563516752519
2018-01-19,X002415.SZ,0.164067021268348
2018-01-22,X002415.SZ,0.159584385639198
2018-01-23,X002415.SZ,0.153015627427236
2018-01-24,X000568.SZ,0.127591609878192
2018-01-25,X000568.SZ,0.112501541510346
2018-01-26,X000858.SZ,0.106610547330793
2018-01-29,X002475.SZ,0.132461250415327
2018-01-30,X000100.SZ,0.150644094247908
2018-01-31,X600276.SH,0.172535207700116
2018-02-01,X000100.SZ,0.174023889294646
2018-02-02,X000100.SZ,0.134386643017344
2018-02-05,X000858.SZ,0.152962950260049
2018-02-06,X000858.SZ,0.159420991837212
2018-02-07,X000568.SZ,0.193711846345049
2018-02-08,X000568.SZ,0.200917827995627
2018-02-09,X000568.SZ,0.201443433096994
2018-02-12,X000568.SZ,0.20329273533815
2018-02-13,X000568.SZ,0.197024441366263
2018-02-14,X000568.SZ,0.172866370440086
2018-02-22,X002415.SZ,0.139606693772158
2018-02-23,X600276.SH,0.15167742123121
2018-02-26,X002415.SZ,0.159545132774202
2018-02-27,X000858.SZ,0.133747655714832
2018-02-28,X600089.SH,0.135018210447754
2018-03-01,X002415.SZ,0.135810156087856
2018-03-02,X600089.SH,0.141239886139554
2018-03-05,X002415.SZ,0.172244504707829
2018-03-06,X000725.SZ,0.153092949746369
2018-03-07,X000725.SZ,0.148102559666327
2018-03-08,X000157.SZ,0.136100868625293
2018-03-09,X000338.SZ,0.12080298174147
2018-03-12,X000157.SZ,0.145584397033468
2018-03-13,X000157.SZ,0.145807823319208
2018-03-14,X000157.SZ,0.15229369803661
2018-03-15,X000157.SZ,0.154067146140611
2018-03-16,X600584.SH,0.150291232428025
2018-03-19,X002508.SZ,0.144630259031694
2018-03-20,X600487.SH,0.160101031885627
2018-03-21,X000157.SZ,0.154481380440216
2018-03-22,X000157.SZ,0.150638196612092
2018-03-23,X000157.SZ,0.140849156859037
2018-03-26,X000858.SZ,0.141657234784183
2018-03-27,X600584.SH,0.189751123702068
2018-03-28,X000858.SZ,0.130225830667451
2018-03-29,X600584.SH,0.181545594360461
2018-03-30,X002049.SZ,0.19678273412917
2018-04-02,X600487.SH,0.154757556698887
2018-04-03,X000157.SZ,0.132983266067037
2018-04-04,X000063.SZ,0.135084946636061
2018-04-09,X600118.SH,0.144351664987488
2018-04-10,X600118.SH,0.194518466059044
2018-04-11,X000157.SZ,0.140821867876655
2018-04-12,X600584.SH,0.166719777301695
2018-04-13,X600584.SH,0.178861250479254
2018-04-16,X000050.SZ,0.121299233295954
2018-04-17,X002456.SZ,0.185703468737997
2018-04-18,X600584.SH,0.158794346553701
2018-04-19,X600584.SH,0.177480659153516
2018-04-20,X600584.SH,0.157635218591505
2018-04-23,X600584.SH,0.188918872555106
2018-04-24,X600584.SH,0.151412177591282
2018-04-25,X600584.SH,0.171725037924474
2018-04-26,X600487.SH,0.153711171976284
2018-04-27,X600584.SH,0.214268515550083
2018-05-02,X600487.SH,0.141159551287082
2018-05-03,X600487.SH,0.159259615036488
2018-05-04,X600487.SH,0.165025177592979
2018-05-07,X600487.SH,0.170903050569537
2018-05-08,X000050.SZ,0.156532439682088
2018-05-09,X300003.SZ,0.145202185373094
2018-05-10,X300003.SZ,0.144338041099002
2018-05-11,X600809.SH,0.127495770445153
2018-05-14,X600089.SH,0.143566183464117
2018-05-15,X300003.SZ,0.151710199460468
2018-05-16,X600487.SH,0.147605601043161
2018-05-17,X600809.SH,0.12711164787196
2018-05-18,X600809.SH,0.128686007382176
2018-05-21,X002236.SZ,0.156776780443639
2018-05-22,X002236.SZ,0.156717221015376
2018-05-23,X002236.SZ,0.149645999240737
2018-05-24,X002475.SZ,0.121303572460977
2018-05-25,X002304.SZ,0.128391849917886
2018-05-28,X002304.SZ,0.127271379439357
2018-05-29,X600276.SH,0.124277954657428
2018-05-30,X002304.SZ,0.119941647532485
2018-05-31,X601877.SH,0.141912713281723
2018-06-01,X002038.SZ,0.145910323861852
2018-06-04,X002038.SZ,0.146843581948867
2018-06-05,X002038.SZ,0.137477000532098
2018-06-06,X002294.SZ,0.134559929709288
2018-06-07,X002304.SZ,0.135404329309902
2018-06-08,X002456.SZ,0.135199049947001
2018-06-11,X002294.SZ,0.139929177364858
2018-06-12,X002294.SZ,0.139642632669285
2018-06-13,X002304.SZ,0.125031701871522
2018-06-14,X000063.SZ,0.159535666422157
2018-06-15,X000063.SZ,0.138303392711989
2018-06-19,X000063.SZ,0.142195245106343
2018-06-20,X000050.SZ,0.139079789084813
2018-06-21,X002456.SZ,0.166275562780698
2018-06-22,X300003.SZ,0.140549902443965
2018-06-25,X002456.SZ,0.148909325635901
2018-06-26,X000063.SZ,0.160044257002672
2018-06-27,X000050.SZ,0.141734431779605
2018-06-28,X600690.SH,0.151722556202163
2018-06-29,X000063.SZ,0.138575922240556
2018-07-02,X000568.SZ,0.131501366504562
2018-07-03,X300142.SZ,0.137004698475322
2018-07-04,X002241.SZ,0.157515061649615
2018-07-05,X002241.SZ,0.158528057803196
2018-07-06,X000568.SZ,0.145907912203362
2018-07-09,X000568.SZ,0.147806110845876
2018-07-10,X000596.SZ,0.1453183974986
2018-07-11,X000050.SZ,0.147856838881735
2018-07-12,X000050.SZ,0.166300896729876
2018-07-13,X000050.SZ,0.172752616333808
2018-07-16,X000050.SZ,0.182063583633368
2018-07-17,X000050.SZ,0.181869362667468
2018-07-18,X000050.SZ,0.160394494715413
2018-07-19,X002456.SZ,0.163634837063342
2018-07-20,X002241.SZ,0.140968875543461
2018-07-23,X300142.SZ,0.181013369335933
2018-07-24,X300142.SZ,0.169025638602989
2018-07-25,X002294.SZ,0.135839940704522
2018-07-26,X300142.SZ,0.15372003589563
2018-07-27,X000725.SZ,0.192101180508871
2018-07-30,X000725.SZ,0.214743401942183
2018-07-31,X300146.SZ,0.22313
2018-08-01,X300146.SZ,0.26772
2018-08-02,X300146.SZ,0.33177
2018-08-03,X300146.SZ,1.07671
2018-08-06,X300146.SZ,0.94498
2018-08-07,X300146.SZ,1.41028
2018-08-08,X300146.SZ,0.344450009806915
2018-08-09,X300146.SZ,0.359335374801739
2018-08-10,X300146.SZ,0.367441093359195
2018-08-13,X300146.SZ,0.381231253996459
2018-08-14,X300146.SZ,0.312801977620432
2018-08-15,X300146.SZ,0.301466142400676
2018-08-16,X300146.SZ,0.311792422040219
2018-08-17,X300146.SZ,0.315673800951882
2018-08-20,X300146.SZ,0.30619358096179
2018-08-21,X300146.SZ,0.294465296225952
2018-08-22,X300146.SZ,0.280934674718539
2018-08-23,X300146.SZ,0.275901333656695
2018-08-24,X300146.SZ,0.262791566660394
2018-08-27,X300146.SZ,0.25662782403198
2018-08-28,X300146.SZ,0.246625779169894
2018-08-29,X300146.SZ,0.23634849079288
2018-08-30,X300146.SZ,0.279742937005435
2018-08-31,X300146.SZ,0.27079182194865
2018-09-03,X300146.SZ,0.256511951525315
2018-09-04,X300146.SZ,0.246101902543706
2018-09-05,X300146.SZ,0.239740706859179
2018-09-06,X600522.SH,0.174024326367655
2018-09-07,X600522.SH,0.180481822424057
2018-09-10,X600522.SH,0.148285126538377
2018-09-11,X000063.SZ,0.159600815010764
2018-09-12,X000869.SZ,0.169449272098128
2018-09-13,X002241.SZ,0.194136078290242
2018-09-14,X600566.SH,0.146020412277111
2018-09-17,X600522.SH,0.153409077455397
2018-09-18,X601877.SH,0.145489697989503
2018-09-19,X002294.SZ,0.141237860748325
2018-09-20,X000869.SZ,0.144565326037662
2018-09-21,X600741.SH,0.137898976204616
2018-09-25,X002294.SZ,0.147457927784582
2018-09-26,X600276.SH,0.174789296495933
2018-09-27,X600276.SH,0.164603904312806
2018-09-28,X002294.SZ,0.154470146470554
2018-10-08,X600487.SH,0.162209154396339
2018-10-09,X002294.SZ,0.168442154080146
2018-10-10,X600741.SH,0.17613117816034
2018-10-11,X000100.SZ,0.156094616178554
2018-10-12,X600741.SH,0.166218904409599
2018-10-15,X002294.SZ,0.201535883376804
2018-10-16,X000100.SZ,0.191328090826967
2018-10-17,X002294.SZ,0.191278288363963
2018-10-18,X000157.SZ,0.173954123191987
2018-10-19,X000625.SZ,0.192097179989362
2018-10-22,X000063.SZ,0.198032942493434
2018-10-23,X600519.SH,0.20653175125425
2018-10-24,X000858.SZ,0.193070033801308
2018-10-25,X000858.SZ,0.203863288831104
2018-10-26,X000858.SZ,0.198368258806473
2018-10-29,X000625.SZ,0.210075009254823
2018-10-30,X000625.SZ,0.203438187196918
2018-10-31,X000625.SZ,0.222386693238934
2018-11-01,X000625.SZ,0.214635782623531
2018-11-02,X000625.SZ,0.211437551754573
2018-11-05,X000625.SZ,0.214561270039796
2018-11-06,X000625.SZ,0.226397022509744
2018-11-07,X600276.SH,0.185995969003018
2018-11-08,X002241.SZ,0.180137677781445
2018-11-09,X002241.SZ,0.199660010380957
2018-11-12,X002241.SZ,0.209677255981459
2018-11-13,X002241.SZ,0.200893735128746
2018-11-14,X002241.SZ,0.215074289708442
2018-11-15,X002241.SZ,0.191131078106237
2018-11-16,X002241.SZ,0.216178751098854
2018-11-19,X002241.SZ,0.20789577525033
2018-11-20,X002294.SZ,0.186259568294113
2018-11-21,X000625.SZ,0.198222626433249
2018-11-22,X002241.SZ,0.214684628758407
2018-11-23,X600809.SH,0.200153507179243
2018-11-26,X000100.SZ,0.201877117987754
2018-11-27,X000100.SZ,0.209192569146886
2018-11-28,X002241.SZ,0.188384004608781
2018-11-29,X600741.SH,0.179481607989544
2018-11-30,X002294.SZ,0.19756950689025
2018-12-03,X000568.SZ,0.182310933532251
2018-12-04,X600522.SH,0.170690331223856
2018-12-05,X600276.SH,0.179786846968569
2018-12-06,X000858.SZ,0.203147463117709
2018-12-07,X600809.SH,0.215181100972574
2018-12-10,X600809.SH,0.212625052714841
2018-12-11,X600809.SH,0.20854457823718
2018-12-12,X002241.SZ,0.195303168034676
2018-12-13,X000157.SZ,0.195558741237819
2018-12-14,X000157.SZ,0.198142459650149
2018-12-17,X000157.SZ,0.189168930596843
2018-12-18,X600177.SH,0.1822944634971
2018-12-19,X600809.SH,0.179546690823488
2018-12-20,X002456.SZ,0.162448908810568
2018-12-21,X600809.SH,0.178870536637647
2018-12-24,X000100.SZ,0.189664940511964
2018-12-25,X600183.SH,0.249933686133438
2018-12-26,X600183.SH,0.258081439469277
2018-12-27,X600183.SH,0.246691684725127
2018-12-28,X002236.SZ,0.185652958365537
2019-01-02,X600809.SH,0.178978330130121
2019-01-03,X002241.SZ,0.197972047243783
2019-01-04,X600487.SH,0.201722765393513
2019-01-07,X600487.SH,0.207280975563063
2019-01-08,X002241.SZ,0.179806195166727
2019-01-09,X600487.SH,0.178443316437995
2019-01-10,X000568.SZ,0.141809345256859
2019-01-11,X000568.SZ,0.155702908043359
2019-01-14,X000858.SZ,0.154268615809537
2019-01-15,X000625.SZ,0.15251165900317
2019-01-16,X600809.SH,0.190265396382465
2019-01-17,X600809.SH,0.166089973983536
2019-01-18,X600519.SH,0.197314005819314
2019-01-21,X600809.SH,0.182918940914561
2019-01-22,X600809.SH,0.15132600884599
2019-01-23,X600809.SH,0.153421562550415
2019-01-24,X600809.SH,0.149972843547436
2019-01-25,X600809.SH,0.173351495287051
2019-01-28,X600809.SH,0.125884731875552
2019-01-29,X600519.SH,0.137932480980178
2019-01-30,X600487.SH,0.135689257551382
2019-01-31,X600519.SH,0.126634161441762
2019-02-01,X300136.SZ,0.12846702100433
2019-02-11,X600498.SH,0.137511593989595
2019-02-12,X600498.SH,0.145327824467651
2019-02-13,X600498.SH,0.162343640436793
2019-02-14,X300136.SZ,0.129931695995716
2019-02-15,X600487.SH,0.146643641101304
2019-02-18,X300136.SZ,0.137727955292205
2019-02-19,X600487.SH,0.171103212969561
2019-02-20,X002236.SZ,0.150264085241491
2019-02-21,X002236.SZ,0.151775693247378
2019-02-22,X002236.SZ,0.146580789496687
2019-02-25,X002236.SZ,0.146543615583525
2019-02-26,X600498.SH,0.143949093671365
2019-02-27,X600498.SH,0.147189107112673
2019-02-28,X300136.SZ,0.16846979120366
2019-03-01,X300136.SZ,0.157157456852418
2019-03-04,X300136.SZ,0.142245206073258
2019-03-05,X300136.SZ,0.137781650831447
2019-03-06,X002236.SZ,0.143943559063009
2019-03-07,X000858.SZ,0.18495131612619
2019-03-08,X000858.SZ,0.166078660240962
2019-03-11,X300003.SZ,0.159243747552305
2019-03-12,X000858.SZ,0.162526294304078
2019-03-13,X000858.SZ,0.163658431013827
2019-03-14,X000725.SZ,0.132796509640769
2019-03-15,X000063.SZ,0.152899568245151
2019-03-18,X000063.SZ,0.148119377388374
2019-03-19,X000063.SZ,0.15975025311384
2019-03-20,X600177.SH,0.150155928011743
2019-03-21,X600177.SH,0.148388497259441
2019-03-22,X000725.SZ,0.137066980103272
2019-03-25,X002236.SZ,0.137484998940288
2019-03-26,X600487.SH,0.153981381001927
2019-03-27,X600487.SH,0.160859551460249
2019-03-28,X600487.SH,0.154324203485763
2019-03-29,X600177.SH,0.200941631747592
2019-04-01,X600177.SH,0.207837679721475
2019-04-02,X600177.SH,0.142816778363391
2019-04-03,X600177.SH,0.191187892062056
2019-04-04,X000858.SZ,0.147408646046688
2019-04-08,X600522.SH,0.135735191417091
2019-04-09,X000725.SZ,0.15463288299381
2019-04-10,X000725.SZ,0.1600987311319
2019-04-11,X002236.SZ,0.139935707189978
2019-04-12,X002236.SZ,0.168106590300821
2019-04-15,X600271.SH,0.155305829865793
2019-04-16,X300136.SZ,0.15229699587317
2019-04-17,X600522.SH,0.147233276190657
2019-04-18,X002236.SZ,0.161722671845483
2019-04-19,X002236.SZ,0.158953237986
2019-04-22,X002236.SZ,0.155931752963382
2019-04-23,X600809.SH,0.157214539992335
2019-04-24,X000157.SZ,0.151631621579762
2019-04-25,X600522.SH,0.186967841474901
2019-04-26,X000596.SZ,0.157561800554362
2019-04-29,X002241.SZ,0.169531056243572
2019-04-30,X000063.SZ,0.164454696985503
2019-05-06,X600498.SH,0.235571835468251
2019-05-07,X600498.SH,0.231658142324127
2019-05-08,X600498.SH,0.216075554768686
2019-05-09,X600498.SH,0.234815803650675
2019-05-10,X600522.SH,0.233945999752601
2019-05-13,X600522.SH,0.25583678919341
2019-05-14,X600522.SH,0.26267431589437
2019-05-15,X600522.SH,0.250484944011671
2019-05-16,X600522.SH,0.230693111021416
2019-05-17,X600522.SH,0.235762654707462
2019-05-20,X600522.SH,0.246709402671697
2019-05-21,X600522.SH,0.250107574545048
2019-05-22,X600522.SH,0.241920169450226
2019-05-23,X600522.SH,0.244421571023321
2019-05-24,X600522.SH,0.240234559241324
2019-05-27,X600498.SH,0.254639903430755
2019-05-28,X600522.SH,0.247659921984685
2019-05-29,X600522.SH,0.236550008100435
2019-05-30,X600522.SH,0.209461007510987
2019-05-31,X600522.SH,0.22655996416871
2019-06-03,X600522.SH,0.252993115740988
2019-06-04,X600522.SH,0.226119403219788
2019-06-05,X600522.SH,0.234046768125252
2019-06-06,X600522.SH,0.245338767017049
2019-06-10,X600522.SH,0.226435725757439
2019-06-11,X300003.SZ,0.223015639125011
2019-06-12,X600522.SH,0.25393996351531
2019-06-13,X600522.SH,0.229773437927255
2019-06-14,X600522.SH,0.224792834437589
2019-06-17,X600522.SH,0.251996635451192
2019-06-18,X600522.SH,0.258070112141645
2019-06-19,X600522.SH,0.25102094683345
2019-06-20,X600522.SH,0.219498962378294
2019-06-21,X600522.SH,0.235969818044928
2019-06-24,X600522.SH,0.23534984826635
2019-06-25,X600522.SH,0.229127831372399
2019-06-26,X000568.SZ,0.223490417669285
2019-06-27,X600522.SH,0.239203063763752
2019-06-28,X600522.SH,0.235465087237098
2019-07-01,X600522.SH,0.220784232719618
2019-07-02,X600522.SH,0.262398176064998
2019-07-03,X600498.SH,0.24126225905979
2019-07-04,X600522.SH,0.211550457513678
2019-07-05,X600522.SH,0.23119805962396
2019-07-08,X600522.SH,0.227087753436339
2019-07-09,X300124.SZ,0.260206428096261
2019-07-10,X600522.SH,0.244245315876217
2019-07-11,X600522.SH,0.215527370825134
2019-07-12,X000725.SZ,0.232914427328017
2019-07-15,X000568.SZ,0.198422150740462
2019-07-16,X600522.SH,0.21706466196009
2019-07-17,X600522.SH,0.232701886766953
2019-07-18,X600522.SH,0.204894658883845
2019-07-19,X600271.SH,0.216718272682727
2019-07-22,X000568.SZ,0.239828998246459
2019-07-23,X600271.SH,0.23849609052722
2019-07-24,X600498.SH,0.239517669315535
2019-07-25,X000725.SZ,0.202508226642683
2019-07-26,X000651.SZ,0.192109435989931
2019-07-29,X600498.SH,0.195497919561408
2019-07-30,X000100.SZ,0.234593912598932
2019-07-31,X600271.SH,0.185928603047515
2019-08-01,X000063.SZ,0.19610931003908
2019-08-02,X300014.SZ,0.145737764988122
2019-08-05,X600519.SH,0.158803078576463
2019-08-06,X300014.SZ,0.144264268485624
2019-08-07,X600498.SH,0.170886690482297
2019-08-08,X600776.SH,0.120824329507479
2019-08-09,X000858.SZ,0.13510957153294
2019-08-12,X300014.SZ,0.137036597572334
2019-08-13,X002415.SZ,0.139793904405927
2019-08-14,X000100.SZ,0.129016309201863
2019-08-15,X000063.SZ,0.198030644166742
2019-08-16,X000066.SZ,0.114936100604048
2019-08-19,X000063.SZ,0.124439302002511
2019-08-20,X600271.SH,0.173005374523757
2019-08-21,X000977.SZ,0.122074657766085
2019-08-22,X600271.SH,0.122553557838196
2019-08-23,X600271.SH,0.12166197051241
2019-08-26,X000100.SZ,0.139788377900942
2019-08-27,X000100.SZ,0.148634252038659
2019-08-28,X000100.SZ,0.148690817246445
2019-08-29,X003816.SZ,0.20535
2019-08-30,X003816.SZ,0.46986
2019-09-02,X003816.SZ,0.80544
2019-09-03,X003816.SZ,0.22209
2019-09-04,X003816.SZ,0.91403
2019-09-05,X003816.SZ,0.38444
2019-09-06,X003816.SZ,0.149095108143502
2019-09-09,X003816.SZ,0.14843791101778
2019-09-10,X003816.SZ,0.148666680949972
2019-09-11,X003816.SZ,0.166279839236587
2019-09-12,X000063.SZ,0.130770801528986
2019-09-16,X000063.SZ,0.14581242655318
2019-09-17,X003816.SZ,0.144256862949008
2019-09-18,X000063.SZ,0.13786668038063
2019-09-19,X600031.SH,0.138503611860401
2019-09-20,X600031.SH,0.147058493360457
2019-09-23,X002236.SZ,0.13374531698649
2019-09-24,X002463.SZ,0.119715966187507
2019-09-25,X000063.SZ,0.135870268879053
2019-09-26,X600498.SH,0.140141175548153
2019-09-27,X000063.SZ,0.120743325886135
2019-09-30,X000100.SZ,0.117663557279609
2019-10-08,X000100.SZ,0.131206418722398
2019-10-09,X002456.SZ,0.128001638336753
2019-10-10,X600271.SH,0.130909660601023
2019-10-11,X002241.SZ,0.154913089613327
2019-10-14,X002241.SZ,0.140141961724062
2019-10-15,X002456.SZ,0.137160612399481
2019-10-16,X000725.SZ,0.16242195249518
2019-10-17,X003816.SZ,0.207068695501489
2019-10-18,X002129.SZ,0.126046486981497
2019-10-21,X000858.SZ,0.133991900627247
2019-10-22,X000858.SZ,0.135291050900528
2019-10-23,X002456.SZ,0.140921673309416
2019-10-24,X002456.SZ,0.136869682806212
2019-10-25,X003816.SZ,0.129892937925565
2019-10-28,X600809.SH,0.124778666376847
2019-10-29,X000066.SZ,0.155912218855598
2019-10-30,X002456.SZ,0.157749012952369
2019-10-31,X002456.SZ,0.162928222011763
2019-11-01,X000858.SZ,0.111404841857942
2019-11-04,X000858.SZ,0.138485991899267
2019-11-05,X000725.SZ,0.152515455546879
2019-11-06,X600809.SH,0.137602603147647
2019-11-07,X000858.SZ,0.125806212974662
2019-11-08,X600867.SH,0.141812303327503
2019-11-11,X002371.SZ,0.15833227368414
2019-11-12,X002371.SZ,0.163223477933692
2019-11-13,X002456.SZ,0.142091391545049
2019-11-14,X002456.SZ,0.152415647678695
2019-11-15,X002456.SZ,0.144944473691553
2019-11-18,X000100.SZ,0.147900090348813
2019-11-19,X002456.SZ,0.137314432821826
2019-11-20,X002456.SZ,0.125149379411657
2019-11-21,X000725.SZ,0.130054901914951
2019-11-22,X600584.SH,0.126375147133784
2019-11-25,X600809.SH,0.152385760750881
2019-11-26,X600584.SH,0.136506135528062
2019-11-27,X002371.SZ,0.118151271632157
2019-11-28,X002008.SZ,0.12774175047847
2019-11-29,X600276.SH,0.119445155500429
2019-12-02,X000977.SZ,0.119009125399763
2019-12-03,X600498.SH,0.169996782034019
2019-12-04,X000725.SZ,0.12153977001101
2019-12-05,X000725.SZ,0.12789527140963
2019-12-06,X000725.SZ,0.111873084776345
2019-12-09,X002049.SZ,0.129013246718533
2019-12-10,X600809.SH,0.139865256964923
2019-12-11,X600809.SH,0.140562025822208
2019-12-12,X600809.SH,0.136127867800271
2019-12-13,X600809.SH,0.141455811672087
2019-12-16,X600809.SH,0.130219120056762
2019-12-17,X600271.SH,0.154011902599254
2019-12-18,X600487.SH,0.126970525424201
2019-12-19,X000858.SZ,0.118699972369924
2019-12-20,X002456.SZ,0.144843875775002
2019-12-23,X002456.SZ,0.139797845877409
2019-12-24,X002456.SZ,0.122274039671256
2019-12-25,X002456.SZ,0.127918457014198
2019-12-26,X600271.SH,0.139986043432439
2019-12-27,X000725.SZ,0.163177662159193
2019-12-30,X000725.SZ,0.120670114429126
2019-12-31,X600487.SH,0.161922591767119
2020-01-02,X002456.SZ,0.138064388742288
2020-01-03,X000725.SZ,0.147637204690742
2020-01-06,X000725.SZ,0.157208558809882
2020-01-07,X000725.SZ,0.156682519104402
2020-01-08,X002456.SZ,0.113003053400637
2020-01-09,X000050.SZ,0.105897146194338
2020-01-10,X000977.SZ,0.110420724312134
2020-01-13,X600487.SH,0.119483883673151
2020-01-14,X000066.SZ,0.107314544865026
2020-01-15,X000725.SZ,0.129192795458207
2020-01-16,X000725.SZ,0.129161095945444
2020-01-17,X000725.SZ,0.129793725119348
2020-01-20,X000050.SZ,0.119451018279476
2020-01-21,X000725.SZ,0.126461603775297
2020-01-22,X002241.SZ,0.128294669022845
2020-01-23,X600271.SH,0.151221711218995
2020-02-03,X000858.SZ,0.209791709441973
2020-02-04,X000858.SZ,0.235505087433409
2020-02-05,X600271.SH,0.235432022389014
2020-02-06,X600271.SH,0.206202836006681
2020-02-07,X300136.SZ,0.214962359426746
2020-02-10,X000858.SZ,0.188388460778172
2020-02-11,X600271.SH,0.208222567182695
2020-02-12,X000157.SZ,0.195475420221209
2020-02-13,X002180.SZ,0.190314632501833
2020-02-14,X600703.SH,0.213578480270208
2020-02-17,X600271.SH,0.2006236375661
2020-02-18,X600703.SH,0.232455043307008
2020-02-19,X600271.SH,0.218956700506616
2020-02-20,X002415.SZ,0.223582033393208
2020-02-21,X600703.SH,0.223130528568565
2020-02-24,X600703.SH,0.230789388293397
2020-02-25,X000157.SZ,0.200973200465478
2020-02-26,X000157.SZ,0.195172992216731
2020-02-27,X002129.SZ,0.232410653779878
2020-02-28,X002180.SZ,0.279667472907942
2020-03-02,X002180.SZ,0.250749841911392
2020-03-03,X002049.SZ,0.256863778626261
2020-03-04,X002241.SZ,0.277299405131549
2020-03-05,X002241.SZ,0.280921211745033
2020-03-06,X002241.SZ,0.267181559432792
2020-03-09,X600177.SH,0.266570676825049
2020-03-10,X000725.SZ,0.294319903463102
2020-03-11,X600703.SH,0.322844586636142
2020-03-12,X000651.SZ,0.261071794627869
2020-03-13,X002236.SZ,0.261681452818692
2020-03-16,X002129.SZ,0.354878510040958
2020-03-17,X002241.SZ,0.298489570564207
2020-03-18,X000100.SZ,0.302185167275
2020-03-19,X000100.SZ,0.393759661911209
2020-03-20,X000100.SZ,0.286253090764045
2020-03-23,X600703.SH,0.282382171070068
2020-03-24,X000100.SZ,0.352701218301938
2020-03-25,X002129.SZ,0.292796107261932
2020-03-26,X002415.SZ,0.294661002132307
2020-03-27,X002456.SZ,0.28910496047426
2020-03-30,X000100.SZ,0.309640092635425
2020-03-31,X002456.SZ,0.341805952066332
2020-04-01,X300136.SZ,0.356335370167283
2020-04-02,X300136.SZ,0.362571945057283
2020-04-03,X300136.SZ,0.351796166525447
2020-04-07,X300136.SZ,0.367450331869698
2020-04-08,X002456.SZ,0.368607073292472
2020-04-09,X000100.SZ,0.334337315922852
2020-04-10,X002180.SZ,0.27750574233197
2020-04-13,X600690.SH,0.280835155685946
2020-04-14,X300136.SZ,0.304604986592607
2020-04-15,X000100.SZ,0.369122884195848
2020-04-16,X000100.SZ,0.327044795506472
2020-04-17,X000100.SZ,0.324282125287231
2020-04-20,X002304.SZ,0.405979739675946
2020-04-21,X300136.SZ,0.311832793566559
2020-04-22,X600741.SH,0.292123534647051
2020-04-23,X600741.SH,0.310092317599834
2020-04-24,X000100.SZ,0.315767428862733
2020-04-27,X300136.SZ,0.320317061315254
2020-04-28,X002475.SZ,0.289366822469845
2020-04-29,X002475.SZ,0.301803018807989
2020-04-30,X002475.SZ,0.3394717929037
2020-05-06,X000100.SZ,0.30972957526289
2020-05-07,X000100.SZ,0.303084323594565
2020-05-08,X000100.SZ,0.312573220521117
2020-05-11,X000100.SZ,0.283350501594016
2020-05-12,X000100.SZ,0.301706669945455
2020-05-13,X000100.SZ,0.292288105077419
2020-05-14,X002463.SZ,0.300544729364726
2020-05-15,X000100.SZ,0.286918899864282
2020-05-18,X002475.SZ,0.28760347926384
2020-05-19,X002008.SZ,0.316723390068995
2020-05-20,X002475.SZ,0.304731936294038
2020-05-21,X002475.SZ,0.293793984339767
2020-05-22,X600584.SH,0.318528134639515
2020-05-25,X002241.SZ,0.342795362070168
2020-05-26,X002241.SZ,0.334284720071545
2020-05-27,X600584.SH,0.290915573563373
2020-05-28,X600584.SH,0.301180704924324
2020-05-29,X600584.SH,0.272967392585317
2020-06-01,X600584.SH,0.270401420493725
2020-06-02,X000100.SZ,0.304391583909571
2020-06-03,X000100.SZ,0.263859656314884
2020-06-04,X000100.SZ,0.299440240394258
2020-06-05,X002008.SZ,0.262890906415571
2020-06-08,X002008.SZ,0.263128392860549
2020-06-09,X002456.SZ,0.294734339549407
2020-06-10,X002456.SZ,0.284925471224056
2020-06-11,X002456.SZ,0.270253460174913
2020-06-12,X000100.SZ,0.233651289433196
2020-06-15,X000338.SZ,0.230170023801455
2020-06-16,X002463.SZ,0.221938248236983
2020-06-17,X300014.SZ,0.19783652807754
2020-06-18,X000100.SZ,0.216542040289382
2020-06-19,X300136.SZ,0.206398141957884
2020-06-22,X002456.SZ,0.238605226376932
2020-06-23,X002456.SZ,0.177682577796575
2020-06-24,X300136.SZ,0.204322338906777
2020-06-29,X002456.SZ,0.185314863593361
2020-06-30,X002456.SZ,0.194773179534557
2020-07-01,X002456.SZ,0.192868125100607
2020-07-02,X002456.SZ,0.202857941495135
2020-07-03,X300136.SZ,0.16702873282463
2020-07-06,X300136.SZ,0.186410251558665
2020-07-07,X600183.SH,0.180186301543058
2020-07-08,X300136.SZ,0.166229859089289
2020-07-09,X002463.SZ,0.177555167221775
2020-07-10,X300136.SZ,0.188037496656081
2020-07-13,X002463.SZ,0.191573764856379
2020-07-14,X300136.SZ,0.178021569873395
2020-07-15,X600183.SH,0.189124766078862
2020-07-16,X002463.SZ,0.218194288252383
2020-07-17,X600183.SH,0.195395260816357
2020-07-20,X600519.SH,0.197350820850721
2020-07-21,X600183.SH,0.193728681236143
2020-07-22,X600183.SH,0.205496897302804
2020-07-23,X002456.SZ,0.191426963568253
2020-07-24,X002456.SZ,0.216664088027303
2020-07-27,X002456.SZ,0.238331062090489
2020-07-28,X600519.SH,0.217828974482818
2020-07-29,X600519.SH,0.222860535927915
2020-07-30,X000651.SZ,0.219370106719582
2020-07-31,X600519.SH,0.228625503149107
2020-08-03,X000568.SZ,0.251038092871684
2020-08-04,X300136.SZ,0.198635045033742
2020-08-05,X000568.SZ,0.235300611691483
2020-08-06,X600690.SH,0.201328479441321
2020-08-07,X002475.SZ,0.21693299447759
2020-08-10,X600519.SH,0.214749686129664
2020-08-11,X002475.SZ,0.20965732289345
2020-08-12,X000568.SZ,0.257225634882008
2020-08-13,X002475.SZ,0.215446556409588
2020-08-14,X002475.SZ,0.224042188300011
2020-08-17,X000568.SZ,0.254789381852894
2020-08-18,X002475.SZ,0.222345445122731
2020-08-19,X002475.SZ,0.236193100822898
2020-08-20,X002475.SZ,0.254464994891179
2020-08-21,X600741.SH,0.224635969720401
2020-08-24,X000568.SZ,0.24200873928311
2020-08-25,X600741.SH,0.229249251549101
2020-08-26,X600703.SH,0.230392157567291
2020-08-27,X000568.SZ,0.226952855074209
2020-08-28,X002241.SZ,0.215369507907364
2020-08-31,X000568.SZ,0.203456375142715
2020-09-01,X002475.SZ,0.21271272524849
2020-09-02,X002475.SZ,0.258325682027023
2020-09-03,X002241.SZ,0.196202028905477
2020-09-04,X002241.SZ,0.187770329326056
2020-09-07,X002304.SZ,0.236201440859212
2020-09-08,X600519.SH,0.224879185446577
2020-09-09,X600519.SH,0.222181101830038
2020-09-10,X600519.SH,0.238558706932014
2020-09-11,X600519.SH,0.238476913801418
2020-09-14,X002241.SZ,0.19720151394092
2020-09-15,X000858.SZ,0.205468572423826
2020-09-16,X002129.SZ,0.196855117575677
2020-09-17,X600276.SH,0.198838899993077
2020-09-18,X002475.SZ,0.217263225760809
2020-09-21,X600519.SH,0.185938481854051
2020-09-22,X000063.SZ,0.213323865960222
2020-09-23,X002129.SZ,0.200215891885367
2020-09-24,X002129.SZ,0.201082935865071
2020-09-25,X002475.SZ,0.232259322841183
2020-09-28,X002475.SZ,0.236807720240515
2020-09-29,X002129.SZ,0.211178156767529
2020-09-30,X002456.SZ,0.214473131048431
2020-10-09,X002456.SZ,0.225818057085757
2020-10-12,X002456.SZ,0.216182182065379
2020-10-13,X600741.SH,0.201396969226175
2020-10-14,X002475.SZ,0.213264599289649
2020-10-15,X002475.SZ,0.199416518630457
2020-10-16,X600276.SH,0.188538640456529
2020-10-19,X600276.SH,0.204085913676752
2020-10-20,X600741.SH,0.213613154713305
2020-10-21,X601877.SH,0.161694374949861
2020-10-22,X000066.SZ,0.17139931081985
2020-10-23,X000157.SZ,0.173713556715682
2020-10-26,X002185.SZ,0.166327747192015
2020-10-27,X002179.SZ,0.164179845210167
2020-10-28,X002185.SZ,0.204446334332946
2020-10-29,X002185.SZ,0.124277330164204
2020-10-30,X000157.SZ,0.160487901098104
2020-11-02,X000157.SZ,0.141324844054788
2020-11-03,X300014.SZ,0.171846468600815
2020-11-04,X000157.SZ,0.160608716377578
2020-11-05,X002179.SZ,0.142397927474884
2020-11-06,X000100.SZ,0.136835813546535
2020-11-09,X000100.SZ,0.134383526296593
2020-11-10,X000157.SZ,0.153230192234489
2020-11-11,X002371.SZ,0.143692570139073
2020-11-12,X000157.SZ,0.141452663102116
2020-11-13,X000157.SZ,0.142654247908076
2020-11-16,X000100.SZ,0.139287311245022
2020-11-17,X002371.SZ,0.130444524028105
2020-11-18,X002371.SZ,0.133906458222425
2020-11-19,X600703.SH,0.149585787802906
2020-11-20,X600703.SH,0.161731819067468
2020-11-23,X600703.SH,0.163680263085481
2020-11-24,X000100.SZ,0.140494451446093
2020-11-25,X601799.SH,0.128467206820732
2020-11-26,X000568.SZ,0.157620395054548
2020-11-27,X002371.SZ,0.124410383713658
2020-11-30,X002179.SZ,0.133016180837603
2020-12-01,X601799.SH,0.17160230193268
2020-12-02,X000100.SZ,0.133293551476736
2020-12-03,X600584.SH,0.139694905850975
2020-12-04,X002007.SZ,0.169550967698109
2020-12-07,X002185.SZ,0.147326735595347
2020-12-08,X601799.SH,0.154356572508822
2020-12-09,X002236.SZ,0.134994008330567
2020-12-10,X601799.SH,0.161802464444866
2020-12-11,X000799.SZ,0.140339283053115
2020-12-14,X002475.SZ,0.137742803088202
2020-12-15,X002456.SZ,0.126718021960534
2020-12-16,X000157.SZ,0.137570988638048
2020-12-17,X002304.SZ,0.128131760196237
2020-12-18,X600276.SH,0.124169289323958
2020-12-21,X002371.SZ,0.125760497134941
2020-12-22,X600104.SH,0.189315807663237
2020-12-23,X600104.SH,0.207085742332104
2020-12-24,X600276.SH,0.131753746448188
2020-12-25,X002185.SZ,0.132295813641418
2020-12-28,X003816.SZ,0.150589120246998
2020-12-29,X000799.SZ,0.14607516622262
2020-12-30,X000596.SZ,0.128214025740008
2020-12-31,X000800.SZ,0.138322001870904
2021-01-04,X000800.SZ,0.118073158407827
2021-01-05,X000799.SZ,0.130599480860909
2021-01-06,X600690.SH,0.129804088524628
2021-01-07,X000799.SZ,0.14951219826038
2021-01-08,X000858.SZ,0.194991843302173
2021-01-11,X000858.SZ,0.141954793767924
2021-01-12,X000858.SZ,0.14436297739629
2021-01-13,X000858.SZ,0.135168926165997
2021-01-14,X000858.SZ,0.201953124094623
2021-01-15,X000858.SZ,0.17627811231219
2021-01-18,X000858.SZ,0.167002643775873
2021-01-19,X000858.SZ,0.168290958328245
2021-01-20,X600089.SH,0.161654622906659
2021-01-21,X000858.SZ,0.185655307174602
2021-01-22,X000858.SZ,0.157016348762914
2021-01-25,X600089.SH,0.172764223985086
2021-01-26,X600089.SH,0.182039471450929
2021-01-27,X600089.SH,0.190093870166639
2021-01-28,X000547.SZ,0.156185784357998
2021-01-29,X000568.SZ,0.185553683137011
2021-02-01,X000568.SZ,0.173552337711331
2021-02-02,X000568.SZ,0.179651898570255
2021-02-03,X000568.SZ,0.174905440989584
2021-02-04,X000661.SZ,0.173916983132025
2021-02-05,X000661.SZ,0.16191002922987
2021-02-08,X600276.SH,0.168634603581994
2021-02-09,X000661.SZ,0.157930843973499
2021-02-10,X600031.SH,0.1613940839933
2021-02-18,X600031.SH,0.159046056232137
2021-02-19,X000596.SZ,0.145578557228586
2021-02-22,X000568.SZ,0.179135536354528
2021-02-23,X002129.SZ,0.190222139459213
2021-02-24,X000858.SZ,0.188987099966161
2021-02-25,X002129.SZ,0.205961498307123
2021-02-26,X002129.SZ,0.195794038475409
2021-03-01,X000858.SZ,0.258929881188746
2021-03-02,X600690.SH,0.158357915258426
2021-03-03,X000858.SZ,0.181409302065353
2021-03-04,X600690.SH,0.175721521330689
2021-03-05,X002008.SZ,0.182630465734813
2021-03-08,X000568.SZ,0.187310312042391
2021-03-09,X600703.SH,0.190114098748983
2021-03-10,X002179.SZ,0.214430377182427
2021-03-11,X000858.SZ,0.271339925006589
2021-03-12,X000338.SZ,0.20136308068288
2021-03-15,X000858.SZ,0.188143394736597
2021-03-16,X000858.SZ,0.20330554307577
2021-03-17,X000858.SZ,0.231775413778125
2021-03-18,X000858.SZ,0.213409025675852
2021-03-19,X000858.SZ,0.222717644633084
2021-03-22,X000858.SZ,0.229544236149411
2021-03-23,X000858.SZ,0.232339282438625
2021-03-24,X000858.SZ,0.272795336717556
2021-03-25,X000858.SZ,0.253303302386068
2021-03-26,X000858.SZ,0.274040725975469
2021-03-29,X000858.SZ,0.234383022284589
2021-03-30,X000858.SZ,0.189648304253537
2021-03-31,X002179.SZ,0.200841700098254
2021-04-01,X000858.SZ,0.202444788006953
2021-04-02,X000858.SZ,0.226205772658501
2021-04-06,X000858.SZ,0.217806720292542
2021-04-07,X000858.SZ,0.231158591937136
2021-04-08,X000858.SZ,0.238461244345589
2021-04-09,X000858.SZ,0.225463835981159
2021-04-12,X600276.SH,0.182051530956129
2021-04-13,X600809.SH,0.203354091867762
2021-04-14,X000858.SZ,0.241022449799215
2021-04-15,X000858.SZ,0.181379114541958
2021-04-16,X000858.SZ,0.184995367915501
2021-04-19,X600779.SH,0.188862721425573
2021-04-20,X002414.SZ,0.196522879580883
2021-04-21,X600809.SH,0.208675301684216
2021-04-22,X600703.SH,0.204696714974781
2021-04-23,X600809.SH,0.19661528452248
2021-04-26,X600809.SH,0.202115602725749
2021-04-27,X600703.SH,0.211074700266033
2021-04-28,X000568.SZ,0.192922499746944
2021-04-29,X600809.SH,0.183539858024827
2021-04-30,X600702.SH,0.44049
2021-05-06,X000568.SZ,0.204965483080709
2021-05-07,X000858.SZ,0.203244658285072
2021-05-10,X000858.SZ,0.223596074690143
2021-05-11,X000858.SZ,0.285691304603772
2021-05-12,X600779.SH,0.257696338638868
2021-05-13,X600779.SH,0.254394778551246
2021-05-14,X600779.SH,0.253494630145133
2021-05-17,X000858.SZ,0.229668910509002
2021-05-18,X600779.SH,0.258668662318369
2021-05-19,X000858.SZ,0.194953153222893
2021-05-20,X000568.SZ,0.185275961864037
2021-05-21,X600702.SH,0.268898557559917
2021-05-24,X600809.SH,0.199913417279184
2021-05-25,X000858.SZ,0.231898949920294
2021-05-26,X000858.SZ,0.153450253737498
2021-05-27,X002007.SZ,0.185796747377478
2021-05-28,X002007.SZ,0.16664729602558
2021-05-31,X002415.SZ,0.187223561243864
2021-06-01,X002415.SZ,0.176690235451867
2021-06-02,X002007.SZ,0.162864262441904
2021-06-03,X000063.SZ,0.161814249081236
2021-06-04,X000858.SZ,0.173754139344794
2021-06-07,X000858.SZ,0.177894431613056
2021-06-08,X000858.SZ,0.177937627075445
2021-06-09,X002415.SZ,0.168196180118977
2021-06-10,X000063.SZ,0.133196769459454
2021-06-11,X000063.SZ,0.147920256183105
2021-06-15,X002007.SZ,0.13333657142445
2021-06-16,X002074.SZ,0.138679808564144
2021-06-17,X002074.SZ,0.14123240932175
2021-06-18,X300146.SZ,0.160324884008072
2021-06-21,X002007.SZ,0.134684634668841
2021-06-22,X300146.SZ,0.127691687926338
2021-06-23,X002007.SZ,0.126338756191012
2021-06-24,X600703.SH,0.129874112979756
2021-06-25,X600703.SH,0.128507823523737
2021-06-28,X002415.SZ,0.115524190029517
2021-06-29,X000858.SZ,0.132917566420912
2021-06-30,X000858.SZ,0.134393149219819
2021-07-01,X600584.SH,0.122404368652741
2021-07-02,X000858.SZ,0.151003997160817
2021-07-05,X000858.SZ,0.124978401176279
2021-07-06,X000858.SZ,0.131957267138328
2021-07-07,X000858.SZ,0.133825310176763
2021-07-08,X600703.SH,0.131036559317695
2021-07-09,X600703.SH,0.138104271036159
2021-07-12,X002415.SZ,0.124040901081816
2021-07-13,X000799.SZ,0.136358110931395
2021-07-14,X002236.SZ,0.131665697657506
2021-07-15,X000858.SZ,0.124691315164246
2021-07-16,X002414.SZ,0.123767302049314
2021-07-19,X000800.SZ,0.127227847148666
2021-07-20,X000858.SZ,0.122035576797478
2021-07-21,X000800.SZ,0.121299419285352
2021-07-22,X600183.SH,0.126455974675803
2021-07-23,X002414.SZ,0.123289747232524
2021-07-26,X600519.SH,0.144658545996366
2021-07-27,X600809.SH,0.13635949999181
2021-07-28,X000858.SZ,0.156731811811913
2021-07-29,X002414.SZ,0.126951684835491
2021-07-30,X600519.SH,0.149703725213575
2021-08-02,X600519.SH,0.153113307925127
2021-08-03,X600519.SH,0.156901867472721
2021-08-04,X002415.SZ,0.158531002692947
2021-08-05,X000858.SZ,0.151765592494206
2021-08-06,X000858.SZ,0.170838834599513
2021-08-09,X600884.SH,0.135220675229845
2021-08-10,X002415.SZ,0.162789338864133
2021-08-11,X002415.SZ,0.154841334322816
2021-08-12,X002415.SZ,0.146651033052298
2021-08-13,X000568.SZ,0.139610147608575
2021-08-16,X000568.SZ,0.173242838234314
2021-08-17,X000568.SZ,0.193644790755999
2021-08-18,X000568.SZ,0.173698860456754
2021-08-19,X000568.SZ,0.189237459178287
2021-08-20,X000858.SZ,0.195866126967405
2021-08-23,X000568.SZ,0.160000956614519
2021-08-24,X002415.SZ,0.14476501608722
2021-08-25,X000568.SZ,0.166658215380687
2021-08-26,X600519.SH,0.201697258756173
2021-08-27,X600519.SH,0.197725451133058
2021-08-30,X003816.SZ,0.38272
2021-08-31,X300003.SZ,0.218782037455069
2021-09-01,X000568.SZ,0.149630155396318
2021-09-02,X002415.SZ,0.165178176914517
2021-09-03,X000858.SZ,0.168129354697287
2021-09-06,X600519.SH,0.143128766559476
2021-09-07,X000799.SZ,0.160930062103696
2021-09-08,X000799.SZ,0.165675432185279
2021-09-09,X000799.SZ,0.176922356568319
2021-09-10,X300003.SZ,0.177072791012581
2021-09-13,X300014.SZ,0.184277093028984
2021-09-14,X300014.SZ,0.183531407103247
2021-09-15,X300014.SZ,0.19267064141504
2021-09-16,X000858.SZ,0.248119945500971
2021-09-17,X000568.SZ,0.172366284674206
2021-09-22,X000568.SZ,0.163588095173948
2021-09-23,X000799.SZ,0.178374699742372
2021-09-24,X000568.SZ,0.165691262894547
2021-09-27,X000858.SZ,0.174101371961116
2021-09-28,X000858.SZ,0.182116697496189
2021-09-29,X600519.SH,0.178482634030107
2021-09-30,X600519.SH,0.200004033084202
2021-10-08,X000858.SZ,0.170665479760974
2021-10-11,X002304.SZ,0.155686656489463
2021-10-12,X000799.SZ,0.163448779144065
2021-10-13,X000799.SZ,0.181129122159388
2021-10-14,X000858.SZ,0.166910540941214
2021-10-15,X000799.SZ,0.173119729147909
2021-10-18,X000858.SZ,0.177548986530681
2021-10-19,X000568.SZ,0.181826503878708
2021-10-20,X600519.SH,0.173657585246288
2021-10-21,X002129.SZ,0.211562795873438
2021-10-22,X600779.SH,0.220128631835633
2021-10-25,X600779.SH,0.24755278450082
2021-10-26,X600779.SH,0.239458682316058
2021-10-27,X600779.SH,0.222040215601029
2021-10-28,X600779.SH,0.214178053340026
2021-10-29,X600779.SH,0.211435420749751
2021-11-01,X600779.SH,0.192703919756557
2021-11-02,X000568.SZ,0.191259387114514
2021-11-03,X000568.SZ,0.185397606973433
2021-11-04,X000568.SZ,0.194718993149537
2021-11-05,X600702.SH,0.176928978901284
2021-11-08,X600702.SH,0.171824036724112
2021-11-09,X000568.SZ,0.157973283779883
2021-11-10,X600702.SH,0.142082972950237
2021-11-11,X600519.SH,0.166397521048855
2021-11-12,X600519.SH,0.136508888580467
2021-11-15,X600519.SH,0.182990670992229
2021-11-16,X600519.SH,0.192491238032848
2021-11-17,X600779.SH,0.140943943036251
2021-11-18,X000799.SZ,0.130434366662055
2021-11-19,X002179.SZ,0.135680126351292
2021-11-22,X000799.SZ,0.149618722022525
2021-11-23,X000799.SZ,0.116073310734249
2021-11-24,X000799.SZ,0.136983942974892
2021-11-25,X000625.SZ,0.1535981596599
2021-11-26,X002179.SZ,0.127920464498864
2021-11-29,X600519.SH,0.122460354566434
2021-11-30,X000858.SZ,0.147013861840889
2021-12-01,X600779.SH,0.152966426059122
2021-12-02,X600460.SH,0.132693936341543
2021-12-03,X600779.SH,0.132316232181849
2021-12-06,X002179.SZ,0.122074983405314
2021-12-07,X000799.SZ,0.128774173655121
2021-12-08,X600563.SH,0.135641063759018
2021-12-09,X002008.SZ,0.126759751113637
2021-12-10,X000977.SZ,0.116283937502072
2021-12-13,X000858.SZ,0.131258458333612
2021-12-14,X002008.SZ,0.122065045505062
2021-12-15,X000858.SZ,0.117559567345143
2021-12-16,X000977.SZ,0.114516630438924
2021-12-17,X002074.SZ,0.128695233943841
2021-12-20,X002008.SZ,0.125545851712352
2021-12-21,X600779.SH,0.13363656122152
2021-12-22,X000858.SZ,0.12581403940382
2021-12-23,X002008.SZ,0.125760412795701
2021-12-24,X002074.SZ,0.110857709094386
2021-12-27,X000625.SZ,0.141282438326973
2021-12-28,X000625.SZ,0.126282318620395
2021-12-29,X000625.SZ,0.151370855353856
2021-12-30,X600779.SH,0.121770561965665
2021-12-31,X600460.SH,0.105183396524132
2022-01-04,X000858.SZ,0.112947486616301
2022-01-05,X000651.SZ,0.104670694545403
2022-01-06,X600519.SH,0.118976395965455
2022-01-07,X000596.SZ,0.112820359636513
2022-01-10,X000596.SZ,0.120860720102368
2022-01-11,X600519.SH,0.123031399153599
2022-01-12,X000651.SZ,0.101921084152824
2022-01-13,X601799.SH,0.1233779355714
2022-01-14,X600460.SH,0.133250714304752
2022-01-17,X601799.SH,0.119221144678771
2022-01-18,X601877.SH,0.132299792584128
2022-01-19,X000858.SZ,0.107366511125634
2022-01-20,X002241.SZ,0.135189696328804
2022-01-21,X000858.SZ,0.133631086895075
2022-01-24,X600460.SH,0.107199630120998
2022-01-25,X002241.SZ,0.135682795874708
2022-01-26,X600779.SH,0.142476791798823
2022-01-27,X002241.SZ,0.110188806556933
2022-01-28,X600089.SH,0.114869855482595
2022-02-07,X002074.SZ,0.0984708701746627
2022-02-08,X000596.SZ,0.137459856293263
2022-02-09,X002129.SZ,0.118604005869465
2022-02-10,X002241.SZ,0.115302671500878
2022-02-11,X002074.SZ,0.127178411684643
2022-02-14,X000596.SZ,0.13591252444057
2022-02-15,X002179.SZ,0.135751513470521
2022-02-16,X002179.SZ,0.135961490614729
2022-02-17,X002371.SZ,0.134105357142256
2022-02-18,X600779.SH,0.116611788656356
2022-02-21,X002179.SZ,0.14744323047662
2022-02-22,X002179.SZ,0.132929141029966
2022-02-23,X002179.SZ,0.112335265462323
2022-02-24,X000858.SZ,0.127813873701673
2022-02-25,X002074.SZ,0.129531210948447
2022-02-28,X600519.SH,0.118696907080565
2022-03-01,X000858.SZ,0.146580646409719
2022-03-02,X000858.SZ,0.148647123828096
2022-03-03,X002074.SZ,0.137116898623094
2022-03-04,X002074.SZ,0.11228207085145
2022-03-07,X002074.SZ,0.13721387566381
2022-03-08,X000568.SZ,0.131786126289229
2022-03-09,X000858.SZ,0.138415073752447
2022-03-10,X600089.SH,0.157086885915531
2022-03-11,X000858.SZ,0.139781791309559
2022-03-14,X601799.SH,0.145229903933731
2022-03-15,X002008.SZ,0.188120998467387
2022-03-16,X002008.SZ,0.185894892430738
2022-03-17,X002180.SZ,0.15413906427301
2022-03-18,X600089.SH,0.165420743704742
2022-03-21,X000063.SZ,0.150628249950953
2022-03-22,X002304.SZ,0.158017861621701
2022-03-23,X002414.SZ,0.150955122884085
2022-03-24,X600702.SH,0.140481712411635
2022-03-25,X000568.SZ,0.167906704885181
2022-03-28,X002414.SZ,0.183900401047403
2022-03-29,X002414.SZ,0.165928995346471
2022-03-30,X000568.SZ,0.165292379899644
2022-03-31,X002414.SZ,0.161026425497981
2022-04-01,X000568.SZ,0.171430210785963
2022-04-06,X002414.SZ,0.159344282993175
2022-04-07,X002414.SZ,0.170703067996307
2022-04-08,X600690.SH,0.152601810332733
2022-04-11,X002236.SZ,0.156940937306724
2022-04-12,X002414.SZ,0.158173312966729
2022-04-13,X000100.SZ,0.174833304010511
2022-04-14,X000625.SZ,0.171197803938404
2022-04-15,X002414.SZ,0.158200714299801
2022-04-18,X600741.SH,0.155016011962954
2022-04-19,X000625.SZ,0.168557182771256
2022-04-20,X000625.SZ,0.152473515547298
2022-04-21,X002432.SZ,0.24823
2022-04-22,X002414.SZ,0.172758542892732
2022-04-25,X600584.SH,0.193026241378964
2022-04-26,X600584.SH,0.201056552656068
2022-04-27,X002414.SZ,0.2310024684133
2022-04-28,X000858.SZ,0.186446429998889
2022-04-29,X600584.SH,0.203249994168567
2022-05-05,X600584.SH,0.201341468110628
2022-05-06,X600884.SH,0.201638541898344
2022-05-09,X600584.SH,0.189757128159739
2022-05-10,X600584.SH,0.189016234528542
2022-05-11,X600519.SH,0.183855480773657
2022-05-12,X600584.SH,0.188400448870602
2022-05-13,X600031.SH,0.197272608715596
2022-05-16,X000800.SZ,0.190034371251166
2022-05-17,X600584.SH,0.183981378432922
2022-05-18,X600584.SH,0.197753067738847
2022-05-19,X600584.SH,0.206644065204564
2022-05-20,X600584.SH,0.213500082114729
2022-05-23,X002414.SZ,0.211036432867991
2022-05-24,X002414.SZ,0.201999731518602
2022-05-25,X600183.SH,0.202805165027969
2022-05-26,X000338.SZ,0.207314957394497
2022-05-27,X600563.SH,0.229913117846577
2022-05-30,X000800.SZ,0.183397344727912
2022-05-31,X600183.SH,0.210537946996679
2022-06-01,X600584.SH,0.209837634523643
2022-06-02,X000725.SZ,0.197663878716322
2022-06-06,X600884.SH,0.244786403732316
2022-06-07,X600584.SH,0.203406646132183
2022-06-08,X600884.SH,0.240483494289879
2022-06-09,X600884.SH,0.225000644494228
2022-06-10,X002074.SZ,0.204174881857709
2022-06-13,X000725.SZ,0.211098000631743
2022-06-14,X600584.SH,0.197569693078323
2022-06-15,X000651.SZ,0.204973546854782
2022-06-16,X600584.SH,0.206988338074218
2022-06-17,X600584.SH,0.216573325044655
2022-06-20,X002129.SZ,0.192190040104303
2022-06-21,X000338.SZ,0.187379062301256
2022-06-22,X600584.SH,0.173840171121168
2022-06-23,X600702.SH,0.167461802613808
2022-06-24,X600884.SH,0.196865642997608
2022-06-27,X600584.SH,0.178380712527569
2022-06-28,X600884.SH,0.23024292561133
2022-06-29,X600702.SH,0.210630624367359
2022-06-30,X600584.SH,0.210104278047052
2022-07-01,X600584.SH,0.210160488148116
2022-07-04,X000063.SZ,0.233015062203427
2022-07-05,X600884.SH,0.193823179201932
2022-07-06,X600584.SH,0.20287533215565
2022-07-07,X002180.SZ,0.212165358150466
2022-07-08,X600884.SH,0.204587543067419
2022-07-11,X300014.SZ,0.19335770197198
2022-07-12,X300014.SZ,0.189639740919295
2022-07-13,X300014.SZ,0.200825023661216
2022-07-14,X300014.SZ,0.200070279750803
2022-07-15,X300014.SZ,0.195918474072172
2022-07-18,X600702.SH,0.187569427150123
2022-07-19,X300014.SZ,0.205081733864994
2022-07-20,X300014.SZ,0.201428920746011
2022-07-21,X000338.SZ,0.194876705526455
2022-07-22,X000157.SZ,0.214233389721671
2022-07-25,X600702.SH,0.194927587768513
2022-07-26,X600702.SH,0.189764106702872
2022-07-27,X600884.SH,0.179459597948126
2022-07-28,X002176.SZ,0.173983157126281
2022-07-29,X000338.SZ,0.158763805525677
2022-08-01,X000338.SZ,0.163491394341448
2022-08-02,X002008.SZ,0.157567147188065
2022-08-03,X600563.SH,0.245046278425922
2022-08-04,X000338.SZ,0.166388252125486
2022-08-05,X600460.SH,0.124455984525867
2022-08-08,X002414.SZ,0.124822873008384
2022-08-09,X600522.SH,0.135842761794876
2022-08-10,X600741.SH,0.126234873106974
2022-08-11,X000157.SZ,0.13017765065665
2022-08-12,X600460.SH,0.141551639504605
2022-08-15,X000338.SZ,0.151902749870058
2022-08-16,X600522.SH,0.153351340446658
2022-08-17,X600522.SH,0.145464495107952
2022-08-18,X002414.SZ,0.154589340491059
2022-08-19,X002236.SZ,0.159932915903429
2022-08-22,X002236.SZ,0.152221724118365
2022-08-23,X002236.SZ,0.148939063208967
2022-08-24,X002236.SZ,0.14532214999575
2022-08-25,X600884.SH,0.138204849961298
2022-08-26,X002236.SZ,0.147893812071179
2022-08-29,X002236.SZ,0.144767448066211
2022-08-30,X002236.SZ,0.155831661816595
2022-08-31,X002236.SZ,0.142875455005653
2022-09-01,X002236.SZ,0.142005317527217
2022-09-02,X002414.SZ,0.153255058419372
2022-09-05,X002236.SZ,0.140121862797488
2022-09-06,X000338.SZ,0.132825632296673
2022-09-07,X000338.SZ,0.130478900538108
2022-09-08,X600884.SH,0.127423456740649
2022-09-09,X601877.SH,0.145769844610521
2022-09-13,X600418.SH,0.120594686233348
2022-09-14,X601877.SH,0.145941612938249
2022-09-15,X601877.SH,0.144085582926625
2022-09-16,X601877.SH,0.132379391956059
2022-09-19,X600418.SH,0.129991436141656
2022-09-20,X601877.SH,0.127038282704511
2022-09-21,X601877.SH,0.133419070846686
2022-09-22,X000338.SZ,0.129585914920612
2022-09-23,X600418.SH,0.144965268138973
2022-09-26,X600089.SH,0.115569434223135
2022-09-27,X300014.SZ,0.126335240343008
2022-09-28,X000800.SZ,0.102390450632006
2022-09-29,X600460.SH,0.111699739934744
2022-09-30,X600884.SH,0.104294699206812
2022-10-10,X000338.SZ,0.11171340438102
2022-10-11,X600460.SH,0.138575099121689
2022-10-12,X600460.SH,0.129129642391289
2022-10-13,X002074.SZ,0.120964361133717
2022-10-14,X600563.SH,0.115881073020868
2022-10-17,X600460.SH,0.128003388404985
2022-10-18,X600584.SH,0.113612121718225
2022-10-19,X600584.SH,0.112338238663414
2022-10-20,X600460.SH,0.117339931034193
2022-10-21,X600460.SH,0.121404688215013
2022-10-24,X000625.SZ,0.116110921180259
2022-10-25,X600460.SH,0.103819996914363
2022-10-26,X600460.SH,0.107776624505963
2022-10-27,X600884.SH,0.109643238163448
2022-10-28,X000338.SZ,0.114033442909756
2022-10-31,X002129.SZ,0.121365506862354
2022-11-01,X000568.SZ,0.117570939681663
2022-11-02,X000568.SZ,0.139343567936927
2022-11-03,X000625.SZ,0.144869470454514
2022-11-04,X000625.SZ,0.147740408464664
2022-11-07,X000625.SZ,0.137966672092496
2022-11-08,X002241.SZ,0.105176251169693
2022-11-09,X000625.SZ,0.134717464942947
2022-11-10,X000625.SZ,0.119736940536409
2022-11-11,X600522.SH,0.142726567629303
2022-11-14,X600741.SH,0.122634904594781
2022-11-15,X600741.SH,0.134943380249067
2022-11-16,X600563.SH,0.164847365821734
2022-11-17,X600741.SH,0.125910300912346
2022-11-18,X600741.SH,0.12234826438482
2022-11-21,X600741.SH,0.119557454021695
2022-11-22,X600741.SH,0.119686612790549
2022-11-23,X600741.SH,0.122279464912023
2022-11-24,X600519.SH,0.128642806363266
2022-11-25,X000625.SZ,0.12609025062352
2022-11-28,X000625.SZ,0.151329627613575
2022-11-29,X000625.SZ,0.177885931382565
2022-11-30,X000625.SZ,0.16598590307714
2022-12-01,X000625.SZ,0.184482747059843
2022-12-02,X000625.SZ,0.141732927161706
2022-12-05,X000625.SZ,0.184750266665196
2022-12-06,X000625.SZ,0.138375384109172
2022-12-07,X000625.SZ,0.138175333378542
2022-12-08,X600089.SH,0.127221601431111
2022-12-09,X600519.SH,0.144811629810258
2022-12-12,X600519.SH,0.138232149102531
2022-12-13,X002129.SZ,0.131480277439342
2022-12-14,X000568.SZ,0.138392132425602
2022-12-15,X600884.SH,0.137447289635237
2022-12-16,X000338.SZ,0.126253238034739
2022-12-19,X000338.SZ,0.147160417677271
2022-12-20,X000338.SZ,0.14657560599542
2022-12-21,X000338.SZ,0.132365797511192
2022-12-22,X002475.SZ,0.143553554603595
2022-12-23,X000568.SZ,0.154680162251325
2022-12-26,X000338.SZ,0.139648465558013
2022-12-27,X002475.SZ,0.146143534751489
2022-12-28,X000338.SZ,0.156944195375032
2022-12-29,X002074.SZ,0.137824689278404
2022-12-30,X002475.SZ,0.129339672894804
2023-01-03,X000568.SZ,0.158263684645892
2023-01-04,X000568.SZ,0.130594273015583
2023-01-05,X002475.SZ,0.140951054441616
2023-01-06,X600519.SH,0.122568987277762
2023-01-09,X002304.SZ,0.137996518103134
2023-01-10,X600519.SH,0.118209305321168
2023-01-11,X002475.SZ,0.130001582064219
2023-01-12,X600809.SH,0.139265474183297
2023-01-13,X000568.SZ,0.147220286410587
2023-01-16,X600519.SH,0.140313762868653
2023-01-17,X600519.SH,0.143203051772609
2023-01-18,X600519.SH,0.134224898819188
2023-01-19,X600519.SH,0.136763523313391
2023-01-20,X002236.SZ,0.112225691455277
2023-01-30,X000568.SZ,0.145273620555744
2023-01-31,X000799.SZ,0.0996349519748657
2023-02-01,X000651.SZ,0.130130639872273
2023-02-02,X000568.SZ,0.132662529972634
2023-02-03,X000568.SZ,0.110140380460307
2023-02-06,X000568.SZ,0.126344183962871
2023-02-07,X002074.SZ,0.103875286211874
2023-02-08,X000568.SZ,0.128204040374166
2023-02-09,X000568.SZ,0.10863920722862
2023-02-10,X002236.SZ,0.0976959340358651
2023-02-13,X000568.SZ,0.113931482657625
2023-02-14,X600809.SH,0.0946825626030501
2023-02-15,X000651.SZ,0.102962230187683
2023-02-16,X000799.SZ,0.116618835239812
2023-02-17,X000799.SZ,0.119366905275472
2023-02-20,X000651.SZ,0.109675134433867
2023-02-21,X000100.SZ,0.104875798708144
2023-02-22,X000100.SZ,0.104191445783442
2023-02-23,X002475.SZ,0.0962115005632369
2023-02-24,X000799.SZ,0.123454320152108
2023-02-27,X000799.SZ,0.12223249347107
2023-02-28,X000799.SZ,0.115731355587815
2023-03-01,X000799.SZ,0.125315538999318
2023-03-02,X000799.SZ,0.119639256003622
2023-03-03,X000977.SZ,0.119278158998245
2023-03-06,X002129.SZ,0.0992738608293523
2023-03-07,X002129.SZ,0.0924635908336456
2023-03-08,X002129.SZ,0.107577116962685
2023-03-09,X000100.SZ,0.109052125951786
2023-03-10,X600584.SH,0.0943277141487981
2023-03-13,X600584.SH,0.111648720389549
2023-03-14,X000157.SZ,0.101103507696976
2023-03-15,X000157.SZ,0.0954500093618561
2023-03-16,X000100.SZ,0.104176816222997
2023-03-17,X000100.SZ,0.114314552725657
2023-03-20,X000100.SZ,0.1164942066669
2023-03-21,X000100.SZ,0.118652803248763
2023-03-22,X000100.SZ,0.110244582784202
2023-03-23,X002236.SZ,0.118061678218679
2023-03-24,X002236.SZ,0.130904276483191
2023-03-27,X002414.SZ,0.101541998917952
2023-03-28,X000725.SZ,0.124332516333296
2023-03-29,X000725.SZ,0.120319912753006
2023-03-30,X000725.SZ,0.114532433976797
2023-03-31,X000725.SZ,0.108924142145591
2023-04-03,X000725.SZ,0.114931129628603
2023-04-04,X002475.SZ,0.0976277309646761
2023-04-06,X000725.SZ,0.104526240358575
2023-04-07,X002236.SZ,0.116375717890762
2023-04-10,X000799.SZ,0.106017296222631
2023-04-11,X000799.SZ,0.105464686739339
2023-04-12,X000725.SZ,0.111493953785455
2023-04-13,X000100.SZ,0.123683188369558
2023-04-14,X000100.SZ,0.119837155856197
2023-04-17,X002414.SZ,0.112362460344687
2023-04-18,X000100.SZ,0.128157519191451
2023-04-19,X600460.SH,0.110269183755931
2023-04-20,X600460.SH,0.105551277116457
2023-04-21,X600183.SH,0.117632239298983
2023-04-24,X600584.SH,0.160999898571409
2023-04-25,X600584.SH,0.146789196910376
2023-04-26,X000100.SZ,0.106055260860237
2023-04-27,X600183.SH,0.0852345809676346
2023-04-28,X000651.SZ,0.120077178106166
2023-05-04,X000157.SZ,0.097339335460497
2023-05-05,X000651.SZ,0.19456552078442
2023-05-08,X000651.SZ,0.192476740429407
2023-05-09,X000100.SZ,0.109328324838041
2023-05-10,X000651.SZ,0.236338778534988
2023-05-11,X000651.SZ,0.227277831314907
2023-05-12,X000651.SZ,0.227519310463323
2023-05-15,X000651.SZ,0.219440930772661
2023-05-16,X000651.SZ,0.169570762125415
2023-05-17,X000651.SZ,0.18440217513939
2023-05-18,X000651.SZ,0.21345024373195
2023-05-19,X000651.SZ,0.216192407605297
2023-05-22,X000725.SZ,0.0878586432143808
2023-05-23,X002241.SZ,0.104229212915856
2023-05-24,X600703.SH,0.0916536659030327
2023-05-25,X000651.SZ,0.242254726094025
2023-05-26,X000651.SZ,0.243651401695499
2023-05-29,X600522.SH,0.107065325572785
2023-05-30,X000651.SZ,0.191905374518943
2023-05-31,X002475.SZ,0.122182808353784
2023-06-01,X600522.SH,0.111489612798412
2023-06-02,X600522.SH,0.107395569304675
2023-06-05,X002475.SZ,0.125818846692228
2023-06-06,X600522.SH,0.113744452962994
2023-06-07,X600522.SH,0.114740165484199
2023-06-08,X601877.SH,0.104448563431378
2023-06-09,X002475.SZ,0.112534593989825
2023-06-12,X002241.SZ,0.117502422813114
2023-06-13,X000651.SZ,0.207161715231985
2023-06-14,X000651.SZ,0.201789969958853
2023-06-15,X000651.SZ,0.201455879677038
2023-06-16,X000988.SZ,0.143865415272749
2023-06-19,X000988.SZ,0.142829185175396
2023-06-20,X002241.SZ,0.146111912817181
2023-06-21,X002236.SZ,0.111373665719628
2023-06-26,X002475.SZ,0.122088586625259
2023-06-27,X002475.SZ,0.114359236050379
2023-06-28,X002241.SZ,0.098917145643008
2023-06-29,X002371.SZ,0.119653902453591
2023-06-30,X600519.SH,0.101757794206019
2023-07-03,X600460.SH,0.113618492529873
2023-07-04,X000988.SZ,0.108750825125082
2023-07-05,X600460.SH,0.121308408696719
2023-07-06,X600460.SH,0.114759497575993
2023-07-07,X600460.SH,0.109642782203721
2023-07-10,X600460.SH,0.114004982382445
2023-07-11,X600460.SH,0.0994705699797516
2023-07-12,X600460.SH,0.101705090168405
2023-07-13,X600460.SH,0.107309447069807
2023-07-14,X000066.SZ,0.122806294562384
2023-07-17,X600460.SH,0.107114023483664
2023-07-18,X300014.SZ,0.1073373804281
2023-07-19,X600372.SH,0.0868404172203095
2023-07-20,X000066.SZ,0.105966438957917
2023-07-21,X000100.SZ,0.0915560195420163
2023-07-24,X002475.SZ,0.100626476735663
2023-07-25,X600372.SH,0.133009194958716
2023-07-26,X600372.SH,0.112266849145139
2023-07-27,X300142.SZ,0.0972483423770202
2023-07-28,X002074.SZ,0.100342109908383
2023-07-31,X002475.SZ,0.108341717939146
2023-08-01,X600460.SH,0.0992566158132631
2023-08-02,X600460.SH,0.100121302172787
2023-08-03,X600460.SH,0.10814062905454
2023-08-04,X600460.SH,0.0993225953125545
2023-08-07,X600460.SH,0.120579514686334
2023-08-08,X002074.SZ,0.0906849079148361
2023-08-09,X000066.SZ,0.0993644676376594
2023-08-10,X000066.SZ,0.102603981771263
2023-08-11,X600460.SH,0.107179721353622
2023-08-14,X002074.SZ,0.10710990783063
2023-08-15,X000066.SZ,0.0822504975545036
2023-08-16,X002304.SZ,0.0861604735644658
2023-08-17,X002475.SZ,0.0838300020914089
2023-08-18,X002304.SZ,0.0860030036048481
2023-08-21,X002475.SZ,0.13026795953072
2023-08-22,X002074.SZ,0.110197923771213
2023-08-23,X002074.SZ,0.0950825996224286
2023-08-24,X002475.SZ,0.092385533967077
2023-08-25,X002475.SZ,0.121174067920732
2023-08-28,X002475.SZ,0.100162584722981
2023-08-29,X002475.SZ,0.101755832622018
2023-08-30,X002475.SZ,0.0942021041878661
2023-08-31,X002241.SZ,0.0940695288446218
2023-09-01,X600702.SH,0.0944045808011547
2023-09-04,X002475.SZ,0.123528301937676
2023-09-05,X000100.SZ,0.09684133280966
2023-09-06,X000063.SZ,0.0828849823682496
2023-09-07,X002049.SZ,0.115785385044287
2023-09-08,X002049.SZ,0.12078249311816
2023-09-11,X002049.SZ,0.105422443258447
2023-09-12,X002475.SZ,0.108363358313432
2023-09-13,X002049.SZ,0.0964578627784708
2023-09-14,X002241.SZ,0.0850100071142715
2023-09-15,X600460.SH,0.114599676598597
2023-09-18,X002241.SZ,0.101872268484585
2023-09-19,X600584.SH,0.110803781144326
2023-09-20,X600584.SH,0.106719838598368
2023-09-21,X000596.SZ,0.0929095474896395
2023-09-22,X002049.SZ,0.100627137781018
2023-09-25,X600522.SH,0.0880621659354339
2023-09-26,X002049.SZ,0.0887471831983838
2023-09-27,X002049.SZ,0.0874132948296072
2023-09-28,X002049.SZ,0.085813182446411
2023-10-09,X600522.SH,0.101129393592624
2023-10-10,X300014.SZ,0.0976427492202477
2023-10-11,X600522.SH,0.11605142078306
2023-10-12,X600372.SH,0.105649397063766
2023-10-13,X600522.SH,0.121135219074926
2023-10-16,X600522.SH,0.121538166409643
2023-10-17,X600522.SH,0.123961115462775
2023-10-18,X002236.SZ,0.099513835111073
2023-10-19,X002463.SZ,0.109209722551592
2023-10-20,X002463.SZ,0.0875211750138767
2023-10-23,X002415.SZ,0.0930060532255391
2023-10-24,X300014.SZ,0.0879767362955509
2023-10-25,X002415.SZ,0.0948892065113549
2023-10-26,X300014.SZ,0.089312166984999
2023-10-27,X300014.SZ,0.101349025677339
2023-10-30,X002415.SZ,0.112077166551988
2023-10-31,X000800.SZ,0.103888169492236
2023-11-01,X002415.SZ,0.115947366756688
2023-11-02,X002415.SZ,0.120215591606816
2023-11-03,X002049.SZ,0.0962953359160184
2023-11-06,X300014.SZ,0.105650083902291
2023-11-07,X000338.SZ,0.122237764431205
2023-11-08,X300014.SZ,0.11175813644603
2023-11-09,X300014.SZ,0.108007892039837
2023-11-10,X300014.SZ,0.0986612885693686
2023-11-13,X300014.SZ,0.0962200481170136
2023-11-14,X300014.SZ,0.0992076365777696
2023-11-15,X300014.SZ,0.102376430997169
2023-11-16,X600584.SH,0.103163003232926
2023-11-17,X600460.SH,0.107153525589006
2023-11-20,X300014.SZ,0.105139041034047
2023-11-21,X002371.SZ,0.111580931689689
2023-11-22,X002371.SZ,0.0956739820833082
2023-11-23,X600584.SH,0.105250431914502
2023-11-24,X300014.SZ,0.112540506411725
2023-11-27,X300014.SZ,0.107252546064514
2023-11-28,X600519.SH,0.0824050354321129
2023-11-29,X000661.SZ,0.0869471824674264
2023-11-30,X600584.SH,0.110982450446033
2023-12-01,X000858.SZ,0.0917465314055415
2023-12-04,X000858.SZ,0.0913000099229844
2023-12-05,X600089.SH,0.0978595148790253
2023-12-06,X601877.SH,0.104580045474438
2023-12-07,X600703.SH,0.0842205440025748
2023-12-08,X600089.SH,0.0808948314550672
2023-12-11,X600460.SH,0.107021920801818
2023-12-12,X600089.SH,0.0852232884422528
2023-12-13,X000625.SZ,0.0995088931689702
2023-12-14,X600104.SH,0.102717341112395
2023-12-15,X600104.SH,0.109132827698632
2023-12-18,X600104.SH,0.108520640156513
2023-12-19,X002463.SZ,0.0898575431183189
2023-12-20,X000625.SZ,0.0900643605208961
2023-12-21,X000625.SZ,0.0964591044623086
2023-12-22,X000625.SZ,0.0945626896923614
2023-12-25,X002223.SZ,0.174120591920529
2023-12-26,X002304.SZ,0.107527286733171
2023-12-27,X002304.SZ,0.0993344161462648
2023-12-28,X002241.SZ,0.0984126561934539
2023-12-29,X000651.SZ,0.109259570532994
2024-01-02,X002223.SZ,0.135739435403693
2024-01-03,X000651.SZ,0.107367155770344
2024-01-04,X002304.SZ,0.10983833206314
2024-01-05,X002304.SZ,0.108948620658313
2024-01-08,X600089.SH,0.0859683743241964
2024-01-09,X002049.SZ,0.0933998493841742
2024-01-10,X600460.SH,0.0917080318554507
2024-01-11,X002304.SZ,0.0948983366085255
2024-01-12,X002049.SZ,0.0966525624953309
2024-01-15,X002049.SZ,0.0955528740703824
2024-01-16,X002074.SZ,0.0928566743592231
2024-01-17,X002049.SZ,0.112576616930778
2024-01-18,X002049.SZ,0.11066336298468
2024-01-19,X002049.SZ,0.110084822264748
2024-01-22,X002049.SZ,0.10553724804341
2024-01-23,X002049.SZ,0.111526724267335
2024-01-24,X002049.SZ,0.109102465590037
2024-01-25,X002049.SZ,0.104268307675449
2024-01-26,X000063.SZ,0.100923364387436
2024-01-29,X002049.SZ,0.107145043372393
2024-01-30,X002049.SZ,0.117334965183372
2024-01-31,X600372.SH,0.125681918169604
2024-02-01,X002223.SZ,0.112180271153757
2024-02-02,X002049.SZ,0.110684553235018
2024-02-05,X002223.SZ,0.11288566103665
2024-02-06,X002223.SZ,0.11946846009476
2024-02-07,X002049.SZ,0.12092435430485
2024-02-08,X002049.SZ,0.141790488888917
2024-02-19,X002049.SZ,0.14102479980476
2024-02-20,X002049.SZ,0.14155932039207
2024-02-21,X002049.SZ,0.146222204498983
2024-02-22,X002049.SZ,0.139153194414484
2024-02-23,X002049.SZ,0.132222103253995
2024-02-26,X000063.SZ,0.136279535003935
2024-02-27,X002049.SZ,0.161896364770753
2024-02-28,X002241.SZ,0.15465665843263
2024-02-29,X002241.SZ,0.15586118061209
2024-03-01,X002241.SZ,0.147791993810088
2024-03-04,X002049.SZ,0.152338386544021
2024-03-05,X002049.SZ,0.143195768642151
2024-03-06,X002049.SZ,0.144469691647616
2024-03-07,X002241.SZ,0.156904824404678
2024-03-08,X002241.SZ,0.150360125526284
2024-03-11,X002236.SZ,0.142277691736033
2024-03-12,X002241.SZ,0.155101341463152
2024-03-13,X002241.SZ,0.152965675968431
2024-03-14,X002241.SZ,0.126053836703212
2024-03-15,X002007.SZ,0.16211151262915
2024-03-18,X002049.SZ,0.162975531161709
2024-03-19,X002049.SZ,0.146218669852021
2024-03-20,X002049.SZ,0.141956913616391
2024-03-21,X002049.SZ,0.127340276187965
2024-03-22,X002241.SZ,0.133638092096534
2024-03-25,X002049.SZ,0.141052621230921
2024-03-26,X002049.SZ,0.14541231669722
2024-03-27,X002049.SZ,0.1550286194596
2024-03-28,X002049.SZ,0.150950957383883
2024-03-29,X002074.SZ,0.141536034243687
2024-04-01,X002049.SZ,0.151143242114091
2024-04-02,X300014.SZ,0.134132500863279
2024-04-03,X300014.SZ,0.141930328281787
2024-04-08,X600183.SH,0.134646683087536
2024-04-09,X002049.SZ,0.127094208720399
2024-04-10,X002049.SZ,0.133713171237698
2024-04-11,X002049.SZ,0.130720776682948
2024-04-12,X002049.SZ,0.124556652848803
2024-04-15,X002049.SZ,0.143009918224812
2024-04-16,X000625.SZ,0.124873145553165
2024-04-17,X601877.SH,0.14333361934001
2024-04-18,X002049.SZ,0.151905660934194
2024-04-19,X002049.SZ,0.152580795603457
2024-04-22,X002049.SZ,0.168522599572429
2024-04-23,X002049.SZ,0.140347838969612
2024-04-24,X002049.SZ,0.160554623264822
2024-04-25,X002049.SZ,0.130655884324295
2024-04-26,X000858.SZ,0.133149252067173
2024-04-29,X601877.SH,0.164621419912991
2024-04-30,X601877.SH,0.135941647759363
2024-05-06,X600703.SH,0.146572698413167
2024-05-07,X600703.SH,0.14439196660612
2024-05-08,X600183.SH,0.121800262189939
2024-05-09,X002241.SZ,0.119196052525798
2024-05-10,X002236.SZ,0.128273082838788
2024-05-13,X600703.SH,0.129264563709409
2024-05-14,X002241.SZ,0.131599805189604
2024-05-15,X002241.SZ,0.127626114349438
2024-05-16,X600487.SH,0.118544022129473
2024-05-17,X601877.SH,0.119973918551226
2024-05-20,X600372.SH,0.124311204651986
2024-05-21,X000858.SZ,0.0974465209031821
2024-05-22,X600703.SH,0.116946797960523
2024-05-23,X000858.SZ,0.109230488308834
2024-05-24,X600487.SH,0.109716401100097
2024-05-27,X600703.SH,0.0969653774813184
2024-05-28,X600487.SH,0.109218864475619
2024-05-29,X002241.SZ,0.141962255086944
2024-05-30,X600418.SH,0.12920649238124
2024-05-31,X600418.SH,0.123597157609855
2024-06-03,X002074.SZ,0.106182771871754
2024-06-04,X000858.SZ,0.0965644898190974
2024-06-05,X002074.SZ,0.100399146488653
2024-06-06,X600522.SH,0.0952727545302085
2024-06-07,X002241.SZ,0.105052755129065
2024-06-11,X600522.SH,0.0920713442910883
2024-06-12,X002475.SZ,0.131115837774898
2024-06-13,X002475.SZ,0.123852723939969
2024-06-14,X600418.SH,0.103239880612206
2024-06-17,X002241.SZ,0.109013791449295
2024-06-18,X002475.SZ,0.148914964121054
2024-06-19,X002475.SZ,0.149689587537431
2024-06-20,X002074.SZ,0.104278034800354
2024-06-21,X300014.SZ,0.103898922323969
2024-06-24,X300014.SZ,0.106780240490215
2024-06-25,X002241.SZ,0.0999095159454216
2024-06-26,X002241.SZ,0.099389874870551
2024-06-27,X002241.SZ,0.121706665581926
2024-06-28,X002236.SZ,0.107054394440667
2024-07-01,X600418.SH,0.128405403222578
2024-07-02,X000063.SZ,0.117461420872112
2024-07-03,X000063.SZ,0.0996272994853196
2024-07-04,X000063.SZ,0.102483829482195
2024-07-05,X600703.SH,0.108885592091526
2024-07-08,X000063.SZ,0.0994192151014809
2024-07-09,X600418.SH,0.111807038578385
2024-07-10,X000063.SZ,0.0994157950728544
2024-07-11,X000063.SZ,0.102291796919126
2024-07-12,X000063.SZ,0.10322604997263
2024-07-15,X002236.SZ,0.0894505760968062
2024-07-16,X601877.SH,0.120196306744039
2024-07-17,X000625.SZ,0.0978527074440059
2024-07-18,X601877.SH,0.0914019166707409
2024-07-19,X601877.SH,0.102256998036373
2024-07-22,X601877.SH,0.117056476553855
2024-07-23,X601877.SH,0.128497627477902
2024-07-24,X002236.SZ,0.107364241954948
2024-07-25,X601877.SH,0.101847255888784
2024-07-26,X000063.SZ,0.118226876692891
2024-07-29,X002236.SZ,0.104911235041967
2024-07-30,X601877.SH,0.110658726673166
2024-07-31,X002236.SZ,0.11069895409934
2024-08-01,X002236.SZ,0.105941327605274
2024-08-02,X002236.SZ,0.104759331156957
2024-08-05,X600418.SH,0.102421580663053
2024-08-06,X003816.SZ,0.113453524570425
2024-08-07,X002236.SZ,0.106671966697264
2024-08-08,X600584.SH,0.118425932902586
2024-08-09,X002049.SZ,0.104772326067146
2024-08-12,X002049.SZ,0.1140150951418
2024-08-13,X002049.SZ,0.110287422552116
2024-08-14,X002049.SZ,0.116831826794948
2024-08-15,X002049.SZ,0.107898503443395
2024-08-16,X002049.SZ,0.100957933329609
2024-08-19,X000725.SZ,0.0895821674665213
2024-08-20,X000063.SZ,0.0907565334347929
2024-08-21,X000063.SZ,0.0955907040070046
2024-08-22,X002074.SZ,0.0932271452524858
2024-08-23,X000063.SZ,0.0883823773026176
2024-08-26,X000063.SZ,0.108028666944132
2024-08-27,X000063.SZ,0.102468754835485
2024-08-28,X002475.SZ,0.114423450468537
2024-08-29,X002236.SZ,0.107906520999169
2024-08-30,X600584.SH,0.110779853460971
2024-09-02,X002475.SZ,0.114366019318674
2024-09-03,X002236.SZ,0.112103073335949
2024-09-04,X600703.SH,0.0991513453344405
2024-09-05,X002475.SZ,0.11838495162319
2024-09-06,X002241.SZ,0.116191251564016
2024-09-09,X002241.SZ,0.109897748684892
2024-09-10,X600703.SH,0.11435309468791
2024-09-11,X002074.SZ,0.13971835114487
2024-09-12,X002074.SZ,0.133441884541976
2024-09-13,X600584.SH,0.126207346371762
2024-09-18,X600703.SH,0.13584009671121
2024-09-19,X600703.SH,0.112894987361314
2024-09-20,X600703.SH,0.1128459881402
2024-09-23,X002049.SZ,0.110514290569611
2024-09-24,X000800.SZ,0.105047381328143
2024-09-25,X000063.SZ,0.0993039825164627
2024-09-26,X002304.SZ,0.112049156633181
2024-09-27,X000063.SZ,0.106585364033664
2024-09-30,X000921.SZ,0.118027768765706
2024-10-08,X002049.SZ,0.12933430022943
2024-10-09,X000977.SZ,0.133336683929118
2024-10-10,X000858.SZ,0.133025068784266
2024-10-11,X600031.SH,0.142739676837872
2024-10-14,X000157.SZ,0.131558665859677
2024-10-15,X300014.SZ,0.137013098139911
2024-10-16,X601799.SH,0.209050829817509
2024-10-17,X300014.SZ,0.144455588657511
2024-10-18,X000858.SZ,0.137510483248794
2024-10-21,X300014.SZ,0.148997811618442
2024-10-22,X002241.SZ,0.218129374157481
2024-10-23,X601799.SH,0.227537734813899
2024-10-24,X601799.SH,0.236672345663423
2024-10-25,X600690.SH,0.148828299839231
2024-10-28,X000596.SZ,0.180275915216374
2024-10-29,X600703.SH,0.166786615906657
2024-10-30,X600522.SH,0.18173056700242
2024-10-31,X000977.SZ,0.15664906474514
2024-11-01,X600522.SH,0.230467835749272
2024-11-04,X600522.SH,0.228710860972622
2024-11-05,X600522.SH,0.221169770166654
2024-11-06,X600703.SH,0.172099207376536
2024-11-07,X600703.SH,0.197307372000463
2024-11-08,X000568.SZ,0.161115245906754
2024-11-11,X600276.SH,0.16037338533779
2024-11-12,X002241.SZ,0.178125200020798
2024-11-13,X002241.SZ,0.17994110337134
2024-11-14,X002236.SZ,0.186651227040511
2024-11-15,X002236.SZ,0.192768220393996
2024-11-18,X000977.SZ,0.175038231315914
2024-11-19,X000977.SZ,0.185023814698813
2024-11-20,X002049.SZ,0.195042867587739
2024-11-21,X002049.SZ,0.202827612304013
2024-11-22,X002236.SZ,0.179514732683397
2024-11-25,X002049.SZ,0.185801012351937
2024-11-26,X000977.SZ,0.188566485210275
2024-11-27,X002049.SZ,0.196683829772872
2024-11-28,X002049.SZ,0.193068816170324
2024-11-29,X002049.SZ,0.19567393073049
2024-12-02,X002049.SZ,0.215963710794009
2024-12-03,X002049.SZ,0.198312074483768
2024-12-04,X000568.SZ,0.224592012514355
2024-12-05,X000338.SZ,0.201701763236319
2024-12-06,X000568.SZ,0.21911404702884
2024-12-09,X000338.SZ,0.208330559246627
2024-12-10,X000338.SZ,0.210546936296467
2024-12-11,X000338.SZ,0.216420642147325
2024-12-12,X000338.SZ,0.221241714800018
2024-12-13,X000338.SZ,0.223397561596711
2024-12-16,X000338.SZ,0.221354086723097
2024-12-17,X000338.SZ,0.206148998483465
2024-12-18,X002049.SZ,0.190506465123185
2024-12-19,X002049.SZ,0.190754493207741
2024-12-20,X002179.SZ,0.203289355713714
2024-12-23,X600703.SH,0.205010682151223
2024-12-24,X002049.SZ,0.204122831808972
2024-12-25,X000625.SZ,0.193193304221948
2024-12-26,X600703.SH,0.224240495505573
2024-12-27,X600703.SH,0.224123377399687
2024-12-30,X600703.SH,0.222373656886682
2024-12-31,X600703.SH,0.225608512234024
2025-01-02,X000977.SZ,0.257203365488773
2025-01-03,X002475.SZ,0.200942653096199
2025-01-06,X002415.SZ,0.234375480376061
2025-01-07,X002049.SZ,0.198327736252177
2025-01-08,X002236.SZ,0.188804808665558
2025-01-09,X002236.SZ,0.157479388112381
2025-01-10,X002236.SZ,0.179454111154638
2025-01-13,X600703.SH,0.153172527258183
2025-01-14,X600703.SH,0.175865654225465
2025-01-15,X000977.SZ,0.172016473278212
2025-01-16,X002236.SZ,0.176623876126751
2025-01-17,X002236.SZ,0.174087299853505
2025-01-20,X600703.SH,0.169026029903254
2025-01-21,X600703.SH,0.179620935283561
2025-01-22,X600703.SH,0.184124701634666
2025-01-23,X002236.SZ,0.178089764188306
2025-01-24,X600703.SH,0.169813524445424
2025-01-27,X002415.SZ,0.169780410313037
