date,name,lambda
2014-10-15,X000625.SZ,0.0383067592019489
2014-10-16,X000050.SZ,0.0398822886933644
2014-10-17,X000050.SZ,0.0364041566245197
2014-10-20,X002475.SZ,0.035328558241065
2014-10-21,X600839.SH,0.0427981115904797
2014-10-22,X000559.SZ,0.0416491541323442
2014-10-23,X002304.SZ,0.0369291179421391
2014-10-24,X600435.SH,0.0378471626434123
2014-10-27,X002304.SZ,0.0338413730412377
2014-10-28,X601877.SH,0.0320808733282594
2014-10-29,X000559.SZ,0.036309020787972
2014-10-30,X600435.SH,0.0381733440581093
2014-10-31,X600435.SH,0.0386260688365983
2014-11-03,X000050.SZ,0.035397766068989
2014-11-04,X600690.SH,0.0397353365638129
2014-11-05,X000050.SZ,0.0345696913801009
2014-11-06,X002304.SZ,0.031228576925212
2014-11-07,X600276.SH,0.0349070765700688
2014-11-10,X600276.SH,0.0354728684900552
2014-11-11,X600519.SH,0.0317043719433662
2014-11-12,X002304.SZ,0.0335173388351832
2014-11-13,X600519.SH,0.0335263564516423
2014-11-14,X000050.SZ,0.0424977473526671
2014-11-17,X600519.SH,0.0294787236603189
2014-11-18,X600276.SH,0.0351119750317054
2014-11-19,X600276.SH,0.0329221690089406
2014-11-20,X600276.SH,0.0302692576645203
2014-11-21,X600177.SH,0.0381808822073703
2014-11-24,X002008.SZ,0.0381980056259062
2014-11-25,X600276.SH,0.0329846122190343
2014-11-26,X600276.SH,0.0430443176460243
2014-11-27,X600276.SH,0.0391216557688499
2014-11-28,X600276.SH,0.0384433579852985
2014-12-01,X600690.SH,0.0436866997539102
2014-12-02,X600066.SH,0.0351350280138544
2014-12-03,X600690.SH,0.0430442848815857
2014-12-04,X600690.SH,0.0366990092513312
2014-12-05,X600177.SH,0.0394555611514154
2014-12-08,X600690.SH,0.0348353829524182
2014-12-09,X000338.SZ,0.0466172318039746
2014-12-10,X000338.SZ,0.047056784046944
2014-12-11,X000550.SZ,0.0451199846650966
2014-12-12,X601877.SH,0.0452795497997104
2014-12-15,X600809.SH,0.0470367477541293
2014-12-16,X002294.SZ,0.0434486975033598
2014-12-17,X002304.SZ,0.0448070601428685
2014-12-18,X600690.SH,0.0399898219580171
2014-12-19,X600177.SH,0.0443413632560797
2014-12-22,X000623.SZ,0.0403208911701247
2014-12-23,X600809.SH,0.0423262345210761
2014-12-24,X601877.SH,0.0339752067062817
2014-12-25,X600809.SH,0.037222831303826
2014-12-26,X600809.SH,0.0389636983951659
2014-12-29,X600089.SH,0.0468923436706533
2014-12-30,X000977.SZ,0.0438333802543671
2014-12-31,X600276.SH,0.0398753332630351
2015-01-05,X000977.SZ,0.0439556890185565
2015-01-06,X600809.SH,0.0506695693227956
2015-01-07,X600809.SH,0.0386479698286211
2015-01-08,X000869.SZ,0.0405891928104046
2015-01-09,X000623.SZ,0.0489291922909118
2015-01-12,X600066.SH,0.0435620061260311
2015-01-13,X600066.SH,0.0360964041171022
2015-01-14,X000869.SZ,0.0526898874626923
2015-01-15,X000623.SZ,0.0519154689999005
2015-01-16,X601877.SH,0.0596137142878788
2015-01-19,X000400.SZ,0.0514164837361455
2015-01-20,X600031.SH,0.0528748324373627
2015-01-21,X000050.SZ,0.0499704129886787
2015-01-22,X600312.SH,0.039113604505119
2015-01-23,X600312.SH,0.0439796947815253
2015-01-26,X600312.SH,0.0514847406384389
2015-01-27,X600312.SH,0.0531001183557578
2015-01-28,X600276.SH,0.0542049501662597
2015-01-29,X600435.SH,0.0598210963309765
2015-01-30,X600312.SH,0.0456147106610642
2015-02-02,X600312.SH,0.0459083347959619
2015-02-03,X600276.SH,0.0544605166089636
2015-02-04,X600312.SH,0.0506355822469888
2015-02-05,X600312.SH,0.041071621727551
2015-02-06,X600312.SH,0.0411687588893718
2015-02-09,X600312.SH,0.0414489117408438
2015-02-10,X600312.SH,0.0408319979320887
2015-02-11,X000050.SZ,0.053877080613456
2015-02-12,X600312.SH,0.0459158726512762
2015-02-13,X000977.SZ,0.04762441830233
2015-02-16,X000625.SZ,0.0612603400218514
2015-02-17,X600276.SH,0.059608340341436
2015-02-25,X601877.SH,0.0611797028364716
2015-02-26,X601877.SH,0.05565371638609
2015-02-27,X000623.SZ,0.059123474748951
2015-03-02,X601877.SH,0.0574497370384063
2015-03-03,X600582.SH,0.0588362451654668
2015-03-04,X600582.SH,0.0515394783883863
2015-03-05,X002304.SZ,0.0570691195628218
2015-03-06,X601877.SH,0.055988076468108
2015-03-09,X600312.SH,0.0553512442695211
2015-03-10,X002294.SZ,0.0594230218052437
2015-03-11,X002304.SZ,0.0643307784418048
2015-03-12,X002294.SZ,0.0483332400890569
2015-03-13,X002294.SZ,0.0491482932110816
2015-03-16,X000977.SZ,0.0419216462874207
2015-03-17,X600519.SH,0.054961616577683
2015-03-18,X002292.SZ,0.0599017329897228
2015-03-19,X002292.SZ,0.0451061985719315
2015-03-20,X002292.SZ,0.0454532363872344
2015-03-23,X002292.SZ,0.0522204595447997
2015-03-24,X300146.SZ,0.0504570738665205
2015-03-25,X000977.SZ,0.0569423890411122
2015-03-26,X600276.SH,0.0501849569914757
2015-03-27,X600741.SH,0.0454426481996767
2015-03-30,X002292.SZ,0.0532527697698352
2015-03-31,X600276.SH,0.0518320985509894
2015-04-01,X002007.SZ,0.0346043558399346
2015-04-02,X600031.SH,0.0530653559725458
2015-04-03,X002007.SZ,0.0341214975826384
2015-04-07,X002129.SZ,0.0520210060995264
2015-04-08,X600031.SH,0.0510372724278536
2015-04-09,X000800.SZ,0.0503653157770775
2015-04-10,X000800.SZ,0.0469226317797144
2015-04-13,X600276.SH,0.0471267842693141
2015-04-14,X600582.SH,0.039021056368355
2015-04-15,X600276.SH,0.0401947911127233
2015-04-16,X002129.SZ,0.0496471432357725
2015-04-17,X600276.SH,0.0437349632189756
2015-04-20,X600276.SH,0.0463914874050315
2015-04-21,X600276.SH,0.063137190123693
2015-04-22,X600276.SH,0.0505294619540801
2015-04-23,X600276.SH,0.0553401993792872
2015-04-24,X000977.SZ,0.0465229332887135
2015-04-27,X000977.SZ,0.047810307171054
2015-04-28,X002456.SZ,0.0625257606546679
2015-04-29,X600271.SH,0.0558938138036984
2015-04-30,X000625.SZ,0.0508137010439189
2015-05-04,X000625.SZ,0.0532226455834461
2015-05-05,X600118.SH,0.0528151217707891
2015-05-06,X000625.SZ,0.0475715561048889
2015-05-07,X000625.SZ,0.0518547528493261
2015-05-08,X600177.SH,0.053575656597402
2015-05-11,X600177.SH,0.0615133504746996
2015-05-12,X600276.SH,0.0532962142574215
2015-05-13,X000625.SZ,0.0595446568000575
2015-05-14,X000581.SZ,0.0591336135922417
2015-05-15,X002456.SZ,0.0549049286887934
2015-05-18,X600276.SH,0.0590262658556566
2015-05-19,X002456.SZ,0.0595297140339478
2015-05-20,X300003.SZ,0.0677478198573972
2015-05-21,X002456.SZ,0.0548104905870481
2015-05-22,X300146.SZ,0.0687268785897293
2015-05-25,X002456.SZ,0.0623848165214477
2015-05-26,X000800.SZ,0.0607504445921694
2015-05-27,X600066.SH,0.0724751494013931
2015-05-28,X002292.SZ,0.0620996714185174
2015-05-29,X002292.SZ,0.0576896613448296
2015-06-01,X000800.SZ,0.076136912404638
2015-06-02,X600198.SH,0.0757994621390795
2015-06-03,X002292.SZ,0.0808673472372082
2015-06-04,X002292.SZ,0.0772091517563968
2015-06-05,X002292.SZ,0.082838227145405
2015-06-08,X002292.SZ,0.0781701999233635
2015-06-09,X002276.SZ,0.0807699421704503
2015-06-10,X002292.SZ,0.0826423723714075
2015-06-11,X002292.SZ,0.0791387029124722
2015-06-12,X002292.SZ,0.0879520531048102
2015-06-15,X002456.SZ,0.0766061523695941
2015-06-16,X002292.SZ,0.0750666916050091
2015-06-17,X600582.SH,0.0710945129354106
2015-06-18,X002292.SZ,0.071957150434338
2015-06-19,X002276.SZ,0.0895794346580038
2015-06-23,X002292.SZ,0.0839977692859785
2015-06-24,X000016.SZ,0.0662646013549795
2015-06-25,X600198.SH,0.0921554978961922
2015-06-26,X600166.SH,0.08381324815928
2015-06-29,X600703.SH,0.114708284637702
2015-06-30,X002223.SZ,0.0834214733013562
2015-07-01,X002223.SZ,0.0725453973812238
2015-07-02,X002223.SZ,0.0723848801308837
2015-07-03,X002223.SZ,0.0662627033519604
2015-07-06,X002223.SZ,0.0699151845559484
2015-07-07,X002223.SZ,0.0628108954300946
2015-07-08,X600312.SH,0.0900564622658023
2015-07-09,X002223.SZ,0.0655381789951987
2015-07-10,X000016.SZ,0.0968419363458585
2015-07-13,X002223.SZ,0.0906569779852137
2015-07-14,X000016.SZ,0.101391235459651
2015-07-15,X002456.SZ,0.0887929614340192
2015-07-16,X002292.SZ,0.0849991757486313
2015-07-17,X600582.SH,0.0764396527734409
2015-07-20,X002129.SZ,0.079179869786346
2015-07-21,X600703.SH,0.0811338876353547
2015-07-22,X600703.SH,0.11839627758134
2015-07-23,X002223.SZ,0.106876898186664
2015-07-24,X601877.SH,0.0903119691502968
2015-07-27,X000016.SZ,0.115477715511568
2015-07-28,X002276.SZ,0.0981133150676843
2015-07-29,X000016.SZ,0.0998708384892845
2015-07-30,X000016.SZ,0.104718357446104
2015-07-31,X600066.SH,0.113606627931717
2015-08-03,X002129.SZ,0.107526223692544
2015-08-04,X002179.SZ,0.104318372213265
2015-08-05,X002415.SZ,0.104997444978593
2015-08-06,X002475.SZ,0.11432898324764
2015-08-07,X002456.SZ,0.0876889694039114
2015-08-10,X000858.SZ,0.0880539288846541
2015-08-11,X000858.SZ,0.0896893150106278
2015-08-12,X601877.SH,0.0693239767682991
2015-08-13,X002506.SZ,0.100564335777616
2015-08-14,X002456.SZ,0.105363850606211
2015-08-17,X002456.SZ,0.109142684338171
2015-08-18,X002475.SZ,0.0819010511169759
2015-08-19,X000066.SZ,0.0884788565284811
2015-08-20,X002475.SZ,0.0997247517183145
2015-08-21,X002475.SZ,0.095456735209558
2015-08-24,X002475.SZ,0.0905941125589274
2015-08-25,X002506.SZ,0.110533159746694
2015-08-26,X002415.SZ,0.0788803146510969
2015-08-27,X002415.SZ,0.0910655954751729
2015-08-28,X002506.SZ,0.071369767278042
2015-08-31,X002415.SZ,0.0935652189852015
2015-09-01,X002415.SZ,0.0824993478762708
2015-09-02,X300142.SZ,0.0707105896695434
2015-09-07,X002415.SZ,0.0759670464338701
2015-09-08,X002292.SZ,0.0805552359391908
2015-09-09,X002292.SZ,0.0794448540563342
2015-09-10,X002292.SZ,0.0809126202587746
2015-09-11,X002292.SZ,0.0787495265219429
2015-09-14,X002414.SZ,0.0833123349675263
2015-09-15,X002292.SZ,0.0632997797325405
2015-09-16,X002292.SZ,0.0676730391292625
2015-09-17,X000016.SZ,0.0834037468507484
2015-09-18,X002292.SZ,0.0631450940393175
2015-09-21,X002292.SZ,0.0737007189341147
2015-09-22,X002292.SZ,0.0650752944785404
2015-09-23,X002292.SZ,0.0807225707494392
2015-09-24,X002292.SZ,0.0809198865148572
2015-09-25,X002292.SZ,0.0682026578524607
2015-09-28,X002292.SZ,0.0761098449396526
2015-09-29,X002241.SZ,0.0896829450341741
2015-09-30,X002304.SZ,0.0774740050152901
2015-10-08,X002304.SZ,0.0700575117096128
2015-10-09,X002304.SZ,0.076352605104712
2015-10-12,X002304.SZ,0.0779533659762248
2015-10-13,X002292.SZ,0.07166592433989
2015-10-14,X002292.SZ,0.0728275378817546
2015-10-15,X002292.SZ,0.0775799272381495
2015-10-16,X002085.SZ,0.0748448845378797
2015-10-19,X002292.SZ,0.0904190316222572
2015-10-20,X002085.SZ,0.0619877437062172
2015-10-21,X002292.SZ,0.0852103637102791
2015-10-22,X002292.SZ,0.0814922548756291
2015-10-23,X002475.SZ,0.110698664311697
2015-10-26,X002292.SZ,0.0941616750025092
2015-10-27,X002241.SZ,0.0796897979090371
2015-10-28,X002292.SZ,0.0791943345800155
2015-10-29,X002292.SZ,0.0775465732460633
2015-10-30,X002292.SZ,0.089461520202667
2015-11-02,X300003.SZ,0.0950553457144573
2015-11-03,X300003.SZ,0.0859303985656308
2015-11-04,X300003.SZ,0.0890202724249051
2015-11-05,X300003.SZ,0.0901760340172266
2015-11-06,X002180.SZ,0.10457038453436
2015-11-09,X002415.SZ,0.111684527494855
2015-11-10,X002292.SZ,0.073952430933027
2015-11-11,X002292.SZ,0.0883152486882276
2015-11-12,X000858.SZ,0.108813120848669
2015-11-13,X002292.SZ,0.0682464677239923
2015-11-16,X002292.SZ,0.0692266618457044
2015-11-17,X000858.SZ,0.0879418424589517
2015-11-18,X002292.SZ,0.0721534008038559
2015-11-19,X002292.SZ,0.0663636531500171
2015-11-20,X002292.SZ,0.0633035467000766
2015-11-23,X002292.SZ,0.0701629234057561
2015-11-24,X002292.SZ,0.0662218875108385
2015-11-25,X002292.SZ,0.0687142919275705
2015-11-26,X002292.SZ,0.0746993235511183
2015-11-27,X002426.SZ,0.0651156939592092
2015-11-30,X600104.SH,0.102677128095536
2015-12-01,X002292.SZ,0.0726640332788652
2015-12-02,X300003.SZ,0.0523758200272015
2015-12-03,X002426.SZ,0.0627045160741014
2015-12-04,X300003.SZ,0.0523160312416991
2015-12-07,X002085.SZ,0.0600576429737792
2015-12-08,X002085.SZ,0.0609750881849397
2015-12-09,X600276.SH,0.0618599070308023
2015-12-10,X002085.SZ,0.0528594553020479
2015-12-11,X002085.SZ,0.0629597534559611
2015-12-14,X002426.SZ,0.0494583136601244
2015-12-15,X600690.SH,0.0538872054532986
2015-12-16,X600690.SH,0.0596312655033879
2015-12-17,X600118.SH,0.0572918070590092
2015-12-18,X002506.SZ,0.0542673217862581
2015-12-21,X600690.SH,0.0508057911818981
2015-12-22,X600118.SH,0.053233366493503
2015-12-23,X601877.SH,0.053327732326918
2015-12-24,X002426.SZ,0.059269252423685
2015-12-25,X002426.SZ,0.0537678989453481
2015-12-28,X601877.SH,0.0508924120907062
2015-12-29,X601877.SH,0.0479339742028178
2015-12-30,X300146.SZ,0.0537527542443467
2015-12-31,X601877.SH,0.0463881274784581
2016-01-04,X601877.SH,0.0538099123486394
2016-01-05,X601877.SH,0.0568898815781485
2016-01-06,X002049.SZ,0.0431149429849262
2016-01-07,X002049.SZ,0.0490666086174918
2016-01-08,X002426.SZ,0.0645579689995643
2016-01-11,X002049.SZ,0.0720471240469251
2016-01-12,X601877.SH,0.0611523052436693
2016-01-13,X002506.SZ,0.0733935155747139
2016-01-14,X002049.SZ,0.0629812761563895
2016-01-15,X002506.SZ,0.0622798875688018
2016-01-18,X002426.SZ,0.0642348518718228
2016-01-19,X002465.SZ,0.0573385582408979
2016-01-20,X002049.SZ,0.0480855123559399
2016-01-21,X002049.SZ,0.0539138980103408
2016-01-22,X002426.SZ,0.0453166199310775
2016-01-25,X002465.SZ,0.0502100107762066
2016-01-26,X601877.SH,0.0522810937686986
2016-01-27,X002049.SZ,0.0565538139501829
2016-01-28,X002465.SZ,0.0344690302469814
2016-01-29,X002465.SZ,0.0372477515705446
2016-02-01,X002465.SZ,0.0397808619691471
2016-02-02,X002465.SZ,0.0429106736589361
2016-02-03,X002465.SZ,0.048119553880789
2016-02-04,X002049.SZ,0.0559460702251385
2016-02-05,X002465.SZ,0.0399994087394487
2016-02-15,X002049.SZ,0.0527975101372946
2016-02-16,X002465.SZ,0.0443707179306436
2016-02-17,X002465.SZ,0.0452477364296778
2016-02-18,X002049.SZ,0.0627254539016164
2016-02-19,X600690.SH,0.0534471048341136
2016-02-22,X002049.SZ,0.0546820341058511
2016-02-23,X002236.SZ,0.0452480519612938
2016-02-24,X600690.SH,0.0556530687594267
2016-02-25,X002465.SZ,0.0469983158097337
2016-02-26,X601877.SH,0.0501893444827232
2016-02-29,X600690.SH,0.0614602712246771
2016-03-01,X002049.SZ,0.051368771709821
2016-03-02,X002465.SZ,0.0410818852736093
2016-03-03,X002426.SZ,0.0601522697602893
2016-03-04,X600690.SH,0.049858221681128
2016-03-07,X600690.SH,0.0529642909742862
2016-03-08,X600690.SH,0.0431232282615229
2016-03-09,X600690.SH,0.0595018254936185
2016-03-10,X600690.SH,0.0487267622975528
2016-03-11,X600519.SH,0.0476945952311904
2016-03-14,X002074.SZ,0.0594468872489388
2016-03-15,X600690.SH,0.039555218621177
2016-03-16,X002074.SZ,0.0455412827778388
2016-03-17,X600690.SH,0.0350365405448131
2016-03-18,X002074.SZ,0.0504190510399579
2016-03-21,X002049.SZ,0.0415378080996769
2016-03-22,X002049.SZ,0.0593832762578434
2016-03-23,X002074.SZ,0.0495890645028444
2016-03-24,X002074.SZ,0.0603000448560162
2016-03-25,X002049.SZ,0.0430471260498171
2016-03-28,X002049.SZ,0.0483382478063
2016-03-29,X002049.SZ,0.0432185608534337
2016-03-30,X600690.SH,0.0487085394036242
2016-03-31,X600690.SH,0.0437828334528336
2016-04-01,X002049.SZ,0.0372052581164864
2016-04-05,X002049.SZ,0.0352712189829595
2016-04-06,X600699.SH,0.0401569814504761
2016-04-07,X600699.SH,0.0404750339259951
2016-04-08,X600699.SH,0.0409419886590189
2016-04-11,X000981.SZ,0.0336101499456395
2016-04-12,X600699.SH,0.0378585327356313
2016-04-13,X002049.SZ,0.0403183035473905
2016-04-14,X600519.SH,0.0359306412981117
2016-04-15,X002049.SZ,0.0330457733580852
2016-04-18,X002049.SZ,0.0336064140691605
2016-04-19,X002049.SZ,0.0395610951973836
2016-04-20,X600519.SH,0.040846137361401
2016-04-21,X000981.SZ,0.0306794024520316
2016-04-22,X600519.SH,0.0419418092371083
2016-04-25,X000981.SZ,0.0354644942567515
2016-04-26,X002049.SZ,0.0362045842665249
2016-04-27,X002049.SZ,0.036635874991132
2016-04-28,X000981.SZ,0.0314961476986441
2016-04-29,X600271.SH,0.0406105133012063
2016-05-03,X600271.SH,0.0391633775459432
2016-05-04,X600271.SH,0.0419442912681332
2016-05-05,X000981.SZ,0.0390735016759769
2016-05-06,X600699.SH,0.0383171957243572
2016-05-09,X002085.SZ,0.0358204600986266
2016-05-10,X002085.SZ,0.0364521768991492
2016-05-11,X600372.SH,0.0403733483016203
2016-05-12,X002085.SZ,0.038091457225392
2016-05-13,X002085.SZ,0.0357783602751783
2016-05-16,X000981.SZ,0.0238480731363645
2016-05-17,X000981.SZ,0.0304601767143269
2016-05-18,X002180.SZ,0.0354031739037439
2016-05-19,X000981.SZ,0.0348972628490662
2016-05-20,X002085.SZ,0.0399019702879599
2016-05-23,X000981.SZ,0.0375537363253681
2016-05-24,X000981.SZ,0.0388033053985666
2016-05-25,X000568.SZ,0.0332570669734368
2016-05-26,X000625.SZ,0.0356619086185971
2016-05-27,X000625.SZ,0.0321813132045382
2016-05-30,X002049.SZ,0.0341911170616531
2016-05-31,X600066.SH,0.0312385610722481
2016-06-01,X000568.SZ,0.0300968176849754
2016-06-02,X000568.SZ,0.0278802221884254
2016-06-03,X000568.SZ,0.0283702464618142
2016-06-06,X600276.SH,0.0337192640379744
2016-06-07,X600519.SH,0.034074450964338
2016-06-08,X600276.SH,0.0312930021737717
2016-06-13,X000568.SZ,0.0317276120770761
2016-06-14,X000568.SZ,0.0333636538196441
2016-06-15,X000625.SZ,0.0303043592677743
2016-06-16,X600276.SH,0.0355233053302214
2016-06-17,X000568.SZ,0.031829428568885
2016-06-20,X002085.SZ,0.0332507939188489
2016-06-21,X600276.SH,0.0288785464830636
2016-06-22,X600276.SH,0.033374428228423
2016-06-23,X002085.SZ,0.0309290424203872
2016-06-24,X600276.SH,0.0357331671254865
2016-06-27,X002085.SZ,0.0262010897527369
2016-06-28,X002085.SZ,0.0255483301227427
2016-06-29,X002085.SZ,0.0267546184550288
2016-06-30,X002085.SZ,0.0258657296490117
2016-07-01,X002085.SZ,0.034746065873241
2016-07-04,X002180.SZ,0.0229577308721467
2016-07-05,X002180.SZ,0.0327226641877887
2016-07-06,X600276.SH,0.0399231554961975
2016-07-07,X002508.SZ,0.0380803415777768
2016-07-08,X002180.SZ,0.0358363576649104
2016-07-11,X002180.SZ,0.0342330080991828
2016-07-12,X002180.SZ,0.0307927272580068
2016-07-13,X002508.SZ,0.0395390102399137
2016-07-14,X002180.SZ,0.0293908443878405
2016-07-15,X002180.SZ,0.0256295901336378
2016-07-18,X002180.SZ,0.02875127970171
2016-07-19,X002180.SZ,0.0282051329317128
2016-07-20,X600372.SH,0.0402807873868817
2016-07-21,X002180.SZ,0.030276921840003
2016-07-22,X002180.SZ,0.0245744396823151
2016-07-25,X002180.SZ,0.0244414652571976
2016-07-26,X002304.SZ,0.0360604006950298
2016-07-27,X002180.SZ,0.0261430124718793
2016-07-28,X002180.SZ,0.0415364601318928
2016-07-29,X002180.SZ,0.0325284219903883
2016-08-01,X002180.SZ,0.0332131225137701
2016-08-02,X600066.SH,0.038075469826426
2016-08-03,X600066.SH,0.035562556433737
2016-08-04,X002475.SZ,0.0351470300377849
2016-08-05,X002180.SZ,0.034676672212684
2016-08-08,X002180.SZ,0.0294847505553135
2016-08-09,X002475.SZ,0.0363200541507923
2016-08-10,X002508.SZ,0.036386225169271
2016-08-11,X002180.SZ,0.0306957106235655
2016-08-12,X002180.SZ,0.0326114377410394
2016-08-15,X002180.SZ,0.0344002940652568
2016-08-16,X002506.SZ,0.0328216458984014
2016-08-17,X002074.SZ,0.0236543898597247
2016-08-18,X002074.SZ,0.0250002050100972
2016-08-19,X002074.SZ,0.0236359573526078
2016-08-22,X002249.SZ,0.0291384237881908
2016-08-23,X002074.SZ,0.028416091876261
2016-08-24,X002249.SZ,0.0293457687992352
2016-08-25,X002508.SZ,0.0257347091929193
2016-08-26,X002508.SZ,0.0273578553724892
2016-08-29,X002074.SZ,0.0344106350354891
2016-08-30,X600703.SH,0.0325890662344324
2016-08-31,X600703.SH,0.0317752042036349
2016-09-01,X002074.SZ,0.0272310574009241
2016-09-02,X002074.SZ,0.0282146263807202
2016-09-05,X002074.SZ,0.0284324985911122
2016-09-06,X002074.SZ,0.0263183301050095
2016-09-07,X002074.SZ,0.0254455018336885
2016-09-08,X002074.SZ,0.0246893426394603
2016-09-09,X002074.SZ,0.0265992658470694
2016-09-12,X002180.SZ,0.0304949951386408
2016-09-13,X002074.SZ,0.0299319259630158
2016-09-14,X002180.SZ,0.0341209257895361
2016-09-19,X002074.SZ,0.0296734981980763
2016-09-20,X002074.SZ,0.022654581200734
2016-09-21,X600867.SH,0.0326433671999252
2016-09-22,X600867.SH,0.0314353853470028
2016-09-23,X002074.SZ,0.0260558874434356
2016-09-26,X000651.SZ,0.0291229549655906
2016-09-27,X000725.SZ,0.0281986594275132
2016-09-28,X600703.SH,0.0281510446352136
2016-09-29,X600703.SH,0.0258710305671206
2016-09-30,X600703.SH,0.0285697004696906
2016-10-10,X600566.SH,0.0217308655504962
2016-10-11,X600566.SH,0.0215343129574927
2016-10-12,X002074.SZ,0.029155555889889
2016-10-13,X002475.SZ,0.0323415219011069
2016-10-14,X600271.SH,0.0266243172103442
2016-10-17,X000651.SZ,0.0293974046695373
2016-10-18,X600703.SH,0.0300598832147917
2016-10-19,X002007.SZ,0.0258779589032551
2016-10-20,X600703.SH,0.0277326413285951
2016-10-21,X600703.SH,0.0265753525471346
2016-10-24,X000651.SZ,0.0269119386890493
2016-10-25,X300115.SZ,0.0289816402651883
2016-10-26,X000651.SZ,0.0287154684384298
2016-10-27,X002465.SZ,0.0299149298671737
2016-10-28,X300115.SZ,0.0268716172789557
2016-10-31,X600066.SH,0.0304705171359635
2016-11-01,X600066.SH,0.032717037453592
2016-11-02,X002180.SZ,0.0245099943767609
2016-11-03,X002180.SZ,0.0238311317341472
2016-11-04,X002180.SZ,0.0242590928823991
2016-11-07,X002007.SZ,0.0239094569613551
2016-11-08,X002180.SZ,0.0227577767635126
2016-11-09,X002180.SZ,0.0221401737468863
2016-11-10,X600566.SH,0.0231005805356279
2016-11-11,X002180.SZ,0.0277377312345027
2016-11-14,X002180.SZ,0.0230287794795066
2016-11-15,X002180.SZ,0.0255646722324026
2016-11-16,X002180.SZ,0.0241992792626768
2016-11-17,X000568.SZ,0.0264464373709474
2016-11-18,X002180.SZ,0.0277262705660517
2016-11-21,X002180.SZ,0.0273950343926078
2016-11-22,X002180.SZ,0.0276276168246279
2016-11-23,X002180.SZ,0.0273207430090043
2016-11-24,X600498.SH,0.0244017101822863
2016-11-25,X300124.SZ,0.0235118563163863
2016-11-28,X600498.SH,0.0245856850596887
2016-11-29,X002085.SZ,0.0248618768395106
2016-11-30,X600498.SH,0.0247103732027506
2016-12-01,X002456.SZ,0.0211378809208054
2016-12-02,X002074.SZ,0.0259990868616791
2016-12-05,X600703.SH,0.0253890101873652
2016-12-06,X002085.SZ,0.0293756324745383
2016-12-07,X600703.SH,0.0235502916014119
2016-12-08,X600276.SH,0.0272235230888904
2016-12-09,X002236.SZ,0.0247895665271187
2016-12-12,X600276.SH,0.020269753517533
2016-12-13,X600276.SH,0.0261729076543152
2016-12-14,X600276.SH,0.026004168152578
2016-12-15,X600276.SH,0.0269091630489382
2016-12-16,X600276.SH,0.0284832484851701
2016-12-19,X600741.SH,0.0270642371179155
2016-12-20,X600703.SH,0.0287698210254057
2016-12-21,X002508.SZ,0.025183904053036
2016-12-22,X002007.SZ,0.0262237295874968
2016-12-23,X000981.SZ,0.0269130412830138
2016-12-26,X300136.SZ,0.0278435185182278
2016-12-27,X300136.SZ,0.0252545647466992
2016-12-28,X300136.SZ,0.0225073194532673
2016-12-29,X300136.SZ,0.0299162782368189
2016-12-30,X000981.SZ,0.0238951890008531
2017-01-03,X000981.SZ,0.0225270812155319
2017-01-04,X002294.SZ,0.0280233863087473
2017-01-05,X002294.SZ,0.0265354281863667
2017-01-06,X000536.SZ,0.026443176648341
2017-01-09,X000536.SZ,0.0233955614727575
2017-01-10,X000536.SZ,0.0262755300961041
2017-01-11,X600276.SH,0.0253370117153105
2017-01-12,X600276.SH,0.0238379223779079
2017-01-13,X002415.SZ,0.0270257198354826
2017-01-16,X000981.SZ,0.0282413792886304
2017-01-17,X002294.SZ,0.0283335139482578
2017-01-18,X300136.SZ,0.0267792790891497
2017-01-19,X002294.SZ,0.0253280300849183
2017-01-20,X002236.SZ,0.0264799539708203
2017-01-23,X002475.SZ,0.0307796336421808
2017-01-24,X600276.SH,0.0269544552715351
2017-01-25,X600690.SH,0.0284540268356685
2017-01-26,X600276.SH,0.0213352563357806
2017-02-03,X600276.SH,0.0250429305904946
2017-02-06,X002294.SZ,0.0287685408574132
2017-02-07,X600276.SH,0.0175403322174072
2017-02-08,X600276.SH,0.0186185010570062
2017-02-09,X600276.SH,0.0195654782522523
2017-02-10,X600066.SH,0.0259496153458914
2017-02-13,X002426.SZ,0.0277812791465392
2017-02-14,X002426.SZ,0.0268005888729234
2017-02-15,X300124.SZ,0.0291768020149195
2017-02-16,X002426.SZ,0.0272780038804273
2017-02-17,X002475.SZ,0.0216562920492773
2017-02-20,X600690.SH,0.0273726832242381
2017-02-21,X600690.SH,0.0270159714242315
2017-02-22,X600690.SH,0.0279901555654913
2017-02-23,X002475.SZ,0.0238040208069741
2017-02-24,X002292.SZ,0.0324288231631787
2017-02-27,X600066.SH,0.030247574534026
2017-02-28,X600703.SH,0.0276766795996088
2017-03-01,X600690.SH,0.0323146981924346
2017-03-02,X600276.SH,0.0215782705138737
2017-03-03,X002180.SZ,0.0287351095311497
2017-03-06,X002180.SZ,0.0261652366642008
2017-03-07,X002180.SZ,0.0263106776180343
2017-03-08,X000338.SZ,0.0314067612186983
2017-03-09,X002292.SZ,0.0285274689765291
2017-03-10,X002292.SZ,0.0202531024136798
2017-03-13,X600690.SH,0.027917393566665
2017-03-14,X600690.SH,0.0292098453085947
2017-03-15,X600690.SH,0.0322507608560584
2017-03-16,X002180.SZ,0.0270427914287486
2017-03-17,X000338.SZ,0.0282031173318595
2017-03-20,X002456.SZ,0.0239638422425737
2017-03-21,X600690.SH,0.0260967978326142
2017-03-22,X002007.SZ,0.0274722899391478
2017-03-23,X002508.SZ,0.0275190433701962
2017-03-24,X600031.SH,0.0220462432186336
2017-03-27,X600031.SH,0.0222047826525098
2017-03-28,X002508.SZ,0.0236442495038346
2017-03-29,X600104.SH,0.0270937729365244
2017-03-30,X600031.SH,0.0228469775648318
2017-03-31,X002508.SZ,0.0283005487313902
2017-04-05,X600276.SH,0.0261986582551423
2017-04-06,X300003.SZ,0.026372812795938
2017-04-07,X000338.SZ,0.0278716739512227
2017-04-10,X600031.SH,0.0306472875910194
2017-04-11,X600031.SH,0.0288373643603462
2017-04-12,X000338.SZ,0.0287334725183874
2017-04-13,X002415.SZ,0.0282054869563023
2017-04-14,X000066.SZ,0.0264524130032406
2017-04-17,X600867.SH,0.0255672142056571
2017-04-18,X002456.SZ,0.0258173447193849
2017-04-19,X002241.SZ,0.027845965519258
2017-04-20,X600031.SH,0.0293341746589354
2017-04-21,X600276.SH,0.027930960744027
2017-04-24,X600104.SH,0.0258954393270608
2017-04-25,X300003.SZ,0.0271792702681307
2017-04-26,X600104.SH,0.023177200908854
2017-04-27,X600089.SH,0.0255961584428032
2017-04-28,X002008.SZ,0.0279936300542631
2017-05-02,X002415.SZ,0.0227379659055115
2017-05-03,X000063.SZ,0.0279563686257236
2017-05-04,X600699.SH,0.0283138615455991
2017-05-05,X002508.SZ,0.0293506504420209
2017-05-08,X600104.SH,0.032895604788679
2017-05-09,X002475.SZ,0.028580778084893
2017-05-10,X600741.SH,0.0332560694150747
2017-05-11,X300115.SZ,0.0334568893587318
2017-05-12,X600867.SH,0.0279870031737357
2017-05-15,X002085.SZ,0.0332594619090862
2017-05-16,X002008.SZ,0.0338728080188544
2017-05-17,X600809.SH,0.0300771707970202
2017-05-18,X600809.SH,0.0343846121300994
2017-05-19,X002007.SZ,0.0306858787717385
2017-05-22,X600566.SH,0.0325501223683232
2017-05-23,X000063.SZ,0.0242511125683449
2017-05-24,X002085.SZ,0.0262871054053442
2017-05-25,X002085.SZ,0.0265184031972049
2017-05-26,X600031.SH,0.0277319704159559
2017-05-31,X000066.SZ,0.0259328643249939
2017-06-01,X002085.SZ,0.0237135886528895
2017-06-02,X002180.SZ,0.0304105248603656
2017-06-05,X300003.SZ,0.0301410274759447
2017-06-06,X002085.SZ,0.0282783271424398
2017-06-07,X002085.SZ,0.0264590362969865
2017-06-08,X002508.SZ,0.0299812146240082
2017-06-09,X002508.SZ,0.028880963938152
2017-06-12,X002085.SZ,0.0300743171375465
2017-06-13,X000100.SZ,0.0309558892006967
2017-06-14,X002304.SZ,0.0298091083435169
2017-06-15,X600089.SH,0.0279271934305753
2017-06-16,X300124.SZ,0.0324962992944764
2017-06-19,X002236.SZ,0.0337540742504697
2017-06-20,X300124.SZ,0.0302559727667847
2017-06-21,X600519.SH,0.0300301856750378
2017-06-22,X002304.SZ,0.0300565415623254
2017-06-23,X000338.SZ,0.0294475295624194
2017-06-26,X002236.SZ,0.0329375147636504
2017-06-27,X600566.SH,0.0295064547228313
2017-06-28,X600699.SH,0.0301464395685102
2017-06-29,X600566.SH,0.0271730599356899
2017-06-30,X000338.SZ,0.033280810919437
2017-07-03,X002085.SZ,0.0306850066718633
2017-07-04,X002085.SZ,0.0339161234591687
2017-07-05,X002007.SZ,0.0275920953554383
2017-07-06,X002007.SZ,0.0288265706160497
2017-07-07,X002007.SZ,0.0271378671208218
2017-07-10,X600566.SH,0.0245596949416547
2017-07-11,X600566.SH,0.0247972610123915
2017-07-12,X002007.SZ,0.0323770514549512
2017-07-13,X002085.SZ,0.0321489454572134
2017-07-14,X002085.SZ,0.0329054335459719
2017-07-17,X600699.SH,0.0334281349538134
2017-07-18,X600566.SH,0.0362948207761782
2017-07-19,X600699.SH,0.0355110791737254
2017-07-20,X600699.SH,0.0336583657328415
2017-07-21,X002085.SZ,0.0327982334068641
2017-07-24,X600690.SH,0.0307606771120451
2017-07-25,X000623.SZ,0.0277952156633869
2017-07-26,X000623.SZ,0.0308686709637417
2017-07-27,X600699.SH,0.0220002004877402
2017-07-28,X600699.SH,0.0303095982916159
2017-07-31,X600699.SH,0.0322014606868295
2017-08-01,X600699.SH,0.0341599988274831
2017-08-02,X600699.SH,0.0354715346585734
2017-08-03,X002085.SZ,0.0328681999860041
2017-08-04,X600031.SH,0.0330141883319026
2017-08-07,X002007.SZ,0.02859511414991
2017-08-08,X002085.SZ,0.0260949599406919
2017-08-09,X601877.SH,0.0319451244857604
2017-08-10,X000981.SZ,0.0307496521766698
2017-08-11,X600104.SH,0.027664124450126
2017-08-14,X000559.SZ,0.0314979406142027
2017-08-15,X600104.SH,0.0310419159947174
2017-08-16,X002085.SZ,0.0287325250034147
2017-08-17,X002085.SZ,0.0313026665793828
2017-08-18,X600809.SH,0.0213702042675535
2017-08-21,X600809.SH,0.0311665942846016
2017-08-22,X600809.SH,0.0336722661922912
2017-08-23,X002294.SZ,0.0258835003936395
2017-08-24,X600104.SH,0.0334924737731013
2017-08-25,X000981.SZ,0.0301171657034555
2017-08-28,X000981.SZ,0.0269496938898723
2017-08-29,X600104.SH,0.0266576569454664
2017-08-30,X600867.SH,0.0321107576500901
2017-08-31,X600867.SH,0.0283583735158158
2017-09-01,X002180.SZ,0.0276466046605667
2017-09-04,X300003.SZ,0.0288092393626323
2017-09-05,X600276.SH,0.0240289684756783
2017-09-06,X600276.SH,0.0257367931175382
2017-09-07,X002180.SZ,0.0262051564915627
2017-09-08,X002074.SZ,0.0289156158019705
2017-09-11,X000725.SZ,0.0311200622306994
2017-09-12,X600276.SH,0.031321839552111
2017-09-13,X000050.SZ,0.0276329458328562
2017-09-14,X000050.SZ,0.0329523890247209
2017-09-15,X002074.SZ,0.033087337438616
2017-09-18,X002074.SZ,0.0320023696607282
2017-09-19,X600276.SH,0.029292143512778
2017-09-20,X600276.SH,0.0312579194106069
2017-09-21,X000157.SZ,0.0336964386379832
2017-09-22,X600703.SH,0.0360093614906659
2017-09-25,X300115.SZ,0.0354298563689303
2017-09-26,X000725.SZ,0.0325626882602141
2017-09-27,X002180.SZ,0.0322854044258778
2017-09-28,X000338.SZ,0.0326911475525257
2017-09-29,X000338.SZ,0.0268434246725938
2017-10-09,X600031.SH,0.0325939878502946
2017-10-10,X000338.SZ,0.031769449371521
2017-10-11,X002236.SZ,0.0337704469454286
2017-10-12,X000338.SZ,0.0315590838669966
2017-10-13,X600031.SH,0.0306841555375607
2017-10-16,X002236.SZ,0.0310281235573149
2017-10-17,X600703.SH,0.0357867640394768
2017-10-18,X600031.SH,0.034845562280328
2017-10-19,X300003.SZ,0.032943244254605
2017-10-20,X300124.SZ,0.0363940900065448
2017-10-23,X600703.SH,0.0297398765385619
2017-10-24,X300003.SZ,0.0299585468694331
2017-10-25,X300124.SZ,0.0308376800563962
2017-10-26,X300003.SZ,0.0351980737345223
2017-10-27,X300003.SZ,0.029891222285346
2017-10-30,X300003.SZ,0.0298054467201015
2017-10-31,X002475.SZ,0.0341926295022333
2017-11-01,X600031.SH,0.0325120688811868
2017-11-02,X600031.SH,0.0343917021346444
2017-11-03,X600031.SH,0.0351863109280481
2017-11-06,X600066.SH,0.0409074812681326
2017-11-07,X002475.SZ,0.0362886056299645
2017-11-08,X002475.SZ,0.038438931237127
2017-11-09,X002236.SZ,0.0353639352536392
2017-11-10,X002085.SZ,0.0359905708688588
2017-11-13,X000596.SZ,0.0375429931078888
2017-11-14,X002236.SZ,0.0364123629270541
2017-11-15,X002236.SZ,0.0332304229868708
2017-11-16,X600699.SH,0.0359710073466575
2017-11-17,X600031.SH,0.0315105525674555
2017-11-20,X600703.SH,0.0381853589784368
2017-11-21,X600031.SH,0.0363381065268945
2017-11-22,X300003.SZ,0.0370027617512255
2017-11-23,X600031.SH,0.0351082338124349
2017-11-24,X002456.SZ,0.0404218161341338
2017-11-27,X000625.SZ,0.0379220065408928
2017-11-28,X002049.SZ,0.0392668768236019
2017-11-29,X600703.SH,0.0426674493806678
2017-11-30,X002508.SZ,0.0407069752259829
2017-12-01,X600699.SH,0.0365813282370058
2017-12-04,X600699.SH,0.0315142857614883
2017-12-05,X002508.SZ,0.0404042634918869
2017-12-06,X002508.SZ,0.045754006382414
2017-12-07,X002179.SZ,0.0423455522388683
2017-12-08,X002180.SZ,0.043743681207962
2017-12-11,X000625.SZ,0.038811986411413
2017-12-12,X002180.SZ,0.0457919766087686
2017-12-13,X600066.SH,0.0433542621804127
2017-12-14,X000981.SZ,0.0415653751962081
2017-12-15,X000338.SZ,0.0397448489696348
2017-12-18,X002179.SZ,0.0332376563702305
2017-12-19,X600118.SH,0.039738530173504
2017-12-20,X600066.SH,0.0446574723769028
2017-12-21,X002508.SZ,0.0359673075299693
2017-12-22,X002508.SZ,0.0435409771156111
2017-12-25,X002508.SZ,0.0412887791087256
2017-12-26,X002180.SZ,0.0414381538335412
2017-12-27,X600118.SH,0.0371066617282074
2017-12-28,X002049.SZ,0.0376045311566262
2017-12-29,X002180.SZ,0.0384418586019286
2018-01-02,X002180.SZ,0.0406752771894476
2018-01-03,X600031.SH,0.0455040363766348
2018-01-04,X002049.SZ,0.0427299528024817
2018-01-05,X000338.SZ,0.0495759940653103
2018-01-08,X000157.SZ,0.0426593626985077
2018-01-09,X000338.SZ,0.0441259227240745
2018-01-10,X000157.SZ,0.0413351588486349
2018-01-11,X002508.SZ,0.0378352807572884
2018-01-12,X600271.SH,0.041491526645171
2018-01-15,X600201.SH,0.0367563365691059
2018-01-16,X600201.SH,0.038085975879278
2018-01-17,X600271.SH,0.0377769923331217
2018-01-18,X002241.SZ,0.0397842108081907
2018-01-19,X600271.SH,0.0386316772028648
2018-01-22,X600066.SH,0.0415365641165416
2018-01-23,X002241.SZ,0.0373181239410436
2018-01-24,X002241.SZ,0.0386454160971764
2018-01-25,X600066.SH,0.0349426424986908
2018-01-26,X600066.SH,0.0364178121954118
2018-01-29,X600066.SH,0.0328711966619146
2018-01-30,X600066.SH,0.0337924368946237
2018-01-31,X600066.SH,0.0332261432337517
2018-02-01,X600066.SH,0.0317775416435807
2018-02-02,X600066.SH,0.0294302454988886
2018-02-05,X600741.SH,0.0427304133776436
2018-02-06,X600066.SH,0.0413054628484896
2018-02-07,X000625.SZ,0.0384713718813155
2018-02-08,X601877.SH,0.0251467076315583
2018-02-09,X601877.SH,0.0429189449475926
2018-02-12,X300136.SZ,0.0386959746540649
2018-02-13,X300136.SZ,0.0402315634872004
2018-02-14,X600066.SH,0.0329660643550467
2018-02-22,X601877.SH,0.0313156540978814
2018-02-23,X600741.SH,0.0431341311083267
2018-02-26,X601877.SH,0.0440994219632111
2018-02-27,X600066.SH,0.0364588808866048
2018-02-28,X600741.SH,0.0398804267963465
2018-03-01,X300142.SZ,0.0406719288326197
2018-03-02,X000651.SZ,0.040055341584292
2018-03-05,X300142.SZ,0.0387612149298792
2018-03-06,X300142.SZ,0.0337218172929659
2018-03-07,X600031.SH,0.0340285508589433
2018-03-08,X600031.SH,0.0392621149763654
2018-03-09,X601877.SH,0.0394692872909989
2018-03-12,X600031.SH,0.0359162653593017
2018-03-13,X300142.SZ,0.0352909608124954
2018-03-14,X600104.SH,0.0430097576435909
2018-03-15,X600031.SH,0.0433323869172947
2018-03-16,X000661.SZ,0.0432662785809471
2018-03-19,X000568.SZ,0.0430532035170106
2018-03-20,X600031.SH,0.0400003408163894
2018-03-21,X600031.SH,0.0382136269624686
2018-03-22,X600104.SH,0.0456063463110237
2018-03-23,X000661.SZ,0.038628348039814
2018-03-26,X000596.SZ,0.0407601515487875
2018-03-27,X002007.SZ,0.0345984765305233
2018-03-28,X000981.SZ,0.0382120686804059
2018-03-29,X000661.SZ,0.0423548511371931
2018-03-30,X000661.SZ,0.0376390847493833
2018-04-02,X000661.SZ,0.038890277210191
2018-04-03,X000661.SZ,0.0410936051274898
2018-04-04,X600741.SH,0.0401096479932442
2018-04-09,X000981.SZ,0.0382112228041654
2018-04-10,X000661.SZ,0.0464016515261564
2018-04-11,X600867.SH,0.0323598091165207
2018-04-12,X600867.SH,0.0326276411285604
2018-04-13,X002007.SZ,0.0387635198479543
2018-04-16,X600867.SH,0.0451177610157105
2018-04-17,X000568.SZ,0.0466812130459744
2018-04-18,X000981.SZ,0.0444899197849161
2018-04-19,X600566.SH,0.0512915838195471
2018-04-20,X000977.SZ,0.0534355089518655
2018-04-23,X002008.SZ,0.0487514738328041
2018-04-24,X000981.SZ,0.0430063810820471
2018-04-25,X002008.SZ,0.0443036255180145
2018-04-26,X002456.SZ,0.0455584657509318
2018-04-27,X600066.SH,0.0467096267602871
2018-05-02,X600104.SH,0.0482045292079503
2018-05-03,X600707.SH,0.0514959057032445
2018-05-04,X000977.SZ,0.0440680110532223
2018-05-07,X000100.SZ,0.0502299066530258
2018-05-08,X600066.SH,0.049065286934582
2018-05-09,X600066.SH,0.0489174314680846
2018-05-10,X600104.SH,0.0455580024745118
2018-05-11,X600104.SH,0.0350969743350034
2018-05-14,X600104.SH,0.0330378761254734
2018-05-15,X600066.SH,0.0446313610012437
2018-05-16,X600104.SH,0.0367948625355972
2018-05-17,X600104.SH,0.0334944674556931
2018-05-18,X600104.SH,0.0343620968611245
2018-05-21,X300124.SZ,0.0417982150911793
2018-05-22,X000157.SZ,0.0374187045276995
2018-05-23,X600177.SH,0.0401320807595825
2018-05-24,X600177.SH,0.0439893920131031
2018-05-25,X601877.SH,0.0457580829209538
2018-05-28,X601877.SH,0.0388646108072199
2018-05-29,X000981.SZ,0.0364580419040339
2018-05-30,X601877.SH,0.0374807545835048
2018-05-31,X600703.SH,0.0455510596907809
2018-06-01,X002236.SZ,0.0440695663254888
2018-06-04,X002236.SZ,0.049037946703353
2018-06-05,X000651.SZ,0.0434093231319677
2018-06-06,X000651.SZ,0.038718266261786
2018-06-07,X600741.SH,0.0452248518785314
2018-06-08,X300136.SZ,0.0469264294522457
2018-06-11,X300136.SZ,0.0418101720971218
2018-06-12,X300136.SZ,0.0404901734930526
2018-06-13,X300136.SZ,0.0453879238417667
2018-06-14,X600741.SH,0.0425591007200334
2018-06-15,X601877.SH,0.0420306004266134
2018-06-19,X601877.SH,0.0416161500043012
2018-06-20,X600104.SH,0.0419335055749816
2018-06-21,X000063.SZ,0.0432496451258562
2018-06-22,X601877.SH,0.0432822653780792
2018-06-25,X600031.SH,0.052485578252307
2018-06-26,X601877.SH,0.0481543280331293
2018-06-27,X601877.SH,0.036406477654673
2018-06-28,X601877.SH,0.0399232318242147
2018-06-29,X600104.SH,0.0389109929647819
2018-07-02,X600104.SH,0.0393445520148122
2018-07-03,X600104.SH,0.03899070141137
2018-07-04,X000977.SZ,0.0428918465697857
2018-07-05,X601877.SH,0.0449931396524539
2018-07-06,X601877.SH,0.0435721150016524
2018-07-09,X601877.SH,0.0311598334039627
2018-07-10,X002179.SZ,0.0415444516282314
2018-07-11,X002179.SZ,0.043224784816747
2018-07-12,X002179.SZ,0.0461521989483586
2018-07-13,X002179.SZ,0.0385935910191001
2018-07-16,X002179.SZ,0.0381771395424063
2018-07-17,X000977.SZ,0.0486327343851192
2018-07-18,X002179.SZ,0.0470564418630595
2018-07-19,X002179.SZ,0.0422128028370204
2018-07-20,X300136.SZ,0.0441322619998071
2018-07-23,X601877.SH,0.0399342285818762
2018-07-24,X600867.SH,0.0363525235054181
2018-07-25,X601877.SH,0.0446473314871578
2018-07-26,X600867.SH,0.0406778704854179
2018-07-27,X002236.SZ,0.0414917688009899
2018-07-30,X002179.SZ,0.0425491167680001
2018-07-31,X002179.SZ,0.040436270016711
2018-08-01,X002236.SZ,0.0446875469115514
2018-08-02,X002179.SZ,0.0475767239658004
2018-08-03,X002179.SZ,0.0457440099475748
2018-08-06,X002179.SZ,0.0471179220808649
2018-08-07,X002179.SZ,0.0450319356276571
2018-08-08,X002236.SZ,0.0453912025430801
2018-08-09,X002180.SZ,0.0452615326225612
2018-08-10,X002180.SZ,0.0455015932151276
2018-08-13,X600271.SH,0.0448489549821705
2018-08-14,X002179.SZ,0.0458302139417896
2018-08-15,X002179.SZ,0.0431256619658825
2018-08-16,X002179.SZ,0.0412899054009108
2018-08-17,X002179.SZ,0.0397654644015204
2018-08-20,X002179.SZ,0.0384610029195786
2018-08-21,X002179.SZ,0.0462306518333475
2018-08-22,X002179.SZ,0.047240488194965
2018-08-23,X002049.SZ,0.0481793373126376
2018-08-24,X300124.SZ,0.0606948093478709
2018-08-27,X002007.SZ,0.0579857869360031
2018-08-28,X300124.SZ,0.0425057331221714
2018-08-29,X002179.SZ,0.044430594649158
2018-08-30,X300124.SZ,0.0433967286030905
2018-08-31,X002179.SZ,0.0442215951901732
2018-09-03,X002179.SZ,0.0418996545116674
2018-09-04,X600809.SH,0.0479039743537733
2018-09-05,X600809.SH,0.0459507338710915
2018-09-06,X002179.SZ,0.0428222146899318
2018-09-07,X002179.SZ,0.0401957599807214
2018-09-10,X002236.SZ,0.0439906592468142
2018-09-11,X002236.SZ,0.0505524272338981
2018-09-12,X300124.SZ,0.0355603451163353
2018-09-13,X002179.SZ,0.0403340415111626
2018-09-14,X600498.SH,0.05154753933849
2018-09-17,X000625.SZ,0.0485371725372336
2018-09-18,X002475.SZ,0.0445956499286147
2018-09-19,X002179.SZ,0.0480690290079524
2018-09-20,X600372.SH,0.0442026135295078
2018-09-21,X002506.SZ,0.0425696886776362
2018-09-25,X300142.SZ,0.0439064403764173
2018-09-26,X002475.SZ,0.0372564706087642
2018-09-27,X002475.SZ,0.0421112662748497
2018-09-28,X002506.SZ,0.0337597147272082
2018-10-08,X300146.SZ,0.043737966272241
2018-10-09,X002506.SZ,0.0403454817612098
2018-10-10,X300124.SZ,0.0342291719618919
2018-10-11,X000981.SZ,0.0366173849886362
2018-10-12,X002506.SZ,0.0401474561840121
2018-10-15,X002506.SZ,0.0382453355356833
2018-10-16,X000981.SZ,0.0429284978224391
2018-10-17,X002506.SZ,0.0430643619382133
2018-10-18,X002506.SZ,0.0379913783113234
2018-10-19,X002506.SZ,0.0408204420359769
2018-10-22,X002506.SZ,0.0382056223894793
2018-10-23,X600498.SH,0.0488864817351356
2018-10-24,X002236.SZ,0.0504703055639118
2018-10-25,X600498.SH,0.0464273818347709
2018-10-26,X300136.SZ,0.0471161131146687
2018-10-29,X300136.SZ,0.0454825744725003
2018-10-30,X000981.SZ,0.0431333119047012
2018-10-31,X000981.SZ,0.0446729020884231
2018-11-01,X000981.SZ,0.0495023202784976
2018-11-02,X002236.SZ,0.0460303859725305
2018-11-05,X600867.SH,0.0439018611176521
2018-11-06,X002506.SZ,0.0451499627428746
2018-11-07,X002506.SZ,0.0422086637422032
2018-11-08,X002506.SZ,0.0437669027503016
2018-11-09,X002179.SZ,0.0450010940303359
2018-11-12,X000661.SZ,0.0448478368726088
2018-11-13,X000661.SZ,0.043723203535562
2018-11-14,X600372.SH,0.03994646612118
2018-11-15,X600566.SH,0.0423909866732712
2018-11-16,X600867.SH,0.0384064602596794
2018-11-19,X600566.SH,0.0396370990205535
2018-11-20,X000661.SZ,0.0471458292134605
2018-11-21,X300003.SZ,0.0448627216977122
2018-11-22,X600372.SH,0.0389327129100341
2018-11-23,X600867.SH,0.0467383354794575
2018-11-26,X002475.SZ,0.0476251844127735
2018-11-27,X600867.SH,0.0469509813641526
2018-11-28,X600867.SH,0.0480936628458364
2018-11-29,X002475.SZ,0.0448358744662247
2018-11-30,X002475.SZ,0.0471261535477203
2018-12-03,X600867.SH,0.0486029530859294
2018-12-04,X600372.SH,0.0399490657685376
2018-12-05,X600498.SH,0.0490797650012637
2018-12-06,X600867.SH,0.0453859472549015
2018-12-07,X002475.SZ,0.0437084515114395
2018-12-10,X002475.SZ,0.0412900110853681
2018-12-11,X002475.SZ,0.0427262070354617
2018-12-12,X002475.SZ,0.0463576707929594
2018-12-13,X600566.SH,0.0435034360131395
2018-12-14,X600566.SH,0.0448637792657091
2018-12-17,X600566.SH,0.0484344842308286
2018-12-18,X002506.SZ,0.0432996495008113
2018-12-19,X002506.SZ,0.0455630996177923
2018-12-20,X600699.SH,0.048015205147726
2018-12-21,X600699.SH,0.0436348213139352
2018-12-24,X002179.SZ,0.0471753828542704
2018-12-25,X300142.SZ,0.0501258516673438
2018-12-26,X600566.SH,0.0467148375682349
2018-12-27,X600566.SH,0.0483049042852979
2018-12-28,X600566.SH,0.0388165307825893
2019-01-02,X600276.SH,0.0532681462489467
2019-01-03,X002475.SZ,0.0422178975144601
2019-01-04,X600703.SH,0.0448011368301567
2019-01-07,X002179.SZ,0.0367541982461117
2019-01-08,X600867.SH,0.0480947243088791
2019-01-09,X002179.SZ,0.0428451970120184
2019-01-10,X002179.SZ,0.0449075898362772
2019-01-11,X600867.SH,0.0480820085630729
2019-01-14,X600776.SH,0.0474954110844304
2019-01-15,X300142.SZ,0.0499509507280504
2019-01-16,X300142.SZ,0.043541566972084
2019-01-17,X002475.SZ,0.0404214952324075
2019-01-18,X002475.SZ,0.0465711660941062
2019-01-21,X002475.SZ,0.0410723539203669
2019-01-22,X002475.SZ,0.0398416941374371
2019-01-23,X002475.SZ,0.041607023168383
2019-01-24,X002475.SZ,0.0385207119685283
2019-01-25,X002475.SZ,0.0359691487503769
2019-01-28,X002475.SZ,0.0396753204333687
2019-01-29,X002007.SZ,0.0463671217783715
2019-01-30,X300124.SZ,0.0443266859665311
2019-01-31,X002475.SZ,0.0456728500096003
2019-02-01,X600867.SH,0.047950522111178
2019-02-11,X600271.SH,0.0392364250998179
2019-02-12,X002475.SZ,0.03761687481428
2019-02-13,X600271.SH,0.0420577876979752
2019-02-14,X600276.SH,0.0329373044558181
2019-02-15,X600276.SH,0.0330094741731345
2019-02-18,X600776.SH,0.0374487882558255
2019-02-19,X600776.SH,0.0391167272040811
2019-02-20,X600776.SH,0.0387041553886717
2019-02-21,X600776.SH,0.0387877000226734
2019-02-22,X002475.SZ,0.0483036323865677
2019-02-25,X600776.SH,0.0393793548444683
2019-02-26,X600776.SH,0.0458523452358804
2019-02-27,X002475.SZ,0.0442873219397867
2019-02-28,X002475.SZ,0.0495714425004768
2019-03-01,X002506.SZ,0.0461529684588727
2019-03-04,X600271.SH,0.0493475775187303
2019-03-05,X600271.SH,0.0450630696873513
2019-03-06,X600867.SH,0.0484773613973786
2019-03-07,X002475.SZ,0.0512714967862112
2019-03-08,X002007.SZ,0.0429780349889711
2019-03-11,X600776.SH,0.0420582942028823
2019-03-12,X002475.SZ,0.0500131633766759
2019-03-13,X300142.SZ,0.0451401175988148
2019-03-14,X300142.SZ,0.0465839409472018
2019-03-15,X002475.SZ,0.0448029890814112
2019-03-18,X002179.SZ,0.0436198271858189
2019-03-19,X300124.SZ,0.0399225527022191
2019-03-20,X002179.SZ,0.04871732038974
2019-03-21,X300124.SZ,0.0442005347804219
2019-03-22,X002371.SZ,0.0516069069518424
2019-03-25,X300124.SZ,0.0458187294919116
2019-03-26,X000050.SZ,0.0516134086574707
2019-03-27,X002371.SZ,0.0451932651124746
2019-03-28,X002371.SZ,0.0508374863061509
2019-03-29,X300146.SZ,0.0449156063915855
2019-04-01,X300146.SZ,0.0434076460510866
2019-04-02,X600776.SH,0.0527199337617676
2019-04-03,X002371.SZ,0.0460967843641952
2019-04-04,X002371.SZ,0.0516541731132771
2019-04-08,X002508.SZ,0.0534284128582702
2019-04-09,X300146.SZ,0.0482748453551493
2019-04-10,X002180.SZ,0.0468642844156428
2019-04-11,X002180.SZ,0.0525544331538455
2019-04-12,X000050.SZ,0.0454847466810838
2019-04-15,X002508.SZ,0.052048841436501
2019-04-16,X002180.SZ,0.0452331247572426
2019-04-17,X600776.SH,0.0483763859057293
2019-04-18,X002180.SZ,0.050086507575712
2019-04-19,X600703.SH,0.060402322670189
2019-04-22,X600703.SH,0.0586870190321394
2019-04-23,X600776.SH,0.0493106510461524
2019-04-24,X600703.SH,0.0686303236598186
2019-04-25,X002007.SZ,0.059821462767867
2019-04-26,X600867.SH,0.058731281262732
2019-04-29,X000625.SZ,0.0569173820314664
2019-04-30,X002506.SZ,0.0566293858870755
2019-05-06,X002129.SZ,0.0604187984384271
2019-05-07,X002506.SZ,0.0597919491919201
2019-05-08,X002129.SZ,0.0564509682788854
2019-05-09,X000625.SZ,0.061818875067395
2019-05-10,X600066.SH,0.0641040301040637
2019-05-13,X000050.SZ,0.0556648600629352
2019-05-14,X002506.SZ,0.0583546606721878
2019-05-15,X002506.SZ,0.0544301457075188
2019-05-16,X002506.SZ,0.0572221712893137
2019-05-17,X002506.SZ,0.0450257226495466
2019-05-20,X000066.SZ,0.0647027487269317
2019-05-21,X002129.SZ,0.0545793649609766
2019-05-22,X002506.SZ,0.0550783122640776
2019-05-23,X000066.SZ,0.0593143663768755
2019-05-24,X000066.SZ,0.0598597208975083
2019-05-27,X600276.SH,0.053185821227664
2019-05-28,X000050.SZ,0.0478015376315768
2019-05-29,X002506.SZ,0.040850909115081
2019-05-30,X002506.SZ,0.0428144029310831
2019-05-31,X002506.SZ,0.0502893338326142
2019-06-03,X002506.SZ,0.0466889805368023
2019-06-04,X002506.SZ,0.0409577840908692
2019-06-05,X000050.SZ,0.0475957300893993
2019-06-06,X002241.SZ,0.0565012636394647
2019-06-10,X000050.SZ,0.051353524974327
2019-06-11,X600276.SH,0.0586708063611352
2019-06-12,X002506.SZ,0.0438462017733325
2019-06-13,X002506.SZ,0.0387272593204281
2019-06-14,X002506.SZ,0.0459591273542355
2019-06-17,X600703.SH,0.0413593888644606
2019-06-18,X600776.SH,0.0443780456231101
2019-06-19,X002506.SZ,0.0418045436548099
2019-06-20,X600703.SH,0.0443626660551276
2019-06-21,X600703.SH,0.0447507996384141
2019-06-24,X600703.SH,0.0449179348981754
2019-06-25,X600703.SH,0.0482712468408248
2019-06-26,X600703.SH,0.044611629982188
2019-06-27,X600703.SH,0.047100522765765
2019-06-28,X600703.SH,0.0445018089863105
2019-07-01,X600703.SH,0.0452218793939751
2019-07-02,X600703.SH,0.0443718164732974
2019-07-03,X600703.SH,0.0471931977579082
2019-07-04,X600703.SH,0.0440034191095309
2019-07-05,X600703.SH,0.042476109015697
2019-07-08,X600703.SH,0.0446740202730448
2019-07-09,X002415.SZ,0.0440588319893811
2019-07-10,X600703.SH,0.0463530991708782
2019-07-11,X600703.SH,0.0496848145617687
2019-07-12,X002179.SZ,0.0496229124938959
2019-07-15,X002179.SZ,0.0454056842203405
2019-07-16,X002241.SZ,0.0494846265416423
2019-07-17,X002129.SZ,0.0434425370272909
2019-07-18,X002129.SZ,0.043531972591923
2019-07-19,X300014.SZ,0.0526439129047625
2019-07-22,X002236.SZ,0.0530598975035553
2019-07-23,X002236.SZ,0.0524706332011485
2019-07-24,X600276.SH,0.052165148885375
2019-07-25,X000066.SZ,0.0428222681869135
2019-07-26,X002129.SZ,0.0549092000235009
2019-07-29,X300146.SZ,0.0475780956326356
2019-07-30,X002506.SZ,0.0435571060178801
2019-07-31,X000066.SZ,0.0438764045850622
2019-08-01,X002129.SZ,0.0471351526161829
2019-08-02,X002304.SZ,0.0489271987443608
2019-08-05,X002129.SZ,0.0431486803913065
2019-08-06,X300003.SZ,0.0379247227690403
2019-08-07,X300003.SZ,0.0314833221523077
2019-08-08,X000977.SZ,0.0385804810917409
2019-08-09,X000157.SZ,0.044207785815707
2019-08-12,X000157.SZ,0.0512356934020876
2019-08-13,X002049.SZ,0.0425635678446072
2019-08-14,X300003.SZ,0.0355023442125871
2019-08-15,X300142.SZ,0.0375566174176549
2019-08-16,X002180.SZ,0.0441331170756143
2019-08-19,X600066.SH,0.0377492612168306
2019-08-20,X600177.SH,0.0409640897863217
2019-08-21,X002129.SZ,0.0388140267256915
2019-08-22,X000157.SZ,0.0403100181327692
2019-08-23,X600177.SH,0.0427004780201962
2019-08-26,X300146.SZ,0.0327458494688934
2019-08-27,X300146.SZ,0.0343730722244653
2019-08-28,X300003.SZ,0.0361410745626164
2019-08-29,X300003.SZ,0.0389507865393347
2019-08-30,X300146.SZ,0.0393782268352
2019-09-02,X300003.SZ,0.0361876630806141
2019-09-03,X300014.SZ,0.0440353961437025
2019-09-04,X000157.SZ,0.0417455095615959
2019-09-05,X300003.SZ,0.0444121131225837
2019-09-06,X000157.SZ,0.0460629888474316
2019-09-09,X000157.SZ,0.0410708596600946
2019-09-10,X300003.SZ,0.0404999186777874
2019-09-11,X002179.SZ,0.0410009163794367
2019-09-12,X300003.SZ,0.0396487242371894
2019-09-16,X000568.SZ,0.0490864130357704
2019-09-17,X300014.SZ,0.0459125681587275
2019-09-18,X000157.SZ,0.0486727490153872
2019-09-19,X002463.SZ,0.0401944383562761
2019-09-20,X002180.SZ,0.045327209840812
2019-09-23,X002371.SZ,0.0405803214119043
2019-09-24,X002180.SZ,0.0360394576543449
2019-09-25,X000651.SZ,0.0456243526998314
2019-09-26,X002180.SZ,0.043560402601067
2019-09-27,X600066.SH,0.048375710398098
2019-09-30,X600066.SH,0.0437286645596898
2019-10-08,X002008.SZ,0.0434893401607625
2019-10-09,X600741.SH,0.0459130696257773
2019-10-10,X600741.SH,0.0486190750932649
2019-10-11,X000651.SZ,0.0399801751852802
2019-10-14,X000651.SZ,0.0451441411264332
2019-10-15,X000651.SZ,0.0426324607184604
2019-10-16,X000651.SZ,0.0457937828080746
2019-10-17,X300003.SZ,0.0447488020348166
2019-10-18,X000596.SZ,0.041943849151967
2019-10-21,X000661.SZ,0.0428676105672639
2019-10-22,X000661.SZ,0.0410091324242651
2019-10-23,X600066.SH,0.0446903675748041
2019-10-24,X000596.SZ,0.0477770785897112
2019-10-25,X000651.SZ,0.0402802830212227
2019-10-28,X000651.SZ,0.0446881069323265
2019-10-29,X000651.SZ,0.044225457567926
2019-10-30,X000661.SZ,0.0411571974127871
2019-10-31,X000651.SZ,0.0403519944664999
2019-11-01,X300014.SZ,0.0447347721786289
2019-11-04,X600741.SH,0.0403747321731094
2019-11-05,X002506.SZ,0.0378645389512676
2019-11-06,X600741.SH,0.0419427659424794
2019-11-07,X300014.SZ,0.0404148130592189
2019-11-08,X002506.SZ,0.0413267845734661
2019-11-11,X002180.SZ,0.0390696976997481
2019-11-12,X002506.SZ,0.0296072316013769
2019-11-13,X300014.SZ,0.0367792354314633
2019-11-14,X002506.SZ,0.0352505230198106
2019-11-15,X000651.SZ,0.0368790407237613
2019-11-18,X000651.SZ,0.0421830478367081
2019-11-19,X300014.SZ,0.0390202832660911
2019-11-20,X000651.SZ,0.0397457275400639
2019-11-21,X002506.SZ,0.0381989145679691
2019-11-22,X000651.SZ,0.0356342805338367
2019-11-25,X002180.SZ,0.0441822786352509
2019-11-26,X300014.SZ,0.0389419562058818
2019-11-27,X003816.SZ,0.0308057846737894
2019-11-28,X300014.SZ,0.0324440338002035
2019-11-29,X003816.SZ,0.0372389318050542
2019-12-02,X300014.SZ,0.0380816427074373
2019-12-03,X000651.SZ,0.0340749954682459
2019-12-04,X300014.SZ,0.0412622209451191
2019-12-05,X600104.SH,0.0362280884095047
2019-12-06,X002506.SZ,0.0380454970289944
2019-12-09,X000651.SZ,0.037398196535595
2019-12-10,X300014.SZ,0.0370815361737674
2019-12-11,X000625.SZ,0.0416048641966621
2019-12-12,X000625.SZ,0.0409129393980624
2019-12-13,X600104.SH,0.0354725833152615
2019-12-16,X300142.SZ,0.043140133152846
2019-12-17,X002415.SZ,0.0424505777493637
2019-12-18,X300142.SZ,0.0425894233646441
2019-12-19,X002506.SZ,0.0362184221607722
2019-12-20,X003816.SZ,0.0427623446807556
2019-12-23,X601877.SH,0.0341848956541986
2019-12-24,X002180.SZ,0.0405016101039057
2019-12-25,X002180.SZ,0.0401653905060641
2019-12-26,X000625.SZ,0.0378185432470079
2019-12-27,X003816.SZ,0.0378871960921988
2019-12-30,X000625.SZ,0.0379213418370919
2019-12-31,X600066.SH,0.0356735473633795
2020-01-02,X600066.SH,0.0351559395206224
2020-01-03,X000651.SZ,0.0367392394339138
2020-01-06,X000157.SZ,0.0346485822026422
2020-01-07,X600066.SH,0.0379875106140828
2020-01-08,X600690.SH,0.0402959330295219
2020-01-09,X000625.SZ,0.0355516146948393
2020-01-10,X600690.SH,0.0414223268757263
2020-01-13,X600690.SH,0.0418183970689028
2020-01-14,X003816.SZ,0.0463735069434144
2020-01-15,X300142.SZ,0.0469019184247776
2020-01-16,X000651.SZ,0.0383309465119654
2020-01-17,X000651.SZ,0.0384992698868283
2020-01-20,X300014.SZ,0.0371911689295245
2020-01-21,X002508.SZ,0.0377476561287935
2020-01-22,X600690.SH,0.0379805943548202
2020-01-23,X600066.SH,0.0500176992217816
2020-02-03,X600183.SH,0.0491554506127887
2020-02-04,X000100.SZ,0.0449214352858722
2020-02-05,X600183.SH,0.0533262733763523
2020-02-06,X002179.SZ,0.0456148038527363
2020-02-07,X300003.SZ,0.0579922651457312
2020-02-10,X600741.SH,0.053310435090252
2020-02-11,X002007.SZ,0.0486201336283523
2020-02-12,X002007.SZ,0.0466917552395901
2020-02-13,X002007.SZ,0.0398862622852697
2020-02-14,X002007.SZ,0.0502057741718736
2020-02-17,X002007.SZ,0.0521323587319223
2020-02-18,X600584.SH,0.0485227121914807
2020-02-19,X002007.SZ,0.043639094616802
2020-02-20,X002007.SZ,0.0397966850561022
2020-02-21,X002007.SZ,0.0471974387959891
2020-02-24,X002007.SZ,0.0359554679954838
2020-02-25,X002007.SZ,0.0462685427778332
2020-02-26,X002049.SZ,0.0511084150911784
2020-02-27,X002007.SZ,0.0503103216199806
2020-02-28,X002223.SZ,0.0568107259123137
2020-03-02,X002223.SZ,0.0567466540986077
2020-03-03,X600741.SH,0.0616898187119239
2020-03-04,X600741.SH,0.0683989956990724
2020-03-05,X000661.SZ,0.0550896229658017
2020-03-06,X002007.SZ,0.0662806877824476
2020-03-09,X300014.SZ,0.0660374856063994
2020-03-10,X600118.SH,0.0789436112706503
2020-03-11,X002007.SZ,0.0650346349431224
2020-03-12,X002007.SZ,0.0685556067265269
2020-03-13,X002414.SZ,0.0614939780700381
2020-03-16,X600118.SH,0.0614376701444989
2020-03-17,X600118.SH,0.0596776667064272
2020-03-18,X002414.SZ,0.0555067916050923
2020-03-19,X002007.SZ,0.0654379529706073
2020-03-20,X600118.SH,0.0654741015189807
2020-03-23,X002414.SZ,0.0683734225893564
2020-03-24,X002007.SZ,0.0652553490002589
2020-03-25,X002414.SZ,0.0804261269624265
2020-03-26,X002007.SZ,0.0639077938249755
2020-03-27,X600118.SH,0.0587613354134492
2020-03-30,X600519.SH,0.0535686493340578
2020-03-31,X002414.SZ,0.0558486934421895
2020-04-01,X600118.SH,0.0537826652128641
2020-04-02,X002223.SZ,0.0591566058044714
2020-04-03,X600118.SH,0.0593850536925388
2020-04-07,X600118.SH,0.0585451499112916
2020-04-08,X002223.SZ,0.0606335049833685
2020-04-09,X002223.SZ,0.0524597854676548
2020-04-10,X002414.SZ,0.0545117971956784
2020-04-13,X002007.SZ,0.0543242428556231
2020-04-14,X002007.SZ,0.0647709554682853
2020-04-15,X002007.SZ,0.0648761971171864
2020-04-16,X002007.SZ,0.0612793465498557
2020-04-17,X600118.SH,0.0569875159338133
2020-04-20,X300003.SZ,0.0592528980119662
2020-04-21,X002179.SZ,0.0586679107828537
2020-04-22,X002223.SZ,0.0589042598691217
2020-04-23,X002223.SZ,0.0574312933262103
2020-04-24,X002007.SZ,0.0587538259831678
2020-04-27,X002007.SZ,0.0579982237435979
2020-04-28,X002223.SZ,0.0524755964782226
2020-04-29,X002223.SZ,0.056224289843818
2020-04-30,X002223.SZ,0.0470254759372613
2020-05-06,X002223.SZ,0.0474537951282533
2020-05-07,X002179.SZ,0.0509965032089338
2020-05-08,X002223.SZ,0.0424663538340454
2020-05-11,X002179.SZ,0.0452889020523421
2020-05-12,X300003.SZ,0.0766116390919099
2020-05-13,X300003.SZ,0.064900262850267
2020-05-14,X002007.SZ,0.046272084896379
2020-05-15,X300003.SZ,0.0532885154800464
2020-05-18,X002223.SZ,0.0567236085628589
2020-05-19,X002007.SZ,0.0606310605411194
2020-05-20,X000021.SZ,0.0639397240955309
2020-05-21,X000977.SZ,0.0742358212249598
2020-05-22,X002007.SZ,0.0407041363098823
2020-05-25,X002007.SZ,0.0493953670118709
2020-05-26,X002179.SZ,0.0502319813420143
2020-05-27,X002007.SZ,0.0473012448830182
2020-05-28,X002179.SZ,0.0476358468992854
2020-05-29,X002179.SZ,0.0450669557431085
2020-06-01,X002007.SZ,0.0515506081770609
2020-06-02,X002007.SZ,0.058503414167172
2020-06-03,X002179.SZ,0.0439123906440414
2020-06-04,X002179.SZ,0.0479729866005904
2020-06-05,X002179.SZ,0.0555422198864677
2020-06-08,X002179.SZ,0.0478675427413993
2020-06-09,X002007.SZ,0.0353801236490146
2020-06-10,X002007.SZ,0.0354222758661259
2020-06-11,X002179.SZ,0.051401178530822
2020-06-12,X002179.SZ,0.048888137464457
2020-06-15,X002179.SZ,0.0467381470090661
2020-06-16,X002007.SZ,0.0496017493715488
2020-06-17,X002179.SZ,0.0528677718801845
2020-06-18,X600118.SH,0.0465497191173477
2020-06-19,X600276.SH,0.0450728820145858
2020-06-22,X002007.SZ,0.0449080765381638
2020-06-23,X002007.SZ,0.043523294369059
2020-06-24,X300124.SZ,0.0423125495691894
2020-06-29,X600118.SH,0.0487438452620586
2020-06-30,X600118.SH,0.0443938248352947
2020-07-01,X600118.SH,0.0374656824772854
2020-07-02,X600118.SH,0.0492299176801766
2020-07-03,X300124.SZ,0.0484765385664475
2020-07-06,X002007.SZ,0.0491299188878348
2020-07-07,X002007.SZ,0.0392095764938
2020-07-08,X600741.SH,0.0447373025606117
2020-07-09,X600741.SH,0.0506495409551134
2020-07-10,X002007.SZ,0.0489278198183667
2020-07-13,X600118.SH,0.0513225969063739
2020-07-14,X002304.SZ,0.0512760827678964
2020-07-15,X600118.SH,0.0554094745248887
2020-07-16,X600118.SH,0.0527670677227246
2020-07-17,X600118.SH,0.057496921583077
2020-07-20,X600118.SH,0.0386406508789414
2020-07-21,X300124.SZ,0.0569601206883644
2020-07-22,X600118.SH,0.0488304576062048
2020-07-23,X300124.SZ,0.0547068231297791
2020-07-24,X300124.SZ,0.046741184999086
2020-07-27,X300124.SZ,0.0460884230262797
2020-07-28,X300124.SZ,0.0511069667594864
2020-07-29,X000800.SZ,0.0490111777903557
2020-07-30,X600118.SH,0.0596238825418257
2020-07-31,X600118.SH,0.0493010464754589
2020-08-03,X600118.SH,0.036220220115005
2020-08-04,X600118.SH,0.0398741000804947
2020-08-05,X300124.SZ,0.0491329225623983
2020-08-06,X300124.SZ,0.0476165849079322
2020-08-07,X000661.SZ,0.0531893611417671
2020-08-10,X600118.SH,0.0527718001364293
2020-08-11,X600118.SH,0.0489102804687929
2020-08-12,X300136.SZ,0.0485562373289837
2020-08-13,X600118.SH,0.0483967161098993
2020-08-14,X000661.SZ,0.052263455752377
2020-08-17,X002049.SZ,0.0574409014772955
2020-08-18,X300136.SZ,0.067039451033652
2020-08-19,X600118.SH,0.059373318262309
2020-08-20,X000661.SZ,0.053301765196628
2020-08-21,X000021.SZ,0.0734389172758746
2020-08-24,X601799.SH,0.0800244622105081
2020-08-25,X000596.SZ,0.0745205764027915
2020-08-26,X601799.SH,0.0728555320933072
2020-08-27,X000651.SZ,0.075014739287256
2020-08-28,X300124.SZ,0.0601845873147956
2020-08-31,X002180.SZ,0.0620872072050841
2020-09-01,X300136.SZ,0.0518786383399293
2020-09-02,X300136.SZ,0.0582416413561099
2020-09-03,X300136.SZ,0.0705591035477322
2020-09-04,X000661.SZ,0.0590505744070689
2020-09-07,X002414.SZ,0.0608542771111193
2020-09-08,X300136.SZ,0.0564871201084072
2020-09-09,X600104.SH,0.0658236415544327
2020-09-10,X300136.SZ,0.045247871524351
2020-09-11,X300136.SZ,0.0491174074073308
2020-09-14,X002007.SZ,0.0543388114613172
2020-09-15,X000661.SZ,0.0545032969045831
2020-09-16,X300136.SZ,0.0421045865856637
2020-09-17,X300136.SZ,0.0468455693187919
2020-09-18,X000661.SZ,0.0477510475934946
2020-09-21,X300136.SZ,0.0499128790079271
2020-09-22,X000661.SZ,0.0516380907524206
2020-09-23,X300136.SZ,0.0592553009304386
2020-09-24,X300136.SZ,0.0556997310155807
2020-09-25,X300136.SZ,0.0592188030131383
2020-09-28,X300142.SZ,0.0439032506493276
2020-09-29,X000661.SZ,0.0533513589616883
2020-09-30,X300136.SZ,0.0581917549586647
2020-10-09,X000661.SZ,0.0545765775825109
2020-10-12,X000661.SZ,0.05771370929461
2020-10-13,X002414.SZ,0.0569900463701739
2020-10-14,X002371.SZ,0.0463928140262487
2020-10-15,X000063.SZ,0.0580976568424637
2020-10-16,X000547.SZ,0.0569646557929575
2020-10-19,X000547.SZ,0.054236647839001
2020-10-20,X000800.SZ,0.0402096726108544
2020-10-21,X000625.SZ,0.0549685060357579
2020-10-22,X002049.SZ,0.0491758084562934
2020-10-23,X300142.SZ,0.0531275577429238
2020-10-26,X000800.SZ,0.0458351588111811
2020-10-27,X000800.SZ,0.0464312897274129
2020-10-28,X600690.SH,0.045014757243702
2020-10-29,X002007.SZ,0.0440560132020699
2020-10-30,X000625.SZ,0.0434916052758511
2020-11-02,X000625.SZ,0.0383027247250668
2020-11-03,X000625.SZ,0.0423575729079025
2020-11-04,X000625.SZ,0.0491296047897724
2020-11-05,X003816.SZ,0.0469897082001791
2020-11-06,X002415.SZ,0.0454433472670216
2020-11-09,X002415.SZ,0.0376609207161767
2020-11-10,X002049.SZ,0.0469357955275609
2020-11-11,X002415.SZ,0.0504839132012206
2020-11-12,X300136.SZ,0.0472755561184009
2020-11-13,X002241.SZ,0.0492632816665629
2020-11-16,X002415.SZ,0.050410687205255
2020-11-17,X003816.SZ,0.0517278664703291
2020-11-18,X000625.SZ,0.0481167490045292
2020-11-19,X300136.SZ,0.0462293711700121
2020-11-20,X002049.SZ,0.045556785984994
2020-11-23,X002049.SZ,0.0481647968399738
2020-11-24,X000596.SZ,0.0485371944436638
2020-11-25,X002508.SZ,0.0496373875313497
2020-11-26,X300136.SZ,0.0415336846039664
2020-11-27,X300136.SZ,0.0455350028718027
2020-11-30,X002508.SZ,0.0424264607856569
2020-12-01,X300136.SZ,0.0471867968855772
2020-12-02,X000625.SZ,0.0427913241053025
2020-12-03,X002049.SZ,0.0509600483821706
2020-12-04,X002241.SZ,0.0450688474579304
2020-12-07,X300014.SZ,0.0495173638553148
2020-12-08,X600690.SH,0.0479397925313075
2020-12-09,X002049.SZ,0.0556512232419885
2020-12-10,X000625.SZ,0.0535230001755154
2020-12-11,X600519.SH,0.0522271933332649
2020-12-14,X002508.SZ,0.0522179526682535
2020-12-15,X003816.SZ,0.0518597792771921
2020-12-16,X002508.SZ,0.0475302714830603
2020-12-17,X002074.SZ,0.0510736781926381
2020-12-18,X600703.SH,0.0421267926003845
2020-12-21,X000066.SZ,0.0534493924049105
2020-12-22,X002049.SZ,0.0408163754579894
2020-12-23,X000066.SZ,0.0462036557165676
2020-12-24,X002007.SZ,0.0466130521851481
2020-12-25,X600183.SH,0.0431259556408419
2020-12-28,X002415.SZ,0.0392519951070262
2020-12-29,X002508.SZ,0.0430889599857283
2020-12-30,X002304.SZ,0.0589793030338263
2020-12-31,X002049.SZ,0.0471831455867331
2021-01-04,X000066.SZ,0.0594120636014024
2021-01-05,X002074.SZ,0.0627010909822851
2021-01-06,X002415.SZ,0.0442908808237074
2021-01-07,X600183.SH,0.0491995991333417
2021-01-08,X600183.SH,0.0476488989420152
2021-01-11,X600183.SH,0.0463679842932779
2021-01-12,X000338.SZ,0.0507933860685643
2021-01-13,X000338.SZ,0.0493607014862249
2021-01-14,X000066.SZ,0.0547062639556891
2021-01-15,X000625.SZ,0.0559401626101797
2021-01-18,X000625.SZ,0.0484786911597223
2021-01-19,X000625.SZ,0.0575104572362784
2021-01-20,X000338.SZ,0.0638041256062175
2021-01-21,X600183.SH,0.0483793252928253
2021-01-22,X600519.SH,0.0509574922022577
2021-01-25,X000625.SZ,0.0509281346590205
2021-01-26,X000338.SZ,0.0578018915543306
2021-01-27,X000651.SZ,0.0569667035747843
2021-01-28,X600703.SH,0.0562045126013363
2021-01-29,X000066.SZ,0.0491956922235444
2021-02-01,X000625.SZ,0.0445499119363061
2021-02-02,X000625.SZ,0.0545212598800775
2021-02-03,X000625.SZ,0.0573788730397701
2021-02-04,X000625.SZ,0.0549704499148056
2021-02-05,X000625.SZ,0.0592909045307416
2021-02-08,X000651.SZ,0.0436010318077046
2021-02-09,X002007.SZ,0.0580203308934734
2021-02-10,X300124.SZ,0.0560512092526483
2021-02-18,X600703.SH,0.0612280696515377
2021-02-19,X600703.SH,0.0616201809984964
2021-02-22,X601877.SH,0.0645685273955565
2021-02-23,X600183.SH,0.0578800584184604
2021-02-24,X600183.SH,0.0553576862875155
2021-02-25,X000651.SZ,0.0630579477792805
2021-02-26,X600183.SH,0.0492736704658387
2021-03-01,X300142.SZ,0.0680110641280064
2021-03-02,X000063.SZ,0.0567005784404692
2021-03-03,X300142.SZ,0.0527020954055497
2021-03-04,X000066.SZ,0.0586018124938461
2021-03-05,X000157.SZ,0.0637243084983725
2021-03-08,X300142.SZ,0.0635237284675049
2021-03-09,X000625.SZ,0.0540342879001018
2021-03-10,X300142.SZ,0.0561903830474831
2021-03-11,X300142.SZ,0.0573790749853174
2021-03-12,X300142.SZ,0.058663140921562
2021-03-15,X000625.SZ,0.0540983115853846
2021-03-16,X000625.SZ,0.047798566057103
2021-03-17,X600089.SH,0.0603729745929008
2021-03-18,X300146.SZ,0.0569267559164175
2021-03-19,X600177.SH,0.057208113206543
2021-03-22,X600177.SH,0.055027446857422
2021-03-23,X300146.SZ,0.0518289885252245
2021-03-24,X300146.SZ,0.054497181525152
2021-03-25,X600177.SH,0.0545120974708242
2021-03-26,X300146.SZ,0.0523264327025099
2021-03-29,X000066.SZ,0.0572268917124056
2021-03-30,X600104.SH,0.0610150706262129
2021-03-31,X600707.SH,0.0609983761500492
2021-04-01,X600707.SH,0.0616043463911242
2021-04-02,X000066.SZ,0.051179363826702
2021-04-06,X600707.SH,0.068641360347666
2021-04-07,X300142.SZ,0.0650810679723224
2021-04-08,X600707.SH,0.0615285415306979
2021-04-09,X300142.SZ,0.0637522112905326
2021-04-12,X600707.SH,0.0514596042819205
2021-04-13,X003816.SZ,0.0540103235827999
2021-04-14,X600104.SH,0.0584672228604655
2021-04-15,X300124.SZ,0.0611949588754801
2021-04-16,X003816.SZ,0.0527008151432542
2021-04-19,X600276.SH,0.0523808400856585
2021-04-20,X600104.SH,0.0488586764940743
2021-04-21,X000977.SZ,0.0489184826214171
2021-04-22,X000625.SZ,0.0709403165824608
2021-04-23,X003816.SZ,0.0557771015093851
2021-04-26,X600707.SH,0.0523081762054105
2021-04-27,X600707.SH,0.0571859104684816
2021-04-28,X600707.SH,0.0567254972709226
2021-04-29,X600707.SH,0.0654989033489294
2021-04-30,X003816.SZ,0.059959325192552
2021-05-06,X600707.SH,0.0621127177697832
2021-05-07,X600104.SH,0.0616381913353864
2021-05-10,X600104.SH,0.0552598581720483
2021-05-11,X002074.SZ,0.0532733024376252
2021-05-12,X003816.SZ,0.0574477174764956
2021-05-13,X600104.SH,0.0585459713610777
2021-05-14,X600104.SH,0.0529568838009524
2021-05-17,X600104.SH,0.0528223120996015
2021-05-18,X600104.SH,0.0488642204038224
2021-05-19,X600104.SH,0.0556445940841302
2021-05-20,X600707.SH,0.0561135963327438
2021-05-21,X600707.SH,0.0458075932714163
2021-05-24,X003816.SZ,0.050516223514684
2021-05-25,X000066.SZ,0.0550506464600448
2021-05-26,X003816.SZ,0.0540527989604056
2021-05-27,X000066.SZ,0.0526409267093941
2021-05-28,X000661.SZ,0.0468197197178024
2021-05-31,X000661.SZ,0.0490581503503764
2021-06-01,X000661.SZ,0.0487249839632399
2021-06-02,X000066.SZ,0.0437388747113685
2021-06-03,X000800.SZ,0.0463196751801883
2021-06-04,X000800.SZ,0.048599214091918
2021-06-07,X000800.SZ,0.0485019080514035
2021-06-08,X000066.SZ,0.0453041141607728
2021-06-09,X002129.SZ,0.0485511693037972
2021-06-10,X000066.SZ,0.0400561549738547
2021-06-11,X000066.SZ,0.04427872762426
2021-06-15,X002241.SZ,0.0428444925980236
2021-06-16,X000066.SZ,0.0456377886561097
2021-06-17,X000625.SZ,0.0473867488864243
2021-06-18,X002241.SZ,0.0480756935173206
2021-06-21,X000625.SZ,0.0526000140300651
2021-06-22,X002241.SZ,0.0465315343132866
2021-06-23,X002241.SZ,0.0550838217361689
2021-06-24,X300142.SZ,0.0544482171509401
2021-06-25,X002241.SZ,0.0535986802457142
2021-06-28,X600690.SH,0.0481656350907493
2021-06-29,X002236.SZ,0.0417512509039339
2021-06-30,X002236.SZ,0.0474194221936132
2021-07-01,X002236.SZ,0.0402061523066091
2021-07-02,X002236.SZ,0.0358941458427634
2021-07-05,X600276.SH,0.0398917667665024
2021-07-06,X002236.SZ,0.0402192512539351
2021-07-07,X002236.SZ,0.036315137251285
2021-07-08,X600276.SH,0.0389315286686431
2021-07-09,X002236.SZ,0.0367230428781973
2021-07-12,X002236.SZ,0.0389543444550414
2021-07-13,X002236.SZ,0.0386412029666666
2021-07-14,X600276.SH,0.0486651993835688
2021-07-15,X002236.SZ,0.0392238201945308
2021-07-16,X002236.SZ,0.0401546963161142
2021-07-19,X002236.SZ,0.0389745089932166
2021-07-20,X002236.SZ,0.0330654165602232
2021-07-21,X002236.SZ,0.0389305169261723
2021-07-22,X002236.SZ,0.0393514700287718
2021-07-23,X002236.SZ,0.0384926130178159
2021-07-26,X002236.SZ,0.040994935130329
2021-07-27,X002236.SZ,0.0440694347281085
2021-07-28,X002236.SZ,0.0459002594418185
2021-07-29,X002236.SZ,0.0547001632055168
2021-07-30,X600702.SH,0.0551274697852755
2021-08-02,X600460.SH,0.055732548929762
2021-08-03,X600460.SH,0.0499669456696283
2021-08-04,X300142.SZ,0.0384238669490467
2021-08-05,X300142.SZ,0.0445742990956075
2021-08-06,X002236.SZ,0.0462423801303231
2021-08-09,X002236.SZ,0.0444338005132285
2021-08-10,X601877.SH,0.0466913487146606
2021-08-11,X601799.SH,0.056679349198006
2021-08-12,X003816.SZ,0.0574073134642781
2021-08-13,X600702.SH,0.0430959318274373
2021-08-16,X600702.SH,0.050324983717716
2021-08-17,X000800.SZ,0.0559217010229608
2021-08-18,X002236.SZ,0.0495936892993273
2021-08-19,X600702.SH,0.0485286651221859
2021-08-20,X600460.SH,0.0502149421845
2021-08-23,X600702.SH,0.0529018245961811
2021-08-24,X002008.SZ,0.0416520107231719
2021-08-25,X600183.SH,0.0481488626826188
2021-08-26,X002236.SZ,0.0498275651501306
2021-08-27,X600690.SH,0.0560835223008672
2021-08-30,X000733.SZ,0.0459635699461414
2021-08-31,X002236.SZ,0.0528579465735246
2021-09-01,X600460.SH,0.0529393395666994
2021-09-02,X600460.SH,0.0510641004151615
2021-09-03,X002236.SZ,0.0507962046088343
2021-09-06,X002008.SZ,0.05013810169234
2021-09-07,X600460.SH,0.0558832167606045
2021-09-08,X300142.SZ,0.053241896925373
2021-09-09,X300142.SZ,0.0520386576265825
2021-09-10,X300142.SZ,0.0533175617527817
2021-09-13,X300142.SZ,0.0526448742481126
2021-09-14,X300142.SZ,0.0504922729650041
2021-09-15,X000800.SZ,0.0574400037723961
2021-09-16,X002241.SZ,0.0583082840978735
2021-09-17,X000800.SZ,0.0539491740701626
2021-09-22,X002074.SZ,0.0531602137344183
2021-09-23,X600809.SH,0.0541581156244139
2021-09-24,X000063.SZ,0.050104616374743
2021-09-27,X300142.SZ,0.0529170173399146
2021-09-28,X300142.SZ,0.0568045605399451
2021-09-29,X300124.SZ,0.0544730732755044
2021-09-30,X000100.SZ,0.0538374121589836
2021-10-08,X300142.SZ,0.0514612884524916
2021-10-11,X600460.SH,0.05786646381227
2021-10-12,X000800.SZ,0.0462477798472936
2021-10-13,X002414.SZ,0.0579765089052016
2021-10-14,X002371.SZ,0.0561033876672471
2021-10-15,X300142.SZ,0.0606960001851431
2021-10-18,X600690.SH,0.0594223022979735
2021-10-19,X600563.SH,0.0630722054590211
2021-10-20,X600690.SH,0.0525334896203611
2021-10-21,X002179.SZ,0.0592470318833189
2021-10-22,X000338.SZ,0.0587832543599685
2021-10-25,X002241.SZ,0.0613756131421437
2021-10-26,X600183.SH,0.0458013976665937
2021-10-27,X600563.SH,0.0478692458881566
2021-10-28,X002414.SZ,0.0554896485529879
2021-10-29,X000625.SZ,0.0533624153150981
2021-11-01,X002414.SZ,0.0546890044864815
2021-11-02,X002414.SZ,0.0540381405547541
2021-11-03,X600183.SH,0.0516718092059825
2021-11-04,X600183.SH,0.0541315737908527
2021-11-05,X600741.SH,0.0448919822109619
2021-11-08,X600522.SH,0.0534935404294234
2021-11-09,X600563.SH,0.0422827400201732
2021-11-10,X600563.SH,0.0459739927976274
2021-11-11,X600563.SH,0.0465673234754486
2021-11-12,X600563.SH,0.0502091384969447
2021-11-15,X000625.SZ,0.0519696070455037
2021-11-16,X600522.SH,0.0462331722607525
2021-11-17,X300142.SZ,0.0478841528101051
2021-11-18,X600522.SH,0.0509293140104585
2021-11-19,X600522.SH,0.042674621026085
2021-11-22,X600522.SH,0.0365069944908279
2021-11-23,X300142.SZ,0.0490170516814027
2021-11-24,X600522.SH,0.0480711577179784
2021-11-25,X600522.SH,0.0453633450072717
2021-11-26,X300142.SZ,0.0377132448081821
2021-11-29,X002371.SZ,0.0426659952386414
2021-11-30,X002371.SZ,0.045094022867363
2021-12-01,X600584.SH,0.0483458588745426
2021-12-02,X002371.SZ,0.0496288628952756
2021-12-03,X002371.SZ,0.0483150536327555
2021-12-06,X002371.SZ,0.0393552699192223
2021-12-07,X002371.SZ,0.0401888866577014
2021-12-08,X300142.SZ,0.0381056868885606
2021-12-09,X300142.SZ,0.045714202767942
2021-12-10,X600741.SH,0.0502707868108311
2021-12-13,X000799.SZ,0.0465267915205255
2021-12-14,X002007.SZ,0.0463196167814189
2021-12-15,X300142.SZ,0.0459912884813175
2021-12-16,X002180.SZ,0.0482795696945855
2021-12-17,X002129.SZ,0.0486976844776387
2021-12-20,X600584.SH,0.0468834255895159
2021-12-21,X000661.SZ,0.0489744796868977
2021-12-22,X002129.SZ,0.0490361228133431
2021-12-23,X600276.SH,0.0424902786362121
2021-12-24,X600276.SH,0.0422749599189056
2021-12-27,X300142.SZ,0.0441066304471925
2021-12-28,X300142.SZ,0.0425019636672671
2021-12-29,X600741.SH,0.0425421540936147
2021-12-30,X600741.SH,0.042590616715758
2021-12-31,X600741.SH,0.0446002373521831
2022-01-04,X600741.SH,0.0444543483804147
2022-01-05,X600741.SH,0.0450805946216178
2022-01-06,X002049.SZ,0.0471180796286753
2022-01-07,X600276.SH,0.0404369157725852
2022-01-10,X600276.SH,0.0411853425440616
2022-01-11,X002049.SZ,0.0457502643821689
2022-01-12,X002049.SZ,0.0443828155375037
2022-01-13,X002049.SZ,0.0437769545610158
2022-01-14,X600276.SH,0.0456351651974357
2022-01-17,X000661.SZ,0.0484582262623688
2022-01-18,X000338.SZ,0.0475520534924136
2022-01-19,X002049.SZ,0.0475657401972171
2022-01-20,X002049.SZ,0.0442122420752347
2022-01-21,X002129.SZ,0.0326183384340949
2022-01-24,X601799.SH,0.0423765122747673
2022-01-25,X002129.SZ,0.0345415183846578
2022-01-26,X002129.SZ,0.032416100858436
2022-01-27,X600741.SH,0.045934221657144
2022-01-28,X000063.SZ,0.0449727736481288
2022-02-07,X002129.SZ,0.0428415666702963
2022-02-08,X002129.SZ,0.0442971483600869
2022-02-09,X600741.SH,0.0462619213770412
2022-02-10,X002129.SZ,0.0348003912652665
2022-02-11,X600584.SH,0.0413737011848485
2022-02-14,X002129.SZ,0.0360893618332832
2022-02-15,X600276.SH,0.0383765606857893
2022-02-16,X002129.SZ,0.0398662172104468
2022-02-17,X002129.SZ,0.0362438525747074
2022-02-18,X002129.SZ,0.0344481166265229
2022-02-21,X002129.SZ,0.0411530601083189
2022-02-22,X002129.SZ,0.0314577667311411
2022-02-23,X000661.SZ,0.0476071255677456
2022-02-24,X000661.SZ,0.0434911904451357
2022-02-25,X000661.SZ,0.0395557466822357
2022-02-28,X000661.SZ,0.042828562629809
2022-03-01,X000661.SZ,0.0422374876791721
2022-03-02,X000661.SZ,0.0424081015873241
2022-03-03,X000661.SZ,0.0379695966019237
2022-03-04,X002180.SZ,0.0450710833563081
2022-03-07,X000799.SZ,0.0432989630644416
2022-03-08,X000661.SZ,0.0387554202820604
2022-03-09,X000661.SZ,0.0454135473349084
2022-03-10,X003816.SZ,0.0470361222155959
2022-03-11,X000661.SZ,0.0463055630753217
2022-03-14,X002007.SZ,0.0457103206999696
2022-03-15,X002049.SZ,0.0507239926613055
2022-03-16,X000661.SZ,0.0420488668186551
2022-03-17,X002007.SZ,0.0467628334640475
2022-03-18,X002007.SZ,0.0465028419917153
2022-03-21,X002049.SZ,0.0492283003218438
2022-03-22,X000661.SZ,0.046346777385455
2022-03-23,X600276.SH,0.0449781346275431
2022-03-24,X000661.SZ,0.0448740757189406
2022-03-25,X000733.SZ,0.048216489183557
2022-03-28,X300142.SZ,0.049055911234527
2022-03-29,X002049.SZ,0.0469795263785845
2022-03-30,X002049.SZ,0.0439122912781005
2022-03-31,X600276.SH,0.0447982884035893
2022-04-01,X000661.SZ,0.0422016999246079
2022-04-06,X600276.SH,0.036382076917644
2022-04-07,X600276.SH,0.0424689936002627
2022-04-08,X000661.SZ,0.0449652091229556
2022-04-11,X600276.SH,0.0466834501793799
2022-04-12,X000661.SZ,0.0358648200384236
2022-04-13,X002432.SZ,0.045636096049966
2022-04-14,X300142.SZ,0.0366747892959186
2022-04-15,X300142.SZ,0.0424881880045553
2022-04-18,X300142.SZ,0.04054091808552
2022-04-19,X002432.SZ,0.0491397174798168
2022-04-20,X000733.SZ,0.0429485350182679
2022-04-21,X000733.SZ,0.0422448056070038
2022-04-22,X002432.SZ,0.0440126493833043
2022-04-25,X300142.SZ,0.0450664045261725
2022-04-26,X300142.SZ,0.0451626599628744
2022-04-27,X600702.SH,0.0394796260539532
2022-04-28,X002432.SZ,0.038776222621187
2022-04-29,X002432.SZ,0.0464779748480992
2022-05-05,X002432.SZ,0.047420705272123
2022-05-06,X002432.SZ,0.045345272052892
2022-05-09,X002432.SZ,0.0420446073725893
2022-05-10,X002432.SZ,0.0428418561683907
2022-05-11,X600276.SH,0.0481742260327399
2022-05-12,X002432.SZ,0.03884045393745
2022-05-13,X000977.SZ,0.0495721626381182
2022-05-16,X000977.SZ,0.0503821477974045
2022-05-17,X300142.SZ,0.047989902539459
2022-05-18,X300142.SZ,0.0425433112777563
2022-05-19,X300142.SZ,0.0416973081207341
2022-05-20,X300142.SZ,0.0519819856841664
2022-05-23,X002176.SZ,0.0529007134503254
2022-05-24,X002176.SZ,0.0511986796283802
2022-05-25,X002179.SZ,0.046762291421335
2022-05-26,X002179.SZ,0.050111579262695
2022-05-27,X002179.SZ,0.0402609700415072
2022-05-30,X002179.SZ,0.0595791785122218
2022-05-31,X002176.SZ,0.0508398784576947
2022-06-01,X300142.SZ,0.037446732788634
2022-06-02,X002179.SZ,0.038383246897548
2022-06-06,X002415.SZ,0.0375496171348828
2022-06-07,X002415.SZ,0.0415489291419821
2022-06-08,X002415.SZ,0.0327684288375026
2022-06-09,X002415.SZ,0.0411321734571496
2022-06-10,X002415.SZ,0.039982541231914
2022-06-13,X002415.SZ,0.0372964186464863
2022-06-14,X300142.SZ,0.0403149288577653
2022-06-15,X300142.SZ,0.0316747008023367
2022-06-16,X601799.SH,0.0589075488705857
2022-06-17,X300142.SZ,0.0421718887415109
2022-06-20,X300142.SZ,0.047157894009663
2022-06-21,X300142.SZ,0.0425914604885591
2022-06-22,X300142.SZ,0.0388454024094175
2022-06-23,X300142.SZ,0.0470332873559005
2022-06-24,X601799.SH,0.0551875701652428
2022-06-27,X601799.SH,0.0499447225615458
2022-06-28,X601799.SH,0.0516417173415283
2022-06-29,X601799.SH,0.0445741584216859
2022-06-30,X002371.SZ,0.0540737242348977
2022-07-01,X300142.SZ,0.0446144829527678
2022-07-04,X600690.SH,0.0533690361139801
2022-07-05,X300142.SZ,0.044779622638386
2022-07-06,X600690.SH,0.0518194230704389
2022-07-07,X600690.SH,0.0469496511720627
2022-07-08,X600690.SH,0.0532459496844369
2022-07-11,X600690.SH,0.051816560707913
2022-07-12,X600690.SH,0.0511981803404911
2022-07-13,X300142.SZ,0.045591945612542
2022-07-14,X003816.SZ,0.0412090170978435
2022-07-15,X003816.SZ,0.0421930312875929
2022-07-18,X300142.SZ,0.0492737473335242
2022-07-19,X002371.SZ,0.0409214966818901
2022-07-20,X002371.SZ,0.0410993878830651
2022-07-21,X002371.SZ,0.0322108861640334
2022-07-22,X002371.SZ,0.048391751309551
2022-07-25,X002371.SZ,0.0426472832621742
2022-07-26,X300142.SZ,0.0399025621812327
2022-07-27,X300142.SZ,0.0399541316429758
2022-07-28,X601799.SH,0.0458075211812277
2022-07-29,X300142.SZ,0.0461758575746081
2022-08-01,X000651.SZ,0.0446558665086498
2022-08-02,X601799.SH,0.0383298602230807
2022-08-03,X002371.SZ,0.0349288190945694
2022-08-04,X002371.SZ,0.0376908603189151
2022-08-05,X300142.SZ,0.032911221559635
2022-08-08,X300142.SZ,0.0416174506605108
2022-08-09,X300142.SZ,0.0428185512896284
2022-08-10,X300142.SZ,0.0443300125573314
2022-08-11,X002371.SZ,0.0427766212222173
2022-08-12,X002371.SZ,0.0414801798045663
2022-08-15,X300142.SZ,0.0387759116107221
2022-08-16,X000063.SZ,0.049034022420992
2022-08-17,X000063.SZ,0.0472918175547749
2022-08-18,X000596.SZ,0.0466452961615486
2022-08-19,X000733.SZ,0.0489928256880669
2022-08-22,X600690.SH,0.046056765324914
2022-08-23,X300142.SZ,0.0435648227897604
2022-08-24,X600690.SH,0.0394663295992075
2022-08-25,X000733.SZ,0.0473508649020227
2022-08-26,X000733.SZ,0.0466636563586342
2022-08-29,X300142.SZ,0.0429192504424336
2022-08-30,X300142.SZ,0.0431983311886507
2022-08-31,X300142.SZ,0.0437346004799007
2022-09-01,X300142.SZ,0.0461881818895203
2022-09-02,X601799.SH,0.0374488755997259
2022-09-05,X601799.SH,0.0407923519479334
2022-09-06,X600276.SH,0.042296187926404
2022-09-07,X300142.SZ,0.0409540537384904
2022-09-08,X601799.SH,0.0405805690723447
2022-09-09,X600563.SH,0.0485881047112883
2022-09-13,X600563.SH,0.0465544813643345
2022-09-14,X300142.SZ,0.0460824144586145
2022-09-15,X600563.SH,0.0474077730492165
2022-09-16,X300142.SZ,0.0379923645514944
2022-09-19,X300142.SZ,0.0319890567702097
2022-09-20,X601799.SH,0.0389589038880409
2022-09-21,X600089.SH,0.0435783205449692
2022-09-22,X300142.SZ,0.0398766253092702
2022-09-23,X300142.SZ,0.0344827464782906
2022-09-26,X002414.SZ,0.0441319866394507
2022-09-27,X600702.SH,0.0383668868964016
2022-09-28,X600702.SH,0.0371611435758995
2022-09-29,X601799.SH,0.0361137174930897
2022-09-30,X002414.SZ,0.0378651191819934
2022-10-10,X601799.SH,0.0381293543848272
2022-10-11,X600563.SH,0.0404760472990437
2022-10-12,X601799.SH,0.0367045660499049
2022-10-13,X600372.SH,0.0420154474570162
2022-10-14,X002415.SZ,0.0388980005237863
2022-10-17,X002415.SZ,0.0364821249078675
2022-10-18,X601799.SH,0.0397989049497674
2022-10-19,X000661.SZ,0.0468646512268115
2022-10-20,X300124.SZ,0.0347870503286325
2022-10-21,X600276.SH,0.0370954711271645
2022-10-24,X601799.SH,0.038114811939767
2022-10-25,X000661.SZ,0.0421748564782929
2022-10-26,X000596.SZ,0.0414701012157401
2022-10-27,X002415.SZ,0.0342491006196387
2022-10-28,X002371.SZ,0.0396117392346836
2022-10-31,X002179.SZ,0.0430135099565381
2022-11-01,X002179.SZ,0.0418674786037003
2022-11-02,X600702.SH,0.0379515925330842
2022-11-03,X300124.SZ,0.0363900394459725
2022-11-04,X300003.SZ,0.0417372636916712
2022-11-07,X300124.SZ,0.0434586871131719
2022-11-08,X601799.SH,0.041011609155553
2022-11-09,X300142.SZ,0.0391831463962625
2022-11-10,X002049.SZ,0.0385441061883994
2022-11-11,X002371.SZ,0.0382576538481536
2022-11-14,X002180.SZ,0.0367089310681374
2022-11-15,X601799.SH,0.0425958073233881
2022-11-16,X002180.SZ,0.0423199839756289
2022-11-17,X002475.SZ,0.0417004048927542
2022-11-18,X300124.SZ,0.0387899282386331
2022-11-21,X002415.SZ,0.0360892937014907
2022-11-22,X002415.SZ,0.0393668577745744
2022-11-23,X002179.SZ,0.0436920781654872
2022-11-24,X000596.SZ,0.0353819871155752
2022-11-25,X000799.SZ,0.0390349239377611
2022-11-28,X000066.SZ,0.033496463368853
2022-11-29,X002475.SZ,0.0325602096526063
2022-11-30,X000066.SZ,0.0395192606161113
2022-12-01,X600522.SH,0.0463235730488518
2022-12-02,X300124.SZ,0.0444676647756322
2022-12-05,X601799.SH,0.0470175604910789
2022-12-06,X000066.SZ,0.0326536411909525
2022-12-07,X000066.SZ,0.0365966307777609
2022-12-08,X300003.SZ,0.038655685450212
2022-12-09,X002049.SZ,0.0383174196721272
2022-12-12,X002049.SZ,0.0412549908768606
2022-12-13,X000596.SZ,0.0463679578253156
2022-12-14,X600703.SH,0.0415605070355151
2022-12-15,X300003.SZ,0.0416361708517215
2022-12-16,X600703.SH,0.0438621709121677
2022-12-19,X600703.SH,0.0395478036264632
2022-12-20,X000800.SZ,0.0378994739164982
2022-12-21,X300003.SZ,0.0438555851242207
2022-12-22,X300003.SZ,0.0434889542829167
2022-12-23,X000800.SZ,0.0448536449604576
2022-12-26,X300003.SZ,0.0408422868531758
2022-12-27,X300003.SZ,0.0423262697291288
2022-12-28,X300003.SZ,0.0398359371765329
2022-12-29,X300003.SZ,0.0346604711581374
2022-12-30,X300003.SZ,0.0374225842135327
2023-01-03,X002294.SZ,0.0407611922206482
2023-01-04,X002241.SZ,0.0273838334770647
2023-01-05,X002241.SZ,0.0341086942713689
2023-01-06,X300003.SZ,0.0417181594329516
2023-01-09,X002241.SZ,0.0353667450666259
2023-01-10,X300003.SZ,0.0414310219077816
2023-01-11,X002241.SZ,0.0418930630951816
2023-01-12,X002241.SZ,0.0432002419220603
2023-01-13,X002241.SZ,0.0327255805507706
2023-01-16,X002180.SZ,0.0367028679114461
2023-01-17,X002241.SZ,0.0324809784879181
2023-01-18,X002180.SZ,0.0391814692490622
2023-01-19,X600522.SH,0.0357695199941107
2023-01-20,X300142.SZ,0.0336704300391324
2023-01-30,X600522.SH,0.0326946727381425
2023-01-31,X600522.SH,0.0382926094822402
2023-02-01,X300124.SZ,0.0367116691358012
2023-02-02,X002241.SZ,0.0338313327300421
2023-02-03,X002180.SZ,0.0329985766791419
2023-02-06,X003816.SZ,0.034060977048321
2023-02-07,X600522.SH,0.0354973394665393
2023-02-08,X000066.SZ,0.0272793429513688
2023-02-09,X002415.SZ,0.0344568057044896
2023-02-10,X002180.SZ,0.030788862826675
2023-02-13,X002180.SZ,0.0307985183861466
2023-02-14,X002241.SZ,0.0339370988477451
2023-02-15,X000066.SZ,0.0353562153951117
2023-02-16,X300124.SZ,0.0321496809862295
2023-02-17,X002415.SZ,0.0331299439146667
2023-02-20,X002294.SZ,0.034618321689692
2023-02-21,X002180.SZ,0.0331813030257688
2023-02-22,X002180.SZ,0.0256250122630288
2023-02-23,X002180.SZ,0.0250749111075558
2023-02-24,X002180.SZ,0.02893961572346
2023-02-27,X002180.SZ,0.0286421988994291
2023-02-28,X002180.SZ,0.0276034652322165
2023-03-01,X600522.SH,0.0305021740676174
2023-03-02,X002180.SZ,0.0307198266915575
2023-03-03,X002180.SZ,0.0310092392038758
2023-03-06,X002007.SZ,0.0324204266060952
2023-03-07,X300124.SZ,0.0374736881612883
2023-03-08,X600702.SH,0.0311510386118726
2023-03-09,X002180.SZ,0.0307549189236426
2023-03-10,X002180.SZ,0.031729161797664
2023-03-13,X300124.SZ,0.0363527897002741
2023-03-14,X000568.SZ,0.0388345628327549
2023-03-15,X600741.SH,0.0334871328026189
2023-03-16,X600741.SH,0.0326829084642936
2023-03-17,X002294.SZ,0.0291258074864398
2023-03-20,X002007.SZ,0.0270936780028434
2023-03-21,X000596.SZ,0.0354527671892555
2023-03-22,X002294.SZ,0.0320814552112365
2023-03-23,X600522.SH,0.0334787209453078
2023-03-24,X002180.SZ,0.0353170335814676
2023-03-27,X000596.SZ,0.0377944145455958
2023-03-28,X300124.SZ,0.0352067310282085
2023-03-29,X002180.SZ,0.0353012269991
2023-03-30,X600702.SH,0.0365114575059487
2023-03-31,X000596.SZ,0.035345341572993
2023-04-03,X002304.SZ,0.0311660953900754
2023-04-04,X000733.SZ,0.0337157465334555
2023-04-06,X002304.SZ,0.0305307843442664
2023-04-07,X000596.SZ,0.0354626826705946
2023-04-10,X600702.SH,0.0420370205191575
2023-04-11,X002294.SZ,0.0360994962355175
2023-04-12,X002294.SZ,0.0367670839224687
2023-04-13,X300142.SZ,0.0354280380326853
2023-04-14,X600702.SH,0.0343926936357807
2023-04-17,X002304.SZ,0.0367535014334638
2023-04-18,X000596.SZ,0.0345895285620003
2023-04-19,X600702.SH,0.0381730750818745
2023-04-20,X600372.SH,0.0296890695873153
2023-04-21,X002304.SZ,0.0318460113060812
2023-04-24,X000063.SZ,0.0337442482375629
2023-04-25,X300142.SZ,0.0340713081013401
2023-04-26,X300142.SZ,0.036814731241447
2023-04-27,X600372.SH,0.0374609427900619
2023-04-28,X600372.SH,0.0321965119135231
2023-05-04,X300142.SZ,0.0371693939014039
2023-05-05,X300003.SZ,0.0366951306881169
2023-05-08,X300003.SZ,0.0367665485080332
2023-05-09,X600031.SH,0.037690710301709
2023-05-10,X600031.SH,0.0362227976205381
2023-05-11,X003816.SZ,0.038052223195394
2023-05-12,X002371.SZ,0.0331102230997173
2023-05-15,X003816.SZ,0.0296516053212535
2023-05-16,X002371.SZ,0.0395490065845685
2023-05-17,X002371.SZ,0.0391782657843819
2023-05-18,X300124.SZ,0.0347453522723652
2023-05-19,X600702.SH,0.0396975988564439
2023-05-22,X002028.SZ,0.0318654551875999
2023-05-23,X002371.SZ,0.034119097308865
2023-05-24,X002007.SZ,0.0290813504181767
2023-05-25,X600809.SH,0.0316113186643341
2023-05-26,X600809.SH,0.0349560096155616
2023-05-29,X002007.SZ,0.0333609778110887
2023-05-30,X000977.SZ,0.0338103225172349
2023-05-31,X600809.SH,0.0372025341398076
2023-06-01,X003816.SZ,0.0331616651819851
2023-06-02,X000800.SZ,0.0311373198065489
2023-06-05,X600809.SH,0.0384545098341743
2023-06-06,X003816.SZ,0.0291024490351986
2023-06-07,X003816.SZ,0.0367214329335471
2023-06-08,X003816.SZ,0.0287058312052465
2023-06-09,X000661.SZ,0.0316500404346039
2023-06-12,X002007.SZ,0.036283607470914
2023-06-13,X300124.SZ,0.0351571595861642
2023-06-14,X600809.SH,0.0375436932828439
2023-06-15,X002179.SZ,0.0359734655680389
2023-06-16,X002179.SZ,0.0348777174799711
2023-06-19,X003816.SZ,0.0342196022178109
2023-06-20,X000800.SZ,0.0358160053666392
2023-06-21,X600703.SH,0.0340472657264443
2023-06-26,X300142.SZ,0.0342122928708598
2023-06-27,X600809.SH,0.031985167832679
2023-06-28,X300124.SZ,0.0333486132747541
2023-06-29,X000063.SZ,0.0357648854886988
2023-06-30,X300124.SZ,0.0349663904280454
2023-07-03,X000063.SZ,0.0367451151177659
2023-07-04,X600703.SH,0.0371163485568103
2023-07-05,X002179.SZ,0.0365020296050219
2023-07-06,X600703.SH,0.0365930759727521
2023-07-07,X600703.SH,0.0301221711608581
2023-07-10,X600703.SH,0.0300905434996297
2023-07-11,X600703.SH,0.0365066002315214
2023-07-12,X600584.SH,0.0286322870281431
2023-07-13,X600584.SH,0.0286817590537788
2023-07-14,X600584.SH,0.0296386017081253
2023-07-17,X600584.SH,0.0257532665340432
2023-07-18,X600584.SH,0.0293478153563388
2023-07-19,X002371.SZ,0.0346162641015732
2023-07-20,X002371.SZ,0.0344556455530465
2023-07-21,X600584.SH,0.0314063745762442
2023-07-24,X600703.SH,0.031767818895923
2023-07-25,X600584.SH,0.0347414226675532
2023-07-26,X600584.SH,0.029464651751326
2023-07-27,X600703.SH,0.0301344445860464
2023-07-28,X600584.SH,0.0313469594738863
2023-07-31,X002179.SZ,0.0344293415901771
2023-08-01,X600703.SH,0.0357766786717717
2023-08-02,X600703.SH,0.0303518179103158
2023-08-03,X003816.SZ,0.032661461386577
2023-08-04,X600741.SH,0.0326319960917865
2023-08-07,X002179.SZ,0.0303145351260425
2023-08-08,X002179.SZ,0.0305418232445896
2023-08-09,X002179.SZ,0.0297628513921492
2023-08-10,X002179.SZ,0.0290826378670258
2023-08-11,X600522.SH,0.0264365472695706
2023-08-14,X600522.SH,0.0254405500105021
2023-08-15,X600703.SH,0.0312404234132554
2023-08-16,X300124.SZ,0.033598102895757
2023-08-17,X300124.SZ,0.0300884631545381
2023-08-18,X300124.SZ,0.0341868877578357
2023-08-21,X002129.SZ,0.0304231981205247
2023-08-22,X002129.SZ,0.0287114425789216
2023-08-23,X000661.SZ,0.0302674844133824
2023-08-24,X002371.SZ,0.0295209152188709
2023-08-25,X000661.SZ,0.0311801913982507
2023-08-28,X002371.SZ,0.032380136724453
2023-08-29,X002371.SZ,0.0302214552939548
2023-08-30,X002371.SZ,0.0311663019010363
2023-08-31,X002129.SZ,0.0275077286176138
2023-09-01,X000596.SZ,0.0322693102832678
2023-09-04,X002371.SZ,0.0298367856079111
2023-09-05,X000066.SZ,0.0302588232262176
2023-09-06,X002179.SZ,0.0298132805179309
2023-09-07,X002129.SZ,0.0301516626836219
2023-09-08,X000066.SZ,0.024898334962297
2023-09-11,X000066.SZ,0.0232197550190697
2023-09-12,X000066.SZ,0.0281103650805518
2023-09-13,X601799.SH,0.0297333759653145
2023-09-14,X000661.SZ,0.0272905910106095
2023-09-15,X601877.SH,0.0334820003506531
2023-09-18,X002129.SZ,0.0252265895552391
2023-09-19,X002129.SZ,0.0284789684214882
2023-09-20,X002129.SZ,0.0296577794573105
2023-09-21,X002371.SZ,0.0294110027680723
2023-09-22,X002028.SZ,0.0259610878489051
2023-09-25,X601799.SH,0.0258517559320725
2023-09-26,X002129.SZ,0.0253359153192663
2023-09-27,X000733.SZ,0.0275393111663991
2023-09-28,X002028.SZ,0.0296080316454074
2023-10-09,X000733.SZ,0.0286671520122067
2023-10-10,X000733.SZ,0.0232761957930849
2023-10-11,X003816.SZ,0.0302164874702092
2023-10-12,X000733.SZ,0.0230055035993459
2023-10-13,X000733.SZ,0.0246381361140936
2023-10-16,X000733.SZ,0.0280923872970853
2023-10-17,X000733.SZ,0.0251140747469562
2023-10-18,X601799.SH,0.0277668773428154
2023-10-19,X601799.SH,0.0304089196745191
2023-10-20,X000661.SZ,0.0277990363930911
2023-10-23,X601799.SH,0.0269178662077646
2023-10-24,X000921.SZ,0.0285054826123979
2023-10-25,X000661.SZ,0.0278409786981632
2023-10-26,X600276.SH,0.0287601986282138
2023-10-27,X600809.SH,0.0281900297010727
2023-10-30,X002179.SZ,0.0274144198535349
2023-10-31,X601799.SH,0.0332997028661935
2023-11-01,X600522.SH,0.0321392183016327
2023-11-02,X000568.SZ,0.0338213692765141
2023-11-03,X601799.SH,0.0315756194426843
2023-11-06,X002007.SZ,0.0322833425087643
2023-11-07,X000661.SZ,0.0301828386496701
2023-11-08,X601799.SH,0.0364267397117702
2023-11-09,X000568.SZ,0.0331133525745472
2023-11-10,X002007.SZ,0.0278747583288237
2023-11-13,X002007.SZ,0.032917042754407
2023-11-14,X601799.SH,0.0281413670131722
2023-11-15,X601799.SH,0.0312270044706551
2023-11-16,X601799.SH,0.0286300180944558
2023-11-17,X000661.SZ,0.0282397609426624
2023-11-20,X002179.SZ,0.0272064263841146
2023-11-21,X002179.SZ,0.0299070659625495
2023-11-22,X000661.SZ,0.0278267456432457
2023-11-23,X002179.SZ,0.0222902131496694
2023-11-24,X002007.SZ,0.0346045619455499
2023-11-27,X002007.SZ,0.0263717046278344
2023-11-28,X600183.SH,0.0300550433993885
2023-11-29,X600183.SH,0.0298383727128698
2023-11-30,X002007.SZ,0.0275716066109228
2023-12-01,X600183.SH,0.0285138350158677
2023-12-04,X601799.SH,0.0307431808819888
2023-12-05,X300124.SZ,0.0328090287551044
2023-12-06,X601799.SH,0.0287542763943288
2023-12-07,X601799.SH,0.0324625746995758
2023-12-08,X600183.SH,0.0282082347612905
2023-12-11,X600183.SH,0.0280851241629629
2023-12-12,X600183.SH,0.0300289430849433
2023-12-13,X002415.SZ,0.0284192067572727
2023-12-14,X002028.SZ,0.03111351096508
2023-12-15,X601799.SH,0.0291040117181094
2023-12-18,X002007.SZ,0.0279003462666541
2023-12-19,X002415.SZ,0.0276807444428887
2023-12-20,X002007.SZ,0.0277890580125202
2023-12-21,X002028.SZ,0.0325113196383666
2023-12-22,X002028.SZ,0.0303809916441631
2023-12-25,X002028.SZ,0.0310021883434574
2023-12-26,X002028.SZ,0.0301897741642826
2023-12-27,X300124.SZ,0.030038622618808
2023-12-28,X300124.SZ,0.0300090444384269
2023-12-29,X002028.SZ,0.0284899109072533
2024-01-02,X002028.SZ,0.0300486531892628
2024-01-03,X600703.SH,0.0305147822657945
2024-01-04,X601799.SH,0.0338345534462847
2024-01-05,X002028.SZ,0.0242579019869273
2024-01-08,X002028.SZ,0.0228290690534953
2024-01-09,X600066.SH,0.0312056346344858
2024-01-10,X002028.SZ,0.0302053819504437
2024-01-11,X002028.SZ,0.0247248389604539
2024-01-12,X002179.SZ,0.0343068342116049
2024-01-15,X601799.SH,0.0328885845384737
2024-01-16,X002007.SZ,0.0310633577847544
2024-01-17,X002028.SZ,0.0250617378770611
2024-01-18,X601799.SH,0.0268036131340351
2024-01-19,X601799.SH,0.0265395876411873
2024-01-22,X601799.SH,0.0302908135161355
2024-01-23,X601799.SH,0.0337403258022347
2024-01-24,X600703.SH,0.0276925403166685
2024-01-25,X002028.SZ,0.0285477074209928
2024-01-26,X601799.SH,0.029449129535662
2024-01-29,X002028.SZ,0.0308295036682479
2024-01-30,X601799.SH,0.0256627009259751
2024-01-31,X000921.SZ,0.0283623273335274
2024-02-01,X601799.SH,0.0303773673971266
2024-02-02,X000921.SZ,0.0318676619705223
2024-02-05,X002028.SZ,0.034070188206371
2024-02-06,X002028.SZ,0.0256375934080937
2024-02-07,X000921.SZ,0.0318270317190262
2024-02-08,X002028.SZ,0.0253724380099976
2024-02-19,X600522.SH,0.0308938268019228
2024-02-20,X002028.SZ,0.0281317755462177
2024-02-21,X000725.SZ,0.0345376910352617
2024-02-22,X002463.SZ,0.0303777530868141
2024-02-23,X600177.SH,0.0308744522165842
2024-02-26,X002028.SZ,0.0299012896421954
2024-02-27,X003816.SZ,0.029137878492885
2024-02-28,X000921.SZ,0.0351568393069689
2024-02-29,X000651.SZ,0.035911766169503
2024-03-01,X002028.SZ,0.0327732672377122
2024-03-04,X003816.SZ,0.0382878481507924
2024-03-05,X002028.SZ,0.0307844527371956
2024-03-06,X002028.SZ,0.0311700916096951
2024-03-07,X002028.SZ,0.0338672679824248
2024-03-08,X002028.SZ,0.031768720556384
2024-03-11,X002028.SZ,0.0320190943578645
2024-03-12,X002028.SZ,0.0313557657724985
2024-03-13,X002028.SZ,0.0361313966611914
2024-03-14,X002028.SZ,0.0397207050763717
2024-03-15,X000651.SZ,0.0365723079771167
2024-03-18,X000651.SZ,0.0364106916901601
2024-03-19,X000651.SZ,0.0361159399161315
2024-03-20,X600066.SH,0.0347482061865246
2024-03-21,X002028.SZ,0.0294344198924148
2024-03-22,X003816.SZ,0.0319779987899428
2024-03-25,X003816.SZ,0.0318056937896519
2024-03-26,X003816.SZ,0.0353944015249891
2024-03-27,X002028.SZ,0.025950796766341
2024-03-28,X002028.SZ,0.0287062736835922
2024-03-29,X601799.SH,0.0357626390862145
2024-04-01,X002463.SZ,0.0355636174904051
2024-04-02,X002463.SZ,0.0332312623614045
2024-04-03,X002028.SZ,0.0297516845614851
2024-04-08,X002028.SZ,0.0368472859889151
2024-04-09,X002463.SZ,0.0257109499385626
2024-04-10,X002463.SZ,0.027293961665937
2024-04-11,X002463.SZ,0.0307277408198827
2024-04-12,X002463.SZ,0.0319551071029133
2024-04-15,X002028.SZ,0.0332782404826485
2024-04-16,X601799.SH,0.0371687085563435
2024-04-17,X002028.SZ,0.0399837963434487
2024-04-18,X600060.SH,0.0329553940165381
2024-04-19,X002028.SZ,0.0329162038952468
2024-04-22,X002028.SZ,0.035661793058572
2024-04-23,X600060.SH,0.0309170959087499
2024-04-24,X002028.SZ,0.0353411232104922
2024-04-25,X600060.SH,0.0351829906579706
2024-04-26,X600060.SH,0.0374132717194558
2024-04-29,X601799.SH,0.0307931451624387
2024-04-30,X600690.SH,0.0342300210625501
2024-05-06,X003816.SZ,0.0417765593982467
2024-05-07,X003816.SZ,0.0388667068662218
2024-05-08,X003816.SZ,0.0393291174270553
2024-05-09,X003816.SZ,0.0421180850563221
2024-05-10,X003816.SZ,0.0405079884642179
2024-05-13,X003816.SZ,0.0393014558620303
2024-05-14,X002371.SZ,0.0380694300570311
2024-05-15,X002223.SZ,0.0357101076405713
2024-05-16,X002223.SZ,0.0348169082843512
2024-05-17,X002223.SZ,0.0351692967943071
2024-05-20,X002371.SZ,0.0371341930604476
2024-05-21,X002223.SZ,0.0370485911499261
2024-05-22,X002371.SZ,0.0374620323759533
2024-05-23,X600276.SH,0.0369872793209204
2024-05-24,X600276.SH,0.0412902665089722
2024-05-27,X002223.SZ,0.0346741210304171
2024-05-28,X002415.SZ,0.0325612727385707
2024-05-29,X002223.SZ,0.0375521481205105
2024-05-30,X000568.SZ,0.0411979057436428
2024-05-31,X600060.SH,0.0389497739648511
2024-06-03,X600060.SH,0.0347887309873076
2024-06-04,X600060.SH,0.0345188996913994
2024-06-05,X002415.SZ,0.0396031165453963
2024-06-06,X002371.SZ,0.036691709687893
2024-06-07,X002371.SZ,0.0350188647190832
2024-06-11,X600276.SH,0.0322240991281635
2024-06-12,X600584.SH,0.0335101412561758
2024-06-13,X002223.SZ,0.0306360341559445
2024-06-14,X600276.SH,0.0293832684486978
2024-06-17,X600276.SH,0.033877889007972
2024-06-18,X600809.SH,0.0320580618504634
2024-06-19,X002028.SZ,0.0318552028760954
2024-06-20,X000661.SZ,0.0294196072733677
2024-06-21,X000661.SZ,0.0254323619359548
2024-06-24,X000661.SZ,0.030075789316141
2024-06-25,X600066.SH,0.0346116158701823
2024-06-26,X000725.SZ,0.0356604633858873
2024-06-27,X600104.SH,0.032837771469427
2024-06-28,X600066.SH,0.030544617348396
2024-07-01,X600066.SH,0.0291088401170318
2024-07-02,X600066.SH,0.0258200828228606
2024-07-03,X002028.SZ,0.0293007312594243
2024-07-04,X600066.SH,0.0273012284571954
2024-07-05,X002028.SZ,0.0322341409525099
2024-07-08,X002028.SZ,0.0279634524457495
2024-07-09,X002156.SZ,0.0313138017536516
2024-07-10,X300124.SZ,0.0330148340401969
2024-07-11,X002415.SZ,0.0314049932495624
2024-07-12,X002371.SZ,0.0396934102698692
2024-07-15,X600031.SH,0.0310772754214936
2024-07-16,X300124.SZ,0.0302774962614988
2024-07-17,X002304.SZ,0.0353450257525201
2024-07-18,X600031.SH,0.0307605798938848
2024-07-19,X002028.SZ,0.0335574687590716
2024-07-22,X600031.SH,0.0342475083631514
2024-07-23,X600031.SH,0.0240956278615739
2024-07-24,X002156.SZ,0.0334034998288159
2024-07-25,X600031.SH,0.0315624099417124
2024-07-26,X600031.SH,0.0298135713716913
2024-07-29,X600031.SH,0.0307831109914044
2024-07-30,X600031.SH,0.0369278999086945
2024-07-31,X600183.SH,0.0279360712760656
2024-08-01,X600031.SH,0.0278916856503446
2024-08-02,X600031.SH,0.0243178492000582
2024-08-05,X600031.SH,0.0256383284257896
2024-08-06,X000921.SZ,0.0358584453400952
2024-08-07,X600031.SH,0.0291453377399678
2024-08-08,X600031.SH,0.0294845083909772
2024-08-09,X600031.SH,0.0290713204526484
2024-08-12,X002028.SZ,0.0359605424163459
2024-08-13,X600031.SH,0.0305110019221271
2024-08-14,X600183.SH,0.0348741094294696
2024-08-15,X600031.SH,0.0287523665718898
2024-08-16,X600031.SH,0.03690685513056
2024-08-19,X000921.SZ,0.0325354839175827
2024-08-20,X002028.SZ,0.0369919879004774
2024-08-21,X000977.SZ,0.0340429393204361
2024-08-22,X600104.SH,0.0278907035021555
2024-08-23,X600031.SH,0.0280041313273426
2024-08-26,X002028.SZ,0.0331022722288489
2024-08-27,X002028.SZ,0.0307825139443947
2024-08-28,X000858.SZ,0.0306358636189817
2024-08-29,X600703.SH,0.030227542429749
2024-08-30,X600104.SH,0.032553199227058
2024-09-02,X600031.SH,0.0285818790942135
2024-09-03,X600031.SH,0.0286589586383282
2024-09-04,X600031.SH,0.0304024517724495
2024-09-05,X600031.SH,0.0308575465543444
2024-09-06,X600031.SH,0.0342246498916885
2024-09-09,X002180.SZ,0.032700308945363
2024-09-10,X003816.SZ,0.0313258718647308
2024-09-11,X002180.SZ,0.0288087690386521
2024-09-12,X600031.SH,0.0348181091396907
2024-09-13,X300014.SZ,0.0375484772069747
2024-09-18,X300014.SZ,0.0347135970097717
2024-09-19,X003816.SZ,0.0295199515716528
2024-09-20,X600741.SH,0.0270592056107366
2024-09-23,X600741.SH,0.0369425577957569
2024-09-24,X002074.SZ,0.0364591637173066
2024-09-25,X600418.SH,0.0337575888894934
2024-09-26,X600418.SH,0.0345598080957537
2024-09-27,X600276.SH,0.0316290890098651
2024-09-30,X002074.SZ,0.0286663802288073
2024-10-08,X600418.SH,0.0403189642510237
2024-10-09,X600418.SH,0.0400965486377701
2024-10-10,X600418.SH,0.0401517622784185
2024-10-11,X000100.SZ,0.0428035612006956
2024-10-14,X000596.SZ,0.0466806235866644
2024-10-15,X600809.SH,0.0462180833962849
2024-10-16,X002371.SZ,0.0405881620721373
2024-10-17,X600418.SH,0.0410030525971755
2024-10-18,X002074.SZ,0.0456601373402559
2024-10-21,X002371.SZ,0.0425162972583354
2024-10-22,X003816.SZ,0.0502725152938875
2024-10-23,X000063.SZ,0.0507934960149996
2024-10-24,X002371.SZ,0.0523165193410841
2024-10-25,X002028.SZ,0.0444604360393324
2024-10-28,X002028.SZ,0.0468744459402086
2024-10-29,X002028.SZ,0.0428693771965225
2024-10-30,X600519.SH,0.0445277229320996
2024-10-31,X003816.SZ,0.0541630142525647
2024-11-01,X600460.SH,0.0500459598112147
2024-11-04,X600839.SH,0.0540679829810526
2024-11-05,X600460.SH,0.0446071147314337
2024-11-06,X002085.SZ,0.0557933913084908
2024-11-07,X002179.SZ,0.0496180760053607
2024-11-08,X002085.SZ,0.0455504882893539
2024-11-11,X002085.SZ,0.0499609268412758
2024-11-12,X002463.SZ,0.0619281958883606
2024-11-13,X000625.SZ,0.0496510647912425
2024-11-14,X600418.SH,0.0461697993140285
2024-11-15,X002028.SZ,0.0482524583067705
2024-11-18,X600418.SH,0.0468636617126886
2024-11-19,X600418.SH,0.0461470746777407
2024-11-20,X600418.SH,0.0466631676087171
2024-11-21,X600418.SH,0.0518685498830166
2024-11-22,X002028.SZ,0.0462061240369021
2024-11-25,X600584.SH,0.0481040313964483
2024-11-26,X002028.SZ,0.0485067140666874
2024-11-27,X600584.SH,0.0514874909978146
2024-11-28,X002028.SZ,0.0573539430853953
2024-11-29,X002028.SZ,0.0593521209909529
2024-12-02,X600418.SH,0.0471676105771229
2024-12-03,X600276.SH,0.044804168620315
2024-12-04,X600418.SH,0.0365283080762923
2024-12-05,X600418.SH,0.0412128210835195
2024-12-06,X600418.SH,0.0554755323695267
2024-12-09,X600276.SH,0.0523396713433967
2024-12-10,X002028.SZ,0.055305149371235
2024-12-11,X600418.SH,0.0496468424560787
2024-12-12,X600276.SH,0.04803612263449
2024-12-13,X600418.SH,0.0462696670053471
2024-12-16,X600418.SH,0.0425131419707207
2024-12-17,X600839.SH,0.0418556623536783
2024-12-18,X002028.SZ,0.0450713594170751
2024-12-19,X002028.SZ,0.0492930155693106
2024-12-20,X002028.SZ,0.0401046289995686
2024-12-23,X600418.SH,0.0468963337903666
2024-12-24,X600418.SH,0.0464336171545558
2024-12-25,X600418.SH,0.0497400591933626
2024-12-26,X002028.SZ,0.0500867260262421
2024-12-27,X600418.SH,0.0546773368119571
2024-12-30,X600418.SH,0.0510603401016699
2024-12-31,X600031.SH,0.0509881563697301
2025-01-02,X002028.SZ,0.0423844369382699
2025-01-03,X600418.SH,0.0528026039902818
2025-01-06,X002028.SZ,0.0471764920517688
2025-01-07,X600104.SH,0.0422717944563761
2025-01-08,X600104.SH,0.0430414324873035
2025-01-09,X600104.SH,0.0392868651532214
2025-01-10,X600276.SH,0.0479597666942351
2025-01-13,X600276.SH,0.0447608243544732
2025-01-14,X002028.SZ,0.0576465203807682
2025-01-15,X600276.SH,0.0422845762456487
2025-01-16,X600104.SH,0.0533809674806865
2025-01-17,X600276.SH,0.0467361559843064
2025-01-20,X002028.SZ,0.0500752356347564
2025-01-21,X600839.SH,0.0474667983285243
2025-01-22,X600418.SH,0.0441003135651012
2025-01-23,X600418.SH,0.0454689822318647
2025-01-24,X000921.SZ,0.0428370147992294
2025-01-27,X002028.SZ,0.0446704078210422
