Date,OutDegree_avg_HC,InDegree_avg_HC,Closeness_avg_HC,Betweenness_avg_HC,Eigenvector_avg_HC,OutDegree_avg_LC,InDegree_avg_LC,Closeness_avg_LC,Betweenness_avg_LC,Eigenvector_avg_LC,InDegree_HL_Ratio,Eigenvector_HL_Ratio
2014-10-15,0.924253330019229,0.924253330019229,0,85.36,0.213044418189496,0.96639052348194,0.96639052348194,0,88.74,0.332684113613364,0.956397344097612,0.640380497510291
2014-10-16,0.905559981362729,0.905559981362729,0,90.5,0.220559388682902,0.960071496779809,0.960071496779809,6.65196043536825e-06,92.7,0.363318351708871,0.943221400072893,0.60706922082383
2014-10-17,0.904170314814041,0.904170314814041,0,86.48,0.303174283341911,0.989037313024098,0.989037313024098,1.96781858008152e-05,90.08,0.23116485292892,0.914192319043489,1.31150682943628
2014-10-20,0.890658256410163,0.890658256410163,0,90.42,0.306359905449175,0.934626820914363,0.934626820914363,1.9584343026893e-05,94.72,0.264342952983936,0.952956021033951,1.15894863846736
2014-10-21,0.880965297809218,0.880965297809218,0,89.7,0.404452739439481,0.932093003430059,0.932093003430059,2.03107937204487e-05,95.74,0.210767274745687,0.945147420447644,1.91895416367411
2014-10-22,0.850889238387704,0.850889238387704,0,89.58,0.384144701785133,0.890673962742422,0.890673962742422,0.00098126228475487,105.08,0.194427627826501,0.955331887964684,1.97577219904121
2014-10-23,0.900024180064203,0.900024180064203,0,88.2,0.411077919393151,0.868888982179728,0.868888982179728,1.77799872421047e-05,100.06,0.195473883408768,1.03583334410153,2.10298128949288
2014-10-24,0.841659654036489,0.841659654036489,0,85.08,0.36963673527705,0.882928272033089,0.882928272033089,0,90.34,0.240619529032984,0.953259376436579,1.53618759359462
2014-10-27,0.882515267628987,0.882515267628987,0,78.58,0.355466853521607,0.874481548701448,0.874481548701448,1.91570088971062e-05,91.44,0.245421886614729,1.00918683640549,1.44839100711351
2014-10-28,0.874146005792011,0.874146005792011,0,81.12,0.40104861531955,0.895673464181308,0.895673464181308,0,84.52,0.301133523145544,0.975965059533192,1.33179664333059
2014-10-29,0.894076843755599,0.894076843755599,0,76.5,0.407025402814691,0.860889537436686,0.860889537436686,0,86.86,0.345343184938012,1.03855001701813,1.17861136564125
2014-10-30,0.901225233304689,0.901225233304689,0,77.16,0.338074125628181,0.834567846376073,0.834567846376073,1.88598833128161e-05,93.84,0.391275071926007,1.0798705428421,0.864031853509219
2014-10-31,0.901513599137939,0.901513599137939,0,84.66,0.395322040014889,0.851878398641571,0.851878398641571,1.95351196840444e-05,91.48,0.42225750011024,1.05826559351137,0.936210819018444
2014-11-03,0.872640475463907,0.872640475463907,0,81.12,0.339520566656579,0.844259380503838,0.844259380503838,0,84.04,0.417958431080519,1.03361655862578,0.812330943483638
2014-11-04,0.875055921257538,0.875055921257538,0,95.4,0.388695768321765,0.807097862138527,0.807097862138527,0,87.82,0.418486589726514,1.08420051930127,0.92881296047212
2014-11-05,0.917241048916652,0.917241048916652,1.79336024102312e-05,90.4081632653061,0.385119460728032,0.864090732059605,0.864090732059605,0.00111748145497427,90.16,0.456569994907835,1.06151011101619,0.843505848004256
2014-11-06,0.862013163431195,0.862013163431195,1.7834273038822e-05,90.734693877551,0.416372373968728,0.859324661489968,0.859324661489968,0.00111927038662411,91.98,0.4440579839802,1.0031286218838,0.93765316465359
2014-11-07,0.830991148992644,0.830991148992644,0,88.1020408163265,0.366686747885117,0.878930601047029,0.878930601047029,0.00113856124680608,87.18,0.280705524341254,0.945457067944526,1.30630399506971
2014-11-10,0.892107034709508,0.892107034709508,1.46496021423935e-05,91.1632653061225,0.273116444174439,0.903170403728936,0.903170403728936,0.00118223287851941,91.76,0.47719228070647,0.987750518646592,0.572340448948792
2014-11-11,0.922283834966761,0.922283834966761,1.77786550750643e-05,87,0.46597939128361,0.876624972112111,0.876624972112111,0.00110808457434327,93.1,0.385418078710088,1.05208483023777,1.20902318034261
2014-11-12,0.926854707421459,0.926854707421459,1.42326108682173e-05,87.8775510204082,0.454747721586495,0.894267192106081,0.894267192106081,0.00112115491563899,89.36,0.39099335712524,1.03644046835558,1.16305741082152
2014-11-13,0.930355243810459,0.930355243810459,1.33780803217521e-05,82.5102040816327,0.287207142343644,0.935811153934294,0.935811153934294,0.00116267722759553,88.86,0.291988018594853,0.994169859911481,0.983626464283652
2014-11-14,0.940743099607749,0.940743099607749,1.41357809961713e-05,82.8979591836735,0.367881682517922,0.857197015536385,0.857197015536385,3.55057714298296e-05,86.24,0.382833800888636,1.09746427315672,0.960943578294271
2014-11-17,0.945609213042235,0.945609213042235,1.49244643492316e-05,86.4897959183673,0.333650637265091,0.880489857717254,0.880489857717254,0.00113618252688477,95.64,0.425333947276012,1.07395809815891,0.784443939642973
2014-11-18,0.967862609886165,0.967862609886165,1.88336551884309e-05,88.7551020408163,0.373479662958972,0.881588957131513,0.881588957131513,1.50357447041627e-05,88.5,0.273563988583817,1.09786153973091,1.3652369410623
2014-11-19,0.963732180031266,0.963732180031266,0.00116632066015321,93.0612244897959,0.363478273534608,0.916625032843229,0.916625032843229,0.00113548519835063,88.58,0.442804914682767,1.0513919492706,0.820854198953527
2014-11-20,0.955780630808673,0.955780630808673,2.0371076408957e-05,87.1020408163265,0.38848006110104,0.895551842743246,0.895551842743246,2.16331342435755e-05,97.46,0.159331738796932,1.0672532679749,2.43818377954286
2014-11-21,0.989275370738439,0.989275370738439,2.06540822158615e-05,85.8163265306122,0.40680444348174,0.87971637491143,0.87971637491143,0.00112869986729532,98.18,0.410595978915413,1.12453899796743,0.990765775535141
2014-11-24,0.918440476628797,0.918440476628797,0,84.4081632653061,0.3040514998438,0.902786197627733,0.902786197627733,0.00072986235904492,91.8,0.350289786333432,1.017339962709,0.867999900957379
2014-11-25,0.967364756594901,0.967364756594901,0,80.9387755102041,0.29572499701888,0.907229000749244,0.907229000749244,0.00106991152250291,90.22,0.365987386946388,1.06628508986815,0.808019641021672
2014-11-26,0.915904291934622,0.915904291934622,1.97101152941477e-05,89.6122448979592,0.298891777979387,0.879042870947606,0.879042870947606,2.13746274484695e-05,89,0.36093307585853,1.04193358732013,0.828108582923389
2014-11-27,0.936732156645543,0.936732156645543,1.89769171861277e-05,88.7755102040816,0.323786625948273,0.898971485567727,0.898971485567727,0.00104641902240246,93.5,0.386140644212504,1.04200430345571,0.838519929981998
2014-11-28,0.926380821909929,0.926380821909929,9.21329847476091e-05,94.16,0.274248284586249,0.896596256412925,0.896596256412925,0.00119113927494832,94.7,0.379574849139125,1.03321959609352,0.722514374195877
2014-12-01,0.911729605161713,0.911729605161713,1.88463391166544e-05,83.78,0.231082802305754,0.887120079656342,0.887120079656342,0.00113586763313934,96.92,0.400044802553129,1.02774091813467,0.577642306139109
2014-12-02,0.911469642276414,0.911469642276414,0,85.48,0.307604582057459,0.875035237772271,0.875035237772271,0.00113731585130569,94.7,0.327015629894793,1.041637642613,0.940641834631638
2014-12-03,0.840438352153447,0.840438352153447,0,80.88,0.315846229906507,0.909773592052462,0.909773592052462,0.00117667162551489,95.18,0.34907348152203,0.923788467257448,0.904813016816271
2014-12-04,0.876771908348177,0.876771908348177,0.000982110454821165,88.54,0.344287671381319,0.884510810215818,0.884510810215818,2.04224352920332e-05,95.58,0.253963682596373,0.991250641848287,1.35565710758927
2014-12-05,0.910641882233928,0.910641882233928,2.2343828958834e-05,93.02,0.309564247044012,0.931369190193458,0.931369190193458,1.72317276320674e-05,88.04,0.397920559070538,0.977745336459729,0.777954895738715
2014-12-08,0.870479950845155,0.870479950845155,1.91726800170091e-05,86.12,0.346125119416579,0.904700930367402,0.904700930367402,0.00111107495872246,92.08,0.183688177152524,0.962174262926479,1.88430809637344
2014-12-09,0.885384146137452,0.885384146137452,0,87.48,0.366923724184572,0.966692259454347,0.966692259454347,0.00114237589885405,89.22,0.382664283584691,0.91589038546477,0.958865877806349
2014-12-10,0.886482817361891,0.886482817361891,0.00107392400161941,96.9,0.366497162856845,0.904881247919804,0.904881247919804,0.00114976710876158,91.32,0.37399448438876,0.979667574501949,0.979953390103686
2014-12-11,0.901113906554505,0.901113906554505,1.88491222820616e-05,93.28,0.309693459397747,0.918574644996935,0.918574644996935,0.00116167227314161,88.26,0.338251850358118,0.980991486606417,0.915570629014637
2014-12-12,0.888207670220848,0.888207670220848,1.57304594898779e-05,97.88,0.31057969213158,0.912100480550941,0.912100480550941,1.97618370280106e-05,85.7,0.374866529261285,0.973804629161405,0.828507396335466
2014-12-15,0.883516564713644,0.883516564713644,1.5581084866743e-05,96.22,0.396320755744877,0.924362540699165,0.924362540699165,1.69253688310316e-05,88.38,0.405395913689022,0.955811735994162,0.977614086285274
2014-12-16,0.894836312314068,0.894836312314068,0.0011621190528387,98.26,0.410191461317834,0.909099425295121,0.909099425295121,0.00120551668086754,87.9,0.396759972538173,0.984310722695241,1.03385293303086
2014-12-17,0.89726418834537,0.89726418834537,0.00113313525862222,96.46,0.392936368845992,0.874363580440061,0.874363580440061,0.00117053935864897,92.4,0.427820523789782,1.02619117312021,0.918460772674547
2014-12-18,0.900351310354782,0.900351310354782,0.00107434131361318,97,0.325201671100249,0.881293790727894,0.881293790727894,1.65255407631424e-05,94.4,0.378026142384757,1.02162447963141,0.860262385687752
2014-12-19,0.869610400237926,0.869610400237926,1.586851483381e-05,96.36,0.284098740295005,0.931899619636415,0.931899619636415,0.00125309934805838,92.04,0.3794780674104,0.933158874533299,0.748656548805906
2014-12-22,0.879783609806231,0.879783609806231,0.00104625114046946,94.54,0.353590807575686,0.987124373159449,0.987124373159449,0.00129144709559343,90.42,0.408431993515482,0.891259129779506,0.86572749733006
2014-12-23,0.859082993546812,0.859082993546812,0.00107237975127369,98.06,0.355018651588149,0.944129345141362,0.944129345141363,0.00125815059521217,90.32,0.415652314962177,0.909920868329946,0.854124081133662
2014-12-24,0.834492156841406,0.834492156841406,0.0010317373283319,103.94,0.304351329385589,0.971261263998116,0.971261263998116,0.00125758623264233,88.96,0.394498631896319,0.859184019556478,0.771488935012523
2014-12-25,0.834368030380747,0.834368030380747,0.00100374613158993,102.8,0.367151809451993,0.987663510123019,0.987663510123019,0.0012555696479502,90.68,0.405558603000025,0.844789770836853,0.905299028885279
2014-12-26,0.828059562931932,0.828059562931932,1.82722183567026e-05,98.36,0.391591469420228,0.980950796473088,0.980950796473088,0.00126415818391822,93.88,0.433923935178181,0.844139752889888,0.902442657972833
2014-12-29,0.848866756410408,0.848866756410408,0.000860774073910447,98.2,0.392091142656631,0.97369122794022,0.97369122794022,0.0012873274279264,98.52,0.328109455497029,0.871802818031061,1.19500104641203
2014-12-30,0.83467688321229,0.83467688321229,0.00104121476522532,96.1,0.388468136723989,0.945363698411409,0.945363698411409,2.08525793726307e-05,95.5,0.273538632124536,0.882916156622983,1.42015821935941
2014-12-31,0.809161048855057,0.809161048855057,1.86093672649006e-05,99,0.389810088824599,0.944119755605157,0.944119755605157,1.99882817647874e-05,94.66,0.287485984065052,0.857053402443004,1.35592728143711
2015-01-05,0.829310670692167,0.829310670692167,1.38707763941672e-05,101.18,0.375391160544676,0.968958074692812,0.968958074692812,0.00112047258726454,98.6,0.343158224113959,0.855878796360806,1.09393024606635
2015-01-06,0.824365773939274,0.824365773939274,1.6779862329313e-05,99.32,0.398905872707489,0.944295210256686,0.944295210256686,2.07468576405648e-05,92.28,0.363291369096768,0.872995822688953,1.09803289216385
2015-01-07,0.813293589732947,0.813293589732947,1.67133790458391e-05,97.54,0.385975024570146,0.96929154331159,0.96929154331159,0.00121536353094329,93.3,0.342958160969148,0.839059821933786,1.12542889628122
2015-01-08,0.837350598033653,0.837350598033653,0.000691636790230496,97.82,0.413283517869096,0.969684157265906,0.969684157265905,0.00121436994322132,101.22,0.301010864818879,0.86352921387787,1.37298538415805
2015-01-09,0.873830351136927,0.873830351136927,0.00108221995193238,91.8,0.436048017752691,0.944971065320047,0.944971065320047,0.000931871595754194,98.58,0.224890795331713,0.924716515887156,1.93893225869703
2015-01-12,0.865370127932313,0.865370127932313,0.00113371173934644,93,0.407431438265256,0.956875158224122,0.956875158224122,0.00130805770085444,97.62,0.293214249411456,0.904370983502556,1.38953491886243
2015-01-13,0.869190953411679,0.869190953411679,0.00104701240836227,94.24,0.362296369543111,0.965586387686118,0.965586387686118,0.00128055215125891,95.42,0.281867750317285,0.900169021121521,1.28534168643022
2015-01-14,0.887953049306286,0.887953049306286,0.00111390570413476,96.26,0.321801344608779,0.967693744145896,0.967693744145896,0.00131190598946256,89.5,0.255986204482087,0.917597178526776,1.25710424614424
2015-01-15,0.931913559516228,0.931913559516228,0.00118282167638942,91.32,0.463060946552404,0.923299083615735,0.923299083615735,0.00121004699370027,95.4,0.224625448620579,1.00933010337967,2.06148034159109
2015-01-16,0.915265652715258,0.915265652715258,0.00112476182547407,92.92,0.28135941274335,0.963615265539257,0.963615265539257,0.00118055907689177,93.5,0.247643827777919,0.949824774935523,1.13614546854633
2015-01-19,0.885942732873507,0.885942732873507,0.00105976065318563,99.74,0.307001938179002,0.900598017646746,0.900598017646746,0.0011250047205232,101.56,0.240329725356148,0.983727162967188,1.27741975206792
2015-01-20,0.881220744263928,0.881220744263928,2.50118690169518e-05,95.34,0.252678891359985,0.922553962032824,0.922553962032824,2.33016421348757e-05,94.98,0.233337776367767,0.955196964654708,1.08288891448822
2015-01-21,0.885936019038343,0.885936019038343,0.00104218494092712,98.92,0.336342800728174,0.933859866009843,0.933859866009843,2.57227509229236e-05,92.2,0.222300172379194,0.948681971764922,1.51301187546742
2015-01-22,0.8666671721999,0.8666671721999,0.00101707451925404,98,0.285783289863771,0.961348217909892,0.961348217909892,2.52033764366196e-05,95.12,0.247083253031442,0.901512226323317,1.15662751869065
2015-01-23,0.857630359384534,0.857630359384534,0.00105560403814101,97.9,0.416446336156611,0.924963427498055,0.924963427498055,1.8468785142246e-05,94.02,0.25367160280857,0.927204615759078,1.64167503002248
2015-01-26,0.850692746211092,0.850692746211092,0.00106752666096318,99.4,0.351064161731153,0.939984091837548,0.939984091837548,2.17803400536576e-05,96.76,0.235941674254901,0.905007599169149,1.48792773824211
2015-01-27,0.884287226964934,0.884287226964934,0.0011142571738046,97.18,0.343805249762503,0.94530352075701,0.94530352075701,2.04313429078379e-05,95.38,0.24877310258083,0.935453224861351,1.38200330419884
2015-01-28,0.865700868174482,0.865700868174482,0.00108811416335929,99.56,0.315010106639889,0.913897348356579,0.913897348356579,1.99517927908971e-05,93.78,0.205691631273867,0.947262698301109,1.53146778354084
2015-01-29,0.846460454770372,0.846460454770372,0.00103977301841618,100.14,0.353874838228767,0.918806301116586,0.918806301116586,1.95505907926433e-05,94.56,0.2061655496467,0.921261046797029,1.71645960654043
2015-01-30,0.832024295388449,0.832024295388449,1.89409473088848e-05,102.78,0.395460990804535,0.914347695731924,0.914347695731924,1.87244117242498e-05,98.76,0.257756931141474,0.909964884553489,1.53423998746897
2015-02-02,0.810251234570901,0.810251234570901,0.00104549533413106,104.84,0.347619003050241,0.911945989899147,0.911945989899147,0.00113198629828279,100.64,0.224709486791237,0.888485988803468,1.5469707488282
2015-02-03,0.837479826296009,0.837479826296009,0.00109382818722588,101.68,0.383267377967904,0.969469580528853,0.969469580528853,0.00118516838244285,98.98,0.21532962687615,0.863853640295921,1.77991010121587
2015-02-04,0.849174371288939,0.849174371288939,0.00107054655549527,104.34,0.41899824835656,0.947982716581139,0.947982716581139,2.00216977609095e-05,96.82,0.209308575189196,0.895769887399901,2.00182074708512
2015-02-05,0.855460634892344,0.855460634892344,0.00110913243049394,101.74,0.314318536863726,0.943438385758818,0.943438385758818,0.00113619952269325,97.76,0.200491126488984,0.906747751422355,1.56774288402732
2015-02-06,0.850703267888462,0.850703267888462,0.00103262507215503,105.72,0.352811491950877,0.933945371890043,0.933945371890043,0.00118652658941266,98.38,0.198491879122017,0.910870478609341,1.77746058685855
2015-02-09,0.857737753471242,0.857737753471241,0.00107984431065152,103.66,0.388361328371216,0.921873530819347,0.921873530819347,0.00118236714399486,97.78,0.238398718288352,0.930428876408782,1.62904117589038
2015-02-10,0.861630957051006,0.861630957051006,0.00108692737118283,99.82,0.335778668357927,0.931518957377972,0.931518957377972,2.20677480622988e-05,96.06,0.246449190334376,0.924974151332694,1.36246610468613
2015-02-11,0.862185370456286,0.862185370456286,0.00112928112136699,95.7,0.345538710779339,0.918777830792993,0.918777830792993,0.00121549911268882,95.9,0.231417122675999,0.938404630107517,1.49314236899885
2015-02-12,0.887215354556436,0.887215354556436,0.000249356153817299,97.08,0.328332323493372,0.921597927037651,0.921597927037651,0.00113612435973338,97.68,0.211358207753628,0.962692437263033,1.55344013834606
2015-02-13,0.888274881068947,0.888274881068947,0.00107241426251255,101.96,0.256600045241419,0.929271593069308,0.929271593069308,0.00109650431086504,94.52,0.231185275467018,0.955882960045134,1.10993247611925
2015-02-16,0.891891495941677,0.891891495941677,0.00114074212472893,95.530612244898,0.335526565512629,0.928560061512067,0.928560061512066,2.10086794621617e-05,90.34,0.253054181600639,0.960510292128354,1.32590800669773
2015-02-17,0.907191439697822,0.907191439697822,0.00117296291647439,97.7755102040816,0.408457334684175,0.93028821843858,0.93028821843858,0.00117890705332845,96.8,0.217584631468112,0.975172448405802,1.87723430615565
2015-02-25,0.923464435166662,0.923464435166662,0.00119080542037423,94.4285714285714,0.426899991348612,0.922016101993556,0.922016101993556,2.41490694774174e-05,96.96,0.198705563877662,1.00157083284118,2.14840482077011
2015-02-26,0.910943650099895,0.910943650099895,0.00114155653965324,97.1224489795918,0.369677379453549,0.919210417018356,0.919210417018356,2.363950403042e-05,99.1,0.156939189886974,0.991006665323403,2.35554535307456
2015-02-27,0.901860510838951,0.90186051083895,0.00113861986558206,94.9387755102041,0.394062243538414,0.931687413541933,0.931687413541933,0.00124441771712578,101.54,0.161280525932695,0.967986148283798,2.44333431615211
2015-03-02,0.883207488953925,0.883207488953925,0.00107571193153374,101.938775510204,0.320255702020574,0.934160528197278,0.934160528197278,2.38064064099336e-05,97.32,0.133059784423823,0.945455799399188,2.40685571081713
2015-03-03,0.917581226381231,0.917581226381231,0.00115192724892545,96.8979591836735,0.344831404561453,0.962591736639484,0.962591736639484,0.00122045270662066,94.64,0.191687999975105,0.953240290202999,1.79892014422519
2015-03-04,0.926820782836569,0.926820782836569,0.00117638559184977,95.8775510204082,0.33056723492926,0.953170344509791,0.953170344509791,0.00125049152498534,101.16,0.187571775648291,0.972355873401859,1.76235061904566
2015-03-05,0.9086697494921,0.9086697494921,0.00117976783131804,96.2857142857143,0.353659703843094,0.94952069711502,0.94952069711502,2.05222436561236e-05,93.44,0.187303445970433,0.956977296285337,1.88816442757237
2015-03-06,0.890863077113198,0.890863077113198,0.0011470217599059,95.6122448979592,0.370982947398773,0.925572027635481,0.925572027635481,0.00115818716405258,96.88,0.184289750521182,0.962500000555384,2.01304167133339
2015-03-09,0.904501896796233,0.904501896796233,2.33492561353904e-05,92.9183673469388,0.38493835827311,0.948589156723387,0.948589156723387,1.99617704574225e-05,97.32,0.193157980758567,0.953523335561372,1.9928679972807
2015-03-10,0.912447550225352,0.912447550225352,2.41020122781033e-05,94.6530612244898,0.359427563329385,0.947647117036817,0.947647117036817,2.01727127284108e-05,93.1,0.175887816343383,0.962855828737674,2.04350460879952
2015-03-11,0.91365475056557,0.91365475056557,0.00116725523370642,95.1428571428571,0.338042505512818,0.951949785916731,0.951949785916731,2.21573634811339e-05,95.34,0.181187860941216,0.959772000668836,1.86570172944694
2015-03-12,0.90781104125091,0.90781104125091,0.00114861131135612,96,0.334402593095955,0.916476017751725,0.916476017751725,2.17602504729795e-05,96.66,0.16332590787342,0.990545331974893,2.04745589631206
2015-03-13,0.901730992293282,0.901730992293282,0.00115125033036985,93.6530612244898,0.363502124818767,0.945227836098251,0.945227836098251,0.00113746631864377,94.96,0.19487740018125,0.953982688465336,1.86528619778735
2015-03-16,0.905485054567671,0.905485054567671,0.00113004145997496,97.7551020408163,0.346527922149919,0.957040227298885,0.957040227298885,0,87.28,0.206500362535253,0.946130610542128,1.67809837181647
2015-03-17,0.886166576236642,0.886166576236642,0.00112710905967394,100.061224489796,0.338208688860983,0.936466381540268,0.936466381540268,2.24638856111871e-05,93.24,0.176837696206917,0.946287655066811,1.91253729332261
2015-03-18,0.893289177456266,0.893289177456266,2.22028298558843e-05,98.3673469387755,0.291880066154972,0.94843653900661,0.94843653900661,0.00118150692123427,95.8,0.200225793465325,0.941854452794379,1.45775457349115
2015-03-19,0.913440280845072,0.913440280845072,0.00113145864605692,96.3469387755102,0.375223200371146,0.960803032776368,0.960803032776368,0.00121156461415168,94.1,0.183630481382865,0.950705034938915,2.04336010854764
2015-03-20,0.896952985486665,0.896952985486665,0.00116053170141409,99.3469387755102,0.33465109028312,0.96665120585662,0.966651205856621,2.47858303418068e-05,90.9,0.187379092310576,0.927897239513408,1.78595747346477
2015-03-23,0.905377827907594,0.905377827907594,0.00117791678089105,93.3061224489796,0.354603868730757,0.971355513530613,0.971355513530613,0.00120419071328105,91.66,0.220372978151339,0.932076685926033,1.60910775769993
2015-03-24,0.931987000869493,0.931987000869493,0.00121803730144463,91.3673469387755,0.376941257153502,0.959706847549166,0.959706847549166,0.00122040259412195,91.6,0.2175328569215,0.971116339588009,1.73280148336178
2015-03-25,0.938007559914525,0.938007559914525,0.0012213187955044,91.4081632653061,0.49977883386173,0.967363552783784,0.967363552783784,1.84076524871567e-05,88.06,0.225057621897206,0.969653608733985,2.22067055382822
2015-03-26,0.927548417853873,0.927548417853873,0.00121930770470775,92.5918367346939,0.393302327004229,0.968931615239371,0.968931615239371,1.92151338099401e-05,83.12,0.191026035630091,0.957289867793947,2.05889383458616
2015-03-27,0.902523043342546,0.902523043342546,0.00117668743112853,94.0408163265306,0.423723113669865,0.970295724938681,0.970295724938681,1.80670184444778e-05,83.92,0.182290996339454,0.930152550553164,2.32443248530403
2015-03-30,0.875074315879915,0.875074315879915,0.00114371094331361,91.3877551020408,0.410359770519662,0.951037461489464,0.951037461489464,0,82.66,0.193726533022484,0.920126021649473,2.11824247364214
2015-03-31,0.904554791632178,0.904554791632178,0.00120322467583946,90.6530612244898,0.409966284907968,0.967824057878684,0.967824057878684,0,78.66,0.218827064863132,0.934627305726227,1.87347157064135
2015-04-01,0.931283330994921,0.931283330994921,0.00125347929225215,89.8163265306122,0.41167509690225,0.965570054341543,0.965570054341543,1.8847901199099e-05,79.12,0.210350015444518,0.964490693148097,1.95709563430402
2015-04-02,0.920366608498949,0.920366608498949,0.001221272033954,94.7959183673469,0.388033941908456,0.973351422928829,0.973351422928829,1.96224916354205e-05,79.14,0.264780255029288,0.94556455851223,1.46549425245298
2015-04-03,0.913647351795955,0.913647351795956,0.00113979918661562,91.5102040816327,0.405979418538788,0.998817914242179,0.998817914242179,0.00121770214141238,79,0.22599863251828,0.914728639492971,1.79637997812199
2015-04-07,0.928194085371592,0.928194085371592,0.00120579523004371,85.1632653061225,0.375446955368255,0.975079139755976,0.975079139755976,1.98429057964493e-05,80.98,0.208917857988336,0.951916667609034,1.79710322029635
2015-04-08,0.930524885610662,0.930524885610662,0.00119249742254039,85.7551020408163,0.339479393821877,0.975091820654876,0.975091820654876,0,82.42,0.215122444834174,0.954294627336447,1.57807519379748
2015-04-09,0.900576044805886,0.900576044805886,0.0011763721364259,93.0204081632653,0.387474941832853,0.984273103960618,0.984273103960618,2.44344858455877e-05,79.74,0.236694670257128,0.914965613895225,1.63702436312541
2015-04-10,0.894543165254601,0.894543165254601,0.00115498174475421,89.8367346938775,0.409445291548057,1.00007062101489,1.00007062101489,2.36867815346017e-05,81.98,0.275719786463936,0.894479996169476,1.48500510898812
2015-04-13,0.907364956691817,0.907364956691817,0.0011774303113532,88.8979591836735,0.380437868437984,0.947166435603372,0.947166435603372,0.0011362627821069,84.82,0.342756373514401,0.95797836851535,1.10993667174507
2015-04-14,0.88727380950328,0.88727380950328,0.00118323270365409,92.4285714285714,0.39651107032052,0.978178533737958,0.978178533737958,2.19644653725164e-05,78.02,0.34481567281103,0.907067349058152,1.14992183240412
2015-04-15,0.891754341521153,0.891754341521153,2.18275704194615e-05,87.530612244898,0.382470939389389,0.958470679067717,0.958470679067717,0.00120521087728228,87.08,0.290226710404061,0.930392928022109,1.31783507747066
2015-04-16,0.91232036081553,0.91232036081553,0.00121287703236717,90.0612244897959,0.420646416912803,0.953804642080717,0.953804642080717,1.99456332629112e-05,81.34,0.38715042057589,0.956506521949096,1.08651933345981
2015-04-17,0.910735465505771,0.910735465505771,0.00119491879759673,90.8979591836735,0.427449908551398,0.930228980804338,0.930228980804338,1.92268287792164e-05,82.16,0.35739199430173,0.979044390466408,1.1960254156967
2015-04-20,0.915134248327857,0.915134248327857,0.00111560292592532,94.0816326530612,0.414745488333179,0.905066530520013,0.905066530520013,1.94454156155987e-05,87.26,0.382462409916912,1.01112373230956,1.08440850023217
2015-04-21,0.90164314589536,0.90164314589536,1.99179917399864e-05,94.7959183673469,0.429472840079824,0.902334716452001,0.902334716452001,2.02137022048131e-05,87.78,0.409440075238062,0.999233576472198,1.04892722049769
2015-04-22,0.907793840555361,0.907793840555361,0.00117382060718455,91.8367346938775,0.429066109842112,0.894852062405323,0.894852062405323,0.00111586376444629,93.3,0.42296907873033,1.01446247787065,1.01441483885792
2015-04-23,0.911023152010666,0.911023152010666,0.00116850768314919,88.4285714285714,0.415129130107856,0.868635691503648,0.868635691503648,0.000934254963556118,92.52,0.359316403835928,1.04879774216236,1.1553303040888
2015-04-24,0.923813187523999,0.923813187523999,0.00116240684976089,90.8163265306122,0.399985465565147,0.850664624022431,0.850664624022431,0.00109553829404027,86.64,0.424982154510249,1.08598989711795,0.94118179156509
2015-04-27,0.911025403555435,0.911025403555435,0.00115543898348174,90.6326530612245,0.399334791987688,0.854796354751203,0.854796354751203,0.00105633723587624,87.22,0.420694698904595,1.06578063709759,0.949227059498197
2015-04-28,0.868080535858418,0.868080535858418,0.00113715063470927,95.4897959183673,0.4167967273948,0.840027976099583,0.840027976099583,0.00107211970504739,90.52,0.430776377656873,1.03339479226524,0.967547778877494
2015-04-29,0.888565566340375,0.888565566340375,1.84027417396792e-05,94.0612244897959,0.360242972196993,0.825302051260338,0.825302051260338,1.76596631553061e-05,88.6,0.390044306790162,1.0766549834493,0.923595001710403
2015-04-30,0.915772175578379,0.915772175578379,2.17419340467392e-05,91.2244897959184,0.390343459661079,0.808357080584942,0.808357080584942,0.00100317164191108,93.68,0.361030068227489,1.13288074982372,1.08119376753717
2015-05-04,0.938542919606302,0.938542919606303,0.0011795972681008,96.1020408163265,0.444174440040555,0.817368624550001,0.817368624550001,1.53700435784819e-05,96.64,0.444334181133924,1.14824926161438,0.999640493349033
2015-05-05,0.908414696348408,0.908414696348408,0.00106775104162564,92.4081632653061,0.39422498133456,0.807696051156,0.807696051156,1.34271028207217e-05,88,0.437819838763879,1.12469869705102,0.90042740513449
2015-05-06,0.887090707826242,0.887090707826242,0.00107877370104955,94.3469387755102,0.364810208520937,0.808384183975371,0.808384183975371,1.40250730561518e-05,89.8,0.370465395232711,1.09736277058739,0.984734912397898
2015-05-07,0.854644661871385,0.854644661871385,1.50580286605042e-05,93.4489795918367,0.404544066498826,0.84354187693889,0.84354187693889,1.35061540853941e-05,91.54,0.435328146319354,1.01316210283808,0.929285344674349
2015-05-08,0.870070147723072,0.870070147723072,1.89654335030821e-05,94.2040816326531,0.394555636205733,0.841327700018488,0.841327700018488,1.42977444616377e-05,88.86,0.409197547373749,1.03416320145403,0.964217988934712
2015-05-11,0.841561577530488,0.841561577530488,0,99.58,0.359286468679062,0.845562893300075,0.845562893300075,1.63149521183338e-05,86.98,0.39630350167779,0.995267867356418,0.906594231839957
2015-05-12,0.842703081207638,0.842703081207638,0,95.32,0.363698555694541,0.824176098465204,0.824176098465204,1.58507223187508e-05,89.48,0.363938579852988,1.02247939824624,0.999340481686376
2015-05-13,0.826374407921402,0.826374407921402,6.93889390390717e-20,94.96,0.427530849928889,0.808086008900743,0.808086008900743,1.38921364876906e-05,93.22,0.375836204042635,1.0226317481298,1.13754567902242
2015-05-14,0.850519231054655,0.850519231054655,0.000842244216129937,97.1,0.437349499916289,0.793713106911324,0.793713106911324,0.000955685793201207,98.02,0.357901152572498,1.0715700971153,1.22198404998905
2015-05-15,0.846922337273101,0.846922337273101,1.44491030712201e-05,91.3,0.417730477581345,0.798478220676849,0.798478220676849,1.39908243552479e-05,87.76,0.374017994179503,1.06067055473997,1.11687267479666
2015-05-18,0.826407535069127,0.826407535069127,0.000931688993654479,93.82,0.408359874661795,0.801120536388458,0.801120536388458,1.43011975978627e-05,85.66,0.342351986376091,1.0315645368357,1.19280708426558
2015-05-19,0.832380069052915,0.832380069052915,0,91.92,0.410682376129455,0.813675753543297,0.813675753543297,1.30370750082764e-05,88.42,0.33256879546141,1.02298743133019,1.23487946474253
2015-05-20,0.839515826215132,0.839515826215132,1.2062009157117e-05,100.4,0.478668752899863,0.800839800497379,0.800839800497379,1.37022462233408e-05,87.1,0.359873291835092,1.04829433513885,1.33010357745361
2015-05-21,0.861277107789705,0.861277107789705,1.21439589618064e-05,96.7,0.489704703170672,0.815630564568732,0.815630564568732,1.42131121924432e-05,86.32,0.38831913587065,1.05596472864539,1.2610882594614
2015-05-22,0.850709435920452,0.850709435920452,0.00104529427505627,102.06,0.489686637121226,0.795300925350168,0.795300925350168,0.000901753178943235,89.38,0.342519188948674,1.06966986810167,1.42966190777301
2015-05-25,0.870053028729122,0.870053028729122,0.00109417334511425,102.42,0.473637061688465,0.79909915517979,0.79909915517979,1.34234702156136e-05,86.24,0.394970109139313,1.08879232707156,1.19917191384578
2015-05-26,0.859340894168442,0.859340894168442,0.00104580155519794,101.62,0.468891586505871,0.798520648330745,0.798520648330745,0,81.66,0.384612784921909,1.07616615295401,1.21912636523789
2015-05-27,0.857351065958194,0.857351065958194,0.00104306637012914,107.02,0.449649847061093,0.796785096568019,0.796785096568019,0,79.58,0.385801891524312,1.07601292952272,1.16549414852404
2015-05-28,0.811819691604,0.811819691604,0,96.5,NA,0.753853683924487,0.753853683924487,1.65719704631977e-05,85.52,0.420875719052991,1.07689291558243,NA
2015-05-29,0.800934928971722,0.800934928971722,0,97.02,NA,0.81568436271138,0.81568436271138,0,85.6,0.39312798208129,0.981917719139999,NA
2015-06-01,0.837100469876351,0.837100469876351,1.60205515623905e-05,99.74,0.442147099613975,0.772331633713977,0.772331633713977,1.56394350744716e-05,88.04,0.469282539644991,1.08386143119752,0.942176753365801
2015-06-02,0.844846167296265,0.844846167296265,0,94.4,0.393377438646773,0.758367396688939,0.758367396688939,0,80.32,0.399282214438941,1.11403281705529,0.985211523131665
2015-06-03,0.853623191839892,0.853623191839892,0,98.56,0.440657793548094,0.778081022098629,0.778081022098629,0,79.48,0.424046310963246,1.09708779368184,1.03917374625218
2015-06-04,0.88007330514124,0.88007330514124,0,97.72,0.473446708956019,0.742448812030486,0.742448812030486,0,85.02,0.411715971235983,1.18536563178594,1.14993525156364
2015-06-05,0.836617007155622,0.836617007155622,0,87.84,0.395842114059849,0.738231994802128,0.738231994802128,0,83.66,0.391794293469421,1.13327113027642,1.01033149450591
2015-06-08,0.828776263328702,0.828776263328702,0,92.26,0.447707245199776,0.745967896585786,0.745967896585786,0,89.3,0.374849273567646,1.11100794970121,1.19436604728802
2015-06-09,0.839505891029792,0.839505891029792,2.01194602649056e-05,92.76,0.407873031617127,0.768802972387278,0.768802972387278,1.59032441193366e-05,89.7,0.42020805287512,1.0919649392392,0.970645442957138
2015-06-10,0.831043108096866,0.831043108096866,1.43514051638591e-05,94.36,0.466654753675376,0.747243357633199,0.747243357633199,1.42676801037182e-05,90.62,0.346303234909532,1.11214519287143,1.34753218172301
2015-06-11,0.828952928240802,0.828952928240802,0.00080048199353556,99.22,0.43415620721791,0.740270842262906,0.740270842262906,9.48575611839778e-06,95.08,0.475203364608712,1.11979681072782,0.913621913378916
2015-06-12,0.849568307433244,0.849568307433244,4.34725152405495e-05,86.9,0.462032680308484,0.753976765279884,0.753976765279884,0,94,0.403706227847155,1.12678314048295,1.14447746514184
2015-06-15,0.846293410748247,0.846293410748247,0.00106664870080096,94.54,0.422445646188166,0.755125602444553,0.755125602444553,0.000971305660208548,89.74,0.493122182497581,1.12073197890332,0.856675406586963
2015-06-16,0.828328667668688,0.828328667668688,0,96.38,0.434251072137599,0.788085459146193,0.788085459146193,1.76440389434444e-05,89.06,0.482709260588614,1.05106452359379,0.89961205966522
2015-06-17,0.800996793773121,0.800996793773121,1.77378562816687e-05,97.84,0.400178964408334,0.777963911186814,0.777963911186814,0,86.64,0.409574114088484,1.02960662089218,0.977061173162618
2015-06-18,0.799817780859562,0.799817780859562,0.000966065388620432,99.02,0.417710223193299,0.75023553699499,0.75023553699499,0,81.24,0.45970460434082,1.06608890331051,0.908649204835055
2015-06-19,0.816799999137396,0.816799999137396,0.000977874658168887,95.68,0.420406937045575,0.753331384995503,0.753331384995503,1.44905580521474e-05,89.6,0.447093369231224,1.08425059065111,0.940311277191303
2015-06-23,0.827330000003623,0.827330000003623,0.000950357296972613,98.72,0.448598200868677,0.750491214710145,0.750491214710145,0,84.96,0.444290442020086,1.10238465659209,1.00969581706283
2015-06-24,0.825138610986177,0.825138610986177,0.000999032841346281,100.62,0.41608265138329,0.76145440287688,0.76145440287688,0,91.9,0.437714810779432,1.08363495945219,0.950579329592203
2015-06-25,0.805784908411679,0.805784908411679,1.29022589422469e-05,95.734693877551,0.409238826302196,0.791245381198,0.791245381198,0,86.48,0.360129366251619,1.01837549710769,1.13636616353098
2015-06-26,0.803527136273786,0.803527136273786,0,91.8163265306122,0.397183692361011,0.731564095462851,0.731564095462851,0,95.84,0.507250698688474,1.09836874343239,0.783012607745938
2015-06-29,0.824989368128377,0.824989368128377,0,89.8775510204082,0.441154784946925,0.703224259998503,0.703224259998503,0,88.14,0.436953179603529,1.17315259876008,1.00961568776592
2015-06-30,0.831828602177028,0.831828602177028,0,90.5918367346939,NA,0.707455727438477,0.707455727438477,1.39698460420588e-05,99.42,0.37608166054425,1.17580305016241,NA
2015-07-01,0.805550038505818,0.805550038505818,0,96.8775510204082,0.407300284916227,0.714407774238479,0.714407774238479,0,86.8,0.433293551399593,1.12757736905158,0.94001003153773
2015-07-02,0.76515153335894,0.76515153335894,0,93.265306122449,0.462118821693817,0.735492211850564,0.735492211850564,0.000776278303549027,104.64,0.405830709664414,1.04032581315001,1.13869850331422
2015-07-03,0.73202730298997,0.73202730298997,0,100.428571428571,NA,0.762767600578472,0.762767600578472,0,86.8,0.523766423886881,0.959698999321432,NA
2015-07-06,0.746757813644818,0.746757813644818,0,100.795918367347,0.344579567175729,0.76972246359772,0.76972246359772,0,93.9,0.326272745866608,0.970165025656697,1.0561089503829
2015-07-07,0.737878010062786,0.737878010062786,0,102.122448979592,0.323844760350401,0.741056446989968,0.741056446989968,0,93.16,0.339392204091275,0.9957109381612,0.954190333326887
2015-07-08,0.725168078691141,0.725168078691141,0,105.938775510204,0.264156271439281,0.752407840423473,0.752407840423473,0,95.28,0.343363252661009,0.963796547206365,0.769320156982768
2015-07-09,0.746671680097524,0.746671680097524,0,103.083333333333,0.263831666661791,0.734945545485164,0.734945545485164,0,87.9,0.296190264105334,1.01595510672103,0.890750637799375
2015-07-10,0.737380111997398,0.737380111997398,0,82.25,0.314423384641456,0.718067828073364,0.718067828073364,0,107.92,0.317878358917229,1.02689479067159,0.98913114347406
2015-07-13,0.721853757631647,0.721853757631647,0,110.938775510204,0.300051039368407,0.733791899612198,0.733791899612198,0.000853454517953112,111.2,0.334865645760689,0.983730888843471,0.896034105519557
2015-07-14,0.748363678094413,0.748363678094413,0,101.224489795918,0.298549075919626,0.771689829465066,0.771689829465066,2.57191062234738e-05,106.3,0.408854910633301,0.969772633407876,0.730207876082948
2015-07-15,0.703624768998537,0.703624768998537,0,100.291666666667,0.296539259388602,0.748658669678187,0.748658669678187,0,98.36,0.351730459313281,0.939847219429105,0.843086663485346
2015-07-16,0.708078361391681,0.708078361391681,0,105.645833333333,0.339006020848363,0.754709974450499,0.754709974450499,3.16267123213038e-06,110.36,0.329468442732068,0.938212539071357,1.02894838132965
2015-07-17,0.687918589205391,0.687918589205391,0,102.142857142857,0.32809173930849,0.763176314459105,0.763176314459105,7.96710378472256e-06,107.92,0.351147680630204,0.901388809076114,0.934341182945204
2015-07-20,0.714409766267072,0.714409766267072,0,92.1224489795918,0.292563390565998,0.740943585765186,0.740943585765186,0,103.26,0.393449159352853,0.964189150148709,0.743586264225872
2015-07-21,0.695907743915119,0.695907743915119,0,99.2244897959184,0.282419896134666,0.767223913160791,0.767223913160791,0,97.48,0.389384167587414,0.907046472324011,0.725298868427322
2015-07-22,0.732505905849471,0.732505905849471,1.11274614559652e-05,104,0.322208430943654,0.709086763546108,0.709086763546108,0,110.44,0.369481595155976,1.03302718864225,0.872055428925043
2015-07-23,0.725921521525662,0.725921521525662,1.14926155038437e-05,110.0625,0.31228104030839,0.71339030473189,0.71339030473189,0,108.96,0.390643302630695,1.0175657234345,0.799402007420599
2015-07-24,0.739686748233099,0.739686748233099,1.29049638071632e-05,107.875,0.314021141296571,0.728731528875946,0.728731528875946,0,107.64,0.421475769855803,1.01503327209412,0.745051468567233
2015-07-27,0.727035478472202,0.727035478472202,0,117.744680851064,0.305104271532095,0.778782905306737,0.778782905306737,0,106.36,0.392694160744195,0.933553463382517,0.776951383626106
2015-07-28,0.752121274745134,0.752121274745134,0,85.8510638297872,0.305618706104929,0.78244579659789,0.78244579659789,0,107.14,0.373556090499017,0.961243932826262,0.818133377765749
2015-07-29,0.720951766692727,0.720951766692727,0,101.25,0.2793964577544,0.771228140678915,0.771228140678915,0,115.16,0.365929092480965,0.934809985094774,0.763526222690078
2015-07-30,0.754746482654917,0.754746482654917,0,102.808510638298,0.366593052391514,0.757879401015104,0.757879401015104,0,112.7,0.396931982444391,0.995866204628348,0.923566426000638
2015-07-31,0.773874690234809,0.773874690234809,0,98.3191489361702,0.343870318697892,0.771753054714717,0.771753054714717,0,98.8,0.298984808817932,1.00274911191751,1.15012638955611
2015-08-03,0.72956445036204,0.72956445036204,0,111.851063829787,0.329405789275702,0.782679679438766,0.782679679438766,0,108.84,0.362788482693435,0.932136695928003,0.907983039676753
2015-08-04,0.737195320242405,0.737195320242405,0,104.229166666667,0.347884033781914,0.792953963041643,0.792953963041643,0,99.08,0.323520859966085,0.92968237073265,1.07530634599074
2015-08-05,0.725171697596683,0.725171697596683,0,112.729166666667,0.324219974944171,0.771739857245659,0.771739857245659,0,106.1,0.238728879643708,0.93965821615696,1.35810956524428
2015-08-06,0.741493143135232,0.741493143135232,0,110.479166666667,0.299203392069375,0.764870486520052,0.764870486520052,0,115.54,0.262057133779951,0.969436206786877,1.14174870095548
2015-08-07,0.741053788285234,0.741053788285234,0,110.8125,0.332979631263523,0.74622351759028,0.74622351759028,0,108.6,0.234420448763341,0.993072143689949,1.42043764961683
2015-08-10,0.740841860973467,0.740841860973467,0,109.645833333333,0.34730166507161,0.716488756094888,0.716488756094888,0,109.22,0.241221450757784,1.03398951438026,1.43976277391824
2015-08-11,0.741238164551087,0.741238164551087,0,103.625,0.354176381190213,0.742389000793564,0.742389000793564,0,99.22,0.235988561327048,0.998449820456328,1.50082012110483
2015-08-12,0.746846705089074,0.746846705089074,0,101.916666666667,0.398389683896266,0.781961156930932,0.781961156930932,0,101.224489795918,0.23655541973597,0.955094378370817,1.68412832959366
2015-08-13,0.735491989723812,0.735491989723812,0,97.1458333333333,0.390405644651788,0.725648974546479,0.725648974546479,0,106.875,0.251239371751684,1.0135644306305,1.55391904513139
2015-08-14,0.73955522335519,0.73955522335519,0,91.9166666666667,0.365844697322337,0.780678520479251,0.780678520479251,0,96.25,0.235424178672693,0.947323647256472,1.55398098608625
2015-08-17,0.752102254963917,0.752102254963917,0,89.5,0.418836375386924,0.766512589306333,0.766512589306333,0,96.25,0.265727945040882,0.981200133509278,1.57618490340745
2015-08-18,0.736631553567534,0.736631553567534,0,92,0.405542508759121,0.786727109157935,0.786727109157935,0,90.9166666666667,0.275626051602143,0.93632410144857,1.47135042715232
2015-08-19,0.721489811540417,0.721489811540417,0,102.645833333333,0.348805562367525,0.742840415794638,0.742840415794638,0,98.2916666666667,0.269538770536578,0.971258154779608,1.29408308004503
2015-08-20,0.704485418526838,0.704485418526838,0,97.7291666666667,0.416150642207732,0.79225748657258,0.79225748657258,0,92.5625,0.27559916333307,0.889212699743038,1.50998514354995
2015-08-21,0.690288385645048,0.690288385645048,0,102.458333333333,0.45170271101513,0.760279992309657,0.760279992309657,0,92.2083333333333,0.290739078390013,0.907939696726754,1.55363604203626
2015-08-24,0.683634443395871,0.683634443395871,0,93.6739130434783,0.433820343368181,0.767336916267824,0.767336916267824,0,96.7446808510638,0.309201197198561,0.890918224970766,1.40303578155162
2015-08-25,0.669226607757134,0.669226607757134,0,99.804347826087,0.390145411749189,0.717569691806661,0.717569691806661,0,88.4255319148936,0.288328974583826,0.932629423174478,1.3531259295474
2015-08-26,0.66166906008725,0.66166906008725,0,91.7608695652174,0.349641108539512,0.752920015271393,0.752920015271393,0,87.2765957446808,0.307303750213589,0.878803918964419,1.13777039263757
2015-08-27,0.669740847652985,0.669740847652985,0,85.9347826086957,0.334899309248338,0.737002424916875,0.737002424916875,0,91.0425531914894,0.284385312017471,0.908736287711025,1.17762519756211
2015-08-28,0.681253365897169,0.681253365897169,0,81.804347826087,0.352005869861998,0.716003219244076,0.716003219244076,0,95.6326530612245,0.281956465296547,0.951466903481811,1.24844049769094
2015-08-31,0.670155281537078,0.670155281537078,0,90.1521739130435,0.356335641976858,0.72258642963997,0.72258642963997,0,94.625,0.347616659137519,0.927439616975625,1.02508217776723
2015-09-01,0.672339104553833,0.672339104553833,0,90.9347826086957,0.39804202706898,0.76905832274129,0.76905832274129,0,86.5208333333333,0.317025571773606,0.874236822712348,1.25555179931425
2015-09-02,0.657675093805878,0.657675093805878,0,95.695652173913,0.435350216421704,0.74166888774709,0.74166888774709,0,97.7083333333333,0.304112767037591,0.886750279904078,1.43154205810732
2015-09-07,0.688820523747431,0.688820523747431,0,97.3777777777778,0.490233723882726,0.703382109801969,0.703382109801969,0,86.4791666666667,0.374559447299304,0.979297758854519,1.30882755038612
2015-09-08,0.717738551320331,0.717738551320331,0,98.8723404255319,0.0417255264834447,0.719947510824581,0.719947510824581,0,86.8333333333333,NA,0.996931777010077,NA
2015-09-09,0.67286581616071,0.67286581616071,0,76.063829787234,0.0425538755984115,0.735936676908586,0.735936676908586,0,91.625,0.348846261869473,0.914298522241322,0.121984611130314
2015-09-10,0.686607368921828,0.686607368921828,0,74.3829787234042,0.366340299795941,0.709389913374487,0.709389913374487,0,86.6875,NA,0.967884312952399,NA
2015-09-11,0.713900522118525,0.713900522118525,0,99.5957446808511,0.440062917292638,0.752309292041569,0.752309292041569,0,90.7708333333333,0.358473362835985,0.948945506416898,1.22760283724061
2015-09-14,0.661501533956903,0.661501533956903,7.38180202543302e-20,101.765957446809,0.389534286041621,0.75061505703239,0.75061505703239,0,104.104166666667,0.0451858557526092,0.88127932921063,8.62071282160297
2015-09-15,0.662348025613765,0.662348025613765,0,103.957446808511,0.462002557018771,0.747501995338287,0.747501995338287,0,113.8125,0.494937449025392,0.886081949940503,0.933456455817852
2015-09-16,0.685368160741162,0.685368160741162,0,100.659574468085,0.500215306710647,0.780335333375453,0.780335333375453,0,110.1875,0.391511441162464,0.878299535376032,1.27765182347015
2015-09-17,0.658389677065942,0.658389677065942,0,103.68085106383,0.543984030928173,0.73081744337552,0.73081744337552,0,101,0.359965447705734,0.900894858263034,1.51121179656352
2015-09-18,0.66812111450502,0.66812111450502,0,99.4042553191489,0.465233447162626,0.782587308618275,0.782587308618275,0,101.446808510638,0.425751180534508,0.853733643706343,1.09273554233848
2015-09-21,0.697809645394285,0.697809645394285,0,117.297872340426,0.34656541584871,0.803421054556278,0.803421054556278,2.24826911227467e-05,105.282608695652,0.403470291361376,0.868547869684196,0.858961423601577
2015-09-22,0.696637042651706,0.696637042651706,0,106.68085106383,0.326565381174313,0.798654278615029,0.798654278615029,2.66791641400283e-05,104.195652173913,0.444812200170858,0.87226358301087,0.734164622842798
2015-09-23,0.701334676908379,0.701334676908379,0,98.7608695652174,0.345677537949564,0.808875458734135,0.808875458734135,2.00091046436509e-05,105.195652173913,0.412820253269414,0.867049023845953,0.837356053177866
2015-09-24,0.71957850996122,0.71957850996122,1.68755912300799e-05,106.326086956522,0.337882871836702,0.791063159907481,0.791063159907481,2.02088234736934e-05,104.934782608696,0.423425533201767,0.909634712410799,0.797974721273356
2015-09-25,0.744094311082229,0.744094311082229,1.87752890281402e-05,111.847826086957,0.333105218947756,0.813692848348697,0.813692848348697,2.71112278681371e-05,103.913043478261,0.434958154973662,0.914465836331595,0.765832793657878
2015-09-28,0.79805276356122,0.79805276356122,2.10485607821213e-05,104.108695652174,0.325529121696475,0.825867713672952,0.825867713672952,2.46931089552176e-05,101.586956521739,0.415246927701289,0.96632033235925,0.783941072119495
2015-09-29,0.791687914673021,0.791687914673021,0,97.4565217391304,0.312631978868892,0.823183330004554,0.823183330004554,0,99,0.421337225793531,0.961739488418262,0.741999424048262
2015-09-30,0.795002042756738,0.795002042756738,0,109.170212765957,0.312046982263667,0.837796897406404,0.837796897406404,0,93,0.443020960071714,0.948919774252988,0.704361667703385
2015-10-08,0.83159687753101,0.83159687753101,0,103.36170212766,0.297162267607271,0.817733893353282,0.817733893353282,0,98.6521739130435,0.429670235833743,1.01695292844091,0.691605428592581
2015-10-09,0.81253804293588,0.81253804293588,7.40501345103223e-06,106.531914893617,0.303537791761249,0.831707513908051,0.831707513908051,0,98.8695652173913,0.424982163686687,0.976951667922179,0.714236543783584
2015-10-12,0.823317350168169,0.823317350168169,0,99.9148936170213,0.390213048353753,0.853723488796957,0.853723488796957,0,98.4468085106383,0.37445926135538,0.964384090366735,1.04207076342925
2015-10-13,0.813321828829815,0.813321828829815,0,110.170212765957,0.298110480935576,0.855388073200929,0.855388073200929,0,101.404255319149,0.446959323738628,0.950822035414056,0.666974521175676
2015-10-14,0.869235959912456,0.869235959912456,0,87.3404255319149,0.311062454149794,0.871187427895741,0.871187427895741,0,85.1063829787234,0.379434131035245,0.997759990650923,0.819806202729032
2015-10-15,0.863594761008823,0.863594761008823,0,79.6170212765958,0.33723838041218,0.850522493534496,0.850522493534496,0,98.0425531914894,0.397391714714686,1.01536969048285,0.848629621416004
2015-10-16,0.840709622141389,0.840709622141389,0,87.5957446808511,0.320371601855336,0.84348778744727,0.84348778744727,0,90.2127659574468,0.425040843481836,0.996706336064107,0.753743097324308
2015-10-19,0.852706133706419,0.852706133706419,0,78.3829787234042,0.313287996376487,0.812703882048635,0.812703882048635,0,104.255319148936,0.452969623750369,1.0492211893426,0.691631358815222
2015-10-20,0.891641864762615,0.891641864762615,0,85.1458333333333,0.361750089791218,0.820334240700803,0.820334240700803,2.36569186667402e-05,100.255319148936,0.41677288793593,1.08692508556134,0.867978940719458
2015-10-21,0.872149349687827,0.872149349687827,0,95.4468085106383,0.303432737158116,0.826424367571641,0.826424367571641,2.27321582287398e-05,104.510638297872,0.367182626707179,1.05532869541413,0.826380975263565
2015-10-22,0.868953677908654,0.868953677908654,0,100.468085106383,0.318154624893483,0.824168246891197,0.824168246891197,0,93.8510638297872,0.331060532233407,1.05434015589219,0.961016472568152
2015-10-23,0.856408091941256,0.856408091941256,0,89.0416666666667,0.301614434831482,0.853221515584587,0.853221515584587,2.57841059188573e-05,101.595744680851,0.368900159691015,1.00373475855738,0.817604511432332
2015-10-26,0.878446286747123,0.878446286747123,0,97.6734693877551,0.29699835446805,0.838751841012939,0.838751841012939,0,98.6875,0.401582359778389,1.04732561383859,0.739570220743628
2015-10-27,0.857390504718053,0.857390504718053,0,93.1632653061225,0.352594698761562,0.795795873633858,0.795795873633858,0,93.0208333333333,0.367578383357687,1.07740003828235,0.959236763437353
2015-10-28,0.879869412423382,0.879869412423382,0,97.3265306122449,0.360090350708866,0.780839566217419,0.780839566217419,0,95.2083333333333,0.348062280150145,1.1268248312335,1.03455723657712
2015-10-29,0.879171962592244,0.879171962592244,0,89.3673469387755,0.33847626958107,0.808391128952051,0.808391128952051,0,100.520833333333,0.359762836227541,1.08755765755613,0.940831668802479
2015-10-30,0.865456690864907,0.865456690864907,0,94.6530612244898,0.353654017064467,0.796563198646342,0.796563198646342,0,96.1666666666667,0.417576596116832,1.08648841967046,0.846920110832838
2015-11-02,0.87544315257177,0.87544315257177,0,82.6734693877551,0.319739951997342,0.784142408738099,0.784142408738099,0,101.729166666667,0.384090403211859,1.11643388090768,0.832460143038195
2015-11-03,0.889906497508684,0.889906497508684,0,94.0816326530612,0.346646050168622,0.787258857841541,0.787258857841541,0,92.2916666666667,0.380742696681005,1.1303861349348,0.910447011040239
2015-11-04,0.897100652850988,0.897100652850988,0,89.5102040816327,0.347122394393597,0.785628713528914,0.785628713528914,0,85.2916666666667,0.354523500820582,1.1418888304392,0.979123791765979
2015-11-05,0.900202799322813,0.900202799322813,0,81.7551020408163,0.355470322260443,0.809517085446011,0.809517085446011,5.0347651079028e-06,99.8541666666667,0.326139807781234,1.11202445940574,1.08993233508889
2015-11-06,0.892723789698819,0.892723789698819,0,93.1224489795918,0.315254368219308,0.786552605695361,0.786552605695361,0,88.1666666666667,0.375691935147896,1.13498294104511,0.83912998583588
2015-11-09,0.898359280065648,0.898359280065648,0,90.4081632653061,0.386864469274643,0.77678656182177,0.77678656182177,0,100.354166666667,0.385897724382673,1.15650723663236,1.00250518422599
2015-11-10,0.909751982152114,0.909751982152114,0,102.591836734694,0.444215433574858,0.787155566163909,0.787155566163909,0,99.9583333333333,0.386589610113721,1.15574610821297,1.14906200775594
2015-11-11,0.911109668397256,0.911109668397256,0,101.122448979592,0.376318711647693,0.776783330028661,0.776783330028661,0,92.5,0.345526938771753,1.17292639166657,1.08911540438901
2015-11-12,0.850778498052666,0.850778498052666,0,110,0.374383364531649,0.761288481259426,0.761288481259426,0,95.5833333333333,0.325780421374141,1.11755073010588,1.14918926973113
2015-11-13,0.857301830145009,0.857301830145009,0,105.877551020408,0.439807513627501,0.766289921763837,0.766289921763837,0,96.4583333333333,0.332612272533619,1.1187695489609,1.32228287993507
2015-11-16,0.865458864056096,0.865458864056096,0,86.734693877551,0.361985235253286,0.751083389703634,0.751083389703634,5.12905251039306e-06,105.270833333333,0.349128602124039,1.15228066007104,1.03682492082009
2015-11-17,0.855649923782269,0.855649923782269,0,109.244897959184,0.395043947086206,0.756740543898912,0.756740543898912,0,101.166666666667,0.304518353480833,1.13070448079041,1.29727467185675
2015-11-18,0.821096025221065,0.821096025221065,0,96.9591836734694,0.412100322182103,0.759030866521974,0.759030866521974,0,99.8125,0.300691400387384,1.08176895227395,1.37050917203216
2015-11-19,0.853492231503987,0.853492231503987,0,97.734693877551,0.40586559144361,0.719250288872775,0.719250288872775,0,100.875,0.334671361031894,1.18664148587496,1.21272878023444
2015-11-20,0.822696400223771,0.822696400223771,0,97.1428571428571,0.465367979655749,0.696843094113754,0.696843094113754,0,106.183673469388,0.313513083774032,1.18060494130329,1.48436541803521
2015-11-23,0.824224914383806,0.824224914383806,0,100.061224489796,0.397783937762092,0.689755237805936,0.689755237805936,0,88.5,0.366307550806267,1.19495274440483,1.0859288510066
2015-11-24,0.876632921567713,0.876632921567713,0,92.7551020408163,0.388314821665396,0.708542538410154,0.708542538410154,0,89.1041666666667,0.386163746058793,1.23723400367002,1.00557037171034
2015-11-25,0.857902530692108,0.857902530692108,0,93.6122448979592,0.407214339098459,0.687710015342127,0.687710015342127,0,91.7755102040816,0.411518403181389,1.24747715105663,0.989541016757317
2015-11-26,0.817950693498883,0.817950693498883,0,100.020408163265,0.371248142249331,0.741063961102163,0.741063961102163,0,80.5625,0.386821803260307,1.1037518168909,0.959739443641198
2015-11-27,0.821451041870639,0.821451041870639,0,97.2040816326531,0.349065179833999,0.706502655595099,0.706502655595099,0,91.7755102040816,0.35964475407273,1.16270057212838,0.970583265517085
2015-11-30,0.871549959056585,0.871549959056585,0,94.3061224489796,0.394652264268266,0.708932997978306,0.708932997978306,0,78.8367346938775,0.370591264337872,1.22938269419257,1.06492597706906
2015-12-01,0.880133475620208,0.880133475620208,0,92.3061224489796,0.412037099058772,0.803095598321076,0.803095598321076,0,82.9591836734694,0.308118568197906,1.09592616054699,1.33726799221694
2015-12-02,0.893610781464825,0.893610781464825,0,91.9387755102041,0.424358201472497,0.821513216144013,0.821513216144013,0,85.6122448979592,0.374269901954269,1.08776190559565,1.13382935484977
2015-12-03,0.934336114171989,0.934336114171989,0,89.5918367346939,0.328673103435448,0.758039396688563,0.758039396688563,0,89.734693877551,0.381102877617549,1.23256933380186,0.862426191820265
2015-12-04,0.907390918446841,0.907390918446841,0,90.8367346938775,0.427074174628614,0.757761313910444,0.757761313910444,0,84.7755102040816,0.346350691740163,1.19746271258456,1.23306863480732
2015-12-07,0.942507100576141,0.942507100576141,0,96.4489795918367,0.407676565443489,0.796449226339163,0.796449226339163,0,79.3061224489796,0.305896437625243,1.18338629683693,1.33272740476611
2015-12-08,0.943883943943023,0.943883943943023,0,92.0816326530612,0.418272454872811,0.811394312074635,0.811394312074635,0,82,0.350314160212793,1.16328637001365,1.19399242844976
2015-12-09,0.870908226095399,0.870908226095399,0,93.3061224489796,0.489432288954329,0.793320224999417,0.793320224999417,0,76.3265306122449,0.328152022566514,1.09780161736837,1.49148033623692
2015-12-10,0.8798659925735,0.8798659925735,0,77.5714285714286,0.389895719176257,0.772290280176393,0.772290280176393,0,83.5714285714286,0.325880832519926,1.13929440154619,1.1964364892569
2015-12-11,0.837259485691773,0.837259485691773,0,79.5918367346939,0.349041193129095,0.765886331108992,0.765886331108992,0,83.7959183673469,0.302064010262918,1.09319027078004,1.15552062235183
2015-12-14,0.856895000548924,0.856895000548924,0,82.0816326530612,0.402977951551118,0.764809055662864,0.764809055662864,0,87.1836734693878,0.289682802502549,1.12040383701557,1.39110070763546
2015-12-15,0.861528327137778,0.861528327137778,0,75.0816326530612,0.366598128008107,0.754085813370634,0.754085813370634,0,85.7142857142857,0.300696912109996,1.14248048678557,1.21916159842042
2015-12-16,0.892884159839978,0.892884159839978,0,82.734693877551,0.321489623050671,0.761537300598515,0.761537300598515,0,74.9591836734694,0.303102144391803,1.17247593668522,1.06066429749537
2015-12-17,0.876043716680746,0.876043716680746,0,71.5102040816327,0.393317116973682,0.801522690599254,0.801522690599254,0,77.6122448979592,0.312165690800413,1.09297431870054,1.25996266907228
2015-12-18,0.8671788996447,0.8671788996447,0,84.9387755102041,0.417652521790564,0.772808583372836,0.772808583372836,0,92.1836734693878,0.356244182379766,1.12211344219288,1.17237710101139
2015-12-21,0.854760734880513,0.854760734880513,0,82.3673469387755,0.320153485659253,0.784860260673978,0.784860260673978,0,86.6938775510204,0.315336034900962,1.08906104399592,1.0152771971012
2015-12-22,0.829361640066144,0.829361640066144,0,64.6938775510204,0.332930787118922,0.768240894631674,0.768240894631674,0,85.56,0.322397536142806,1.07955934897709,1.03267162367969
2015-12-23,0.851998418787513,0.851998418787513,0,77.5714285714286,0.347061187753214,0.784821751649826,0.784821751649826,0,87.8775510204082,0.32756949462632,1.08559480798853,1.05950399364608
2015-12-24,0.855898244555599,0.855898244555599,0,74.7142857142857,0.353187032168845,0.805631591344347,0.805631591344347,0,79.9183673469388,0.295456920661386,1.06239409396468,1.19539265277059
2015-12-25,0.85335143855904,0.85335143855904,0,80.734693877551,0.33453422526105,0.826754669051487,0.826754669051487,0,84.5102040816327,0.330999737015359,1.03217008685063,1.01067822070664
2015-12-28,0.851889561758847,0.851889561758847,0,88.0612244897959,0.353305992552439,0.757168887108286,0.757168887108286,0,93.3265306122449,0.324737084415737,1.12509847705485,1.08797550236094
2015-12-29,0.852886782748833,0.852886782748833,0,91.5714285714286,0.396102500717458,0.736746523632252,0.736746523632252,0,83.3673469387755,0.342557788752579,1.15763937173941,1.15630855208361
2015-12-30,0.853794750617635,0.853794750617635,0,86.1224489795918,0.373239711706383,0.77096449187566,0.77096449187566,0,79.9795918367347,0.383756424949003,1.10743719018818,0.972595342881835
2015-12-31,0.871805296424154,0.871805296424154,0,85.3061224489796,0.344262250638695,0.806364153925209,0.806364153925209,0,83.5102040816327,0.360059835324379,1.08115581797677,0.956125112728968
2016-01-04,0.834156556170566,0.834156556170566,0,84.6734693877551,0.342776251631109,0.800261726463756,0.800261726463756,0,78.1224489795918,0.367716594164546,1.04235468045759,0.932175096448663
2016-01-05,0.814167212045948,0.814167212045948,0,85.5918367346939,0.415669296794144,0.80119021996515,0.80119021996515,0,65.4489795918367,0.430768741499525,1.01619714239817,0.964947677835631
2016-01-06,0.841561478221741,0.841561478221741,0,91.2448979591837,0.369089303666945,0.819285254053411,0.819285254053411,0,69,0.430181526263252,1.02718982681321,0.857985015937385
2016-01-07,0.862074664548626,0.862074664548626,0,76.0408163265306,0.390923690811985,0.792159412657147,0.792159412657147,0,57.4583333333333,0.460743250700254,1.0882590685339,0.848463195538611
2016-01-08,0.882580579318406,0.882580579318406,0,77.5714285714286,0.346981482407831,0.798861981171394,0.798861981171394,0,66.7708333333333,0.415673440757513,1.10479732434413,0.834745375541676
2016-01-11,0.8545007434685,0.8545007434685,0,73.6734693877551,0.382960709929844,0.801176709833931,0.801176709833931,0,70.8541666666667,0.413389328081918,1.0665571439859,0.926392347153082
2016-01-12,0.866374636995387,0.866374636995387,0,73.2448979591837,0.375067313018793,0.816754581237102,0.816754581237102,0,86.3541666666667,0.390464680980234,1.06075271188945,0.960566553874253
2016-01-13,0.871438546975658,0.871438546975658,0,69.6530612244898,0.471637499285079,0.8189665294688,0.8189665294688,0,84.0625,0.336932836367401,1.06407101587032,1.3997967795896
2016-01-14,0.895697462808257,0.895697462808257,0,67.4897959183673,0.446028256394838,0.834677741253839,0.834677741253839,0,84.4255319148936,0.416319184101535,1.07310572516616,1.07136128583029
2016-01-15,0.895072842874689,0.895072842874689,0,67.8979591836735,0.439965847108201,0.840332208998928,0.840332208998928,0,80.936170212766,0.404447310957181,1.06514165860782,1.08781993399081
2016-01-18,0.905015806581903,0.905015806581903,0,70.3469387755102,0.412478466684225,0.815034594438332,0.815034594438332,0,78.8936170212766,0.414336749871558,1.11040170902878,0.99551504135728
2016-01-19,0.880725015277858,0.880725015277858,0,70.8571428571429,0.401669898794644,0.841912303345339,0.841912303345339,0,88.7446808510638,0.356172789250599,1.04610065891459,1.12773886977658
2016-01-20,0.877952507698079,0.877952507698079,0,68.1836734693878,0.376816887678163,0.829949789865333,0.829949789865333,0,90.0851063829787,0.359009178665091,1.05783809866442,1.04960237807648
2016-01-21,0.870139864584816,0.870139864584816,0,81.52,0.353631411410074,0.812094477919948,0.812094477919948,0,77.6808510638298,0.39321583441627,1.0714761499346,0.899331564139681
2016-01-22,0.888368382671145,0.888368382671145,0,85.6,0.349978266339994,0.838984517757759,0.838984517757759,0,88.6170212765958,0.454888174176404,1.05886147344574,0.769372092324988
2016-01-25,0.898477131913011,0.898477131913011,0,87.88,0.366247340870554,0.869464284503307,0.869464284503307,0,78.8297872340426,0.457238250071854,1.03336864771424,0.800998912083578
2016-01-26,0.919092288656491,0.919092288656491,0,79.26,0.413236251194311,0.825049604436984,0.825049604436984,0,85.7872340425532,0.401547125892409,1.11398427890124,1.0291102203158
2016-01-27,0.930503684123669,0.930503684123669,0,81.72,0.38675611621449,0.822281526943825,0.822281526943825,2.14896913724673e-05,94.0425531914894,0.414996562102629,1.1316120496858,0.931950169068736
2016-01-28,0.899604184435826,0.899604184435826,0,71.9,0.231546127130234,0.84821209702921,0.84821209702921,0,83.6808510638298,0.402578210745118,1.06058872254547,0.575158120708205
2016-01-29,0.915293502169179,0.915293502169179,0,71.94,0.213380591359766,0.803435019540099,0.803435019540099,0,89.3829787234042,0.437492819701839,1.13922530124852,0.487735070726853
2016-02-01,0.894855065674902,0.894855065674902,0,82.44,0.229798683895403,0.819892250462921,0.819892250462921,2.00315796521655e-05,94.1489361702128,0.434048118284591,1.09143008141577,0.529431356144554
2016-02-02,0.909500886103729,0.909500886103729,0,73.4897959183673,0.232933922754324,0.843547981798783,0.843547981798783,0,83.5,0.376959533598853,1.0781851248868,0.617928191205276
2016-02-03,0.892881972860731,0.892881972860731,0,76.2040816326531,0.197600328652174,0.828494900982924,0.828494900982924,0,91.3541666666667,0.336771369632739,1.07771571291678,0.586749190905583
2016-02-04,0.895243966551334,0.895243966551334,0,83.0816326530612,0.401139994159795,0.852782364982977,0.852782364982977,0,90.8541666666667,0.330721625211427,1.04979183823672,1.21292338807101
2016-02-05,0.903756221741268,0.903756221741268,0,71.4489795918367,0.413658270929953,0.856003897644056,0.856003897644056,0,88.9791666666667,0.327278259747782,1.05578517133934,1.26393446130134
2016-02-15,0.89717619068664,0.89717619068664,0,79.1224489795918,0.317774074326638,0.849622645429239,0.849622645429239,0,100.020833333333,0.324217317785719,1.0559701951369,0.98012677575928
2016-02-16,0.899805960225321,0.899805960225321,0,71.3877551020408,0.378986491112749,0.864163080995918,0.864163080995918,0,89.9166666666667,0.321344928518954,1.04124554729684,1.17937598349369
2016-02-17,0.89120890370594,0.89120890370594,0,79.4489795918367,0.397733560986744,0.852557746215555,0.852557746215555,0,78.6041666666667,0.375480790757387,1.04533553024643,1.0592647367778
2016-02-18,0.934183249566963,0.934183249566964,0,71.5102040816327,0.417356112993724,0.872683581053546,0.872683581053546,0,79.2708333333333,0.327904066236311,1.07047189823277,1.27279944339863
2016-02-19,0.911594319817926,0.911594319817926,0,81.4897959183673,0.349432376094301,0.858442516166138,0.858442516166138,0,93.5208333333333,0.33247795707317,1.06191655544878,1.05099411452832
2016-02-22,0.971728784925394,0.971728784925394,0,75.8163265306122,0.413563865750225,0.855240932296733,0.855240932296733,0,97.1666666666667,0.361853103600662,1.13620472106712,1.14290539900034
2016-02-23,0.934005755648237,0.934005755648237,0,82.5102040816327,0.451876650961119,0.857529930889641,0.857529930889641,0,69.4375,0.348295236333515,1.08918152242133,1.29739543876052
2016-02-24,0.890636268485579,0.890636268485579,0,76.4,0.418369895603608,0.84417938388897,0.84417938388897,0,87.9166666666667,0.361692559750765,1.0550320056178,1.15670030893613
2016-02-25,0.943412294678302,0.943412294678302,0,85.56,0.430961390011117,0.888039136592875,0.888039136592875,0,77.5,0.359873525503838,1.06235441187635,1.19753568814976
2016-02-26,0.92260033154618,0.92260033154618,0,71.84,0.459625173904903,0.823686662439813,0.823686662439813,0,72.0625,0.350472638155101,1.12008652515191,1.31144381576943
2016-02-29,0.955860158127268,0.955860158127268,0,71.24,0.429625897840008,0.893635735750667,0.893635735750667,0,80.2765957446808,0.303321968906195,1.06963063347543,1.41640217947047
2016-03-01,0.963845074210567,0.963845074210567,0,69.86,0.457598904959236,0.938165649508078,0.938165649508078,0,79.2340425531915,0.272067842495137,1.02737195154817,1.68192940688099
2016-03-02,0.972827575183046,0.972827575183046,0,73.36,0.430512803599708,0.883281348349471,0.883281348349471,0,86.75,0.362462304374071,1.10137905323248,1.18774503832379
2016-03-03,0.932377599725119,0.932377599725119,0,65.68,0.430357124940325,0.865783328180391,0.865783328180391,0,75.0851063829787,0.388361517647921,1.07691794168027,1.10813534653677
2016-03-04,0.940657682390908,0.940657682390908,0,76.38,0.430290023646337,0.919656353159763,0.919656353159763,0,78.3617021276596,0.311901482110327,1.02283606170826,1.37957030769778
2016-03-07,0.978192242094524,0.978192242094524,0,86.22,0.412645214238577,0.869600150432428,0.869600150432428,0,80.063829787234,0.370395997744171,1.12487588877267,1.11406499193219
2016-03-08,0.972470501690113,0.972470501690113,0,82.88,0.426242498355418,0.854496780239154,0.854496780239154,0,90.8297872340426,0.397041307812133,1.13806221881601,1.07354698357256
2016-03-09,0.964761855790754,0.964761855790754,0,80.7,0.485626416252672,0.872669463790817,0.872669463790817,0,79,0.363020330723277,1.10552952271286,1.33773889546383
2016-03-10,0.98359105007507,0.98359105007507,0,83.28,0.456220157771459,0.859162634109891,0.859162634109891,0,78.0625,0.344159185724863,1.14482521821272,1.32560796484503
2016-03-11,0.982785367836304,0.982785367836304,0,76.96,0.473460085873392,0.8963845514032,0.8963845514032,5.8236644426182e-05,85.0625,0.348936263542848,1.09638811411671,1.35686695634961
2016-03-14,0.959742839011196,0.959742839011196,0,86.52,0.420808077007979,0.868706303432859,0.868706303432859,0,87.8333333333333,0.323807489938491,1.10479552780795,1.29956251811196
2016-03-15,0.947875620476127,0.947875620476127,0,82.2,0.449759457798587,0.869161455233793,0.869161455233793,0,85.6458333333333,0.355700751869417,1.09056334098612,1.2644321256979
2016-03-16,1.00091354071457,1.00091354071457,0,85.5,0.473249704946021,0.901136068327811,0.901136068327811,0,90.375,0.346717978197284,1.11072409139267,1.36494134918132
2016-03-17,0.972655010549997,0.972655010549997,0,85.56,0.544384558749108,0.886242181190678,0.886242181190678,0,86.5,0.314614843416834,1.09750475794689,1.73032064487769
2016-03-18,0.951329473849358,0.951329473849358,0,83.28,0.447989804295979,0.919727732285225,0.919727732285225,0,87.3541666666667,0.378793025883721,1.03435988766546,1.18267701273228
2016-03-21,0.918179737659872,0.918179737659872,0,80.32,0.488565414460957,0.911315597892183,0.911315597892183,0,92.265306122449,0.371234398831426,1.00753212145558,1.31605642149237
2016-03-22,0.960141544357402,0.960141544357402,0,89.04,0.511516981451743,0.886516422084188,0.886516422084188,0,92.4489795918367,0.379813799826112,1.08304992489606,1.34675723126945
2016-03-23,0.917098878520498,0.917098878520498,0,83.92,0.477156614980871,0.886168201595727,0.886168201595727,0,89.1428571428571,0.386662741021242,1.03490384429172,1.2340382570108
2016-03-24,0.985368946978615,0.985368946978615,0,78.02,0.519699089394725,0.903395434662697,0.903395434662697,1.34005130852326e-05,96.4285714285714,0.338268312273091,1.09073934754444,1.53635167864958
2016-03-25,0.952843651768196,0.952843651768196,0,79.54,0.415482680814323,0.912844931456277,0.912844931456277,0,92.2244897959184,0.37462683736728,1.04381765065848,1.10905743895488
2016-03-28,0.976841123256528,0.976841123256527,0,83.82,0.429986989498481,0.903490511556927,0.903490511556927,0,92,0.376358098210317,1.08118581297904,1.14249432001911
2016-03-29,0.97202824367777,0.97202824367777,0,79.5,0.463361777475703,0.91577521606312,0.91577521606312,0,88.9183673469388,0.361657549693782,1.06142667614055,1.28121693537999
2016-03-30,0.952075967476672,0.952075967476672,0,78.48,0.518197552788183,0.878316333752087,0.878316333752087,0,84.5714285714286,0.404277731306133,1.08397843793874,1.2817860412791
2016-03-31,0.932959235562129,0.932959235562129,0,75.82,0.518456781141779,0.889831438654446,0.889831438654446,0,92.2448979591837,0.395972816589453,1.04846737824065,1.30932417433927
2016-04-01,0.934687809519242,0.934687809519242,0,81.98,0.455910625915628,0.883255567055379,0.883255567055379,0,94.0204081632653,0.405786133820442,1.05823030658649,1.12352440834601
2016-04-05,0.924206294450366,0.924206294450366,0,75.82,0.457094696705168,0.906757928255303,0.906757928255303,0,95.0408163265306,0.361821129641846,1.01924258465392,1.26331675863604
2016-04-06,0.918743764791824,0.918743764791824,0,85.94,0.465266182813645,0.909241080378291,0.909241080378291,0,97.5510204081633,0.403769700397953,1.01045122643334,1.15230583759772
2016-04-07,0.920506860296388,0.920506860296388,0,84.16,0.479146872140526,0.949841390933464,0.949841390933464,1.61089627435933e-05,94.9795918367347,0.328685278100738,0.969116390465732,1.45776797460844
2016-04-08,0.926298302097996,0.926298302097996,0,77.5,0.479100375854625,0.987472222413635,0.987472222413635,0,88.6326530612245,0.355102818511539,0.938049983658159,1.3491877588098
2016-04-11,0.902793914080895,0.902793914080895,0,87.44,0.473690794282095,0.917544197347587,0.917544197347587,0,90.8163265306122,0.312016537003273,0.983924171381247,1.51815925794063
2016-04-12,0.918348776278474,0.918348776278474,0,86.26,0.455165119955836,0.934752247740388,0.934752247740388,0,92.2857142857143,0.321320732366623,0.982451530336977,1.41654451178239
2016-04-13,0.930285882613654,0.930285882613654,0,80.46,0.46994960954177,0.942703480938119,0.942703480938119,2.06442293169101e-05,98.3469387755102,0.323622899224319,0.986827673202068,1.45215190478849
2016-04-14,0.912356851574313,0.912356851574313,0,79.66,0.446607937935726,0.921373514087919,0.921373514087919,0,95.6734693877551,0.329373002659283,0.990213890050299,1.35593365069364
2016-04-15,0.943373078716871,0.943373078716871,0,77.36,0.430014808435149,0.966751406838649,0.966751406838649,0,103.36,0.282790440451112,0.975817642512436,1.52061295901369
2016-04-18,0.927739637850868,0.927739637850868,0,74.8,0.464278143287404,0.966912160899671,0.966912160899671,0,98.74,0.283472984579263,0.95948698896045,1.63782148050721
2016-04-19,0.934871600205436,0.934871600205436,0,70.62,0.314867373036581,0.911532357289583,0.911532357289583,0,94.62,0.293334236169996,1.02560440419828,1.07340819519651
2016-04-20,0.946612508898878,0.946612508898878,0,81.9,0.378102368330984,0.881371739292985,0.881371739292985,0,96.86,0.380070080131015,1.07402185331949,0.994822765845308
2016-04-21,0.984450080382751,0.984450080382751,0,70.34,0.439252542938968,0.910091263859217,0.910091263859217,0,97,0.349367898370198,1.08170479102087,1.25727791530957
2016-04-22,0.940324007394827,0.940324007394827,0,88.02,0.416076941695914,0.928305402838882,0.928305402838882,0,97.6,0.321951529502505,1.01294682172396,1.29235895334573
2016-04-25,0.929135605923907,0.929135605923907,0,84.32,0.35080962623638,0.897770469956361,0.897770469956361,0,87.26,0.328765477117281,1.03493669820647,1.06705128930321
2016-04-26,0.92050716621069,0.92050716621069,0,99.78,0.341081383332629,0.919009692090177,0.919009692090177,0,88.88,0.320936265600156,1.00162944322938,1.0627698390358
2016-04-27,0.936889968039389,0.936889968039389,0,79.2,0.281916425740202,0.920861359889738,0.920861359889738,1.39696496410781e-05,93.62,0.31043706952676,1.01740610351114,0.908127454527143
2016-04-28,0.918573338176706,0.918573338176706,0,71.76,0.277578752776744,0.901227794590991,0.901227794590991,1.73472347597681e-20,90.62,0.329762574658839,1.0192465697239,0.841753352586833
2016-04-29,0.915890630977516,0.915890630977516,0,70.76,0.268733802276135,0.922242047072927,0.922242047072927,1.32066343403232e-05,95.76,0.34069246723545,0.993113070353309,0.788787038518275
2016-05-03,0.920200783381996,0.920200783381996,0,83.56,0.266333156005973,0.915024029279599,0.915024029279599,7.6589702070741e-06,91.44,0.337382162567171,1.00565750618208,0.789410898250875
2016-05-04,0.917034024408846,0.917034024408846,0,88.76,0.314582584549588,0.869809787171685,0.869809787171685,0,95.22,0.32477402484319,1.05429260274332,0.968619903335796
2016-05-05,0.924988765632331,0.924988765632331,0,88.02,0.278354505605247,0.87479795672771,0.87479795672771,6.94213244522691e-06,99.48,0.299656466091711,1.05737417253735,0.92891206132043
2016-05-06,0.927674336487968,0.927674336487968,0,92.06,0.319452910063267,0.859971490826809,0.859971490826808,0,96.98,0.304070785741026,1.07872684895178,1.05058731401886
2016-05-09,0.891517059866491,0.891517059866491,0,78.18,0.336178470705263,0.860291443401269,0.860291443401269,0,93.7142857142857,0.353183615042192,1.03629655589944,0.95185183113634
2016-05-10,0.878401249397033,0.878401249397033,0,76,0.296674511966178,0.866352639787948,0.866352639787948,0,93.7,0.343381147225329,1.01390728100284,0.863980199156065
2016-05-11,0.889184428164086,0.889184428164086,0,80.52,0.274833663618386,0.848148601223693,0.848148601223693,4.5888094842765e-06,88.36,0.348765299742192,1.04838282687867,0.788018945180449
2016-05-12,0.89115972043261,0.89115972043261,0,82.58,0.248061409830692,0.859047625428187,0.859047625428187,0,78.92,0.32335722257391,1.03738104157894,0.767143556764043
2016-05-13,0.900479927890353,0.900479927890353,0,76.34,0.380164795082196,0.864731428605052,0.864731428605052,0,88.74,0.373359752193846,1.04134058055802,1.01822650365596
2016-05-16,0.896872890037311,0.896872890037311,0,80.14,0.420417203725555,0.84805796297059,0.84805796297059,0,88.02,0.336497065233592,1.05756083805372,1.24939337415531
2016-05-17,0.874961126158805,0.874961126158805,0,80.3,0.298033581189399,0.903023493340899,0.903023493340899,0,84.22,0.318242360572323,0.968923989919384,0.936498776132188
2016-05-18,0.873026144761313,0.873026144761313,0,86.66,0.281346892335448,0.927814785887837,0.927814785887837,0,89.58,0.363291570855089,0.940948730328655,0.774438260907718
2016-05-19,0.893346768430347,0.893346768430347,0,75.06,0.298804853699535,0.934580622001171,0.934580622001171,1.6784041660764e-05,88.5102040816327,0.374929519540987,0.955879832515111,0.796962730662957
2016-05-20,0.905925875739838,0.905925875739838,0,77.36,0.265010308469617,0.921254519926114,0.921254519926114,0,88.9795918367347,0.376475795166737,0.983361119153581,0.703923895963211
2016-05-23,0.905988735067021,0.905988735067021,0,81,0.295565878856288,0.970672027563541,0.970672027563541,0,83.2040816326531,0.345425427830144,0.933362360653495,0.855657560339266
2016-05-24,0.904151534441257,0.904151534441257,0,87.08,0.381912606149303,0.969376252044108,0.969376252044108,2.02256971570707e-05,89.6530612244898,0.384753287159775,0.932714756045124,0.992616876566692
2016-05-25,0.906776077334928,0.906776077334928,0,94.68,0.315416493447945,0.97764093001114,0.97764093001114,1.58501379708379e-05,84.4489795918367,0.381971778902214,0.927514437560011,0.825758631578624
2016-05-26,0.876580762005243,0.876580762005243,0,98.66,0.267601679639174,0.941800180315809,0.941800180315809,0,85.1224489795918,0.270412178342029,0.930750259265509,0.989606611950367
2016-05-27,0.855165749188352,0.855165749188352,0,89.8,0.273667988627203,0.968020977657629,0.968020977657629,0,77.2244897959184,0.328657210271169,0.883416546671996,0.832685181017038
2016-05-30,0.881781752257406,0.881781752257406,0,87.2,0.205398277586234,0.974143229372658,0.974143229372658,1.67123686836333e-05,91.8979591836735,0.295840422053981,0.905186963959364,0.694287400484969
2016-05-31,0.892777451357687,0.892777451357687,0,93.62,0.203103338347938,0.971645895937631,0.971645895937631,3.50494464734388e-05,90.9591836734694,0.274731783492659,0.918830054333903,0.739278636661147
2016-06-01,0.913282024883844,0.913282024883844,0,88.8,0.18476087477987,0.940778312087988,0.940778312087988,1.45042808941043e-05,100.632653061224,0.333050291065045,0.970772830484242,0.554753680559873
2016-06-02,0.868934013356061,0.868934013356061,0,87.14,0.257780410758272,0.936672038405334,0.936672038405334,1.5391242110794e-05,99.7959183673469,0.325831149600848,0.927682238529726,0.79114722786345
2016-06-03,0.885505040653849,0.885505040653849,0,77.92,0.21014912274211,0.920642029611017,0.920642029611017,0,87.0408163265306,0.352520397213365,0.961834254979632,0.596133229178556
2016-06-06,0.905499693027422,0.905499693027422,0,92.9,0.171265409796874,0.955776203168872,0.955776203168872,2.32672826429147e-05,94.3265306122449,0.292501366829005,0.947397194055723,0.585520032448243
2016-06-07,0.908131067645851,0.908131067645851,0,91.32,0.110062077076141,0.957417124008733,0.957417124008733,2.47029272191273e-05,92.265306122449,0.249342858414713,0.948521856224464,0.441408580040752
2016-06-08,0.951020790303599,0.951020790303599,0,89.14,0.123430765451267,0.958083154707605,0.958083154707605,0,90.3673469387755,0.318685483276858,0.992628651939756,0.387312168041356
2016-06-13,0.906063941860159,0.906063941860159,0,74.84,0.142048200820902,0.9505900941875,0.9505900941875,0,85.3469387755102,0.316748152373524,0.953159461055189,0.448457867098754
2016-06-14,0.882418332880836,0.882418332880836,0,75.5,0.156799449180725,0.923730200419319,0.923730200419319,0,85.6122448979592,0.315287507615155,0.955277127975539,0.49732211202011
2016-06-15,0.902327341103531,0.902327341103531,0,79.32,0.155321617423985,0.905371431039476,0.905371431039476,0,81.7551020408163,0.348647513941588,0.996637744651993,0.445497561901466
2016-06-16,0.911300448658312,0.911300448658312,0,79.84,0.128402686324348,0.957208006497338,0.957208006497338,0,78.2857142857143,0.332158830624453,0.952040144328699,0.386570142009934
2016-06-17,0.894520700152875,0.894520700152875,0,77.98,0.130612795483367,0.915970871309153,0.915970871309153,0,79.7755102040816,0.307362400193551,0.976582037892079,0.424947213455901
2016-06-20,0.898700063698398,0.898700063698398,0,84.38,0.120310058970375,0.912323657833721,0.912323657833721,0,75.265306122449,0.371936580409716,0.985067148025437,0.32346928295637
2016-06-21,0.889594312963914,0.889594312963914,0,80.1,0.124296119197654,0.924652756259001,0.924652756259002,0,76.1836734693878,0.333515967977611,0.962084746887114,0.372684162474637
2016-06-22,0.898369987357606,0.898369987357606,0,70.58,0.120148596795615,0.937641887826343,0.937641887826343,0,75.4897959183673,0.308454202855336,0.958116311804523,0.389518429910855
2016-06-23,0.908392916551003,0.908392916551003,0,80.66,0.128850246202868,0.93970684031823,0.93970684031823,0,78.4285714285714,0.317546152547174,0.966676922606392,0.405768563622342
2016-06-24,0.864236912175126,0.864236912175126,0,80.94,0.115322446556339,0.912665843397302,0.912665843397302,0,80.2448979591837,0.306871906495271,0.946936842687238,0.375799948171914
2016-06-27,0.885442878219439,0.885442878219439,0,81.36,0.0991520820263675,0.903121863175583,0.903121863175583,0,72.2857142857143,0.349859508937625,0.980424585344463,0.283405422729399
2016-06-28,0.853522235315518,0.853522235315518,0,78.78,0.0937151587350664,0.907396455507852,0.907396455507852,0,75.6326530612245,0.350297045926476,0.940627693809779,0.267530542506306
2016-06-29,0.871412061881646,0.871412061881646,0,83.66,0.0980225692378405,0.909522007995929,0.909522007995929,0,77.265306122449,0.358022109856035,0.958098929130637,0.273789150276939
2016-06-30,0.852536685689481,0.852536685689481,0,78.54,0.114096669479879,0.889191205770317,0.889191205770317,0,80.7755102040816,0.290287120073994,0.958777684886029,0.393047646932443
2016-07-01,0.869059391939377,0.869059391939377,0,75.5,0.105720209936568,0.882147676084282,0.882147676084282,0,79.0408163265306,0.318687401125441,0.985163159752343,0.33173639611487
2016-07-04,0.873538498790843,0.873538498790843,0,83.12,0.114404501661776,0.897205363668356,0.897205363668356,0,83.9387755102041,0.337672227523789,0.973621574462343,0.338803408561979
2016-07-05,0.860395502425326,0.860395502425326,0,73.7,0.123717386615904,0.892357102688659,0.892357102688659,0,80.9183673469388,0.31214360822669,0.96418294854489,0.396347653308524
2016-07-06,0.852392412895549,0.852392412895549,0,81.24,0.116497240921409,0.913737993212606,0.913737993212606,0,79.3469387755102,0.305225802129727,0.932863051801784,0.381675599207356
2016-07-07,0.851899754797955,0.851899754797955,0,82.32,0.117081619766314,0.930939254925646,0.930939254925646,0,76.6122448979592,0.329534921440387,0.91509703806184,0.355293512610298
2016-07-08,0.862331108130102,0.862331108130102,0,89.44,0.142536727669703,0.91042138037712,0.91042138037712,0,83.6530612244898,0.334280026027189,0.947178006488492,0.426399176055197
2016-07-11,0.854952147780466,0.854952147780466,0,88.48,0.122955889386326,0.97066163879656,0.97066163879656,0,74.9795918367347,0.34320677232787,0.880793176127211,0.358256011535999
2016-07-12,0.840481660045072,0.840481660045072,0,99.9,0.112746937736674,0.952018944990275,0.952018944990275,0,81.6122448979592,0.363249380443834,0.882841317883288,0.310384391017859
2016-07-13,0.876465725340143,0.876465725340143,0,83,0.160123278531415,0.914929089218348,0.914929089218348,0,73.6734693877551,0.346456428567113,0.957960278745684,0.462174361127195
2016-07-14,0.859693181363296,0.859693181363296,0,83.58,0.168996552153527,0.894481971220687,0.894481971220687,0,74.3469387755102,0.30197601507395,0.961107332538055,0.559635678721511
2016-07-15,0.879235523492591,0.879235523492591,0,86.74,0.190833508426036,0.930837393654955,0.930837393654955,0,77.5918367346939,0.333934524407241,0.944564033939647,0.571469837582024
2016-07-18,0.880682016933924,0.880682016933924,0,88.06,0.192727320503015,0.926278683156508,0.926278683156508,0,75.530612244898,0.308286753160596,0.950774354358234,0.625156022849342
2016-07-19,0.860335503174653,0.860335503174653,0,78.94,0.202212781657618,0.942851521647495,0.942851521647495,0,75.5510204081633,0.340705385191671,0.912482488940935,0.593512138189007
2016-07-20,0.869938352417925,0.869938352417925,0,78.18,0.280511940379023,0.958981188120398,0.958981188120398,0,79.1224489795918,0.32631383171063,0.907148506346619,0.859638523161888
2016-07-21,0.811679798813214,0.811679798813214,0,80.86,0.236096773599566,0.895786417917319,0.895786417917319,0,81.3877551020408,0.279429947548608,0.906108624308403,0.844922942837029
2016-07-22,0.829487135611499,0.829487135611499,0,84.66,0.241610328472892,0.928788153537349,0.928788153537349,0,89.7142857142857,0.371782134024911,0.893085395687212,0.649870734392803
2016-07-25,0.858778512930284,0.858778512930284,0,75.62,0.21509793650514,0.940396404139784,0.940396404139784,0,87.4081632653061,0.350155512626843,0.913209056467885,0.614292589288371
2016-07-26,0.865484553760885,0.865484553760885,0,71.5,0.254055917567564,0.907060538793416,0.907060538793416,0,80.8367346938775,0.365038524398294,0.954164046108944,0.695970152701921
2016-07-27,0.896372997539907,0.896372997539907,0,75.9,0.259485130628253,0.87623291357493,0.87623291357493,0,79.3265306122449,0.367149396728391,1.02298485214714,0.706756249473603
2016-07-28,0.887513426584561,0.887513426584561,0,86.9,0.248030264491086,0.964697230708241,0.964697230708241,1.78400030469507e-05,81.8979591836735,0.304642794416507,0.919991680636406,0.814167507116481
2016-07-29,0.891220602807428,0.891220602807428,0,82.86,0.231676453158593,0.934716172572325,0.934716172572325,1.79681613104742e-05,89.4081632653061,0.269898641905983,0.953466548412019,0.858383174967201
2016-08-01,0.888339006610574,0.888339006610574,0,75.86,0.198986579154623,0.935131385733811,0.935131385733811,0,82.9387755102041,0.319904923991452,0.949961706090617,0.622017869158962
2016-08-02,0.906973472746339,0.906973472746339,0,76.54,0.26637527313644,0.932353545071506,0.932353545071506,0,82.4285714285714,0.34462587954006,0.972778488954831,0.772940423081244
2016-08-03,0.85992627021268,0.85992627021268,0,77.32,0.252708712138979,0.928243865047431,0.928243865047431,0,81.4285714285714,0.389137110228885,0.926401242812135,0.649407896333349
2016-08-04,0.838853390269327,0.838853390269327,0,83.06,0.256215236394186,0.911672220855616,0.911672220855616,0,87.530612244898,0.379518008387355,0.920126083782669,0.675106927028032
2016-08-05,0.862943720388318,0.862943720388318,0,81.04,0.244859301901721,0.921524414565375,0.921524414565375,0,85.6122448979592,0.355181279394755,0.936430665046802,0.689392476762773
2016-08-08,0.836071206225692,0.836071206225692,0,83.94,0.254546342571,0.89742900262799,0.89742900262799,0,85.8367346938775,0.342236992448094,0.931629358731865,0.743772146751805
2016-08-09,0.870537468973099,0.870537468973098,0,63.76,0.285756477607259,0.901759533329266,0.901759533329266,0,84.2857142857143,0.359882810296124,0.965376507591889,0.794026470372755
2016-08-10,0.879828014619517,0.879828014619517,0,81.44,0.223882332133756,0.851316566806533,0.851316566806533,0,79.7142857142857,0.309983441725554,1.0334910054904,0.722239648955095
2016-08-11,0.877933841676116,0.877933841676116,0,84.9,0.219023034474535,0.883483223697952,0.883483223697952,0,82.1020408163265,0.31962528471249,0.993718746578336,0.685249399688608
2016-08-12,0.869164433747181,0.869164433747181,0,83.3,0.223928735313229,0.891988175756141,0.891988175756141,0,85.1020408163265,0.344108130077456,0.974412506096717,0.650751074270824
2016-08-15,0.899093502224163,0.899093502224163,0,78.74,0.307358936500123,0.904505194980286,0.904505194980286,0,81.6530612244898,0.362511632164409,0.994016957795095,0.84785951464511
2016-08-16,0.911617048897088,0.911617048897088,0,78.9,0.290694907474952,0.904158666055346,0.904158666055346,0,91.1836734693878,0.344355410327739,1.00824897567402,0.844171163735411
2016-08-17,0.885560102088861,0.885560102088862,0,84.82,0.275065198375809,0.943549273256405,0.943549273256405,0,87.8775510204082,0.383241989620314,0.938541448961739,0.717732414050771
2016-08-18,0.928447605192453,0.928447605192453,0,79.94,0.236513220037329,0.962469697366637,0.962469697366637,0.00110406292723366,92.4489795918367,0.327152927486107,0.964651258873635,0.722943920614537
2016-08-19,0.907921712887424,0.907921712887424,0,76.68,0.250833121543028,0.956747098285716,0.956747098285716,0,86.5918367346939,0.305996721364381,0.948967302345859,0.819724866412328
2016-08-22,0.890537994722671,0.890537994722671,0,79.78,0.195774751833892,0.935676431725044,0.935676431725044,0,86.265306122449,0.261719115487127,0.951758497412237,0.748033828058391
2016-08-23,0.943126746712957,0.943126746712957,0,80.52,0.263910292434229,0.935382378853361,0.935382378853361,0,82.9591836734694,0.261609105169579,1.00827936043556,1.00879628124242
2016-08-24,0.944918630904411,0.944918630904411,0,88.34,0.235507160960185,0.948336971221378,0.948336971221378,0,82.7959183673469,0.271834708626131,0.996395437043264,0.866361628912114
2016-08-25,0.918883624724356,0.918883624724356,0,82.6,0.270146426515839,0.955287140896277,0.955287140896277,5.41694836218507e-06,89.6734693877551,0.251169291380757,0.961892592694416,1.07555515656695
2016-08-26,0.949688846846761,0.949688846846761,0,77.1,0.268120671207761,0.915788636503141,0.915788636503141,5.40925259283682e-06,88.7959183673469,0.246496191927322,1.03701750490491,1.08772743753711
2016-08-29,0.897440165754101,0.897440165754101,0,79.36,0.279081096223847,0.900876083955979,0.900876083955979,0,81.8775510204082,0.22668004487335,0.996186025733095,1.2311674650487
2016-08-30,0.917382884801456,0.917382884801456,0,78.54,0.288605354165146,0.900268365401173,0.900268365401173,0,79.5918367346939,0.216969009747224,1.01901046405497,1.33016855495345
2016-08-31,0.922308757412887,0.922308757412887,0,75.2,0.298237759519133,0.919120097349193,0.919120097349194,0,80.6734693877551,0.194691326096913,1.00346925290056,1.5318492379608
2016-09-01,0.916344545142489,0.916344545142489,0,72.5,0.277153006488393,0.933973051071408,0.933973051071408,0,83.5102040816327,0.207361503681125,0.981125252052298,1.3365692356986
2016-09-02,0.931839108563582,0.931839108563582,0,76.1,0.261222813887022,0.910939655750271,0.910939655750271,0,82.82,0.201836548737128,1.02294274124678,1.29422949174205
2016-09-05,0.930153311477348,0.930153311477348,0,69.32,0.283086100192932,0.910802052333876,0.910802052333876,0,83.54,0.21811206505106,1.02124639387218,1.29789289797729
2016-09-06,0.928222748371668,0.928222748371668,0,71.14,0.327546445083438,0.930003408199643,0.930003408199643,0,86.3,0.20767607305702,0.99808531902972,1.57719876084861
2016-09-07,0.936329926735987,0.936329926735987,0,70.7,0.308952242436871,0.974918542607895,0.974918542607895,1.62554749968754e-05,90.1428571428571,0.249392607507073,0.960418625571851,1.23881876662326
2016-09-08,0.985295819919798,0.985295819919798,0,80.24,0.255796420408189,0.979724486463513,0.979724486463513,1.96434424987936e-05,90.9591836734694,0.288657084460487,1.00568663285777,0.886160202464055
2016-09-09,0.9718673332973,0.9718673332973,0,73.32,0.266927476749353,0.990781156658864,0.990781156658864,1.86229310129424e-05,92.0816326530612,0.273941380213369,0.980910190676873,0.974396334505753
2016-09-12,0.961731016254154,0.961731016254154,0,75.34,0.246635484415471,0.963849571447308,0.963849571447308,1.74262419662571e-05,85.4081632653061,0.345287395269365,0.997801985645983,0.714290436878143
2016-09-13,0.963336567932037,0.963336567932037,0,76.42,0.239846896421778,1.00935186207094,1.00935186207094,1.73264401047019e-05,89.0612244897959,0.317476120385621,0.954411047457239,0.755480116521675
2016-09-14,0.966240417839983,0.966240417839983,0,78.4,0.245306424075739,0.987709773879515,0.987709773879515,0,85.1428571428571,0.263222643466768,0.978263497428799,0.93193511335095
2016-09-19,0.957241877860798,0.957241877860798,0,69.18,0.247376653122401,0.956897073531084,0.956897073531084,0,75.8163265306122,0.263726390213573,1.00036033585978,0.938004925946427
2016-09-20,0.953342503713129,0.953342503713129,0,79.62,0.252933519663891,0.934618126227582,0.934618126227582,0.00118156514068112,85.2040816326531,0.279431033580611,1.02003425459029,0.905173331762107
2016-09-21,0.982426741306788,0.982426741306788,0,75.72,0.247241604508081,0.970795465146416,0.970795465146416,0,82.8163265306122,0.261417040232688,1.01198118097783,0.945774630024159
2016-09-22,0.964981868017037,0.964981868017037,0,80,0.269842062419725,0.988329211953296,0.988329211953296,0,77.2244897959184,0.28475922111454,0.976376956530389,0.947614835310935
2016-09-23,1.02791064964643,1.02791064964643,0,81.4489795918367,0.245934083345507,1.04441095293927,1.04441095293927,1.98439620237745e-05,75.2244897959184,0.254727047841809,0.984201330667394,0.965480836955475
2016-09-26,1.01513006891301,1.01513006891301,0,73.3265306122449,0.230761583222748,0.974680652934449,0.974680652934449,0,74.5714285714286,0.386658391617882,1.04150017326883,0.596809970313019
2016-09-27,1.02534512178909,1.02534512178909,0,75.2857142857143,0.241137715025001,1.03705948523402,1.03705948523402,1.28946738107366e-05,81.6326530612245,0.329003478324508,0.988704251191251,0.732933634176228
2016-09-28,1.02122097688009,1.02122097688009,0,79.3673469387755,0.231908334278528,1.02868731252484,1.02868731252484,0,77.4081632653061,0.225872579548714,0.992741880303339,1.0267219453635
2016-09-29,1.00278786071338,1.00278786071338,0,72.7959183673469,0.266282576030365,1.03091092830515,1.03091092830515,0,81.2448979591837,0.339983421235746,0.972720177059328,0.783222237903544
2016-09-30,1.0226902836108,1.0226902836108,0,72.6122448979592,0.270252320863265,1.01547634638735,1.01547634638735,0,82.3265306122449,0.313377133158519,1.00710399336146,0.86238685681817
2016-10-10,0.999971575899657,0.999971575899657,0,81.06,0.271109470111084,1.00801151559235,1.00801151559235,2.02346164335997e-05,85.3877551020408,0.353664674278141,0.992023960472347,0.766572094497257
2016-10-11,0.986087298100806,0.986087298100806,0,82,0.275941110568263,1.00473840196525,1.00473840196525,0,81.9387755102041,0.359009024067914,0.981436855774638,0.768618870471798
2016-10-12,0.973573104789156,0.973573104789156,0,69.68,0.249635264553835,0.952876583925659,0.952876583925659,1.87620667626875e-05,91.06,0.344732797760212,1.02172004351102,0.724141323876804
2016-10-13,0.942360391061238,0.942360391061238,0,77.24,0.305192015441214,1.01426975656207,1.01426975656207,0,85.28,0.329662338426217,0.929102327033218,0.925771554306682
2016-10-14,0.97745626372114,0.97745626372114,0,69.04,0.328603221338956,1.01832018467893,1.01832018467893,0.00116235931515786,90,0.454560509830301,0.959871245240346,0.72290314321768
2016-10-17,1.02690276073661,1.02690276073661,0,79.78,0.298645400779185,1.01487087366385,1.01487087366385,1.15091877626874e-05,87.92,0.296883079924679,1.01185558417824,1.00593607710804
2016-10-18,1.03537954787369,1.03537954787369,0,79.72,0.282244918091525,1.06198551853595,1.06198551853595,1.97043944585593e-05,82.72,0.341638535037698,0.974946955304119,0.826150709434406
2016-10-19,1.01377260847592,1.01377260847592,0,78.44,0.280363373324662,1.05926149481396,1.05926149481396,0,86.24,0.340753566206097,0.957056037096836,0.822774582952098
2016-10-20,1.03890455264779,1.03890455264779,0,79.52,0.17247270625863,1.00586000361144,1.00586000361144,1.7471073120995e-05,89.96,0.385380927781571,1.03285203598683,0.447538250663991
2016-10-21,1.05419529603556,1.05419529603556,0,85.48,0.340247160257191,0.982033708900946,0.982033708900946,0.000205203169302811,90.64,0.33737196470858,1.07348178222454,1.0085223309859
2016-10-24,1.07239498636958,1.07239498636958,0,80.48,0.274146366604971,1.02282323426209,1.02282323426209,0.00104703206106363,90.64,0.292338368466506,1.04846561013375,0.937770734792824
2016-10-25,1.1073957823914,1.1073957823914,0,75.38,-0.0115934819372999,1.02409566556447,1.02409566556447,0,86.96,0.301645822231183,1.08134017126322,-0.0384340875386452
2016-10-26,1.03453157141256,1.03453157141256,0,82.62,0.246345044858099,0.994270490110396,0.994270490110396,1.20107039505739e-05,92.52,0.221613724583012,1.0404930868437,1.1115965192211
2016-10-27,0.992966821417494,0.992966821417494,0,81.16,0.264678560223546,0.983748891533997,0.983748891533997,2.24701991208034e-05,88.52,0.271702092119486,1.00937020611949,0.974149879225618
2016-10-28,1.05596225583454,1.05596225583454,0,84.66,-0.0161922146283862,1.02274955287047,1.02274955287047,2.38501569744562e-05,84.3,0.2501759669744,1.03247393545258,-0.0647233018591394
2016-10-31,1.05111291847636,1.05111291847636,0,82.16,0.212982216190779,1.03219624537268,1.03219624537268,2.03038091826637e-05,84.64,0.23756176418991,1.01832662460117,0.896534073642079
2016-11-01,1.02916786940645,1.02916786940645,0,87.6,0.23638486747022,1.02599015613852,1.02599015613852,2.08004341877724e-05,85.32,0.322950066603044,1.00309721613693,0.731954849728438
2016-11-02,1.02626745300799,1.02626745300799,0,91.52,0.24200712056422,1.05877159364365,1.05877159364365,1.95483643359348e-05,81.38,0.205682945541459,0.969300139113288,1.17660275589275
2016-11-03,1.0321358393738,1.0321358393738,0,84.58,0.244775309675596,1.02473752705191,1.02473752705191,0,82.62,0.355306055924422,1.00721971444061,0.68891398160594
2016-11-04,0.990165068449101,0.990165068449101,0,82.52,0.237306371500315,1.01334487231687,1.01334487231687,0,86.42,0.114281732572471,0.97712545402754,2.07650309597669
2016-11-07,0.956480538700006,0.956480538700006,0,78.08,0.118539205983246,1.08170989943042,1.08170989943042,0,81.64,0.0365637934756933,0.884230179647651,3.24198324941443
2016-11-08,0.969356369818296,0.969356369818296,0,87.12,-0.0636817726404082,1.04540367469375,1.04540367469375,0,79.64,0.078377436693896,0.927255560013477,-0.81250134383851
2016-11-09,0.98128285149058,0.98128285149058,0,83.42,0.0831642344824934,1.04936342141019,1.04936342141019,2.18012361919622e-05,81.9183673469388,0.265641746175927,0.935122028717072,0.313069145492727
2016-11-10,1.01046298213123,1.01046298213123,0,79.94,-0.0172433866400214,1.07661561038698,1.07661561038698,2.17589373517464e-05,85.7551020408163,0.0905089731155398,0.938555016648912,-0.190515769281894
2016-11-11,1.0371959672399,1.0371959672399,0,80.3,0.0290075387882181,1.06245228678282,1.06245228678282,2.21768775859591e-05,82.4081632653061,0.0964058162177449,0.976228278806386,0.300889924760358
2016-11-14,0.941129457372926,0.941129457372926,0,83.3,0.161717206794191,1.06336820630519,1.06336820630519,2.0321007262681e-05,81.7551020408163,0.153996296093251,0.885045698933397,1.05013698963425
2016-11-15,0.958867047196642,0.958867047196642,0,76.54,0.137832535315217,1.1070111664825,1.1070111664825,0.001387168977646,84.1836734693878,0.107650554610264,0.866176490561896,1.28036995084905
2016-11-16,0.986024520503351,0.986024520503351,0,72.32,0.0104830579493465,1.12022827388429,1.12022827388429,2.09707055893084e-05,86.9591836734694,0.121533360889603,0.880199637422468,0.0862566284073144
2016-11-17,0.936733242676226,0.936733242676226,0,75.18,0.0435484112920208,1.10211691716233,1.10211691716233,0.00137518626455448,81.2244897959184,0.0589007783454224,0.84993999102026,0.739352051285842
2016-11-18,0.921212478174535,0.921212478174535,0,80.6,0.0462585629001734,1.11684138964609,1.11684138964609,0.00142284569664336,82.4489795918367,0.0883969796835748,0.824837337436479,0.523304790115683
2016-11-21,0.996211234314925,0.996211234314925,0,73.32,0.0808518138224806,1.10236079887654,1.10236079887654,0.00136992229337894,80.4081632653061,0.105251224351153,0.903707057916252,0.768179318776685
2016-11-22,0.946845704899363,0.946845704899363,0,76.04,0.0852527934443238,1.05887308992776,1.05887308992776,2.29765288931059e-05,84.3469387755102,0.138090725228674,0.894201310719834,0.617367989799084
2016-11-23,1.01375318523249,1.01375318523249,0,73.8,0.0280015672488057,1.09616721511371,1.09616721511371,0.00133320707579432,82.4897959183673,-0.0118092492264624,0.924816187945678,-2.37115558422286
2016-11-24,1.00735334971994,1.00735334971994,0,73.38,0.130136820056774,1.11054165421099,1.11054165421099,0.00133569253619566,85.6530612244898,0.175935744142944,0.907082904905213,0.739683801553368
2016-11-25,0.953281904733235,0.953281904733235,0,83.84,0.105127514760747,1.12271430888079,1.12271430888079,2.29050833489147e-05,82.7755102040816,0.0339912069805081,0.849086804356796,3.09278557895963
2016-11-28,0.973006530066212,0.973006530066212,0,73.46,0.0911186603370297,1.13035963035567,1.13035963035567,0.0014185539994254,85.3061224489796,0.139227302684971,0.860793772120164,0.654459711420276
2016-11-29,0.921712064804382,0.921712064804382,0,78.26,0.0791690738611272,1.0659790108891,1.0659790108891,0,83.3469387755102,0.309559646126741,0.864662489025572,0.255747397478008
2016-11-30,0.923450393913879,0.923450393913879,0,80.4,0.107607923028003,1.10945293333552,1.10945293333552,2.48787548455152e-05,83.734693877551,0.326597876306414,0.832347516660821,0.329481392362288
2016-12-01,0.948777310261142,0.948777310261142,0,90.14,0.107621392625332,1.09930061832143,1.09930061832143,2.0150389806008e-05,84,-0.0977812643724039,0.863073571003598,-1.10063408686813
2016-12-02,0.922092823681393,0.922092823681393,0,90.46,0.180371216751834,1.03749423934213,1.03749423934213,2.06923069024946e-05,82.2244897959184,0.363191026642244,0.888769102242037,0.496629056117915
2016-12-05,0.973836767642007,0.973836767642007,0,87.02,0.182737822477662,1.05255265572597,1.05255265572597,0,85.0204081632653,0.387588351656417,0.925214299108227,0.471473979279057
2016-12-06,0.986774361844915,0.986774361844915,0,86.1,0.159451096952083,0.998422455600157,0.998422455600157,0,82.6530612244898,0.374481237008554,0.988333501825898,0.425791952157114
2016-12-07,0.983496761913435,0.983496761913435,0,82.12,0.172981335995659,1.07491106655903,1.07491106655903,0,78.6530612244898,0.356502105666364,0.914956401985672,0.485218272897231
2016-12-08,0.964507981347137,0.964507981347137,0,92.96,0.135895927212083,1.05571426918722,1.05571426918722,0,81.3877551020408,0.302557003038916,0.913607033169779,0.449158095324614
2016-12-09,0.933246044588715,0.933246044588715,0,81,0.150186140554263,1.03076108380248,1.03076108380248,0,81.3673469387755,0.40957368299412,0.905395109743537,0.366688942161402
2016-12-12,0.923926534600313,0.923926534600313,0,86.92,0.113120652265545,1.0093596404955,1.0093596404955,0,83.5714285714286,0.289011217942001,0.91535910247685,0.39140574912994
2016-12-13,0.921856890123586,0.921856890123586,0,80.36,0.13919926375372,1.05239449522624,1.05239449522624,2.32478521703016e-05,85,0.30401240952634,0.875961337982299,0.457873624206973
2016-12-14,0.945556789022113,0.945556789022113,0,78.56,0.204237374120784,0.974202746808562,0.974202746808562,0,84.9591836734694,0.312341244042556,0.970595486534716,0.653891786679817
2016-12-15,0.91974666674917,0.91974666674917,0,97.08,0.192238383487607,1.00467460900091,1.00467460900091,0,91.9183673469388,0.402085642082621,0.915467215463721,0.478103078965713
2016-12-16,0.934243075837282,0.934243075837282,0,87.38,0.149067299870328,0.980170748327232,0.980170748327232,1.38351866932914e-05,96.5208333333333,0.290518418277546,0.953143192073085,0.513107914996001
2016-12-19,0.959623598672654,0.959623598672654,0,81.06,0.139953822132128,0.98949848287235,0.98949848287235,0,89.8367346938775,0.367938599284239,0.969808054568235,0.380372764380752
2016-12-20,0.990150020906659,0.990150020906659,0,83.7,0.0878767598944712,1.02070793714548,1.02070793714548,0,79.0408163265306,0.323385882085792,0.970062037212834,0.271739629843081
2016-12-21,1.00655772791336,1.00655772791336,0,77.9795918367347,0.1235429816969,1.01263701504481,1.01263701504481,0,83.2857142857143,0.334262634840991,0.993996578200156,0.369598539650324
2016-12-22,1.00751390088937,1.00751390088937,0,85.6734693877551,0.125511206739251,1.02316321113966,1.02316321113966,0,81.7551020408163,0.345889519930996,0.984704971719166,0.362865017605304
2016-12-23,1.00506434310569,1.00506434310569,0,86.9591836734694,0.140964693107825,1.0114088436745,1.0114088436745,0,90,0.260487793087178,0.993727066350572,0.541156617886688
2016-12-26,1.00134532488191,1.00134532488191,0,90.0204081632653,0.140259008221928,1.03831158662754,1.03831158662754,0,82.5918367346939,0.315046574799161,0.964397718159248,0.445200866923699
2016-12-27,0.979287309686398,0.979287309686398,0,81.9591836734694,0.14997020579047,1.06180639180826,1.06180639180826,0,83.2857142857143,0.293066930776154,0.922284248090343,0.511726810641142
2016-12-28,0.956447725387876,0.956447725387876,0,80.7551020408163,0.122193323718119,1.04476341979102,1.04476341979102,2.4111345483323e-05,86.1632653061225,0.449169875543527,0.915468236415846,0.272042562004535
2016-12-29,0.961666386322089,0.961666386322089,0,87.734693877551,0.139066956216203,1.00627565697406,1.00627565697406,2.25786716379801e-05,88.3469387755102,0.221217839969598,0.95566893589962,0.62864259155281
2016-12-30,0.992422053860822,0.992422053860822,0,85.8163265306122,0.160933847748603,1.00415378035061,1.00415378035061,0,84.8571428571429,0.217307559255307,0.988316802944569,0.740580991752468
2017-01-03,0.955452947968464,0.955452947968464,0,84.4489795918367,0.156577655613772,1.03143003169326,1.03143003169326,2.36557712667032e-05,85.0816326530612,0.120364938532123,0.92633811175726,1.30085768765614
2017-01-04,0.959473092148838,0.959473092148838,0,78.4081632653061,0.154368411929839,1.00148727404907,1.00148727404907,2.13867614178754e-05,88.4081632653061,0.117288162410468,0.958048211905511,1.31614656379049
2017-01-05,0.938661230474174,0.938661230474174,0,79.4489795918367,0.168162531477858,1.01681671461989,1.01681671461989,1.43935682717427e-05,84.0408163265306,0.0774806106743409,0.923137097352956,2.17038211256056
2017-01-06,0.923934570549351,0.923934570549351,0,78.6326530612245,0.169764928777853,1.04176905955538,1.04176905955538,1.83480871126368e-05,89.4489795918367,0.0729348737308583,0.886890008946589,2.32762353718899
2017-01-09,0.921387526903724,0.921387526903724,0,83.5102040816327,0.155997401319595,1.02106557175736,1.02106557175736,0.00135605023221895,89.6122448979592,0.0788767809229213,0.902378409760615,1.97773539303076
2017-01-10,0.918606558147867,0.918606558147867,0,85.4081632653061,0.102745977664651,1.04332574351849,1.04332574351849,0.00130771511391444,94.9387755102041,0.0747956718914411,0.880459975088871,1.37368881201812
2017-01-11,0.923957337603858,0.923957337603858,0,88.1632653061225,0.128413601698394,1.06186896225296,1.06186896225296,0.00134738990219773,90.2857142857143,0.0953152198980547,0.870123687995841,1.34725180129406
2017-01-12,0.926876985414706,0.926876985414706,0,86.3673469387755,0.136421799383973,1.09925320599525,1.09925320599525,0.0013472190325714,91.1836734693878,0.130656177358315,0.843187884610733,1.04412820076502
2017-01-13,0.897257489784777,0.897257489784777,0,90.469387755102,0.15993579788617,1.02663218974277,1.02663218974277,2.50066926921417e-05,87.1428571428571,0.1185093705453,0.873981449977321,1.34956246202518
2017-01-16,0.917374027224651,0.917374027224651,0,88.8163265306122,0.103679424959627,1.00927715759405,1.00927715759405,0.00130182806124052,92.4489795918367,0.212955612407844,0.908941632456562,0.486859321467728
2017-01-17,0.928055101927486,0.928055101927486,0,87.5510204081633,0.104671229374547,1.0084945282593,1.0084945282593,0.0013290297735637,94.7142857142857,0.27411059915485,0.920238113269035,0.38185765051506
2017-01-18,0.916590553097492,0.916590553097492,2.08918989247505e-05,90.3265306122449,0.130216809786855,1.02236188463341,1.02236188463341,0.00131753315669915,96.265306122449,0.306253010900067,0.896542180292802,0.425193565947815
2017-01-19,0.892164401408424,0.892164401408424,0,90.3673469387755,0.220821540916364,0.989780007629666,0.989780007629666,0.0012663944218224,97.4897959183673,0.243817888138588,0.901376461972583,0.90568228033723
2017-01-20,0.903153999805576,0.903153999805576,0,89.7142857142857,0.146222383924094,1.00481153917182,1.00481153917182,0.0012670352329366,92.6326530612245,0.256280333566147,0.898829247671627,0.570556397712639
2017-01-23,0.883029637192315,0.883029637192315,0,88.4489795918367,0.240571323130574,1.04866084219016,1.04866084219016,0.00132293901333921,93.3673469387755,0.25001437898558,0.842054553451315,0.962229948960053
2017-01-24,0.916895779481171,0.916895779481171,0,94.1020408163265,0.264714296620924,1.06904029270003,1.06904029270003,2.44604944807157e-05,88.469387755102,0.148672515627059,0.857681217202208,1.78051938856643
2017-01-25,0.903558947504932,0.903558947504932,0.00112363854986069,104.69387755102,0.194657590795353,1.0350436956353,1.0350436956353,0,82.4081632653061,0.197155221484868,0.872966959090874,0.987331653350572
2017-01-26,0.908442325072279,0.908442325072279,0.00113469104698094,98.7959183673469,0.175525461390272,1.04651129693171,1.04651129693171,2.40183198034839e-05,85.5102040816327,0.300484553136844,0.868067385164178,0.584141379508235
2017-02-03,0.885314586630447,0.885314586630447,2.12481971190746e-05,98.0612244897959,0.190489117091784,0.942945623424198,0.942945623424198,1.72259919377142e-05,94.3673469387755,0.232438565194519,0.938881908604157,0.819524578171315
2017-02-06,0.913833585071165,0.913833585071165,0,90.3877551020408,0.195543763280492,0.980791865704069,0.98079186570407,0,89.3673469387755,0.258550558496305,0.931730387481509,0.75630764217934
2017-02-07,0.935193065802664,0.935193065802664,0,87.8163265306122,0.300450872287804,1.00311750793735,1.00311750793735,0,88.1632653061225,0.307820619307293,0.932286654756574,0.976058306178209
2017-02-08,0.942813879061964,0.942813879061964,0,88.2857142857143,0.213668437915062,1.0464463041343,1.0464463041343,0,89.3673469387755,0.305558088739953,0.900967278815071,0.699272726819892
2017-02-09,0.95321357410547,0.95321357410547,1.51759403279624e-05,98.3265306122449,0.260775428542109,1.07677546531239,1.07677546531239,1.85065255030942e-05,88.3673469387755,0.275064545238554,0.885248229378003,0.948051768416564
2017-02-10,0.935744959492799,0.935744959492799,0,94.6938775510204,0.193626686561373,1.04827495330303,1.04827495330303,0,82.4081632653061,0.276645983420977,0.892652215474901,0.699907817807452
2017-02-13,0.937291981861648,0.937291981861648,0,93.4897959183673,0.28523112341712,1.0418496864744,1.0418496864744,0,83.4285714285714,0.225783700514696,0.899642236332028,1.26329368668734
2017-02-14,0.960559902359192,0.960559902359192,2.11838935255735e-05,92.1632653061225,0.271724823329582,1.01281098019719,1.01281098019719,2.14804000193677e-05,87.3877551020408,0.21479600801591,0.948409842646235,1.2650366542634
2017-02-15,0.987473574520843,0.987473574520843,2.16360468600113e-05,97.2040816326531,0.226408682436856,1.00748428906038,1.00748428906038,0,84.4285714285714,0.194012941146693,0.98013793886731,1.1669772186262
2017-02-16,0.956354566466504,0.956354566466504,0.00119663353261104,97.7551020408163,0.162319599016584,0.972359865977433,0.972359865977433,0,96.7551020408163,0.172145416872622,0.983539736602724,0.942921408919595
2017-02-17,0.946791177927447,0.946791177927447,2.08668298783287e-05,97,0.182540548806412,1.01018761451511,1.01018761451511,0,84.8979591836735,0.164992500272695,0.937242908468941,1.10635664351236
2017-02-20,0.945547735597926,0.945547735597926,2.35940965997647e-05,93.2448979591837,0.171441986331809,0.998996666966449,0.998996666966449,0,87.530612244898,0.179926631967052,0.946497387693169,0.952843858952479
2017-02-21,0.959570819624301,0.959570819624301,0,92.9591836734694,0.193014460644148,1.00708265255982,1.00708265255982,0,87.0408163265306,0.235201452738682,0.952822310249557,0.820634644882888
2017-02-22,0.966542106914552,0.966542106914552,0,90.3673469387755,0.197849457856275,0.995350793529276,0.995350793529276,0,87.2857142857143,0.146055750052769,0.971056750241214,1.35461601330172
2017-02-23,0.96860939388705,0.96860939388705,0,94.2040816326531,0.184662872029739,1.00459583109823,1.00459583109823,0,86.9387755102041,0.192095770800701,0.964178193759931,0.961306286234309
2017-02-24,0.968887221644381,0.968887221644381,0,86.3265306122449,0.192045582609454,1.01416956598992,1.01416956598992,0,84.4285714285714,0.13972907165689,0.955350322210332,1.37441393070319
2017-02-27,0.963199591823192,0.963199591823192,0,91.9591836734694,0.170177510080689,1.01179203399221,1.01179203399221,0,87.4897959183673,0.202366266432179,0.951973883430088,0.840938132036557
2017-02-28,0.965942688757058,0.965942688757058,0,93.3877551020408,0.179019486208364,1.04053230872471,1.04053230872471,0,88.3673469387755,0.173747952965391,0.928315902022235,1.0303401171237
2017-03-01,0.968792217866862,0.968792217866862,0,90.7551020408163,0.181211197372358,1.02153737539801,1.02153737539801,0,84.3265306122449,0.164996950762283,0.948366884265401,1.09826997732483
2017-03-02,0.965837150909625,0.965837150909625,0,88.1428571428571,0.174078540668314,1.02134964639864,1.02134964639864,2.12885423934529e-05,85.5918367346939,0.18479794972493,0.945647902572094,0.941993896184605
2017-03-03,0.936908725160199,0.936908725160199,0,85.5918367346939,0.181156877658594,0.989725842724813,0.989725842724813,0,89.0816326530612,-0.154648089880245,0.946634597901169,-1.17141361266652
2017-03-06,0.943190096914696,0.943190096914696,0,77.7755102040816,0.136456519748994,0.971033913308302,0.971033913308302,0,94.58,0.162129953318465,0.97132559840393,0.841649041130347
2017-03-07,0.943375433809546,0.943375433809546,0,84.1836734693878,0.155282695653313,0.999895038894175,0.999895038894175,0,91.94,0.181567834030786,0.943474461932387,0.855232406567033
2017-03-08,0.991371868523587,0.991371868523587,0,90.3469387755102,0.150857491067263,0.998158802997312,0.998158802997312,0,91.64,0.187793550208257,0.993200546392673,0.803315613874741
2017-03-09,0.980672097291106,0.980672097291106,0,94.6122448979592,0.157299898967716,1.03980927489565,1.03980927489565,0,83.16,0.0930841954141999,0.943126899295568,1.68986688092187
2017-03-10,0.970357416778945,0.970357416778945,0,95.0408163265306,0.230711076632065,1.00649176134496,1.00649176134496,0,91.58,0.0414311334015944,0.964098717988781,5.56854369383935
2017-03-13,0.938315718775838,0.938315718775838,0,84.9591836734694,0.350846398517777,1.00358516552188,1.00358516552188,2.10076632155268e-05,89.4,-0.0410397349210311,0.934963719085964,-8.54894407073725
2017-03-14,0.930899571522316,0.930899571522316,1.53052907591641e-05,108.34693877551,0.274980248543311,0.991493202106186,0.991493202106186,2.29370341390463e-05,89.98,-0.0975185109964982,0.938886489130583,-2.81977488923293
2017-03-15,0.928080977136719,0.928080977136719,1.67179158305386e-05,103.877551020408,0.287955560887684,0.980776816264391,0.980776816264391,0,89.68,-0.0790104517649153,0.946271324674679,-3.64452492620162
2017-03-16,0.934171880423165,0.934171880423165,0,97.2244897959184,0.326183338810716,0.930466209650853,0.930466209650853,0,92.96,0.00752723401913129,1.00398259575026,NA
2017-03-17,0.957320521254223,0.957320521254223,0,92.6122448979592,0.298877775553687,1.00293428280671,1.00293428280671,1.9643751161166e-05,89.4285714285714,0.0895120272987935,0.954519690537616,3.33896778536839
2017-03-20,0.925944551265878,0.925944551265878,0,89.5510204081633,0.261250911024785,0.983313870807233,0.983313870807233,0,89.24,-0.0274042805169353,0.94165716436578,-9.53321547206236
2017-03-21,0.911322845976827,0.911322845976827,0,88.9183673469388,0.322804298705002,0.985847976607069,0.985847976607069,0,90.38,-0.157834425851893,0.924405047838379,-2.04520843258816
2017-03-22,0.951076694169728,0.951076694169728,0,94.2040816326531,0.334980438762945,0.989105777099913,0.989105777099913,0.00116878779618856,87.48,-0.0457691456867586,0.961552056604413,-7.31891394817661
2017-03-23,0.939824014470477,0.939824014470477,0,89.6326530612245,0.22186608140116,1.01722305746847,1.01722305746847,1.46490780411722e-05,88.72,-0.0294378059661598,0.923911434734269,-7.53677368674165
2017-03-24,0.942369621209083,0.942369621209083,0,87.9591836734694,0.26341672259502,0.954271943134037,0.954271943134037,0,87.84,-0.0453434150223561,0.987527326973626,-5.80937105123522
2017-03-27,0.936434300526641,0.936434300526641,0,93.0612244897959,0.270394059005415,0.93871360163018,0.93871360163018,1.58456245185225e-05,93.14,0.151972220549802,0.997571888700046,1.7792334548195
2017-03-28,0.903799654283562,0.903799654283562,0,96,0.31436919112321,0.953753511031007,0.953753511031007,0,86.66,0.215003318410502,0.947623934098607,1.46215971663745
2017-03-29,0.883403800044593,0.883403800044593,0,92.265306122449,0.265228332899538,0.96742751791518,0.96742751791518,0,91.74,0.160471452743264,0.913147273243106,1.65280695329576
2017-03-30,0.894430176534599,0.894430176534599,0,89.1224489795918,0.287210128558757,0.978262818346481,0.978262818346481,0,91.56,-0.0280572055628293,0.914304581305072,-10.2365906652963
2017-03-31,0.919664913709197,0.919664913709197,0,93.7551020408163,0.120306760590139,0.98114651473968,0.98114651473968,0,85.76,0.0153343454655243,0.937336982696416,7.84557520636406
2017-04-05,0.899040533120155,0.899040533120155,0,86.3265306122449,0.107587587328761,1.02592349332549,1.02592349332549,0,84.26,0.15672768253009,0.876323175138478,0.686461929328318
2017-04-06,0.914103102062839,0.914103102062839,0,88.469387755102,0.0804798975024811,0.974968697195843,0.974968697195843,0,88.6,0.255061868722571,0.937571744294907,0.315530886312209
2017-04-07,0.917078058000438,0.917078058000438,0,88.5510204081633,0.252900525767922,0.968536922376992,0.968536922376992,1.52682724023472e-05,93.92,0.203012238970679,0.946869486141774,1.24574029157152
2017-04-10,0.919457580949688,0.919457580949688,0,82.4285714285714,0.233169709999041,0.946049156898591,0.946049156898591,0,92.52,0.237045358783804,0.971891972256412,0.983650180688421
2017-04-11,0.884490996703133,0.884490996703133,0,91.7551020408163,0.170094107938433,0.976223279513518,0.976223279513518,0,88.66,0.40646344833314,0.906033502032345,0.418473318169123
2017-04-12,0.931383310780226,0.931383310780226,0,88.8367346938775,0.116863767891457,0.964163069675735,0.964163069675735,0,88.3,0.364155536482573,0.966001851837643,0.320917180115563
2017-04-13,0.950186299404233,0.950186299404233,0,91.6122448979592,0.132589542664493,0.931299024974262,0.931299024974262,1.60109348578475e-05,94.12,0.359679807798763,1.02028056931606,0.368632155015708
2017-04-14,0.932044753678366,0.932044753678366,0,95.6734693877551,-0.0872208713117526,0.988307405827083,0.988307405827083,0,84.26,0.388985413639439,0.943071708441128,-0.224226586019495
2017-04-17,0.97702758859491,0.97702758859491,0,90.4081632653061,0.12414743701579,0.972589718287091,0.972589718287091,0,89.24,0.382280648579273,1.00456294182879,0.324754699138388
2017-04-18,1.02313908674174,1.02313908674174,0,97.265306122449,0.123726909502852,0.940565354666744,0.940565354666744,0,89.48,0.276890504511718,1.08779159434833,0.446844176621505
2017-04-19,1.0516735511887,1.0516735511887,0,87.5918367346939,0.143603084028078,0.931885618727226,0.931885618727226,0,97.06,0.194106424394051,1.12854360025974,0.739816234709224
2017-04-20,1.02994605374003,1.02994605374003,1.30417489799988e-05,92.9183673469388,0.146976985542377,0.995669565872044,0.995669565872044,0,82.5,0.311279988710039,1.03442556551175,0.472169721386388
2017-04-21,1.02238253490207,1.02238253490207,1.67358622815138e-05,99.1020408163265,0.192943615296251,1.01434725002094,1.01434725002094,0,83.5510204081633,0.312836023329326,1.00792163125691,0.616756386438071
2017-04-24,1.03960485538439,1.03960485538439,0,81.6326530612245,0.141602407067392,1.0381299433233,1.0381299433233,0,85.8979591836735,0.355793379173806,1.00142073935019,0.397990562376987
2017-04-25,0.975289350255721,0.975289350255721,0,90.6530612244898,0.14363351751652,1.0796414285901,1.0796414285901,2.00821341776163e-05,81.1224489795918,0.328307529260937,0.903345614968989,0.437496873251301
2017-04-26,1.00083949325806,1.00083949325806,0,89.3061224489796,0.144059780286505,1.08218104173078,1.08218104173078,2.07138591912887e-05,82.7755102040816,0.325516746073352,0.924835544760022,0.442557201816101
2017-04-27,0.957978133398603,0.957978133398603,1.30080018582139e-05,96.265306122449,0.131998422510268,1.06858066277043,1.06858066277043,0,77.6326530612245,0.334541303353524,0.896495853588556,0.394565398015381
2017-04-28,0.959378786155943,0.959378786155943,3.64709340073804e-05,87.0408163265306,0.136689083305002,1.11193923655947,1.11193923655947,0,82.8775510204082,0.413018084905639,0.862797853167253,0.330951811314101
2017-05-02,0.97401179888195,0.97401179888195,1.10032914011432e-05,97.8979591836735,0.149259318267484,1.06468682059923,1.06468682059923,0,78.2448979591837,0.382561129548098,0.914834090210449,0.390158086483583
2017-05-03,0.977105830943118,0.977105830943118,0,95.1020408163265,0.160968608356309,1.07876431883191,1.07876431883191,0,79.8571428571429,0.441310187898019,0.905763950369749,0.364751625433824
2017-05-04,1.00405098319633,1.00405098319633,0,82.2448979591837,0.158260139864527,1.07706910818467,1.07706910818467,0,80.4081632653061,0.421344098841214,0.932206648177477,0.375607823391324
2017-05-05,1.02340944161069,1.02340944161069,0,81.7959183673469,0.146893520855978,1.07132529772856,1.07132529772856,0,80.6938775510204,0.390334577920925,0.955274223226624,0.376327205338533
2017-05-08,1.01911209830998,1.01911209830998,1.64547042464093e-05,100.224489795918,0.308305628786114,1.06310609677891,1.06310609677891,0,88.5714285714286,0.279925740591891,0.958617490199492,1.10138363172396
2017-05-09,1.01498344650651,1.01498344650651,3.41451082118314e-05,84.2448979591837,0.257248047527316,1.04753199172789,1.04753199172789,2.34775326428209e-05,91.0416666666667,0.313396104130265,0.968928352090051,0.820839966218562
2017-05-10,1.0120294707624,1.0120294707624,0,90.0408163265306,0.241099558074064,1.106574170146,1.106574170146,2.30406985177615e-05,88,0.312124485575493,0.914560901623856,0.77244679355907
2017-05-11,1.01223648569862,1.01223648569862,0,86.1224489795918,0.205610989144817,1.05392382739154,1.05392382739154,2.38198590505542e-05,90.5625,0.404931529767082,0.960445583817856,0.50776729898777
2017-05-12,0.999835190642607,0.999835190642607,0,85.2857142857143,0.239434842659026,1.07078971706854,1.07078971706854,2.29264636944999e-05,84.2708333333333,0.337973027291595,0.933736264651307,0.708443642907772
2017-05-15,1.00264638954932,1.00264638954932,0,93.9591836734694,0.203656261530564,1.10698690823301,1.10698690823301,2.39912737460368e-05,88.5625,0.270361974203194,0.90574367419553,0.753272578848324
2017-05-16,1.02357542561445,1.02357542561445,0,89.1836734693878,0.252153695569543,1.1277866148147,1.1277866148147,2.32978886203342e-05,86.9166666666667,0.421459705881068,0.907596713925027,0.598286602612251
2017-05-17,0.972386156258881,0.972386156258881,0,81.734693877551,0.215435669984532,1.10177083040711,1.10177083040711,2.23501484972341e-05,85.4375,0.315683998718798,0.882566618594885,0.682440892978032
2017-05-18,1.01475770079343,1.01475770079343,0,84.3265306122449,0.220403352119109,1.11157818249289,1.11157818249289,0,82.0625,0.309508759582973,0.912898180960768,0.712106993081803
2017-05-19,1.0412433617855,1.0412433617855,0,73.2244897959184,0.245994536927299,1.14103166032046,1.14103166032046,0,82.6875,0.304625950403951,0.912545548028938,0.807529813533934
2017-05-22,1.03326676508647,1.03326676508647,0,88.7551020408163,0.236347357545901,1.15495112429873,1.15495112429873,2.25186485162488e-05,85.7083333333333,0.30557759779197,0.894641118007361,0.77344464795093
2017-05-23,1.02417655137865,1.02417655137865,0,82.1224489795918,0.166827093005041,1.18741906528628,1.18741906528628,0,83.2083333333333,0.264170598958206,0.862523250063972,0.631512718156173
2017-05-24,1.0233275336052,1.0233275336052,0,85.1428571428571,0.173646689236322,1.20760832227584,1.20760832227584,0,82.5416666666667,0.304612453565781,0.84740019982361,0.570057747815693
2017-05-25,1.03677669510234,1.03677669510234,0,88.3469387755102,0.201207997511831,1.21394862526818,1.21394862526818,0,84.6666666666667,0.279885973687282,0.854053189337651,0.718892750719413
2017-05-26,0.997700210371606,0.997700210371606,0,91.4489795918367,0.159742024104747,1.17959225724415,1.17959225724415,2.20436865302928e-05,89.3958333333333,0.22877762323859,0.845800914887746,0.698241470662336
2017-05-31,1.0317353912913,1.0317353912913,0,83.1020408163265,0.164055125827381,1.17055403732848,1.17055403732848,2.32713726545489e-05,91.3125,0.2150988285031,0.881407742308083,0.762696510106826
2017-06-01,1.01285703867302,1.01285703867302,0,90.1224489795918,0.149460384397825,1.21310681553048,1.21310681553048,2.0683836257167e-05,91.6041666666667,0.254013064521371,0.834928157773234,0.588396445983784
2017-06-02,1.0380845402265,1.0380845402265,0,88.2244897959184,0.183340028377788,1.16418667646899,1.16418667646899,2.23500593280532e-05,87.2083333333333,0.185325511113258,0.891682202870625,0.989286511481644
2017-06-05,1.01984995549684,1.01984995549684,0,98.734693877551,0.17242175717619,1.1504597507795,1.1504597507795,2.22419908704316e-05,89.3125,0.176431492578524,0.886471651707793,0.977273131096199
2017-06-06,1.04576350993629,1.04576350993629,0,88.7755102040816,0.178439381594415,1.15279194901657,1.15279194901657,0,85.2708333333333,0.143583820163296,0.907157194174028,1.2427541027358
2017-06-07,1.0623595522205,1.0623595522205,0,89.0408163265306,0.211445585072145,1.18306186094235,1.18306186094235,3.11512740296474e-05,92.1458333333333,0.174878174720354,0.897974642994827,1.2091021959159
2017-06-08,1.10074493049625,1.10074493049625,0,84.5714285714286,0.227367947537275,1.22699005710276,1.22699005710276,2.10723707754032e-05,90.0416666666667,0.260140445200626,0.897109902500263,0.874019983174566
2017-06-09,1.11834783007211,1.11834783007211,0,80.2448979591837,0.252398321918466,1.26289415541613,1.26289415541613,0,90.2916666666667,0.00506530934162264,0.885543594667762,NA
2017-06-12,1.12141095721602,1.12141095721602,0,84.8775510204082,0.23667089967461,1.22315852280297,1.22315852280297,3.07915796334767e-05,85.7916666666667,0.0986759949620352,0.916815716286886,2.39846479141829
2017-06-13,1.0908797116223,1.0908797116223,0,78.4081632653061,0.237958895145521,1.24397820524927,1.24397820524927,2.96115914979045e-05,83.9583333333333,0.143628827700313,0.876928315157828,1.65676277496347
2017-06-14,1.07715876531947,1.07715876531947,0,84.9183673469388,0.230539040208954,1.19144461245381,1.19144461245381,3.00093113300799e-05,88.4791666666667,0.214657356441836,0.90407791857066,1.0739862077423
2017-06-15,1.10310503793187,1.10310503793187,0,82.3469387755102,0.225643119489187,1.15714173010804,1.15714173010804,0,87.8979591836735,0.132691834575696,0.953301578561926,1.70050493469111
2017-06-16,1.08656895018427,1.08656895018427,0,89.1428571428571,0.200944068544519,1.12605361982003,1.12605361982003,0,91.2040816326531,0.150941377004026,0.964935355705296,1.33127226300022
2017-06-19,1.08339256759702,1.08339256759702,0,90.3877551020408,0.207542217407787,1.15290462699965,1.15290462699965,0,89.2244897959184,0.189600898096688,0.939707016716959,1.09462676332867
2017-06-20,1.08921396632234,1.08921396632234,0,87.5510204081633,0.181150939411249,1.1516199199154,1.1516199199154,0.00144535434330592,96.6122448979592,0.0773164303605,0.945810286437517,2.34298115635454
2017-06-21,1.0624106251087,1.0624106251087,0,77.4489795918367,0.196897409640095,1.18053351497296,1.18053351497296,0,93.8367346938775,0.0865193832686291,0.899941095812967,2.27576067005424
2017-06-22,1.05285519140668,1.05285519140668,0,77.2040816326531,0.166869837749505,1.15472911831114,1.15472911831114,1.96971722144718e-05,92.2448979591837,0.0612437265428152,0.911776774925832,2.72468458680168
2017-06-23,1.05736542374703,1.05736542374703,0,94.6326530612245,0.199759527704985,1.14518411303516,1.14518411303516,0,93.3469387755102,0.0430618115998127,0.923314785554106,4.63890208710713
2017-06-26,1.05570212693596,1.05570212693596,0,90.3061224489796,0.197763780440934,1.15452366928429,1.15452366928429,0.00115288674742108,99.6,0.0226909847261113,0.914404923019384,8.71552217006083
2017-06-27,1.07633829693727,1.07633829693727,0,89.1428571428571,0.21252333150837,1.10495032405885,1.10495032405885,2.3556916030386e-05,93.08,0.0438448707952625,0.974105598687484,4.84716519067343
2017-06-28,1.09814372892509,1.09814372892509,1.65723712928131e-05,91.3265306122449,0.216744734484225,1.11388350403995,1.11388350403995,0.00122118175081497,91.6938775510204,0.0951131759327195,0.985869460264227,2.27880871770642
2017-06-29,1.06208405502903,1.06208405502903,0,86.9387755102041,0.16641822783258,1.14066686924382,1.14066686924382,0,87.36,0.118006105300708,0.931108006786523,1.41025099852678
2017-06-30,1.07155536563068,1.07155536563068,1.31612758861994e-05,99.2857142857143,0.218310051537644,1.14634815582173,1.14634815582173,0,85.9,0.12003207728924,0.934755606478524,1.81876425425501
2017-07-03,1.05845337386656,1.05845337386656,0,82.4489795918367,0.218954458888307,1.11880692325433,1.11880692325433,2.53184261107583e-05,91.84,0.146915997429571,0.946055438044473,1.49033776252494
2017-07-04,1.05485346751579,1.05485346751579,0.00101604739000987,105.571428571429,0.217054377520164,1.13171609366854,1.13171609366854,2.50216792206618e-05,90.6,0.120854919082003,0.932083119977909,1.79599125272582
2017-07-05,1.03534914977837,1.03534914977837,0,80.6122448979592,0.230645162662607,1.1736823588228,1.1736823588228,0.00145973508123714,98.1,0.0816758222851746,0.882137438631025,2.82390989413367
2017-07-06,1.08567904103327,1.08567904103327,0,87.734693877551,0.20096015692687,1.18597164514585,1.18597164514585,0,90.38,0.0986041902245321,0.915434231060189,2.03804885440733
2017-07-07,1.04057602025566,1.04057602025566,0,84.1836734693878,0.233900037869498,1.17209953381525,1.17209953381525,2.40541257232763e-05,94.44,0.152611115973014,0.887788101807816,1.53265400346629
2017-07-10,1.08309327471291,1.08309327471291,0,86.5714285714286,0.199663768578744,1.14734289513846,1.14734289513846,0,92.96,0.146480033332755,0.944001378578461,1.36307839393491
2017-07-11,1.08853181185065,1.08853181185065,0,81.1836734693878,0.253782221908116,1.15404005372865,1.15404005372865,0,88.24,0.154956265538342,0.943235729413075,1.63776676616745
2017-07-12,1.07558017028879,1.07558017028879,0,79.1632653061225,0.212115899451281,1.20128354236625,1.20128354236625,0,87.42,0.0988455252211866,0.895359115775563,2.14593325268523
2017-07-13,1.02377289174115,1.02377289174115,0,71.8367346938775,0.209151323120377,1.17670565509739,1.17670565509739,0,83.76,0.100984026851738,0.870033119417973,2.07113272901513
2017-07-14,1.05150476445951,1.05150476445951,0,83.8571428571429,0.213168287745482,1.15664250511211,1.15664250511211,0,86.46,0.14460089439086,0.909100919093054,1.47418374307757
2017-07-17,1.0242176596753,1.0242176596753,0,86.0408163265306,0.164406581467193,1.14671322062636,1.14671322062636,0,77.2448979591837,0.18587327172975,0.893176812870303,0.884508998723771
2017-07-18,0.962004185483563,0.962004185483563,0,77.3265306122449,0.203491963160609,1.06648300325992,1.06648300325992,0,87.7755102040816,0.148943962913561,0.902034240154797,1.3662316966731
2017-07-19,0.959967034159932,0.959967034159932,0,88.0204081632653,0.249739893275602,1.10697049613244,1.10697049613244,0,85.34,0.184681988220927,0.867202005395703,1.35226989746747
2017-07-20,0.986918831421445,0.986918831421445,0,84.6530612244898,0.102955283076032,1.10264942812641,1.10264942812641,0,87.9183673469388,0.187150361185327,0.895043162629117,0.55012067528996
2017-07-21,1.01850048662096,1.01850048662096,0,86.2040816326531,0.111951762824216,1.10113391146371,1.10113391146371,0,81.5714285714286,0.17957071013591,0.924956062126078,0.623441109852959
2017-07-24,0.986265961302691,0.986265961302691,0,87.0204081632653,0.20473347668243,1.05981566279093,1.05981566279093,0,88.4489795918367,0.208216352284642,0.930601420538973,0.98327280463808
2017-07-25,1.02747163950924,1.02747163950924,0,87.469387755102,0.146737687855745,1.11872013811803,1.11872013811803,2.43321563181058e-05,90.0816326530612,0.185903106642044,0.91843491906538,0.789323484186241
2017-07-26,0.990888330800219,0.990888330800219,0,88.5714285714286,0.138505528399265,1.09225127908775,1.09225127908775,2.48473058228399e-05,95.66,0.100887411203067,0.907198141830337,1.37287226173819
2017-07-27,0.940276205122616,0.940276205122616,0,84.3673469387755,0.136877134210575,1.11836730911144,1.11836730911144,2.31786141555871e-05,87.46,0.149089640144999,0.840757949076394,0.918086153252857
2017-07-28,0.974110578145587,0.974110578145587,0,80.3469387755102,0.252955124153316,1.12403378010805,1.12403378010805,0,84.56,0.406460447261172,0.86662037688222,0.622336381947586
2017-07-31,0.928094901686589,0.928094901686589,0,93.6326530612245,0.235824783325274,1.1011713476767,1.1011713476767,2.24269345615378e-05,91.4,0.242915763986313,0.842825145827419,0.970808890519602
2017-08-01,0.934569322749053,0.934569322749053,0,80.6122448979592,0.333160362332908,1.11957412850155,1.11957412850155,0,83.76,0.162500332743304,0.834754304299516,2.05021341623459
2017-08-02,0.938973633892743,0.938973633892743,0,89.7755102040816,0.282188220823086,1.0962541674344,1.0962541674344,2.20572816251536e-05,88.06,0.164831839988556,0.85652913510947,1.71197640481765
2017-08-03,0.928831912180676,0.928831912180676,0,95.9795918367347,0.315990173158438,1.1043388435729,1.1043388435729,0,88.04,0.157136670736409,0.841075108048899,2.01092572266915
2017-08-04,0.918441119790257,0.918441119790257,0,89.8775510204082,0.35639378596296,1.15528456721654,1.15528456721654,0.00141285648444477,88.5,0.0909598084940869,0.794991247916592,3.91814573780824
2017-08-07,0.941612345719253,0.941612345719253,0,88.2448979591837,0.296067608402966,1.09526386335524,1.09526386335524,0.00133871578081076,93.86,-0.0786430268455074,0.859712784492596,-3.76470260973786
2017-08-08,0.898202915401644,0.898202915401644,0,84.5510204081633,0.328695561184095,1.05622801055655,1.05622801055655,2.17852917222859e-05,87.76,-0.274862410958894,0.850387327759239,-1.19585490077525
2017-08-09,0.922380980889929,0.922380980889929,0,82.0612244897959,0.334302955195899,1.07453425865876,1.07453425865876,0,89.9,0.314473032549177,0.858400719620845,1.06305762527863
2017-08-10,0.91997297220578,0.91997297220578,0,77.1428571428571,0.379608013517885,1.10009023251216,1.10009023251216,0.00139299390552778,87.76,-0.209058933903362,0.836270466746107,-1.81579426638308
2017-08-11,0.886155362475191,0.886155362475191,0,80.3877551020408,0.309493407864764,1.08581426035843,1.08581426035843,0.0014183637295283,90.9387755102041,0.336672950557409,0.816120578654651,0.919270191894996
2017-08-14,0.935802708565871,0.935802708565871,0,79.2040816326531,0.380477510311575,1.09106393783891,1.09106393783891,0.00138971820664729,90.6,0.332310455070844,0.857697405359607,1.14494595191253
2017-08-15,0.932098737498018,0.932098737498018,0,74.7142857142857,0.365134199373153,1.06762487901077,1.06762487901077,0.00138531870389457,89.72,0.428459640242021,0.873058277137263,0.852202086448334
2017-08-16,0.916092529244506,0.916092529244506,0,76.6938775510204,0.384543303941846,1.0909246474004,1.0909246474004,0.00140258715545179,97.46,0.286924874551069,0.839739510357105,1.34022295746757
2017-08-17,0.994429818519043,0.994429818519043,0,73.469387755102,0.303712911049412,1.04347918863797,1.04347918863797,0.00118632738165919,95.6,0.236463902146852,0.952994395429243,1.28439439716594
2017-08-18,0.969278343943671,0.969278343943671,0,79.9183673469388,0.0855913369780592,1.0281077557718,1.0281077557718,0.00111893814839473,99.78,0.217459860917583,0.942778943648793,0.39359602556951
2017-08-21,0.946151757285624,0.946151757285624,0,85.9591836734694,0.0281631718177517,0.970169269466162,0.970169269466162,0.00118435638305043,103.14,0.341478986451977,0.975243998200692,0.0824740992421573
2017-08-22,0.886906820377938,0.886906820377938,0,96.7142857142857,0.0241619155882727,0.984223726678582,0.984223726678582,0.00109307999587458,99.74,0.379576942349921,0.901123186057447,0.0636548559527585
2017-08-23,0.891889252838667,0.891889252838667,0,94,0.0165338581033366,0.982884882747163,0.982884882747163,0.0012895227132734,94.36,0.475028788628418,0.907419849968429,0.0348060128125621
2017-08-24,0.900721192034656,0.900721192034656,0,90.5714285714286,0.0164271888067843,1.00933544989317,1.00933544989317,2.69245342105244e-05,86.1020408163265,0.435869058088766,0.892390326853169,0.0376883573218424
2017-08-25,0.874249037631354,0.874249037631354,0,85.3061224489796,0.27990051142595,0.970435840873187,0.970435840873187,0,90.92,0.440113220554786,0.900882882524944,0.635973877524335
2017-08-28,0.873463035485666,0.873463035485666,0,85.8571428571429,0.30363155285494,0.990774684768764,0.990774684768764,0.00126820686150403,91.36,0.436949885947846,0.881596036832051,0.694888733512981
2017-08-29,0.869255812057628,0.869255812057628,0,76.0204081632653,0.262517880824023,0.972303830539453,0.972303830539453,2.42509299728628e-05,87.86,0.411749511576402,0.894016648659451,0.637566951370413
2017-08-30,0.882861331771335,0.882861331771335,0,86.063829787234,0.329996179610984,0.984566290121917,0.984566290121917,0.00127798186246204,85.88,0.426913325943475,0.896700751009881,0.772981679317915
2017-08-31,0.874746082248039,0.874746082248039,0,79.4468085106383,0.280589794262858,1.00162526768472,1.00162526768472,0.00122569184926494,90.56,0.370450805106064,0.87332669259636,0.757427951013692
2017-09-01,0.894398369150067,0.894398369150067,0,85.1632653061225,0.273666900184041,0.993270256811943,0.993270256811943,0.00125495995919428,88.26,0.369323996574045,0.90045822173391,0.740994093865152
2017-09-04,0.890561224568812,0.890561224568812,0,79.8979591836735,0.290251060331526,0.986473732475198,0.986473732475198,0.00123532134347129,88.6,0.397646543940167,0.902772365093059,0.729922250689043
2017-09-05,0.906424239780745,0.906424239780745,0,85.6530612244898,0.288092551746161,0.99575518517831,0.99575518517831,0.00124915836646939,89.56,0.32305422613943,0.910288244814344,0.891777690664912
2017-09-06,0.887330009266353,0.887330009266353,0,88.4897959183673,0.324857711316072,1.00016638343887,1.00016638343887,0.00131022755735587,93.6,0.300209746489273,0.887182396808269,1.08210248039925
2017-09-07,0.930552681540327,0.930552681540327,0,70.734693877551,0.274890473004124,1.00436251524023,1.00436251524023,0.00128004893597987,94.56,0.398950663836916,0.926510764211217,0.689033752595771
2017-09-08,0.89608829271465,0.89608829271465,0,91,0.258704488083779,0.989761865919341,0.989761865919341,1.75283141943349e-05,91.42,0.39900837012361,0.905357463820167,0.6483685743325
2017-09-11,0.847011927256578,0.847011927256578,0,89.7551020408163,0.255797946540751,1.00633030797787,1.00633030797787,1.99084367639941e-05,91.18,0.409794659534473,0.841683809522314,0.62421005396053
2017-09-12,0.855535696903894,0.855535696903894,0,88.2244897959184,0.211613608271487,0.948976519592963,0.948976519592963,0.0012185580076338,96.24,0.400756040579976,0.90153515839449,0.528035979108984
2017-09-13,0.877823462692975,0.877823462692976,0,87.9387755102041,0.222531957818788,1.01045451651383,1.01045451651383,0.00131196908301239,94.92,0.362365001913673,0.868741193538881,0.614109962727034
2017-09-14,0.851050372593082,0.851050372593082,0,85.2857142857143,0.22137652148478,0.983450844411806,0.983450844411806,0.00123958197230059,96.92,0.375307846396248,0.865371540864443,0.58985316616869
2017-09-15,0.877062337260259,0.877062337260259,0,77.734693877551,0.281229113901646,1.01745021069613,1.01745021069613,0.00127377762182257,93.5,0.1889891566322,0.862019908237259,1.48807010366716
2017-09-18,0.889395132744114,0.889395132744114,0,78.265306122449,0.246028288009467,0.996982237354963,0.996982237354963,0.00109592249794929,93.98,0.128239318378862,0.892087240293987,1.91850901205367
2017-09-19,0.900319731606006,0.900319731606006,0,88.6734693877551,0.304312195013944,1.04596667613135,1.04596667613135,0.00133127957337186,90.64,0.38018154735383,0.860753743069484,0.800439151063598
2017-09-20,0.891237399296259,0.891237399296259,0,90.1836734693878,0.309750144365342,1.00244439460646,1.00244439460646,0.00128340388768823,89.02,0.111102656793726,0.889064175620575,2.78796343223749
2017-09-21,0.902621601231765,0.902621601231765,0,81.7551020408163,0.316222214677388,1.02305235804894,1.02305235804894,2.00264396210836e-05,92.08,0.256331275948897,0.882282899922297,1.23364662976371
2017-09-22,0.919918259728944,0.919918259728944,0,82.8367346938775,0.281738996591233,1.02064238261329,1.02064238261329,2.10390912338135e-05,88.14,0.209821492927395,0.90131301168736,1.34275565701329
2017-09-25,0.933961690228307,0.933961690228307,0,78.265306122449,0.276733923292921,1.01693803821763,1.01693803821763,0.00123601452414668,91.18,0.243926180942049,0.918405699392705,1.13449865128937
2017-09-26,0.948470865806272,0.948470865806272,0,88.8163265306122,0.239337508489377,1.00581189378146,1.00581189378146,0.00119177782164294,90.6,0.278074385739827,0.942990306309061,0.860695989141935
2017-09-27,0.963471804620266,0.963471804620266,0,74.3673469387755,0.250041812136929,0.995999612943323,0.995999612943323,0.00120618725073199,89.34,0.302216654559395,0.967341545217138,0.827359473293977
2017-09-28,1.01428364328665,1.01428364328665,0,78.5918367346939,0.292449089096066,1.02210173660756,1.02210173660756,2.18162569824228e-05,83.9,0.385373634757531,0.992350963665463,0.758871554044088
2017-09-29,0.944753827984356,0.944753827984356,0,82.0612244897959,0.262062611498999,1.01582274480551,1.01582274480551,1.90721110324789e-05,86.28,0.342987443820937,0.930038072897488,0.764058907170415
2017-10-09,0.979679926454678,0.979679926454678,0,78,0.29146330272047,0.995013230165609,0.995013230165609,1.8465798293906e-05,87.02,0.296270804026519,0.984589849414989,0.983773287003942
2017-10-10,0.956017998326139,0.956017998326139,0,82.8979591836735,0.291549652257093,1.00774983011224,1.00774983011224,1.76642713915494e-05,88.36,0.396706935029726,0.948665998008319,0.73492451609208
2017-10-11,0.933950509574429,0.933950509574429,0,83.5918367346939,0.328565850142924,1.03312302254622,1.03312302254622,1.81416744751968e-05,90.78,0.413604302400413,0.904007063236889,0.794396596544194
2017-10-12,0.937062551802585,0.937062551802585,0,81.4081632653061,0.324653771309406,1.01072404775414,1.01072404775414,1.84275163348694e-05,87.86,0.345615307539484,0.927120071877946,0.93935009308671
2017-10-13,0.951997983209203,0.951997983209203,0,75.3673469387755,0.275405739264675,0.974423154452854,0.974423154452854,1.91954711876795e-05,92.62,0.326539208745906,0.976986208567424,0.843407872280905
2017-10-16,0.949626859985936,0.949626859985936,0,79.1020408163265,0.282454720663349,1.00642475032745,1.00642475032745,1.9925073338411e-05,88.16,0.378034680394739,0.943564692419341,0.747166160439071
2017-10-17,0.958842408193511,0.958842408193511,0,81.8775510204082,0.346281608046448,1.00316081255249,1.00316081255249,2.21332784733687e-05,86.92,0.349551569803508,0.955821236431464,0.990645266565678
2017-10-18,0.98075304620714,0.98075304620714,0,70.6122448979592,0.270831448603587,1.02140267692952,1.02140267692952,2.18653714224082e-05,86.64,0.383768496252195,0.960202149807772,0.705715688620801
2017-10-19,0.956331682869624,0.956331682869624,0,85.7142857142857,0.277236891846592,1.04192558642394,1.04192558642394,2.36011083898572e-05,82.48,0.301399905624445,0.917850271967994,0.919830718832536
2017-10-20,0.965548593458671,0.965548593458671,0,88.4897959183673,0.305274765859175,1.031168974689,1.031168974689,0.00133361161476875,82.64,0.311679403585678,0.936363115220643,0.97945120000609
2017-10-23,0.957131369999493,0.957131369999493,0,89.8367346938775,0.314171854743601,1.02342669324579,1.02342669324579,1.81925266010952e-05,84.06,0.34651923172424,0.935222206256863,0.90665055783576
2017-10-24,0.957604003275908,0.957604003275908,0,82.4897959183673,0.294981418253406,1.01681504345031,1.01681504345031,6.93889390390719e-20,80.82,0.292403665973495,0.941768131229175,1.00881573174306
2017-10-25,0.993842569489753,0.993842569489753,0,79.6326530612245,0.300744499992183,1.0492358664795,1.0492358664795,0.00135123093640857,88.94,0.33490029891368,0.947206058466522,0.898012038113168
2017-10-26,0.973079860587327,0.973079860587327,0,81.469387755102,0.329327645042076,1.0747087656502,1.0747087656502,0.00135314949458915,86.28,0.275576688463506,0.905435864755988,1.1950489966269
2017-10-27,0.983962155267691,0.983962155267691,0,81,0.303659863552314,1.04909814639932,1.04909814639932,0.00126942053095211,87.12,0.321139905369025,0.937912395179437,0.945568764502735
2017-10-30,0.954415990734986,0.954415990734986,0,83.2857142857143,0.259819717333095,1.05423263870118,1.05423263870118,0.00137691379661507,83.98,0.302954968991049,0.905318196096485,0.857618273099762
2017-10-31,0.951383691387235,0.951383691387235,0,83.3265306122449,0.276103381993904,1.03525446612401,1.03525446612401,2.11069293322704e-05,85.18,0.377008652800796,0.918985353378105,0.732352904748293
2017-11-01,0.909360698160507,0.909360698160507,0,81.7551020408163,0.304587773047951,1.07014407874104,1.07014407874104,0.00135463333753408,89.68,0.273601400796227,0.849755389227882,1.11325370470161
2017-11-02,0.974236865871138,0.974236865871138,0,79.9795918367347,0.295559135144892,1.07479042016097,1.07479042016097,2.25287315573417e-05,83,0.154048291699678,0.906443570389497,1.91861351972078
2017-11-03,1.00306800032309,1.00306800032309,0,85.1632653061225,0.235176676950231,1.06803938953732,1.06803938953732,2.21142369936813e-05,83.56,0.293545213242182,0.939167609499523,0.801159979250639
2017-11-06,0.979259890459505,0.979259890459505,0,72.5102040816327,0.293397062109679,1.06775431157975,1.06775431157975,1.56949091191507e-05,85.04,0.149275448721825,0.91712098920086,1.96547432697003
2017-11-07,0.987538337031117,0.987538337031117,0,76.3061224489796,0.273522630408432,1.04070932303278,1.04070932303278,1.51626858792109e-05,88.14,0.0601452077230613,0.948908898166961,4.54770447660381
2017-11-08,1.03431803736589,1.03431803736589,0,74.8163265306122,0.262143553588932,1.05849809236441,1.05849809236441,0,84.78,0.11876549617629,0.977156260202125,2.20723663040836
2017-11-09,0.994949296333996,0.994949296333996,0,78.4897959183673,0.281990066258637,1.05684828175143,1.05684828175143,1.94302176074587e-05,84.92,0.191544010036994,0.941430585178363,1.47219464709011
2017-11-10,1.02127486377722,1.02127486377722,0,82.4489795918367,0.280884248588808,1.02576028489079,1.02576028489079,1.73276499238711e-05,89.42,0.171460215487759,0.995627222871037,1.63818905621789
2017-11-13,1.05493684748503,1.05493684748503,0,89.8775510204082,0.291137183296644,1.04084505611113,1.04084505611113,1.82615950664183e-05,86.32,0.182366920054059,1.01353879839382,1.59643636691535
2017-11-14,1.03409707741444,1.03409707741444,0,89.9591836734694,0.266907918211668,1.04712711934498,1.04712711934498,1.96915668028462e-05,84.68,0.179376663146568,0.987556389582679,1.48797459786382
2017-11-15,1.00941806483896,1.00941806483896,0,82.9387755102041,0.275689898922828,0.979317312738677,0.979317312738677,0,80.4,-0.0969523143876368,1.03073646478904,-2.84356181349687
2017-11-16,0.965653135191728,0.965653135191728,0,93.265306122449,0.227400779527813,1.00109805824389,1.00109805824389,1.66745819680604e-05,86.16,0.264745501596423,0.964593954847603,0.858941051525259
2017-11-17,0.957471969359577,0.957471969359577,0,84.8163265306122,0.242815257146682,0.989766511310412,0.989766511310412,1.57059611153171e-05,86.04,0.287531570391776,0.967371555228638,0.844482074840804
2017-11-20,0.964646907995996,0.964646907995996,0,85.3877551020408,0.224439036122734,0.992420393312092,0.992420393312092,0.00127137544530151,91.68,0.192239040570224,0.972014394803592,1.16749977245516
2017-11-21,0.93274496049368,0.93274496049368,0,88.7959183673469,0.234283628240103,0.988537525953799,0.988537525953799,1.58151645453752e-05,92.48,0.26027017155103,0.943560498215496,0.900155507040762
2017-11-22,0.978811765435637,0.978811765435637,0,87.9591836734694,0.255557513537936,1.00416777712372,1.00416777712372,0,88.1,0.354039591209001,0.974749227902223,0.721833150539009
2017-11-23,0.931236268851699,0.931236268851699,0,94.5918367346939,0.223201174804659,1.00797874368414,1.00797874368414,0,91.34,0.335893651204087,0.923864986922298,0.66449953431553
2017-11-24,0.903616707929369,0.903616707929369,0,87.5714285714286,0.262361429912316,0.990375502373026,0.990375502373026,0,82.2,0.364392782467561,0.91239808109573,0.719996230813579
2017-11-27,0.924038711676675,0.924038711676675,0,87.0204081632653,0.202338358568889,1.02450216787591,1.02450216787591,0,86.56,0.351869798098798,0.90193924488464,0.575037583964728
2017-11-28,0.921714395682245,0.921714395682245,0,92.265306122449,0.224727291012358,1.00681141379653,1.00681141379653,2.0629389380914e-05,95.54,0.372832502703195,0.915478691492585,0.602756705445444
2017-11-29,0.952992118040008,0.952992118040008,0,92.4081632653061,0.24305056172814,0.989397656986069,0.989397656986069,0,84.84,0.338043589786848,0.963204340854253,0.718991778194624
2017-11-30,0.952242072401025,0.952242072401025,0,88.4489795918367,0.26438752682497,1.01265716048772,1.01265716048772,0,75.84,0.314510589140271,0.940340037631691,0.840631558853661
2017-12-01,0.970482314866643,0.970482314866643,0,85.8367346938775,0.210448653504362,1.03519591175295,1.03519591175295,0,79.72,0.324845878910701,0.937486618569888,0.647841537069995
2017-12-04,0.982854638998513,0.982854638998513,0,88.8775510204082,0.201036969319436,1.00370483803115,1.00370483803115,0,83.74,0.372060614834434,0.979226762447881,0.540333916850879
2017-12-05,0.952090975340526,0.952090975340526,0,82.8775510204082,0.213155802080115,0.956666636053303,0.956666636053303,0,80.82,0.413185651816303,0.995217079241257,0.515883843359793
2017-12-06,0.999785511603544,0.999785511603544,0,88.1020408163265,0.225894748608911,0.963756651679915,0.963756651679915,0,88.7,0.397841910858303,1.03738377303112,0.567800280572668
2017-12-07,0.961849164752563,0.961849164752563,0,86.6938775510204,0.223381946257077,0.993390340361701,0.993390340361701,0,81.52,0.398574368988607,0.968248960828778,0.56045236130942
2017-12-08,1.01668450206552,1.01668450206552,0,80.0408163265306,0.196761981410612,0.997848344943035,0.997848344943035,0,81.64,0.347210493393912,1.01887677342749,0.566693648821796
2017-12-11,0.970477923282707,0.970477923282707,0,76.8775510204082,0.201221919581936,0.999805995393805,0.999805995393805,0,80.08,0.322981412657427,0.970666237003764,0.623013931130966
2017-12-12,0.976503392958063,0.976503392958063,0,75,0.186018454775754,1.01232011395921,1.01232011395921,0,76.22,0.333598660740157,0.964619174797321,0.557611515475012
2017-12-13,0.963579989572431,0.963579989572431,0,81.7142857142857,0.191964271361549,0.948421196263459,0.948421196263459,0,79.98,0.325163511032121,1.01598318697293,0.590362278818505
2017-12-14,1.00090359771276,1.00090359771276,0,76.3958333333333,0.212831060279797,0.974306124919043,0.974306124919043,0,82.8,0.299872947586262,1.02729888698578,0.70973744711858
2017-12-15,0.953353368740955,0.953353368740955,0,82.5625,0.202070506083215,0.9312350572085,0.9312350572085,0,88.1,0.319484642693869,1.02375158813153,0.632488949638933
2017-12-18,0.978213879895242,0.978213879895242,0,85.8541666666667,0.192115748865058,0.913561005534443,0.913561005534443,0,88.98,0.268388532580127,1.0707701773271,0.715812061782862
2017-12-19,0.994397233641409,0.994397233641409,0,78.3125,0.203947258694537,0.944518229247974,0.944518229247974,0,81.98,0.260503701059317,1.05280893777259,0.782895820156113
2017-12-20,1.01309733674339,1.01309733674339,0,81.9583333333333,0.237891225214718,0.942745677929008,0.942745677929008,0,87.16,0.261074539103854,1.07462421781549,0.911200402886036
2017-12-21,1.02896148410404,1.02896148410404,0,79.3333333333333,0.197050424079702,0.939233545750509,0.939233545750509,0,91.1,0.248887339286423,1.09553314908683,0.791725383238294
2017-12-22,1.01143299156071,1.01143299156071,0,70.0833333333333,0.230200789490007,0.959519652927839,0.959519652927839,0,89.02,0.255433056923151,1.05410346570231,0.90121768992204
2017-12-25,1.00104883216464,1.00104883216464,0,75.6458333333333,0.214865401611,0.945787422698247,0.945787422698247,0,90.68,0.336909245784987,1.05842899592462,0.637754541613636
2017-12-26,0.974257347016433,0.974257347016433,0,83.625,0.227253914031125,0.996656759204545,0.996656759204545,0,80.16,0.247634958304382,0.9775254499794,0.917697224928129
2017-12-27,0.977943060383189,0.977943060383189,0,86.8541666666667,0.297142203789173,1.01307502074739,1.01307502074739,0,86.44,0.346342677512231,0.965321462236547,0.857942792160462
2017-12-28,0.948736781191884,0.948736781191884,0,87.8541666666667,0.257851272283946,0.997670962900411,0.997670962900411,0,91.08,0.36430100434223,0.950951582707924,0.707797313788673
2017-12-29,0.980892667279868,0.980892667279868,0,75.6666666666667,0.239115383053569,1.03408989687861,1.03408989687861,0,85.24,0.303805023680424,0.948556474868073,0.787068561792768
2018-01-02,0.921949932085097,0.921949932085097,0,68.4583333333333,0.278759589527972,1.03065326733658,1.03065326733658,0,83.66,0.348738588585992,0.894529674822269,0.799336805996265
2018-01-03,0.917460992706435,0.917460992706435,0,86.0416666666667,0.312374107817863,1.03313726041872,1.03313726041872,0,81.16,0.35751166482172,0.888033979468126,0.873745218840997
2018-01-04,0.946622988881895,0.946622988881895,0,81.6666666666667,0.310952431630483,1.01500212093846,1.01500212093846,0,86.02,0.346791767383722,0.932631537761373,0.896654594705003
2018-01-05,0.967556562908616,0.967556562908616,0,80.1458333333333,0.311442990114089,1.02691250659543,1.02691250659543,0,84.16,0.321556089535144,0.942199609698394,0.968549501159578
2018-01-08,0.926669920587057,0.926669920587057,0,76.5,0.279443948984239,1.0214286064132,1.0214286064132,0,81.44,0.347457448794514,0.907229261809207,0.804253729352346
2018-01-09,0.936113919705811,0.936113919705811,0,84.7708333333333,0.269379822115333,1.02621258535459,1.02621258535459,0,83.2,0.357186162372504,0.912202727841576,0.754172055059629
2018-01-10,0.928503130641507,0.928503130641507,0,77.1041666666667,0.2236799228224,1.02276916896114,1.02276916896114,0,78.76,0.303926998093772,0.907832538191011,0.735965953091759
2018-01-11,0.966375666477991,0.966375666477991,0,83.4166666666667,0.246438114253933,1.01405772523901,1.01405772523901,0,79.9,0.337260859209221,0.952978950236995,0.730704757236755
2018-01-12,0.988123407854791,0.988123407854791,0,73.4166666666667,0.276595581782269,0.982281901993671,0.982281901993671,0,81.16,0.319887630899115,1.00594687314229,0.864664823096898
2018-01-15,0.923865032495675,0.923865032495675,0,79.7083333333333,0.305762193040275,0.979997020539577,0.979997020539577,0,83.44,0.305734263553991,0.942722287040224,1.00009135216302
2018-01-16,0.946727449016966,0.946727449016966,0,82.2083333333333,0.323588353105802,0.986279207617564,0.986279207617564,0,82.54,0.354718068681467,0.959898010324948,0.9122409645176
2018-01-17,0.942145170607451,0.942145170607451,0,84.1041666666667,0.256198668273944,1.03091004635485,1.03091004635485,0,82.42,0.342241746931867,0.913896584807511,0.748589763144669
2018-01-18,0.945282599958298,0.945282599958298,0,73.7916666666667,0.302708023792388,1.01325958990989,1.01325958990989,0,84.24,0.301803421217991,0.932912561964862,1.00299732379025
2018-01-19,0.968445371468911,0.968445371468911,0,87.5208333333333,0.290100298606953,1.05501838430314,1.05501838430314,0,76.86,0.365395584653749,0.917941702133078,0.793934877132832
2018-01-22,0.954722591376564,0.954722591376564,0,78.6041666666667,0.272769230449896,1.01070459919423,1.01070459919423,0,79.6,0.381771357536006,0.944610910188501,0.714483224227135
2018-01-23,0.974641764752701,0.974641764752701,0,86.7708333333333,0.287740256676655,1.0148630175383,1.0148630175383,0,85.8,0.321021120870255,0.960367801279069,0.896328116656688
2018-01-24,0.952596717780946,0.952596717780946,0,80.5416666666667,0.258549577294429,1.04540000545883,1.04540000545883,0,77.92,0.354403142551667,0.911227006702421,0.729535227687028
2018-01-25,0.933589105836259,0.933589105836259,0,85,0.201004777054567,1.03071306336811,1.03071306336811,0,82.12,0.349073874282499,0.905770130423618,0.575823033069205
2018-01-26,0.945473586985137,0.945473586985137,0,85.3125,0.211778145532014,1.02144490268748,1.02144490268748,0,82.38,0.350083165879837,0.925623677300209,0.60493667268967
2018-01-29,0.960464396528565,0.960464396528565,0,77.2708333333333,0.267829571817962,0.99584967351534,0.99584967351534,0,88.96,0.30083599095899,0.964467250501911,0.890284340527836
2018-01-30,0.962764867724964,0.962764867724964,0,83.1041666666667,0.283116499554428,1.00061278898357,1.00061278898357,0,90.32,0.290687517905478,0.962175257327011,0.973954786894182
2018-01-31,0.913259046418248,0.913259046418248,0,85.5833333333333,0.22581906263141,1.01760801409355,1.01760801409355,0,91.7,0.344249877790306,0.897456617646379,0.655974271017648
2018-02-01,0.962717841788083,0.962717841788083,0,80.2916666666667,0.276666831509448,1.07036738921838,1.07036738921838,0,80.2,0.309641306829647,0.899427478345631,0.893507504997258
2018-02-02,0.916726071169581,0.916726071169581,0,79.7083333333333,0.238739362300593,1.05871725600169,1.05871725600169,0,80.82,0.282106246181599,0.865883753167162,0.846274641316911
2018-02-05,0.903472784303961,0.903472784303961,0,86.25,0.257953568655507,1.0561943727164,1.0561943727164,0,84.54,0.286087179927123,0.855403898792171,0.901660706086926
2018-02-06,0.95783262454586,0.95783262454586,0,83.875,0.292729497331728,1.10361730459135,1.10361730459135,0,84.62,0.423991661183216,0.867902868649317,0.690413336231237
2018-02-07,0.958558261928578,0.958558261928578,0,85,0.284590835581828,1.0560622345443,1.0560622345443,2.07177640008369e-05,93.82,0.28823363881601,0.907672133870217,0.987361630484402
2018-02-08,0.954180051358276,0.954180051358276,0,80.2083333333333,0.27585966375097,1.08503595805951,1.08503595805951,0,85.44,0.38644067898197,0.87939947452501,0.71384737361938
2018-02-09,0.919279398880358,0.919279398880358,0,90.4791666666667,0.318680144852811,1.11517079436315,1.11517079436315,0,88.46,0.327279668042841,0.824339557247227,0.973724236395572
2018-02-12,0.907717118838545,0.907717118838545,0,88.8125,0.319855973840298,1.11058053133682,1.11058053133682,0,91.02,0.2548151610503,0.817335702568018,1.25524702895194
2018-02-13,0.928876488422844,0.928876488422844,0,76.7708333333333,0.3173895033288,1.11561958144614,1.11561958144614,2.04875795658229e-05,94.18,0.382455513614039,0.832610420138712,0.829872997069925
2018-02-14,0.938814106371021,0.938814106371021,0,91.7708333333333,0.312357822763657,1.11501337861019,1.11501337861019,0.00135540366807851,99.58,0.26088363049585,0.841975642966016,1.19730709883932
2018-02-22,0.978761874792952,0.978761874792952,0,98.9574468085106,0.30428828109218,1.13435726516873,1.13435726516873,0.00131478442481561,98.06,0.318562636536262,0.862833875046739,0.955191369586567
2018-02-23,0.93725081590956,0.93725081590956,0,81.2127659574468,0.333114952476044,1.14029939832579,1.14029939832579,0,82.68,0.347993313960348,0.821933973906894,0.957245266252445
2018-02-26,0.952823205268148,0.952823205268148,0,91.5,0.319660684674963,1.13456196704206,1.13456196704206,1.95770441768963e-05,91.96,0.311554012598218,0.839815922749702,1.02602011769689
2018-02-27,0.954555880999373,0.954555880999373,0,94.625,0.324147111639507,1.13137852651379,1.13137852651379,0.00142330382782199,95.34,0.302295498391211,0.843710445822871,1.0722856058545
2018-02-28,0.936217385465922,0.936217385465922,0,90.375,0.383705784614386,1.15736755106176,1.15736755106176,2.22816712939113e-05,92.8,0.266988919072249,0.808919676905612,1.43715996134863
2018-03-01,0.957009480809802,0.957009480809802,0,85.1666666666667,0.373025839879544,1.14735954907085,1.14735954907085,2.28065560442713e-05,91.9,0.266595175267942,0.834097281523305,1.39922202082102
2018-03-02,0.933503813973294,0.933503813973294,0,91.9166666666667,0.344100702772244,1.17261701019507,1.17261701019507,0.00142705598016461,100.96,0.366576744556563,0.796085853997631,0.93868666761306
2018-03-05,0.959807295148001,0.959807295148001,0,83.6666666666667,0.282156060416949,1.16878288907684,1.16878288907684,0.00147964215984637,95.02,0.172396112341836,0.821202384222189,1.63667298864301
2018-03-06,0.989721663100038,0.989721663100038,0,90.3958333333333,0.310939623933968,1.1527038038762,1.1527038038762,2.52577269916168e-05,89.84,0.0692396904687789,0.858608828887261,4.49077143223474
2018-03-07,0.985087714049331,0.985087714049331,0,85.5625,0.24033271788701,1.18934355567019,1.18934355567019,0.00144819833736776,94.74,0.132741163022685,0.828261698945549,1.81053647877063
2018-03-08,1.01368731307082,1.01368731307082,0,80.75,0.225115327484922,1.21566868171535,1.21566868171535,2.89812446295537e-05,84.74,0.146340544957601,0.833851631054996,1.5382977256928
2018-03-09,1.00990133865845,1.00990133865845,0,79.8297872340426,0.315397098468832,1.2214128520292,1.2214128520292,0.00157296662792606,88.72,-0.0148044297562761,0.826830450474344,-21.3042382355271
2018-03-12,1.02044741744942,1.02044741744942,0,87.6595744680851,0.274062199425539,1.23951552926342,1.23951552926342,0.00152633204695172,89.22,0.189145529473916,0.823263116401467,1.44894886063555
2018-03-13,0.958089996425011,0.958089996425011,0,86.7234042553192,0.288049763256393,1.23902912061061,1.23902912061061,0.000607216123200926,89.32,0.0460275503643415,0.773258659128893,6.25820320604224
2018-03-14,0.965857891730826,0.965857891730826,0,90,0.275215259474251,1.23063990406164,1.23063990406164,0.000602181413589186,88.96,-0.0610260961207409,0.784842006620364,-4.50979625060293
2018-03-15,0.998011485138228,0.998011485138228,0,87.5744680851064,0.258583575839699,1.27287326728014,1.27287326728014,0.00154987259624267,91.74,0.121535895789666,0.784061941430169,2.1276312990461
2018-03-16,0.981572032014131,0.981572032014131,0,70.8936170212766,0.234581017077309,1.27565091621852,1.27565091621852,2.02828304945478e-05,88.42,0.124453981094208,0.769467586731217,1.88488158446083
2018-03-19,0.999255123966863,0.999255123966863,0,85.1489361702128,0.32930128509457,1.24484568707936,1.24484568707936,4.31107472882273e-05,86.88,0.372118769333074,0.802714050695956,0.884935972686237
2018-03-20,1.01246469968546,1.01246469968546,0,79.7872340425532,0.271189217344226,1.22688428930722,1.22688428930722,4.61731670393485e-05,82.72,0.302741916347667,0.825232426977416,0.89577690666658
2018-03-21,1.01958938667269,1.01958938667269,0,86.7659574468085,0.3592584120495,1.18235221365797,1.18235221365797,0.00147757243550113,89.58,0.239042349657433,0.862339812870375,1.5029069642444
2018-03-22,0.995268961822246,0.995268961822246,0,67.8085106382979,0.337603329532332,1.18558511095813,1.18558511095813,0.00145393539835092,95.54,0.274994579568944,0.839474916328802,1.22767266926325
2018-03-23,0.995968087268335,0.995968087268335,0,89.2765957446808,0.217917773135406,1.17328827509684,1.17328827509684,0.00159721191078827,96.96,0.316728784175227,0.848869036201805,0.688026425204365
2018-03-26,0.988626155880569,0.988626155880569,0,95.0425531914894,0.223065971418058,1.18046866330456,1.18046866330456,2.28517910947259e-05,92.64,0.351539027224518,0.837486149876306,0.634541129555986
2018-03-27,1.0155171561838,1.0155171561838,0,89.2553191489362,0.350327724208277,1.18138886773014,1.18138886773014,0.00141589530765007,94.54,0.3303545487247,0.859596009343614,1.0604598167656
2018-03-28,1.01699069536782,1.01699069536782,0,84.7234042553192,0.343515781726594,1.17656670325995,1.17656670325995,0.00143327752532982,96.34,0.460303753286596,0.864371473839957,0.74628064462623
2018-03-29,1.00683819368836,1.00683819368836,0,79.2340425531915,0.438344814334595,1.18073117602053,1.18073117602053,0.00147126351228573,91.56,0.349471565453687,0.852724323822591,1.25430752503578
2018-03-30,1.02222614786651,1.02222614786651,0,84.468085106383,0.367959263910748,1.15794764961989,1.15794764961989,2.21075032483521e-05,89.64,0.373746443286802,0.882791331889713,0.984515760671432
2018-04-02,1.00132467436644,1.00132467436644,0,71.1276595744681,0.388773050201495,1.12401811706064,1.12401811706064,2.3746383955176e-05,94.06,0.395714236686032,0.890843892254107,0.982459093353156
2018-04-03,1.00713358690981,1.00713358690981,0,70.9148936170213,0.359643905589713,1.18122645854291,1.18122645854291,0.00115921772602681,92.04,0.30772702883239,0.852616853970701,1.16871081150821
2018-04-04,0.986617069228062,0.986617069228062,0,79.4375,0.375151861832564,1.21582042735604,1.21582042735604,0.00145166769507834,93.5,0.369507228127705,0.811482556987126,1.01527611173795
2018-04-09,1.049174161597,1.049174161597,0,83.875,0.357624161479512,1.21317326862444,1.21317326862444,0,86.88,0.370553062612219,0.864818067403193,0.965109177504661
2018-04-10,1.02707637695271,1.02707637695271,0,77.5625,0.394650643564053,1.19862419509007,1.19862419509007,1.87293940970288e-05,91.16,0.356697682182812,0.85687939652806,1.10640091953777
2018-04-11,0.99369984126046,0.99369984126046,0,83.1458333333333,0.400062484175389,1.1695376055969,1.1695376055969,2.12222526182492e-05,91.42,0.392767260687065,0.849651893624495,1.01857390933135
2018-04-12,1.01346141039325,1.01346141039325,0,78.8125,0.358768468127515,1.17666737780439,1.17666737780439,2.45444922701839e-05,91.9,0.396524713554976,0.861298128519827,0.904782112850007
2018-04-13,0.991211306489435,0.991211306489435,0,84.5208333333333,0.404298910646712,1.1795971646052,1.1795971646052,2.11952404817292e-05,92.8,0.317184306278197,0.840296447152941,1.27464979396588
2018-04-16,0.970046015010628,0.970046015010628,0,77.0833333333333,0.39143862830798,1.23906711713385,1.23906711713385,0,85.76,0.363063215291071,0.782884156634304,1.07815557132154
2018-04-17,1.0176000817713,1.0176000817713,0,76.4166666666667,0.386524363547825,1.20102350751376,1.20102350751376,0,88,0.357791773157757,0.847277405816841,1.08030534111079
2018-04-18,0.950644972340538,0.950644972340538,0,79.9166666666667,0.310413784324122,1.188693168661,1.188693168661,1.98921415612413e-05,90.66,0.37287923245176,0.799739577380923,0.832478071473933
2018-04-19,0.962624030614613,0.962624030614613,0,78.7083333333333,0.342047067418248,1.19025897375861,1.19025897375861,2.1767796999997e-05,92.66,0.358856097942826,0.808751752213077,0.953159412307784
2018-04-20,0.992937841690226,0.992937841690226,0,79.25,0.416391874563582,1.17832447036115,1.17832447036115,2.01219420180834e-05,94.6,0.416040064809271,0.842669287336361,1.0008456150839
2018-04-23,0.994756421738719,0.994756421738719,0,69.0208333333333,0.387439755041524,1.24116356580437,1.24116356580437,2.3035061575891e-05,90.24,0.444669961821373,0.801470852952438,0.871297340289338
2018-04-24,0.979666981316121,0.979666981316121,0,74.3333333333333,0.325576925907962,1.22127868222214,1.22127868222214,2.16048183376538e-05,89.98,0.454435282844153,0.802164973135856,0.716442886807312
2018-04-25,0.973374957688732,0.973374957688732,0,71.6666666666667,0.25351427934259,1.24756059713478,1.24756059713478,2.22643900518611e-05,90.64,0.473765815315402,0.780222587924177,0.535104625845192
2018-04-26,1.00285123327006,1.00285123327006,0,81.8125,0.251400979563748,1.2395263634276,1.2395263634276,2.20009976977542e-05,90.12,0.411545393511281,0.809060027167902,0.610870595388785
2018-04-27,1.07324611749815,1.07324611749815,0,74.8333333333333,0.207059598529734,1.21592614784201,1.21592614784201,2.17304576154632e-05,95.54,0.379728114671832,0.882657322077427,0.545283824213751
2018-05-02,1.03585487732742,1.03585487732742,0,85.9791666666667,0.311065268420712,1.23708172486944,1.23708172486944,2.10143373714156e-05,90.74,0.379646392079763,0.837337466477198,0.819355260342781
2018-05-03,1.05963961528188,1.05963961528188,0,81.9166666666667,0.284131305518745,1.19515855798801,1.19515855798801,2.21087466786314e-05,88.98,0.345573793032491,0.886610072111046,0.822201542036581
2018-05-04,1.05345913559995,1.05345913559995,0,82.1875,0.306426984498953,1.20790185588215,1.20790185588215,2.21630644074322e-05,92.34,0.221733151562238,0.872139677962987,1.38196287898313
2018-05-07,1.05626553763673,1.05626553763673,0,76.2291666666667,0.26742911696029,1.20419197095739,1.20419197095739,2.0688143900539e-05,88.3,0.490707293857377,0.877157100455464,0.544987042801157
2018-05-08,1.04114814052423,1.04114814052423,0,78.6041666666667,0.326223384482086,1.23298733565984,1.23298733565984,2.2214260398762e-05,86.1,0.455313111076323,0.844411057934392,0.716481420249288
2018-05-09,1.04982993255075,1.04982993255075,0,73.2083333333333,0.284009245730672,1.19155753659688,1.19155753659688,2.25892426698373e-05,88.64,0.41453022590735,0.881056852318761,0.685135191550905
2018-05-10,1.05612171281293,1.05612171281293,0,69.375,0.292230875401577,1.17286619546882,1.17286619546882,2.15348451930032e-05,88.16,0.309612194920306,0.900462232514745,0.943860998358922
2018-05-11,1.05852228296959,1.05852228296959,0,79.5625,0.280586809097889,1.13330447930008,1.13330447930008,2.36187669698777e-05,86.02,0.454582423717429,0.934014029154218,0.61724077847828
2018-05-14,1.07632748799735,1.07632748799735,0,74.3333333333333,0.273053935768428,1.08574383945042,1.08574383945042,2.45558663212685e-05,91.22,0.419768628199722,0.99132728079044,0.650486762051477
2018-05-15,1.03905848558071,1.03905848558071,0,74,0.253033097091547,1.13087524226381,1.13087524226381,2.44877996257791e-05,88.74,0.37919402300354,0.918809119475198,0.667291892122426
2018-05-16,1.01171504980275,1.01171504980275,0,76.875,0.237456165682814,1.10677527872074,1.10677527872074,2.39725109211987e-05,87.72,0.415567883674712,0.914110632261435,0.571401628978346
2018-05-17,1.04101867025763,1.04101867025763,0,80.5416666666667,0.253873032876626,1.09435996764801,1.09435996764801,2.3246256260018e-05,90.24,0.354658349537224,0.951257996484449,0.715824209997854
2018-05-18,1.05932792273927,1.05932792273927,0,85.1041666666667,0.132245776795127,1.12907693515006,1.12907693515006,2.38076763944359e-05,81.34,0.329899994622373,0.938224747810016,0.400866259323541
2018-05-21,1.05589737628509,1.05589737628509,0,78.7916666666667,0.363586172735547,1.10943717994218,1.10943717994218,2.23899315641926e-05,88.7,0.266530434493643,0.951741473401968,1.36414504942481
2018-05-22,0.967455015122402,0.967455015122402,0,76.7708333333333,0.326920994848936,1.09107622489159,1.09107622489159,0,80.16,0.313289227219744,0.886697916287681,1.0435117662684
2018-05-23,0.987915392079287,0.987915392079287,0,77.8541666666667,0.320658445739941,1.10217307614305,1.10217307614305,1.37738541449014e-05,87.42,0.296259452894509,0.896334172429977,1.08235684163678
2018-05-24,0.964760120772834,0.964760120772834,0,87.8125,0.32811457459265,1.12690854513969,1.12690854513969,1.42214913366478e-05,89.02,0.255078797871397,0.856112170711464,1.28632633261066
2018-05-25,0.974972591896994,0.974972591896994,0,85.7916666666667,0.27923129639091,1.09578350644471,1.09578350644471,1.44253218956471e-05,86.88,0.216657674179941,0.889749285477306,1.28881332012731
2018-05-28,0.993068465138856,0.993068465138856,0,87.9166666666667,0.29666165650061,1.07295613047963,1.07295613047963,1.27399328457829e-05,90.06,0.2282906856658,0.925544332082749,1.29949084709877
2018-05-29,1.03196347664231,1.03196347664231,0,83.4791666666667,0.355851921508335,1.05827181077765,1.05827181077765,1.33436271940275e-05,90.62,0.221827151534901,0.975140286392007,1.60418559696624
2018-05-30,1.05615736907748,1.05615736907748,0,83.1875,0.227915919292048,1.07507492399585,1.07507492399585,2.18126868871443e-05,89.3,0.231040334292135,0.98240350091317,0.98647675519662
2018-05-31,1.02012208309972,1.02012208309972,0,79.2916666666667,0.318960815128037,1.0827391672496,1.0827391672496,1.99793005278861e-05,89.46,0.235611616142662,0.942167895977248,1.35375674743858
2018-06-01,1.03029315457164,1.03029315457164,0,83.2083333333333,0.251499069931407,1.05643122009467,1.05643122009467,1.864258351642e-05,87.34,0.222489903299838,0.975258147406243,1.13038419362552
2018-06-04,1.00409127725972,1.00409127725972,0,85.734693877551,0.249387285166519,1.11183112373849,1.11183112373849,0,86.68,0.209717850243947,0.903096932458144,1.18915621572712
2018-06-05,1.00063304662923,1.00063304662923,0,74.1224489795918,0.241842247421981,1.08791621958847,1.08791621958847,0,89.06,0.225516585426993,0.919770317431008,1.07239228974701
2018-06-06,0.979081948496402,0.979081948496402,0,74.9591836734694,0.291771902684834,1.07297786829301,1.07297786829301,0,88.38,0.226366953219446,0.912490348057239,1.28893329408371
2018-06-07,0.998877249856028,0.998877249856028,0,72.4897959183673,0.26833246080581,1.085955843999,1.085955843999,0,87.36,0.233550216300823,0.919813872153119,1.14892833351174
2018-06-08,1.02507635377091,1.02507635377091,0,73.3877551020408,0.255363046367713,1.07712685253058,1.07712685253058,2.07836740183497e-05,90.24,0.276318089416649,0.951676537784406,0.924163332581026
2018-06-11,0.9872728067755,0.9872728067755,0,75.3877551020408,0.291148223866782,1.10221899521195,1.10221899521195,2.06481415070863e-05,85.96,0.25540513621812,0.8957138382338,1.13994662823905
2018-06-12,1.00398890159454,1.00398890159454,0,79.6326530612245,0.2628147486927,1.08381671403432,1.08381671403432,0,89.36,0.267189626531907,0.926345652907828,0.983626318521445
2018-06-13,0.991451693403189,0.991451693403189,0,78.8775510204082,0.252011756879066,1.10557087299705,1.10557087299705,0,86.38,0.242822800273581,0.896778051610119,1.03784223143433
2018-06-14,1.00521261224519,1.00521261224519,0,80.2244897959184,0.281659267792871,1.124094306434,1.124094306434,0,86.3,0.246332227166654,0.894242241502017,1.14341217563188
2018-06-15,1.03001431009484,1.03001431009484,0,83.530612244898,0.319782423061869,1.10977418566856,1.10977418566856,2.05737086154952e-05,88.6,0.248840487326467,0.928129635196308,1.28509000483643
2018-06-19,1.05801222130995,1.05801222130995,0,89.6122448979592,0.263919137276079,1.04664379630126,1.04664379630126,0,86.66,0.286840582059162,1.01086178989344,0.920089951643051
2018-06-20,1.04829806837871,1.04829806837871,0,87.1632653061225,0.298561861848279,1.09633441006887,1.09633441006887,0,84.22,0.280500407574833,0.956184589985507,1.06439011775278
2018-06-21,1.02189992348667,1.02189992348667,0,78.469387755102,0.19237165745057,1.05975800168006,1.05975800168006,0,85.94,0.269896963402995,0.964276676247442,0.712759621394225
2018-06-22,1.01548750312622,1.01548750312622,0,85.7551020408163,0.270947318311637,1.08252726177104,1.08252726177104,0,86.42,0.276000351969497,0.938071066649035,0.981691930384135
2018-06-25,1.04111429488196,1.04111429488196,0,80.7551020408163,0.345150104175679,1.08999950499089,1.08999950499089,0,80.66,0.282224298489325,0.955151163018803,1.2229638129076
2018-06-26,1.04230779718874,1.04230779718874,0,83.469387755102,0.322759231678246,1.09812090897585,1.09812090897585,0,83.06,0.283627407246047,0.949173983182634,1.13796912227968
2018-06-27,1.04234948281219,1.04234948281219,0,87.5714285714286,0.275407762101727,1.04783991895535,1.04783991895535,0,89.02,0.301255480859157,0.994760233845043,0.91420000498011
2018-06-28,1.00379383797039,1.00379383797039,0,85.1428571428571,0.255158052703308,1.09434984898229,1.09434984898229,0,82.8,0.326254760421803,0.917251314928118,0.782082236511808
2018-06-29,1.02444674389117,1.02444674389117,0,82.6326530612245,0.209713079753991,1.13106419809598,1.13106419809598,0,86.44,0.365751814391447,0.905737044471671,0.573375364119301
2018-07-02,1.02597936891676,1.02597936891676,0,84.5510204081633,0.328016101885744,1.0939962774855,1.0939962774855,0,86.68,0.348457038086478,0.937827111509856,0.941338719077154
2018-07-03,1.05213636029104,1.05213636029104,0,87.3061224489796,0.341924837235416,1.12918233813227,1.12918233813227,0,84.48,0.374649983065382,0.931768346670511,0.912651415163003
2018-07-04,1.04204370661879,1.04204370661879,0,79.7142857142857,0.340550482845136,1.07677880082403,1.07677880082403,1.91325051518159e-05,91.08,0.340080121828088,0.96774166228137,1.00138308882777
2018-07-05,1.02103852782653,1.02103852782653,0,85.9591836734694,0.282333881984743,1.09729357139905,1.09729357139905,7.6068404056074e-06,90.8,0.286801964014803,0.930506251417026,0.98442102010909
2018-07-06,1.01051413326815,1.01051413326815,0,82.3061224489796,0.163383131044812,1.09290619052063,1.09290619052063,2.62299256047948e-05,89.8,0.333397779816785,0.9246119584946,0.490054646238488
2018-07-09,1.04460691323324,1.04460691323324,0,79.6734693877551,0.181387249694395,1.09133410114519,1.09133410114519,0,86.36,0.3321006373288,0.957183425439643,0.546181576624951
2018-07-10,1.0463282547929,1.0463282547929,0,81.5714285714286,0.145406968334066,1.12634877027893,1.12634877027893,0,84.48,0.337640257009166,0.928955828250062,0.430656491089327
2018-07-11,1.01583910004345,1.01583910004345,0,85.1224489795918,0.196098540245173,1.11722022468369,1.11722022468369,0,82.62,0.312415175361164,0.909255917141185,0.627685707067447
2018-07-12,1.03074388469178,1.03074388469178,0,81.9795918367347,0.237347382702734,1.08340978896666,1.08340978896666,0,85.46,0.342753065162247,0.951388749842196,0.69247340673783
2018-07-13,1.05414720020883,1.05414720020883,0,76,0.137067034877308,1.13695860932602,1.13695860932602,0,86.76,0.361608606502098,0.927164095123671,0.379048043693377
2018-07-16,1.07092299381721,1.07092299381721,0,75.8541666666667,0.150083436567637,1.13381480877685,1.13381480877685,0,83.72,0.354119703395645,0.944530787150782,0.423821196980826
2018-07-17,1.04853227837204,1.04853227837204,0,81.9375,0.152802265251365,1.11647402398456,1.11647402398456,2.32004300943959e-05,95.26,0.311061006610777,0.939146147466962,0.491229250867059
2018-07-18,1.08860901019016,1.08860901019016,0,85.9583333333333,0.0938771806890939,1.09638663744448,1.09638663744448,0,91.1,0.350626720100554,0.992906127283302,0.267741091329752
2018-07-19,1.04483459152318,1.04483459152318,0,88.9791666666667,0.127723109878477,1.06104230922642,1.06104230922642,0,90.1,0.324389075946823,0.98472472062395,0.393734312740589
2018-07-20,1.0464714388911,1.0464714388911,0,81.0416666666667,0.140412307410242,1.06819307583642,1.06819307583642,0,89.24,0.356358250449166,0.979665064830803,0.394020082973418
2018-07-23,1.08457660820086,1.08457660820086,0,86.0625,0.208248358208406,1.05151432381525,1.05151432381525,0,87.78,0.334907079163465,1.03144254304178,0.621809364939587
2018-07-24,1.04955792371145,1.04955792371145,0,84.3125,0.169962264144158,1.08027757692436,1.08027757692436,0,88.52,0.467565399303431,0.971563185361704,0.363504793976125
2018-07-25,1.10743261271487,1.10743261271487,0,86.3958333333333,0.199378798108193,1.06630151907883,1.06630151907883,0,88.42,0.391001112929847,1.03857360502644,0.509918748348844
2018-07-26,1.09214817856987,1.09214817856987,0,86.5416666666667,0.168183044209488,1.05573050994677,1.05573050994677,0,88.72,0.492178017896276,1.03449523176605,0.341711815835163
2018-07-27,1.08280907354338,1.08280907354338,0,79.375,0.20268608689482,1.043493410846,1.043493410846,0,86.56,0.381176683757717,1.03767696306343,0.531737893558178
2018-07-30,1.02417594581807,1.02417594581807,0,74.4583333333333,0.249183436652868,1.04978566725344,1.04978566725344,0,86.74,0.44441504405541,0.97560480940612,0.560699823253057
2018-07-31,0.989595713223202,0.989595713223202,0,74.4791666666667,0.257062426244787,1.01725990460017,1.01725990460017,0,86.24,0.395994022613855,0.972805188475562,0.649157339668877
2018-08-01,1.06907331980049,1.06907331980049,0,82.4375,0.220273226520675,1.01918081325778,1.01918081325778,0,82.44,0.402907887262229,1.04895353787444,0.546708648513778
2018-08-02,1.00525975598888,1.00525975598888,0,90.3958333333333,0.220508463882485,1.02938118029034,1.02938118029034,0,85.34,0.431975210363256,0.976567063043982,0.510465551245533
2018-08-03,1.0354568755439,1.0354568755439,0,81.7291666666667,0.202366825931303,0.986570088306314,0.986570088306314,1.74078153836098e-05,94,0.378438804468512,1.04955226984584,0.534741214541971
2018-08-06,1.00590169915625,1.00590169915625,0,85.7708333333333,0.397010176864492,1.00891646226059,1.00891646226059,0,85.22,0.311407534037006,0.997011880351727,1.27488944059174
2018-08-07,0.978451220142117,0.978451220142117,0,97.8333333333333,0.245758908872113,1.02720319479562,1.02720319479562,1.80499090444321e-05,92.4,0.384928983778427,0.952539113098067,0.638452595748355
2018-08-08,1.02801647503477,1.02801647503477,0,84.5625,0.363029818045769,1.08558885677636,1.08558885677636,1.66691174462451e-05,90,0.410804210382943,0.946966679528605,0.883705202795658
2018-08-09,0.972128216936263,0.972128216936263,0,88.3958333333333,0.231687757329712,1.09477032267038,1.09477032267038,1.88732517801183e-05,89.78,0.4563784889166,0.887974579512747,0.507665814573594
2018-08-10,0.991678327499649,0.991678327499649,0,94.4583333333333,0.240000532984713,1.10919818814813,1.10919818814813,1.61499970317426e-05,86.68,0.419547245866781,0.894049718162008,0.57204649857461
2018-08-13,0.996007504952264,0.996007504952264,0,88.6666666666667,0.23502258163896,1.1085251149377,1.1085251149377,0,85.38,0.399267985344957,0.898497915411001,0.588633675289309
2018-08-14,1.00330591555805,1.00330591555805,0,92.8125,0.222482338979067,1.06340392914821,1.06340392914821,1.60671068529123e-05,92.2,0.431182882328768,0.943485243995388,0.515981380748387
2018-08-15,0.99333225579765,0.99333225579765,0,98.2083333333333,0.213007224177589,1.07399279498307,1.07399279498307,1.9079698008734e-05,86.02,0.453175910504999,0.92489657327106,0.470032098441029
2018-08-16,1.00620670402174,1.00620670402174,0,86.5625,0.199253447401272,1.09783459045152,1.09783459045152,0,92.8,0.389564481679319,0.916537621216602,0.511477449233406
2018-08-17,1.00788558951369,1.00788558951369,0,81.8541666666667,0.235446979751929,1.08476331852841,1.08476331852841,0,93.04,0.380618987558362,0.929129490551902,0.61858968534991
2018-08-20,0.992830596771598,0.992830596771598,0,95.125,0.221972375130266,1.10979898809266,1.10979898809266,0,86.46,0.438833263032407,0.894603984526888,0.505823951439784
2018-08-21,0.958108508488859,0.958108508488859,0,92.625,0.303233495796389,1.11655263592412,1.11655263592412,0,85.76,0.413578921705998,0.858095245725588,0.733193786921156
2018-08-22,0.942167633646725,0.942167633646725,0,88.6666666666667,0.282545330765974,1.08406968315648,1.08406968315648,0,86.02,0.325473076502938,0.869102464800433,0.868106615151694
2018-08-23,0.968649220174942,0.968649220174942,0,90.2291666666667,0.238302535348237,1.07027999899767,1.07027999899767,0,88.7,0.33760752485158,0.905042812238006,0.705856705809506
2018-08-24,0.966484415469684,0.966484415469684,0,84.7234042553192,0.263205884875034,1.10499916506817,1.10499916506817,0,87.74,0.277821635613199,0.874647190715354,0.947391603588014
2018-08-27,0.922177591122852,0.922177591122852,0,89.5625,0.270315344754473,1.09458766806374,1.09458766806374,0,85.72,0.364514954245308,0.84248856261475,0.741575459679383
2018-08-28,0.950290054009439,0.950290054009439,0,89.8541666666667,0.23440015672007,1.08115281679415,1.08115281679415,0,91.28,0.41987583307133,0.878959976099636,0.558260652930338
2018-08-29,0.992521881354139,0.992521881354139,0,88.0208333333333,0.308128772251362,1.05883487398006,1.05883487398006,0,95,0.367848489067646,0.937371733538904,0.837651319521113
2018-08-30,0.993983333138663,0.993983333138663,0,85,0.284275099839103,1.08220501223722,1.08220501223722,0,93.16,0.378293082734609,0.918479698300251,0.751467877192287
2018-08-31,1.04532139334967,1.04532139334967,0,80.25,0.303903449530452,1.05466982179388,1.05466982179388,0,97,0.379616437877526,0.991136156310701,0.800553978193375
2018-09-03,1.05727350594722,1.05727350594722,0.00130706977775245,95.7291666666667,0.309489655456687,1.0988674918704,1.0988674918704,0,97.86,0.340333051816395,0.962148315214612,0.909372903410077
2018-09-04,1.04313704033536,1.04313704033536,2.56371982457747e-05,90.7708333333333,-0.111271579178701,1.10553057331457,1.10553057331457,0,98.34,0.473046559415223,0.943562363189885,-0.235223313570347
2018-09-05,1.01079425334041,1.01079425334041,0,89.0833333333333,0.33648112654141,1.05744238399714,1.05744238399714,0,92.18,0.349839560199976,0.955885889044474,0.96181554295652
2018-09-06,1.01963625324858,1.01963625324858,0,87.25,0.41700799786011,1.06647610956667,1.06647610956667,0,91.14,0.415847457764081,0.956079788475406,1.00279078319312
2018-09-07,0.965697667594486,0.965697667594486,0,86.625,0.401027547800799,1.06394662064044,1.06394662064044,0,93.38,0.396085315505007,0.907656125655238,1.01247769635057
2018-09-10,0.982883554969223,0.982883554969223,0,84.9166666666667,0.454525221545876,1.10261072366995,1.10261072366995,1.89284523940951e-05,92.48,0.428095052797579,0.891414833784471,1.06173901934997
2018-09-11,1.01069968875383,1.01069968875383,0,81.7291666666667,0.411885216851226,1.09936724480161,1.09936724480161,2.1412592274494e-05,93.28,0.485145165466774,0.919346736527721,0.848993757270441
2018-09-12,1.02368270595428,1.02368270595428,0,89.8958333333333,0.364423782716184,1.16921449233813,1.16921449233813,0,86.68,0.45606618447947,0.875530292057167,0.799058985555172
2018-09-13,0.984125166312579,0.984125166312579,0,89.5,0.389924508060149,1.16883384498521,1.16883384498521,0,88.84,0.425877925087235,0.841971825623367,0.915578115443008
2018-09-14,0.981663169543068,0.981663169543068,0,92.7708333333333,0.385649880165887,1.16551007084991,1.16551007084991,0,86.16,0.255328401057774,0.842260563932511,1.51040729730111
2018-09-17,0.959339993077412,0.959339993077412,0,88.8367346938775,0.233523233097025,1.14450848495095,1.14450848495095,0,84.9,0.378342527442164,0.838211341979281,0.617227026197108
2018-09-18,0.942623208475452,0.942623208475452,0,86.4897959183673,0.349234476941637,1.16006136680383,1.16006136680383,0,84.02,0.376658844283029,0.812563227644192,0.927190433046663
2018-09-19,0.97518784550283,0.97518784550283,0,98.1836734693878,0.276475928682545,1.17217083075176,1.17217083075176,0,91.3,0.356785816110098,0.831950275436729,0.774907286665312
2018-09-20,0.95155420790043,0.95155420790043,0,88.1632653061225,0.30204624299131,1.15210948593628,1.15210948593628,0,80.26,0.182178700777531,0.825923420921346,1.65796682983351
2018-09-21,0.998754358980982,0.998754358980982,0,85.530612244898,0.395507736863667,1.13841460616812,1.13841460616812,0,82.74,0.321811451371273,0.877320401169803,1.22900454653918
2018-09-25,1.00431553123358,1.00431553123358,0,87.9387755102041,0.365309669174809,1.08869201983329,1.08869201983329,0,85.98,0.349575564121266,0.922497375692495,1.04500916731149
2018-09-26,1.02458486680342,1.02458486680342,0,85,0.351925226619357,1.11896488576833,1.11896488576833,0,84.38,0.18412830182112,0.915654172740096,1.911304362983
2018-09-27,1.03112535605581,1.03112535605581,0,89.2040816326531,0.329871930744867,1.10309291707954,1.10309291707954,0,81.68,0.19669466983044,0.934758387159017,1.67707610495613
2018-09-28,1.05243039052819,1.05243039052819,0,96.5714285714286,0.417625060114938,1.09108827617341,1.09108827617341,1.66837632883125e-05,85,0.207247797642103,0.964569424409186,2.01510011139485
2018-10-08,1.07480565443515,1.07480565443515,0,88.469387755102,0.388423869858676,1.08436719254096,1.08436719254096,1.6397256722583e-05,85.16,0.20474082964788,0.991182379758836,1.89714904704987
2018-10-09,1.08685950918073,1.08685950918073,0,91.6326530612245,0.317977803936066,1.05773665505751,1.05773665505751,0,86.24,0.18410160991115,1.02753318038472,1.72718643845388
2018-10-10,1.0785911556179,1.0785911556179,0,96.0204081632653,0.367863488177306,1.00790255053096,1.00790255053096,0,92.1,0.188928860859007,1.07013436472574,1.94710054623065
2018-10-11,1.0236073835518,1.0236073835518,0,91.1458333333333,0.251485750614146,1.0436263575307,1.0436263575307,2.27918350168424e-05,100.2,0.235404432849474,0.980817872378893,1.0683135723912
2018-10-12,1.01592363059621,1.01592363059621,0,92.7551020408163,0.263557239101772,1.11319362344462,1.11319362344462,2.18921768818434e-05,98.04,0.217623189573649,0.912620777913354,1.21107148377943
2018-10-15,0.968505279725317,0.968505279725317,0,100.166666666667,0.283617529579766,1.11019405826516,1.11019405826516,0,89.46,0.263302190775287,0.872374764136954,1.07715598090795
2018-10-16,0.99979071321985,0.99979071321985,0,103.854166666667,0.290272165047045,1.13470473246656,1.13470473246656,0,90.94,0.31821064193255,0.881102091683853,0.912201311949124
2018-10-17,0.976479662054762,0.976479662054762,0,97.6875,0.410772838967814,1.11499102878505,1.11499102878505,0.00131504800206475,102.42,0.337228683410557,0.875773559468708,1.21808392694675
2018-10-18,1.0538457435784,1.0538457435784,0,98.125,0.438994768571691,1.11235296892738,1.11235296892738,0,86.68,0.309692603205855,0.947402284181974,1.41751777093587
2018-10-19,1.03048414257507,1.03048414257507,0,107.083333333333,0.388800415812548,1.11827255905104,1.11827255905104,0,95.2,0.201204590914122,0.921496404641759,1.93236354123995
2018-10-22,1.02322445720055,1.02322445720055,0,107.291666666667,0.320630540712524,1.12051210890423,1.12051210890423,0,95.16,0.221269287526633,0.913175724804244,1.44905126371834
2018-10-23,1.04733686914351,1.04733686914351,0,102.916666666667,0.321802346681019,1.10213627627298,1.10213627627298,0,96.4,0.216023316650133,0.950278918942057,1.48966487354791
2018-10-24,1.03043461725597,1.03043461725597,0,100.0625,0.277608815816511,1.07813629085468,1.07813629085468,0,97.48,0.242122431698841,0.95575543277474,1.1465638019108
2018-10-25,1.03116527606469,1.03116527606469,0,100.458333333333,0.335896527922931,1.12727459839553,1.12727459839553,0,100.24,0.322515072196255,0.914741871707538,1.04149094687436
2018-10-26,1.04703313205304,1.04703313205304,2.24507505619446e-05,104.854166666667,0.33244104029742,1.12330986483876,1.12330986483876,0,94.74,0.302720744033026,0.932096445359122,1.09817727014159
2018-10-29,1.06493149664066,1.06493149664066,0,90.1458333333333,0.47818662292501,1.11151416562411,1.11151416562411,0,97.72,0.381106817797143,0.958090800437719,1.25473122125971
2018-10-30,1.06163026398864,1.06163026398864,0,105.9375,0.221470409223687,1.12528944915192,1.12528944915192,0,103.5,0.426686511912178,0.943428612779351,0.51904712954524
2018-10-31,1.07211703952777,1.07211703952777,2.26955451332193e-05,113.489795918367,0.238742356258385,1.12609299375314,1.12609299375314,0,96.6,0.468645444434046,0.952067942412571,0.509430656147099
2018-11-01,1.05494161998634,1.05494161998634,2.23578270166031e-05,107.0625,0.284836462338734,1.10119926462672,1.10119926462672,0,99.78,0.438899464303694,0.957993393088523,0.648978833434262
2018-11-02,1.044301173578,1.044301173578,2.13702706743529e-05,106.857142857143,0.405103132207238,1.09405045005096,1.09405045005096,0,99.34,0.424991997476645,0.954527438409587,0.953201788768978
2018-11-05,1.06598444091514,1.06598444091514,1.66127388114332e-05,109.551020408163,0.356774280294758,1.11992308424179,1.11992308424179,0,90.84,0.275080225985899,0.951837189459161,1.29698264939279
2018-11-06,1.07691031678372,1.07691031678372,0,96.9795918367347,0.397385290889733,1.16304803273365,1.16304803273365,0,93.48,0.405048238145231,0.925937954817333,0.981081395908331
2018-11-07,1.05427477877191,1.05427477877191,2.1731493612124e-05,101.040816326531,0.318395827796619,1.16680344968116,1.16680344968116,0,91.78,0.438055349816249,0.903558160596796,0.726839263417686
2018-11-08,1.07848620607701,1.07848620607701,0,88.25,0.311238376101932,1.14020398699198,1.14020398699198,0,90.92,0.465928652942537,0.945871281262759,0.667995784625671
2018-11-09,1.06976306347131,1.06976306347131,0,91.2291666666667,0.346757192192249,1.12045816967725,1.12045816967725,0,96.54,0.440484500314781,0.954755021135205,0.787217693118482
2018-11-12,1.05762757726372,1.05762757726372,1.72740137031473e-05,98.6734693877551,0.325380312465821,1.13463958830281,1.13463958830281,0,90.88,0.405362349886131,0.932126455102558,0.802690019330167
2018-11-13,1.03678110931335,1.03678110931335,2.05880561471695e-05,109,0.176819686549339,1.13336531833574,1.13336531833574,0,89.5,0.42603050988146,0.914781044152456,0.415039961805877
2018-11-14,1.06169416232263,1.06169416232263,2.07903270120077e-05,106.489795918367,0.164533203956159,1.168602610332,1.168602610332,0,94.82,0.353527147213285,0.908515994176162,0.465404722814385
2018-11-15,1.00952080036423,1.00952080036423,0,83.4285714285714,0.2798679271385,1.15084673118834,1.15084673118834,0,96.32,0.331706525169725,0.877198303654059,0.843721500489925
2018-11-16,1.01427892409747,1.01427892409747,0,86.54,0.220627684025935,1.18476471214212,1.18476471214212,0,98.2,0.354932131528339,0.856101564895194,0.621605271621679
2018-11-19,1.04961869389609,1.04961869389609,0,95.08,0.287522456866742,1.13712591508085,1.13712591508085,0,82.32,0.388573289933315,0.92304526699795,0.739943954758406
2018-11-20,1.00773639422323,1.00773639422323,0,98.4,0.265875202158795,1.12881755954513,1.12881755954512,0,81.28,0.443244977381738,0.892736284709559,0.599838048316596
2018-11-21,1.0041034206295,1.0041034206295,0,95.78,0.201527323592727,1.1240151753684,1.1240151753684,0,92.02,0.299664189263599,0.89331838451416,0.672510532833316
2018-11-22,1.04456213384502,1.04456213384502,0,88.62,0.243905191632615,1.07220212697622,1.07220212697622,0,83.62,0.353981476439861,0.974221284927732,0.689033771161336
2018-11-23,1.07763343971484,1.07763343971484,0,84.62,0.408855516339251,1.13120060656198,1.13120060656198,0,91.96,0.378720544993816,0.952645740696743,1.07957046889528
2018-11-26,1.06469971124659,1.06469971124659,0,84.06,0.263052539149749,1.1040096317695,1.1040096317695,0,76,0.438050900593196,0.964393498578537,0.600506787666755
2018-11-27,1.06690784215854,1.06690784215854,0,84.26,0.343552761994645,1.12059074002042,1.12059074002042,0,84.14,0.392221585880597,0.952094108986746,0.875914978578543
2018-11-28,1.05830136707787,1.05830136707787,0,93,0.379796211660047,1.13977584592029,1.13977584592029,0,82.3,0.325450609181887,0.928517103486579,1.16698571440617
2018-11-29,1.05868580495338,1.05868580495338,0,93.4489795918367,0.382657383574329,1.0976936581925,1.0976936581925,0,85.36,0.301245792486097,0.964463807412942,1.27024972005871
2018-11-30,1.03564559993448,1.03564559993448,0,88.18,0.37623186427202,1.10135726956279,1.10135726956279,0,91.68,0.269340022205092,0.940335737145129,1.39686579510836
2018-12-03,1.03167796866846,1.03167796866846,0,90.36,0.457016369275131,1.08189228904981,1.08189228904981,1.98046016510089e-05,95.48,0.43929935515805,0.953586580762618,1.04033016190226
2018-12-04,0.989566804566247,0.989566804566247,0,90.52,0.404267182369487,1.08565487005022,1.08565487005022,0,92.82,0.35956660996512,0.911492990880679,1.12431791819797
2018-12-05,1.0284310499341,1.0284310499341,0,86.36,0.374523582773427,1.1224256305697,1.1224256305697,0,93.16,0.387045460137956,0.916257631618855,0.967647528122239
2018-12-06,1.04023540338563,1.04023540338563,0,89.82,0.441779078308799,1.09388415629411,1.09388415629411,2.02439003810033e-05,107.98,0.340418371402653,0.950955727258884,1.29775333948195
2018-12-07,0.995383606203935,0.995383606203935,0,93.04,0.358508041754691,1.08577488233631,1.08577488233631,0,95.94,0.315002284024992,0.916749523678538,1.13811251516591
2018-12-10,1.01430890503148,1.01430890503148,0,83.04,0.368054272724686,1.06905740766877,1.06905740766877,0,101.78,0.391173881352586,0.948788061104524,0.940896849892026
2018-12-11,1.03153428311638,1.03153428311638,0,81.6,0.306523360686644,1.07733311348396,1.07733311348396,0,97.22,0.357925371812154,0.957488700760831,0.856389026390432
2018-12-12,1.00051876453557,1.00051876453557,0,87.66,0.289833702868745,1.10768124372103,1.10768124372103,0,96.22,0.392440765544797,0.903255128862286,0.738541273780234
2018-12-13,1.00723648029962,1.00723648029962,0,90.7,0.378086232657398,1.08082499674494,1.08082499674494,0,96.7,0.330191140804939,0.931914494328922,1.1450526253845
2018-12-14,0.985805670006271,0.985805670006271,0,92.42,0.395855587428349,1.06518866225752,1.06518866225752,0,98.66,0.385175923673969,0.925475181004077,1.02772671680128
2018-12-17,0.932114679065838,0.932114679065838,0,94,0.285542917524075,1.07775677012443,1.07775677012443,0,96.86,0.471412844087405,0.864865528943257,0.60571730512954
2018-12-18,0.932553347349463,0.932553347349463,0,97.4,0.393656900857738,1.1121374428108,1.1121374428108,1.56726154232029e-05,102.66,0.392699699773152,0.838523469718401,1.00243748870992
2018-12-19,0.957908853760557,0.957908853760557,0,95.28,0.389294292365243,1.07869714352747,1.07869714352747,0,101.92,0.422364677220509,0.888023908757265,0.921701821580122
2018-12-20,0.938032729152957,0.938032729152957,0,90.52,0.448978737187452,1.03910484265277,1.03910484265277,0,97.78,0.469959506564512,0.902731553784519,0.955356218814609
2018-12-21,0.915110045934908,0.915110045934908,0,90.74,0.274513422909121,1.06505335496146,1.06505335496146,0,96.82,0.47064452888009,0.859215213652859,0.583271250517525
2018-12-24,0.912184446774807,0.912184446774807,0,92.36,0.352062380443009,1.0993498309096,1.0993498309096,0,99.04,0.482451870710757,0.829749021765041,0.729735755660652
2018-12-25,0.936530609032874,0.936530609032874,0,88.18,0.342076682180167,1.08921899154267,1.08921899154267,0,91.62,0.452872265423559,0.859818472047074,0.755349153166253
2018-12-26,0.941309705499452,0.941309705499452,0,94.36,0.334044718157034,1.07287232315433,1.07287232315433,0,90.7,0.425655804544081,0.877373462978266,0.784776607275047
2018-12-27,0.935746399462607,0.935746399462607,0,88.8,0.363717086387001,1.09744962628263,1.09744962628263,0,99.74,0.460253045848219,0.852655444999554,0.790254599438211
2018-12-28,0.979726313794888,0.979726313794888,0,85.86,0.350729529192582,1.04110411489746,1.04110411489746,0,104.68,0.45230817712648,0.94104547256677,0.775421597329439
2019-01-02,0.954217621987926,0.954217621987926,0,86.36,0.30117282434911,1.08293703753432,1.08293703753432,0,113.7,0.384565105520012,0.881138597088278,0.783151721323913
2019-01-03,0.946854097148929,0.946854097148929,0,86.72,0.339444916437922,1.11735477771711,1.11735477771711,0,101.78,0.340939320029954,0.84740685414481,0.995616804797109
2019-01-04,0.952586211895908,0.952586211895908,0,87.16,0.395356320764001,1.1787690750685,1.1787690750685,0,86.18,0.302903231973865,0.808119445991194,1.30522318361434
2019-01-07,0.969894973552384,0.969894973552384,0,87.68,0.466677466505319,1.11690024017259,1.11690024017259,0,91.18,0.290709570400463,0.868381023360254,1.6053047922105
2019-01-08,0.944831738155516,0.944831738155516,0,85.18,0.385967776305896,1.11465741512576,1.11465741512576,0,96.44,0.286418904238393,0.847643164019966,1.34756390236256
2019-01-09,0.918175864862042,0.918175864862042,0,88.26,0.402811742480178,1.1105110043273,1.1105110043273,0,93.68,0.360690183780834,0.826804832445789,1.11678044092527
2019-01-10,0.92164495932788,0.92164495932788,0,85.48,0.360917941309924,1.18566304273932,1.18566304273932,0,95.46,0.296239372887515,0.777324523161775,1.21833211362815
2019-01-11,0.937418123585022,0.937418123585022,0,75.74,0.448499132384563,1.16685768171124,1.16685768171124,0,93.62,0.308818434677178,0.803369715328317,1.45230686391309
2019-01-14,0.948987747647109,0.948987747647109,0,76.04,0.371825002352699,1.11099812172492,1.11099812172492,0,89.56,0.270869788056718,0.854175834405302,1.37270754712165
2019-01-15,0.890483579804596,0.890483579804596,0,84.98,0.404868303977563,1.09901069747346,1.09901069747346,0,95.08,0.262130642452589,0.810259246658607,1.5445287135814
2019-01-16,0.870779616354858,0.870779616354858,0,81.86,0.437719235205375,1.02992465108302,1.02992465108302,0,98.1,0.281351309192325,0.845478953668299,1.55577465220238
2019-01-17,0.869260559607494,0.869260559607494,0,80.46,0.349637405530373,1.04380256439361,1.04380256439361,1.77526112367559e-05,106.8,0.200983767149419,0.832782548405104,1.73963007306177
2019-01-18,0.840304253979959,0.840304253979959,0,79.14,0.346714237061917,1.04594265340027,1.04594265340027,0,87.88,0.23413011267394,0.803394193025975,1.48086135995999
2019-01-21,0.82288732138078,0.82288732138078,0,78.76,0.331146747029254,1.0690605874332,1.0690605874332,0,86.16,0.241730450303892,0.769729359639493,1.36990084043178
2019-01-22,0.816012406380768,0.816012406380768,0,80.18,0.284475995983679,1.08042509372464,1.08042509372464,0,87.84,0.278032043331297,0.755269764762368,1.02317701432962
2019-01-23,0.814860585231398,0.814860585231398,0,90.64,0.298674748610599,1.04936636124802,1.04936636124802,0,95.9,0.267061267694661,0.776526307039497,1.11837538699952
2019-01-24,0.863567207456115,0.863567207456115,0,90.08,0.287421635648056,1.08860667629415,1.08860667629415,0,100.1,0.226883726316779,0.793277522783417,1.26682349727786
2019-01-25,0.844057980993245,0.844057980993245,0,86.92,0.285483970281087,1.06842103354018,1.06842103354018,0,100.56,0.192341431170755,0.79000502095741,1.48425624444711
2019-01-28,0.829234167841887,0.829234167841887,0,77.76,0.300675647948831,1.02543854593509,1.02543854593509,0,91.86,0.204798587249877,0.808662958037832,1.46815293985389
2019-01-29,0.863441745970932,0.863441745970932,0,97.08,0.298036731198574,0.979913361983208,0.979913361983208,0,92.3,0.231518590468612,0.881140904358571,1.28731230868037
2019-01-30,0.8776011366962,0.8776011366962,0,102.78,0.257398599638453,1.00677348269753,1.00677348269753,0,89.38,0.223015607474933,0.871696714085846,1.15417303099463
2019-01-31,0.867411092577893,0.867411092577893,0,96.78,0.315635088226558,0.987395853584335,0.987395853584335,0,98.6,0.24307543720762,0.878483628859807,1.29850671813032
2019-02-01,0.872187614853886,0.872187614853886,0,94.12,0.185287071560623,0.954928123854877,0.954928123854877,0,98.42,0.24667668972792,0.913354202338305,0.751133282050248
2019-02-11,0.872097286391816,0.872097286391816,0,94.4,0.215804678881354,1.00406765937613,1.00406765937613,0,96.08,0.194453261194829,0.868564262824365,1.10980231216144
2019-02-12,0.916653543505552,0.916653543505552,0,95.22,0.194823266757175,0.990945606949031,0.990945606949031,0,105.2,0.224228665980362,0.925029120748401,0.868859768243178
2019-02-13,0.933728676318852,0.933728676318852,0,96.38,0.215776878495135,0.998148963598152,0.998148963598152,0,103.16,0.193488482340938,0.935460247289066,1.11519236641137
2019-02-14,0.888736880127927,0.888736880127927,0,91.08,0.0239993555449744,0.942191638999614,0.942191638999614,0,100.06,0.211519669956652,0.943265513448576,0.11346157806455
2019-02-15,0.910309354149611,0.910309354149611,0,81.42,0.142019044710254,1.01450822363486,1.01450822363486,0,97.76,0.176695813122034,0.897291251999996,0.803748782729612
2019-02-18,0.898096130324889,0.898096130324889,0,80.88,0.016107557160675,1.01218446706869,1.01218446706869,0,96.04,0.192312509089194,0.887285035034961,0.0837571993468422
2019-02-19,0.910478060496927,0.910478060496927,0,88.42,0.162401294760975,0.987217313295217,0.987217313295217,0,95.48,0.177722084455343,0.922267112048365,0.913793551649354
2019-02-20,0.922932455296353,0.922932455296353,0,85.96,-0.0252132243377528,0.984357750354548,0.984357750354548,0,97.48,0.16546029015065,0.937598606770688,-0.152382328804067
2019-02-21,0.866103377076529,0.866103377076529,0,83.94,0.127137822232188,0.967169698040516,0.967169698040516,0,88.46,0.151937955544566,0.8955030113446,0.83677460168862
2019-02-22,0.881718891753018,0.881718891753018,0,82.06,0.13646071537289,1.00549216900986,1.00549216900986,0,90.76,0.169987249296834,0.876902793406413,0.802770301521852
2019-02-25,0.89963694238635,0.89963694238635,0,80.06,0.116957285272306,0.973792161557507,0.973792161557507,0,85.54,0.141965026947373,0.923849028469739,0.823845758263141
2019-02-26,0.881465759519791,0.881465759519791,0,85.62,0.125495839145672,0.99628180051249,0.99628180051249,0,98.48,0.16791121924123,0.884755456805859,0.747394008052424
2019-02-27,0.904646025533452,0.904646025533452,0,86.76,0.141164457409656,1.00525684887178,1.00525684887178,0,94.74,0.191102217703554,0.899915306768373,0.738685605567574
2019-02-28,0.906287460930132,0.906287460930132,0,79.7,0.133076577374708,0.964446327072756,0.964446327072756,1.65976160217306e-05,103.82,0.203248914950103,0.939697145906351,0.654746803481719
2019-03-01,0.922606141100063,0.922606141100063,0,70.08,0.151530042790237,0.970981571852177,0.970981571852177,0,93.36,0.206548112753062,0.950178837421357,0.733630730247333
2019-03-04,0.86623664880435,0.86623664880435,0,89.12,0.148097263873863,0.967045746636259,0.967045746636259,0,94,0.274159800439091,0.895755605996345,0.540185919440677
2019-03-05,0.850511733158542,0.850511733158542,0,93.5,0.148546189846621,0.981633306302117,0.981633306302117,0,96.04,0.192563023754046,0.866425097537166,0.771415960087715
2019-03-06,0.836686344070721,0.836686344070721,0,87.94,0.150610863118768,0.963796507075972,0.963796507075972,0,104.42,0.202387555471852,0.868115144564193,0.744170572976336
2019-03-07,0.872059624702215,0.872059624702214,0,97.06,0.160434641583299,0.975399982045059,0.975399982045059,0,96.8,0.195439569359997,0.89405335324471,0.820891297031978
2019-03-08,0.93322637796151,0.93322637796151,0,88.9,0.179991646483214,0.991495072945687,0.991495072945687,2.00860002396964e-05,96.62,0.223488837726151,0.941231483066211,0.805371974343366
2019-03-11,0.895639979178557,0.895639979178557,0,93.06,0.163159632408892,0.981038131684193,0.981038131684193,1.54352329797222e-05,101.16,0.271702745675869,0.912951240377345,0.60050785281182
2019-03-12,0.867567696234507,0.867567696234507,0,103.76,0.165727481529281,0.944163409524124,0.944163409524124,2.08122188345326e-05,99.54,0.269406098442592,0.918874516299861,0.615158611803272
2019-03-13,0.866927255500302,0.866927255500302,0,84.58,0.219341521458877,0.937483127184736,0.937483127184736,2.18661845215836e-05,98.6,0.331492487246208,0.924739049014873,0.661678710371394
2019-03-14,0.881975958478332,0.881975958478332,0,86.46,0.229559924971122,0.973230724864426,0.973230724864426,2.22090711282529e-05,96.22,0.276260856425252,0.906235218376602,0.830953497869988
2019-03-15,0.873777323013875,0.873777323013875,0,81.84,0.204624726332814,0.926948050475994,0.926948050475994,2.19559976447461e-05,99.94,0.275063236217837,0.942638934905989,0.74391884988498
2019-03-18,0.853500480626161,0.853500480626161,0,83.46,0.200158477658714,0.944562263338208,0.944562263338208,1.98202842168242e-05,101.32,0.33715453568562,0.903593668467949,0.593669835263174
2019-03-19,0.877915346302061,0.877915346302061,0,81.38,0.25355904342508,0.927463694612358,0.927463694612358,2.07480209849588e-05,99.06,0.388717464142859,0.946576509034129,0.652296505340171
2019-03-20,0.891649744747547,0.891649744747547,0,81.72,0.226370688848095,0.917560203539598,0.917560203539598,2.14336671463674e-05,99.22,0.386169901866198,0.971761570857041,0.586194542231643
2019-03-21,0.877351023637712,0.877351023637712,0,77.56,0.248924612328268,0.918625715205633,0.918625715205633,2.17155963832754e-05,97.96,0.270812259241202,0.955069087567746,0.919177783995962
2019-03-22,0.917244436817437,0.917244436817437,0,83.8,0.247215917316846,0.895159517694858,0.895159517694858,0,95.9,0.269903001101098,1.02467149003727,0.915943566052625
2019-03-25,0.897890523238143,0.897890523238143,0,77.1,0.221433130095026,0.895992675823078,0.895992675823078,2.07994891571787e-05,102.72,0.262233749091494,1.00211815059015,0.844411258513367
2019-03-26,0.915612996545633,0.915612996545633,0,83.68,0.204125406652918,0.926796218793341,0.926796218793341,2.2026840594829e-05,99.4,0.308536008977147,0.98793346150865,0.661593463043846
2019-03-27,0.905843580718766,0.905843580718766,0,85.44,0.196203341157853,0.916237648693874,0.916237648693874,2.24938790453788e-05,98.32,0.325517920498538,0.988655707403068,0.602742057510577
2019-03-28,0.933160562084959,0.933160562084959,0,81.34,0.233937122286163,0.886756684439962,0.886756684439962,2.22178895291472e-05,98.12,0.335975362897975,1.05232988762222,0.696292490819341
2019-03-29,0.928008849596888,0.928008849596888,0,88.1,0.259882231319905,0.943409596075764,0.943409596075764,2.11311438626218e-05,95.7,0.281962678359938,0.983675440081448,0.921690178400682
2019-04-01,0.942906849228681,0.942906849228681,0,79.96,0.318336270625072,0.943184733606925,0.943184733606925,1.58348154943167e-05,99.12,0.313082096365743,0.999705376509666,1.01678209747641
2019-04-02,0.923433283146345,0.923433283146345,0,74.66,0.319402015177772,0.922094357321981,0.922094357321981,2.24944602713628e-05,98.32,0.350253819974056,1.00145204860406,0.911915864904572
2019-04-03,0.918763618662159,0.918763618662159,0,74.06,0.327332129178631,0.911672679507098,0.911672679507098,2.3775558381005e-05,100.04,0.304653237628192,1.00777794411794,1.07444165611697
2019-04-04,0.886171544016872,0.886171544016872,0,75.78,0.292635192781133,0.938692175823644,0.938692175823644,0.00122032309939312,102.04,0.278947151734987,0.944049142882556,1.04907037394363
2019-04-08,0.882525234151511,0.882525234151511,0,79.08,0.289582830552865,0.89545494506738,0.89545494506738,1.90120905766935e-05,93.06,0.487174615009296,0.985560735370224,0.594412807299779
2019-04-09,0.89762182105951,0.89762182105951,0,81.28,0.294826064314276,0.887812964558781,0.887812964558781,2.08649430708192e-05,98.68,0.294017536997395,1.01104833663429,1.00274992888226
2019-04-10,0.912052803859177,0.912052803859177,0,81.78,0.284469814902802,0.892632874081052,0.892632874081052,0,85.8,0.363393178951548,1.02175578599222,0.782815505022814
2019-04-11,0.900973159142287,0.900973159142287,0,79.52,0.247468181633005,0.878533391224349,0.878533391224349,0.00096206271040105,96.4,0.349849083432301,1.02554230509857,0.707356952904215
2019-04-12,0.831017836352301,0.831017836352301,0,94.06,0.221250342453725,0.85758105286469,0.85758105286469,0.00105057884412142,98.68,0.430686779571352,0.969025415820864,0.513715193844418
2019-04-15,0.860536535429642,0.860536535429642,0,82.58,0.196341643438276,0.920895961929939,0.920895961929939,1.6724323368858e-05,90.46,0.393243398213575,0.934455759395665,0.499287831226707
2019-04-16,0.86231296763382,0.86231296763382,0,92.68,0.191186129457097,0.896302340167114,0.896302340167114,0.00102047009197738,102.28,0.423232132633346,0.962078228506068,0.451728767065815
2019-04-17,0.86957963079014,0.86957963079014,0,84.4,0.196176085886864,0.911329103526575,0.911329103526575,1.96523943821837e-05,92.92,0.491840122211296,0.954188368861614,0.398861493862809
2019-04-18,0.858018972091017,0.858018972091017,0,88.22,0.180924041702498,0.910860243432075,0.910860243432075,1.93010315388173e-05,91.4,0.405271833620573,0.941987509365922,0.446426390124818
2019-04-19,0.859814448968561,0.859814448968561,0,83.18,0.178192985251181,0.906213086194423,0.906213086194423,0,88.1,0.478173588377982,0.94879941822435,0.372653340925063
2019-04-22,0.879604066393242,0.879604066393242,0,82.02,0.201907045424346,0.927808482728574,0.927808482728575,0,90.1,0.382101981642174,0.948044863533076,0.528411406181676
2019-04-23,0.861166775269662,0.861166775269662,0,92.58,0.230931697004142,0.90424269955819,0.90424269955819,0,93.3,0.306479525252249,0.952362430673121,0.753497959819902
2019-04-24,0.872575846163452,0.872575846163452,0,81.8,0.217956302321003,0.853215415076325,0.853215415076325,1.83049983458177e-05,100.82,0.4143612791426,1.02269114076589,0.526005477085116
2019-04-25,0.856790893268285,0.856790893268285,0,81.96,0.21721438819743,0.871349395869917,0.871349395869917,1.85284315059769e-05,97.56,0.440642660423607,0.983292003562937,0.492949066685041
2019-04-26,0.881405483403048,0.881405483403048,0,76.9,0.231981019094968,0.876529561425896,0.876529561425896,0.00111149568267984,100.28,0.457890359859292,1.00556275816781,0.506630056955677
2019-04-29,0.857900505162577,0.857900505162577,0,85.26,0.236102475605652,0.860251445266163,0.860251445266163,1.95123746585174e-05,96.2,0.46994755019151,0.997267147743229,0.502401758471635
2019-04-30,0.871424379347946,0.871424379347946,0,94.76,0.223322668787483,0.858453848133495,0.858453848133495,1.92801359687699e-05,96.56,0.478118779096346,1.01510917708931,0.467086168858641
2019-05-06,0.856801689865614,0.856801689865614,0,81.84,0.268300151647959,0.820785734645111,0.820785734645111,1.83434984240371e-05,101.24,0.419399616854146,1.04387985036811,0.639724360409384
2019-05-07,0.82511178028986,0.82511178028986,0,83.62,0.294432230198692,0.843632563064752,0.843632563064752,0.00117507183160783,105.66,0.373357789286862,0.978046387034173,0.78860610022648
2019-05-08,0.816466181956889,0.816466181956889,0,90.3,0.320086960458208,0.866892734011338,0.866892734011338,0,94.96,0.356021891633442,0.941830690146505,0.899065388899647
2019-05-09,0.852665188918259,0.852665188918259,0,74.04,0.277777696357523,0.895948695479226,0.895948695479226,2.2652887571117e-05,97.24,0.375633953131925,0.951689748777617,0.739490384299649
2019-05-10,0.826794020928226,0.826794020928226,0,83.16,0.273232376974047,0.883153778717913,0.883153778717913,2.17293357417574e-05,103.92,0.421569253912172,0.936183528681148,0.648131652008406
2019-05-13,0.837426395298286,0.837426395298286,0,87.06,0.334883204238995,0.872667322720483,0.872667322720483,0,95.74,0.509753536506926,0.959616996643881,0.656951213195644
2019-05-14,0.853836976093401,0.853836976093401,0,79.38,0.299665619744796,0.886287904286022,0.886287904286022,2.09854437044556e-05,98.66,0.433251578529315,0.963385568012729,0.691666538785664
2019-05-15,0.871570036409951,0.871570036409951,0,90.9,0.29207203969377,0.894035011195571,0.894035011195571,2.03658858842426e-05,93.66,0.491924479850246,0.974872376915555,0.593733492959496
2019-05-16,0.857698423188995,0.857698423188995,0,94.66,0.266939344036438,0.896099128697647,0.896099128697647,2.01711158737299e-05,100.42,0.381740531000892,0.957146810794849,0.699269064609264
2019-05-17,0.832008654470895,0.832008654470895,0,88.56,0.394485009754835,0.931611897897328,0.931611897897328,2.19509840702678e-05,97.08,0.434754253064852,0.893085045767191,0.907374699554671
2019-05-20,0.869949933628311,0.869949933628311,0,79.08,0.280354913270101,0.93467564797086,0.93467564797086,2.247216744344e-05,95.36,0.342837177935286,0.930750614415743,0.817749448757337
2019-05-21,0.860633783161139,0.860633783161139,0,103.32,0.262349053216223,0.895841329068886,0.895841329068886,0.00051785921214463,102.96,0.488819126884222,0.960698904186145,0.536699647758179
2019-05-22,0.835327549683184,0.835327549683184,0,88.04,0.303177952722511,0.879436514715592,0.879436514715592,2.27615118816815e-05,98.44,0.486760769947678,0.949844060038066,0.62284796031344
2019-05-23,0.825806709852181,0.825806709852181,0,90.78,0.285642668222396,0.869258117790632,0.869258117790632,0,92.92,0.44506286505707,0.950013227315162,0.641802969083408
2019-05-24,0.851128074407216,0.851128074407216,0,89.6,0.281055292660762,0.867096524873876,0.867096524873876,1.78830555553364e-05,100.7,0.455909397129709,0.981583999002899,0.616471813106323
2019-05-27,0.862820513297662,0.862820513297662,0,85.36,0.31435416028088,0.858951411904538,0.858951411904538,0,95.1,0.428620082317372,1.00450444732903,0.733409780011466
2019-05-28,0.836525241863352,0.836525241863352,0,89.8,0.288030406055822,0.855431636658029,0.855431636658029,0,101.22,0.397733432004777,0.977898415274259,0.724179520449172
2019-05-29,0.891843036731108,0.891843036731108,0,92.74,0.277882334211654,0.85537061790822,0.85537061790822,1.81693548125789e-05,102.68,0.463365134050017,1.04263931687539,0.599704884532073
2019-05-30,0.877586051912761,0.877586051912761,0,97.52,0.282303638398733,0.882268773270075,0.882268773270075,1.93836825747231e-05,96.52,0.400829785741468,0.994692409502427,0.704298054787817
2019-05-31,0.884731604375186,0.884731604375186,0,90.16,0.253217857697107,0.892445452079995,0.892445452079995,1.77784135631594e-05,96.98,0.415323028571226,0.99135650510983,0.60968894156487
2019-06-03,0.850294484570558,0.850294484570558,0,85.92,0.281504895063606,0.909391719401667,0.909391719401667,0,87.52,0.396020953032084,0.935014544810247,0.710833335732112
2019-06-04,0.843368217616953,0.843368217616953,0,89.62,0.256179911117725,0.902823260771143,0.902823260771143,1.91299721965281e-05,99.94,0.446230412045017,0.93414542387465,0.574097829737075
2019-06-05,0.85582342980879,0.85582342980879,0,92.52,0.237763489888081,0.933743430477419,0.933743430477419,2.21958743183029e-05,100.02,0.450762904329587,0.916550951658328,0.527469069890974
2019-06-06,0.889425416803362,0.889425416803362,0,101.58,0.194632304033925,0.974187008243082,0.974187008243082,0,95.48,0.461154620749628,0.912992484274056,0.422054329017763
2019-06-10,0.907271087845465,0.907271087845465,0,97.54,0.177565080869166,0.970711610494793,0.970711610494793,0,90.68,0.364682883575501,0.934645344751783,0.486902700582612
2019-06-11,0.882124247064708,0.882124247064708,0,94.98,0.188661005259274,0.929079352879487,0.929079352879487,0,94.08,0.433322933571622,0.9494606077842,0.435381999526899
2019-06-12,0.930576662445,0.930576662445,0,78.7,0.200775810459819,0.941926396372591,0.941926396372591,0,97.32,0.36526405440442,0.987950508690171,0.54967305991057
2019-06-13,0.919884087785733,0.919884087785733,0,98.92,0.205400568537605,0.957315342177329,0.957315342177329,0,96.02,0.393248748713149,0.960899765477004,0.52231715729484
2019-06-14,0.942995001252971,0.942995001252971,0,87.58,0.201264611658214,0.947634662825443,0.947634662825443,0,99.18,0.386280394547716,0.995103955401296,0.521032427477633
2019-06-17,0.913471010969499,0.913471010969499,0,89.6,0.256416424130141,0.966408358797613,0.966408358797613,2.06829455784371e-05,98.5,0.365119863285249,0.945222589036815,0.702280127470951
2019-06-18,0.950770185574343,0.950770185574343,0,91,0.270523115107005,0.960685182676731,0.960685182676731,2.07517019962017e-05,100.64,0.371877960315108,0.989679244271508,0.727451325369697
2019-06-19,0.973594402982279,0.973594402982279,0,93.58,0.194955347312099,0.963280504332969,0.963280504332969,2.04146974943522e-05,102.28,0.330927942540584,1.01070705635889,0.589117213298452
2019-06-20,0.979055319939209,0.979055319939209,0,88.84,0.21041313334275,0.960751979930063,0.960751979930063,0,94.64,0.333770803852271,1.01905105624709,0.630412039981424
2019-06-21,0.996558735041357,0.996558735041357,0,85.78,0.228980019153095,0.975948549448322,0.975948549448322,0,95.48,0.315544030567416,1.02111810669188,0.725667409208597
2019-06-24,0.95427804112584,0.95427804112584,0,94.26,0.207314208797109,0.976319776496668,0.976319776496668,0,91.78,0.375446095285019,0.977423651654461,0.552181022523959
2019-06-25,0.981489746834821,0.981489746834821,0,96.06,0.16964408544713,1.01341676200167,1.01341676200167,0,96.02,0.441390129819811,0.968495670918465,0.384340459802269
2019-06-26,0.981398980445279,0.981398980445279,0,91.98,0.245957153597735,0.990547563210012,0.990547563210012,0,93.04,0.4188019666594,0.990764115621984,0.587287484726081
2019-06-27,0.953905449134135,0.953905449134136,0,91.7,0.199660215921784,0.975081571450973,0.975081571450973,0,98.44,0.446251480389376,0.978282717121475,0.447416366546439
2019-06-28,0.920509270634642,0.920509270634642,0,81.58,0.24548257827141,0.945658749054196,0.945658749054196,0,98.64,0.435723321541396,0.973405334170803,0.56339095507443
2019-07-01,0.951813618069497,0.951813618069497,0,85.48,0.177231613497778,0.971317063544674,0.971317063544674,0,101,0.428613427412281,0.979920618913043,0.413499909622055
2019-07-02,0.925867764082893,0.925867764082893,0,87.32,0.213113931747333,0.962912298099725,0.962912298099725,2.07221577726943e-05,97.86,0.465504334810039,0.961528652100573,0.457812990794811
2019-07-03,0.942614076887018,0.942614076887018,0,92.14,0.2335621727318,0.953984441104087,0.953984441104087,0,100,0.460326755595733,0.988081184842061,0.507383439899197
2019-07-04,0.914382380324864,0.914382380324864,0,86.6,0.239139731363894,0.952953488805319,0.95295348880532,0,90.84,0.498389465243376,0.959524668377246,0.479825012447076
2019-07-05,0.901244685263027,0.901244685263027,0,86.46,0.229352879809036,0.964484715976189,0.964484715976189,0,92.28,0.493622928612984,0.934431277483589,0.464631739156623
2019-07-08,0.923094758485267,0.923094758485267,0,77.6,0.233143230836665,0.944469915506633,0.944469915506633,1.80067837059165e-05,102.94,0.427563209431493,0.977368091169003,0.545283657933672
2019-07-09,0.880848644523995,0.880848644523995,0,76.8,0.251996581467138,0.950064662812788,0.950064662812788,0,100.98,0.384301490883707,0.927145992269758,0.655726265562147
2019-07-10,0.848721172043557,0.848721172043557,0,72.62,0.287855298428169,0.959270313647652,0.959270313647652,0,100.78,0.405559307999691,0.884757049153612,0.709773620652268
2019-07-11,0.879007546307986,0.879007546307986,0,73.54,0.262393800146943,0.934257141477977,0.934257141477977,0,97.76,0.461893376640324,0.94086253910504,0.568083054265722
2019-07-12,0.907452738866649,0.907452738866649,0,70.12,0.195353006202269,0.928547719271344,0.928547719271344,0,101.6,0.37540632768261,0.977281748727736,0.5203774997832
2019-07-15,0.918082732154504,0.918082732154504,0,73.56,0.209691273130195,0.955418525680656,0.955418525680656,0,90.1,0.360490307892477,0.960922054029093,0.581683525296717
2019-07-16,0.884906890136802,0.884906890136802,0,74.04,0.267016645231855,0.991497976994809,0.991497976994809,1.97989706433322e-05,91.34,0.424250455300739,0.892494902328413,0.629384463577238
2019-07-17,0.874248121751158,0.874248121751158,0,71.02,0.251936431567837,1.00713765437204,1.00713765437204,0,84.8,0.350214931771247,0.868052264708798,0.719376613366093
2019-07-18,0.860047474783082,0.860047474783082,0,78.26,0.273615210876912,1.02118011745619,1.02118011745619,1.88024467799925e-05,95.52,0.402269891057292,0.84220938116725,0.680178201151882
2019-07-19,0.906115785744076,0.906115785744076,0,69.8,0.283047435564886,1.05987544734684,1.05987544734684,6.93889390390719e-20,87.54,0.35797760105465,0.85492666898958,0.790684765557931
2019-07-22,0.931735209365539,0.931735209365539,0,70.24,0.267781382659709,1.01873987831706,1.01873987831706,1.67702172438228e-05,92.2,0.311206975031397,0.914595795449524,0.860460735601099
2019-07-23,0.907048656628627,0.907048656628627,0,68.2,0.361251505325622,1.01572927938585,1.01572927938585,1.66420239972031e-05,91.74,0.468313452207783,0.893002372814399,0.771388273436443
2019-07-24,0.88912261876202,0.88912261876202,0,70.92,0.32351680155478,0.949196340012391,0.949196340012391,0,91.9,0.460122003201493,0.936710964088224,0.703110912548792
2019-07-25,0.893752636120118,0.893752636120118,0,69.32,0.259132312454467,0.979961819665807,0.979961819665807,0,90.42,0.344023082756549,0.912028018014938,0.753241062716262
2019-07-26,0.854028944115002,0.854028944115002,0,84.86,0.260281753792352,0.951089161818438,0.951089161818438,0,97.54,0.371466656959679,0.89794835058591,0.700686720909661
2019-07-29,0.861335600446405,0.861335600446405,0,79.8,0.263079007603874,1.01332618825501,1.01332618825501,0,84.86,0.374944676906317,0.850008230745188,0.701647533109549
2019-07-30,0.840258339208913,0.840258339208913,0,65.82,0.252750338597493,1.00824478317151,1.00824478317151,0,80.16,0.401735024563183,0.833387242099893,0.629146883252997
2019-07-31,0.882781555098612,0.882781555098612,0,56.88,0.257043924046858,0.982604355989766,0.982604355989766,0,90.24,0.418803129898229,0.898409975202477,0.61375836448338
2019-08-01,0.890189253825537,0.890189253825537,0,57.78,0.213603225370345,0.959827885459759,0.959827885459759,0,93.62,0.28910977523513,0.927446750934034,0.738830865184768
2019-08-02,0.862319739906012,0.862319739906012,0,69.2,0.244498287515495,1.00948854747421,1.00948854747421,0.00129184504365073,94.38,0.326345026288204,0.854214485209937,0.749201819609079
2019-08-05,0.871838051871301,0.871838051871301,0,76.08,0.283776588720649,1.00464217325421,1.00464217325421,0,90.42,0.333962305841359,0.867809529682861,0.849726402522358
2019-08-06,0.849440378012483,0.849440378012483,0,80.96,0.266147764581841,1.03577591602499,1.03577591602499,0,91,0.387712841117044,0.820100530308131,0.686455893013602
2019-08-07,0.886170645540802,0.886170645540802,0,87.18,0.2630915523226,1.04575475031099,1.04575475031099,0,89.06,0.447704805402747,0.847398154564703,0.58764513837623
2019-08-08,0.87828496651608,0.87828496651608,0,98.5,0.247006030649632,1.04913362871574,1.04913362871574,1.50624216004332e-05,91.34,0.329716339476681,0.837152620482864,0.749147073031549
2019-08-09,0.952873540721017,0.952873540721017,0,88.9,0.228366045420269,1.04872615692369,1.04872615692369,0,83.26,0.375669662222674,0.908600910190084,0.607890570851865
2019-08-12,0.969876207355215,0.969876207355215,0,83.96,0.230879213671379,1.03251027900979,1.03251027900979,0,88.36,0.317107105818594,0.939338064784553,0.728079596562107
2019-08-13,0.982920111506809,0.982920111506809,0,76.96,0.296901458186806,1.04341716660295,1.04341716660295,0,84.9,0.364826824093045,0.942020260896129,0.813814770678937
2019-08-14,0.950949134134921,0.950949134134921,0,76.18,0.303225003853975,1.07011882124255,1.07011882124255,0,88.24,0.319068968853202,0.888638827070387,0.950343134099896
2019-08-15,0.988133179730097,0.988133179730097,0,81.74,0.30434320679922,1.08552878433321,1.08552878433321,1.84924859418473e-05,90.06,0.300456313382843,0.910278192518925,1.01293663419022
2019-08-16,0.979964352521555,0.979964352521555,0,82.44,0.305364624799245,1.0379588437192,1.0379588437192,0,86.98,0.262814306344159,0.944126405831431,1.16190259596966
2019-08-19,0.99082085911096,0.99082085911096,0,81.24,0.291755372384623,1.06814495812769,1.06814495812769,0,88.26,0.342598886753411,0.927608983754162,0.851594630529599
2019-08-20,0.979513936885248,0.979513936885248,0,80.98,0.261906362956384,1.04224806596738,1.04224806596738,0,86.22,0.258088277977701,0.939808831380363,1.01479371712888
2019-08-21,1.00829806545528,1.00829806545528,0,77.64,0.237274949604282,1.07332626172186,1.07332626172186,2.27671487925494e-05,90.3,0.366084099613833,0.939414324809071,0.648143281433348
2019-08-22,0.971665344575345,0.971665344575345,0,79.78,0.233180260929107,1.04195116944652,1.04195116944652,0,86.26,0.377682089242154,0.9325440318777,0.6173982499329
2019-08-23,0.993800221180235,0.993800221180235,0,79.38,0.242798934436402,1.07206919487595,1.07206919487595,0,87.46,0.433445659247818,0.926992610113407,0.560160032188912
2019-08-26,0.993664679141863,0.993664679141863,0,83.18,0.252969655138349,1.08534653006259,1.08534653006259,0.00139186578294816,86.265306122449,0.32317863740977,0.915527577247205,0.782754878744042
2019-08-27,1.00571287910295,1.00571287910295,0,78.68,0.215079226264559,1.05843291285825,1.05843291285825,0.00131165416286853,89.84,0.266759718840056,0.950190481498798,0.806265755563778
2019-08-28,1.00081475351696,1.00081475351696,0,86.62,0.205506794969543,1.06818788653765,1.06818788653765,2.43858148276566e-05,83.04,0.319477833191635,0.936927638040279,0.643258384835335
2019-08-29,0.972075088489745,0.972075088489745,0,84.46,0.229015997852204,1.06289736276204,1.06289736276204,0.00129397730562121,88.58,0.249381402409226,0.914552168954218,0.918336313934093
2019-08-30,0.911745069566843,0.911745069566843,0,88.06,0.304893650998046,1.06004256641774,1.06004256641774,2.07974642076983e-05,85.62,0.369848232825316,0.860102318954938,0.824375038022831
2019-09-02,0.935810124810631,0.935810124810631,0,83.42,0.268254508233833,1.06649868491171,1.06649868491171,2.09031034687175e-05,83.5,0.301560115457252,0.877460176979126,0.889555662316555
2019-09-03,0.969384517543064,0.969384517543064,0,78.76,0.341060576108075,1.04703904894965,1.04703904894965,2.30032386858613e-05,85.2,0.331506828762798,0.925834159208781,1.02881915700178
2019-09-04,0.949606664638512,0.949606664638512,0,85.08,0.262357432580182,0.992808506224586,0.992808506224586,2.22943737132652e-05,88.66,0.268907146993489,0.95648522215995,0.975643211842691
2019-09-05,0.937481591864957,0.937481591864957,0,91.5,0.20662994427455,1.01146168618132,1.01146168618132,1.12604016499531e-05,89.42,0.349279920009136,0.926858233656217,0.591588386384035
2019-09-06,0.967977291448099,0.967977291448099,0,80.7,0.197456974801876,0.989269944911962,0.989269944911962,2.12457904838207e-05,86.68,0.343430278338588,0.978476397091232,0.574955055672764
2019-09-09,0.949583309855167,0.949583309855167,0,86.14,0.317824054147383,1.01667738674727,1.01667738674727,2.18146525201368e-05,83.74,0.279041499731132,0.934006521865543,1.13898489813745
2019-09-10,0.953823659034783,0.953823659034783,0,85.16,0.368898036019728,1.01610128237235,1.01610128237235,2.29904046884426e-05,89.32,0.204810938863515,0.938709236551531,1.80116373698946
2019-09-11,0.938128935250777,0.938128935250777,0,83.5,0.256193552261095,0.997164630311334,0.997164630311334,1.67971004397584e-05,89.24,0.229008075903788,0.940796440962688,1.1187096841455
2019-09-12,0.888423582104892,0.888423582104892,0,81.46,0.307254472407989,1.03864406697119,1.03864406697119,0,84.58,0.215616152742241,0.855368658385194,1.42500674694487
2019-09-16,0.909052205931756,0.909052205931756,0,85.02,0.357453402719561,1.04206643156989,1.04206643156989,0,84.18,0.296190662500723,0.872355330132121,1.20683548799817
2019-09-17,0.907263752472873,0.907263752472873,0,77.88,0.297418593529527,1.02250233258427,1.02250233258427,0,86.02,0.233717257302752,0.887297489268177,1.27255726411447
2019-09-18,0.90835927223454,0.90835927223454,0,79.88,0.22837681181147,0.973958150021968,0.973958150021968,0,83.3,0.265631353982813,0.932647128846401,0.85975096082312
2019-09-19,0.916436125875359,0.916436125875359,0,78.82,0.32236198521036,0.973143684522147,0.973143684522147,2.168404344971e-21,91.76,0.179335977955896,0.941727455514821,1.79753103021881
2019-09-20,0.922670065333402,0.922670065333402,0,78.82,0.324514674820554,0.975042534135811,0.975042534135811,1.71242641784243e-05,88.86,0.211435159570516,0.946286990599003,1.53481888007526
2019-09-23,0.94310779592207,0.94310779592207,0,84.28,0.271858329552549,0.973564308982577,0.973564308982577,1.67738988633116e-05,91.5,0.230376673671874,0.968716485619388,1.1800601389868
2019-09-24,0.936137813038349,0.936137813038349,0,83.22,0.26054515078003,0.982750996043248,0.982750996043248,0,82.72,0.272615508176279,0.952568673862887,0.955723878377293
2019-09-25,0.911451970399046,0.911451970399046,0,78.52,0.276503875764669,0.954644538305607,0.954644538305607,0,84.84,0.241058626780107,0.954755339633302,1.14703995230544
2019-09-26,0.920717401528341,0.920717401528341,0,79.58,0.119723960743585,0.991781612859448,0.991781612859448,0,79.7,0.244688090604753,0.928346915883811,0.489292145145619
2019-09-27,0.918768039453217,0.918768039453217,0,76.5,0.230675236819941,0.969623615727624,0.969623615727624,1.78264382720353e-05,88.64,0.260563507014345,0.94755121941183,0.885293721531162
2019-09-30,0.900948460609242,0.900948460609242,0,77.92,0.243415792203535,0.973423649924973,0.973423649924973,0,86.06,0.261205246673466,0.925546097712628,0.931894727627085
2019-10-08,0.915486238505484,0.915486238505484,0,80.56,0.261875769898049,0.973822782777826,0.973822782777826,1.76460948757174e-05,90.6,0.253754365482334,0.940095317850403,1.03200498403358
2019-10-09,0.929518950753303,0.929518950753303,0,72.5,0.257468410634572,0.967699797194066,0.967699797194066,0,86.94,0.229267654107364,0.960544740681488,1.12300364234547
2019-10-10,0.901742344251757,0.901742344251757,0,77.42,0.252525612337545,1.0244508190648,1.0244508190648,0,85.22,0.248127968830128,0.8802202384639,1.0177232882216
2019-10-11,0.929032946783235,0.929032946783235,0,71.34,0.231843708107916,1.0016560463139,1.0016560463139,0,94.08,0.282103233360781,0.927496968846827,0.821839953218158
2019-10-14,0.923495326068525,0.923495326068525,0,67.44,0.23365338268198,0.968914828493694,0.968914828493694,1.70352054791132e-05,101.92,0.27303530126097,0.953123328192035,0.855762539140137
2019-10-15,0.935585023557593,0.935585023557593,0,72.16,0.210179613203212,0.993530127946472,0.993530127946472,1.68443910849252e-05,94.3,0.271493005142734,0.941677556866195,0.774162167061037
2019-10-16,0.94227802333373,0.94227802333373,0,71.32,0.253308656598746,1.00112173642502,1.00112173642502,0,88.46,0.27541684196525,0.941222220085424,0.919728273664201
2019-10-17,0.92126275001873,0.92126275001873,0,79.94,0.238368510040408,0.98578272559435,0.98578272559435,0,95.5,0.282220939994062,0.934549496658384,0.844616668222506
2019-10-18,0.936129426861229,0.936129426861229,0,86.36,0.11257617508586,1.02466002404244,1.02466002404244,0,87.52,0.244831850449608,0.913600028200625,0.459810171262952
2019-10-21,0.917348690946069,0.917348690946069,0,81.84,0.221328572544027,1.01265431701279,1.01265431701279,1.56236131066915e-06,94.36,0.251405001943118,0.90588533079298,0.880366622912713
2019-10-22,0.890529587861788,0.890529587861788,0,84.1,0.225730015095465,1.0263521274939,1.0263521274939,1.53998819880916e-05,87.76,0.24828650437204,0.867664775086741,0.90915136795846
2019-10-23,0.91653074071878,0.91653074071878,0,84.62,0.0153906557268987,1.02575784351565,1.02575784351565,0,84.28,0.263645085179213,0.893515703060569,0.0583764181169427
2019-10-24,0.932048386636433,0.932048386636433,0,89.6,0.236388155111362,1.0168288393941,1.0168288393941,0,88.78,0.231994594328739,0.916622690591484,1.01893820326002
2019-10-25,0.956382503299962,0.956382503299962,0,94.96,0.0101957124237828,0.994466779739142,0.994466779739142,0,90.9,0.213259221388292,0.961703822374871,0.047809010824526
2019-10-28,0.970206094298306,0.970206094298306,0,87.76,0.0128498826070186,0.954657714536847,0.954657714536847,0,94.3,0.327843003898468,1.01628686336966,0.039195232029408
2019-10-29,0.978849855736472,0.978849855736472,0,79.72,0.0573329469308567,0.988404082556045,0.988404082556045,0,92.64,0.280296767834948,0.990333683370807,0.204543731894251
2019-10-30,0.955571336285668,0.955571336285668,0,81.86,0.255130308784256,1.01480621433076,1.01480621433076,1.8592478072248e-05,92.52,0.242959754354756,0.941629370013115,1.05009288250979
2019-10-31,0.993122520401673,0.993122520401673,0,79.84,-0.0241337547832614,1.02282960566092,1.02282960566092,1.68171838493673e-05,93.84,0.235956906762503,0.970955978302908,-0.102280349045059
2019-11-01,0.98852790153001,0.98852790153001,0,80.24,0.204143288849927,1.01908191092605,1.01908191092605,0,87.82,0.264435233968511,0.970018102501418,0.771997308324794
2019-11-04,0.994245200325326,0.994245200325326,0,84.88,0.227116417385056,1.01040890330022,1.01040890330022,0,85.78,0.2696267948305,0.984002810226533,0.842336228221798
2019-11-05,0.97994201910421,0.97994201910421,0,80.22,0.113696509420727,1.00318809134738,1.00318809134738,0,83.62,0.235116927884667,0.976827802838098,0.48357432382112
2019-11-06,1.00360526658125,1.00360526658125,0,85.68,0.116324250842071,0.989134175028956,0.989134175028956,0,89.18,0.155658930865893,1.01463005921505,0.747302131621919
2019-11-07,0.973114786823233,0.973114786823233,0,86.08,0.128054353181819,0.998070501664188,0.998070501664188,1.53854263794458e-05,94.76,0.2446593418918,0.974996040059952,0.523398584299512
2019-11-08,0.977163828921388,0.977163828921388,0,83.96,0.204966610416452,0.967320230573472,0.967320230573472,0,92,0.247539249949499,1.01017615267085,0.828016609318593
2019-11-11,0.931334805575137,0.931334805575137,0,81.2,0.105364217940885,0.985618610161764,0.985618610161764,0,86.32,0.230804644200883,0.944924127824943,0.456508222811931
2019-11-12,0.915093738150928,0.915093738150928,0,89.18,0.100220590467286,0.991875218597357,0.991875218597357,0,87.56,0.209704728990765,0.922589576786677,0.477912877547456
2019-11-13,0.939891060701642,0.939891060701642,0,90.42,0.115987963501284,0.972338096812555,0.972338096812555,0,89.64,0.238863785212223,0.966629882941666,0.485582037470571
2019-11-14,0.944524577816484,0.944524577816484,0,85,0.0882528715015465,0.999422263567168,0.999422263567168,0,80.72,0.1999484313658,0.945070579521871,0.44137816385311
2019-11-15,0.945555870087927,0.945555870087927,0,83.88,0.110785001555401,0.985342778069982,0.985342778069982,0,84.42,0.214877754064197,0.959621251743493,0.515572224020467
2019-11-18,0.916172668658444,0.916172668658444,0,73.62,0.136754760587138,0.968151181278803,0.968151181278803,0,86.6,0.244011054625373,0.94631157444677,0.560444938845478
2019-11-19,0.906948945484577,0.906948945484577,0,76.78,0.150146259860123,0.97602185320166,0.97602185320166,0,86.62,0.266736362947528,0.929230162736109,0.56290135398472
2019-11-20,0.913728451524295,0.913728451524295,0,79.88,0.181955106532404,0.977142830553972,0.977142830553972,0,87.02,0.224413101028263,0.935102241917156,0.810804296623877
2019-11-21,0.910775670054334,0.910775670054334,0,85.56,0.140717328490889,0.972584837400356,0.972584837400356,1.55253837387721e-05,88.06,0.288543985555018,0.936448559581463,0.487680684871034
2019-11-22,0.911632786600272,0.911632786600272,0,81.76,0.163269233347639,0.968558410101911,0.968558410101911,0,85.62,0.277922950250717,0.941226442403562,0.587462220015842
2019-11-25,0.891302602734792,0.891302602734792,0,79.9,0.143944533779453,1.01738859609451,1.01738859609451,1.73690969756135e-05,96.24,0.303213250194839,0.876068992866906,0.474730354583638
2019-11-26,0.902658241085639,0.902658241085639,0,92.32,0.150492941180474,1.04446973747585,1.04446973747585,0,87.06,0.300895980983448,0.864226323365842,0.50014938946211
2019-11-27,0.848658177109626,0.848658177109626,0,92.74,0.14665698505327,1.02813375078434,1.02813375078434,0,89.52,0.334134017600084,0.825435578262271,0.438916654181554
2019-11-28,0.880840250226424,0.880840250226424,0,89.4,0.139897355449194,1.01455393298509,1.01455393298509,1.75737849928208e-05,90.68,0.268228254196845,0.868204460688207,0.521560847003564
2019-11-29,0.863920554544212,0.863920554544212,0,86.04,0.162282902098209,1.04811575357533,1.04811575357533,1.76717436217739e-05,86.84,0.302226078243491,0.824260633042876,0.536958633885539
2019-12-02,0.8626456907925,0.8626456907925,0,80.68,0.12029066955498,1.05586385173438,1.05586385173438,0,79.26,0.319482563719776,0.817004663409493,0.376517166240374
2019-12-03,0.842353875906967,0.842353875906967,0,85.2,0.108404330683227,1.052573375421,1.052573375421,0,85.72,0.282448576282877,0.800280432297697,0.383802007819854
2019-12-04,0.8469552064259,0.8469552064259,0,85.5,0.171568648234342,1.08157490157101,1.08157490157101,1.96581415822517e-05,86.7,0.326164610737602,0.783075869452669,0.526018588731468
2019-12-05,0.875140178152319,0.875140178152319,0,88.4,0.211424325898557,1.08236007552721,1.08236007552721,0,84.82,0.308449538240197,0.808548095906112,0.685442186442553
2019-12-06,0.850170632457716,0.850170632457716,0,79.66,0.176271013002786,1.07556711016031,1.07556711016031,0,87.58,0.337006631810469,0.79043941045297,0.523049092701297
2019-12-09,0.915624180603132,0.915624180603132,0,99.14,0.246026039325032,1.07933302915752,1.07933302915752,0,93.08,0.287261406124534,0.848324062979736,0.856453509171971
2019-12-10,0.933481295252307,0.933481295252307,0,84.4,0.124426901757809,1.05968380247551,1.05968380247551,0,92.14,0.257427061503501,0.880905505087102,0.483348180378142
2019-12-11,0.940509110761336,0.940509110761336,0,89.54,0.196055154291898,1.08028364102544,1.08028364102544,0,92.5,0.331267085236489,0.870613119595675,0.59183409106865
2019-12-12,0.97123157673658,0.97123157673658,0,87.56,0.233006826946561,1.0728194806771,1.0728194806771,0,88.22,0.344830503744813,0.905307551018369,0.675714081022814
2019-12-13,0.951025881549063,0.951025881549063,0,83.22,0.236875229506511,1.05849390543199,1.05849390543199,0,90.52,0.312080556619575,0.898470814681672,0.759019504682763
2019-12-16,0.950814630798969,0.950814630798969,0,85.64,0.229867604759097,1.04030737840549,1.04030737840549,1.59865391069473e-05,91.36,0.329966957212007,0.913974706452926,0.696638253421857
2019-12-17,1.01341727851706,1.01341727851706,0,84.38,0.146000372567151,1.04951202737072,1.04951202737072,1.6261568024425e-05,94.02,0.294952477838262,0.965608065546336,0.494996257150317
2019-12-18,1.01818483398243,1.01818483398243,0,90.08,0.188060239902275,1.02049164668716,1.02049164668716,3.46944695195361e-20,88.14,0.304024474866441,0.997739508488659,0.618569409534841
2019-12-19,0.937537638167037,0.937537638167037,0,84.82,0.241628381219454,1.02990647981689,1.02990647981689,1.7943395231092e-05,92.4,0.301593486683709,0.910313369747633,0.801172412164383
2019-12-20,0.930237704329863,0.930237704329863,0,87.5,0.223662266301137,1.01748900744479,1.01748900744479,1.73382816735469e-05,92.38,0.273921791953533,0.914248407131163,0.816518703043087
2019-12-23,0.943230905108866,0.943230905108866,0,100.12,0.253006037044375,1.05256715319461,1.05256715319461,0,85.74,0.292754430971667,0.896124206656171,0.864226157754934
2019-12-24,0.941403008962954,0.941403008962954,0,92.62,0.275988281361987,1.0414685212195,1.0414685212195,0,87.78,0.286326715005698,0.903918831709505,0.963892877954104
2019-12-25,0.924928486032731,0.924928486032731,0,95.96,0.263551506443205,1.07245282140108,1.07245282140108,1.92837783780151e-05,88.64,0.266165757978607,0.86244212106634,0.990178107224404
2019-12-26,0.925650682248193,0.925650682248193,0,85.36,0.223379172448621,1.05697249587947,1.05697249587947,0.00131228562029494,97.7,0.275122986367436,0.875756640647483,0.811924788248301
2019-12-27,0.883091617381144,0.883091617381144,0,94.86,0.288047807156842,1.02911588459006,1.02911588459006,2.08757180747037e-05,93.88,0.280557143417988,0.858107070937803,1.02669924439491
2019-12-30,0.903982652346115,0.903982652346115,0,89.86,0.319482431781294,1.0307782120361,1.0307782120361,0.000418790002479955,94.02,0.298130273291239,0.876990454193314,1.07162022915129
2019-12-31,0.91191313784505,0.91191313784505,0,97.8,0.391467230875687,0.97608653477703,0.97608653477703,0,91,0.283969167607381,0.934254397898605,1.37855540506051
2020-01-02,0.895610780418949,0.895610780418949,0,92.98,0.284361065514698,1.01884236972928,1.01884236972928,2.03499110360687e-05,88.58,0.296835947724505,0.879047443479334,0.957973815821711
2020-01-03,0.892407197241119,0.892407197241119,0,91.14,0.189736825454293,0.990490007146874,0.990490007146874,0,87.28,0.311997578028639,0.900975467497865,0.608135571606511
2020-01-06,0.90230160794858,0.90230160794858,0,89.84,0.0740105952111711,1.00257606515709,1.00257606515709,1.78067103625334e-05,95.16,0.323521784613217,0.899983192604146,0.228765414667991
2020-01-07,0.930918407442133,0.930918407442133,0,95.62,0.0470559905724938,0.993504320229503,0.993504320229503,0,94.32,0.371087115640025,0.937004891158488,0.126805778452682
2020-01-08,0.956866110261767,0.956866110261767,0,90.3,0.297942781393721,0.955308635662925,0.955308635662925,0.00120448626252604,102.36,0.362951973458885,1.00163033656423,0.820887619247156
2020-01-09,0.973796497929571,0.973796497929571,0,96,0.0687273260587148,0.951655748142059,0.951655748142059,0.00122563879576095,96,0.310919432781311,1.02326550313045,0.221045450404687
2020-01-10,0.94343599157635,0.94343599157635,0,95.48,0.0454827561977994,0.941612904257285,0.941612904257285,0.0011818490837136,99.12,0.275077062270542,1.00193613247102,0.165345506536879
2020-01-13,0.924324199018892,0.924324199018892,0,85.96,0.0366398276142782,0.976914212358058,0.976914212358058,0.00122663672559303,98.38,0.291655222134619,0.9461672144044,0.125627195515691
2020-01-14,0.946477749717182,0.946477749717182,1.66378603681295e-05,104.56,0.0188256427563228,0.964263532985754,0.964263532985754,0.00119327989917707,96.14,0.260090636057941,0.981555059731959,0.0723810862307591
2020-01-15,1.00269660441566,1.00269660441566,1.7492461642974e-05,96.56,0.00776977417519523,0.973906486694846,0.973906486694846,0.00126955685815985,93.24,0.274292935247238,1.02956148060839,0.0283265559435275
2020-01-16,0.972816871408205,0.972816871408205,0,92.34,-0.00662302390286317,0.964573348190403,0.964573348190403,2.19736083522547e-05,91.74,0.261010581565154,1.00854628964533,-0.0253745417643534
2020-01-17,0.962262077135422,0.962262077135422,0,95.86,0.0153448224642469,0.927122585258338,0.927122585258338,0,90.54,0.23815972211679,1.03790166741251,0.0644308043688516
2020-01-20,0.955161145986353,0.955161145986353,0,93.4,0.0250366738104524,0.947824650959083,0.947824650959083,0.00120077766989097,91.92,0.241346734247709,1.0077403505172,0.103737363128169
2020-01-21,0.922536390158683,0.922536390158683,0,94.08,-0.00448854333815308,0.972867641712054,0.972867641712054,2.04592545710778e-05,96.44,0.227552933797236,0.948265057449338,-0.0197252712292106
2020-01-22,0.935610141723606,0.935610141723606,0,97.2,0.092600135135543,0.965108879290844,0.965108879290844,0.00116972060244264,94.22,0.247373046199743,0.969434808651938,0.374333972751309
2020-01-23,0.908404407827189,0.908404407827189,0,86.96,0.0735901780669696,0.951117836428254,0.951117836428254,0,91.08,0.242955777942653,0.955091338880293,0.302895360999975
2020-02-03,0.922375376001852,0.922375376001852,0,97.46,0.114218176659573,0.952750292739553,0.952750292739553,2.09146645370981e-05,92.84,0.319216512118772,0.968118701228251,0.357807858689576
2020-02-04,0.940605101111696,0.940605101111696,0,89.08,0.363977996860575,0.931157848148916,0.931157848148916,1.99974916518508e-05,95.5,0.374082394690605,1.01014570513642,0.972988844240085
2020-02-05,0.935291992090997,0.935291992090997,0,85.6,0.315927341166631,0.94977636445783,0.94977636445783,0.0010069434205826,92.18,0.415256158438947,0.984749702236377,0.760801097699025
2020-02-06,0.900919882464572,0.900919882464572,0,87.42,0.526941844393273,0.928941601323461,0.928941601323461,2.24355216340623e-05,90.66,0.459627724024961,0.969834789593914,1.14645356850723
2020-02-07,0.922532959859548,0.922532959859548,0,88.1,0.457165275960599,0.930677529832896,0.930677529832896,0,87.94,0.467425484812587,0.991248773380388,0.978049530491258
2020-02-10,0.947951131272722,0.947951131272722,0,93.94,0.489595014863321,0.944829632174478,0.944829632174478,2.15043106377237e-05,90.56,0.456198094630504,1.00330376926373,1.07320705769248
2020-02-11,0.911828130194909,0.911828130194909,1.75133766232836e-05,101.04,0.476988694752087,0.952935760726754,0.952935760726754,2.14208445590505e-05,95.12,0.362899223775434,0.956862117861445,1.31438334254265
2020-02-12,0.889105885563634,0.889105885563634,0,96.16,0.471794108603298,0.935935576592598,0.935935576592598,0.00117453681978045,92.48,0.514460711583543,0.949964834973521,0.917065381243761
2020-02-13,0.940725827383909,0.940725827383909,0,91.2,0.382392692833168,0.933612657986199,0.933612657986199,2.21436429637719e-05,98.34,0.479412232653997,1.00761897274728,0.797628151280715
2020-02-14,0.942205001728961,0.942205001728961,0,93.2,0.406076717919864,0.921426983055367,0.921426983055367,1.77670775757364e-05,93.18,0.447149283260385,1.02254982657953,0.908145742645408
2020-02-17,0.910030617083567,0.910030617083567,0,97.14,0.345523003462812,0.900974103279941,0.900974103279941,0.000860750138046514,101.06,0.419478124329518,1.0100519135574,0.82369731202333
2020-02-18,0.901682322138382,0.901682322138382,0,97.26,0.384349476632873,0.937558896339671,0.937558896339671,0.000963626187468442,100.56,0.441163635430471,0.961734058157461,0.871217493386188
2020-02-19,0.912244719193255,0.912244719193255,0,86.42,0.349472748304826,0.903153761701189,0.903153761701189,0,94.88,0.496512271192799,1.01006579153802,0.70385520878521
2020-02-20,0.902077940579339,0.902077940579339,0,93.52,0.196598447644388,0.944926875239274,0.944926875239274,0.00122292627562393,99.44,0.434405317178212,0.954653703071907,0.452569155740178
2020-02-21,0.886196804513046,0.886196804513046,0,91.5,-0.0527912844298528,0.929192978723594,0.929192978723594,2.42135694197326e-05,91.2,0.484980753965104,0.953727400878975,-0.108852328671276
2020-02-24,0.898711187581281,0.898711187581281,0,91.62,0.394854622705833,0.945758601076202,0.945758601076202,2.03124098077751e-05,90.94,0.465576422148569,0.950254310728568,0.848098408599892
2020-02-25,0.883793389748765,0.883793389748765,0,99.66,0.336726185512345,0.899884829669849,0.899884829669849,0,102.48,0.464409753087906,0.98211833404616,0.725062691456025
2020-02-26,0.926854810076792,0.926854810076792,0,100.12,0.524728642509245,0.903098158949551,0.903098158949551,0,99.74,0.375651927117302,1.02630572423586,1.39684799845414
2020-02-27,0.901005719037001,0.901005719037001,0,93.16,0.371591593904609,0.923859967822205,0.923859967822205,0,98.48,0.410347862107388,0.975262215507532,0.905552649881636
2020-02-28,0.910122204036344,0.910122204036344,0,107.02,0.457752635377188,0.885293853378866,0.885293853378866,0,92.18,0.368425569451151,1.0280453214068,1.24245620644384
2020-03-02,0.861313582811654,0.861313582811654,0,109.34,0.277401620928376,0.872940252587041,0.872940252587041,0,89.48,0.455447235786401,0.986681024570776,0.609075210324636
2020-03-03,0.863395083342096,0.863395083342096,0,109.68,0.286980712255139,0.863898179836648,0.863898179836648,0,87.02,0.421906308991065,0.999417643761391,0.680200096892166
2020-03-04,0.886388734944353,0.886388734944353,0,93.78,0.320649579171098,0.865527737523257,0.865527737523257,0,97.6,0.401168887985787,1.02410205533192,0.799288251840853
2020-03-05,0.88305166550452,0.88305166550452,0,96.3,0.366158067439929,0.885769458719312,0.885769458719312,0,94.18,0.424803005254816,0.99693171491968,0.861947921531984
2020-03-06,0.903086582770832,0.903086582770832,0,89.42,0.434979166767093,0.867979246260402,0.867979246260402,0,96.88,0.429082908468792,1.04044720730557,1.01374153615054
2020-03-09,0.87291873351359,0.87291873351359,0,90.72,0.382958917607257,0.880647655414923,0.880647655414923,0,95.66,0.443563581440639,0.991223593393101,0.863368711117929
2020-03-10,0.907962596264014,0.907962596264014,0,89.32,0.346150236104879,0.897560611796288,0.897560611796288,0,89.2,0.442453150748774,1.01158917217513,0.782343250396298
2020-03-11,0.894459722302469,0.894459722302469,0,93.12,0.333980629528332,0.877472625486699,0.877472625486699,0,92.88,0.437081915071293,1.01935911881735,0.764114501223087
2020-03-12,0.885076818678761,0.885076818678761,0,91.54,0.392930154296467,0.881512865254885,0.881512865254885,0,87.48,0.42980188590873,1.00404299649427,0.914212261925503
2020-03-13,0.923457054260326,0.923457054260326,0,87.1,0.435808732431292,0.893840269730047,0.893840269730047,0,89.7,0.47107684138952,1.03313431441081,0.925133001965881
2020-03-16,0.895698092494778,0.895698092494778,0,87.06,0.407692767979465,0.872868219644663,0.872868219644663,0,88.6,0.447382533421257,1.02615500523024,0.911284499333772
2020-03-17,0.873183250764932,0.873183250764932,0,99.74,0.412343131034374,0.819420445810269,0.819420445810269,0,89.02,0.431629088681273,1.06561076823205,0.955318216142887
2020-03-18,0.864876369887205,0.864876369887205,0,102.12,0.402992580491082,0.841778425681233,0.841778425681233,0,92.24,0.438946019888207,1.02743945853362,0.918091433187428
2020-03-19,0.847267723234432,0.847267723234432,0,103.42,0.366681829898297,0.834482021374842,0.834482021374842,0,88.74,0.47065369355109,1.01532172237639,0.779090517980804
2020-03-20,0.85619427851702,0.85619427851702,0,99.52,0.414882648380662,0.851080620795947,0.851080620795947,0,95.84,0.456217131115116,1.00600842927934,0.909397346317483
2020-03-23,0.842692127256763,0.842692127256763,0,89.34,0.448491665416779,0.865605330843157,0.865605330843157,0,102.78,0.475135548242079,0.973529271632286,0.943923617325881
2020-03-24,0.860692517575283,0.860692517575283,0,93.14,0.438613081665471,0.891670942595095,0.891670942595095,0,97.26,0.444624223465822,0.965258007702199,0.986480399665374
2020-03-25,0.840177983208043,0.840177983208043,0,94.32,0.435805739370022,0.869749245241892,0.869749245241892,0,104.82,0.492564420042683,0.966000244098372,0.884769020328868
2020-03-26,0.864335990568793,0.864335990568793,0,90.48,0.468736886145386,0.882817285823066,0.882817285823066,0,96.2,0.426291814010509,0.979065548952134,1.09956811446966
2020-03-27,0.843061451048791,0.843061451048791,0,105.52,0.510753389944495,0.88082244054171,0.88082244054171,0,99.28,0.361639321781314,0.957129850745292,1.41232813795993
2020-03-30,0.880549592030676,0.880549592030676,0,90.6,0.385792699529413,0.889234903200365,0.889234903200365,0,97.54,0.435259457649802,0.99023282696346,0.886351101047899
2020-03-31,0.87353284720346,0.87353284720346,0,88.92,0.491130381275977,0.873751943746588,0.873751943746589,0,100.48,0.370741035460711,0.999749246288152,1.32472624905323
2020-04-01,0.853435838469563,0.853435838469563,0,93.32,0.500620218177122,0.884822464682049,0.884822464682049,0,100.5,0.327992730409463,0.964527769733147,1.52631498128679
2020-04-02,0.898780951700332,0.898780951700332,0,94.98,0.447276590272653,0.878721202894012,0.878721202894012,0,92,0.362195307805287,1.02282834275565,1.23490443038292
2020-04-03,0.883464576483121,0.883464576483121,0,84.78,0.360178451307903,0.875668581267268,0.875668581267268,0,94.12,0.318004347504974,1.00890290617093,1.13262115481698
2020-04-07,0.878812072645978,0.878812072645978,0,99.16,0.218303405963425,0.883781144729956,0.883781144729956,0,98.56,0.363692738543263,0.994377485745641,0.600241310392445
2020-04-08,0.869953947447364,0.869953947447364,0,86.44,0.23717328968254,0.884060183499676,0.884060183499676,0,92.22,0.370043489499106,0.984043805709617,0.640933556224918
2020-04-09,0.872726209722712,0.872726209722712,0,86.26,0.214372469175777,0.899670570804841,0.899670570804841,0,95.2,0.466878884866944,0.970050858662605,0.459160771935254
2020-04-10,0.837587975836151,0.837587975836151,0,92.92,0.29855475156898,0.872644794607893,0.872644794607893,0,89.1,0.45160056242137,0.959826931887568,0.661103586692195
2020-04-13,0.833563495125868,0.833563495125868,0,90.98,0.420179379352193,0.889126949460779,0.889126949460779,0,95.02,0.334370098452011,0.937507850404706,1.25662964869599
2020-04-14,0.827253725047595,0.827253725047595,0,95.66,0.245478998896552,0.882260900331664,0.882260900331664,0,91.68,0.417954414533037,0.937652030977016,0.587334384709909
2020-04-15,0.799422699972366,0.799422699972366,0,86.1,0.417089929802274,0.88137258516741,0.88137258516741,0,91.62,0.402808514908273,0.907020156317345,1.03545460030122
2020-04-16,0.781552775353065,0.781552775353065,0,83.9,0.386741931506986,0.883321919436961,0.883321919436961,0,94.28,0.392539463075309,0.884788159509543,0.985230703881584
2020-04-17,0.814793032858164,0.814793032858164,0,86.56,0.410066723792425,0.863695300548699,0.863695300548699,0,93.7,0.49517551616329,0.943380185512799,0.828123989186089
2020-04-20,0.809531395488303,0.809531395488303,0,86.94,0.329534249897401,0.87844832667285,0.87844832667285,0,89,0.377172602516121,0.921546971982322,0.873696147861949
2020-04-21,0.829264149491352,0.829264149491352,0,91.86,0.377217208721608,0.858739975273831,0.858739975273832,0,98.28,0.395121927679145,0.965675493593878,0.9546855851238
2020-04-22,0.848475958994495,0.848475958994495,0,97.8,0.384143756768416,0.873940804987687,0.873940804987687,0,89.4,0.347137936487079,0.970862047122801,1.10660263944593
2020-04-23,0.820362295644463,0.820362295644463,0,96.28,0.260136039106008,0.855926817170524,0.855926817170524,0,93.72,0.345187779849842,0.958449109418458,0.753607324161847
2020-04-24,0.821638034855288,0.821638034855288,0,98.8,0.325228866812807,0.849626980727803,0.849626980727803,0,94.7,0.298512253692069,0.967057371637917,1.08949921750381
2020-04-27,0.813315831467917,0.813315831467917,0,83.66,0.344722621843911,0.834381445754518,0.834381445754518,2.2621592154841e-05,108.52,0.294271590277495,0.97475301686802,1.17144377246489
2020-04-28,0.845721921575741,0.845721921575741,0,104.06,0.422488047792627,0.840687690327151,0.840687690327151,0,101.88,0.37385119617463,1.00598823000088,1.13009681957866
2020-04-29,0.853282255965306,0.853282255965306,0,98.9,0.436864877208345,0.820133080583958,0.820133080583958,0,95,0.31068395934631,1.04041926385623,1.40613914579795
2020-04-30,0.854109696775251,0.854109696775251,0,101.08,0.466332292017245,0.834884273422731,0.834884273422731,0,101.98,0.346955667765968,1.02302765061522,1.34406881149957
2020-05-06,0.839021956995227,0.839021956995227,0,77.58,0.317029610787153,0.840060978571803,0.840060978571803,0,105,0.351226516998504,0.998763159338334,0.902635750558956
2020-05-07,0.775245342704456,0.775245342704456,0,87.46,0.324112044923123,0.834564518002334,0.834564518002334,2.07968756844768e-05,104.46,0.369086448258358,0.928922001812552,0.878146695584572
2020-05-08,0.783559142161612,0.783559142161612,0,98.14,0.2437876146432,0.818084031884226,0.818084031884226,1.91850187292676e-05,110.62,0.391646863018831,0.957797868706597,0.622467936457028
2020-05-11,0.793813086630872,0.793813086630872,0,98.24,0.27100954245364,0.86109445242274,0.86109445242274,2.10872856076778e-05,105.98,0.397505421800794,0.921865289455102,0.681775713211413
2020-05-12,0.831363119845588,0.831363119845588,0,87.02,0.269470471786965,0.876582275640637,0.876582275640637,0,98.66,0.391685373488014,0.948414248095535,0.687976855983394
2020-05-13,0.857591962651701,0.857591962651701,0,78.74,0.29073091044236,0.88382403272616,0.88382403272616,0,96.86,0.376107006865303,0.970319804505037,0.77300051617087
2020-05-14,0.815226562686372,0.815226562686372,0,78.98,0.258913914872006,0.874552627618238,0.874552627618238,0,102.46,0.380862248227689,0.932164099611209,0.679809868467773
2020-05-15,0.820526648993305,0.820526648993305,0,69.18,0.281498951523791,0.872577349059038,0.872577349059038,0,99.44,0.387529824724822,0.940348325427123,0.726392998845131
2020-05-18,0.810846838716979,0.810846838716978,0,84.52,0.260469325531358,0.930680108323803,0.930680108323803,0,98.96,0.412360000471429,0.871241183157283,0.631655168380972
2020-05-19,0.81795275127891,0.81795275127891,0,88.78,0.269308358367592,0.877595374964528,0.877595374964528,0,104.24,0.239554272778315,0.932038584765754,1.12420603166119
2020-05-20,0.846233074193096,0.846233074193096,0,70.88,0.266824892787381,0.873413001609865,0.873413001609865,0,101.92,0.232483178784449,0.96888078450095,1.14771698400929
2020-05-21,0.854704120642641,0.854704120642641,0,65.38,0.258983493741327,0.901726454652402,0.901726454652402,1.39258834354408e-05,111.68,0.287669673900623,0.947852994921961,0.900280833324107
2020-05-22,0.840612629468795,0.840612629468795,0,65.92,0.302425121461198,0.870421324061904,0.870421324061904,1.96229580385263e-05,111.22,0.351347283016313,0.96575371745949,0.860758389434184
2020-05-25,0.809962203511955,0.809962203511955,0,70.98,0.275082216323514,0.867306276632685,0.867306276632685,1.62658696744522e-05,113.22,0.363126198674052,0.933882557216848,0.757538886833203
2020-05-26,0.800066817192581,0.800066817192581,0,64.72,0.257571703572653,0.861469744504385,0.861469744504385,1.86813411654792e-05,107.72,0.256396921721183,0.928723059975681,1.00458188750311
2020-05-27,0.815394571324098,0.815394571324098,0,65.84,0.309266574562283,0.894210810227385,0.894210810227385,0,104.66,0.393304986599018,0.91185944298387,0.786327621311312
2020-05-28,0.812863155266649,0.812863155266649,0,67.88,0.29667062842271,0.881844897602179,0.881844897602179,0,99.12,0.407332535250754,0.921775651791944,0.728325392029094
2020-05-29,0.806765791893598,0.806765791893598,0,63.12,0.325304430366848,0.88051908068137,0.88051908068137,0,102.52,0.383803275979173,0.916238852279386,0.847581171726371
2020-06-01,0.845038308130956,0.845038308130956,0,62.38,0.289251297122589,0.882722730425203,0.882722730425203,0,100.38,0.438013484963158,0.957308879679473,0.660370758098734
2020-06-02,0.811774876710951,0.811774876710951,0,67.14,0.281032513933519,0.914768220580553,0.914768220580553,0,95.72,0.374488264103949,0.8874104482945,0.750444115000385
2020-06-03,0.794505066484151,0.794505066484151,0,66.54,0.30631560014956,0.93242030820209,0.93242030820209,0,93.94,0.305032167230518,0.852088976929439,1.00420753303068
2020-06-04,0.814000509994567,0.814000509994567,0,68.24,0.324089059552162,0.962521434930726,0.962521434930726,3.46944695195361e-20,94.62,0.249795002935303,0.845695981880291,1.29742010746348
2020-06-05,0.800300631133047,0.800300631133047,0,71.94,0.287394441817693,0.931784400280116,0.931784400280116,0,94.66,0.447785139507874,0.858890351558213,0.64181326368612
2020-06-08,0.819425655481395,0.819425655481395,0,73.36,0.297596257770547,0.916876887109798,0.916876887109798,0,92.06,0.48159408916344,0.89371394022638,0.617940013108323
2020-06-09,0.745958008479142,0.745958008479142,0,65.38,0.327249151788298,0.939517907011875,0.939517907011875,1.63870802711713e-05,96.8,0.354905706006156,0.793979553675194,0.922073514880659
2020-06-10,0.782396168057887,0.782396168057887,0,71.32,0.267558299115694,0.954289324808947,0.954289324808947,0,94.24,0.383418036380885,0.819873122037205,0.697823977299555
2020-06-11,0.818944901106208,0.818944901106208,0,72.28,0.275268377475021,0.905609313183709,0.905609313183709,0,94.86,0.325740248839778,0.904302649259614,0.845054851082948
2020-06-12,0.784566393846766,0.784566393846766,0,70.94,0.240481667793934,0.883926324463377,0.883926324463377,0,90.88,0.377248190488686,0.887592520024865,0.637462746958217
2020-06-15,0.731064558614717,0.731064558614717,0,65.78,0.304123059199698,0.889642307542778,0.889642307542778,0,101.32,0.324469717960119,0.82175111549488,0.937292580372872
2020-06-16,0.779847125583481,0.779847125583481,0,71.7,0.289682586672212,0.91311251854673,0.91311251854673,0,101.18,0.342705182898652,0.854053700659642,0.845282187511825
2020-06-17,0.767484235071462,0.767484235071462,0,72,0.253097819803795,0.910103296447288,0.910103296447288,0,94.1,0.285382719868741,0.843293544883796,0.886871566436133
2020-06-18,0.764426505345533,0.764426505345533,0,78.54,0.301262331577812,0.943305607411912,0.943305607411912,0,94.18,0.340404016999452,0.810369936677088,0.88501403195338
2020-06-19,0.751013283070335,0.751013283070335,0,72.14,0.304758705860973,0.941730454643741,0.941730454643741,0,93.92,0.327458258872548,0.797482208807238,0.930679552594795
2020-06-22,0.808984286931922,0.808984286931922,0,73.82,0.269590110268802,0.926051928140242,0.926051928140242,0,94.92,0.296564404689001,0.873584150466139,0.909044059254225
2020-06-23,0.761361091186388,0.761361091186388,0,70.72,0.238144303383673,0.931436603228472,0.931436603228472,0,97.8,0.293541932700504,0.817405165899018,0.811278651717018
2020-06-24,0.829657866222005,0.829657866222005,0,69.9,0.206399832831382,0.933320437638625,0.933320437638625,1.49156689762978e-05,98.04,0.320188314520507,0.888931424582435,0.644620129689843
2020-06-29,0.825965744225726,0.825965744225726,0,72.66,0.269737488065876,0.949003324458168,0.949003324458168,0,93.12,0.325357750017381,0.870350738441628,0.829048910165708
2020-06-30,0.839173022062823,0.839173022062823,0,71.66,0.273870556633722,0.941870769044841,0.941870769044841,1.25716681066575e-05,99.18,0.315779438172711,0.890964078770419,0.867284324205847
2020-07-01,0.85804866249281,0.85804866249281,0,68.36,0.199285331254827,0.923678489583246,0.923678489583246,1.44341591989033e-05,100.64,0.287041715349421,0.928947325470308,0.694273064151088
2020-07-02,0.847168702526407,0.847168702526407,0,71.18,0.215842598916399,0.915616509118676,0.915616509118676,0,100.16,0.318331510221642,0.925244023113833,0.678043460938303
2020-07-03,0.873304133528357,0.873304133528357,0,74.12,0.266232396707317,0.935910556334246,0.935910556334246,1.70426721671746e-05,96.14,0.31908999132203,0.933106403830827,0.834348942141003
2020-07-06,0.865597491246407,0.865597491246407,0,71.7,0.254335841013619,0.937659228941535,0.937659228941535,0,87.66,0.357741461075769,0.923147199461286,0.710948740044842
2020-07-07,0.864206651705657,0.864206651705657,0,76.36,0.275088138720075,0.927820007011034,0.927820007011034,0,94.6,0.330080103919286,0.931437827569264,0.833398122012656
2020-07-08,0.917168189167319,0.917168189167319,0,76.78,0.217567581002952,0.902812691477416,0.902812691477416,1.51759830602414e-05,95.9,0.308126023231258,1.01590085942014,0.70609933793116
2020-07-09,0.86728899121853,0.86728899121853,0,85.84,0.298754932296121,0.897112150869036,0.897112150869036,0,92.82,0.354205963843205,0.966756486776356,0.843449751818323
2020-07-10,0.921816487260975,0.921816487260975,0,83.3,0.339279508610678,0.90590931963244,0.90590931963244,0,92.16,0.362875818300879,1.01755933765533,0.934974146801273
2020-07-13,0.977642252822077,0.977642252822077,0,93.06,0.32661416323325,0.930853914073536,0.930853914073536,0,93.84,0.284029090063224,1.05026389000589,1.14993208322622
2020-07-14,0.926395776183801,0.926395776183801,0,87.7,0.357804209808914,0.920196962571415,0.920196962571415,0,88.74,0.336384381370584,1.00673639868911,1.06367664381757
2020-07-15,0.952531258403217,0.952531258403217,0,80.04,0.333679744504741,0.918389188391219,0.918389188391219,0,87.58,0.303212918381418,1.03717603652522,1.10047997389411
2020-07-16,0.854704644329686,0.854704644329686,0,78.7,0.340233872613926,0.908539281508959,0.908539281508959,0,95.24,0.381606568642969,0.940745944314196,0.891582851479289
2020-07-17,0.904079253582947,0.904079253582947,0,81.78,0.335002972790202,0.908066078936003,0.908066078936003,0,96.76,0.318462805877825,0.99560954269129,1.0519375154872
2020-07-20,0.886079011411563,0.886079011411563,0,86.7,0.238265098577719,0.882941976304207,0.882941976304207,0,88.94,0.294481289740848,1.00355293461127,0.80910097475938
2020-07-21,0.864448092021339,0.864448092021339,0,96.6,0.242397284272633,0.897328286870036,0.897328286870036,0,85,0.3067843690563,0.96335767485567,0.790122668303707
2020-07-22,0.889847343111086,0.889847343111086,0,84.56,0.332435455451691,0.864097372843056,0.864097372843056,0,92.78,0.309443283383103,1.0297998478844,1.07430173250884
2020-07-23,0.888600880894644,0.888600880894644,0,79.3,0.302613559981599,0.908958320821905,0.908958320821905,1.55028840233977e-05,95,0.306115120195877,0.977603549622767,0.988561296116187
2020-07-24,0.908376214481389,0.908376214481389,0,75.42,0.255897163178975,0.853393993635668,0.853393993635668,0,86.2,0.334997446060023,1.06442771012658,0.763877952469898
2020-07-27,0.877572123114931,0.877572123114931,0,83.08,0.298025071079596,0.865767021541752,0.865767021541752,0,96.3,0.348264825471165,1.01363542532742,0.855742668460417
2020-07-28,0.906429835777106,0.906429835777106,0,81.7,0.171059443391358,0.879891158644903,0.879891158644903,0,90.7,0.349774042297105,1.03016131810334,0.489056998821132
2020-07-29,0.945898145853667,0.945898145853667,0,77.22,0.177122749962789,0.854377099169823,0.854377099169823,0,90.48,0.391080940312041,1.10712020110648,0.452905605221936
2020-07-30,0.915683489281501,0.915683489281501,0,81.16,0.199504421331765,0.877315167325735,0.877315167325735,0,96.52,0.282410236384388,1.04373379531636,0.706434808758915
2020-07-31,0.912613712315468,0.912613712315468,0,86.18,0.203172416751372,0.886282880752479,0.886282880752479,0,86.58,0.310580244188064,1.02970928597948,0.654170445652511
2020-08-03,0.893262698886514,0.893262698886514,0,89.92,0.314800047573404,0.844727857333357,0.844727857333357,0,96.36,0.254474222889193,1.05745618678467,1.23706064999157
2020-08-04,0.927759534411553,0.927759534411553,0,84.44,0.258338068873334,0.854907464119412,0.854907464119412,0,97.58,0.347059789477262,1.0852163226428,0.744361855524779
2020-08-05,0.840405195206335,0.840405195206335,0,84.38,0.312179242503598,0.858174364284596,0.858174364284596,0,84.26,0.317724141476497,0.979294220594582,0.982548071584577
2020-08-06,0.880097772775619,0.880097772775619,0,86.24,0.354408728041472,0.886568556561174,0.886568556561174,0,90.76,0.33470028430275,0.992701315947123,1.0588838571792
2020-08-07,0.848998428443565,0.848998428443565,0,89.12,0.367678252670448,0.871313693399831,0.871313693399831,0,99.44,0.316142672011491,0.974388942667487,1.16301368091519
2020-08-10,0.925046544001676,0.925046544001676,0,82.46,0.451363888233349,0.863608726890533,0.863608726890533,0,98.32,0.284159850866766,1.07114080161319,1.58841541778884
2020-08-11,0.898408970189372,0.898408970189372,0,94.38,0.38160579787505,0.891984504284725,0.891984504284725,0,94.78,0.353921838464447,1.00720244115653,1.07822054589995
2020-08-12,0.882734182560656,0.882734182560656,0,77.28,0.331223061542441,0.881009871619045,0.881009871619045,0,92.56,0.377205732605083,1.0019571982076,0.878096574129261
2020-08-13,0.878247635151478,0.878247635151478,0,89.92,0.335698542856907,0.883112293051281,0.883112293051281,0,93.86,0.391570237601918,0.994491461688303,0.857313734855886
2020-08-14,0.891730115640623,0.891730115640623,0,70.34,0.284919337995009,0.878747329471498,0.878747329471498,0,85.62,0.37506907070733,1.01477419701171,0.759644983409826
2020-08-17,0.881091116076234,0.881091116076234,0,78.76,0.368667545948671,0.905261861508405,0.905261861508405,0,86.64,0.331802721743463,0.973299719716574,1.11110464679585
2020-08-18,0.904280507874957,0.904280507874957,0,89.78,0.33547526138895,0.931079709458893,0.931079709458893,0,95.16,0.398351265994219,0.971217070556171,0.842159395556731
2020-08-19,0.891514733350932,0.891514733350932,0,79.24,0.294726139730054,0.920646611387759,0.920646611387759,0,93.32,0.384439607572731,0.968357154985979,0.766638332587247
2020-08-20,0.902939289481992,0.902939289481992,0,85.1,0.284057646531429,0.913641926138757,0.913641926138757,0,89.94,0.385015673994408,0.988285742640997,0.737782032571368
2020-08-21,0.881966852198639,0.88196685219864,0,82.04,0.283398896361042,0.942797840907363,0.942797840907363,1.38777878078143e-19,89.28,0.332764856098163,0.935478226540932,0.851649118491773
2020-08-24,0.892821425963435,0.892821425963435,0,83.48,0.286168219568902,0.922375777403165,0.922375777403165,0,90.44,0.325299189502545,0.967958447995094,0.879707754595138
2020-08-25,0.882513174921104,0.882513174921104,0,87,0.310960482850024,0.912116141132154,0.912116141132154,0,88.9,0.317439543966595,0.967544740328456,0.979589621898987
2020-08-26,0.888841658394852,0.888841658394852,0,80.8,0.244266214295882,0.900694504321291,0.900694504321291,0,92.9,0.323327676164699,0.986840326137695,0.755475736544918
2020-08-27,0.864443403564961,0.864443403564961,0,78.64,0.250204590513652,0.912669807365179,0.912669807365179,0,96.66,0.344611442370862,0.947158979719681,0.726048412067489
2020-08-28,0.937269540281513,0.937269540281513,0,75.08,0.304748966288318,0.944038336718961,0.944038336718961,0,98.7,0.380148494435803,0.992829955973003,0.801657696265799
2020-08-31,0.933140044226304,0.933140044226304,0,84.72,0.276912059850345,0.947456924779621,0.947456924779621,0,91.68,0.341031785193991,0.984889148858512,0.811983140201513
2020-09-01,0.93062829097011,0.93062829097011,0,81.52,0.273812895030011,0.923299492277352,0.923299492277352,0,100,0.294774521270674,1.00793761802542,0.928889287478767
2020-09-02,0.925417232014487,0.925417232014487,0,76.48,0.276704163467237,0.940169118560536,0.940169118560536,0,95.86,0.306220363455761,0.984309326636217,0.90361124369579
2020-09-03,0.924577396985052,0.924577396985052,0,69.94,0.248601641334348,0.955045254158319,0.955045254158319,0,91.36,0.262155214518413,0.968097996361316,0.948299433185174
2020-09-04,0.906912853074417,0.906912853074417,0,77.82,0.357557577865422,0.961185110155253,0.961185110155253,0,94.56,0.264712169215047,0.943536102975971,1.35074099134048
2020-09-07,0.913188699882303,0.913188699882303,0,78.64,0.296987200168055,0.973290832877148,0.973290832877148,0,87.62,0.259996559394081,0.938248536855959,1.14227357800496
2020-09-08,0.899128467318232,0.899128467318232,0,80.56,0.332541479434774,0.9620997316525,0.9620997316525,0,92.34,0.267612650434568,0.934548090740958,1.24262242048263
2020-09-09,0.861843899053899,0.861843899053899,0,78.86,0.436143304543831,0.938402924214917,0.938402924214917,0,90.76,0.269828100295588,0.918415615312508,1.61637466248345
2020-09-10,0.913976753645697,0.913976753645697,0,79.06,0.253631593332082,0.954029336677889,0.954029336677889,0,90.32,0.271368895234317,0.958017451358821,0.934637675084615
2020-09-11,0.920494416290634,0.920494416290634,0,74.84,0.300041615431752,0.984866012358314,0.984866012358314,0,89.28,0.238957298692829,0.934639234921369,1.25562858750527
2020-09-14,0.913831939476125,0.913831939476125,0,74.66,0.306932152533936,0.959393163796455,0.959393163796455,0,93.22,0.259087915991156,0.952510372139783,1.18466409890152
2020-09-15,0.917178023433123,0.917178023433123,0,81.6,0.250983193469426,0.982610947402251,0.982610947402251,0,88.76,0.259795890107913,0.933409123781784,0.966078383169087
2020-09-16,0.930804221146255,0.930804221146255,0,77.54,0.243574012310815,0.958271366224362,0.958271366224362,0,91.64,0.244656855316125,0.971336777820745,0.995574033664777
2020-09-17,0.980263133354535,0.980263133354535,0,78.72,0.287671806988155,0.959581566834469,0.959581566834469,0,93.86,0.234774335610519,1.02155269258484,1.2253119841233
2020-09-18,0.957035987056183,0.957035987056183,0,73.26,0.396113961913387,0.981372006460765,0.981372006460765,0,98.52,0.226150628942877,0.975202044439449,1.7515492385097
2020-09-21,0.944151986512321,0.944151986512321,0,76.08,0.37265911873088,1.01450821688999,1.01450821688999,0,97.58,0.230396395536041,0.930649915686886,1.61746939601138
2020-09-22,0.952952756091957,0.952952756091957,0,79.16,0.321653054713829,0.979261973485593,0.979261973485593,0,99.56,0.284261915425399,0.973133627051819,1.13153763223073
2020-09-23,0.962967880781989,0.962967880781989,0,79.94,0.329002027028797,0.969645904348352,0.969645904348352,0,100.52,0.259448007647993,0.99311292551599,1.2680846155318
2020-09-24,1.02794062614169,1.02794062614169,0,75.58,0.360703657851885,0.942835033870733,0.942835033870733,0,103.98,0.284395410008832,1.09026562358589,1.26831743817765
2020-09-25,1.01916477311975,1.01916477311975,0,82.62,0.33814675516954,0.958296674621204,0.958296674621204,1.70581224188976e-05,104.62,0.294004086973425,1.06351696725088,1.15014304273976
2020-09-28,0.983846597416861,0.983846597416861,0,80.28,0.3302047106376,0.967513920939289,0.967513920939289,0,99.8,0.226531867303872,1.01688107646215,1.45765235844129
2020-09-29,0.964555449275826,0.964555449275826,0,79.72,0.340836047442592,0.975930968769016,0.975930968769016,0,96.6,0.227818549908774,0.988343930198733,1.49608558029657
2020-09-30,0.962761307985947,0.962761307985947,0,75.84,0.294246372601256,0.980973691394052,0.980973691394052,0,94.98,0.212429022918633,0.981434381403008,1.38515146639808
2020-10-09,0.994612253531748,0.994612253531748,0,75.02,0.277282013609827,0.996786069319395,0.996786069319395,0,93.96,0.194951798522444,0.997819175192595,1.42231062094
2020-10-12,0.989684141497625,0.989684141497625,0,77.66,0.242658548318441,1.01074496518612,1.01074496518612,0,94.6,0.183724890039997,0.979163068415964,1.32077122629173
2020-10-13,0.992855684153035,0.992855684153035,0,79.7,0.237904182074416,1.04529109673526,1.04529109673526,0,96.48,0.202816742459607,0.949836545297288,1.17300070590472
2020-10-14,1.02921371763389,1.02921371763389,0,76.68,0.223266479018078,1.04438547662092,1.04438547662092,0,96.06,0.206982818323661,0.985473027606517,1.07867155750558
2020-10-15,1.00611580433446,1.00611580433446,0,87.44,0.195402768757979,0.99553420491293,0.99553420491293,0,100.04,0.205088636944688,1.01062906665518,0.952772282604222
2020-10-16,0.997837708959934,0.997837708959934,0,85.14,0.205969043121789,1.05176229449606,1.05176229449606,1.99365290318158e-05,99.04,0.228854213684829,0.948729303362259,0.90000109591796
2020-10-19,1.06720326605695,1.06720326605695,0,84.08,0.288918931530773,1.08543272408939,1.08543272408939,0,92.4,0.215548175111163,0.983205354299843,1.34039145254545
2020-10-20,1.02084794892032,1.02084794892032,0,79.34,0.244378902178261,1.10131610287484,1.10131610287484,0,88.26,0.315486356443484,0.926934552446413,0.774610049490487
2020-10-21,0.966412250464065,0.966412250464065,0,79.76,0.241787895551721,1.13680439370208,1.13680439370208,0,83.54,0.245962620067666,0.850113050070891,0.983026996074459
2020-10-22,1.00955132331903,1.00955132331903,0,71.82,0.229906199334584,1.10975200608164,1.10975200608164,2.38146187977767e-05,91.38,0.254605638489323,0.909708941985694,0.902989425916525
2020-10-23,1.00125232578918,1.00125232578918,0,77.02,0.222420415562807,1.0981322933776,1.0981322933776,2.30582418836226e-05,93.5,0.264349754827303,0.911777507889841,0.841386880453555
2020-10-26,1.01539739641202,1.01539739641202,0,78.12,0.180359001835101,1.11986916822895,1.11986916822895,2.27993535763561e-05,94.08,0.259495222694879,0.906710734806501,0.695037850647339
2020-10-27,0.992768822178387,0.992768822178387,0,72.72,0.157297854752896,1.13072114868002,1.13072114868002,0,92.66,0.18904470933703,0.877996156114464,0.832066950217921
2020-10-28,0.956888898313228,0.956888898313228,0,76.82,0.147179127725506,1.13933484360934,1.13933484360934,2.08586715742418e-05,93.66,0.198979566771675,0.83986626379464,0.739669555590056
2020-10-29,0.99970551113278,0.99970551113278,0,79.02,0.119796788980106,1.10656223713804,1.10656223713804,2.08180362129682e-05,90.72,0.173390380544077,0.903433605070755,0.690907930441118
2020-10-30,1.02088714845583,1.02088714845583,0,75.36,0.109681319607167,1.16640258574703,1.16640258574703,2.12891714506977e-05,86.06,0.195499409667871,0.875244243223279,0.561031461903141
2020-11-02,1.02854199953679,1.02854199953679,0,82.5,0.0782169776031504,1.17544280909248,1.17544280909248,1.94398989556534e-05,86.54,0.206067564580933,0.875025132299624,0.379569573514471
2020-11-03,1.0291370994575,1.0291370994575,0,74.66,0.0955534385634033,1.20458109404003,1.20458109404003,0,88.86,0.158054941936875,0.854352691196481,0.604558373135627
2020-11-04,0.996874994952388,0.996874994952388,0,75.54,0.116965456865135,1.19033173454846,1.19033173454846,2.03053173565907e-05,88.38,0.226403669039249,0.837476617667881,0.516623504210341
2020-11-05,0.962641242847359,0.962641242847359,0,75.8,0.135148843248368,1.1714074804519,1.1714074804519,1.72443047965285e-05,89.2,0.269286440293615,0.821781710388253,0.501877640407774
2020-11-06,1.0063410431386,1.0063410431386,0,73.96,0.113662175131346,1.15728870083575,1.15728870083575,2.19400026255175e-05,92.18,0.200057374684149,0.869567846304781,0.568147889128287
2020-11-09,1.02008696562433,1.02008696562433,0,76.14,0.103205332969133,1.15318697099088,1.15318697099088,2.27993505159964e-05,89.84,0.200626251687813,0.884580723928757,0.514415895730968
2020-11-10,1.00085429791312,1.00085429791312,0,75.74,0.113489818987565,1.12729362155422,1.12729362155422,0,88.74,0.178706375476006,0.887838162814426,0.635063067477424
2020-11-11,0.975592334498312,0.975592334498312,0,78.1,0.152579560729592,1.14556827149414,1.14556827149414,2.26695524444671e-05,89.54,0.25415175031331,0.851623040524565,0.600348258634836
2020-11-12,0.912626988106642,0.912626988106642,0,78.68,0.121278370127927,1.14028852939499,1.14028852939499,0,89.7,0.273293316530713,0.800347424866986,0.443766322819306
2020-11-13,0.930189922008638,0.930189922008638,0,87.26,0.13616205467428,1.15361984485019,1.15361984485019,0,82.94,0.284249700056053,0.806322746753226,0.479022685503026
2020-11-16,0.985403589099628,0.985403589099628,0,99.44,0.206749380120277,1.13458004824755,1.13458004824755,0,84.48,0.331463053842706,0.868518347931166,0.62374788901326
2020-11-17,0.960960968117561,0.960960968117561,0,88.3,0.191716730918121,1.17561349359869,1.17561349359869,0,84.38,0.291980438568348,0.817412332667219,0.656608133949504
2020-11-18,0.948737973520023,0.948737973520023,0,92.66,0.218252617104248,1.14902838538002,1.14902838538002,0,85.42,0.28901456172602,0.825687150632265,0.755161317135112
2020-11-19,0.914886400016132,0.914886400016132,0,86.48,0.248609860520402,1.15008183767869,1.15008183767869,0,87.36,0.317766202762381,0.795496781222737,0.782367219544452
2020-11-20,0.925615878566533,0.925615878566533,0,93.6,0.205561389242009,1.18023913077866,1.18023913077866,2.05893564667525e-05,84.52,0.202020233190624,0.784261303008872,1.01752871974978
2020-11-23,0.914238129737274,0.914238129737274,0,96.02,0.225089241281914,1.16543743181731,1.16543743181731,1.8901433473836e-05,87.28,0.274254031768798,0.784459212290507,0.82073266099391
2020-11-24,0.969342194810085,0.969342194810085,0,94.74,0.287813195671758,1.19261205150898,1.19261205150898,1.99459616648461e-05,86.02,0.404566985047533,0.812789199625812,0.71141048654265
2020-11-25,1.03295014115664,1.03295014115664,0,86.86,0.0696420433873217,1.13099983951622,1.13099983951622,0,85.68,0.276846269968039,0.913307062535468,0.251554927560922
2020-11-26,1.0203026955047,1.0203026955047,0,86.78,0.151760809338295,1.17661877279732,1.17661877279732,1.65284770265541e-05,89.12,0.313751675502489,0.867148067915842,0.483697207657115
2020-11-27,1.02462957915973,1.02462957915973,0,87.72,0.0483722226622395,1.1581781911126,1.1581781911126,1.92416735889981e-05,85.46,0.298927620569402,0.884690790262101,0.161819180743818
2020-11-30,0.9872477579977,0.9872477579977,0,85.36,0.223402838622825,1.14044299753143,1.14044299753143,0,86.96,0.108654426157847,0.865670410651537,2.05608594626673
2020-12-01,0.943992567194044,0.943992567194044,0,83.08,0.248534299550722,1.07989769583254,1.07989769583254,0,91.9,0.197615360182933,0.874149996649707,1.25766691071308
2020-12-02,0.907786126886384,0.907786126886384,0,85.96,0.255242179595413,1.11152702667913,1.11152702667913,0,85,0.0789129154357452,0.816701803102841,3.23447914940165
2020-12-03,0.946310680199274,0.946310680199274,0,85.8,0.224408872013218,1.08711760879545,1.08711760879545,0,84.26,0.00994568435874372,0.870476821038535,NA
2020-12-04,0.916599343123232,0.916599343123232,0,92.66,0.247716543606656,1.10867462845159,1.10867462845159,0,85.76,0.0792434325736663,0.826752339776536,3.12601985503813
2020-12-07,0.960763307717577,0.960763307717577,0,84.66,0.117579988927076,1.15971486989913,1.15971486989913,0,91.42,0.0970133164665242,0.828447864776578,1.21199844732293
2020-12-08,0.962959999890196,0.962959999890196,0,88.62,0.0431480702045093,1.16083884118293,1.16083884118293,0,91,0.213629116390664,0.829538059657714,0.201976542025312
2020-12-09,0.902412954364633,0.902412954364633,0,91.9,0.268665941238796,1.05226582841188,1.05226582841188,0,95.16,0.229585384517094,0.857590287547961,1.17022231969994
2020-12-10,0.949111651143802,0.949111651143802,0,82.22,0.0152418836023092,1.04968361846139,1.04968361846139,0,96.06,0.31067240425547,0.904188304410234,0.0490609510002554
2020-12-11,0.969042912313311,0.969042912313311,0,82.22,0.041060103732963,1.10094107539196,1.10094107539196,0,91.6,0.214500421195746,0.880195074898366,0.191422019146028
2020-12-14,0.961503793817467,0.961503793817467,0,85.92,0.0746689825275119,1.1036803579654,1.1036803579654,0,95,0.249164986272123,0.871179582818675,0.299676867302547
2020-12-15,0.962839693092306,0.962839693092306,0,91.12,0.0994634820110513,1.11225809436201,1.11225809436201,0,96.48,0.288648858901331,0.865662113832125,0.34458297320015
2020-12-16,0.961957715176418,0.961957715176418,0,84.32,0.276441677543921,1.0820480381077,1.0820480381077,0,87.5,0.270334072172352,0.889015719541165,1.02259280645791
2020-12-17,0.926624143929879,0.926624143929879,0,88.34,0.256374384310628,1.06152555691292,1.06152555691292,0,90.58,0.23895059386254,0.872917413900652,1.07291796252288
2020-12-18,0.962955988450933,0.962955988450933,0,85.62,-0.0320296609710347,1.01689144999128,1.01689144999128,0,92.32,0.366039925762869,0.946960453310129,-0.0875031894520284
2020-12-21,0.925238604680777,0.925238604680777,0,81.36,0.0473204443589874,1.01074181681596,1.01074181681596,1.57024472499392e-05,98.68,0.224499945027614,0.915405486631062,0.210781540962813
2020-12-22,0.895350920103497,0.895350920103497,0,82.56,0.0930404531032491,1.04314887681284,1.04314887681284,1.49925812894904e-05,97.84,0.275134744533825,0.858315567418415,0.338163227115835
2020-12-23,0.864387300320408,0.864387300320408,0,87,0.0880169741814282,1.00820229643206,1.00820229643206,0,105.6,0.0415811159103272,0.85735502029642,2.11675353714035
2020-12-24,0.907707147178595,0.907707147178595,0,83.58,0.0833158078485724,0.999799494399519,0.999799494399519,0,101.06,0.243080572898537,0.907889184044613,0.34274975928804
2020-12-25,0.89218916147547,0.89218916147547,0,86.7,0.0847353899086348,1.03476557163842,1.03476557163842,1.34976923418839e-05,98.54,0.17836273454482,0.862213805647598,0.475073395375322
2020-12-28,0.904177705233164,0.904177705233164,0,81.98,0.0825414907844548,0.990332269111062,0.990332269111062,1.38777878078143e-19,97.96,0.316226136399533,0.913004385936822,0.261020457462025
2020-12-29,0.888442803568922,0.888442803568922,0,83.68,0.129085677361655,1.03976566703582,1.03976566703582,0,93.28,0.37604987697348,0.85446445457437,0.343267436757487
2020-12-30,0.891524178910833,0.891524178910833,0,84.74,0.115224849137371,1.02587213586964,1.02587213586964,1.49875467748991e-05,98.04,0.240245793441589,0.869040251449157,0.479612348198664
2020-12-31,0.896560033097738,0.896560033097738,0,83.24,0.0377173623521454,0.999802731936068,0.999802731936068,1.20362608423879e-05,102.56,0.410205991672618,0.896736930655904,0.0919473706328681
2021-01-04,0.917471805868773,0.917471805868773,0,79.68,0.0953721670928568,0.957927187508089,0.957927187508089,1.21029714568369e-05,93.94,0.343437738370386,0.957767790530557,0.277698564943382
2021-01-05,0.939419600826479,0.939419600826479,0,77.88,0.0267135092161826,0.981631959906977,0.981631959906977,1.37439088495455e-05,93.82,0.347304493854254,0.956997774314012,0.0769166817271099
2021-01-06,0.894167665535707,0.894167665535707,0,91.52,0.0355450120100239,0.935333532808502,0.935333532808502,1.34910626748356e-05,91.98,0.348302003265466,0.95598803439754,0.102052275544716
2021-01-07,0.866811113391001,0.866811113391001,0,93.52,0.221349502416141,0.942334919152064,0.942334919152064,1.26987445047914e-05,96.98,0.324653650100146,0.919854603468349,0.681801982968191
2021-01-08,0.862332194816777,0.862332194816777,0,92.06,0.204929817209259,0.971443432984147,0.971443432984147,0,88.22,0.321358532580209,0.887681326094105,0.637698384928087
2021-01-11,0.916896423573481,0.916896423573481,0,90.38,0.13030831043529,0.938881175071553,0.938881175071553,1.29426312316325e-05,93.68,0.291964440761705,0.97658409596252,0.446315688634306
2021-01-12,0.935893377969485,0.935893377969485,0,99.66,3.99464061619449e-05,0.961379253689156,0.961379253689156,0,88.58,0.0452193383363277,0.973490299877106,0.000883392097974447
2021-01-13,0.923921032732568,0.923921032732568,0,89.68,0.207650582226396,0.969240989624841,0.969240989624841,4.63001965008126e-05,89.4,0.320263743422074,0.953241807375671,0.64837368104055
2021-01-14,0.887017958293258,0.887017958293258,0,92.02,0.268205196745092,0.969295741620862,0.969295741620862,1.56888497096408e-05,86.28,0.304498870008987,0.915115913756086,0.880808512482086
2021-01-15,0.910639795700414,0.910639795700414,0,92.32,-0.00702128298510024,0.950546478444546,0.950546478444546,1.72056280008505e-05,91.16,0.301692801758137,0.958017115786453,-0.0232729549534599
2021-01-18,0.868640048383233,0.868640048383233,0,86.32,0.0277104065387454,0.960369331306326,0.960369331306326,0,84.86,0.340058800035276,0.904485410005419,0.08148710321824
2021-01-19,0.914755633673752,0.914755633673752,0,87.4,-0.0211936342807152,0.965122423912214,0.965122423912214,0,88.12,0.258134994305252,0.947813055638791,-0.082102910292175
2021-01-20,0.892244205319522,0.892244205319522,0,97.76,0.0359319848408414,0.989982144444981,0.989982144444981,0,87.42,0.27930255732156,0.901273028332996,0.128648964712031
2021-01-21,0.905546694870083,0.905546694870083,0,87.94,0.115249414773004,1.01680165057451,1.01680165057451,2.15675584747676e-05,89.74,0.306043346619622,0.890583423382951,0.376578729928234
2021-01-22,0.917996565739507,0.917996565739507,0,89.66,0.123446740580685,1.0391553535123,1.0391553535123,1.89132613037875e-05,85.76,0.328767739887003,0.883406472994363,0.375483131718195
2021-01-25,0.924055879013327,0.924055879013327,0,93.22,0.125874761383813,1.01349587076926,1.01349587076926,0,86.64,0.311284641411108,0.911751005272423,0.40437189837957
2021-01-26,0.912572440933733,0.912572440933733,0,100.48,0.134336808974612,1.03347831045591,1.03347831045591,1.84311064279318e-05,91.26,0.204157363340234,0.883010733462961,0.658006190796733
2021-01-27,0.906420644903334,0.906420644903334,0,93.48,0.140069531355664,0.949309700968105,0.949309700968105,0,94.04,0.253391929074969,0.954820796605119,0.552778187793908
2021-01-28,0.909830328770103,0.909830328770103,0,89.26,0.247288642328232,0.965641537512976,0.965641537512976,0,90.96,0.38352851345114,0.942202974318384,0.644772510140203
2021-01-29,0.926744562890176,0.926744562890176,0,95.62,0.252342369086022,0.992263663504394,0.992263663504394,0,88.08,0.440082004164015,0.933970069625625,0.573398518227017
2021-02-01,0.88983783716618,0.88983783716618,0,83.86,0.203991140976316,0.982454028155577,0.982454028155577,0,86.92,0.36832300401835,0.905729745784369,0.5538376336824
2021-02-02,0.905495307580131,0.905495307580131,0,97,0.193932123852874,0.977140307108023,0.977140307108023,0,87.16,0.258133573750721,0.926678902705452,0.751285937102292
2021-02-03,0.88843847573719,0.88843847573719,0,87.64,0.269946367663966,0.994685551424918,0.994685551424918,0,88.76,0.299244663383346,0.893185262884813,0.902092503879182
2021-02-04,0.91011496080698,0.91011496080698,0,89.28,0.318950993573659,0.928957546704788,0.928957546704788,1.61426765264096e-05,92.92,0.34362337421465,0.979716418726941,0.928199352860151
2021-02-05,0.926979093194172,0.926979093194172,0,87.16,0.251027599666974,0.996684412144079,0.996684412144079,1.67018024436753e-05,87.6,0.400838144942122,0.930062798112838,0.626256764318727
2021-02-08,0.955518796698413,0.955518796698413,0,89.36,0.150385701553774,0.992123794213094,0.992123794213094,1.65239521804156e-05,87.26,0.407389224554874,0.963104405187949,0.369145015355009
2021-02-09,0.95049841272388,0.95049841272388,0,85,0.235039900224018,0.980608398834176,0.980608398834176,1.62148919895728e-05,89.06,0.384278326631883,0.969294586762572,0.611639751541786
2021-02-10,0.928085717541565,0.928085717541565,0,104.36,0.280478731434914,0.956354966288761,0.956354966288761,1.41740042622313e-05,96,0.410226492944587,0.97044063162353,0.683716766856405
2021-02-18,0.903138542767484,0.903138542767484,0,101.6,0.266540375353434,0.922105790537362,0.922105790537362,0,84.64,0.292240661044436,0.979430507904278,0.912057803321578
2021-02-19,0.98164906441725,0.98164906441725,0,98.26,0.259451201341201,0.928279686797756,0.928279686797756,1.48726681201437e-05,92.48,0.403034688478248,1.0574927776386,0.643744096372498
2021-02-22,0.97047465292571,0.97047465292571,0,106.46,0.263621017907568,0.907706788620476,0.907706788620476,0,88.36,0.34343446114934,1.06914993375849,0.767602112569985
2021-02-23,0.986056814194342,0.986056814194342,0,92.18,0.23497689247879,0.933775215639982,0.933775215639982,0,87.38,0.339343285030988,1.05598949048838,0.692445976814695
2021-02-24,0.953242623177205,0.953242623177205,0,98.34,0.243939302350373,0.956815271528634,0.956815271528634,1.48453281251023e-05,93.66,0.36917586510998,0.996266104380084,0.660767199062977
2021-02-25,0.935325621994978,0.935325621994978,0,87.08,0.188639768326159,0.901187208426989,0.901187208426989,0,91.02,0.334745625471114,1.03788160023662,0.563531690849345
2021-02-26,0.907384677226612,0.907384677226612,0,90.28,0.197330957133685,0.928932291118955,0.928932291118955,1.57922499963291e-05,93.34,0.459825856581832,0.97680389184621,0.429142803322474
2021-03-01,0.95869854584631,0.95869854584631,0,95.8,0.23409424023873,0.94146711349623,0.94146711349623,0,88.44,0.270263469225388,1.01830274483629,0.866170485081378
2021-03-02,1.00615219998926,1.00615219998926,0,84.32,0.243413476924188,0.945805004070159,0.945805004070159,1.37792622171769e-05,93.28,0.405930170430927,1.06380511380189,0.599643718686357
2021-03-03,1.01733587854014,1.01733587854014,0,83.64,0.268647580986461,0.96426831016751,0.96426831016751,1.38389135185512e-05,87.3,0.454759639370698,1.0550340271614,0.590746314598671
2021-03-04,0.990322567319134,0.990322567319134,0,85.02,0.257431382261576,0.915871388837814,0.915871388837814,1.6233903107994e-05,95.8,0.338737749548634,1.08128999266567,0.759972523300407
2021-03-05,0.998460910707362,0.998460910707362,0,82.52,0.29204128159889,0.94936835356978,0.94936835356978,1.73472347597681e-20,90.88,0.424985557001561,1.05171075795078,0.687179309479022
2021-03-08,1.01030515322544,1.01030515322544,0,85.04,0.322367198917142,0.974966938178244,0.974966938178244,1.46539480057914e-05,87.6,0.418167610829537,1.03624555219609,0.770904275148542
2021-03-09,0.977348677462554,0.977348677462554,0,88.42,0.366242549898991,0.950709398386757,0.950709398386757,1.41881943579674e-05,91.88,0.423934308625201,1.0280204225613,0.863913447077918
2021-03-10,0.973461642023442,0.973461642023442,0,86.14,0.341583758255652,0.937918067286086,0.937918067286086,0,88.96,0.427441357699569,1.0378962469933,0.799135956553219
2021-03-11,1.0034948754701,1.0034948754701,0,88.1,0.368092015138149,0.965289395307898,0.965289395307898,1.81377127188576e-05,92.62,0.343759800789515,1.03957930165598,1.07078260544936
2021-03-12,1.02067054828307,1.02067054828307,0,90.68,0.362946465485334,0.951147895253715,0.951147895253715,1.77287700276384e-05,91.36,0.376165666827336,1.07309342046203,0.964858033287579
2021-03-15,1.04734363583392,1.04734363583392,0,93.64,0.36698017487655,0.950554375015155,0.950554375015155,0,88.32,0.366300028226067,1.10182401276857,1.00185680206954
2021-03-16,1.01332531224872,1.01332531224872,0,95.22,0.357233162805206,0.945728241056056,0.945728241056056,0.00125183930454748,93.94,0.248251885147326,1.07147621087976,1.43899476369819
2021-03-17,1.01182760188282,1.01182760188282,0,94.8,0.31095242760816,0.969222870772615,0.969222870772615,1.94161082122065e-05,92.54,0.339472319437165,1.04395762047613,0.915987577790466
2021-03-18,0.989506094957097,0.989506094957097,0,93.18,0.29006207422738,0.961365095914309,0.961365095914309,1.71251408676346e-05,94.1,0.274635501626506,1.02927191673838,1.05617107951999
2021-03-19,1.01473189849046,1.01473189849046,0,88.82,0.326637441055993,0.955252140671298,0.955252140671298,1.36892982935927e-05,92.74,0.329025377932753,1.06226602934108,0.992742393028272
2021-03-22,1.01288265086607,1.01288265086607,0,89,0.31087652458177,1.03845255873122,1.03845255873122,1.92718631605991e-05,86.38,0.26025168968577,0.975376912840009,1.19452259832444
2021-03-23,1.03569655130961,1.03569655130961,0,90.2,0.29239405179657,1.02474981954442,1.02474981954442,0.00134972983950136,89.08,0.3133451774481,1.01068234563832,0.933137232804549
2021-03-24,1.03199400786351,1.03199400786351,1.93837975674101e-05,98.46,0.318748925978045,0.989675071339815,0.989675071339815,1.0842021724855e-21,86.58,0.245055778891365,1.04276043496418,1.30071989087574
2021-03-25,0.994255084666859,0.994255084666859,0,95.32,0.297780459959,0.99560570615975,0.99560570615975,0.00130302914073785,93.2,0.320187388379925,0.998643417284037,0.930019328574123
2021-03-26,0.993100592251981,0.993100592251981,0,92.48,0.332140621999122,0.937687128910502,0.937687128910502,0,90.12,0.297321040030992,1.05909589844308,1.11711105936028
2021-03-29,0.953930337904642,0.953930337904642,0,97.46,0.321518054882512,0.995104413657023,0.995104413657022,0,86.78,0.33735948993772,0.95862336134048,0.953042865169933
2021-03-30,0.989188378945595,0.989188378945595,0,90.52,0.309267773695001,1.0206225210905,1.0206225210905,1.66324887419898e-05,86.5,0.37222675068811,0.969201010662276,0.830858537499733
2021-03-31,0.976997937186334,0.976997937186334,0,93.92,0.285405559121239,0.995311613158419,0.995311613158419,0,93.9,0.282169959491278,0.981600057981872,1.01146684656224
2021-04-01,1.00096433906699,1.00096433906699,0,88.1,0.314629895177924,0.979301584060746,0.979301584060746,0,91.18,0.272079484939605,1.0221206167322,1.15638963094834
2021-04-02,1.03635387542536,1.03635387542536,0,87.8,0.268948552173871,0.957730688379701,0.957730688379701,0,91.48,0.278397091438473,1.08209321054405,0.966060926801418
2021-04-06,0.986394308735439,0.986394308735439,0,95.38,0.266497539471374,0.964740194661506,0.964740194661506,1.70393539587186e-05,94.2,0.234521550054985,1.02244553942477,1.13634563394661
2021-04-07,0.982082309545967,0.982082309545967,0,97.32,0.322467506165785,0.955605914737045,0.955605914737045,1.83104490867383e-05,91.36,0.26915812312957,1.02770639486488,1.19805972198191
2021-04-08,0.972638965749473,0.972638965749473,0,96.82,0.325886505000283,0.999567109152861,0.999567109152861,0,87.88,0.272937350697168,0.973060194601431,1.19399746560105
2021-04-09,0.976837379029637,0.976837379029637,0,93.56,0.295352021295359,0.99999272601469,0.99999272601469,0,90.24,0.321482849486561,0.976844484582068,0.918717815793485
2021-04-12,0.979422081409885,0.979422081409885,0,94.96,0.305056571879319,0.983101715342761,0.983101715342761,0,94.74,0.309823227078129,0.996257117777897,0.984614919792287
2021-04-13,0.94207691495125,0.94207691495125,0,90.28,0.327796478658597,1.00641224371221,1.00641224371221,2.23941591884326e-05,101.02,0.396802107712214,0.936074576633075,0.826095608585667
2021-04-14,0.960491300295681,0.960491300295681,0,92.82,0.309238674399914,1.00383852839016,1.00383852839016,2.19083896610844e-05,98.82,0.366825500550204,0.956818525222383,0.843013023729498
2021-04-15,0.97831910571368,0.97831910571368,1.46858119762411e-05,95.4,0.278538193262116,0.960962344209749,0.960962344209749,0,94.4,0.400950420965061,1.01806185394101,0.69469485177667
2021-04-16,0.931883190015224,0.931883190015224,0,95.16,0.348293768881477,0.945183238217143,0.945183238217143,0,100.56,0.392515520451641,0.985928603402864,0.887337571978604
2021-04-19,0.938538429365147,0.938538429365147,0,95.94,0.300900610282045,0.971580739193937,0.971580739193937,0,97.28,0.331146585564879,0.965991184781819,0.908662880424269
2021-04-20,0.911371265202826,0.911371265202826,0,101.54,0.277781049606401,0.917827101292793,0.917827101292793,0,98.64,0.268240277913919,0.992966174042067,1.03556800554592
2021-04-21,0.896356798788648,0.896356798788648,0,93.18,0.310804548639067,0.931886298769158,0.931886298769158,0,97.58,0.272631375259468,0.96187356759356,1.14001753592472
2021-04-22,0.936779757818698,0.936779757818698,0,89.46,0.38005971692131,0.889311924870641,0.889311924870641,0,99.08,0.245182357802082,1.05337590964493,1.55011037632693
2021-04-23,0.910017036724581,0.910017036724581,1.17851995296522e-05,92.78,0.333197905834816,0.931882252859392,0.931882252859392,0,94.64,0.276835242543756,0.976536503332132,1.20359641631304
2021-04-26,0.911990480263857,0.911990480263857,1.65263139685057e-05,101.48,0.353159010607958,0.963841341595716,0.963841341595716,1.58468248337414e-05,96.76,0.261845083842382,0.946203945510352,1.34873263773225
2021-04-27,0.939579407392183,0.939579407392183,0,97.6,0.354911120892618,0.958635812753989,0.958635812753989,0,94.86,0.275122034540423,0.980121329593289,1.29001343525784
2021-04-28,0.942437975086932,0.942437975086932,0,91.18,0.3490530330328,0.946156206115665,0.946156206115665,0,88.46,0.279420941048907,0.996070172129402,1.2492014081783
2021-04-29,0.962073283181881,0.962073283181881,0,87.88,0.339601049146073,0.968070077093726,0.968070077093726,0,87.5,0.23158441920818,0.993805413416095,1.46642442659665
2021-04-30,0.937695822438725,0.937695822438725,0,90.36,0.296595225755979,0.998619176335943,0.998619176335943,0,85.24,0.0421236042193123,0.938992405372433,7.04106952035218
2021-05-06,0.957377016684785,0.957377016684785,0,94.26,0.404393063533601,0.979393634101318,0.979393634101318,0,90.22,0.226703689278885,0.977520154665152,1.78379568863622
2021-05-07,0.925963931476465,0.925963931476465,0,91.76,0.43105704371361,0.999019837619049,0.999019837619049,0,89.9,0.346696719258284,0.926872416951502,1.24332599580349
2021-05-10,0.910707240262441,0.910707240262441,0,97.04,0.315893003521448,0.998619177457391,0.998619177457391,0,89.78,0.369721863962763,0.911966504169503,0.854407148486257
2021-05-11,0.956977356518562,0.956977356518562,0,95.44,0.35571705114472,1.00342066891257,1.00342066891257,0,92.08,0.275618593637368,0.953715013221387,1.29061340329143
2021-05-12,0.937066223510957,0.937066223510957,3.46944695195361e-20,99.8,0.278341983480841,0.98903339450186,0.98903339450186,0,88.28,0.240219291486048,0.947456606339286,1.1586995438999
2021-05-13,0.962185363287727,0.962185363287727,0.0012437526484621,104.08,0.301856740765293,1.01182640007664,1.01182640007664,0,82.76,0.14037653178697,0.950939176142121,2.15033622018373
2021-05-14,0.93358372689119,0.93358372689119,1.98791305880538e-05,107.8,0.345862503557971,0.999193928527733,0.999193928527733,0,90.26,0.183292506186131,0.934336869186928,1.88694295666813
2021-05-17,0.923897772788698,0.923897772788698,0,100.42,0.396435449235436,0.987384824772446,0.987384824772446,0,92.46,0.234092864106409,0.935701815147523,1.69349651365379
2021-05-18,0.878567311327273,0.878567311327273,0,103.42,0.310536721057883,0.983535021384302,0.983535021384302,0,91.62,0.200525165880933,0.893275066190028,1.54861720070723
2021-05-19,0.965362713577893,0.965362713577893,0,88.24,0.133543180428405,0.994490142354735,0.994490142354735,0,84.12,0.221432069993392,0.970711194071894,0.603088705409249
2021-05-20,0.924883326886682,0.924883326886682,0,99.04,0.361207978560938,1.01826964115837,1.01826964115837,1.62303319805477e-05,100.98,0.214464185395808,0.908289208970771,1.68423449301944
2021-05-21,0.912223510861864,0.912223510861864,0,94.86,0.39701235918768,1.01320903940928,1.01320903940928,1.93983570122198e-05,93.16,0.25168183829639,0.900331003159734,1.57743745784367
2021-05-24,0.932989243270108,0.932989243270108,0,91.66,-0.107577442287347,0.976962490730217,0.976962490730217,1.4712199771234e-05,94.56,0.344536211087337,0.954989830339093,-0.312238420303742
2021-05-25,0.943236155703944,0.943236155703944,0,92.94,0.305610201422247,0.967972399184014,0.967972399184014,1.67583621737247e-05,94.06,0.259900468712248,0.974445300815476,1.17587399105696
2021-05-26,0.998370040009514,0.998370040009514,0,91.88,-0.051931765808593,0.963139615533038,0.963139615533038,0,85.14,0.414772357059075,1.03657873054778,-0.125205464936991
2021-05-27,0.983451344005832,0.983451344005832,0,99.34,0.0990391262693565,0.962251557164283,0.962251557164283,1.45378355788769e-05,91.12,0.389135043026368,1.02203143937124,0.254510941752027
2021-05-28,0.985413255511375,0.985413255511375,0,96.18,0.35350302141458,0.9763704670336,0.9763704670336,0,90.52,0.465431256117371,1.00926163662575,0.759517150531537
2021-05-31,1.02307368261803,1.02307368261803,0,89.44,0.350752702817473,0.988998650189367,0.988998650189367,0,91.22,0.421241241602222,1.03445407374635,0.832664678043771
2021-06-01,1.02966387451864,1.02966387451864,0,84.3,0.322814768650611,0.98821535529625,0.98821535529625,1.86218795426643e-05,95.5,0.399376815001022,1.04194280022088,0.808296216819158
2021-06-02,1.02615303962208,1.02615303962208,0,88.72,0.263721231743591,0.953431593803258,0.953431593803258,0,82.9,0.350040902156478,1.07627337534382,0.753401188600811
2021-06-03,1.02514065050131,1.02514065050131,0,82.5,0.335724955522138,0.967589256489176,0.967589256489176,0,94.88,0.314670961740201,1.05947915773782,1.06690796527746
2021-06-04,1.02178876536653,1.02178876536653,0,82.58,0.338204695997778,0.971473659357293,0.971473659357293,0,92.9,0.34884945967223,1.05179255816625,0.969486082379337
2021-06-07,1.04006825676554,1.04006825676554,0,84.96,0.280049268831864,1.04237959892724,1.04237959892724,0,86.28,0.354860183444916,0.997782629126587,0.78918199870495
2021-06-08,1.06477366348005,1.06477366348005,1.64465627291127e-05,96.14,0.27343116301127,1.01781875719202,1.01781875719202,0,88.82,0.23816495982162,1.04613287577601,1.14807469249911
2021-06-09,1.03686378804282,1.03686378804282,0,78.36,0.243551300885075,1.02669588498924,1.02669588498924,0,85.66,0.248576826299675,1.00990351982729,0.979782808038019
2021-06-10,1.03279102190667,1.03279102190667,0,76.4,0.264117339361494,1.02713091587345,1.02713091587345,0,81.74,0.244180360467326,1.00551059845026,1.08164857671604
2021-06-11,0.991415670135504,0.991415670135504,0,80.34,0.335771491581602,1.0408563882339,1.0408563882339,0,84.38,0.286186566759922,0.95249996189937,1.17326083953925
2021-06-15,1.01729627449423,1.01729627449423,0,78,0.282683150587963,1.02147539102721,1.02147539102721,0,85.22,0.245354885899768,0.995908744772809,1.15213988729552
2021-06-16,1.03704092002042,1.03704092002042,0,89.12,0.2330184462222,1.05736147350017,1.05736147350017,1.09273131704068e-05,91.94,0.285938220659771,0.980781829119911,0.814925845465974
2021-06-17,0.992625463307471,0.992625463307471,0,96,0.157972098124292,1.03770849925394,1.03770849925394,0,84.78,0.210860702084174,0.956555202179724,0.749177521287161
2021-06-18,1.00668983961548,1.00668983961548,0,83.34,0.126485532585635,1.02407876757748,1.02407876757748,0,91.5,0.319279090346458,0.983019931168833,0.396159774974246
2021-06-21,1.0044511989071,1.0044511989071,0,93.76,0.319709190669071,1.01672154819168,1.01672154819168,0,87.6,0.0473968184435852,0.987931455464469,6.74537239349957
2021-06-22,0.968585641644624,0.968585641644624,1.9538058754048e-05,101.92,0.236856994125212,1.00932669688599,1.00932669688599,0,87.42,0.176084918378334,0.959635413026263,1.34512936318774
2021-06-23,0.937413824125024,0.937413824125024,0,86.44,0.234943023132137,0.995615798286295,0.995615798286295,0,80.2,0.204556928977828,0.941541733004387,1.14854590507468
2021-06-24,0.911704423671567,0.911704423671567,0,91.24,0.299318932124515,1.03160385064037,1.03160385064037,2.0027891683221e-05,93.8,0.128543517471298,0.883773769461629,2.32854163331379
2021-06-25,0.972400791923412,0.972400791923412,0,80.56,0.262804029346877,1.01973087458845,1.01973087458845,1.98595601920368e-05,98.74,0.139871191452556,0.953585711833876,1.87890034121873
2021-06-28,1.02108933667811,1.02108933667811,0,78.96,0.206417823452558,1.03553642848311,1.03553642848311,0,89.36,0.204906750212686,0.986048687996267,1.00737444343978
2021-06-29,1.02170438645837,1.02170438645837,0,88.18,0.199743909384152,1.04189130130994,1.04189130130994,1.3863479368501e-05,95.2,0.221460951753974,0.980624740002925,0.901937374522132
2021-06-30,0.980152198032823,0.980152198032823,0,83.9,0.22518856237449,1.05198569530574,1.05198569530574,0,90.04,0.191458802677761,0.931716279419524,1.17617241529239
2021-07-01,1.0072080980011,1.0072080980011,0,84.22,0.19009273465991,1.07993015759423,1.07993015759423,1.44156068939208e-05,89.72,0.189661920893809,0.932660404858833,1.00227148266806
2021-07-02,1.05833850677597,1.05833850677597,0,85.56,0.266751909462952,1.08004147334205,1.08004147334205,0,81.94,0.172400845038395,0.979905432243336,1.54727727351652
2021-07-05,1.07316599631184,1.07316599631184,0,79.36,0.244542372016965,1.1024634080641,1.1024634080641,1.43336683003891e-05,86.76,0.279704944353366,0.973425501891528,0.874286911810976
2021-07-06,1.02346421575461,1.02346421575461,0,87.5,0.245731564067566,1.07296078100088,1.07296078100088,0,82.22,0.20294713163893,0.953869175721315,1.21081565471325
2021-07-07,1.05429397031322,1.05429397031322,0,86.58,0.287200337586202,1.0396684823736,1.0396684823736,1.48299205055947e-05,87.46,0.164152400294999,1.01406745341191,1.74959572366943
2021-07-08,1.00656298732341,1.00656298732341,0,76.7,0.198894027385188,1.05554421805077,1.05554421805077,1.41555277992248e-05,93.14,0.195521423792994,0.953596230371276,1.01724927901387
2021-07-09,0.994588919345803,0.994588919345803,0,88.78,0.229306485137975,1.09696689004734,1.09696689004734,1.42539835727594e-05,88.72,0.176981268617223,0.90667177685088,1.29565398038773
2021-07-12,1.0306423129579,1.0306423129579,0,84.94,0.251785568764865,1.03569512824262,1.03569512824262,0,87.18,0.158877277913653,0.99512132948497,1.58478022830745
2021-07-13,1.02179468233779,1.02179468233779,0,78,0.23365535956761,1.10035537717323,1.10035537717323,1.47595923267433e-05,88.58,0.174829728362079,0.928604252348678,1.33647384662007
2021-07-14,1.03333227127631,1.03333227127631,0,83.9,0.221695186420499,1.08349952873843,1.08349952873843,1.57922003192586e-05,89.94,0.152052904731285,0.953698865452641,1.45801349084576
2021-07-15,1.04201165458748,1.04201165458748,0,90.44,0.241099256354855,1.08629291240394,1.08629291240394,1.02179942699414e-05,89.9,0.153422617290267,0.959236355764797,1.57147140762635
2021-07-16,1.0477999399726,1.0477999399726,0,85.18,0.248271182847629,1.06038095692134,1.06038095692134,1.13650744147514e-05,86.08,0.169075199651166,0.988135380151243,1.46840685895897
2021-07-19,1.05893081922501,1.05893081922501,0,82.76,0.230200687020882,1.06497492900985,1.06497492900985,0,86.6,0.142555086147469,0.994324645942178,1.61481917791938
2021-07-20,1.1310340015256,1.1310340015256,0,85.48,0.206095370628882,1.09535447958616,1.09535447958616,1.09793639130747e-05,87.82,0.102346622180648,1.03257349342554,2.01369978058593
2021-07-21,1.05242138674235,1.05242138674235,0,82.22,0.252338662587505,1.08750256094739,1.08750256094739,0,85.7,0.11903773305891,0.967741524972159,2.11982080054084
2021-07-22,1.06060925912292,1.06060925912292,0,91.64,0.286185724805061,1.10680655301916,1.10680655301916,1.31960215809241e-05,87.68,0.160633629231767,0.958260733305001,1.78160529755661
2021-07-23,1.03108065405784,1.03108065405784,0,83.66,0.287450008987614,1.05226686123359,1.05226686123359,0,86.54,0.162930383371536,0.979866127161971,1.76425049177066
2021-07-26,1.01924058087169,1.01924058087169,0,80.56,0.254976044381329,1.06793484419063,1.06793484419063,0,83.6,0.147370078221271,0.954403338758144,1.73017513092781
2021-07-27,1.03013742388368,1.03013742388368,0,84.44,0.228505346522534,1.13525493256118,1.13525493256118,1.48949380318272e-05,85.74,0.148558773132767,0.907406252408562,1.53814777615535
2021-07-28,1.04354953292909,1.04354953292909,0,75.72,0.150777302335208,1.12187240413491,1.12187240413491,1.438823067053e-05,85.9,0.150208536954578,0.930185580002556,1.00378650502935
2021-07-29,1.02119657676928,1.02119657676928,0,77.92,0.156287903010176,1.14023472883562,1.14023472883562,1.3565402490187e-05,81.34,0.118947708680248,0.895602064157524,1.31392108973116
2021-07-30,1.00006980282143,1.00006980282143,0,86.2,0.161345091849823,1.12834074621029,1.12834074621029,1.122206647875e-05,82.96,0.135607234887023,0.886318965419203,1.18979707818866
2021-08-02,0.996926223023941,0.996926223023941,0,85.14,0.122164895462572,1.12079542176034,1.12079542176034,0,78.38,0.138858589671263,0.889480991507043,0.87977917499946
2021-08-03,1.0280103449797,1.0280103449797,0,82.1,0.201807606332032,1.05619903471725,1.05619903471725,0,80.96,0.297075814442278,0.973311195323047,0.679313483364171
2021-08-04,1.0153988334542,1.0153988334542,0,78.42,0.192207029258933,1.06167517056663,1.06167517056663,0,80.1,0.275683797604776,0.956411962533008,0.697201035856605
2021-08-05,1.01688055581468,1.01688055581468,0,78.04,0.272646955430728,1.03562212603869,1.03562212603869,0,76.78,0.233329557932434,0.981903080522526,1.16850585860913
2021-08-06,1.04075768759564,1.04075768759564,0,81.88,-0.0656356374708906,1.08170221580874,1.08170221580874,0,80.92,0.296557717488698,0.962148059221183,-0.221325002184075
2021-08-09,1.0329672198942,1.0329672198942,0,80.62,0.282900211037028,1.07596349223296,1.07596349223296,0,78.56,0.36220815042992,0.960039283257161,0.781043194917735
2021-08-10,1.04972056718184,1.04972056718184,0,76.4489795918367,0.253376102881232,1.04086469400414,1.04086469400414,0,78.12,0.331238123669982,1.00850818865191,0.764936415150313
2021-08-11,1.01483601979074,1.01483601979074,0,76.84,0.246428837286081,1.04254570129923,1.04254570129923,0,77.64,0.346933519374586,0.973421134945008,0.710305645099719
2021-08-12,1.03128114373202,1.03128114373202,0,73.52,0.296049544334944,1.0792837718888,1.0792837718888,3.46944695195361e-20,81.18,0.301610754790848,0.955523626494656,0.98156163078548
2021-08-13,0.994928132560531,0.994928132560531,0,82.34,0.271912083228849,1.03668979805429,1.03668979805429,0,81.56,0.310492306846229,0.959716334073957,0.875744993461346
2021-08-16,0.999868784394573,0.999868784394573,0,89.36,0.225548764477059,1.0412396872633,1.0412396872633,0,87.3,0.331648015302932,0.960267646945481,0.680084770810523
2021-08-17,1.03440933587814,1.03440933587814,0,88.08,0.253533329876967,1.07911907853773,1.07911907853773,0,87.44,0.097746778278645,0.958568295613709,2.59377684197656
2021-08-18,1.03033122778801,1.03033122778801,0,81.94,0.24913075532056,1.09345766284767,1.09345766284767,0,85.8,0.147703783032509,0.942268971900331,1.68669177055355
2021-08-19,1.02889514334157,1.02889514334157,0,86.14,0.272480341093532,1.090590373014,1.090590373014,0,92.18,0.0825447050133327,0.943429511942301,3.30100326907123
2021-08-20,1.01371702958416,1.01371702958416,0,74.66,0.278728866009644,1.13482038022408,1.13482038022408,1.35812933179639e-05,88.64,0.222848420673086,0.89328412429815,1.25075540211494
2021-08-23,1.08180852422985,1.08180852422985,0,93.76,0.193598170135103,1.10240751595233,1.10240751595233,0,80.62,0.143732759330601,0.981314539837218,1.3469314235442
2021-08-24,1.04070566522801,1.04070566522801,0,82.22,0.2524099974288,1.11108647784821,1.11108647784821,1.41345270336236e-05,86.24,0.139454614132597,0.936655864306351,1.80997953347605
2021-08-25,1.05187380858039,1.05187380858039,0,76.56,0.3193841457938,1.129583750314,1.129583750314,1.29904483092567e-05,86.46,0.171943820542561,0.931204798482627,1.85749127119543
2021-08-26,1.08435273549657,1.08435273549657,0,81.68,0.377297076897773,1.12947065367814,1.12947065367814,1.26279628596988e-05,85.36,0.110400521356691,0.96005392611606,3.41752984733443
2021-08-27,1.07832351491203,1.07832351491203,0,68.32,0.362632650924642,1.14400620981563,1.14400620981563,1.60492278796705e-05,80.1,0.170346391128547,0.942585368558284,2.1287956176952
2021-08-30,1.04205336426106,1.04205336426106,0,76.32,0.20529329421824,1.12088883558003,1.12088883558003,1.42766945543748e-05,83.28,0.193558206149567,0.929667002813726,1.06062821257811
2021-08-31,1.03136633650921,1.03136633650921,0,88.28,0.210971841690957,1.08639159586366,1.08639159586366,0,78.08,0.204964928565065,0.949350437205186,1.02930702909979
2021-09-01,1.01380352936511,1.01380352936511,0,75.28,0.322877586291589,1.05298620589491,1.05298620589491,0,80.74,0.155251452630569,0.962788993521055,2.07970734457407
2021-09-02,0.980436740835335,0.980436740835335,0,81.34,0.266055266617006,1.08540100984848,1.08540100984848,0,79.54,0.168571171097571,0.903294480048628,1.57829636517748
2021-09-03,1.02321085111764,1.02321085111764,3.15900789660449e-05,90.44,0.272398325720595,1.05825599164653,1.05825599164653,0,81.26,0.122207778309272,0.966884061318321,2.22897698893793
2021-09-06,1.00428349973101,1.00428349973101,0,87.12,0.317664609351313,1.05676642925583,1.05676642925583,0,83.58,0.221552008831987,0.950336301313259,1.43381507135064
2021-09-07,0.981799140626449,0.981799140626449,0,90.34,0.257302120127134,1.04833088160098,1.04833088160098,0,85.44,0.184483598291537,0.936535551759264,1.39471542462286
2021-09-08,1.00723535873236,1.00723535873236,0,90.68,0.293529623355266,1.03113117037549,1.03113117037549,0,87.48,0.197870871548528,0.976825633508463,1.48344029142904
2021-09-09,1.01518080496836,1.01518080496836,0,89.88,0.171542201587823,1.02763984624197,1.02763984624197,0,88.82,0.228540249326264,0.98787606249488,0.750599520625052
2021-09-10,1.01621424666818,1.01621424666818,3.28643243755743e-05,88.24,0.337474503108043,1.07129246490271,1.07129246490271,0,87.1,0.181594966473523,0.948587131862695,1.85839128507589
2021-09-13,0.995004558646408,0.995004558646408,3.38413612544826e-05,91.2,0.27768314876777,1.08724107445461,1.08724107445461,1.5644978589078e-05,91.86,0.203213492545085,0.915164614384649,1.36646019558058
2021-09-14,0.980098912250908,0.980098912250908,0,88.9,0.239218286100511,1.06778060109295,1.06778060109295,0.00135367055483891,93.96,0.0511278493375926,0.917884171380997,4.67882551681323
2021-09-15,0.966730130139756,0.966730130139756,0,90.44,0.268801464795019,1.09431717590225,1.09431717590225,0.00130130844913637,89.74,0.0471591961507603,0.883409446025279,5.69987376238782
2021-09-16,0.947330805735797,0.947330805735797,0,89.42,0.238526939016372,1.05336509627171,1.05336509627171,2.37238590144213e-05,88.72,0.0680103805884877,0.899337569745561,3.50721370697267
2021-09-17,0.956430912487307,0.956430912487307,0,96.52,0.313927732767618,1.0689676037821,1.0689676037821,2.12079989963268e-05,93.06,-0.0176518157402168,0.894723945892626,-17.7844442400554
2021-09-22,0.974256608557293,0.974256608557293,0,89.92,0.356533816469497,1.07590242266999,1.07590242266999,1.8687902120749e-05,92.1,0.172085460817168,0.905525062523372,2.07184159996118
2021-09-23,0.990309669106029,0.990309669106029,0,96.68,0.374468857069109,1.09846237351825,1.09846237351825,0.00130144849181962,94.46,0.194819483415331,0.901541730495676,1.92213248133293
2021-09-24,0.930898549985504,0.930898549985504,0,87.74,0.240603586034208,1.07258092107363,1.07258092107363,2.14882720583329e-05,91.26,0.163189469446203,0.867905191762775,1.47438181428444
2021-09-27,0.948031232214145,0.948031232214145,0,97.34,0.344052188564201,1.07231438338129,1.07231438338129,2.19943366779747e-05,91.42,0.154576418639385,0.884098214951436,2.22577409667414
2021-09-28,0.96734493314809,0.96734493314809,0,96.84,0.298341520735593,1.02383840108132,1.02383840108132,0.00131198889455255,94.14,0.126987247636129,0.944821889984234,2.34938173942052
2021-09-29,0.933340591466905,0.933340591466905,2.06939712612646e-05,96.58,0.260616094578932,1.05752493950314,1.05752493950314,0.000785366513892658,93.54,0.13956359510986,0.882570761787823,1.86736443965766
2021-09-30,0.926183875210664,0.926183875210664,0,94.82,0.268864400205892,1.0545280235451,1.0545280235451,2.31018865188291e-05,95.2,0.167598743827976,0.87829233034228,1.60421488887683
2021-10-08,1.02105069068728,1.02105069068728,2.44225456452613e-05,88.78,0.232741018799236,1.05449629433394,1.05449629433394,0,94.42,0.146865781564798,0.968282862797745,1.58471916548205
2021-10-11,1.0034853708243,1.0034853708243,0,93.6,0.326673753984882,1.0691313078468,1.0691313078468,1.75281372565408e-05,93.02,0.155392608244566,0.93859880770426,2.10224770454167
2021-10-12,0.950185401146172,0.950185401146172,0,98.1,0.237834480263359,1.05710566037529,1.05710566037529,0.00134424162952176,94.58,0.205606433347044,0.898855655364519,1.15674629626942
2021-10-13,1.01331432369197,1.01331432369197,0,92.64,0.27111834726764,1.09721130979976,1.09721130979976,0.00135198797599703,91.26,0.187016328564332,0.92353616358266,1.44970414802244
2021-10-14,0.997758771498154,0.997758771498154,2.08671865382907e-05,96.86,0.311236287661317,1.05963593786093,1.05963593786093,2.74625728870556e-05,97.12,0.208185270624645,0.941605258795123,1.49499667640979
2021-10-15,0.987943128385317,0.987943128385317,0,93.64,0.327650322083694,1.05213255833635,1.05213255833635,0.001360638056405,94.2,0.203711208064072,0.938991119091942,1.60840596448989
2021-10-18,1.03430692050631,1.03430692050631,2.23819234142135e-05,91.72,0.374016509922653,1.05283759869498,1.05283759869498,2.62001939946758e-05,95,0.194643256635324,0.982399300507853,1.92154876766882
2021-10-19,1.02699612365776,1.02699612365776,0,88.24,0.320431098442255,1.08866341233427,1.08866341233427,0.00135803350276279,96.34,0.18875799797164,0.943355046217376,1.69757627165763
2021-10-20,1.01917943112743,1.01917943112743,0.00110530545194718,100.38,0.398078991170477,1.04982093899783,1.04982093899783,0,87.16,0.166106313179378,0.970812634105342,2.39653137530415
2021-10-21,1.00929259075331,1.00929259075331,1.87226774981384e-05,97.84,0.425090359294284,1.05613965051163,1.05613965051163,0,88.54,0.169070297165657,0.955643119983591,2.51428173026617
2021-10-22,1.02762845662373,1.02762845662373,1.95362440690402e-05,99.54,0.394182746183106,1.06391811846329,1.06391811846329,2.16807928346517e-05,93.74,0.206249366397324,0.965890550024676,1.9111949436186
2021-10-25,0.997816594102052,0.997816594102052,1.732948706509e-05,101.52,0.367983643063393,1.04468210876835,1.04468210876835,0.00121788367873347,98.52,0.188916777210306,0.955138970723303,1.94786110845912
2021-10-26,1.02999383859886,1.02999383859886,0.00125364003674951,98.28,0.393093403231297,1.05847315914879,1.05847315914879,0.00123153204721238,96.28,0.247688441341167,0.973093960575409,1.58704782953456
2021-10-27,1.0220160418798,1.0220160418798,0.00131671024850742,102.04,0.378127619944376,1.05359340642219,1.05359340642219,1.84258016427272e-05,93.92,0.195613531832501,0.970028889370501,1.93303406161164
2021-10-28,1.00471467327925,1.00471467327925,2.22112789172597e-05,100.34,0.309652928305109,1.09417545682438,1.09417545682438,2.21470033024974e-05,98.38,0.210239984778987,0.918239087719282,1.47285459818992
2021-10-29,1.03270468256323,1.03270468256323,2.05075399717003e-05,100.38,0.342140142498384,1.04986345299942,1.04986345299942,1.96879029241476e-05,97.32,0.227056650645204,0.9836561884432,1.50684924456588
2021-11-01,1.03634997271386,1.03634997271386,2.0582939541353e-05,91.32,0.327027967191031,1.11361600142071,1.11361600142071,0.00139800138619271,92.42,0.200477403299702,0.930616991307344,1.63124602478087
2021-11-02,1.04646295177396,1.04646295177396,2.13273592370372e-05,92.06,0.353996760758893,1.09231713671019,1.09231713671019,0.00127107194897587,92.42,0.134935614307133,0.958021179568486,2.62344943235775
2021-11-03,1.04893422439944,1.04893422439944,0,91.08,0.324373880083506,1.07245277283041,1.07245277283041,0,85.2,0.0952802078479322,0.978070317848218,3.40442036609753
2021-11-04,1.02897100010229,1.02897100010229,0.00128209190883569,99.34,0.365361778462446,1.0744308218417,1.0744308218417,0,87.38,0.101055659887101,0.957689391615287,3.61545091952915
2021-11-05,1.02773922736697,1.02773922736697,2.1104238825617e-05,92.84,0.342569590998175,1.14751973698652,1.14751973698652,2.16418601358381e-05,89.9,0.0653026401310849,0.89561790899205,5.24587658799889
2021-11-08,1.02159894591544,1.02159894591544,0,91.6,0.364358072896627,1.07649807708835,1.07649807708835,1.20476619209075e-05,94.02,0.092671915665881,0.949002109394016,3.93169894329456
2021-11-09,1.04206731335475,1.04206731335475,1.92811755733322e-05,91.5,0.389931181446807,1.1228260982129,1.1228260982129,0,85.76,0.06802838748912,0.92807542950178,5.73188922799574
2021-11-10,1.04091878260423,1.04091878260423,0,85.68,0.384259917132538,1.10289466109004,1.10289466109004,2.30429732671993e-05,88.98,0.112152162149178,0.943806166923904,3.42623726345479
2021-11-11,1.01805074641249,1.01805074641249,0.00130342666179239,93.12,0.359974385515856,1.10870022909944,1.10870022909944,0.00136775908927346,88.64,0.0862936900326247,0.918238059028292,4.17150298451442
2021-11-12,1.05068564092816,1.05068564092816,0.0013461414919192,96.94,0.384162108031661,1.10737994689011,1.10737994689011,2.56613982620235e-05,86.78,0.0782244619454978,0.948803203343925,4.91102269644657
2021-11-15,1.09520012955691,1.09520012955691,0.00138420562198323,97.26,0.397444716548912,1.08942118749421,1.08942118749421,0,92.22,0.124355563552609,1.00530459856026,3.19603486321521
2021-11-16,1.05399067889391,1.05399067889391,2.23055394959193e-05,90.38,0.470705735500477,1.15443967100676,1.15443967100676,3.01103428906425e-05,87.06,0.0833834593849552,0.9129889637063,5.64507324321214
2021-11-17,1.07354289809697,1.07354289809697,2.0942705064119e-05,93.22,0.418964082052197,1.13586990713978,1.13586990713978,2.90030776791086e-05,88.48,0.135847542129395,0.945128391331573,3.08407554148555
2021-11-18,1.0810212841424,1.0810212841424,0.00132654515350975,94.66,0.46284065259448,1.13517495035915,1.13517495035915,2.98114918911971e-05,85.78,0.13317711996185,0.952294872081509,3.47537664673231
2021-11-19,1.0913919622355,1.0913919622355,0.00134927029234401,99.36,0.430271879090023,1.09677144946124,1.09677144946124,2.86153333657509e-05,92.26,0.109756713221114,0.995095161140108,3.92023290842543
2021-11-22,1.01942989361165,1.01942989361165,0.00127175578202062,96.52,0.440257754137253,1.11277038387068,1.11277038387068,2.15121529954861e-05,87.94,0.114881019399561,0.916118822344684,3.83229324076606
2021-11-23,1.03019832817433,1.03019832817433,2.1023632655628e-05,95.44,0.448584506965984,1.09470020791301,1.09470020791301,0.00141325745778341,90,0.0656608745554802,0.941078041940227,6.83183874724289
2021-11-24,1.00089712306058,1.00089712306058,1.98289993040662e-05,92.12,0.465294369007217,1.06716511565373,1.06716511565373,2.49975401884575e-05,94.8,0.0888534430333277,0.937902774724268,5.23664984859047
2021-11-25,0.990882763280957,0.990882763280957,1.85046266013011e-05,96.34,0.393773485188602,1.07931374656638,1.07931374656638,0.00124685256551924,93.38,0.0840786559974004,0.918067398319764,4.68339414465399
2021-11-26,0.995244956441416,0.995244956441416,0.00101454591914794,101.62,0.460097872627637,1.06554352066413,1.06554352066413,2.16631143839097e-05,92.14,0.194348669252595,0.93402562836767,2.36738370474587
2021-11-29,1.01033938381583,1.01033938381583,0.00122554203415923,95.48,0.353529914188602,1.04830333671573,1.04830333671573,0.00138379387083742,95.46,0.0994221814101292,0.963785336199693,3.55584547808547
2021-11-30,1.00644012983516,1.00644012983516,4.22681208508612e-05,94.18,0.345202948320012,1.05761561901261,1.05761561901261,0.00140019631786634,94.02,0.0966652862891748,0.951612392765883,3.57111597732546
2021-12-01,1.0016176947857,1.0016176947857,0.00125460908570995,101.74,0.366257495063702,1.05107157175213,1.05107157175213,0.00137720419725178,89.08,0.153134100941452,0.952949087107371,2.39174352944243
2021-12-02,1.00595622797489,1.00595622797489,0.00101243478334431,104.4,0.312947123072361,1.09387365391236,1.09387365391236,0.00141519658700593,86.86,-0.0634987453685346,0.919627439948824,-4.92839852592481
2021-12-03,1.00477796021056,1.00477796021056,3.97240550883622e-05,94.8,0.465500340982793,1.09850482769976,1.09850482769976,0.00139652547778161,84.8,-0.0808057107491138,0.914677782813699,-5.76073567904231
2021-12-06,1.03826667290374,1.03826667290374,2.4202168548713e-05,94.4,0.424902308232566,1.06364300940621,1.06364300940621,2.47395471226987e-05,87.1,0.0329296481960965,0.976142054920624,12.903335793394
2021-12-07,1.00653535022327,1.00653535022327,0.001104136065482,103.22,0.345947323069206,1.0413658060974,1.0413658060974,0.00133994685095095,83.94,0.00813044593144664,0.966553102022182,NA
2021-12-08,0.973492577634667,0.973492577634667,0.00117205522209715,102.94,0.3524027509627,1.0575986059665,1.0575986059665,0.00133217126749625,85.28,0.257420814427235,0.920474527994512,1.36897535557411
2021-12-09,0.990104514854843,0.990104514854843,0.00118332878050994,98.68,0.313539702375604,1.05586335577898,1.05586335577898,0.00134288258008201,91.68,0.0678499457482188,0.937720311473805,4.6210752111594
2021-12-10,0.993868657775847,0.993868657775847,2.26518097448973e-05,90.82,0.375170469757296,1.09237040202825,1.09237040202825,0.00134517791157792,90.34,0.221989222466559,0.909827523640777,1.6900391180649
2021-12-13,0.98301872749852,0.98301872749852,2.12215477376165e-05,91.54,0.328949907046961,1.05363750931244,1.05363750931244,2.50315235204318e-05,92,0.123741805842499,0.93297620748145,2.65835709126191
2021-12-14,0.998715667778783,0.998715667778783,0.0012095373430503,103.58,0.365866953386001,1.03634318474927,1.03634318474927,0.0010639886914729,94.48,0.0947110508220043,0.96369203028089,3.86298061536235
2021-12-15,1.01373215914589,1.01373215914589,2.25518600212235e-05,93.62,0.354351061643678,1.04036139432958,1.04036139432958,0.00134965569528288,94.88,0.107625717686317,0.974403860688381,3.29243854778705
2021-12-16,1.02486102567233,1.02486102567233,0.00118055916671034,93.14,0.365259673800486,1.03354015861384,1.03354015861384,0.00136168717104769,98.44,0.0650219219790256,0.991602519873874,5.61748503709733
2021-12-17,1.00796791070727,1.00796791070727,0.00110630492036212,93.16,0.3551085535086,1.05109025640371,1.05109025640371,0.00138716869198097,95.62,0.0893483459879956,0.958973698563257,3.97442783726865
2021-12-20,1.03824364961756,1.03824364961756,0.00130495717008342,95.96,0.354538078871697,1.08702147104719,1.08702147104719,2.63637042810408e-05,92.42,-0.0526876609083873,0.9551270855923,-6.72905330696241
2021-12-21,1.00524926468395,1.00524926468395,0.00122606899468225,102.22,0.343045500322956,1.06788334762882,1.06788334762882,2.83093888492521e-05,93.1,0.136672843372965,0.941347448591695,2.50997558737272
2021-12-22,1.03138417243775,1.03138417243775,2.62015311397377e-05,93.78,0.352790053474321,1.05260399579513,1.05260399579513,2.76202726541568e-05,92.26,0.152820993940626,0.97984063955471,2.3085182498642
2021-12-23,1.0139366989178,1.0139366989178,0.00108657672608567,99.46,0.354845933142999,1.04246408489883,1.04246408489883,0.00138664276612956,94.18,-0.128478497331645,0.972634658215783,-2.76190911718888
2021-12-24,0.988550362372917,0.988550362372917,0.00118964192330564,100.26,0.341919479130934,1.06972841508401,1.06972841508401,0.00139359574971302,89.68,-0.0998485693099781,0.924113399656945,-3.42438035410854
2021-12-27,0.985661860405195,0.985661860405195,0,87.48,0.403451684989712,1.10090399237379,1.10090399237379,0.00137901672161142,89.64,-0.0268384615025976,0.895320452312912,-15.0325936138576
2021-12-28,0.962149868811509,0.962149868811509,0,100.4,0.338295345289376,1.07329553428777,1.07329553428777,0.00139748178795032,87.1,-0.0432997766279485,0.896444490892231,-7.81286583060611
2021-12-29,0.975290340629874,0.975290340629874,0,92.14,0.373749560971801,1.10514108733031,1.10514108733031,2.74277208008638e-05,90.72,0.0124611556085286,0.882503014149883,29.9931701933007
2021-12-30,0.951143038982735,0.951143038982735,0,97.74,0.320683162118272,1.07240151244468,1.07240151244468,0.00137912993810305,90.18,0.0411542509460887,0.886928102902879,7.79222449069381
2021-12-31,0.9238805854209,0.9238805854209,0,97.92,0.282273197424761,1.06724383955465,1.06724383955465,2.38522640084645e-05,89.32,0.0326633475349276,0.865669635353831,8.64189431664714
2022-01-04,0.950344557201342,0.950344557201342,0,92.62,0.274639308073385,1.07441793133035,1.07441793133035,0.00124253512891959,93.66,0.0595465499877111,0.884520380281272,4.61217833997206
2022-01-05,0.945601664896953,0.945601664896953,0,94.72,0.215002390785112,1.09222588590289,1.09222588590289,0.00119132236386704,95.04,0.0275226700304657,0.865756504310708,7.81182895944031
2022-01-06,0.932884098190655,0.932884098190655,0,92.82,0.241901257417929,1.05563906611711,1.05563906611711,1.96907192228085e-05,93.4,-0.0524594490640695,0.883715019776622,-4.61120468730983
2022-01-07,0.953094885282866,0.953094885282866,0,86.92,0.220334881460705,1.06780520075358,1.06780520075358,1.92766433374913e-05,89.3,0.0797965804316298,0.892573743422714,2.76120706261955
2022-01-10,0.964386287403261,0.964386287403261,0,84.18,0.158408200603045,1.03369762704715,1.03369762704715,1.86655293419729e-05,89.3,0.0875765590439263,0.932948148636185,1.80879680969872
2022-01-11,0.956107525139503,0.956107525139503,0,84.06,0.217704011708959,1.04340616762398,1.04340616762398,0,86.54,-0.0187944646025191,0.916333020454276,-11.5834111964955
2022-01-12,0.95640030559314,0.95640030559314,0,84.64,0.218706606559548,1.06861468592668,1.06861468592668,0,89,0.130165645433121,0.894990793396936,1.68021758607512
2022-01-13,0.95571745882787,0.95571745882787,0,83.4,0.202773936881688,1.08094439503666,1.08094439503666,2.36535429093489e-05,88.24,0.10852324685539,0.884150436614693,1.86848387564269
2022-01-14,0.963334952074113,0.963334952074113,0,86.14,0.185399070386761,1.03617615087416,1.03617615087416,2.06510069967878e-05,86.14,0.259514367653872,0.929701915317585,0.714407730342072
2022-01-17,1.00428843002608,1.00428843002608,0,81.54,0.167622559067005,1.00090041759734,1.00090041759734,2.23241667007113e-05,95.86,0.236441207297378,1.0033849645471,0.70893970210608
2022-01-18,0.953748535465589,0.953748535465589,0,87.38,0.149535549151877,1.04086058849764,1.04086058849764,0,87.48,0.201394605988843,0.916307665027665,0.742500269149023
2022-01-19,0.967719139976101,0.967719139976101,0,88.2,0.247833329146514,1.08126220888517,1.08126220888517,2.20625812532867e-05,88.82,0.216731679855463,0.894990254929806,1.14350301401158
2022-01-20,0.94981029291283,0.94981029291283,0,85.9,0.250824484171364,1.05823500060404,1.05823500060404,2.38808244072929e-05,91.92,0.226005587601229,0.89754193763264,1.10981541135136
2022-01-21,0.972551265191479,0.972551265191479,0,84,0.249572818516685,1.04498496661741,1.04498496661741,0.00132223237637132,93.54,0.244671554983815,0.930684456006676,1.02003201203014
2022-01-24,0.986152933987647,0.986152933987647,0,83.96,0.244981143949383,1.05214023228213,1.05214023228213,0.00136022069789176,93.18,0.283469804703295,0.937282791523563,0.864223066741811
2022-01-25,0.964697079318807,0.964697079318807,0,85.74,0.165722686477277,1.03639718909341,1.03639718909341,1.80453543708443e-05,91.18,0.260579022066963,0.930817923351062,0.635978618550075
2022-01-26,0.930702235080801,0.930702235080801,0,83.3,0.0947299087127673,1.04003222093664,1.04003222093664,1.90503931634033e-05,90.4,0.239590099322655,0.894878270446875,0.395383235703721
2022-01-27,0.960434780880576,0.960434780880576,0,93.16,0.172326449742812,1.02522040827442,1.02522040827442,1.75067238824753e-05,90.54,0.245352959419441,0.936808098169951,0.702361406809906
2022-01-28,1.03135833346062,1.03135833346062,0,87.38,0.324199713896824,1.02927041871836,1.02927041871836,0,84.9,0.245554951380043,1.00202853856896,1.32027357654484
2022-02-07,0.988869129893623,0.988869129893623,0,92.04,0.104846367842732,1.00718510286369,1.00718510286369,0.00118372787453131,93.2,0.317317072184329,0.981814690350373,0.330415149493838
2022-02-08,0.964872073002239,0.964872073002239,0,99.58,0.182404627388868,1.00302935180345,1.00302935180345,1.91988482223021e-05,92,0.297493168528961,0.961957963909424,0.613138877409585
2022-02-09,0.957797504313029,0.957797504313029,0,99.48,0.209537503711391,1.02154006985507,1.02154006985507,0.00134208762389952,94.86,0.350088012666232,0.937601502453949,0.598528073313841
2022-02-10,0.983363226041458,0.983363226041458,0,95.18,0.228834131221657,1.03758539313463,1.03758539313463,0.00103567081178041,93.04,0.335190789735937,0.947741971454166,0.68269814752945
2022-02-11,1.01400086363829,1.01400086363829,0,92.32,0.300150408262228,1.05890464975912,1.05890464975912,0.00127978872171897,93.86,0.309018736538104,0.957594117533584,0.971301648646853
2022-02-14,1.02709799863199,1.02709799863199,0,91.14,0.109979632868098,1.06056323305881,1.06056323305881,2.33586223801749e-05,93.24,0.389019792368232,0.968445790516141,0.282709607648947
2022-02-15,1.03148133594427,1.03148133594427,0,95.92,0.191363102975933,1.0511942673476,1.0511942673476,0,85.22,0.322194831130972,0.981247109106603,0.593935980612128
2022-02-16,1.00856491713079,1.00856491713079,0,90.72,0.482226673848324,1.07365629704599,1.07365629704599,2.59905466682432e-05,92.32,0.291612936012004,0.939374099426143,1.65365323103661
2022-02-17,0.984422947098959,0.984422947098959,0,86.08,0.439886282752372,1.07186739531019,1.07186739531019,0.00129118650066083,96.76,0.332817846385545,0.918418594880459,1.32170280989919
2022-02-18,1.00123603554452,1.00123603554452,0,91.98,0.285254408119328,1.06306856757578,1.06306856757578,2.71007479320321e-05,91.66,0.325103031665928,0.941835800702618,0.877427708556259
2022-02-21,0.989702191738096,0.989702191738096,0,96.44,0.192735243408409,1.05977395843744,1.05977395843744,2.21890810612364e-05,86.62,0.268902990237719,0.933880459940095,0.716746374735457
2022-02-22,1.00257105865769,1.00257105865769,0,94.3,0.215809139365825,1.01927167525702,1.01927167525702,1.66088232120822e-05,89.84,0.34946748167834,0.983615146967448,0.617537111977881
2022-02-23,0.911993188174547,0.911993188174547,0,105.16,0.318276977225692,1.0303128766139,1.0303128766139,0,85.44,0.346994040866409,0.885161399876702,0.91724047027144
2022-02-24,0.984922069286188,0.984922069286188,0,93.24,0.322101871550488,0.99082415006984,0.99082415006984,0,88.68,0.362015241488897,0.994043261073889,0.88974671404924
2022-02-25,0.930631541192393,0.930631541192393,0,88.06,0.319468355389686,1.01831715918643,1.01831715918643,0,87.46,0.336820548919576,0.913891642497617,0.948482378567607
2022-02-28,0.953295067758059,0.953295067758059,0,91.02,0.318380278730228,0.982417487303927,0.982417487303927,0,88.2,0.39425069041811,0.970356370970361,0.807557948453001
2022-03-01,0.973791611003373,0.973791611003373,0,94.42,0.270864343461352,0.974816450363391,0.974816450363391,0,87.14,0.250379932979407,0.998948684791239,1.08181330763288
2022-03-02,1.00830432616768,1.00830432616768,0,101.42,0.280119513487132,0.989383702971873,0.989383702971873,0,93.28,0.394018720026217,1.01912364549666,0.710929453982524
2022-03-03,0.950950430873818,0.950950430873818,0,101.44,0.31370964078449,1.03204087981163,1.03204087981163,0,95.76,0.356910248498744,0.921427096034592,0.878959464190321
2022-03-04,0.961207755294827,0.961207755294827,0,103.54,0.249841423347794,1.05807023006505,1.05807023006505,0,87.06,0.34866599896892,0.908453643229084,0.716563771880909
2022-03-07,0.943319393502469,0.943319393502469,0,105.82,0.265990828239069,1.00580023816925,1.00580023816925,0.00130184707548894,94.02,0.358273059407304,0.937879469207021,0.7424248663271
2022-03-08,0.935124124541409,0.935124124541409,8.67361737988403e-21,101.82,0.287957517315695,1.02072435604167,1.02072435604167,0.0012635511039363,94.42,0.400102610106402,0.916137759431727,0.719709169703033
2022-03-09,0.936249105505548,0.936249105505548,0,103.74,0.312273972429082,0.977444602422229,0.977444602422229,2.65256857021657e-05,95.8,0.430498426875246,0.957853880603982,0.725377731797324
2022-03-10,0.95121393902535,0.95121393902535,1.29446307645895e-05,113.14,0.286372396565859,0.986362099735609,0.986362099735609,0.00131179016026159,95.52,0.378932095289212,0.964365864503837,0.755735394615467
2022-03-11,0.964167639731957,0.964167639731957,1.67693121719431e-05,108.94,0.25730965637034,0.942974360839142,0.942974360839142,0.00128736954618105,98.18,0.322729615337472,1.0224749259078,0.797291739406304
2022-03-14,0.984312404536751,0.984312404536751,1.6020852055916e-05,102.94,0.235270283565398,0.943433816089941,0.943433816089941,0.00122964098983565,98.7,0.316633441547092,1.04332957728421,0.74303675068512
2022-03-15,0.98499713871649,0.984997138716489,1.53751101760744e-05,103.94,0.304305328747811,0.992141799833407,0.992141799833407,8.67361737988404e-21,91.04,0.407634724631437,0.992798750019285,0.746514735767295
2022-03-16,0.977089870218387,0.977089870218387,1.76438163349342e-05,94.7,0.329217123252048,1.01644833719271,1.01644833719271,0,88.82,0.449490087318746,0.961278438328675,0.7324235451239
2022-03-17,0.980788308499129,0.980788308499129,0,99.28,0.304543765741385,0.979068565616773,0.979068565616773,1.97628672669388e-05,93.12,0.383380202760663,1.00175650913812,0.794364872125403
2022-03-18,1.006364878734,1.006364878734,0,98.84,0.32623759063042,1.00748668243337,1.00748668243337,0,94.72,0.401162661419482,0.998886532478363,0.813230198134729
2022-03-21,0.962160181571443,0.962160181571443,2.15306073535432e-05,98.88,0.25582223430101,0.978690520091174,0.978690520091174,1.62598711958581e-05,89.94,0.400255555180646,0.983109738798542,0.639147242280124
2022-03-22,0.967416521377397,0.967416521377397,2.35253435532462e-05,108.3,0.370709719922251,0.9788760974843,0.9788760974843,0,93.66,0.447071099237951,0.9882931290933,0.829196341597877
2022-03-23,0.972004021184888,0.972004021184888,2.08721193690177e-05,101.48,0.409143610835771,0.966797176060712,0.966797176060712,0,89.8,0.406365718923099,1.00538566439074,1.00683594059074
2022-03-24,0.959894580117024,0.959894580117024,0,95.74,0.275383016403434,0.966683357369106,0.966683357369106,0,91.74,0.427257478324935,0.992977248237149,0.644536445524779
2022-03-25,0.982515803268322,0.982515803268322,0,97.58,0.363620120348864,0.9577995572073,0.9577995572073,0,94.28,0.336191361803131,1.02580523855439,1.0815867439265
2022-03-28,0.963688276771834,0.963688276771834,0,105.04,0.294570301175842,0.984089736491757,0.984089736491757,2.1650068161494e-05,97.96,0.364021404609451,0.979268699831528,0.809211484395756
2022-03-29,0.969383101456579,0.969383101456579,0,94.22,0.312131364696933,1.0253734654133,1.0253734654133,2.12299182253228e-05,96.08,0.353342685192976,0.945395150308333,0.8833672742552
2022-03-30,0.968485615540884,0.968485615540884,0,95.02,0.310208153797912,0.974467714398334,0.974467714398334,2.05108764857766e-05,94.64,0.45315580836455,0.993861162592603,0.684550761729086
2022-03-31,0.991120522881712,0.991120522881712,0,94.22,0.304332166136915,0.952664815495715,0.952664815495715,0,91.68,0.371902955480897,1.04036646127839,0.818310695443097
2022-04-01,0.947874358807781,0.947874358807781,1.96455582946342e-05,104.86,0.331032709443503,0.973543331565005,0.973543331565005,2.0048484166708e-05,91.62,0.369856772114107,0.973633456339369,0.895029466545428
2022-04-06,0.925722780132458,0.925722780132458,1.92295980473938e-05,96.78,0.306886889688074,0.953906929901457,0.953906929901457,2.01165612963614e-05,97.04,0.381918055972839,0.970453983627197,0.803541191333199
2022-04-07,0.940913660399084,0.940913660399084,2.06472973791802e-05,99.34,0.325510999921668,0.975462842448654,0.975462842448654,1.88067132250041e-05,93.68,0.341900053082375,0.964581754889973,0.952064783222603
2022-04-08,0.939297064989371,0.939297064989371,2.07689403726089e-05,102.58,0.302287526059249,0.960230507406348,0.960230507406348,2.23784637113551e-05,95.38,0.382497075560284,0.978199565359031,0.790300228090519
2022-04-11,0.970691579232959,0.970691579232959,0,100.14,0.251902286274049,0.998073168661056,0.998073168661056,0,88.54,0.426628920417498,0.972565549011972,0.590448219092925
2022-04-12,0.970588819629025,0.970588819629025,1.95468655457711e-05,101.1,0.254070663754062,0.980898254079679,0.980898254079679,0,91.82,0.388684038899533,0.989489802425709,0.653668888677301
2022-04-13,0.965638404763514,0.965638404763514,1.85893283421001e-05,96.22,0.251623038913226,0.978054458876228,0.978054458876228,0,95.42,0.379143692228515,0.987305355034136,0.663661414051877
2022-04-14,0.976308303137089,0.976308303137089,1.89404585504085e-05,97.34,0.286493878246627,0.972980993125317,0.972980993125317,0,99.3,0.398180949860082,1.00341970710146,0.719506742719105
2022-04-15,0.961883728210122,0.961883728210122,0,95.62,0.321098132573889,0.952393456501634,0.952393456501634,0,91.48,0.354067175247149,1.00996465446471,0.906884780690989
2022-04-18,0.971584601194489,0.971584601194489,1.85864101612739e-05,101.42,0.304285903485449,0.992770207140263,0.992770207140263,0.00121269968805935,101.72,0.359652615536004,0.978660111077668,0.846055027382352
2022-04-19,0.97728218630198,0.97728218630198,2.00870498656988e-05,97.4,0.290327004739976,1.00224931731028,1.00224931731028,1.73472347597681e-20,88.38,0.344908887669389,0.975088901955747,0.841749850813552
2022-04-20,0.998853012896916,0.998853012896916,1.74734869017316e-05,99.3,0.313980044362294,0.923314160679232,0.923314160679232,0.000914046483976796,100.78,0.364057544510479,1.0818127300919,0.862446195928942
2022-04-21,0.969688596028894,0.969688596028894,0,96.82,0.288315884122267,0.970289494308394,0.970289494308394,0,87.06,0.321715974402397,0.999380702065699,0.896181436616032
2022-04-22,0.976154221002289,0.976154221002289,0,93.76,0.244773684965626,0.972715606379354,0.972715606379354,1.92422642788778e-05,99.96,0.305040220916734,1.00353506677634,0.802430853970701
2022-04-25,0.932251401533719,0.932251401533719,0,92.94,0.234971002414528,0.9293974435339,0.9293974435339,0,90,0.284167865965093,1.00307076162053,0.826873938108792
2022-04-26,0.9635588554654,0.9635588554654,0,95.9,0.242251249519877,0.98611375818512,0.98611375818512,0,94.7,0.406053577242158,0.977127483992079,0.596599225070749
2022-04-27,0.934655580364122,0.934655580364122,0,98.68,0.255761693156025,0.972464033737376,0.972464033737376,0,98.48,0.416824224593501,0.961120975109024,0.613596038966907
2022-04-28,0.940488980555472,0.940488980555472,0,104.12,0.316664376247345,1.06088164707718,1.06088164707718,1.8604974153734e-05,88.86,0.356185704730651,0.886516401849916,0.889042912283097
2022-04-29,0.933198308494967,0.933198308494967,0,92.82,0.267470496520498,1.0157800037926,1.0157800037926,0,94.46,0.377358713024948,0.918701200073542,0.708796397932424
2022-05-05,0.945639336566511,0.945639336566511,0,93.82,0.354069865841913,1.02733499909091,1.02733499909091,0,92.3,0.387094635813497,0.920478069376889,0.914685539616996
2022-05-06,0.973291453644354,0.973291453644354,1.64086703607235e-05,95.18,0.400600305290489,1.02687422001987,1.02687422001987,0,88.7,0.32079648598996,0.947819542714318,1.24876774773345
2022-05-09,0.983859546289906,0.983859546289906,0,94.52,0.422256457180035,0.991131522826468,0.991131522826468,0,92.04,0.354760468570196,0.992662955047758,1.19025791932757
2022-05-10,0.959399017454752,0.959399017454752,1.59429923856931e-05,95.06,0.408527762235764,1.00586499992786,1.00586499992786,0,85.94,0.299677766114726,0.953804951483108,1.36322346342961
2022-05-11,0.95531489394005,0.95531489394005,0,97.36,0.417149994776438,1.03624000774734,1.03624000774734,0,93.48,0.327892908764376,0.92190504786318,1.27221413951408
2022-05-12,0.973710831525697,0.973710831525697,0,98.14,0.349129261054329,0.998858693667282,0.998858693667282,0,87.24,0.354465844148336,0.974823403649564,0.984944718420391
2022-05-13,0.94367618310096,0.94367618310096,0,98.32,0.279059975282518,0.984687967787688,0.984687967787688,0,89.14,0.396728247561078,0.958350476467312,0.703403342207327
2022-05-16,0.975869529571729,0.975869529571729,0,94.96,0.2421171577721,0.989742107963826,0.989742107963826,0,87.88,0.354980604548844,0.985983643334488,0.682057426996088
2022-05-17,0.959392419822162,0.959392419822162,0,91.14,0.326124308373677,1.01973682707625,1.01973682707625,0,89.62,0.316271067062352,0.940823548143197,1.03115441890669
2022-05-18,0.97231136875028,0.97231136875028,1.50505331899972e-05,100.42,0.334276002485372,1.01436050815645,1.01436050815645,2.06568487542541e-05,94.18,0.386741681085953,0.958546158818236,0.864339218743478
2022-05-19,0.947672234515876,0.947672234515876,0,96.92,0.299076673686725,1.05082987190023,1.05082987190023,2.07409272731053e-05,89.58,0.390046863125537,0.901832218380118,0.766771129218047
2022-05-20,0.919137883878125,0.919137883878125,0,97.38,0.307430300241656,0.990571115360254,0.990571115360254,0.00116761246124135,97,0.427878528357072,0.927886821678472,0.718499012843898
2022-05-23,0.894068451284442,0.894068451284442,0,94.5,0.364734233383735,0.993164987230924,0.993164987230924,0.00125358672586721,94.66,0.407508192122061,0.900221476571806,0.895035340233078
2022-05-24,0.908357833242727,0.908357833242727,0,99.14,0.312782429628229,0.964391407719571,0.964391407719571,2.2732613929068e-05,95.86,0.418653410902542,0.941897476451659,0.747115445575674
2022-05-25,0.932862029369261,0.932862029369261,0,98.5,0.355454048649486,0.969696368917477,0.969696368917477,2.0664822456586e-05,88.24,0.466776309892347,0.962014563806879,0.761508330899367
2022-05-26,0.95849007271849,0.95849007271849,0,94.44,0.312863496385703,0.96138259969659,0.96138259969659,0,94.04,0.490033336077526,0.996991284241036,0.638453495613218
2022-05-27,0.95828614725427,0.95828614725427,0,94.38,0.336320999577054,0.965668914175984,0.965668914175984,2.17603743739143e-05,95.5,0.465403820722519,0.992354763818805,0.722643400423594
2022-05-30,0.971045927252593,0.971045927252593,0,93.58,0.32248430670939,0.967933730486216,0.967933730486216,1.9661153128265e-05,98.78,0.414547143839814,1.00321529942428,0.777919499631149
2022-05-31,0.958869631588967,0.958869631588967,0,91.82,0.333903310782983,0.995419185407172,0.995419185407172,2.13045112021009e-05,91,0.474209313701991,0.963282248972071,0.704126429268783
2022-06-01,0.94417419560558,0.94417419560558,0,99.02,0.281467794805344,0.971157214560626,0.971157214560626,2.08031626396909e-05,100.7,0.343901437357116,0.97221560160344,0.818454836852168
2022-06-02,0.933796385672824,0.933796385672824,0,96.16,0.260814935578145,0.967029595634002,0.967029595634002,0,92.58,0.407546506481727,0.96563371988694,0.639963615023257
2022-06-06,0.968729477810244,0.968729477810244,1.62080364371596e-05,99.4,0.282832999015542,0.953502824855918,0.953502824855918,0,90.24,0.403607814803092,1.01596917445591,0.700761949204398
2022-06-07,0.903440249207256,0.903440249207256,0,94.24,0.223875471721631,0.967880011855116,0.967880011855116,0,91.04,0.462630704674964,0.933421744577254,0.483918316400815
2022-06-08,0.916665455315275,0.916665455315275,0,101.06,0.236821641960598,0.953924854231982,0.953924854231982,0,93.98,0.371259399836945,0.960940949644609,0.637887261749085
2022-06-09,0.969965205399926,0.969965205399926,0,100.64,0.291928971881027,0.950806165243207,0.950806165243207,0,90.92,0.417323200755669,1.02015031123806,0.699527300069624
2022-06-10,0.961028614146931,0.961028614146931,0,101.96,0.288793169515799,0.939785907219156,0.939785907219156,0,94.08,0.430116942941724,1.02260377258756,0.671429419963415
2022-06-13,0.952793469120856,0.952793469120856,0,101.82,0.267813306201894,0.961454971374204,0.961454971374204,0,88.54,0.475823983166954,0.990991255429292,0.562841125450217
2022-06-14,0.923749148168756,0.923749148168756,0,89.68,0.287878892404159,0.959549031542761,0.959549031542761,0,91.12,0.381835212738008,0.962690928553753,0.753934898617337
2022-06-15,0.9608920451944,0.9608920451944,0,94.08,0.244386741053041,0.951083123670039,0.951083123670039,0,92.62,0.401140944802815,1.01031342190839,0.609229110663765
2022-06-16,0.947836545167341,0.947836545167341,0,92.7,0.254012630467661,0.969096747603098,0.969096747603098,0,93.32,0.404926596661085,0.978061836975162,0.627305374757252
2022-06-17,0.947227636240946,0.947227636240946,0,90.22,0.341669648922016,0.964140718011557,0.964140718011557,2.24174346221184e-05,97.26,0.447202920524343,0.982457870044642,0.764014797849286
2022-06-20,0.933429773270804,0.933429773270804,0,94.14,0.317545417384328,0.94238515911256,0.94238515911256,1.83049183668256e-05,103.78,0.424306824455826,0.990497106458903,0.748386306988063
2022-06-21,0.920411028656065,0.920411028656065,0,101.72,0.252835558267783,0.93030970899555,0.93030970899555,0,99.26,0.394451400682766,0.989359801103041,0.64098025214296
2022-06-22,0.937662826350153,0.937662826350153,0,91.68,0.273196693970289,0.930832973324583,0.930832973324583,0,97.96,0.404421425369392,1.00733735613294,0.675524778937603
2022-06-23,0.931017727370911,0.931017727370911,0,102.3,0.260411939923394,0.939534187124185,0.939534187124185,1.48243594429233e-05,100.24,0.339752856112179,0.990935444531995,0.766474615999728
2022-06-24,0.936571894061668,0.936571894061668,1.72508139491398e-05,94.94,0.261978298782129,0.901918538106584,0.901918538106584,0,94.92,0.32412904399055,1.03842182468922,0.8082530820341
2022-06-27,0.914788924744173,0.914788924744173,0,95.86,0.199117929719326,0.878519462205575,0.878519462205575,0,103.4,0.350583141071617,1.04128475702467,0.567962079153857
2022-06-28,0.931378068627246,0.931378068627246,1.43991834888824e-05,97.26,0.247845817781036,0.908630748367469,0.908630748367469,0,91.74,0.282942440372119,1.02503472428228,0.875958436829327
2022-06-29,0.893318807735614,0.893318807735614,0,95.42,0.286368974159904,0.886376286609177,0.886376286609177,0,98.18,0.307692121935175,1.00783247615186,0.930699727893053
2022-06-30,0.869809787652482,0.869809787652482,0,100.14,0.280880680126969,0.888410632962813,0.888410632962813,0,94.7,0.338690844309975,0.979062784009802,0.829312881779299
2022-07-01,0.871278642882028,0.871278642882028,0,99.1,0.282499980639446,0.916075527374828,0.916075527374828,0,92.52,0.275262626308168,0.951099136311202,1.02629254261047
2022-07-04,0.894707433020677,0.894707433020677,0,99.04,0.259074365709574,0.893016041310186,0.893016041310186,0,91.36,0.283887804886112,1.00189402164379,0.912594205353439
2022-07-05,0.875267066897877,0.875267066897877,0,97.28,0.257055702859141,0.896703743300266,0.896703743300266,0,92.02,0.35433169035219,0.976093914447717,0.725466307017696
2022-07-06,0.893014091524529,0.893014091524529,0,95.98,0.24031907887601,0.893306301636243,0.893306301636243,1.60673383024324e-05,95.4,0.267686479404437,0.999672889230515,0.897763231862458
2022-07-07,0.905857667686323,0.905857667686323,0,94.12,0.246019326172055,0.922511665299578,0.922511665299578,1.75056003613534e-05,97.96,0.327308516659657,0.98194711434045,0.751643521784287
2022-07-08,0.877539829318558,0.877539829318558,0,99.42,0.182654970422479,0.877657416359499,0.877657416359499,0,96.3,0.324865111786019,0.999866021708757,0.562248649657368
2022-07-11,0.909192622868512,0.909192622868512,0,100.1,0.264269405726723,0.87900843839816,0.87900843839816,1.71831565363345e-05,97.54,0.289415658456325,1.03433890182597,0.913113710350966
2022-07-12,0.913764162925066,0.913764162925066,0,87.34,0.161195984217356,0.883168660190698,0.883168660190699,1.67575123771269e-05,95.44,0.38227768440283,1.0346428763989,0.421672493044332
2022-07-13,0.91379041237548,0.91379041237548,0,102.66,0.215656737761548,0.946873857787634,0.946873857787634,1.81364820761834e-05,95.64,0.323281450360843,0.965060345535936,0.667086643916112
2022-07-14,0.905585689949633,0.905585689949633,0,96.18,0.193374305691904,0.944649880686717,0.944649880686717,1.93902482928677e-05,92.92,0.347538497877564,0.958646910844168,0.556411179978193
2022-07-15,0.920392305980508,0.920392305980508,0,100.42,0.240299015060303,0.967843037826209,0.967843037826209,1.71481631919386e-05,95.7,0.380704631004636,0.950972699093568,0.63119540843562
2022-07-18,0.918881638670498,0.918881638670498,0,94.2,0.315595124147142,0.957970098626016,0.957970098626016,1.71729796699553e-05,95.36,0.424344839737772,0.959196576164975,0.743723251924466
2022-07-19,0.935005874906567,0.935005874906567,0,94.58,0.229406794648012,0.936690520660563,0.936690520660563,0.0011482927676923,102.88,0.415329445512936,0.998201491616668,0.552348977724642
2022-07-20,0.889158543074403,0.889158543074403,0,94.6,0.25485912784962,0.949035659058648,0.949035659058648,0,96.86,0.33672416445868,0.936907411841999,0.756878046633016
2022-07-21,0.898363870280944,0.898363870280944,0,95.28,0.236729173767301,0.949703836521893,0.949703836521893,1.78670214873995e-05,102.98,0.231396112078499,0.94594107734789,1.02304732625323
2022-07-22,0.936814610618177,0.936814610618177,0,94.18,0.272303795712421,0.958543873217897,0.958543873217897,1.7987918069769e-05,103.48,0.343798259366202,0.977330967098279,0.79204530067842
2022-07-25,0.945566413730416,0.945566413730416,0,95.56,0.269465789465788,0.973866406947563,0.973866406947563,0,93.34,0.372433340151995,0.970940579718887,0.723527569674121
2022-07-26,0.947802610231547,0.947802610231547,0,93.42,0.243442855345169,0.974820753169095,0.974820753169095,0,91.7,0.386161432959488,0.97228398877464,0.630417319201082
2022-07-27,0.992472125123826,0.992472125123826,0,103.14,0.21220795383811,1.03914856073595,1.03914856073595,0,91.08,0.328301919372396,0.955082037953201,0.646380484901766
2022-07-28,1.02351600691371,1.02351600691371,1.52524863302443e-05,97.96,0.20953843814138,1.01819098757168,1.01819098757168,0,92.56,0.234699235014798,1.00522988261243,0.892795573569587
2022-07-29,1.03608645977287,1.03608645977287,0,105.74,0.181198207555905,0.977710682302373,0.977710682302373,0,97.34,0.163629651517456,1.05970659677465,1.1073678020794
2022-08-01,1.07653805129267,1.07653805129267,0,96.02,0.197503921114678,0.971516262643954,0.971516262643954,0,94.82,0.170378852812054,1.10810090647675,1.15920443091928
2022-08-02,1.01010275583765,1.01010275583765,0,95.72,0.302546725205333,0.984385021705837,0.984385021705837,1.83483556088687e-05,92.36,0.321453023154117,1.02612568615403,0.941184880567385
2022-08-03,1.0411889591869,1.0411889591869,0,96.26,0.256445208037445,0.993430851835171,0.993430851835171,0,92.04,0.276668591021492,1.04807391200254,0.926903943416994
2022-08-04,0.993576933512193,0.993576933512193,0,78.44,0.279868361842716,0.967684606737602,0.967684606737602,0,91.98,0.330527505757138,1.02675698940989,0.846732441227918
2022-08-05,1.01138555195082,1.01138555195082,0,91.08,0.238650928227831,0.976310332470635,0.976310332470635,0,94.88,0.296482441194419,1.03592630162115,0.80494118729728
2022-08-08,1.01965762714117,1.01965762714117,0,90.48,0.263591890566559,1.02299924391805,1.02299924391805,0,91.68,0.321023410418763,0.996733510022857,0.821098655150145
2022-08-09,1.02771236498737,1.02771236498737,0,89.72,0.246096243233276,1.00682531234249,1.00682531234249,1.90235876677327e-05,97.14,0.311129366683086,1.02074545841154,0.790977225508732
2022-08-10,0.98510313062295,0.98510313062295,0,92.8,0.250036883753657,1.01814266179122,1.01814266179122,2.06781922632735e-05,92.06,0.0567557758328604,0.967549212494307,4.40548790117835
2022-08-11,0.983213865659363,0.983213865659363,0,86.74,0.272489688363639,1.00646842427168,1.00646842427168,2.07427139108273e-05,96.04,0.203420559337006,0.976894895009602,1.33953858573462
2022-08-12,0.973099187982096,0.973099187982096,0,78,0.250590984181158,1.00446918839534,1.00446918839534,0,92.18,0.327867858627518,0.968769574243131,0.764304818502653
2022-08-15,0.947274185124833,0.947274185124833,0,79.72,0.244486410859068,1.02029564339141,1.02029564339141,0,93.44,0.181043350066934,0.928431079031313,1.35043021888778
2022-08-16,0.964026384611424,0.964026384611424,0,87.82,0.213104648437072,1.00118901901486,1.00118901901486,0,95.8,0.32171619571094,0.962881500198628,0.662399503904819
2022-08-17,0.974539221196479,0.974539221196479,0,85.62,0.206709031097517,0.988064571750285,0.988064571750285,1.79401329057273e-05,93.54,0.265485980993942,0.986311268574435,0.77860620106428
2022-08-18,0.967902715179909,0.967902715179909,0,87.26,0.194171393681212,1.00408095922049,1.00408095922049,2.05711237658812e-05,93.88,0.257204330645305,0.963968797826159,0.754930499008518
2022-08-19,0.970422831261536,0.970422831261536,0,91.7,0.258380576746922,1.00181083995105,1.00181083995105,2.04072219130856e-05,96.62,0.138464626122498,0.968668727230933,1.86604033089532
2022-08-22,0.967252872928828,0.967252872928828,0,91.78,0.182531444175848,0.969053636427538,0.969053636427538,2.12581952160576e-05,95.38,0.173117245746458,0.998141729795939,1.05438047716619
2022-08-23,0.972842690459761,0.972842690459761,0,89.88,0.275414495206473,0.955931594567836,0.955931594567836,2.12239237111706e-05,98.18,0.13465786149788,1.01769069668586,2.0452908737958
2022-08-24,0.97998616326101,0.97998616326101,0,84.56,0.22293215945741,1.0131981426607,1.0131981426607,0,90.7,0.189554561788444,0.967220647175213,1.17608438095106
2022-08-25,0.983960221830249,0.983960221830249,0,92.22,0.252044327913943,0.989313215966074,0.989313215966074,0,91.44,0.222356508644286,0.994589181616666,1.13351450537996
2022-08-26,1.00167020960969,1.00167020960969,0,88.98,0.354637344478634,0.9802778001313,0.9802778001313,0,92.94,0.218871482934312,1.02182280316409,1.62029945484067
2022-08-29,0.979656032541435,0.979656032541435,0,95.88,0.305357938890582,0.989094341223539,0.989094341223539,0,90.84,0.232754765492792,0.990457625436995,1.31192991148462
2022-08-30,1.00264466363286,1.00264466363286,0,87.76,0.283280930391369,1.0235568859203,1.0235568859203,1.94301952943407e-05,96.84,0.290640830358816,0.979569066873474,0.974676992360776
2022-08-31,1.0036863614714,1.0036863614714,0,95.46,0.290781192688533,1.04037259255941,1.04037259255941,0,92.76,0.17160100048393,0.964737411048332,1.6945192153222
2022-09-01,0.996439825387066,0.996439825387066,0,82.96,0.269097884752089,1.02961845237314,1.02961845237314,0,95.48,0.160220076217019,0.967775803833347,1.6795515961907
2022-09-02,1.03474768152271,1.03474768152271,0,79.58,0.21220542153818,1.06799576547668,1.06799576547668,0,86.94,0.163582107112418,0.968868711816356,1.29724103255588
2022-09-05,0.968191100262929,0.968191100262929,0,81.74,0.220004904010808,1.06360030338854,1.06360030338854,0,93.46,0.187779419997117,0.91029599857988,1.17161350276929
2022-09-06,0.954603032894658,0.954603032894658,0,81.7,0.247044987464624,1.1256516693443,1.1256516693443,0,84.36,0.196333320581701,0.848044789424709,1.25829373604375
2022-09-07,0.965584487162632,0.965584487162632,0,88.44,0.223965441268784,1.14009826713689,1.14009826713689,0,89.42,0.314578035736249,0.846930931302515,0.711955113918262
2022-09-08,1.01479127100642,1.01479127100642,0,89.36,0.235585682110616,1.10542993585635,1.10542993585635,0,89.26,0.22064456925559,0.918005961382152,1.06771575165178
2022-09-09,1.01684549967538,1.01684549967538,0,79.06,0.224694715332294,1.10920699143009,1.10920699143009,0,90.12,0.138963363967608,0.916731960338955,1.61693491663507
2022-09-13,1.00896817538867,1.00896817538867,0,84.02,0.178615081455675,1.11272799159617,1.11272799159617,0,88.24,0.0699771597024003,0.906751859402167,2.55247686838522
2022-09-14,1.04712468799909,1.04712468799909,0,84.72,0.107937182811818,1.10445112333224,1.10445112333224,0,87.12,-0.01725761833728,0.948095090744995,-6.25446574969457
2022-09-15,1.03253837771088,1.03253837771088,0,81.84,0.21040733171068,1.1059267002174,1.1059267002174,0,91.88,0.0824721830577515,0.933640880094406,2.55125211810317
2022-09-16,1.06191378323109,1.06191378323109,0,78.98,0.247467344243326,1.10803444546239,1.10803444546239,0,91.18,-0.0475699528880159,0.958376147582619,-5.20217761884035
2022-09-19,1.06846897041202,1.06846897041202,0,82.2,0.211222839650714,1.09632358990742,1.09632358990742,0,89.3,0.142054621545149,0.974592702600011,1.48691283221349
2022-09-20,1.04284374254672,1.04284374254672,1.51962397194884e-05,105.72,0.195259649483977,1.09170844365189,1.09170844365189,6.93889390390719e-20,87,0.0382289048820019,0.95524015464998,5.1076443357891
2022-09-21,1.04679506593573,1.04679506593573,0,89.48,0.246776426215016,1.04396491412933,1.04396491412933,0,92.64,0.138107024726148,1.00271096448558,1.78684919687719
2022-09-22,1.01963328411073,1.01963328411073,0,84.22,0.250678476480321,1.06331703301835,1.06331703301835,0,92.82,0.212301905532294,0.958917474703077,1.18076413799399
2022-09-23,1.03316267774487,1.03316267774487,0,86.74,0.247633595596013,1.0402635495641,1.0402635495641,0,95.14,0.00166883815060692,0.993173968440776,NA
2022-09-26,1.07396434359753,1.07396434359753,2.31267974664101e-05,102.28,0.255895708342837,1.06776272050613,1.06776272050613,0,91.36,-0.0107144633121867,1.00580805357997,-23.883203562028
2022-09-27,1.08229545042797,1.08229545042797,2.63299804766207e-05,100.76,0.271208254005808,1.07096307037826,1.07096307037826,0,90.92,0.0927517913210647,1.01058148535943,2.92402173740243
2022-09-28,1.08414235945306,1.08414235945306,0,91.88,0.232781983751407,1.06052747883054,1.06052747883054,0,94.1,0.104021266701074,1.02226710867365,2.23783069687425
2022-09-29,1.06360003141366,1.06360003141366,0,90.64,0.255493591474755,1.09579054319442,1.09579054319442,0,86.1,0.0430813405582731,0.970623480937409,5.93049306646264
2022-09-30,1.07941251814271,1.07941251814271,0,91.96,0.288759621433615,1.14547386472509,1.14547386472509,0,85.38,0.101451449899543,0.942328368532243,2.84628383053712
2022-10-10,1.0640006972691,1.0640006972691,0.00127453214020137,97.52,0.308354427292544,1.12470722351648,1.12470722351648,0,84.02,0.0222989030510012,0.946024596465583,13.8282330116099
2022-10-11,1.0779910958588,1.0779910958588,2.78067585004705e-05,89.86,0.201162916571065,1.11552716017741,1.11552716017741,2.38895641531855e-05,87.06,0.117955714708439,0.966351277083528,1.70541051841613
2022-10-12,1.06822081488135,1.06822081488135,0.00127956510937199,96.66,0.23991317847241,1.11930134749813,1.11930134749813,0,85.12,0.170274712049197,0.954363913944219,1.4089771498371
2022-10-13,1.07368800180675,1.07368800180675,0.00120248207079617,109.56,0.294735883901849,1.11138572897693,1.11138572897693,2.10221094625787e-05,90.46,0.284648286129974,0.966080428975019,1.03543881436641
2022-10-14,1.10647842599869,1.10647842599869,2.87134360142455e-06,96.56,0.294279104257403,1.12540136585617,1.12540136585617,0.000930581528525637,90.5,0.138173158686507,0.983185607880369,2.12978488047071
2022-10-17,1.07470316718148,1.07470316718148,0,86.56,0.256672671414646,1.1381202355737,1.1381202355737,1.9053886473972e-05,91.7,0.265682793176384,0.944279113568121,0.966086920217839
2022-10-18,1.08083860274774,1.08083860274774,2.31098984354608e-05,92.76,0.290472129815259,1.15284158187096,1.15284158187096,0.00139728919885474,93.12,0.298069795134641,0.937543041250849,0.974510448749261
2022-10-19,1.06384486250906,1.06384486250906,0.00127053197002029,96.66,0.336280412577298,1.16349036188019,1.16349036188019,2.45914925668169e-05,90.7,0.0943937408688308,0.914356403253651,3.56252871728637
2022-10-20,1.06773850857875,1.06773850857875,2.4801908950607e-05,93.84,0.387833676003787,1.20337357587942,1.20337357587942,0.00143285241234842,86.36,0.0527517867639582,0.887287646979,7.3520481446283
2022-10-21,1.06704699567136,1.06704699567136,2.32346857832316e-05,99.3,0.390431225221612,1.2014846713131,1.2014846713131,0,86.18,0.181285393676975,0.888107040521113,2.15368275017956
2022-10-24,1.11299154371969,1.11299154371969,2.24122579586564e-05,95.06,0.237661530359611,1.19015705791803,1.19015705791803,2.53059718449588e-05,92.08,0.0411253598513033,0.935163587288784,5.77895321083932
2022-10-25,1.08371373857599,1.08371373857599,2.28494518342341e-05,96.1,0.33669485886205,1.1607862809106,1.1607862809106,0,90.6,0.0442516673307742,0.933603158822525,7.60863667227067
2022-10-26,1.10538146378856,1.10538146378856,2.31230197571875e-05,89.88,0.357106486265906,1.2015695748773,1.2015695748773,0,83.08,0.0158792807365119,0.91994794716855,22.488832598368
2022-10-27,1.10896956261909,1.10896956261909,2.38957648741442e-05,90.12,0.352447234490207,1.18892401012753,1.18892401012753,0,82.8,0.0678441134869456,0.932750582184088,5.19495673796407
2022-10-28,1.10847420626891,1.10847420626891,0.00138335509835271,90.92,0.351528245113201,1.1511135146519,1.1511135146519,0,85.96,0.0613562564387412,0.96295820712705,5.72929747537924
2022-10-31,1.11255411578601,1.11255411578601,2.38300308441674e-05,92.38,0.398726925440645,1.1567755415657,1.1567755415657,2.10518611500491e-05,83.88,0.0988451972520079,0.961771818135233,4.03385229151886
2022-11-01,1.10206394478457,1.10206394478457,0.0013242406979188,95.14,0.349474790263128,1.13777099369494,1.13777099369494,1.99397766120543e-05,92.94,0.0803120697805992,0.9686166644182,4.35146038718517
2022-11-02,1.07533959628877,1.07533959628877,0.0013520414681381,95.6,0.425293508121393,1.15877580235841,1.15877580235841,2.45988187461398e-05,90.4,0.0889615966547093,0.927996247505486,4.78064158146918
2022-11-03,1.09400286883031,1.09400286883031,0.00136977186832937,97.94,0.362403290955415,1.08865266552035,1.08865266552035,0,87.16,0.0823693743337509,1.00491451817407,4.39973344324555
2022-11-04,1.12935072562603,1.12935072562603,0.00128107063012924,100.4,0.308717826907903,1.14309956851123,1.14309956851123,0,79.96,0.126044365508463,0.987972313817682,2.44927907457454
2022-11-07,1.13766800867109,1.13766800867109,0.00142632243049125,103.18,0.238136292401827,1.17049241392579,1.17049241392579,0,82.82,0.0988870887068637,0.971956755238927,2.40816364922773
2022-11-08,1.1650040783,1.1650040783,2.31857096688135e-05,93.24,0.368505707646282,1.17677850607457,1.17677850607457,0,78.8,0.0903622927035154,0.989994355170671,4.07809160902295
2022-11-09,1.20457493905683,1.20457493905683,0,93.2,0.355093659760343,1.11205434710247,1.11205434710247,0,86.72,0.0818270056769423,1.08319790502634,4.33956560945507
2022-11-10,1.16041973622997,1.16041973622997,2.01999482184514e-05,95.54,0.404777469928764,1.13242934798671,1.13242934798671,0,85.46,0.0865253864049179,1.0247171166069,4.67813536289226
2022-11-11,1.19887503880525,1.19887503880525,0.00154017626772924,97.32,0.310960786664976,1.13409632373591,1.13409632373591,0,82.04,0.0964263611107049,1.05711923556541,3.22485244784846
2022-11-14,1.2096730457276,1.2096730457276,2.34068604118908e-05,89.62,0.287969489025889,1.25662872350228,1.25662872350228,0,76.34,0.0966222765707651,0.962633610949292,2.98036332040865
2022-11-15,1.18568323028756,1.18568323028756,2.708120934378e-05,91.02,0.42583633935633,1.21158245998293,1.21158245998293,0,80.12,0.109717919643707,0.978623634337084,3.88119224953563
2022-11-16,1.1589434375494,1.1589434375494,0.00146399529428358,94.46,0.281055625983413,1.22261418998797,1.22261418998797,0,80.04,0.0735612745394486,0.947922449322143,3.82070087478829
2022-11-17,1.16730780480792,1.16730780480792,2.49250245558369e-05,92.5,0.316083452099815,1.21759627929351,1.21759627929351,0,78.48,0.115476461123508,0.95869856426075,2.73721110800016
2022-11-18,1.15996775020202,1.15996775020202,0.00145282283467398,98.24,0.240052778042252,1.22132255905113,1.22132255905113,0,87.42,0.102582185237055,0.94976363255193,2.34010201174326
2022-11-21,1.14643984204901,1.14643984204901,0.00140769666888386,100.1,0.222262170865601,1.17141084075489,1.17141084075489,0,93.88,0.12737548241084,0.978682971134369,1.74493683288839
2022-11-22,1.13388700935052,1.13388700935052,0.00135667802968291,99.08,0.210304824599707,1.19288625785398,1.19288625785398,0,86.16,0.11209416236356,0.95054075934314,1.87614430729778
2022-11-23,1.12591035070325,1.12591035070325,0.00139051387068018,99.02,0.231813260993094,1.19793182979108,1.19793182979108,0,83.56,0.0726021962068521,0.939878482817846,3.19292353543454
2022-11-24,1.10454451244598,1.10454451244598,0.0013763555394553,95.08,0.212980755769534,1.15707617469287,1.15707617469287,0,82.98,0.127393794442205,0.954599650916817,1.67182990900045
2022-11-25,1.13492319031521,1.13492319031521,0.00143184602338931,96.1,0.31960560792312,1.17632420266408,1.17632420266408,0,86.54,0.0778311466861979,0.964804760239482,4.10639726550241
2022-11-28,1.08549258597476,1.08549258597476,0.00134221642385752,96.28,0.236427559686436,1.14826839947722,1.14826839947722,0,84.42,0.0986687177132206,0.945330017327796,2.39617545627389
2022-11-29,1.08366052056324,1.08366052056324,0.00139767611225206,99.34,0.254053889149242,1.28039479154313,1.28039479154313,0,82.16,0.00159847302964983,0.846348741591811,NA
2022-11-30,1.08063865336922,1.08063865336922,0.00137357846787198,96.36,0.260953810128564,1.13409324910475,1.13409324910475,0,90.88,0.04644796252414,0.952865784380846,5.61819713820473
2022-12-01,1.12864914921907,1.12864914921907,0.00139348892562004,97.38,0.307573708967581,1.14772124992977,1.14772124992977,0,89.12,0.103124001568676,0.98338263693221,2.98256181188576
2022-12-02,1.1056292499004,1.1056292499004,0.00137340908925068,105.32,0.297058655539745,1.16070147878089,1.16070147878089,0,87.56,0.10429135995405,0.952552633138423,2.84835345584359
2022-12-05,1.13178574209512,1.13178574209512,0.00144137938034439,98,0.309969580284996,1.15709523386804,1.15709523386804,0,83.54,0.119935839488591,0.978126699486684,2.58446167223002
2022-12-06,1.10387848633661,1.10387848633661,0.00139215005922381,103.92,0.162745206556178,1.15587266086547,1.15587266086547,0,87.74,0.149186155554936,0.955017385314801,1.09088679141041
2022-12-07,1.10485309278584,1.10485309278584,0.0014485251649485,101.86,0.151738886593927,1.11491503425691,1.11491503425691,0,86.86,0.138631660817432,0.99097514952987,1.09454713085891
2022-12-08,1.08891420473261,1.08891420473261,0.00138272232920067,108.68,0.178626857610228,1.16367431997077,1.16367431997077,1.46618088429732e-05,86.68,0.123801418233496,0.935755121553216,1.44284984904881
2022-12-09,1.140634232186,1.140634232186,0.0014041373746082,97.14,0.237019940819482,1.13852916148947,1.13852916148947,0,87.72,0.146547518932832,1.0018489387604,1.61735894640506
2022-12-12,1.08356978580976,1.08356978580976,0.00139838365585971,105.12,0.187952286917879,1.15405428552259,1.15405428552259,0,91.88,0.144077837934502,0.938924450437861,1.30451906838942
2022-12-13,1.08961067296827,1.08961067296827,0.00137088157661681,105.46,0.287102565835522,1.20648710519465,1.20648710519465,1.68927946280896e-05,89.98,0.194960034525806,0.903126662752418,1.47262266614709
2022-12-14,1.10621811599827,1.10621811599827,0.00125908568526652,105.08,0.128414005867093,1.14760214295086,1.14760214295086,0,89.98,0.120965024709256,0.963938698435878,1.06157962746455
2022-12-15,1.14939140386577,1.14939140386577,2.49292240266988e-05,94.44,0.164641395336728,1.14193550961954,1.14193550961954,1.66413078158048e-05,89.64,0.136091927403477,1.00652917278026,1.20978075979929
2022-12-16,1.13297587901813,1.13297587901813,0.0014466623468411,98.34,0.175044904904805,1.12231657731485,1.12231657731485,1.66180855673074e-05,90.1,0.136079093585971,1.00949758911054,1.28634678768063
2022-12-19,1.15955271007637,1.15955271007637,2.57432969124767e-05,94.36,0.173642646183222,1.10831915692301,1.10831915692301,1.79769057695286e-05,93.7,0.143365849148628,1.04622635351318,1.21118555928341
2022-12-20,1.12858854795078,1.12858854795078,0.00139473213228706,103.06,0.177672466510393,1.09332516363751,1.09332516363751,0,89.56,0.141710717540283,1.03225333641453,1.2537687310763
2022-12-21,1.14121609910926,1.14121609910926,0.00138307961820967,103.34,-0.0972650238980966,1.08242790999143,1.08242790999143,0,88.68,0.129198167238413,1.05431141286655,-0.752835941694212
2022-12-22,1.14532336297047,1.14532336297047,0.00141448356136514,103.76,-0.0679057919329232,1.13251152478138,1.13251152478138,0,88.14,0.0898266538369557,1.01131276627985,-0.755964839302364
2022-12-23,1.1248825635877,1.1248825635877,2.39100553424949e-05,108,0.0314463373691994,1.13844287915617,1.13844287915617,0,90.54,0.149270903404893,0.988088716775559,0.210666222632164
2022-12-26,1.13978668286874,1.13978668286874,2.2160804382518e-05,96.28,0.0666655011223455,1.12245193386248,1.12245193386248,0,95.48,0.154522471123974,1.01544364483083,0.431429167793073
2022-12-27,1.11284351902497,1.11284351902497,2.68999148423911e-05,100.2,0.316355638286987,1.12674975406022,1.12674975406022,0,95.64,0.172048048894077,0.987658098006997,1.8387633008367
2022-12-28,1.11420228551682,1.11420228551682,0.00135125595726749,106.5,-0.0303747611961969,1.11207897337342,1.11207897337342,0,91.7,0.171321917875043,1.0019093177681,-0.177296411182784
2022-12-29,1.07798521958529,1.07798521958529,2.58908588945189e-05,99.72,-0.0409009525759431,1.09517255645818,1.09517255645818,0,88.24,0.222167260282853,0.984306275050867,-0.184099819765838
2022-12-30,1.05239373713041,1.05239373713041,2.67136876229774e-05,88.64,0.298813053375517,1.08278881073829,1.08278881073829,0,97.84,0.198967615463616,0.971928899424856,1.50181753286458
2023-01-03,1.09121716354909,1.09121716354909,0.00133178162664382,100.76,0.334421861067327,1.10224918436249,1.10224918436249,1.69928493157556e-05,103.12,0.24203648987806,0.989991354976797,1.38170017767078
2023-01-04,1.07496676612264,1.07496676612264,0.00116518000785107,100.76,0.267879076908797,1.14054448122657,1.14054448122657,0,92.72,0.238767745518285,0.94250314986978,1.12192321591562
2023-01-05,1.0641976396067,1.0641976396067,0.00134548033858395,96.34,0.213498075246627,1.11040913216929,1.11040913216929,1.63826383336625e-05,101.12,0.32805593172906,0.958383364091837,0.650797789637147
2023-01-06,1.09480102841811,1.09480102841811,0,87.6,0.201921587691207,1.14895230521141,1.14895230521141,1.54243676740874e-05,88.6,0.183276535453103,0.952868995042103,1.10173180212082
2023-01-09,1.09948988393108,1.09948988393108,0,90.82,0.359691887292436,1.0896667910733,1.0896667910733,1.98498236034975e-05,97.78,0.176234223672622,1.00901476757689,2.04098772529342
2023-01-10,1.07925574396168,1.07925574396168,1.5638514717973e-05,94.46,0.358541867049773,1.07702817676657,1.07702817676657,1.99178846547812e-05,90.86,0.135503121578274,1.00206825340614,2.64600448221158
2023-01-11,1.06956055986609,1.06956055986609,1.73037004503781e-05,93.3,0.300625290124344,1.05403689146019,1.05403689146019,2.27549945642703e-05,91.22,0.117507284235525,1.01472782265182,2.55835450610693
2023-01-12,1.05073920913836,1.05073920913836,0,90.02,0.37845983666798,1.04388015411259,1.04388015411259,2.08947244871765e-05,98.04,0.148758278381651,1.00657073036472,2.54412622131194
2023-01-13,1.05134410934232,1.05134410934232,0,88.22,0.357335164827793,1.00883734498194,1.00883734498194,1.88231516953045e-05,91.72,0.148924966451003,1.04213440806073,2.39943089022188
2023-01-16,1.03027174549022,1.03027174549022,0,89.18,0.384985486537931,0.983264144740673,0.983264144740673,0.00123748263612924,101.4,0.116527770474006,1.04780770355655,3.30380891157452
2023-01-17,1.00399830859892,1.00399830859892,0,94.08,0.383067426497351,1.00965340491134,1.00965340491134,0.00107239481604939,103.12,0.133658980946522,0.9943989726723,2.86600588890184
2023-01-18,0.99824282641618,0.99824282641618,0,90.86,0.317501492294735,1.00177812959776,1.00177812959776,0,93.1,0.140766273015107,0.996470971887753,2.25552247348809
2023-01-19,0.969457914450269,0.96945791445027,0,87.8,0.341370464789278,1.03181136905611,1.03181136905611,1.69120402182686e-05,91.62,0.094780069771004,0.93956894014176,3.60171147387901
2023-01-20,1.00655855136169,1.00655855136169,2.0138624092215e-05,97.28,0.289064354985349,1.04000695516946,1.04000695516946,0,88.68,0.0966763051704704,0.967838288348446,2.99002278247641
2023-01-30,0.958331548680915,0.958331548680915,0,93.08,0.262980909994078,1.03298408478048,1.03298408478048,0,89.26,0.135728256381794,0.927731184633473,1.93755461835693
2023-01-31,0.954801750158769,0.954801750158769,0,90.76,0.253819052559862,1.05296423991444,1.05296423991444,1.83927415839167e-05,94.14,0.0532553620189267,0.906775096404369,4.7660750568113
2023-02-01,0.976384583245204,0.976384583245204,0,94.32,0.311391139210675,1.03181188522271,1.03181188522271,2.02984427679056e-05,97.74,-0.0751333762881587,0.946281582165008,-4.1445114620751
2023-02-02,0.955445447237153,0.955445447237153,0,94.64,0.287214200591089,1.04152985867756,1.04152985867756,0,86.92,0.140235783012446,0.917348109875878,2.04808069967134
2023-02-03,0.958098003081151,0.958098003081151,0,90.22,0.236706165262823,0.979992304352348,0.979992304352348,0,87.9,0.0711064710386052,0.977658700814322,3.32889766297515
2023-02-06,0.972490574924863,0.972490574924863,0,87.66,0.187569546011411,1.06753707327034,1.06753707327034,0,86.52,0.0536593908709859,0.910966559639655,3.49555861456548
2023-02-07,0.974427361874873,0.974427361874873,1.552547242386e-05,99.1,0.210608123134165,1.0138882360318,1.0138882360318,0,85.38,0.0645734248436027,0.961079660701684,3.26152939300121
2023-02-08,0.968216281986525,0.968216281986525,1.75815802328162e-05,98.58,0.325286415308979,1.03903143909858,1.03903143909858,0,84.8,0.0864906060016834,0.931845029469473,3.76094503607302
2023-02-09,0.985294731555158,0.985294731555158,2.15408272631567e-05,97.14,0.369908478035149,1.03369721594261,1.03369721594261,0,82.78,0.0446205820921294,0.95317537510893,8.29008633888703
2023-02-10,0.94628681835714,0.94628681835714,0,93.1,0.249356408875957,1.02009052201922,1.02009052201922,1.73472347597681e-20,88.78,0.12837532428383,0.927649848646778,1.94240139424806
2023-02-13,0.919562720985435,0.919562720985435,1.77656045572466e-05,102,0.345262673475973,1.04871500454114,1.04871500454114,0,92.6,0.116968092646454,0.876847110038046,2.95176800496832
2023-02-14,0.942658769096827,0.942658769096827,0,91.72,0.372255707218205,1.04807538069513,1.04807538069513,0,88.24,0.210350452872511,0.899418864768694,1.76969292024211
2023-02-15,0.950919589129208,0.950919589129208,1.67674822090082e-05,101.28,0.354973849334694,1.05626180989192,1.05626180989192,0,87.56,0.0793907185066542,0.900268835078405,4.47122605780349
2023-02-16,0.933375409611148,0.933375409611148,0,90.92,0.405806628962968,1.00250399040471,1.00250399040471,0,94.2,0.191323042521844,0.931044084158054,2.12105464984248
2023-02-17,0.953967911573219,0.953967911573219,0,82.96,0.374282496683556,0.98423473173966,0.98423473173966,0,83.48,0.1549816994581,0.969248372171399,2.41501092059418
2023-02-20,0.981956709897605,0.981956709897605,0,96.1,0.383316358837149,0.96209646016738,0.96209646016738,0,86.1,0.170575766367037,1.02064268038859,2.2471911866563
2023-02-21,0.985828560559072,0.985828560559072,0,102.68,0.406270948736229,1.00742173290484,1.00742173290484,0,90.14,0.139718573720396,0.978565905776612,2.90778053281059
2023-02-22,0.95652011572709,0.95652011572709,0,86.04,0.354493375457412,0.971688390581368,0.971688390581368,0,87.8,0.154609768866876,0.984389774539549,2.29282650155594
2023-02-23,0.981460379441091,0.981460379441091,0,87.22,0.340434618915285,0.987800810482708,0.987800810482708,0,93.28,0.13513379147382,0.993581265600988,2.51924122902479
2023-02-24,1.00477249169268,1.00477249169268,0,95.94,0.34147134675005,0.994486324921497,0.994486324921497,0,86.7,0.162012763650719,1.01034319579205,2.107681759483
2023-02-27,0.983893226667318,0.983893226667318,2.21269832240067e-05,95.4,0.318122966409479,0.983033506416675,0.983033506416675,0,96.22,0.153007029799251,1.00087455844082,2.07913954559385
2023-02-28,1.01055290409501,1.01055290409501,0,87.26,0.305302123303785,1.00002808240408,1.00002808240408,0,91.32,0.16544211846858,1.01052452613694,1.8453712158054
2023-03-01,0.968214561316494,0.968214561316494,0,90.28,0.366079509095984,0.967807530791294,0.967807530791294,0,89.36,0.144851003071832,1.00042056970239,2.52728321746205
2023-03-02,0.970182827098883,0.970182827098883,0,89.06,0.385891128355812,0.947920870454772,0.947920870454772,0,88.12,0.108228899867634,1.02348503692448,3.56550910919137
2023-03-03,1.01270650647627,1.01270650647627,0,90.94,0.406931255899053,0.990613255905278,0.990613255905278,2.16912615868773e-05,92.16,0.145677062320639,1.02230259936386,2.79337906336542
2023-03-06,0.999352920879974,0.999352920879974,0,85.98,0.36627999659936,1.00953337851897,1.00953337851897,0,86.04,0.135170495810194,0.989915680000662,2.70976291389571
2023-03-07,1.02715516145885,1.02715516145885,0,89.36,0.387315871640136,1.05235550760427,1.05235550760427,0,88.68,0.0900546396847961,0.9760533907379,4.30089857663965
2023-03-08,1.02260273044369,1.02260273044369,0,92.78,0.334458011928203,1.02499426747045,1.02499426747045,0,93.08,0.16318747106002,0.997666780095601,2.04953241664729
2023-03-09,0.995052936142424,0.995052936142424,0.0012370256661866,100.9,0.384610974533541,1.01501969719805,1.01501969719805,0,89.98,0.126796128554302,0.98032869597433,3.033302190838
2023-03-10,0.979133523696879,0.979133523696879,0,95.38,0.383423664632822,1.10854879268804,1.10854879268804,0.00134432432306734,95.28,0.226781260883523,0.883257038531114,1.69072022590858
2023-03-13,0.992483700055925,0.992483700055925,0.00120021972425102,98.96,0.286751855946314,1.0517183134998,1.0517183134998,1.93889539460049e-05,92.2,0.191667803001427,0.943678252357551,1.49608776985971
2023-03-14,0.972593500571393,0.972593500571393,0,98.3,0.307307515198978,1.05301842114197,1.05301842114197,0,92.04,0.21514652888861,0.923624393499827,1.42836380761729
2023-03-15,1.00910591105424,1.00910591105424,0,92.26,0.238190980902912,1.04022501622575,1.04022501622575,0,91.96,0.136664091438123,0.970084256111792,1.74289367745702
2023-03-16,0.972762390661221,0.972762390661221,0,93.34,0.248859997006447,1.08523122313445,1.08523122313445,2.01379263033467e-05,95.68,0.158035133839504,0.89636417560086,1.57471310942276
2023-03-17,1.01921505032614,1.01921505032614,0,94,0.16793831758989,1.05375275703824,1.05375275703824,0,89.38,0.1444273437419,0.96722408887529,1.16278755281967
2023-03-20,1.0032532661751,1.0032532661751,1.54579239867847e-05,96.3,0.242979045729199,1.09168251202543,1.09168251202543,1.89661484190309e-05,96.34,0.167898339950672,0.918997286412271,1.44717955996817
2023-03-21,0.98753820422952,0.98753820422952,0,91.54,0.246301248155074,1.07777996002329,1.07777996002329,2.07203304930751e-05,94.44,0.184215304637369,0.916270705393506,1.33702923673971
2023-03-22,0.973078825051892,0.973078825051892,0,95,0.212790625018642,1.09024770189561,1.09024770189561,0.0013537841727905,98.52,0.182354246011201,0.892530040063377,1.16690798088448
2023-03-23,0.979693268573296,0.979693268573296,0,100.36,0.208015487815848,1.04738538018329,1.04738538018329,0.00127018659747292,98.22,0.210410146212397,0.935370387165277,0.988619092569175
2023-03-24,1.01776879419234,1.01776879419234,0,95.28,0.228878894342745,1.07203073068273,1.07203073068273,0.0012460271955929,91.84,0.16783978990877,0.949383972924148,1.36367481434024
2023-03-27,1.01039668696764,1.01039668696764,0,94.5,0.227897433785409,1.07667478577048,1.07667478577048,2.57743777804528e-05,96.5,-0.0298073080782301,0.938441858508458,-7.64568988206803
2023-03-28,0.971874248685247,0.971874248685247,0,91.74,0.325488761900161,1.09059528850052,1.09059528850052,0,86.96,0.268098647884322,0.891141066656811,1.21406342206023
2023-03-29,0.971270575017534,0.971270575017534,1.92024183115492e-05,94.28,0.338065111067131,1.10500327810618,1.10500327810618,0,85.86,0.201980253997396,0.878975288364896,1.67375327229507
2023-03-30,0.949274144357773,0.949274144357773,0,90.38,0.253842882198138,1.12632782018558,1.12632782018558,0,84.6,0.270816650009878,0.842804490260541,0.93732376568752
2023-03-31,0.960889608400075,0.960889608400075,0,88.64,0.299066497936261,1.16630642684896,1.16630642684896,1.95856260967168e-05,88.12,0.263611270547542,0.823874057691797,1.13449814689287
2023-04-03,0.986654088324292,0.986654088324292,0,93.78,0.331969473177404,1.13857765491165,1.13857765491165,1.95241272839079e-05,87.44,0.188856936608789,0.866567233309047,1.7577827912409
2023-04-04,1.03871692540879,1.03871692540879,0,92.3,0.249150700230873,1.08662429483995,1.08662429483995,2.13477015928832e-05,90.42,0.143218214621023,0.955911744603302,1.73965791215987
2023-04-06,1.0076771730607,1.0076771730607,0,95.16,0.240307562119212,1.117100075578,1.117100075578,0,83.4,0.164759030418948,0.902047359131472,1.45853955020347
2023-04-07,1.03831137196385,1.03831137196385,0,87.16,0.153897345474047,1.06885999489929,1.06885999489929,1.57690790256657e-05,95.62,0.134927947980932,0.971419434648851,1.14058909052553
2023-04-10,1.02622835484537,1.02622835484537,0,90.28,0.313049283089706,1.07189046996984,1.07189046996984,1.59116656891844e-05,91.66,0.164100399738067,0.957400390801356,1.90766922926079
2023-04-11,1.0295044475259,1.0295044475259,0,86.14,0.331034968004193,1.08421446426825,1.08421446426825,0,85.3,0.180833572256919,0.949539488223601,1.83060569933262
2023-04-12,1.02800219721546,1.02800219721546,0,89.12,0.249409471729271,1.07617838794135,1.07617838794135,1.51243380211527e-05,88.46,0.120380774700294,0.955234010210844,2.07183806841426
2023-04-13,0.990514605601476,0.990514605601476,1.29202670733931e-05,94.34,0.285380417217401,1.04722279936725,1.04722279936725,1.53600321885638e-05,94.14,0.199821842201326,0.945848969483818,1.42817428802339
2023-04-14,1.01028767670662,1.01028767670662,1.44411140340981e-05,93.5,0.297195707931033,1.07502051450191,1.07502051450191,1.72035689655224e-05,90.78,0.17006050196939,0.939784555808888,1.74758809064627
2023-04-17,0.956276184954052,0.956276184954052,0,96.82,0.256691897329651,1.09760702921786,1.09760702921786,0.00122988819553264,92.86,0.191905586361455,0.871237300325489,1.33759471100633
2023-04-18,0.962856660001207,0.962856660001207,1.70666485094551e-05,107.5,0.24148350540194,1.12722885992415,1.12722885992415,0.0012702883547144,93.7,0.155593388327283,0.85418027716749,1.55201649631789
2023-04-19,0.961673514937498,0.961673514937498,0,92.82,0.284783691729898,1.14909122610545,1.14909122610545,1.56410693797184e-05,83.22,0.175927621876715,0.836899188758793,1.6187548532286
2023-04-20,1.00466694315338,1.00466694315338,0,85.44,0.256897297275968,1.13425925329744,1.13425925329744,0.00126400756856086,91.74,0.13867926119402,0.885747187190829,1.852456488909
2023-04-21,0.998424861218123,0.998424861218123,0,89,0.283443568778022,1.06706696771157,1.06706696771157,0.00119175734585706,96.82,0.168950453943139,0.935672166255267,1.67767272690144
2023-04-24,0.994113445628469,0.994113445628469,0,92.26,0.280400750873002,1.0309109727112,1.0309109727112,0.00107973955968764,97.86,0.175070563334153,0.96430581489888,1.60164419153555
2023-04-25,1.05953372697129,1.05953372697129,0,87.54,0.203302751855992,1.04450889682689,1.04450889682689,0.0012593816069445,93.72,0.130650230882204,1.01438458800116,1.55608413764912
2023-04-26,1.10147601542988,1.10147601542988,0,86.24,0.142871206468337,1.06498229721037,1.06498229721037,1.69664217974812e-05,101.06,0.11622411452759,1.03426697168122,1.22927334872852
2023-04-27,1.04391825741377,1.04391825741377,0,88.62,0.227470155006036,1.02793868315947,1.02793868315947,0,95.46,0.110931221868923,1.01554526015617,2.05055124403854
2023-04-28,1.01029422422082,1.01029422422082,0,93.38,0.276396963860193,1.03542898018935,1.03542898018935,0,96.14,0.0948710876111297,0.97572527285847,2.91339512194827
2023-05-04,1.03135577625674,1.03135577625674,0,90.48,0.284906885872121,1.08444138761863,1.08444138761863,1.7902697473797e-05,94.32,0.121365884066472,0.951047966291238,2.34750389752098
2023-05-05,1.05341592673924,1.05341592673924,0,90.02,0.240725105258679,1.11230966346238,1.11230966346238,1.59960436883664e-05,86.76,0.0920737069219198,0.947052750993982,2.6144826064494
2023-05-08,1.04230752151825,1.04230752151825,0,88.98,0.289489308494457,1.12223290067344,1.12223290067344,1.61302271475374e-05,91.32,0.131492337092264,0.928780042799294,2.20156790042702
2023-05-09,1.06933908664585,1.06933908664585,1.75407937134107e-05,100.24,0.290883588814506,1.11838782731845,1.11838782731845,1.91488941117493e-05,88.84,0.127191983763288,0.956143352534331,2.28696479296885
2023-05-10,1.04801189660984,1.04801189660984,0,87.86,0.102582925166475,1.10778648471089,1.10778648471089,0.00107621594720076,87.78,0.114884919873006,0.946041417794827,0.892918977354644
2023-05-11,1.06938508365897,1.06938508365897,0,95.52,0.0906686465225589,1.16191758325541,1.16191758325541,0.00132410186982411,87.68,0.190296847341927,0.920362252082293,0.476459004912701
2023-05-12,1.06386350344351,1.06386350344351,0,85.62,0.142955140747777,1.1540324826921,1.1540324826921,2.80240136494472e-05,85.1,0.11700618953723,0.921866168759611,1.2217741754789
2023-05-15,1.06012497998352,1.06012497998352,0,88.86,0.141188305551027,1.1619679585296,1.1619679585296,0.00140868612220801,86.64,0.151292385863664,0.912353023335556,0.933214878891908
2023-05-16,1.04217929854322,1.04217929854322,0,82.3,0.244007499375591,1.23137394100281,1.23137394100281,0.00140898463685314,86.5,0.111662005192464,0.846354843025581,2.18523300701086
2023-05-17,1.05180361755421,1.05180361755421,0,90.3,0.00493836593842933,1.13667998427266,1.13667998427266,2.46523404936222e-05,89.66,0.0925065735954885,0.925329584497993,0.0533839460968876
2023-05-18,1.03992494842497,1.03992494842497,0,86.2,0.191337931883842,1.12259025780051,1.12259025780051,2.27692813343125e-05,84.84,0.104996708663472,0.9263619928989,1.82232314059581
2023-05-19,1.10969820127125,1.10969820127125,1.53434622719151e-05,94.12,0.231948900314721,1.15772355107205,1.15772355107205,0.00137951028128473,90.32,0.163070913450763,0.958517428658739,1.42238057913838
2023-05-22,1.12260083970882,1.12260083970882,0,87.86,0.215195512775371,1.1636064665228,1.1636064665228,0.00136156397871305,86.02,0.0595941593130689,0.964759884038353,3.61101683882935
2023-05-23,1.0743834207844,1.0743834207844,0,86.42,0.249229330749378,1.18736518710209,1.18736518710209,2.22700417083477e-05,82.7,0.0838768435743539,0.904846657502703,2.97137231360458
2023-05-24,1.14470029840315,1.14470029840315,0,89.06,0.391482305376826,1.16502058539767,1.16502058539767,2.07787617401156e-05,86.2,0.0702010286016948,0.982558001764757,5.57658930609137
2023-05-25,1.13576795706562,1.13576795706562,0,85.84,0.284931098167123,1.07368497461577,1.07368497461577,2.18187869465187e-05,93.36,0.124111452713232,1.05782234446568,2.29576797256154
2023-05-26,1.14584245700898,1.14584245700898,0,95.58,0.189169990688966,1.10378401412818,1.10378401412818,2.13200973083426e-05,90.7,0.129724594925543,1.03810387027032,1.4582430632953
2023-05-29,1.09647043491267,1.09647043491267,0,90.26,0.0543138250341731,1.10852595575366,1.10852595575366,0,90.52,0.117684565370915,0.989124728403143,0.461520377485256
2023-05-30,1.08515785179293,1.08515785179293,0,104.08,0.236676391965538,1.10447090329419,1.10447090329419,1.68305832993509e-05,92.74,0.167454648380696,0.98251375256364,1.41337606482844
2023-05-31,1.06884257389312,1.06884257389312,0,90.12,0.250511014876805,1.15177432204259,1.15177432204259,1.67836491028602e-05,90.18,0.120525015929726,0.927996529734759,2.07849808559967
2023-06-01,1.11350569767101,1.11350569767101,0,86.1,0.254306664347201,1.19333692208334,1.19333692208334,1.68284235558724e-05,84.92,0.113691777258372,0.933102527094392,2.23680788953867
2023-06-02,1.1078614374357,1.1078614374357,0,97.52,0.26961172722117,1.15759144873737,1.15759144873737,1.7368425570841e-05,86.32,0.14907531995433,0.957040101362262,1.80856044651634
2023-06-05,1.12624827214257,1.12624827214257,0,88.76,0.298459845108579,1.12357589692394,1.12357589692394,1.74715911813946e-05,87.04,0.146241087196391,1.00237845545277,2.04087545320126
2023-06-06,1.15193464803789,1.15193464803789,0,94.18,0.341074800485036,1.11118752591954,1.11118752591954,0,89.28,0.206670257320837,1.0366698879963,1.65033326472104
2023-06-07,1.12118381861824,1.12118381861824,2.11849796489459e-05,101.62,0.274936894528383,1.1632962665522,1.1632962665522,0,87.8,-0.105953976610614,0.963799034566859,-2.59487093664063
2023-06-08,1.17178886538135,1.17178886538135,0,85.74,0.242439598213831,1.14392440096886,1.14392440096886,0,85.66,0.0708148511249718,1.02435865900656,3.4235699766703
2023-06-09,1.15430732461625,1.15430732461625,0,84.62,0.365365955213812,1.15218801001422,1.15218801001422,1.91670210779954e-05,92.14,-0.0686267511697233,1.00183938262125,-5.32395820851569
2023-06-12,1.16367696806703,1.16367696806703,0,81.8,0.29997067314749,1.11149578533863,1.11149578533863,1.73347569493194e-05,87.78,0.167589248920892,1.04694681115007,1.78991597061865
2023-06-13,1.19454696420338,1.19454696420338,0,84.92,0.356921747857831,1.07444936022045,1.07444936022045,0,87.94,0.151558728009525,1.11177595560045,2.3550062246194
2023-06-14,1.13807334097434,1.13807334097434,0,94.6,0.331079372874742,1.0735118080252,1.0735118080252,0,89.82,0.113150252873312,1.0601404963285,2.92601531563022
2023-06-15,1.20034005607256,1.20034005607256,0,91.06,0.0677691259238655,1.1388588354984,1.1388588354984,0,88.14,-0.119141339683351,1.05398493532103,-0.568812857938141
2023-06-16,1.182611812384,1.182611812384,0,89.14,0.199023075328291,1.16151515022129,1.16151515022129,0,88.06,0.187861395763958,1.01816305379977,1.05941443966677
2023-06-19,1.18699112312309,1.18699112312309,0,91.18,0.314694273051274,1.13086433108691,1.13086433108691,0,87.22,0.204051689466191,1.04963176438879,1.54222821616685
2023-06-20,1.22066479948086,1.22066479948086,2.01456662663291e-05,101.02,0.341321649527104,1.12380133305108,1.12380133305108,0,87.82,0.217313489157594,1.08619269579152,1.57064179886036
2023-06-21,1.17493395934567,1.17493395934567,1.96104302070146e-05,100.02,0.384118617534903,1.06903794088079,1.06903794088079,0,88.32,0.226272019247222,1.09905730602754,1.69759663087295
2023-06-26,1.22488056936232,1.22488056936232,0,91.24,0.338338945929595,1.03909055530272,1.03909055530272,0,88.56,0.222167927287713,1.17880059934283,1.52289734193468
2023-06-27,1.20753706304161,1.20753706304161,0,91.72,0.197795999095235,1.09164144617037,1.09164144617037,0,90.82,0.317708661102523,1.10616637658622,0.622570371260378
2023-06-28,1.17599474418945,1.17599474418945,0,94.56,0.308127153209073,1.14091876674397,1.14091876674397,0,89.14,0.191225916767109,1.03074362388269,1.6113252765018
2023-06-29,1.18401462195244,1.18401462195244,1.8827351053328e-05,95.8,0.161232531799017,1.08014057345534,1.08014057345534,0,87.4,0.18800015263523,1.09616715735879,0.857619153702771
2023-06-30,1.19772847461777,1.19772847461777,6.93889390390719e-20,90.64,0.240401632128086,1.11795718025252,1.11795718025252,1.75307794022395e-05,94.54,0.177206184729842,1.0713545167689,1.35662100335036
2023-07-03,1.19400239119125,1.19400239119125,0,90.04,0.26353874878655,1.12103687615913,1.12103687615913,1.86394639916315e-05,95.34,0.198925785521397,1.06508752440162,1.32480939107919
2023-07-04,1.19362724513552,1.19362724513552,0,86.14,0.3419649464412,1.10425664803025,1.10425664803025,1.86996077558309e-05,98.66,0.22753591147346,1.08093281327731,1.50290538415114
2023-07-05,1.17564705753963,1.17564705753963,0,87.8,0.227392079446009,1.08511627121047,1.08511627121047,0,91.56,0.207357684132547,1.08342957223208,1.09661756880278
2023-07-06,1.18612258129353,1.18612258129353,0,90.06,0.149381395725552,1.09265492469652,1.09265492469652,0,88.16,0.227274057160455,1.08554178861453,0.657274295147947
2023-07-07,1.17290689602014,1.17290689602014,0,86.94,0.261664411373507,1.1114252202453,1.1114252202453,1.86064521455945e-05,92.4,0.192539582916709,1.05531786993395,1.35901619505793
2023-07-10,1.19303283528095,1.19303283528095,2.05153103908824e-05,92.06,0.242521800873717,1.16289326454208,1.16289326454208,0,86.06,0.168102801994027,1.0259177446958,1.44269933634024
2023-07-11,1.1886354402583,1.1886354402583,2.77555756156287e-19,96.14,0.215136746780569,1.12525979575741,1.12525979575741,1.84338874366676e-05,91.56,0.174108122870049,1.05632090006223,1.23565025705976
2023-07-12,1.21846318775426,1.21846318775426,2.29417947537587e-05,98.04,-0.231010599923436,1.13991005765541,1.13991005765541,1.89665189136312e-05,86.2,0.189686242720825,1.06891169138417,-1.21785637487391
2023-07-13,1.1848795746876,1.1848795746876,0,97.54,0.248860730816218,1.15280646250657,1.15280646250657,0.00131806057734048,90.14,0.175815872334834,1.02782176646659,1.41546225327297
2023-07-14,1.20632753428585,1.20632753428585,2.10669268932286e-05,96.24,0.214790856887094,1.13561100189836,1.13561100189836,0.00108924287587342,101.14,0.14257166850495,1.06227179225041,1.50654656103458
2023-07-17,1.22706307218749,1.22706307218749,2.27533925734167e-05,94.16,0.195101280970078,1.14709543592445,1.14709543592445,0.00111617091539626,100.32,0.154742029670126,1.06971315006462,1.26081634954633
2023-07-18,1.22320872232532,1.22320872232532,2.44874631194411e-05,96.74,0.18210647739182,1.15471519904289,1.15471519904289,0.00133713512247383,102.26,0.157275955402376,1.05931637804647,1.15787869115732
2023-07-19,1.21214633847561,1.21214633847561,2.3432235837982e-05,95.88,-0.0643383095499096,1.14875084525326,1.14875084525326,1.95532651252551e-05,98.24,0.16169980052158,1.05518646056654,-0.397887377364595
2023-07-20,1.23081580460194,1.23081580460194,0,95.8,-0.0664085413815904,1.15323653596764,1.15323653596764,1.86495252365408e-05,95.78,0.143633853524203,1.06727090775805,-0.46234602603905
2023-07-21,1.23810288670755,1.23810288670755,0,92.1,0.239426547261291,1.13117483019647,1.13117483019647,1.88221718349765e-05,93.06,0.132411236863689,1.09452832016472,1.80820414439425
2023-07-24,1.25705346568993,1.25705346568993,0,91.92,0.184991073000461,1.11857682389888,1.11857682389888,0.00134822685199895,98.66,0.13738152614075,1.12379716692895,1.34654984696366
2023-07-25,1.27366353514836,1.27366353514836,0,87.68,-0.0801608504899359,1.13615018131686,1.13615018131686,0.00125679328901393,107.44,0.122861700986744,1.12103448654307,-0.65244783236873
2023-07-26,1.22577088698551,1.22577088698551,2.33280148659876e-05,88.46,-0.0809829104460473,1.1594783411972,1.1594783411972,1.05827779029103e-05,95.88,0.163319819313034,1.05717445805833,-0.495854763902402
2023-07-27,1.19530249793924,1.19530249793924,0,89.94,-0.071095863904313,1.09953274424126,1.09953274424126,1.73472347597681e-20,93.24,0.154187143238113,1.08710041078774,-0.461101116547174
2023-07-28,1.10880816189392,1.10880816189392,0,96.04,-0.0814687197411829,1.11549725620473,1.11549725620473,0.00133215254810594,101.26,0.192821417591161,0.994003486540551,-0.422508665058778
2023-07-31,1.1432493415227,1.1432493415227,0,91.1,-0.0301110454728759,1.13688499833114,1.13688499833114,0.00129500641987014,100.44,0.0915017672847614,1.00559805362979,-0.329076108215131
2023-08-01,1.15155963081805,1.15155963081805,0,89.06,-0.0401955169148355,1.10273771065541,1.10273771065541,2.04416311782175e-05,95.42,0.0840526413893416,1.04427337497475,-0.478218367090277
2023-08-02,1.15468073009421,1.15468073009421,0,90.42,-0.0185741013093049,1.10335822935301,1.10335822935301,1.98956849963695e-05,93.82,0.102676589591933,1.04651481212162,-0.180899086959587
2023-08-03,1.19133149568806,1.19133149568806,0,86.34,-0.012216144891299,1.101887767924,1.101887767924,2.18073441608327e-05,97.52,0.0881771040313564,1.08117317422679,-0.138541008184561
2023-08-04,1.16572396339937,1.16572396339937,2.03300032405937e-05,98.68,-0.0672527473449,1.09844152398515,1.09844152398515,1.97421571232866e-05,98.46,-0.0441309487028875,1.06125263652645,1.52393613374778
2023-08-07,1.11310496393668,1.11310496393668,0,96.48,-0.00148857128009521,1.11036121900679,1.11036121900679,2.22966929596136e-05,104.74,0.0341898085969046,1.0024710381477,-0.0435384502336752
2023-08-08,1.14238622387273,1.14238622387273,0,97.76,0.0125939957179863,1.05680774343579,1.05680774343579,1.96043469877142e-05,105.62,0.000293374490050976,1.0809782867021,NA
2023-08-09,1.12070685900063,1.12070685900063,0,90.18,0.0557469911875983,1.11260400692586,1.11260400692586,2.14582053624746e-05,103.2,0.0230599690991019,1.00728278167644,2.41747900649916
2023-08-10,1.13902620968084,1.13902620968084,0,86.66,0.0288598474910624,1.10281240036151,1.10281240036151,2.05637686943056e-05,108.68,0.0331982588565152,1.03283768781296,0.869318105380056
2023-08-11,1.13805971089056,1.13805971089056,0,84.8,-0.0104804402440489,1.13743211041156,1.13743211041156,0.00138235046659639,106.86,-0.0604786232979719,1.00055176961619,0.173291647073592
2023-08-14,1.15918344035355,1.15918344035355,0,83.94,-0.0510854999908817,1.14535465240672,1.14535465240672,0.00134062442669008,103.74,0.03436361525581,1.0120738043171,-1.48661599225199
2023-08-15,1.14152745275379,1.14152745275379,0,88.18,0.0301875981712493,1.15602640768185,1.15602640768185,0.00138154525657965,98.7,0.0209831626600654,0.987457937957368,1.43865815941567
2023-08-16,1.15362221162173,1.15362221162173,0,84.66,0.0435378593119894,1.16586228153477,1.16586228153477,0.00136591924781024,105.06,0.0677472071330766,0.989501272914561,0.642651721811461
2023-08-17,1.13317734284684,1.13317734284684,0,84.76,0.0606496591818893,1.14561051407912,1.14561051407912,0.00140370871543663,101.86,0.0689519110608839,0.989147121923658,0.879593592820599
2023-08-18,1.15883876313695,1.15883876313695,0,84.2,0.0590190607948341,1.11911884487615,1.11911884487615,0.00131167275617209,107.98,0.144707659538056,1.03549213601635,0.407850289219231
2023-08-21,1.10098875439176,1.10098875439176,0,90.92,0.0425471407514505,1.17612598155201,1.17612598155201,0.00112932791275604,102.32,-0.0223958994057194,0.93611464389121,-1.89977370324253
2023-08-22,1.12435444595118,1.12435444595118,0,86.2,0.0594180851727895,1.16889719613183,1.16889719613183,2.20938038014656e-05,100.08,-0.0182697374220458,0.961893355268497,-3.25226815252915
2023-08-23,1.14285038384519,1.14285038384519,0,84.62,0.0463259845712579,1.18553624650808,1.18553624650808,0.00138767745982959,108.02,-0.00674182640336041,0.96399446850434,NA
2023-08-24,1.16182661179561,1.16182661179561,0,84.48,0.068052751051523,1.15152415882963,1.15152415882963,0.00142226987403001,103.1,0.065398377784064,1.00894679706629,1.04058775396881
2023-08-25,1.16506804446433,1.16506804446433,0,87.32,0.078020644034832,1.18134941321385,1.18134941321385,0.00146379115613478,98.92,0.0235975981069412,0.986217990572983,3.30629599170445
2023-08-28,1.19256301757189,1.19256301757189,0,84.44,0.140220354684462,1.15026985864698,1.15026985864698,0.00140760581368816,101.82,0.0503262935942842,1.03676803195961,2.78622454923617
2023-08-29,1.13661206750166,1.13661206750166,0,86.06,0.158861171541826,1.16855859134875,1.16855859134875,0.0012196218266748,102.42,0.020925302317741,0.972661598585127,7.59182205014736
2023-08-30,1.13500624687118,1.13500624687118,0,85.68,0.133941335388416,1.16574643586804,1.16574643586804,0.0013373717283868,97.98,0.112539972354553,0.973630467097272,1.19016676995831
2023-08-31,1.17106969795698,1.17106969795698,0,82.48,0.0682772277740162,1.20030591849859,1.20030591849859,0,89.36,0.140991254826538,0.975642692341152,0.484265693344016
2023-09-01,1.15373428453587,1.15373428453587,0,85.64,0.0801067138238271,1.2387174896483,1.2387174896483,2.33495834204807e-05,94.8,0.0918284582218087,0.931394199385561,0.872351723801481
2023-09-04,1.10966692700246,1.10966692700246,0,88.14,0.162271808916085,1.15894158751371,1.15894158751371,2.84091176803492e-05,96.72,0.28041651756571,0.95748305087838,0.578681349888958
2023-09-05,1.11378910048031,1.11378910048031,0,95.44,0.028262496723285,1.16787990120367,1.16787990120367,2.20470934243421e-05,95.16,0.231437808156983,0.953684620595317,0.122117025512593
2023-09-06,1.17286672064076,1.17286672064076,2.33966860192435e-05,92.14,0.11805265888542,1.19717988612491,1.19717988612491,0.0013752272345286,95.88,0.193199405151016,0.979691301394268,0.611040488417358
2023-09-07,1.13567212529712,1.13567212529712,4.33680868994202e-21,89.92,0.0770246071011876,1.19436276728434,1.19436276728434,0.00143663724433991,95.2,0.160826927093105,0.950860288352202,0.478928550668613
2023-09-08,1.15711631490486,1.15711631490486,2.16100208290744e-05,93.38,0.0947670955562238,1.14421254646571,1.14421254646571,2.6565346872317e-05,91.72,0.183844403079736,1.01127742260737,0.515474466280715
2023-09-11,1.14833448381941,1.14833448381941,2.07377532488594e-05,93.36,-0.0229722623076579,1.1264324588264,1.1264324588264,2.57460059451929e-05,86.98,0.173746890106591,1.01944370904922,-0.1322168258296
2023-09-12,1.10534456693732,1.10534456693732,1.74547348100864e-05,91.78,0.01546919190117,1.12271831888195,1.12271831888195,2.24897858754476e-05,91.08,0.206401676937881,0.984525279714032,0.0749470262580555
2023-09-13,1.10567085734957,1.10567085734957,2.31233981987654e-05,91.5,-0.134252513219621,1.1071240894824,1.1071240894824,8.89900583011012e-06,89.14,0.232456674902263,0.998687380984084,-0.577537785379007
2023-09-14,1.05918438680418,1.05918438680418,0,90.8,-0.00173499669967484,1.15146161645962,1.15146161645962,2.55581543561154e-05,90.12,0.268668866129605,0.919860785338925,-0.00645775122614274
2023-09-15,1.04752950441511,1.04752950441511,0,87.8,-0.071467448742527,1.12921481176124,1.12921481176124,0.00140346961835544,91.42,0.255347583671194,0.927661852735778,-0.279883003845278
2023-09-18,1.05037950919361,1.05037950919361,2.13307377274083e-05,94.08,-0.0202336052526371,1.13309470823466,1.13309470823466,0.00106369569741951,92.92,0.175205498150299,0.927000630715218,-0.115484990289972
2023-09-19,1.03957642729482,1.03957642729482,0,90.04,-0.072052652445945,1.09847201844205,1.09847201844205,0.00132417892836552,92.36,0.202598693077482,0.946384077010209,-0.355642237131258
2023-09-20,1.05894613113279,1.05894613113279,1.86222850164551e-05,91.14,-0.077552606982788,1.1345042118721,1.1345042118721,0.00137205621970177,94.58,0.199131417295373,0.933399911654253,-0.389454401701735
2023-09-21,1.07321625484932,1.07321625484932,0,88.84,0.0545193573895637,1.10887958886999,1.10887958886999,0.00133547986764252,93.8,0.214939562211055,0.967838407002321,0.253649708916918
2023-09-22,1.08875637125803,1.08875637125803,0.00124165949479798,91.46,0.37269570720069,1.15307463313045,1.15307463313045,2.1604866887149e-05,93.4,-0.0114348548323146,0.9442202091483,-32.5929548442942
2023-09-25,1.09137173764202,1.09137173764202,0.00139088850885633,90.48,0.251540078069997,1.08437725778507,1.08437725778507,0,93.54,0.295516832338174,1.0064502273602,0.85118697327585
2023-09-26,1.07694518276752,1.07694518276752,2.19837262974081e-05,86.24,0.230395474298675,1.10433535222349,1.10433535222349,0.00138651549792656,97.5,0.203252618703606,0.97519759790283,1.13354246438837
2023-09-27,1.11311151071584,1.11311151071584,0.00128571362965374,93.78,0.186673354824574,1.05995011064558,1.05995011064558,0.00134790177064538,101,0.221590310090971,1.05015462476614,0.842425622076782
2023-09-28,1.07782320224773,1.07782320224773,0.00136292314640389,99.3,-0.0361715874809165,1.03378632097249,1.03378632097249,0.00133278659776741,94.4,0.301119649244079,1.04259766296174,-0.120123637137996
2023-10-09,1.12489403993609,1.12489403993609,0.00136950613786546,94.92,-0.0332244318345678,1.04598303382044,1.04598303382044,0.00128054348257338,99.1,0.248860625225024,1.07544195609696,-0.133506181640931
2023-10-10,1.12383857541475,1.12383857541475,2.53987071677496e-05,90.1,0.171044647755781,1.02837364843385,1.02837364843385,0.00121671508468678,97.24,0.272986443798474,1.09283097357297,0.626568284401883
2023-10-11,1.10897336975223,1.10897336975223,0,87.82,0.152344136686653,1.05565968291845,1.05565968291845,0.00134884878623404,96.22,0.234568215265891,1.0505027213755,0.649466239549831
2023-10-12,1.09211946509005,1.09211946509005,1.8757728113165e-05,93.62,0.156043841791087,1.05877978697064,1.05877978697064,0.00133811576735366,93.1,0.238491420121741,1.03148877465332,0.654295411178451
2023-10-13,1.09192332829458,1.09192332829458,2.13743247074417e-05,88.82,0.172664012800802,1.0602824171469,1.0602824171469,0.00128524168837256,97.24,0.28229912104564,1.0298419653443,0.61163496422253
2023-10-16,1.12287266426988,1.12287266426988,1.38777878078144e-19,86.22,0.14889779738835,1.08255568704181,1.08255568704181,0.00137524353077995,97.26,0.189214570364158,1.03724240490412,0.786925642680606
2023-10-17,1.07950413655775,1.07950413655775,1.82837915704179e-05,92.16,0.180546832741148,1.08115646437287,1.08115646437287,0.00129978080883464,93.86,0.192575823130739,0.99847170333844,0.937536341820931
2023-10-18,1.07818133241927,1.07818133241927,0.000820444390443498,98.62,0.144085625325792,1.05131907736318,1.05131907736318,2.2427775346407e-05,94.58,0.241102505143489,1.02555100124643,0.597611481639483
2023-10-19,1.05366596664464,1.05366596664464,2.35935126260168e-05,94.44,0.196387454114296,1.08606045479271,1.08606045479271,0.00134493967229445,101.78,0.278908170014618,0.970172481646748,0.704129441973688
2023-10-20,1.03272550624847,1.03272550624847,0,93.04,0.16207437252163,1.13199999429587,1.13199999429587,2.42958591075529e-05,95.32,0.169315935282951,0.912301688562158,0.957230471253525
2023-10-23,1.01272316243831,1.01272316243831,0,89.8,0.149331132471659,1.09213475027034,1.09213475027034,0.00123862681281823,101.38,0.281715303355491,0.927287738246247,0.530078170028348
2023-10-24,1.04999629874067,1.04999629874067,2.27455304277335e-05,91.06,0.167663759657337,1.10257241778223,1.10257241778223,0.000849935710069358,99.68,0.177466163220884,0.952315042355848,0.944764661693019
2023-10-25,1.06631313350865,1.06631313350865,2.12954881151275e-05,92.28,0.153032176775491,1.13769018752188,1.13769018752188,2.77548838716907e-05,86.62,0.279205145354414,0.93726143127884,0.548099414791362
2023-10-26,1.07968479622966,1.07968479622966,2.70150178240604e-05,97.92,0.198341632380709,1.16738207455757,1.16738207455757,0.00142208927674074,90.84,0.246967000345159,0.92487697024032,0.803109857201602
2023-10-27,1.06343769025646,1.06343769025646,0.00126897768145898,101.02,0.237511256851834,1.13743517037691,1.13743517037691,0.00141107185202926,95.4,0.306423477193762,0.934943562457342,0.775107896519455
2023-10-30,1.03593739188088,1.03593739188088,0.00122958991283574,102.7,0.259055431032371,1.09754211826497,1.09754211826497,1.38777878078144e-19,90.9,0.235415519177837,0.943870284922212,1.10041781415726
2023-10-31,1.03393180917438,1.03393180917438,0.00133155997828344,104.12,0.165264162038814,1.08195495449712,1.08195495449712,0.00118953345159343,103.24,0.262767357177463,0.955614468862003,0.628937185402375
2023-11-01,1.07302884271548,1.07302884271548,0.00129215858264237,98.4,0.152911808289829,1.11292118264242,1.11292118264242,0.00132033338814272,97.78,0.205018037393332,0.964155287410175,0.745845635018267
2023-11-02,1.07074327932554,1.07074327932554,0.00129036614655264,96.46,0.208752307440664,1.09929048566339,1.09929048566339,0,99.2,0.25692099229242,0.974031244052275,0.812515573671257
2023-11-03,1.12736599002188,1.12736599002188,2.34388538832762e-05,93.38,0.277210126173759,1.1458129928156,1.1458129928156,2.0535009565759e-05,95.74,0.126328995936091,0.983900511768168,2.19435074362499
2023-11-06,1.07869567929036,1.07869567929036,0,94.28,0.0833107912730707,1.12958480901262,1.12958480901262,1.89334118341893e-05,94.08,0.2672306515693,0.954948818967615,0.311756120728785
2023-11-07,1.06795618774849,1.06795618774849,0,99.7,0.10455963376978,1.11736320573841,1.11736320573841,0,95.42,0.215246543882782,0.955782490656417,0.485766841518815
2023-11-08,1.10013564105972,1.10013564105972,0,96.78,0.113271888802284,1.12308631492554,1.12308631492554,0,89.22,0.171207016890894,0.979564639368491,0.661607747505288
2023-11-09,1.08452315356345,1.08452315356345,0.00121416106187857,103.46,0.219335809775031,1.10576950903586,1.10576950903586,0,88.94,0.177508040838514,0.980785909451479,1.23563872790737
2023-11-10,1.13621936900206,1.13621936900206,0.0013645762412312,100.46,0.191519253510119,1.02926989811459,1.02926989811459,0.00129919897470388,100.24,0.234310881425235,1.10390809163211,0.817372425664448
2023-11-13,1.09173978244689,1.09173978244689,2.34408476514499e-05,95.72,0.23955830334003,1.01450653370369,1.01450653370369,2.06452404533393e-05,101.16,0.236056716717622,1.07612888254276,1.01483366654886
2023-11-14,1.10104049593463,1.10104049593463,2.33978445407954e-05,96.34,0.242587414937244,1.0365399546154,1.0365399546154,1.68607608452348e-05,97.02,0.133597188296782,1.0622267776867,1.81581227891072
2023-11-15,1.03798196430085,1.03798196430085,0.00129448474571262,102.5,0.240026726326091,1.04307094261112,1.04307094261112,0.00132555007381486,96.18,0.210583610170455,0.995121158012961,1.13981675084687
2023-11-16,1.04815795410265,1.04815795410265,0.00129668132208141,107.32,0.20320478658662,1.00908654686131,1.00908654686131,0.00125684110573934,100.14,0.227281303864259,1.03871957996356,0.894067321560165
2023-11-17,1.08939381789777,1.08939381789777,0.00122334872069287,105.54,0.0298950465151806,1.00028965794709,1.00028965794709,0.00128185819814087,99.16,0.248604500780181,1.08907835769646,0.120251429163039
2023-11-20,1.07692159230881,1.07692159230881,0.00124862871434567,107.34,0.10766057328335,1.03557890657047,1.03557890657047,0,91.58,0.218686048034643,1.03992229416419,0.492306547449681
2023-11-21,1.10592505839174,1.10592505839174,0.00138288717284515,106.02,0.0883950255172645,0.993054862362152,0.993054862362152,0,92.06,0.220964740660331,1.11365957743876,0.400041315429353
2023-11-22,1.06773507130145,1.06773507130145,0.00142233875824442,104.32,0.186814198207005,1.01102379693461,1.01102379693461,0,93.6,0.157850798064966,1.05609291743557,1.18348592783242
2023-11-23,1.08890945057774,1.08890945057774,0.00138971231835962,100.96,0.191325646028024,1.01307506660403,1.01307506660403,0.00135123546186021,101.78,0.17127639419665,1.07485564147573,1.11705788135845
2023-11-24,1.11317137888992,1.11317137888992,0.00140707121549198,100.76,0.152054007186674,1.01076713900492,1.01076713900492,0.00132269994050699,99.3,0.176942082316577,1.10131338459006,0.859343380590636
2023-11-27,1.06654663102949,1.06654663102949,2.08182665470072e-05,96.32,0.184431267977372,0.979474574098669,0.979474574098669,0,96.62,0.176402676928155,1.08889669955031,1.04551286402806
2023-11-28,1.12722475418301,1.12722475418301,0.0014702799069629,102.42,0.239400752658742,0.996108624466647,0.996108624466647,2.07122059407916e-05,95.88,0.156705989514943,1.13162834503774,1.52770646099595
2023-11-29,1.07554553517356,1.07554553517356,0.0014368060632941,102.08,0.248565853049985,1.00773718743997,1.00773718743997,2.02288762062571e-05,89.04,0.175653974629975,1.06728772995452,1.41508812182362
2023-11-30,1.08711040311072,1.08711040311072,0.00138686000534144,97.54,0.274856533075617,1.00301624577446,1.00301624577446,0,87.78,0.261331192872577,1.0838412714555,1.05175555223381
2023-12-01,1.07765784742897,1.07765784742897,0.00142439529075967,98.52,0.121763066002492,1.00281426282298,1.00281426282298,0,92.16,0.129340993674492,1.0746335461916,0.941411245911173
2023-12-04,1.08616377371842,1.08616377371842,0.00142142828541381,99.58,0.126565341672339,1.0232486867075,1.0232486867075,1.85881458028229e-05,92.58,0.128388596656876,1.06148562693333,0.985798933612389
2023-12-05,1.07494587739918,1.07494587739918,0.00139780961373653,99.76,0.26127042926947,0.976939793156751,0.976939793156751,1.78117931789538e-05,92.1,0.184920056624545,1.10031947201756,1.41288313468313
2023-12-06,1.06265746074614,1.06265746074614,0.00139751757983913,96.8,0.1680569805023,0.979275756852616,0.979275756852616,0,86.52,0.228568313909215,1.08514629644414,0.735259308816755
2023-12-07,1.08123634072956,1.08123634072956,0.00141036410170159,99.5,0.10276252835194,0.972169313972628,0.972169313972628,0,89.42,0.265944338239607,1.11218933285525,0.38640615187436
2023-12-08,1.08869489354652,1.08869489354652,0.00144832024142728,99.24,0.132605068279479,0.99535618193069,0.99535618193069,0,87.06,0.130225414561345,1.09377418185597,1.01827334338807
2023-12-11,1.08948356567192,1.08948356567192,0.00139988674493684,101.44,0.171177718054308,0.988628797682742,0.988628797682742,0,89.34,0.0661393021486676,1.10201479890691,2.58813916224177
2023-12-12,1.09017451172532,1.09017451172532,2.34740731047256e-05,101.3,0.270493459289253,1.00785980439028,1.00785980439028,0,84.42,0.0826543300789738,1.08167277529719,3.27258667550514
2023-12-13,1.0967496610839,1.0967496610839,0.00133255669654487,108.42,0.234352368547209,1.03607426886873,1.03607426886873,0,89.24,0.0514046460513424,1.05856278264822,4.55897251608621
2023-12-14,1.10564736211014,1.10564736211014,0.00139189398374912,104.14,0.197429799568745,1.04205071476422,1.04205071476422,0,85.46,0.218149899394791,1.06103028043151,0.905018980602197
2023-12-15,1.11494654865274,1.11494654865274,0.00139116979979333,104.1,0.260053609903239,1.0322433746916,1.0322433746916,0,91.16,0.192567978902344,1.08011983994167,1.35045094924696
2023-12-18,1.08917954088041,1.08917954088042,0.0014387039027284,106.34,0.223257242758268,1.06773784873082,1.06773784873082,0,89,0.12979886020019,1.02008141996191,1.72002467829021
2023-12-19,1.10599956218942,1.10599956218942,0.00144510458214389,99.1,0.294454593700046,1.03612720970667,1.03612720970667,1.81776233521027e-05,95.98,0.169560024691733,1.06743607525039,1.73658027141348
2023-12-20,1.10758189688227,1.10758189688227,0.00144865657842882,100.72,0.248125155312857,1.04735466617953,1.04735466617953,2.25453025573123e-05,92.12,-0.0163911873347793,1.05750414128811,-15.1377170088452
2023-12-21,1.09132329174919,1.09132329174919,0.00145233852444339,99.06,0.367574502512031,0.99350132588628,0.99350132588628,2.15256174931513e-05,99.94,0.186161713133273,1.09846183725587,1.97449033061317
2023-12-22,1.08850849342244,1.08850849342244,0.00143606406373758,99.9,0.225836114490303,1.05585071575999,1.05585071575999,2.36897078875036e-05,92.18,0.105780535319074,1.03093029836036,2.13494962763325
2023-12-25,1.07398309821655,1.07398309821655,0.00139383859038199,103.62,0.180704337845816,1.01675311840086,1.01675311840086,1.69817490225034e-05,95.4,0.211173751625306,1.05628699708903,0.855714010169443
2023-12-26,1.05289961794034,1.05289961794034,0.00141518233627676,100.18,0.198251062171914,1.00542635459554,1.00542635459554,0.00124370334119128,100.18,0.248605984463565,1.04721704690534,0.797450884377118
2023-12-27,1.04102135399764,1.04102135399764,0.00133748789623961,100.34,0.163242974106084,1.01717681428915,1.01717681428915,0,94.24,0.236928864143217,1.02344188284035,0.688995723237031
2023-12-28,1.01513727738996,1.01513727738996,0.0013370461334683,96.56,0.212942412703471,1.05136527031638,1.05136527031638,0.00128980913171639,95.82,0.189503104085407,0.965541953924807,1.12368825688206
2023-12-29,1.04251539681011,1.04251539681011,1.77841347200407e-05,93.54,0.186021196521089,1.02751973125304,1.02751973125304,0.00132360975753397,96.68,0.150212321924217,1.01459404145824,1.23838839675841
2024-01-02,0.994454164228849,0.994454164228849,0.00128844478674108,97.9,0.121438461807064,1.058731294871,1.058731294871,0.00130837875165938,94.78,0.1546336078518,0.939288532459988,0.785330326919944
2024-01-03,0.979701854767986,0.979701854767986,2.13256237058075e-05,99.44,0.0654033923368222,1.06595854372725,1.06595854372725,2.26902179604748e-05,94.3,0.173775181536424,0.919080634545454,0.37636785505595
2024-01-04,0.96487203412118,0.96487203412118,0.00117448896702529,102.86,0.0351192126218326,1.05232622253081,1.05232622253081,0.00127771456608754,98.62,0.206324382921913,0.916894413027827,0.170213583700014
2024-01-05,0.969694357094184,0.969694357094184,0.00124978356064218,98.22,-0.0114162518621539,1.04791205395771,1.04791205395771,0.00132021265506666,94,0.16392429052554,0.925358529307766,-0.0696434422595544
2024-01-08,0.963357909960971,0.963357909960971,0.00124804271698517,96.68,0.0743765810881171,0.974676769555215,0.974676769555215,1.86330176171925e-05,96.08,0.222374726119675,0.988387063334433,0.334465082367724
2024-01-09,0.955656771200026,0.955656771200026,0.00121212553539327,100.78,0.0767442588840036,0.992688582780723,0.992688582780723,2.21930327912487e-05,94.3,0.257820132533112,0.962695439211194,0.297665888734067
2024-01-10,0.958690301978209,0.958690301978209,0.00118462736897439,103.96,0.0603963631652794,0.970399740936744,0.970399740936744,0.00119703772464553,95.42,0.170702671365201,0.987933386145352,0.353810298821086
2024-01-11,0.977797278566795,0.977797278566795,0.00121127974876739,106.02,0.0929519063885686,0.946251531539437,0.946251531539437,0.00122450254880244,100.96,0.220931918560692,1.03333759151337,0.420726470824693
2024-01-12,0.956017573178005,0.956017573178005,0.00119909960944828,102.02,0.0978594861522142,0.971170848097006,0.971170848097006,0.0012326071251995,105.34,0.157889178333126,0.984396900968873,0.619798564951319
2024-01-15,0.927488602531257,0.927488602531257,2.03510642069228e-05,103.5,0.0767324088016329,0.958658612441311,0.958658612441311,0.00122989473374891,102.94,0.123332423651441,0.967485808289275,0.622159254880877
2024-01-16,0.940152459545145,0.940152459545145,0.00110034048396498,102.82,0.046911713843787,0.932969360371865,0.932969360371865,2.03415946157768e-05,97.24,0.0924544545468531,1.00769918014287,0.507403500174387
2024-01-17,0.986229017788084,0.986229017788084,0.0012337642170089,105.46,0.0660391505137165,0.988112352746147,0.988112352746147,0,87.74,0.149160618174656,0.998094007272727,0.442738514507827
2024-01-18,1.02669990936192,1.02669990936192,0.00120271174862238,104.08,0.0517967514959193,0.999921025511957,0.999921025511957,0.00114931672065612,95.04,0.118316336260016,1.02678099886564,0.437781908510834
2024-01-19,1.0339204797283,1.0339204797283,4.37754012278545e-05,91.32,0.0120309152237394,0.993136351693371,0.993136351693371,1.73472347597681e-20,94.14,0.135195700698252,1.04106599055144,0.0889888891555184
2024-01-22,1.01680903869465,1.01680903869465,0,92.72,0.201102973751299,1.02571397669451,1.02571397669451,2.98610955347762e-05,95.58,0.27221850811381,0.991318302955604,0.738755697196098
2024-01-23,1.01752744733727,1.01752744733727,0.00129800623885869,105.46,-0.0163993389413317,1.00105218199143,1.00105218199143,0,93.26,0.241250201322077,1.01645794858872,-0.0679764777457657
2024-01-24,1.00450623426971,1.00450623426971,0.00125642705539387,106.8,-0.119894032584834,0.993001642438312,0.993001642438312,2.243955358892e-05,92.42,0.260481709772992,1.01158567251022,-0.460278123517082
2024-01-25,1.01717944688963,1.01717944688963,0.00124419553675241,100.24,0.150315291636492,0.998962948406271,0.998962948406271,0,90.66,0.228594307696595,1.01823540954389,0.657563581311923
2024-01-26,1.01840050732309,1.01840050732309,0.00135118574888537,98.88,0.28274982634421,1.01421003950012,1.01421003950012,0,90.46,0.20684723304983,1.00413175541531,1.36695000544723
2024-01-29,0.977508809196808,0.977508809196808,0.00119136407896212,102.96,0.294452623274336,1.00180531244576,1.00180531244576,0,92.34,0.26193737017039,0.975747280487429,1.12413369303813
2024-01-30,0.981339943331297,0.981339943331297,0.00134919309333107,100.64,0.330229680070106,1.02465394695323,1.02465394695323,0,84.24,0.336768067386224,0.957728163980901,0.980584895216269
2024-01-31,0.991814045263985,0.991814045263985,0.0013270915386513,100.36,0.283865724160541,1.02504213233386,1.02504213233386,1.6697732640609e-05,97.26,0.260574830091303,0.967583686541529,1.08938274683352
2024-02-01,0.966912312871726,0.966912312871726,0.0012820430247309,111.94,0.180062713591893,1.04412483551036,1.04412483551036,0,92.54,0.277492178618918,0.926050487439186,0.648892932723607
2024-02-02,0.960724496544596,0.960724496544596,0.00118498807390034,107.3,0.120428069385525,1.03396602237198,1.03396602237198,2.19245345866772e-05,95.36,0.315855340436924,0.929164475192942,0.381276027243789
2024-02-05,0.974499115304986,0.974499115304986,0.00126704163490884,108.9,0.136004089998566,1.01255734225226,1.01255734225226,0,86.02,0.22890542771503,0.962413756377861,0.594149694728431
2024-02-06,1.0235733548563,1.0235733548563,1.99389182335572e-05,98.56,0.145428341159593,0.994625077328279,0.994625077328279,0.0012354301869963,106.5,0.266680876630305,1.02910471311037,0.545327220298579
2024-02-07,1.04502116026973,1.04502116026973,0,93.12,0.147444354157795,0.975668980052484,0.975668980052484,0.00113524366779538,98.86,0.323540868335459,1.07108166974163,0.455720957035075
2024-02-08,1.03562549175866,1.03562549175866,2.51005581144776e-05,99.16,0.184749787691108,0.988108793061031,0.988108793061031,0,97.24,0.235704838654015,1.04808852935154,0.783818392299942
2024-02-19,1.05394115041041,1.05394115041041,0.00118296720648402,95.38,0.158044241813215,0.992832043839065,0.992832043839065,1.38777878078144e-19,95.04,0.350457714947089,1.06155029639761,0.450965223684905
2024-02-20,1.03289914946124,1.03289914946124,2.09915403282517e-05,91.9,0.160537447997156,0.970512936292437,0.970512936292437,2.04549439876693e-05,97.28,0.284253766730745,1.06428169150134,0.564768058638332
2024-02-21,1.02835225321866,1.02835225321866,0.00125585291217221,102.2,0.152009616532488,0.97878375383379,0.97878375383379,1.99287916970795e-05,100.94,0.269266260624386,1.05064295273672,0.564532727494344
2024-02-22,0.996006950512384,0.996006950512384,0,93.62,0.116038723612247,1.00665918033734,1.00665918033734,0,91.44,0.163162114478632,0.989418236049479,0.711186686830071
2024-02-23,1.02636828761572,1.02636828761572,0,92.2,0.0978083692769404,0.979986012929679,0.979986012929679,0.00115999047581743,96.52,0.307597725872761,1.04732952723211,0.31797494275819
2024-02-26,1.00348736738415,1.00348736738415,2.29818559602511e-05,107.34,0.0955438327055038,0.974869746129126,0.974869746129126,0.000962323210711694,98.98,0.354631712148977,1.02935532810271,0.269417058408377
2024-02-27,1.01313751483151,1.01313751483151,0,102.64,0.116782413683516,1.01636566739318,1.01636566739318,2.433148434572e-05,97.24,0.339024187717291,0.996823827619099,0.344466318081409
2024-02-28,1.01531508707904,1.01531508707904,2.2300850955948e-05,100.66,0.227733626519506,1.01607527736479,1.01607527736479,1.75482430358563e-05,95.9,0.251047315624274,0.999251836647656,0.907134282448732
2024-02-29,1.00927686917823,1.00927686917823,2.41524811850763e-05,100.68,0.140346067702592,1.0266729426664,1.0266729426664,0.00119678584907113,94.42,0.247023877812696,0.983055876155656,0.56814777966124
2024-03-01,0.986948457185722,0.986948457185722,2.26152915316937e-05,96.86,0.111128138642889,1.00719449066129,1.00719449066129,2.24048263647319e-05,100.64,0.317365316966459,0.979898585960025,0.350158422177662
2024-03-04,0.986711607807959,0.986711607807959,0.00123479691048569,98.86,0.192983987012877,1.01975103648003,1.01975103648003,2.1924421560554e-05,97.04,0.332178484702334,0.967600495130538,0.580964740042722
2024-03-05,0.988079213199838,0.988079213199838,0.00106270645214455,104.6,0.246313303613491,0.992255803343027,0.992255803343027,0,90.8,0.296550293679479,0.99579081308558,0.830595379142379
2024-03-06,0.958548115812491,0.958548115812491,0.00125489966220408,99.26,0.336291509935282,1.04441725800622,1.04441725800622,0,92.86,0.399634467178376,0.917782723776842,0.841497762466969
2024-03-07,0.992094577212443,0.992094577212443,0.00132620876140027,104.4,0.305478362149117,0.992691373706606,0.992691373706606,0,92.28,0.32159163045278,0.999398809630092,0.949895249820474
2024-03-08,0.97542891905979,0.97542891905979,0.00120136339011547,104.46,0.324488705363566,0.986647958725877,0.986647958725877,0,96,0.326302563096821,0.98862913608966,0.994441178408038
2024-03-11,0.987042490335649,0.987042490335649,0.000259249049774726,96.46,0.27870189393838,1.01110669235102,1.01110669235102,0,93.22,0.288032970361679,0.976200135754799,0.967604137777764
2024-03-12,0.94227859741676,0.94227859741676,2.36088673232283e-05,96.84,0.267965567906849,1.02822390063804,1.02822390063804,0.00127959376384604,94.04,0.273738687179028,0.916413824685507,0.978910108280005
2024-03-13,0.936076479889683,0.936076479889683,2.12821188899418e-05,93.54,0.32374818382807,1.02934316942408,1.02934316942408,0,88.74,0.296085540856833,0.909392035324258,1.09342787523898
2024-03-14,0.965945901569281,0.965945901569281,0.00103475885686325,99.66,0.275761524567331,1.01443072590133,1.01443072590133,0,90.42,0.25877728956744,0.952204893745728,1.06563263348295
2024-03-15,0.944033626739259,0.944033626739259,0,96.04,0.300197360616302,1.04332420907611,1.04332420907611,0,92.14,0.300079145979958,0.904832475396335,1.00039394485731
2024-03-18,0.94637973201123,0.94637973201123,0.00115448513834187,97,0.288989025228926,1.04383237839612,1.04383237839612,0,89.46,0.313934173086187,0.906639563591016,0.920540196016149
2024-03-19,0.962279000920065,0.962279000920065,1.96959660229335e-05,97.62,0.229261381199692,1.0378314206751,1.0378314206751,0,89.02,0.285413773981966,0.927201645421479,0.803259695568086
2024-03-20,0.977706566893042,0.977706566893042,1.97416011729082e-05,94.16,0.190278493301121,1.0007449152674,1.0007449152674,0,92.52,0.315752468180007,0.976978800468649,0.602619179504386
2024-03-21,0.962356652584859,0.962356652584859,1.98922562814827e-05,96.22,0.190634969736581,1.05245582655833,1.05245582655833,0,87.98,0.295500024800542,0.914391491120244,0.645126746995221
2024-03-22,1.00096461506532,1.00096461506532,2.14709116101857e-05,95.28,0.242579301955509,1.03805764755585,1.03805764755585,0,90.28,0.279000968938018,0.964266885776651,0.869456844106514
2024-03-25,0.988395616012944,0.988395616012944,1.89359398283406e-05,98.18,0.386221142340325,1.02950275895244,1.02950275895244,0,88.54,0.249026850889511,0.960070876370139,1.55092168158077
2024-03-26,0.961139812945152,0.961139812945152,1.93928550344347e-05,98.86,0.2452648554281,1.06032168565593,1.06032168565593,0,88.44,0.289430050986384,0.906460582620809,0.84740632353908
2024-03-27,0.955066679598832,0.955066679598832,1.9136295411446e-05,100.56,0.281375373375231,1.04333457132518,1.04333457132518,0,90.58,0.354308842640474,0.91539828722992,0.794152839309038
2024-03-28,1.00984423287644,1.00984423287644,0,98.64,0.272711522913321,0.99588270418143,0.99588270418143,0,92.98,0.308618362070676,1.0140192500948,0.883652939778312
2024-03-29,1.02204523208803,1.02204523208803,2.2754225020616e-05,98.14,0.235068709927422,0.981402659013123,0.981402659013123,0,87.48,0.298037469060069,1.04141273992041,0.78872200421231
2024-04-01,0.986260792697637,0.986260792697637,0,92.02,0.321124529344198,0.990124979722204,0.990124979722204,0,88.18,0.223718328209886,0.996097273471828,1.43539660748282
2024-04-02,0.977934682333357,0.977934682333356,1.95728755754443e-05,100.86,0.349993242683418,0.966432418970756,0.966432418970756,0,87.76,0.327169364301854,1.01190177723431,1.06976166130428
2024-04-03,0.978961157643025,0.978961157643025,2.02358471996852e-05,99.42,0.346872162663644,0.987344777325941,0.987344777325941,0,86.62,0.322468028240574,0.991508923857762,1.07567923727578
2024-04-08,0.990890866568685,0.990890866568685,2.11732841384522e-05,96.7,0.264375891048889,1.02868567897217,1.02868567897217,0,84.6,0.220080140799968,0.963259124554697,1.20127100104494
2024-04-09,1.01475363355651,1.01475363355651,0,92.48,0.189088864367356,1.01604829245999,1.01604829245999,0,83.76,0.145134343482055,0.998725789991398,1.30285403048477
2024-04-10,1.04554054066102,1.04554054066102,0,91.54,0.116616219084883,1.02571475828397,1.02571475828397,0,84.78,0.272810844385714,1.01932874828692,0.427461816437197
2024-04-11,1.05382222996095,1.05382222996095,0,90.18,0.206303696421893,0.998526335198308,0.998526335198308,0,86.74,0.248393836991127,1.05537750263909,0.830550785482097
2024-04-12,1.0207989516831,1.0207989516831,0,90.32,0.00363054733463732,1.00733773432299,1.00733773432299,0,90.22,0.232662897393925,1.01336316202744,0.0156043244337768
2024-04-15,1.04328953145846,1.04328953145846,1.13332998475807e-05,93.5,-0.0737225809077209,1.00408287901001,1.00408287901001,0,89.46,0.275059521168042,1.03904722734353,-0.268024101091493
2024-04-16,1.06223301859982,1.06223301859982,2.12031965189831e-05,104.1,0.0042656908575566,0.979947840138897,0.979947840138897,0,87.54,0.299014303571798,1.0839689370092,0.0142658421573881
2024-04-17,1.02174634887464,1.02174634887464,0,109.06,0.0187529012408326,1.01228184070389,1.01228184070389,0,91.3,0.264386550698747,1.00934967692809,0.0709298608089957
2024-04-18,1.01808881572613,1.01808881572613,0,101.54,0.332955241216012,1.03930843000334,1.03930843000334,0,88.9,0.243286957716344,0.979582947982877,1.36857003902451
2024-04-19,1.02904509867477,1.02904509867477,0,96.28,0.121814475069814,1.02558733980464,1.02558733980464,0,85.68,0.246896454629487,1.00337149137468,0.493382844450394
2024-04-22,1.04099112963183,1.04099112963183,2.51405556545201e-05,94.1,0.0953287214722904,1.02733589181357,1.02733589181357,0,84.1,0.24002102916297,1.01329189209399,0.397168205655696
2024-04-23,1.04844073349184,1.04844073349184,2.45574728215372e-05,102.8,0.109745700853903,1.0137655529059,1.0137655529059,0,86.94,0.267482607218658,1.03420433894854,0.410290979271748
2024-04-24,1.04829458562679,1.04829458562679,0.00135364171139203,105.96,0.110417707387931,1.03000740263023,1.03000740263023,0,83.8,0.244142936203682,1.01775441899724,0.452266647992683
2024-04-25,1.02205939489936,1.02205939489936,0,101.14,0.111993070413058,1.07961450865259,1.07961450865259,0,82.5,0.18071071564717,0.946689199439291,0.619736743402199
2024-04-26,1.00560359875174,1.00560359875174,1.81511708548548e-05,104.5,0.0923513443942589,1.08887068082194,1.08887068082194,0,85.6,0.102263697786482,0.923528952026378,0.903070653547856
2024-04-29,1.01022571641047,1.01022571641047,0.0011791435463164,110.3,0.0994189389471889,1.06273562116026,1.06273562116026,0,90.48,0.0893031057130891,0.950589870420959,1.11327526801363
2024-04-30,1.0323895875094,1.0323895875094,0.00126520032010941,109.48,0.146696293325823,1.01526759341116,1.01526759341116,0,82.98,0.331580098248525,1.0168645135621,0.442415856985093
2024-05-06,1.03479134651068,1.03479134651068,2.27462030912828e-05,102.58,0.102958263710127,1.02482383902637,1.02482383902637,0,83.94,0.128670061074463,1.00972606911036,0.800172649724192
2024-05-07,1.02590088104132,1.02590088104132,0.00120508614195217,106.38,0.103317514136313,1.0317567394184,1.0317567394184,0,90.46,0.156705584262071,0.994324380783419,0.659309715239805
2024-05-08,1.03731589015509,1.03731589015509,2.09010551291162e-05,105.5,0.0914901123071541,1.00607103187519,1.00607103187519,0,90.06,0.291048677011608,1.03105631440522,0.314346429080333
2024-05-09,1.03256597336208,1.03256597336208,2.19682849624395e-05,103.46,0.11618111210852,1.02063034719271,1.02063034719271,0,90.64,0.26206917911622,1.01169436731153,0.443322303295335
2024-05-10,1.05158663571204,1.05158663571204,2.26912446400666e-05,98.64,0.123687157425848,1.06135105626808,1.06135105626808,0,89.58,0.293250577196138,0.990800008632041,0.421779757804607
2024-05-13,1.03505752066887,1.03505752066887,0.0012507940541419,101.74,0.0850403903692461,1.02372931500351,1.02372931500351,1.98925122902105e-05,87.24,0.239073313653466,1.01106562594168,0.355708418767773
2024-05-14,1.04795911871434,1.04795911871434,0.00123881083269864,103.12,0.120893940164295,1.01859106309326,1.01859106309326,0,84.22,0.319110632207967,1.02883203739477,0.378846481321585
2024-05-15,1.04331424156653,1.04331424156653,2.08069397491333e-05,104.98,0.130754682837085,1.00482407034398,1.00482407034398,0,85.06,0.296756249189118,1.03830538335868,0.440613072831222
2024-05-16,1.05064388202645,1.05064388202645,2.23024296202649e-05,106.86,0.0910416036419367,1.07779538449895,1.07779538449895,0,87.5,0.0912773400584705,0.974808295838895,0.997417361018817
2024-05-17,1.02020091012488,1.02020091012488,0,103.28,0.0828316375949886,1.10267579708796,1.10267579708796,0,84.94,0.0875551063108217,0.925204772625923,0.946051476437426
2024-05-20,1.01042130266492,1.01042130266492,0.00125345922162491,108.9,0.0748127280784691,1.10198142879924,1.10198142879924,0,84.16,0.0735381745341474,0.916913185883639,1.01733186270119
2024-05-21,1.01980519568714,1.01980519568714,0.00128383583776566,108.44,0.0937326043557644,1.11104333484995,1.11104333484995,0,88.84,0.082911925090615,0.917880665586161,1.13050811753947
2024-05-22,1.01705911813517,1.01705911813517,0.00125511806417718,109.44,0.073741937237836,1.08783828318882,1.08783828318882,0,88.38,0.0570785890325389,0.934935949444458,1.29193693270515
2024-05-23,1.0195380594978,1.0195380594978,0.00124534750995438,106.3,0.0838164207360903,1.02652149177801,1.02652149177801,0,91.9,0.0695806217545065,0.993196993598147,1.20459430546353
2024-05-24,1.03652866512149,1.03652866512149,0.00132604286644459,107.6,0.0838362809228816,1.0111329377633,1.0111329377633,0,94.92,0.0303481201042296,1.02511611125474,2.76248679110762
2024-05-27,1.02647438365157,1.02647438365157,0.00130680444536962,103.46,0.112544911668319,1.01096706169898,1.01096706169898,0,88.36,0.321996507315854,1.01533909712798,0.349522150431033
2024-05-28,1.03388135738443,1.03388135738443,0.00132709165083267,107.46,0.166246472940622,0.973730994610227,0.973730994610227,0,95.2,0.21290763173439,1.0617730801496,0.780838486560314
2024-05-29,0.996707269221582,0.996707269221582,0.00118886877218853,108.28,0.199365076727405,0.956494724733276,0.956494724733276,0,93.36,-0.0150625532319299,1.04204157477138,-13.2358089400665
2024-05-30,1.0082256195737,1.0082256195737,0.00123721009451832,109.86,0.0875773713789935,0.988058666389306,0.988058666389306,0,91.88,-0.132683939388306,1.02041068397092,-0.660045004563019
2024-05-31,0.985237157218985,0.985237157218985,0.00123071727378609,107.52,0.318031424295149,0.976810859436711,0.976810859436711,0,96.72,0.298298861205542,1.00862633507897,1.06615031317874
2024-06-03,1.02387100899838,1.02387100899838,2.54862794835111e-05,95,0.0942442118465035,0.999420457781784,0.999420457781784,0,94.16,-0.0733667701803226,1.02446472956023,-1.28456263802901
2024-06-04,1.00726411382485,1.00726411382485,2.46578515468838e-05,96.84,0.329748805791481,0.972206741658114,0.972206741658114,0,92.12,0.0354201714294432,1.03605958554345,9.30963325370515
2024-06-05,1.03242829010082,1.03242829010082,0.00127595273822787,95.48,0.27097055686399,1.02518826758668,1.02518826758668,0,88.48,0.0257765708891074,1.0070621394558,10.5122810178951
2024-06-06,1.03589520726571,1.03589520726571,0.00129166736271183,97.1,0.295124515783727,1.08170012701399,1.08170012701399,0,85.52,0.0297311340895154,0.957654696893932,9.92644662982437
2024-06-07,1.00200635558229,1.00200635558229,0.00124075112780934,95.4,0.307641724776928,1.05753147062638,1.05753147062638,0,92.32,0.0326952597432699,0.947495543549925,9.40936781639285
2024-06-11,1.01326365654461,1.01326365654461,0.00127877593207731,100.28,0.301209704525773,1.00359739519662,1.00359739519662,0,91.4,0.0713658821286334,1.00963161263097,4.22064010899294
2024-06-12,0.994729783173954,0.994729783173954,0.00119076715400328,102.94,0.3097621547568,1.01556086765377,1.01556086765377,0,90.32,0.0571245583933843,0.979488098504676,5.42257416895278
2024-06-13,0.99442005669899,0.99442005669899,0.00119273485147974,101.62,0.304936724758405,1.0378906910395,1.0378906910395,0,90,0.0502973721389672,0.958116365513434,6.06267707020343
2024-06-14,0.960560403764411,0.960560403764411,0.00113051979150254,98.46,0.25518507473064,1.01933121062422,1.01933121062422,0,90.88,0.0699467995992146,0.942343758096236,3.64827377653895
2024-06-17,1.02532784413926,1.02532784413926,0.00130426564770281,96.8,0.265886761595883,1.01315256246727,1.01315256246727,0.00122989147041538,100.34,0.149913881032998,1.01201722437768,1.7735966793986
2024-06-18,0.993667412348986,0.993667412348986,0.00122572018554971,97.84,0.248113703549333,0.976596782558781,0.976596782558781,2.04116379990487e-05,97.7,0.151186192864669,1.01747971127396,1.64111350942891
2024-06-19,0.993894794897629,0.993894794897629,0.00125824383237524,97.2,0.202215747181669,0.995773515463294,0.995773515463294,1.43618335733235e-05,97.38,0.178856854560344,0.998113305348565,1.13060104785329
2024-06-20,0.981547930859039,0.981547930859039,2.24681560774363e-05,100.76,0.277208428635882,1.01935953545777,1.01935953545777,0,89.4,0.20476493503434,0.96290650817157,1.35378857024223
2024-06-21,1.02123286702191,1.02123286702191,1.79732864479071e-05,96.14,0.216995820993034,1.0011556270999,1.0011556270999,1.75595985009304e-05,96.24,0.230799417999977,1.02005406490114,0.940192236503195
2024-06-24,1.0408458945444,1.0408458945444,0.00120781727407533,96,0.257049696223808,1.02774010001955,1.02774010001955,0.00122746534998645,94.72,0.216947744100904,1.01275205134508,1.18484613559407
2024-06-25,0.986219024480281,0.986219024480281,0.00111161507671236,100.62,0.271423247931336,1.01390602048816,1.01390602048816,1.7527956597719e-05,90.04,0.218939506488751,0.972692739318628,1.23971800377325
2024-06-26,1.00756076841938,1.00756076841938,0.00116901541973014,94.2,0.246688370109664,0.98927292912314,0.98927292912314,0.00117718193673365,93.32,0.242614879653493,1.01848614144577,1.01678994487885
2024-06-27,1.03744686181234,1.03744686181234,0.00106222054955205,94.38,0.352929660938455,1.01734163501733,1.01734163501733,1.54248445289654e-05,96.54,0.201094990560121,1.01976251251593,1.75503954601465
2024-06-28,1.03434581174516,1.03434581174516,0.00120378928982382,98.74,0.364409444616871,1.04634271555768,1.04634271555768,0.0012472380685627,104.52,0.182788007023188,0.988534441312451,1.99361791044991
2024-07-01,1.02638442318662,1.02638442318662,0.00119935555163765,95.38,0.303554126185536,1.0263175676588,1.0263175676588,1.65003684692585e-05,96.08,0.180885299345044,1.00006514117066,1.67815807743722
2024-07-02,1.05216647880606,1.05216647880606,0.00127458573303376,93.98,0.333606234803683,1.00954160614243,1.00954160614243,1.56223748084158e-05,100.68,0.148591638355515,1.04222200690322,2.24512118242824
2024-07-03,1.06495934318982,1.06495934318982,0.00130657907674558,92.86,0.367198619747024,1.03182374972793,1.03182374972793,1.60665883552757e-05,95.74,0.163053596703143,1.03211361772844,2.25201177509472
2024-07-04,1.09044643002613,1.09044643002613,0.00133069600349749,91.42,0.316888012686037,1.07649588043802,1.07649588043802,0.00130978153012496,96.26,0.154281793865233,1.01295922245651,2.05395597722206
2024-07-05,1.0722799239946,1.0722799239946,0.00134352493012508,93.62,0.304781556136237,1.0406023010372,1.0406023010372,2.37829824873584e-05,94.16,0.203568651297088,1.03044162301566,1.49719298228998
2024-07-08,1.00218551957047,1.00218551957047,0.00124625158611066,102.28,0.288752769549606,1.04960473046041,1.04960473046041,1.82165415245274e-05,90.2,0.15150913664697,0.954821839580376,1.90584393746779
2024-07-09,1.05908746387574,1.05908746387574,0.00129190921044542,96.46,0.31606132380506,1.03635939968928,1.03635939968928,2.07137773827551e-05,94.16,0.0952909749166362,1.02193067790312,3.31680228984498
2024-07-10,1.07341957169031,1.07341957169031,0.00132318992578595,98.22,0.318924568796143,1.05641091443899,1.05641091443899,0.000961866532119677,98.42,0.127284589795511,1.01610041795181,2.50560236167246
2024-07-11,1.06870544513618,1.06870544513618,0.00135218264430822,100.48,0.327503583571257,1.04363584302323,1.04363584302323,2.00705539524924e-05,96.94,0.165128488161986,1.0240214077358,1.98332575569872
2024-07-12,1.05199359173565,1.05199359173565,0.00131186367428729,98.86,0.298350942176779,1.09944446773601,1.09944446773601,0,87.72,-0.0508439179926152,0.956841043460732,-5.86797701585689
2024-07-15,1.03819589466059,1.03819589466059,2.46923004321393e-05,96.28,0.299853698055351,1.0852934790061,1.0852934790061,0,90.44,0.189345729062381,0.956603826286098,1.5836306397836
2024-07-16,1.0171934054313,1.0171934054313,2.31339742928877e-05,93.44,0.236827602361745,1.08869523462904,1.08869523462904,1.96734208053211e-05,90.68,0.160976932656281,0.934323374509762,1.47118968198643
2024-07-17,1.03533065012218,1.03533065012218,0.00112271073102168,97.3,0.202008412486658,1.08568246695279,1.08568246695279,2.00233872197173e-05,94.28,0.349498567008237,0.953621967413794,0.577994966376779
2024-07-18,1.02983115417844,1.02983115417844,0.00127542723559452,99.6,0.201662381232618,1.07134084002319,1.07134084002319,2.24753835280795e-05,88.98,0.253916156372854,0.961254453957101,0.794208545503081
2024-07-19,1.02039782987668,1.02039782987668,0.00125365799204676,99.36,0.201802554647339,1.06392584395141,1.06392584395141,0,90.04,0.243797654375246,0.959087360907528,0.827746087896031
2024-07-22,1.02082808291313,1.02082808291313,0.00127858356018566,103.4,0.229176861028934,1.04908620673962,1.04908620673962,2.07798820007973e-05,92.6,0.227229136310419,0.973064059326147,1.00857163280264
2024-07-23,1.04013968007845,1.04013968007845,0.00123473439272235,104.78,0.222083514450602,1.08614393802201,1.08614393802201,2.13854553078407e-05,90.66,0.341528047664541,0.957644418632631,0.650264351549654
2024-07-24,1.01317690595473,1.01317690595473,0.00134872554393963,100.5,0.221994916298662,1.05253796320657,1.05253796320657,2.21519896612405e-05,94.6,0.280135982077685,0.96260366976986,0.792454131212247
2024-07-25,1.03893164370179,1.03893164370179,0.00128949182502994,98.92,0.262543782275393,1.06916272491074,1.06916272491074,0.00138589570234305,94.56,0.447600262696495,0.97172452751617,0.58655859738272
2024-07-26,1.02339339250917,1.02339339250917,0.00132311421395973,99.9,0.283487706555174,1.02285857833758,1.02285857833758,2.23030699745628e-05,95.1,0.390917795636085,1.00052286228313,0.72518496144156
2024-07-29,1.02397911643186,1.02397911643186,0.00128117927322541,98.98,0.226875976051304,1.06759605686753,1.06759605686753,2.25494695281125e-05,91.98,0.170104982607061,0.959144715686145,1.33374092030792
2024-07-30,1.04109935324645,1.04109935324645,0.00127406097645643,94.44,0.214523509137931,1.07690404373994,1.07690404373994,0.00140461206077252,95.44,0.25230675284852,0.966752199788252,0.850248781358329
2024-07-31,1.01466453060609,1.01466453060609,2.43419934451283e-05,92.6,0.254121121118833,1.04761126986249,1.04761126986249,0.00132194895621814,95.44,0.272075233746696,0.968550606313421,0.934010485332971
2024-08-01,0.998399350107377,0.998399350107377,2.53300845332799e-05,97.5,0.259799103303059,1.04944362542635,1.04944362542635,2.45819467783698e-05,93.88,0.27063461466807,0.951360631402918,0.959962581363433
2024-08-02,0.974951102424681,0.974951102424681,0.00119439718368832,98.16,0.230148309828912,1.08225050607404,1.08225050607404,0.00134761799847659,94.08,0.428015701704119,0.900855298244584,0.537709969313252
2024-08-05,0.97685828876579,0.97685828876579,2.36363483500214e-05,96.92,0.313103604169856,1.08120876238589,1.08120876238589,0.00137789763281276,94.7,0.206693998568906,0.903487210564377,1.51481710324297
2024-08-06,1.00335831014547,1.00335831014547,2.53369617271877e-05,94.34,0.308289684189151,1.08625888933156,1.08625888933156,0.0013671115082484,99.32,0.246260886870485,0.923682484902747,1.25188245728721
2024-08-07,0.9975013763717,0.9975013763717,0.00113699266788109,98.96,0.288912989378541,1.03410760238909,1.03410760238909,1.53453417050719e-05,101.58,0.220661592131141,0.964601144085181,1.30930347501
2024-08-08,1.03017509368342,1.03017509368342,0.00129800363220765,96.3,0.276855313189744,1.04292955449491,1.04292955449491,2.38532532507775e-05,97.56,0.206051665226102,0.987770544274526,1.34362084813024
2024-08-09,1.02822677785666,1.02822677785666,2.35018872410583e-05,91.38,0.290500404774654,1.10021288860993,1.10021288860993,0,93.76,0.160366446171642,0.934570743990992,1.81147872082748
2024-08-12,1.03119852905734,1.03119852905734,0.00116442593216653,99.22,0.285455566465211,1.08136320019143,1.08136320019143,0,95.06,0.225394971225753,0.953609785199637,1.26646821316747
2024-08-13,1.02563859872998,1.02563859872998,0.0013334237240429,100.54,0.270337972220121,1.11493820206882,1.11493820206882,0,87.14,0.305892488256182,0.919906230521887,0.883767933502555
2024-08-14,1.04936592765214,1.04936592765214,0.0013525228316569,97.74,0.256279149994557,1.09510428408409,1.09510428408409,0,93.7,0.250743783636699,0.958233789149865,1.02207578699489
2024-08-15,1.0662546720339,1.0662546720339,0.00136311989421594,94.66,0.281691592177238,1.08518360751097,1.08518360751097,0,95.12,-0.0117008340718658,0.98255692829669,-24.0744882328135
2024-08-16,1.08482067028352,1.08482067028352,0.00136510816203783,91.08,0.294711606106559,1.11259560976894,1.11259560976894,0,91.1,0.266440105887065,0.975035907708475,1.10610827572437
2024-08-19,1.1025545129303,1.1025545129303,0.00138844456840448,90.24,0.295014027893892,1.10771164607405,1.10771164607405,0,95.66,0.31579060092888,0.99534433608058,0.934207753575075
2024-08-20,1.08199601478798,1.08199601478798,0.00137503652882862,94.86,0.292457075103841,1.02970762261516,1.02970762261516,0,99.36,0.352970496471123,1.05077984373857,0.828559548256089
2024-08-21,1.10078818566292,1.10078818566292,2.39432660519408e-05,87.02,0.320603351690952,1.0706170104227,1.0706170104227,0,98.78,0.352987130852675,1.02818110953451,0.908257904237197
2024-08-22,1.10967802763528,1.10967802763528,2.44915612412987e-05,88.7,0.28708358356289,1.0717451957065,1.0717451957065,0,89.6,0.232246409214506,1.03539351711651,1.23611634958686
2024-08-23,1.14341623589883,1.14341623589883,0.00141317572321355,87.92,0.30627222696425,1.09816206025542,1.09816206025542,0,88.54,0.178978170151153,1.04120901393451,1.7112267194686
2024-08-26,1.12445563969841,1.12445563969841,0.00135280373372476,95.16,0.316409606220115,1.09444392255137,1.09444392255137,0,91.5,0.125070907161284,1.02742188661167,2.52984177856879
2024-08-27,1.09820519169437,1.09820519169437,0.00139199235843972,98.62,0.274222160042327,1.08246920027128,1.08246920027128,0,91.48,0.149300322707198,1.01453712624724,1.83671511936461
2024-08-28,1.04334607488498,1.04334607488498,0.00133798811494842,98.1,0.274157258820044,1.07646354366305,1.07646354366305,0,96.72,0.102856766757203,0.969234936962771,2.66542754029203
2024-08-29,1.05813298792439,1.05813298792439,0.00135210927649575,96.66,0.294389089611193,1.09071974312176,1.09071974312176,0,89.08,0.0701317744810571,0.970123622128531,4.19765636602719
2024-08-30,1.08778327910132,1.08778327910132,2.2885009997456e-05,93.2,0.318227208444074,1.11408412183019,1.11408412183019,2.48896384949739e-05,95.94,0.149013950156898,0.976392408604059,2.1355531351864
2024-09-02,1.06535507917756,1.06535507917756,2.27654873225989e-05,92.74,0.310512231529775,1.09511556209403,1.09511556209403,1.53311697225442e-05,93.66,0.0952801227034603,0.972824344802871,3.25894029855713
2024-09-03,1.08609107301973,1.08609107301973,2.41162450404599e-05,91.02,0.316089109793752,1.11346407809227,1.11346407809227,0.00120829641857756,92.16,0.159089113860229,0.975416355488151,1.9868682534209
2024-09-04,1.09990801337508,1.09990801337508,1.84171413297e-05,89.98,0.332040141714168,1.05853221449779,1.05853221449779,0.00124222665291212,94.82,-0.0937238068673393,1.03908789766679,-3.54275133301139
2024-09-05,1.05835193270787,1.05835193270787,1.55836725168976e-05,97.64,0.192679579013419,1.03998314299848,1.03998314299848,1.370316109948e-05,92.68,0.0246008502121919,1.01766258408423,7.83223251844883
2024-09-06,1.12187528716584,1.12187528716584,1.38314182399514e-05,93.24,0.267272858500604,1.07523091910057,1.07523091910057,1.66676825085806e-05,89.98,0.0776276483599183,1.04338079126695,3.44301114548005
2024-09-09,1.13908872481184,1.13908872481184,1.65320742213032e-05,91.12,0.315385990251063,1.11688330447463,1.11688330447463,0.00140355770816443,92.42,0.220968243486038,1.01988159393936,1.42729102279799
2024-09-10,1.14055766558147,1.14055766558147,0.00141437319473456,90.38,0.343069267792813,1.09508506412429,1.09508506412429,0.00138238563678551,96,0.116170845129166,1.04152426413883,2.95314428858089
2024-09-11,1.10274574020483,1.10274574020483,0,91.12,0.262566283162319,1.11911040916799,1.11911040916799,0.00142833626645751,89.68,0.190674389079218,0.985377073764039,1.37704011760716
2024-09-12,1.08098606709948,1.08098606709948,0,87,0.279823718384655,1.08308140928493,1.08308140928493,2.54127061684298e-05,90.46,0.336084898973182,0.998065388097802,0.832598308461886
2024-09-13,1.09870391545399,1.09870391545399,0.00132504816028012,93.72,0.316897311471001,1.13475847465002,1.13475847465002,2.67299180011757e-05,91.82,0.0369798249726754,0.968227107352384,8.56946488268017
2024-09-18,1.0934023722614,1.0934023722614,1.51855036474837e-05,94.88,0.21521054473634,1.11407830766469,1.11407830766469,2.74114008331558e-05,88.38,-0.0119387864121695,0.981441218933133,-18.026165918922
2024-09-19,1.11350785726493,1.11350785726493,1.77563641241114e-05,94.18,0.291267620489381,1.11295605128869,1.11295605128869,2.59608704570885e-05,92.22,0.331959954144438,1.00049580212588,0.877417944101319
2024-09-20,1.10215511874264,1.10215511874264,0.001415416663293,93.72,0.280332144625073,1.10473517351873,1.10473517351873,0.00136887099442197,97.78,0.297347991179123,0.997664549081137,0.942774637600295
2024-09-23,1.08718870224599,1.08718870224599,0.00141553147203331,98.3,0.28312512316259,1.07723027631382,1.07723027631382,2.42564266584899e-05,89.62,0.102088564965769,1.00924447274751,2.77332846492186
2024-09-24,1.13668003257907,1.13668003257907,1.84042357360558e-05,91.98,0.290043312168324,1.06977813253313,1.06977813253313,2.33883776745843e-05,92.72,0.138736634769231,1.06253810767987,2.09060362932092
2024-09-25,1.15230015606725,1.15230015606725,0.00151202012610969,92.86,0.283240230094875,1.08941349270611,1.08941349270611,2.61641809340955e-05,88.76,0.241549400516346,1.05772524737594,1.17259752866043
2024-09-26,1.17458886656434,1.17458886656434,1.84466032985183e-05,91.46,0.273453752349547,1.08235156255732,1.08235156255732,2.37213018162723e-05,87.1,0.0898406882346455,1.08521935681332,3.04376288431074
2024-09-27,1.15982304016177,1.15982304016177,0.00149170373898661,91.34,0.347847090717551,1.07555377471788,1.07555377471788,0.00134788794438868,95.74,0.11274576999857,1.07834965338297,3.08523406884323
2024-09-30,1.15065274224241,1.15065274224241,0.00148172188271199,94.7,0.379306387682259,1.06110080097422,1.06110080097422,0.00131100486013768,95.82,0.207094941877826,1.08439531963973,1.83155795232328
2024-10-08,1.15698225849115,1.15698225849115,0.00146221859560749,96.32,0.303020283387722,1.1078444627057,1.1078444627057,0.00136962648832062,91.12,0.191074314264596,1.04435441746529,1.58587659756353
2024-10-09,1.16178739542404,1.16178739542404,0.00141195571983816,96.22,0.440521709905139,1.10695987958382,1.10695987958382,0.00144666107510776,93.8,0.285604168172864,1.04952981300536,1.54242045108568
2024-10-10,1.17816339541858,1.17816339541858,0.00150672198460432,94.64,0.389132032328011,1.13175559034813,1.13175559034813,0.00139507350658565,95.18,0.321436768532364,1.04100514763631,1.21060211656786
2024-10-11,1.18608538491248,1.18608538491248,0.00151316857037622,93,0.331542959956876,1.11528744304075,1.11528744304075,0.00140014815457164,90.52,0.342177879833273,1.06347954719073,0.96891990831909
2024-10-14,1.14310903598418,1.14310903598418,0.00145702834550708,96.5,0.319766727334516,1.10229272917977,1.10229272917977,0.00139271674471885,90.92,0.301971462508245,1.03702855486925,1.05893028658556
2024-10-15,1.1321458222991,1.1321458222991,0.00147688032516129,100.04,0.372707737410429,1.11219688533632,1.11219688533632,0.00138807383086402,95.34,0.372248652650908,1.01793651576065,1.00123327446923
2024-10-16,1.0772452680676,1.0772452680676,2.28898943394837e-05,100.12,0.306678195216801,1.09767560773907,1.09767560773907,0.00127836508064293,93.22,0.331152557360014,0.981387634445523,0.926093392307386
2024-10-17,1.12077015059348,1.12077015059348,0.00141342265610132,98.14,0.267282320578646,1.1141838190491,1.1141838190491,0.00138261600945458,95.1,0.350829485826423,1.00591135092053,0.761858200000005
2024-10-18,1.11984194190336,1.11984194190336,2.66704716691139e-05,97.04,0.351353904637912,1.08391433279429,1.08391433279429,2.27001698507167e-05,96.44,0.285260640659565,1.03314617034028,1.23169429832847
2024-10-21,1.09037127986126,1.09037127986126,0.00144770292112469,102.62,0.254838282082305,1.07336017858612,1.07336017858612,2.65369202816633e-05,93.68,0.364358040955468,1.01584845573231,0.69941720351233
2024-10-22,1.06794710593011,1.06794710593011,0.00146117122551919,102.04,0.392369863883286,1.07678957210622,1.07678957210622,2.32700296981281e-05,94.8,0.354870266149318,0.991788120534249,1.10567128697728
2024-10-23,1.05300602393067,1.05300602393067,2.64528141836091e-05,94.74,0.3315817574463,1.05775532810714,1.05775532810714,0.00124979801156062,97.32,0.292857376827407,0.995510016305028,1.13222948671604
2024-10-24,1.07640701767581,1.07640701767581,0.00140461683550602,104.04,0.36903931163693,1.06536549109832,1.06536549109832,2.653592494261e-05,93.26,0.268626949562479,1.01036407380354,1.37379854194821
2024-10-25,1.02191775726028,1.02191775726028,0.00130689573505623,105.16,0.362344682129155,1.0135147208293,1.0135147208293,0.00122234115757729,100.36,0.257333397884987,1.00829098606886,1.40807483640776
2024-10-28,1.04888674735503,1.04888674735503,2.83694889099121e-05,102.36,0.355531565339955,1.00801461799478,1.00801461799478,0.00123710725996112,105.58,0.299547578322454,1.04054715936714,1.18689514143638
2024-10-29,1.09614794816362,1.09614794816362,0.00145002958276413,102.84,0.338021386116001,0.993878906456566,0.993878906456566,0.00124015753143182,99.02,0.276548943302188,1.10289889547175,1.22228413560287
2024-10-30,1.07896292328961,1.07896292328961,0.00147045480660975,100.38,0.305625264513038,1.01157506198039,1.01157506198039,0.00126234822882794,97.66,0.297278205009297,1.06661676808964,1.02807827604947
2024-10-31,1.02636796997492,1.02636796997492,0.00138235674448748,104.16,0.333057131773927,0.972662609451917,0.972662609451917,0.00125214059854598,99.42,0.327909256718754,1.05521478876757,1.01569908427315
2024-11-01,1.04789657876661,1.04789657876661,0.00141494041103396,102.02,0.364799523867266,0.978898814996204,0.978898814996204,0.00114574010968981,100.96,0.334709533639792,1.07048508253703,1.08989881435482
2024-11-04,1.06956243065816,1.06956243065816,0.00146163889194107,104.6,0.373373753034773,1.00279886241798,1.00279886241798,0.00132425947174529,94.5,0.338332960507104,1.06657722773956,1.10356895903712
2024-11-05,1.04145591038036,1.04145591038036,2.21943675441057e-05,101.64,0.26062749920702,1.02801200085504,1.02801200085504,0.00137666998411993,92.96,0.356909087857988,1.01307758033383,0.730234976002409
2024-11-06,1.03858386379455,1.03858386379455,2.29093493337804e-05,102.42,0.309295005029142,0.996325348118551,0.996325348118551,0.00132536775714011,102,0.333432365825342,1.04241437373424,0.927609424668617
2024-11-07,1.02291813207146,1.02291813207146,0.00138207372863308,107.4,0.27780510177515,0.995046750064503,0.995046750064503,0.00129813114331202,101.4,0.312219002165798,1.02801012314763,0.889776406458524
2024-11-08,0.985884984264638,0.985884984264638,0.00136222282137763,110.38,0.298273383994379,0.992694608145712,0.992694608145712,0.0012773331280474,99.62,0.300815994436789,0.993140263052507,0.991547622169591
2024-11-11,1.02587953754579,1.02587953754579,0.00140882890633419,115.3,0.3830234842014,1.00114538683054,1.00114538683054,0.00132894663285362,97.72,0.274209871867929,1.02470585295664,1.39682602085851
2024-11-12,1.00449667257015,1.00449667257015,0.00136740030871872,112.68,0.458139015011333,1.0003215771599,1.0003215771599,0.0012479688276031,94.92,0.308765358826542,1.00417375322654,1.48377724998841
2024-11-13,1.01664234894858,1.01664234894858,2.39277284509678e-05,105.16,0.421203581812937,0.977930844678568,0.977930844678568,2.31156663028938e-05,94.9,0.253464243223809,1.03958511430605,1.66178698997402
2024-11-14,1.01704066744535,1.01704066744535,0.00136196530926672,107.44,0.424890908869778,1.00092325841271,1.00092325841271,1.86589751664096e-05,89.9,0.277187910134228,1.01610254222506,1.53286234116064
2024-11-15,0.997321694335829,0.997321694335829,0.00124984544669942,106.52,0.322263213236602,0.974150717795682,0.974150717795682,2.15716433919443e-05,96.1,0.234703980181071,1.02378582299111,1.37306241243962
2024-11-18,1.01502577102039,1.01502577102039,0.00129806146289385,101.98,0.392353258377184,0.965319738943443,0.965319738943443,0.00125049118951529,98.78,0.329004947461305,1.05149178046577,1.19254516202474
2024-11-19,1.00324616754459,1.00324616754459,0,98.22,0.344242849143639,0.966760515228784,0.966760515228784,0.0012245477237003,98.9,0.312443267657841,1.03774011426933,1.10177713773184
2024-11-20,0.973627292913636,0.973627292913636,1.99476810008822e-05,104.74,0.352345309464099,0.984596476354656,0.984596476354656,0.00120389209718915,99.22,0.274190159643247,0.988859209123283,1.28503995155238
2024-11-21,1.0214141080873,1.0214141080873,2.37220833231668e-05,98.08,0.432636709360842,0.977874670572803,0.977874670572803,2.07960822875184e-05,93.5,0.28947883441991,1.04452455802848,1.4945365875464
2024-11-22,0.998358209342431,0.998358209342431,0.00126743752324072,100.18,0.372713284537221,0.961188660531418,0.961188660531418,0.000993773388479707,105.02,0.291078998672897,1.03867039878567,1.2804540562408
2024-11-25,1.02456348124455,1.02456348124455,0.00134908580334005,94.04,0.373813934547502,0.982595989924418,0.982595989924418,0,87.32,0.253169747757835,1.04271083105414,1.47653476712023
2024-11-26,1.01100071545313,1.01100071545313,0.00120217833985482,101.14,0.404532076692714,0.997144243835782,0.997144243835782,0.0012060387530578,98.96,0.251065856952482,1.0138961556495,1.61125882110397
2024-11-27,1.02109845972668,1.02109845972668,0.00129415098911258,100.3,0.359420697082072,1.03314958431299,1.03314958431299,0.00124037209031541,102.64,0.236577004143076,0.988335547176039,1.51925458006351
2024-11-28,1.01022236510754,1.01022236510754,2.79863607509109e-05,105.14,0.403663516999874,1.01272533058704,1.01272533058704,0.00123985328590812,103.82,0.244231291172334,0.997528485361327,1.65279197052208
2024-11-29,1.00628191162991,1.00628191162991,0.00129158962595207,100.94,0.3832694958304,1.00486190654315,1.00486190654315,2.28110843443526e-05,104.18,0.256172807505746,1.0014131345586,1.49613653206265
2024-12-02,0.999391018378848,0.999391018378848,2.89172812515592e-05,104.08,0.345001500496028,1.03641049142488,1.03641049142488,2.40359776982653e-05,99.54,0.276292877230649,0.964281070722143,1.24868040013938
2024-12-03,0.995176679038189,0.995176679038189,0,97.7,0.347115697711438,1.01413328987962,1.01413328987962,0,93.04,0.275155090207552,0.981307574624946,1.26152744421194
2024-12-04,1.00003153915554,1.00003153915554,0.00121188519755347,105.68,0.389202711274864,0.996438976556083,0.996438976556083,1.99364305745591e-05,106.02,0.278107466236995,1.00360540151879,1.39946876127086
2024-12-05,1.00382802453628,1.00382802453628,0.00124263876355678,104.66,0.390335387384497,0.993141142626566,0.993141142626566,0,103.1,0.280083651511742,1.01076068793349,1.39363859788915
2024-12-06,0.991287885157287,0.991287885157287,0.0012037871403024,100.4,0.377694849982384,1.00768768035701,1.00768768035701,0,99.44,0.313032776228459,0.983725319343083,1.2065664641671
2024-12-09,1.01753382287711,1.01753382287711,0.00126653380337998,110.62,0.242627594291205,0.982636672107225,0.982636672107225,0.0011869713392579,106.06,0.287474618752476,1.03551378832122,0.843996577312148
2024-12-10,0.961368744814848,0.961368744814848,0,104.68,0.240109487035224,0.963390160566168,0.963390160566168,0,110.86,0.230389260911988,0.997901768323923,1.04219044796081
2024-12-11,0.971343697607092,0.971343697607092,0,93.22,0.267087803672238,0.993017238733296,0.993017238733296,2.30043022259267e-05,106.04,0.264929723648479,0.978174053499967,1.00814585843385
2024-12-12,0.914662780186374,0.914662780186374,0,102.32,0.208592891093116,0.968146835087616,0.968146835087616,0,99.98,0.277780748034356,0.944756257044003,0.750926378336765
2024-12-13,0.944003450778946,0.944003450778946,0,100.72,0.285069984418936,0.977290892493197,0.977290892493197,0,100.9,0.269506759504115,0.965939064847591,1.05774706706228
2024-12-16,0.947910573521003,0.947910573521003,0.00105674925408452,113.9,0.311177146230391,0.981753112508852,0.981753112508852,0,87.6,0.28166924562786,0.965528462750309,1.10476081808916
2024-12-17,0.926863746200322,0.926863746200322,0.00101371256826624,109.46,0.275344324800271,0.963658440677672,0.963658440677672,0,108.96,0.315572974639284,0.961817701247472,0.872521879020227
2024-12-18,0.927622821889766,0.927622821889766,0,93.56,0.349318548536611,0.968598224658963,0.968598224658963,0,94.22,0.328617507754796,0.957696182249741,1.06299433320899
2024-12-19,0.90302614005163,0.90302614005163,0,96.28,0.380238378931584,0.990257438870503,0.990257438870503,0,105.76,0.267771649708243,0.911910483683545,1.42000984550038
2024-12-20,0.914847028513111,0.914847028513111,1.74870379630153e-05,96.52,0.327113899831483,0.981802237118052,0.981802237118052,0,107.2,0.283419102540036,0.93180377261975,1.15417026198958
2024-12-23,0.912659022694731,0.912659022694731,0.00114504683697386,111.06,0.309760681529763,0.965486238557445,0.965486238557445,0,102.9,0.306884165036667,0.945284340933078,1.00937329722683
2024-12-24,0.919332038121448,0.919332038121448,0,100.64,0.354584433590869,0.999009170897907,0.999009170897907,0,92.52,0.298931316918272,0.92024384250162,1.18617359079782
2024-12-25,0.901585494999197,0.901585494999197,0,98.02,0.360671507768797,0.945785861633661,0.945785861633661,0,93.44,0.290623678652656,0.953265989239767,1.24102588419803
2024-12-26,0.901121545426072,0.901121545426072,0,100.08,0.310889867652814,0.980376809036358,0.980376809036358,0,92.92,0.239449237021887,0.919158365559271,1.29835397063469
2024-12-27,0.868068836586773,0.868068836586773,0,101.62,0.325279130301732,0.971013760175853,0.971013760175853,0,89.16,0.296939243256143,0.893982013632395,1.09544001909219
2024-12-30,0.858755791215271,0.858755791215271,0,104.74,0.333614232931785,0.950536761285363,0.950536761285363,0,98.26,0.296031347611939,0.903443008405081,1.12695576202664
2024-12-31,0.867488063735096,0.867488063735096,0,110.56,0.331748104035514,0.946622630174567,0.946622630174567,0,98.28,0.323153466442069,0.916403259422524,1.02659614853609
2025-01-02,0.877170844107224,0.877170844107224,0,102.64,0.345689245792335,0.933058662992471,0.933058662992471,0,94.16,0.287674274966424,0.94010256685683,1.20166895643582
2025-01-03,0.857112649861448,0.857112649861448,0,99.8,0.346443999333352,0.860327352665162,0.860327352665162,0,88.48,0.301806609334933,0.996263395794921,1.14790063775205
2025-01-06,0.871862750561726,0.871862750561726,0,92.72,0.387530013308644,0.894446871750167,0.894446871750167,0,96.14,0.333572774122088,0.974750740483612,1.16175552494823
2025-01-07,0.900493020621079,0.900493020621079,1.98486172944311e-05,97.18,0.294706613072643,0.876193919485478,0.876193919485478,0,97.7,0.27770070978503,1.02773256078959,1.06123824206563
2025-01-08,0.887164008298988,0.887164008298988,1.96054987807442e-05,97.16,0.217206458258124,0.879811353876371,0.879811353876371,0.000891727762608272,110.62,0.255187073837401,1.00835708062896,0.851165597817554
2025-01-09,0.876990251347899,0.876990251347899,0,97.9,0.250846836968212,0.915149366165467,0.915149366165467,0,96.68,0.229063309322708,0.958302856092817,1.09509828400678
2025-01-10,0.898157067887967,0.898157067887967,0,99.82,0.298907249753486,0.883241967865406,0.883241967865406,0,97.98,0.256184222675894,1.01688676553562,1.16676681581458
2025-01-13,0.897868370330539,0.897868370330539,0,99.64,0.23472390888667,0.931982857557788,0.931982857557788,0,98.26,0.240426580241632,0.963395799664552,0.976281027874575
2025-01-14,0.897532205525396,0.897532205525396,0,108.06,0.207638933518435,0.961224731904725,0.961224731904725,0.000964693669781158,106.88,0.294481512837069,0.933738152728219,0.705100063898808
2025-01-15,0.920993920394094,0.920993920394094,0,98.9,0.305909691070021,0.924234552100056,0.924234552100056,0.000888088468069138,107.5,0.20888575385329,0.996493712879919,1.46448326622061
2025-01-16,0.916467834097186,0.916467834097186,0,101.1,0.229352513170847,0.920346877202271,0.920346877202271,1.68790016603538e-05,106.16,0.183546885820735,0.995785237934553,1.24955818316007
2025-01-17,0.897468653950792,0.897468653950792,1.85562730047903e-05,109.04,0.265546469960116,0.921241402187063,0.921241402187063,0,92.56,0.318440574519807,0.974194876413681,0.833896466744375
2025-01-20,0.878746221493109,0.878746221493109,1.31107522450758e-05,106.88,0.334117001522359,0.906580965500602,0.906580965500602,0,96.68,0.289435247101592,0.969297012548544,1.15437565005717
2025-01-21,0.882861255667499,0.882861255667499,1.9799513459343e-05,99.66,0.310660259953674,0.921219745189918,0.921219745189918,6.93889390390719e-20,97.84,0.311035586961322,0.958361194793419,0.998793298826947
2025-01-22,0.904509382589877,0.904509382589877,1.88723349615046e-05,102.18,0.337105659923961,0.915838790983688,0.915838790983688,0,92.3,0.328828496394188,0.987629473106678,1.02517167344235
2025-01-23,0.896107379091893,0.896107379091893,0.000566756515266835,101.74,0.368989019344395,0.95253417799683,0.95253417799683,0,99,0.263576413476876,0.940761391865642,1.39993186217615
2025-01-24,0.906709684334037,0.906709684334037,0.00119547784825455,105.54,0.277582752354145,0.902219194294299,0.902219194294299,0,100.26,0.227798271221298,1.00497716083645,1.21854635184866
2025-01-27,0.931125760493735,0.931125760493735,0,94.4,0.266575866449013,0.946408851160683,0.946408851160683,0,100.32,0.234893481492803,0.983851492250729,1.13487979638627
