Date,OutDegree_avg_HC,InDegree_avg_HC,Closeness_avg_HC,Betweenness_avg_HC,Eigenvector_avg_HC
2014-10-15,0.924253330019229,0.924253330019229,0,85.36,0.213044418189496
2014-10-16,0.905559981362729,0.905559981362729,0,90.5,0.220559388682902
2014-10-17,0.904170314814041,0.904170314814041,0,86.48,0.303174283341911
2014-10-20,0.890658256410163,0.890658256410163,0,90.42,0.306359905449175
2014-10-21,0.880965297809218,0.880965297809218,0,89.7,0.404452739439481
2014-10-22,0.850889238387704,0.850889238387704,0,89.58,0.384144701785133
2014-10-23,0.900024180064203,0.900024180064203,0,88.2,0.411077919393151
2014-10-24,0.841659654036489,0.841659654036489,0,85.08,0.36963673527705
2014-10-27,0.882515267628987,0.882515267628987,0,78.58,0.355466853521607
2014-10-28,0.874146005792011,0.874146005792011,0,81.12,0.40104861531955
2014-10-29,0.894076843755599,0.894076843755599,0,76.5,0.407025402814691
2014-10-30,0.901225233304689,0.901225233304689,0,77.16,0.338074125628181
2014-10-31,0.901513599137939,0.901513599137939,0,84.66,0.395322040014889
2014-11-03,0.872640475463907,0.872640475463907,0,81.12,0.339520566656579
2014-11-04,0.875055921257538,0.875055921257538,0,95.4,0.388695768321765
2014-11-05,0.917241048916652,0.917241048916652,1.79336024102312e-05,90.4081632653061,0.385119460728032
2014-11-06,0.862013163431195,0.862013163431195,1.7834273038822e-05,90.734693877551,0.416372373968728
2014-11-07,0.830991148992644,0.830991148992644,0,88.1020408163265,0.366686747885117
2014-11-10,0.892107034709508,0.892107034709508,1.46496021423935e-05,91.1632653061225,0.273116444174439
2014-11-11,0.922283834966761,0.922283834966761,1.77786550750643e-05,87,0.46597939128361
2014-11-12,0.926854707421459,0.926854707421459,1.42326108682173e-05,87.8775510204082,0.454747721586495
2014-11-13,0.930355243810459,0.930355243810459,1.33780803217521e-05,82.5102040816327,0.287207142343644
2014-11-14,0.940743099607749,0.940743099607749,1.41357809961713e-05,82.8979591836735,0.367881682517922
2014-11-17,0.945609213042235,0.945609213042235,1.49244643492316e-05,86.4897959183673,0.333650637265091
2014-11-18,0.967862609886165,0.967862609886165,1.88336551884309e-05,88.7551020408163,0.373479662958972
2014-11-19,0.963732180031266,0.963732180031266,0.00116632066015321,93.0612244897959,0.363478273534608
2014-11-20,0.955780630808673,0.955780630808673,2.0371076408957e-05,87.1020408163265,0.38848006110104
2014-11-21,0.989275370738439,0.989275370738439,2.06540822158615e-05,85.8163265306122,0.40680444348174
2014-11-24,0.918440476628797,0.918440476628797,0,84.4081632653061,0.3040514998438
2014-11-25,0.967364756594901,0.967364756594901,0,80.9387755102041,0.29572499701888
2014-11-26,0.915904291934622,0.915904291934622,1.97101152941477e-05,89.6122448979592,0.298891777979387
2014-11-27,0.936732156645543,0.936732156645543,1.89769171861277e-05,88.7755102040816,0.323786625948273
2014-11-28,0.926380821909929,0.926380821909929,9.21329847476091e-05,94.16,0.274248284586249
2014-12-01,0.911729605161713,0.911729605161713,1.88463391166544e-05,83.78,0.231082802305754
2014-12-02,0.911469642276414,0.911469642276414,0,85.48,0.307604582057459
2014-12-03,0.840438352153447,0.840438352153447,0,80.88,0.315846229906507
2014-12-04,0.876771908348177,0.876771908348177,0.000982110454821165,88.54,0.344287671381319
2014-12-05,0.910641882233928,0.910641882233928,2.2343828958834e-05,93.02,0.309564247044012
2014-12-08,0.870479950845155,0.870479950845155,1.91726800170091e-05,86.12,0.346125119416579
2014-12-09,0.885384146137452,0.885384146137452,0,87.48,0.366923724184572
2014-12-10,0.886482817361891,0.886482817361891,0.00107392400161941,96.9,0.366497162856845
2014-12-11,0.901113906554505,0.901113906554505,1.88491222820616e-05,93.28,0.309693459397747
2014-12-12,0.888207670220848,0.888207670220848,1.57304594898779e-05,97.88,0.31057969213158
2014-12-15,0.883516564713644,0.883516564713644,1.5581084866743e-05,96.22,0.396320755744877
2014-12-16,0.894836312314068,0.894836312314068,0.0011621190528387,98.26,0.410191461317834
2014-12-17,0.89726418834537,0.89726418834537,0.00113313525862222,96.46,0.392936368845992
2014-12-18,0.900351310354782,0.900351310354782,0.00107434131361318,97,0.325201671100249
2014-12-19,0.869610400237926,0.869610400237926,1.586851483381e-05,96.36,0.284098740295005
2014-12-22,0.879783609806231,0.879783609806231,0.00104625114046946,94.54,0.353590807575686
2014-12-23,0.859082993546812,0.859082993546812,0.00107237975127369,98.06,0.355018651588149
2014-12-24,0.834492156841406,0.834492156841406,0.0010317373283319,103.94,0.304351329385589
2014-12-25,0.834368030380747,0.834368030380747,0.00100374613158993,102.8,0.367151809451993
2014-12-26,0.828059562931932,0.828059562931932,1.82722183567026e-05,98.36,0.391591469420228
2014-12-29,0.848866756410408,0.848866756410408,0.000860774073910447,98.2,0.392091142656631
2014-12-30,0.83467688321229,0.83467688321229,0.00104121476522532,96.1,0.388468136723989
2014-12-31,0.809161048855057,0.809161048855057,1.86093672649006e-05,99,0.389810088824599
2015-01-05,0.829310670692167,0.829310670692167,1.38707763941672e-05,101.18,0.375391160544676
2015-01-06,0.824365773939274,0.824365773939274,1.6779862329313e-05,99.32,0.398905872707489
2015-01-07,0.813293589732947,0.813293589732947,1.67133790458391e-05,97.54,0.385975024570146
2015-01-08,0.837350598033653,0.837350598033653,0.000691636790230496,97.82,0.413283517869096
2015-01-09,0.873830351136927,0.873830351136927,0.00108221995193238,91.8,0.436048017752691
2015-01-12,0.865370127932313,0.865370127932313,0.00113371173934644,93,0.407431438265256
2015-01-13,0.869190953411679,0.869190953411679,0.00104701240836227,94.24,0.362296369543111
2015-01-14,0.887953049306286,0.887953049306286,0.00111390570413476,96.26,0.321801344608779
2015-01-15,0.931913559516228,0.931913559516228,0.00118282167638942,91.32,0.463060946552404
2015-01-16,0.915265652715258,0.915265652715258,0.00112476182547407,92.92,0.28135941274335
2015-01-19,0.885942732873507,0.885942732873507,0.00105976065318563,99.74,0.307001938179002
2015-01-20,0.881220744263928,0.881220744263928,2.50118690169518e-05,95.34,0.252678891359985
2015-01-21,0.885936019038343,0.885936019038343,0.00104218494092712,98.92,0.336342800728174
2015-01-22,0.8666671721999,0.8666671721999,0.00101707451925404,98,0.285783289863771
2015-01-23,0.857630359384534,0.857630359384534,0.00105560403814101,97.9,0.416446336156611
2015-01-26,0.850692746211092,0.850692746211092,0.00106752666096318,99.4,0.351064161731153
2015-01-27,0.884287226964934,0.884287226964934,0.0011142571738046,97.18,0.343805249762503
2015-01-28,0.865700868174482,0.865700868174482,0.00108811416335929,99.56,0.315010106639889
2015-01-29,0.846460454770372,0.846460454770372,0.00103977301841618,100.14,0.353874838228767
2015-01-30,0.832024295388449,0.832024295388449,1.89409473088848e-05,102.78,0.395460990804535
2015-02-02,0.810251234570901,0.810251234570901,0.00104549533413106,104.84,0.347619003050241
2015-02-03,0.837479826296009,0.837479826296009,0.00109382818722588,101.68,0.383267377967904
2015-02-04,0.849174371288939,0.849174371288939,0.00107054655549527,104.34,0.41899824835656
2015-02-05,0.855460634892344,0.855460634892344,0.00110913243049394,101.74,0.314318536863726
2015-02-06,0.850703267888462,0.850703267888462,0.00103262507215503,105.72,0.352811491950877
2015-02-09,0.857737753471242,0.857737753471241,0.00107984431065152,103.66,0.388361328371216
2015-02-10,0.861630957051006,0.861630957051006,0.00108692737118283,99.82,0.335778668357927
2015-02-11,0.862185370456286,0.862185370456286,0.00112928112136699,95.7,0.345538710779339
2015-02-12,0.887215354556436,0.887215354556436,0.000249356153817299,97.08,0.328332323493372
2015-02-13,0.888274881068947,0.888274881068947,0.00107241426251255,101.96,0.256600045241419
2015-02-16,0.891891495941677,0.891891495941677,0.00114074212472893,95.530612244898,0.335526565512629
2015-02-17,0.907191439697822,0.907191439697822,0.00117296291647439,97.7755102040816,0.408457334684175
2015-02-25,0.923464435166662,0.923464435166662,0.00119080542037423,94.4285714285714,0.426899991348612
2015-02-26,0.910943650099895,0.910943650099895,0.00114155653965324,97.1224489795918,0.369677379453549
2015-02-27,0.901860510838951,0.90186051083895,0.00113861986558206,94.9387755102041,0.394062243538414
2015-03-02,0.883207488953925,0.883207488953925,0.00107571193153374,101.938775510204,0.320255702020574
2015-03-03,0.917581226381231,0.917581226381231,0.00115192724892545,96.8979591836735,0.344831404561453
2015-03-04,0.926820782836569,0.926820782836569,0.00117638559184977,95.8775510204082,0.33056723492926
2015-03-05,0.9086697494921,0.9086697494921,0.00117976783131804,96.2857142857143,0.353659703843094
2015-03-06,0.890863077113198,0.890863077113198,0.0011470217599059,95.6122448979592,0.370982947398773
2015-03-09,0.904501896796233,0.904501896796233,2.33492561353904e-05,92.9183673469388,0.38493835827311
2015-03-10,0.912447550225352,0.912447550225352,2.41020122781033e-05,94.6530612244898,0.359427563329385
2015-03-11,0.91365475056557,0.91365475056557,0.00116725523370642,95.1428571428571,0.338042505512818
2015-03-12,0.90781104125091,0.90781104125091,0.00114861131135612,96,0.334402593095955
2015-03-13,0.901730992293282,0.901730992293282,0.00115125033036985,93.6530612244898,0.363502124818767
2015-03-16,0.905485054567671,0.905485054567671,0.00113004145997496,97.7551020408163,0.346527922149919
2015-03-17,0.886166576236642,0.886166576236642,0.00112710905967394,100.061224489796,0.338208688860983
2015-03-18,0.893289177456266,0.893289177456266,2.22028298558843e-05,98.3673469387755,0.291880066154972
2015-03-19,0.913440280845072,0.913440280845072,0.00113145864605692,96.3469387755102,0.375223200371146
2015-03-20,0.896952985486665,0.896952985486665,0.00116053170141409,99.3469387755102,0.33465109028312
2015-03-23,0.905377827907594,0.905377827907594,0.00117791678089105,93.3061224489796,0.354603868730757
2015-03-24,0.931987000869493,0.931987000869493,0.00121803730144463,91.3673469387755,0.376941257153502
2015-03-25,0.938007559914525,0.938007559914525,0.0012213187955044,91.4081632653061,0.49977883386173
2015-03-26,0.927548417853873,0.927548417853873,0.00121930770470775,92.5918367346939,0.393302327004229
2015-03-27,0.902523043342546,0.902523043342546,0.00117668743112853,94.0408163265306,0.423723113669865
2015-03-30,0.875074315879915,0.875074315879915,0.00114371094331361,91.3877551020408,0.410359770519662
2015-03-31,0.904554791632178,0.904554791632178,0.00120322467583946,90.6530612244898,0.409966284907968
2015-04-01,0.931283330994921,0.931283330994921,0.00125347929225215,89.8163265306122,0.41167509690225
2015-04-02,0.920366608498949,0.920366608498949,0.001221272033954,94.7959183673469,0.388033941908456
2015-04-03,0.913647351795955,0.913647351795956,0.00113979918661562,91.5102040816327,0.405979418538788
2015-04-07,0.928194085371592,0.928194085371592,0.00120579523004371,85.1632653061225,0.375446955368255
2015-04-08,0.930524885610662,0.930524885610662,0.00119249742254039,85.7551020408163,0.339479393821877
2015-04-09,0.900576044805886,0.900576044805886,0.0011763721364259,93.0204081632653,0.387474941832853
2015-04-10,0.894543165254601,0.894543165254601,0.00115498174475421,89.8367346938775,0.409445291548057
2015-04-13,0.907364956691817,0.907364956691817,0.0011774303113532,88.8979591836735,0.380437868437984
2015-04-14,0.88727380950328,0.88727380950328,0.00118323270365409,92.4285714285714,0.39651107032052
2015-04-15,0.891754341521153,0.891754341521153,2.18275704194615e-05,87.530612244898,0.382470939389389
2015-04-16,0.91232036081553,0.91232036081553,0.00121287703236717,90.0612244897959,0.420646416912803
2015-04-17,0.910735465505771,0.910735465505771,0.00119491879759673,90.8979591836735,0.427449908551398
2015-04-20,0.915134248327857,0.915134248327857,0.00111560292592532,94.0816326530612,0.414745488333179
2015-04-21,0.90164314589536,0.90164314589536,1.99179917399864e-05,94.7959183673469,0.429472840079824
2015-04-22,0.907793840555361,0.907793840555361,0.00117382060718455,91.8367346938775,0.429066109842112
2015-04-23,0.911023152010666,0.911023152010666,0.00116850768314919,88.4285714285714,0.415129130107856
2015-04-24,0.923813187523999,0.923813187523999,0.00116240684976089,90.8163265306122,0.399985465565147
2015-04-27,0.911025403555435,0.911025403555435,0.00115543898348174,90.6326530612245,0.399334791987688
2015-04-28,0.868080535858418,0.868080535858418,0.00113715063470927,95.4897959183673,0.4167967273948
2015-04-29,0.888565566340375,0.888565566340375,1.84027417396792e-05,94.0612244897959,0.360242972196993
2015-04-30,0.915772175578379,0.915772175578379,2.17419340467392e-05,91.2244897959184,0.390343459661079
2015-05-04,0.938542919606302,0.938542919606303,0.0011795972681008,96.1020408163265,0.444174440040555
2015-05-05,0.908414696348408,0.908414696348408,0.00106775104162564,92.4081632653061,0.39422498133456
2015-05-06,0.887090707826242,0.887090707826242,0.00107877370104955,94.3469387755102,0.364810208520937
2015-05-07,0.854644661871385,0.854644661871385,1.50580286605042e-05,93.4489795918367,0.404544066498826
2015-05-08,0.870070147723072,0.870070147723072,1.89654335030821e-05,94.2040816326531,0.394555636205733
2015-05-11,0.841561577530488,0.841561577530488,0,99.58,0.359286468679062
2015-05-12,0.842703081207638,0.842703081207638,0,95.32,0.363698555694541
2015-05-13,0.826374407921402,0.826374407921402,6.93889390390717e-20,94.96,0.427530849928889
2015-05-14,0.850519231054655,0.850519231054655,0.000842244216129937,97.1,0.437349499916289
2015-05-15,0.846922337273101,0.846922337273101,1.44491030712201e-05,91.3,0.417730477581345
2015-05-18,0.826407535069127,0.826407535069127,0.000931688993654479,93.82,0.408359874661795
2015-05-19,0.832380069052915,0.832380069052915,0,91.92,0.410682376129455
2015-05-20,0.839515826215132,0.839515826215132,1.2062009157117e-05,100.4,0.478668752899863
2015-05-21,0.861277107789705,0.861277107789705,1.21439589618064e-05,96.7,0.489704703170672
2015-05-22,0.850709435920452,0.850709435920452,0.00104529427505627,102.06,0.489686637121226
2015-05-25,0.870053028729122,0.870053028729122,0.00109417334511425,102.42,0.473637061688465
2015-05-26,0.859340894168442,0.859340894168442,0.00104580155519794,101.62,0.468891586505871
2015-05-27,0.857351065958194,0.857351065958194,0.00104306637012914,107.02,0.449649847061093
2015-05-28,0.811819691604,0.811819691604,0,96.5,NA
2015-05-29,0.800934928971722,0.800934928971722,0,97.02,NA
2015-06-01,0.837100469876351,0.837100469876351,1.60205515623905e-05,99.74,0.442147099613975
2015-06-02,0.844846167296265,0.844846167296265,0,94.4,0.393377438646773
2015-06-03,0.853623191839892,0.853623191839892,0,98.56,0.440657793548094
2015-06-04,0.88007330514124,0.88007330514124,0,97.72,0.473446708956019
2015-06-05,0.836617007155622,0.836617007155622,0,87.84,0.395842114059849
2015-06-08,0.828776263328702,0.828776263328702,0,92.26,0.447707245199776
2015-06-09,0.839505891029792,0.839505891029792,2.01194602649056e-05,92.76,0.407873031617127
2015-06-10,0.831043108096866,0.831043108096866,1.43514051638591e-05,94.36,0.466654753675376
2015-06-11,0.828952928240802,0.828952928240802,0.00080048199353556,99.22,0.43415620721791
2015-06-12,0.849568307433244,0.849568307433244,4.34725152405495e-05,86.9,0.462032680308484
2015-06-15,0.846293410748247,0.846293410748247,0.00106664870080096,94.54,0.422445646188166
2015-06-16,0.828328667668688,0.828328667668688,0,96.38,0.434251072137599
2015-06-17,0.800996793773121,0.800996793773121,1.77378562816687e-05,97.84,0.400178964408334
2015-06-18,0.799817780859562,0.799817780859562,0.000966065388620432,99.02,0.417710223193299
2015-06-19,0.816799999137396,0.816799999137396,0.000977874658168887,95.68,0.420406937045575
2015-06-23,0.827330000003623,0.827330000003623,0.000950357296972613,98.72,0.448598200868677
2015-06-24,0.825138610986177,0.825138610986177,0.000999032841346281,100.62,0.41608265138329
2015-06-25,0.805784908411679,0.805784908411679,1.29022589422469e-05,95.734693877551,0.409238826302196
2015-06-26,0.803527136273786,0.803527136273786,0,91.8163265306122,0.397183692361011
2015-06-29,0.824989368128377,0.824989368128377,0,89.8775510204082,0.441154784946925
2015-06-30,0.831828602177028,0.831828602177028,0,90.5918367346939,NA
2015-07-01,0.805550038505818,0.805550038505818,0,96.8775510204082,0.407300284916227
2015-07-02,0.76515153335894,0.76515153335894,0,93.265306122449,0.462118821693817
2015-07-03,0.73202730298997,0.73202730298997,0,100.428571428571,NA
2015-07-06,0.746757813644818,0.746757813644818,0,100.795918367347,0.344579567175729
2015-07-07,0.737878010062786,0.737878010062786,0,102.122448979592,0.323844760350401
2015-07-08,0.725168078691141,0.725168078691141,0,105.938775510204,0.264156271439281
2015-07-09,0.746671680097524,0.746671680097524,0,103.083333333333,0.263831666661791
2015-07-10,0.737380111997398,0.737380111997398,0,82.25,0.314423384641456
2015-07-13,0.721853757631647,0.721853757631647,0,110.938775510204,0.300051039368407
2015-07-14,0.748363678094413,0.748363678094413,0,101.224489795918,0.298549075919626
2015-07-15,0.703624768998537,0.703624768998537,0,100.291666666667,0.296539259388602
2015-07-16,0.708078361391681,0.708078361391681,0,105.645833333333,0.339006020848363
2015-07-17,0.687918589205391,0.687918589205391,0,102.142857142857,0.32809173930849
2015-07-20,0.714409766267072,0.714409766267072,0,92.1224489795918,0.292563390565998
2015-07-21,0.695907743915119,0.695907743915119,0,99.2244897959184,0.282419896134666
2015-07-22,0.732505905849471,0.732505905849471,1.11274614559652e-05,104,0.322208430943654
2015-07-23,0.725921521525662,0.725921521525662,1.14926155038437e-05,110.0625,0.31228104030839
2015-07-24,0.739686748233099,0.739686748233099,1.29049638071632e-05,107.875,0.314021141296571
2015-07-27,0.727035478472202,0.727035478472202,0,117.744680851064,0.305104271532095
2015-07-28,0.752121274745134,0.752121274745134,0,85.8510638297872,0.305618706104929
2015-07-29,0.720951766692727,0.720951766692727,0,101.25,0.2793964577544
2015-07-30,0.754746482654917,0.754746482654917,0,102.808510638298,0.366593052391514
2015-07-31,0.773874690234809,0.773874690234809,0,98.3191489361702,0.343870318697892
2015-08-03,0.72956445036204,0.72956445036204,0,111.851063829787,0.329405789275702
2015-08-04,0.737195320242405,0.737195320242405,0,104.229166666667,0.347884033781914
2015-08-05,0.725171697596683,0.725171697596683,0,112.729166666667,0.324219974944171
2015-08-06,0.741493143135232,0.741493143135232,0,110.479166666667,0.299203392069375
2015-08-07,0.741053788285234,0.741053788285234,0,110.8125,0.332979631263523
2015-08-10,0.740841860973467,0.740841860973467,0,109.645833333333,0.34730166507161
2015-08-11,0.741238164551087,0.741238164551087,0,103.625,0.354176381190213
2015-08-12,0.746846705089074,0.746846705089074,0,101.916666666667,0.398389683896266
2015-08-13,0.735491989723812,0.735491989723812,0,97.1458333333333,0.390405644651788
2015-08-14,0.73955522335519,0.73955522335519,0,91.9166666666667,0.365844697322337
2015-08-17,0.752102254963917,0.752102254963917,0,89.5,0.418836375386924
2015-08-18,0.736631553567534,0.736631553567534,0,92,0.405542508759121
2015-08-19,0.721489811540417,0.721489811540417,0,102.645833333333,0.348805562367525
2015-08-20,0.704485418526838,0.704485418526838,0,97.7291666666667,0.416150642207732
2015-08-21,0.690288385645048,0.690288385645048,0,102.458333333333,0.45170271101513
2015-08-24,0.683634443395871,0.683634443395871,0,93.6739130434783,0.433820343368181
2015-08-25,0.669226607757134,0.669226607757134,0,99.804347826087,0.390145411749189
2015-08-26,0.66166906008725,0.66166906008725,0,91.7608695652174,0.349641108539512
2015-08-27,0.669740847652985,0.669740847652985,0,85.9347826086957,0.334899309248338
2015-08-28,0.681253365897169,0.681253365897169,0,81.804347826087,0.352005869861998
2015-08-31,0.670155281537078,0.670155281537078,0,90.1521739130435,0.356335641976858
2015-09-01,0.672339104553833,0.672339104553833,0,90.9347826086957,0.39804202706898
2015-09-02,0.657675093805878,0.657675093805878,0,95.695652173913,0.435350216421704
2015-09-07,0.688820523747431,0.688820523747431,0,97.3777777777778,0.490233723882726
2015-09-08,0.717738551320331,0.717738551320331,0,98.8723404255319,0.0417255264834447
2015-09-09,0.67286581616071,0.67286581616071,0,76.063829787234,0.0425538755984115
2015-09-10,0.686607368921828,0.686607368921828,0,74.3829787234042,0.366340299795941
2015-09-11,0.713900522118525,0.713900522118525,0,99.5957446808511,0.440062917292638
2015-09-14,0.661501533956903,0.661501533956903,7.38180202543302e-20,101.765957446809,0.389534286041621
2015-09-15,0.662348025613765,0.662348025613765,0,103.957446808511,0.462002557018771
2015-09-16,0.685368160741162,0.685368160741162,0,100.659574468085,0.500215306710647
2015-09-17,0.658389677065942,0.658389677065942,0,103.68085106383,0.543984030928173
2015-09-18,0.66812111450502,0.66812111450502,0,99.4042553191489,0.465233447162626
2015-09-21,0.697809645394285,0.697809645394285,0,117.297872340426,0.34656541584871
2015-09-22,0.696637042651706,0.696637042651706,0,106.68085106383,0.326565381174313
2015-09-23,0.701334676908379,0.701334676908379,0,98.7608695652174,0.345677537949564
2015-09-24,0.71957850996122,0.71957850996122,1.68755912300799e-05,106.326086956522,0.337882871836702
2015-09-25,0.744094311082229,0.744094311082229,1.87752890281402e-05,111.847826086957,0.333105218947756
2015-09-28,0.79805276356122,0.79805276356122,2.10485607821213e-05,104.108695652174,0.325529121696475
2015-09-29,0.791687914673021,0.791687914673021,0,97.4565217391304,0.312631978868892
2015-09-30,0.795002042756738,0.795002042756738,0,109.170212765957,0.312046982263667
2015-10-08,0.83159687753101,0.83159687753101,0,103.36170212766,0.297162267607271
2015-10-09,0.81253804293588,0.81253804293588,7.40501345103223e-06,106.531914893617,0.303537791761249
2015-10-12,0.823317350168169,0.823317350168169,0,99.9148936170213,0.390213048353753
2015-10-13,0.813321828829815,0.813321828829815,0,110.170212765957,0.298110480935576
2015-10-14,0.869235959912456,0.869235959912456,0,87.3404255319149,0.311062454149794
2015-10-15,0.863594761008823,0.863594761008823,0,79.6170212765958,0.33723838041218
2015-10-16,0.840709622141389,0.840709622141389,0,87.5957446808511,0.320371601855336
2015-10-19,0.852706133706419,0.852706133706419,0,78.3829787234042,0.313287996376487
2015-10-20,0.891641864762615,0.891641864762615,0,85.1458333333333,0.361750089791218
2015-10-21,0.872149349687827,0.872149349687827,0,95.4468085106383,0.303432737158116
2015-10-22,0.868953677908654,0.868953677908654,0,100.468085106383,0.318154624893483
2015-10-23,0.856408091941256,0.856408091941256,0,89.0416666666667,0.301614434831482
2015-10-26,0.878446286747123,0.878446286747123,0,97.6734693877551,0.29699835446805
2015-10-27,0.857390504718053,0.857390504718053,0,93.1632653061225,0.352594698761562
2015-10-28,0.879869412423382,0.879869412423382,0,97.3265306122449,0.360090350708866
2015-10-29,0.879171962592244,0.879171962592244,0,89.3673469387755,0.33847626958107
2015-10-30,0.865456690864907,0.865456690864907,0,94.6530612244898,0.353654017064467
2015-11-02,0.87544315257177,0.87544315257177,0,82.6734693877551,0.319739951997342
2015-11-03,0.889906497508684,0.889906497508684,0,94.0816326530612,0.346646050168622
2015-11-04,0.897100652850988,0.897100652850988,0,89.5102040816327,0.347122394393597
2015-11-05,0.900202799322813,0.900202799322813,0,81.7551020408163,0.355470322260443
2015-11-06,0.892723789698819,0.892723789698819,0,93.1224489795918,0.315254368219308
2015-11-09,0.898359280065648,0.898359280065648,0,90.4081632653061,0.386864469274643
2015-11-10,0.909751982152114,0.909751982152114,0,102.591836734694,0.444215433574858
2015-11-11,0.911109668397256,0.911109668397256,0,101.122448979592,0.376318711647693
2015-11-12,0.850778498052666,0.850778498052666,0,110,0.374383364531649
2015-11-13,0.857301830145009,0.857301830145009,0,105.877551020408,0.439807513627501
2015-11-16,0.865458864056096,0.865458864056096,0,86.734693877551,0.361985235253286
2015-11-17,0.855649923782269,0.855649923782269,0,109.244897959184,0.395043947086206
2015-11-18,0.821096025221065,0.821096025221065,0,96.9591836734694,0.412100322182103
2015-11-19,0.853492231503987,0.853492231503987,0,97.734693877551,0.40586559144361
2015-11-20,0.822696400223771,0.822696400223771,0,97.1428571428571,0.465367979655749
2015-11-23,0.824224914383806,0.824224914383806,0,100.061224489796,0.397783937762092
2015-11-24,0.876632921567713,0.876632921567713,0,92.7551020408163,0.388314821665396
2015-11-25,0.857902530692108,0.857902530692108,0,93.6122448979592,0.407214339098459
2015-11-26,0.817950693498883,0.817950693498883,0,100.020408163265,0.371248142249331
2015-11-27,0.821451041870639,0.821451041870639,0,97.2040816326531,0.349065179833999
2015-11-30,0.871549959056585,0.871549959056585,0,94.3061224489796,0.394652264268266
2015-12-01,0.880133475620208,0.880133475620208,0,92.3061224489796,0.412037099058772
2015-12-02,0.893610781464825,0.893610781464825,0,91.9387755102041,0.424358201472497
2015-12-03,0.934336114171989,0.934336114171989,0,89.5918367346939,0.328673103435448
2015-12-04,0.907390918446841,0.907390918446841,0,90.8367346938775,0.427074174628614
2015-12-07,0.942507100576141,0.942507100576141,0,96.4489795918367,0.407676565443489
2015-12-08,0.943883943943023,0.943883943943023,0,92.0816326530612,0.418272454872811
2015-12-09,0.870908226095399,0.870908226095399,0,93.3061224489796,0.489432288954329
2015-12-10,0.8798659925735,0.8798659925735,0,77.5714285714286,0.389895719176257
2015-12-11,0.837259485691773,0.837259485691773,0,79.5918367346939,0.349041193129095
2015-12-14,0.856895000548924,0.856895000548924,0,82.0816326530612,0.402977951551118
2015-12-15,0.861528327137778,0.861528327137778,0,75.0816326530612,0.366598128008107
2015-12-16,0.892884159839978,0.892884159839978,0,82.734693877551,0.321489623050671
2015-12-17,0.876043716680746,0.876043716680746,0,71.5102040816327,0.393317116973682
2015-12-18,0.8671788996447,0.8671788996447,0,84.9387755102041,0.417652521790564
2015-12-21,0.854760734880513,0.854760734880513,0,82.3673469387755,0.320153485659253
2015-12-22,0.829361640066144,0.829361640066144,0,64.6938775510204,0.332930787118922
2015-12-23,0.851998418787513,0.851998418787513,0,77.5714285714286,0.347061187753214
2015-12-24,0.855898244555599,0.855898244555599,0,74.7142857142857,0.353187032168845
2015-12-25,0.85335143855904,0.85335143855904,0,80.734693877551,0.33453422526105
2015-12-28,0.851889561758847,0.851889561758847,0,88.0612244897959,0.353305992552439
2015-12-29,0.852886782748833,0.852886782748833,0,91.5714285714286,0.396102500717458
2015-12-30,0.853794750617635,0.853794750617635,0,86.1224489795918,0.373239711706383
2015-12-31,0.871805296424154,0.871805296424154,0,85.3061224489796,0.344262250638695
2016-01-04,0.834156556170566,0.834156556170566,0,84.6734693877551,0.342776251631109
2016-01-05,0.814167212045948,0.814167212045948,0,85.5918367346939,0.415669296794144
2016-01-06,0.841561478221741,0.841561478221741,0,91.2448979591837,0.369089303666945
2016-01-07,0.862074664548626,0.862074664548626,0,76.0408163265306,0.390923690811985
2016-01-08,0.882580579318406,0.882580579318406,0,77.5714285714286,0.346981482407831
2016-01-11,0.8545007434685,0.8545007434685,0,73.6734693877551,0.382960709929844
2016-01-12,0.866374636995387,0.866374636995387,0,73.2448979591837,0.375067313018793
2016-01-13,0.871438546975658,0.871438546975658,0,69.6530612244898,0.471637499285079
2016-01-14,0.895697462808257,0.895697462808257,0,67.4897959183673,0.446028256394838
2016-01-15,0.895072842874689,0.895072842874689,0,67.8979591836735,0.439965847108201
2016-01-18,0.905015806581903,0.905015806581903,0,70.3469387755102,0.412478466684225
2016-01-19,0.880725015277858,0.880725015277858,0,70.8571428571429,0.401669898794644
2016-01-20,0.877952507698079,0.877952507698079,0,68.1836734693878,0.376816887678163
2016-01-21,0.870139864584816,0.870139864584816,0,81.52,0.353631411410074
2016-01-22,0.888368382671145,0.888368382671145,0,85.6,0.349978266339994
2016-01-25,0.898477131913011,0.898477131913011,0,87.88,0.366247340870554
2016-01-26,0.919092288656491,0.919092288656491,0,79.26,0.413236251194311
2016-01-27,0.930503684123669,0.930503684123669,0,81.72,0.38675611621449
2016-01-28,0.899604184435826,0.899604184435826,0,71.9,0.231546127130234
2016-01-29,0.915293502169179,0.915293502169179,0,71.94,0.213380591359766
2016-02-01,0.894855065674902,0.894855065674902,0,82.44,0.229798683895403
2016-02-02,0.909500886103729,0.909500886103729,0,73.4897959183673,0.232933922754324
2016-02-03,0.892881972860731,0.892881972860731,0,76.2040816326531,0.197600328652174
2016-02-04,0.895243966551334,0.895243966551334,0,83.0816326530612,0.401139994159795
2016-02-05,0.903756221741268,0.903756221741268,0,71.4489795918367,0.413658270929953
2016-02-15,0.89717619068664,0.89717619068664,0,79.1224489795918,0.317774074326638
2016-02-16,0.899805960225321,0.899805960225321,0,71.3877551020408,0.378986491112749
2016-02-17,0.89120890370594,0.89120890370594,0,79.4489795918367,0.397733560986744
2016-02-18,0.934183249566963,0.934183249566964,0,71.5102040816327,0.417356112993724
2016-02-19,0.911594319817926,0.911594319817926,0,81.4897959183673,0.349432376094301
2016-02-22,0.971728784925394,0.971728784925394,0,75.8163265306122,0.413563865750225
2016-02-23,0.934005755648237,0.934005755648237,0,82.5102040816327,0.451876650961119
2016-02-24,0.890636268485579,0.890636268485579,0,76.4,0.418369895603608
2016-02-25,0.943412294678302,0.943412294678302,0,85.56,0.430961390011117
2016-02-26,0.92260033154618,0.92260033154618,0,71.84,0.459625173904903
2016-02-29,0.955860158127268,0.955860158127268,0,71.24,0.429625897840008
2016-03-01,0.963845074210567,0.963845074210567,0,69.86,0.457598904959236
2016-03-02,0.972827575183046,0.972827575183046,0,73.36,0.430512803599708
2016-03-03,0.932377599725119,0.932377599725119,0,65.68,0.430357124940325
2016-03-04,0.940657682390908,0.940657682390908,0,76.38,0.430290023646337
2016-03-07,0.978192242094524,0.978192242094524,0,86.22,0.412645214238577
2016-03-08,0.972470501690113,0.972470501690113,0,82.88,0.426242498355418
2016-03-09,0.964761855790754,0.964761855790754,0,80.7,0.485626416252672
2016-03-10,0.98359105007507,0.98359105007507,0,83.28,0.456220157771459
2016-03-11,0.982785367836304,0.982785367836304,0,76.96,0.473460085873392
2016-03-14,0.959742839011196,0.959742839011196,0,86.52,0.420808077007979
2016-03-15,0.947875620476127,0.947875620476127,0,82.2,0.449759457798587
2016-03-16,1.00091354071457,1.00091354071457,0,85.5,0.473249704946021
2016-03-17,0.972655010549997,0.972655010549997,0,85.56,0.544384558749108
2016-03-18,0.951329473849358,0.951329473849358,0,83.28,0.447989804295979
2016-03-21,0.918179737659872,0.918179737659872,0,80.32,0.488565414460957
2016-03-22,0.960141544357402,0.960141544357402,0,89.04,0.511516981451743
2016-03-23,0.917098878520498,0.917098878520498,0,83.92,0.477156614980871
2016-03-24,0.985368946978615,0.985368946978615,0,78.02,0.519699089394725
2016-03-25,0.952843651768196,0.952843651768196,0,79.54,0.415482680814323
2016-03-28,0.976841123256528,0.976841123256527,0,83.82,0.429986989498481
2016-03-29,0.97202824367777,0.97202824367777,0,79.5,0.463361777475703
2016-03-30,0.952075967476672,0.952075967476672,0,78.48,0.518197552788183
2016-03-31,0.932959235562129,0.932959235562129,0,75.82,0.518456781141779
2016-04-01,0.934687809519242,0.934687809519242,0,81.98,0.455910625915628
2016-04-05,0.924206294450366,0.924206294450366,0,75.82,0.457094696705168
2016-04-06,0.918743764791824,0.918743764791824,0,85.94,0.465266182813645
2016-04-07,0.920506860296388,0.920506860296388,0,84.16,0.479146872140526
2016-04-08,0.926298302097996,0.926298302097996,0,77.5,0.479100375854625
2016-04-11,0.902793914080895,0.902793914080895,0,87.44,0.473690794282095
2016-04-12,0.918348776278474,0.918348776278474,0,86.26,0.455165119955836
2016-04-13,0.930285882613654,0.930285882613654,0,80.46,0.46994960954177
2016-04-14,0.912356851574313,0.912356851574313,0,79.66,0.446607937935726
2016-04-15,0.943373078716871,0.943373078716871,0,77.36,0.430014808435149
2016-04-18,0.927739637850868,0.927739637850868,0,74.8,0.464278143287404
2016-04-19,0.934871600205436,0.934871600205436,0,70.62,0.314867373036581
2016-04-20,0.946612508898878,0.946612508898878,0,81.9,0.378102368330984
2016-04-21,0.984450080382751,0.984450080382751,0,70.34,0.439252542938968
2016-04-22,0.940324007394827,0.940324007394827,0,88.02,0.416076941695914
2016-04-25,0.929135605923907,0.929135605923907,0,84.32,0.35080962623638
2016-04-26,0.92050716621069,0.92050716621069,0,99.78,0.341081383332629
2016-04-27,0.936889968039389,0.936889968039389,0,79.2,0.281916425740202
2016-04-28,0.918573338176706,0.918573338176706,0,71.76,0.277578752776744
2016-04-29,0.915890630977516,0.915890630977516,0,70.76,0.268733802276135
2016-05-03,0.920200783381996,0.920200783381996,0,83.56,0.266333156005973
2016-05-04,0.917034024408846,0.917034024408846,0,88.76,0.314582584549588
2016-05-05,0.924988765632331,0.924988765632331,0,88.02,0.278354505605247
2016-05-06,0.927674336487968,0.927674336487968,0,92.06,0.319452910063267
2016-05-09,0.891517059866491,0.891517059866491,0,78.18,0.336178470705263
2016-05-10,0.878401249397033,0.878401249397033,0,76,0.296674511966178
2016-05-11,0.889184428164086,0.889184428164086,0,80.52,0.274833663618386
2016-05-12,0.89115972043261,0.89115972043261,0,82.58,0.248061409830692
2016-05-13,0.900479927890353,0.900479927890353,0,76.34,0.380164795082196
2016-05-16,0.896872890037311,0.896872890037311,0,80.14,0.420417203725555
2016-05-17,0.874961126158805,0.874961126158805,0,80.3,0.298033581189399
2016-05-18,0.873026144761313,0.873026144761313,0,86.66,0.281346892335448
2016-05-19,0.893346768430347,0.893346768430347,0,75.06,0.298804853699535
2016-05-20,0.905925875739838,0.905925875739838,0,77.36,0.265010308469617
2016-05-23,0.905988735067021,0.905988735067021,0,81,0.295565878856288
2016-05-24,0.904151534441257,0.904151534441257,0,87.08,0.381912606149303
2016-05-25,0.906776077334928,0.906776077334928,0,94.68,0.315416493447945
2016-05-26,0.876580762005243,0.876580762005243,0,98.66,0.267601679639174
2016-05-27,0.855165749188352,0.855165749188352,0,89.8,0.273667988627203
2016-05-30,0.881781752257406,0.881781752257406,0,87.2,0.205398277586234
2016-05-31,0.892777451357687,0.892777451357687,0,93.62,0.203103338347938
2016-06-01,0.913282024883844,0.913282024883844,0,88.8,0.18476087477987
2016-06-02,0.868934013356061,0.868934013356061,0,87.14,0.257780410758272
2016-06-03,0.885505040653849,0.885505040653849,0,77.92,0.21014912274211
2016-06-06,0.905499693027422,0.905499693027422,0,92.9,0.171265409796874
2016-06-07,0.908131067645851,0.908131067645851,0,91.32,0.110062077076141
2016-06-08,0.951020790303599,0.951020790303599,0,89.14,0.123430765451267
2016-06-13,0.906063941860159,0.906063941860159,0,74.84,0.142048200820902
2016-06-14,0.882418332880836,0.882418332880836,0,75.5,0.156799449180725
2016-06-15,0.902327341103531,0.902327341103531,0,79.32,0.155321617423985
2016-06-16,0.911300448658312,0.911300448658312,0,79.84,0.128402686324348
2016-06-17,0.894520700152875,0.894520700152875,0,77.98,0.130612795483367
2016-06-20,0.898700063698398,0.898700063698398,0,84.38,0.120310058970375
2016-06-21,0.889594312963914,0.889594312963914,0,80.1,0.124296119197654
2016-06-22,0.898369987357606,0.898369987357606,0,70.58,0.120148596795615
2016-06-23,0.908392916551003,0.908392916551003,0,80.66,0.128850246202868
2016-06-24,0.864236912175126,0.864236912175126,0,80.94,0.115322446556339
2016-06-27,0.885442878219439,0.885442878219439,0,81.36,0.0991520820263675
2016-06-28,0.853522235315518,0.853522235315518,0,78.78,0.0937151587350664
2016-06-29,0.871412061881646,0.871412061881646,0,83.66,0.0980225692378405
2016-06-30,0.852536685689481,0.852536685689481,0,78.54,0.114096669479879
2016-07-01,0.869059391939377,0.869059391939377,0,75.5,0.105720209936568
2016-07-04,0.873538498790843,0.873538498790843,0,83.12,0.114404501661776
2016-07-05,0.860395502425326,0.860395502425326,0,73.7,0.123717386615904
2016-07-06,0.852392412895549,0.852392412895549,0,81.24,0.116497240921409
2016-07-07,0.851899754797955,0.851899754797955,0,82.32,0.117081619766314
2016-07-08,0.862331108130102,0.862331108130102,0,89.44,0.142536727669703
2016-07-11,0.854952147780466,0.854952147780466,0,88.48,0.122955889386326
2016-07-12,0.840481660045072,0.840481660045072,0,99.9,0.112746937736674
2016-07-13,0.876465725340143,0.876465725340143,0,83,0.160123278531415
2016-07-14,0.859693181363296,0.859693181363296,0,83.58,0.168996552153527
2016-07-15,0.879235523492591,0.879235523492591,0,86.74,0.190833508426036
2016-07-18,0.880682016933924,0.880682016933924,0,88.06,0.192727320503015
2016-07-19,0.860335503174653,0.860335503174653,0,78.94,0.202212781657618
2016-07-20,0.869938352417925,0.869938352417925,0,78.18,0.280511940379023
2016-07-21,0.811679798813214,0.811679798813214,0,80.86,0.236096773599566
2016-07-22,0.829487135611499,0.829487135611499,0,84.66,0.241610328472892
2016-07-25,0.858778512930284,0.858778512930284,0,75.62,0.21509793650514
2016-07-26,0.865484553760885,0.865484553760885,0,71.5,0.254055917567564
2016-07-27,0.896372997539907,0.896372997539907,0,75.9,0.259485130628253
2016-07-28,0.887513426584561,0.887513426584561,0,86.9,0.248030264491086
2016-07-29,0.891220602807428,0.891220602807428,0,82.86,0.231676453158593
2016-08-01,0.888339006610574,0.888339006610574,0,75.86,0.198986579154623
2016-08-02,0.906973472746339,0.906973472746339,0,76.54,0.26637527313644
2016-08-03,0.85992627021268,0.85992627021268,0,77.32,0.252708712138979
2016-08-04,0.838853390269327,0.838853390269327,0,83.06,0.256215236394186
2016-08-05,0.862943720388318,0.862943720388318,0,81.04,0.244859301901721
2016-08-08,0.836071206225692,0.836071206225692,0,83.94,0.254546342571
2016-08-09,0.870537468973099,0.870537468973098,0,63.76,0.285756477607259
2016-08-10,0.879828014619517,0.879828014619517,0,81.44,0.223882332133756
2016-08-11,0.877933841676116,0.877933841676116,0,84.9,0.219023034474535
2016-08-12,0.869164433747181,0.869164433747181,0,83.3,0.223928735313229
2016-08-15,0.899093502224163,0.899093502224163,0,78.74,0.307358936500123
2016-08-16,0.911617048897088,0.911617048897088,0,78.9,0.290694907474952
2016-08-17,0.885560102088861,0.885560102088862,0,84.82,0.275065198375809
2016-08-18,0.928447605192453,0.928447605192453,0,79.94,0.236513220037329
2016-08-19,0.907921712887424,0.907921712887424,0,76.68,0.250833121543028
2016-08-22,0.890537994722671,0.890537994722671,0,79.78,0.195774751833892
2016-08-23,0.943126746712957,0.943126746712957,0,80.52,0.263910292434229
2016-08-24,0.944918630904411,0.944918630904411,0,88.34,0.235507160960185
2016-08-25,0.918883624724356,0.918883624724356,0,82.6,0.270146426515839
2016-08-26,0.949688846846761,0.949688846846761,0,77.1,0.268120671207761
2016-08-29,0.897440165754101,0.897440165754101,0,79.36,0.279081096223847
2016-08-30,0.917382884801456,0.917382884801456,0,78.54,0.288605354165146
2016-08-31,0.922308757412887,0.922308757412887,0,75.2,0.298237759519133
2016-09-01,0.916344545142489,0.916344545142489,0,72.5,0.277153006488393
2016-09-02,0.931839108563582,0.931839108563582,0,76.1,0.261222813887022
2016-09-05,0.930153311477348,0.930153311477348,0,69.32,0.283086100192932
2016-09-06,0.928222748371668,0.928222748371668,0,71.14,0.327546445083438
2016-09-07,0.936329926735987,0.936329926735987,0,70.7,0.308952242436871
2016-09-08,0.985295819919798,0.985295819919798,0,80.24,0.255796420408189
2016-09-09,0.9718673332973,0.9718673332973,0,73.32,0.266927476749353
2016-09-12,0.961731016254154,0.961731016254154,0,75.34,0.246635484415471
2016-09-13,0.963336567932037,0.963336567932037,0,76.42,0.239846896421778
2016-09-14,0.966240417839983,0.966240417839983,0,78.4,0.245306424075739
2016-09-19,0.957241877860798,0.957241877860798,0,69.18,0.247376653122401
2016-09-20,0.953342503713129,0.953342503713129,0,79.62,0.252933519663891
2016-09-21,0.982426741306788,0.982426741306788,0,75.72,0.247241604508081
2016-09-22,0.964981868017037,0.964981868017037,0,80,0.269842062419725
2016-09-23,1.02791064964643,1.02791064964643,0,81.4489795918367,0.245934083345507
2016-09-26,1.01513006891301,1.01513006891301,0,73.3265306122449,0.230761583222748
2016-09-27,1.02534512178909,1.02534512178909,0,75.2857142857143,0.241137715025001
2016-09-28,1.02122097688009,1.02122097688009,0,79.3673469387755,0.231908334278528
2016-09-29,1.00278786071338,1.00278786071338,0,72.7959183673469,0.266282576030365
2016-09-30,1.0226902836108,1.0226902836108,0,72.6122448979592,0.270252320863265
2016-10-10,0.999971575899657,0.999971575899657,0,81.06,0.271109470111084
2016-10-11,0.986087298100806,0.986087298100806,0,82,0.275941110568263
2016-10-12,0.973573104789156,0.973573104789156,0,69.68,0.249635264553835
2016-10-13,0.942360391061238,0.942360391061238,0,77.24,0.305192015441214
2016-10-14,0.97745626372114,0.97745626372114,0,69.04,0.328603221338956
2016-10-17,1.02690276073661,1.02690276073661,0,79.78,0.298645400779185
2016-10-18,1.03537954787369,1.03537954787369,0,79.72,0.282244918091525
2016-10-19,1.01377260847592,1.01377260847592,0,78.44,0.280363373324662
2016-10-20,1.03890455264779,1.03890455264779,0,79.52,0.17247270625863
2016-10-21,1.05419529603556,1.05419529603556,0,85.48,0.340247160257191
2016-10-24,1.07239498636958,1.07239498636958,0,80.48,0.274146366604971
2016-10-25,1.1073957823914,1.1073957823914,0,75.38,-0.0115934819372999
2016-10-26,1.03453157141256,1.03453157141256,0,82.62,0.246345044858099
2016-10-27,0.992966821417494,0.992966821417494,0,81.16,0.264678560223546
2016-10-28,1.05596225583454,1.05596225583454,0,84.66,-0.0161922146283862
2016-10-31,1.05111291847636,1.05111291847636,0,82.16,0.212982216190779
2016-11-01,1.02916786940645,1.02916786940645,0,87.6,0.23638486747022
2016-11-02,1.02626745300799,1.02626745300799,0,91.52,0.24200712056422
2016-11-03,1.0321358393738,1.0321358393738,0,84.58,0.244775309675596
2016-11-04,0.990165068449101,0.990165068449101,0,82.52,0.237306371500315
2016-11-07,0.956480538700006,0.956480538700006,0,78.08,0.118539205983246
2016-11-08,0.969356369818296,0.969356369818296,0,87.12,-0.0636817726404082
2016-11-09,0.98128285149058,0.98128285149058,0,83.42,0.0831642344824934
2016-11-10,1.01046298213123,1.01046298213123,0,79.94,-0.0172433866400214
2016-11-11,1.0371959672399,1.0371959672399,0,80.3,0.0290075387882181
2016-11-14,0.941129457372926,0.941129457372926,0,83.3,0.161717206794191
2016-11-15,0.958867047196642,0.958867047196642,0,76.54,0.137832535315217
2016-11-16,0.986024520503351,0.986024520503351,0,72.32,0.0104830579493465
2016-11-17,0.936733242676226,0.936733242676226,0,75.18,0.0435484112920208
2016-11-18,0.921212478174535,0.921212478174535,0,80.6,0.0462585629001734
2016-11-21,0.996211234314925,0.996211234314925,0,73.32,0.0808518138224806
2016-11-22,0.946845704899363,0.946845704899363,0,76.04,0.0852527934443238
2016-11-23,1.01375318523249,1.01375318523249,0,73.8,0.0280015672488057
2016-11-24,1.00735334971994,1.00735334971994,0,73.38,0.130136820056774
2016-11-25,0.953281904733235,0.953281904733235,0,83.84,0.105127514760747
2016-11-28,0.973006530066212,0.973006530066212,0,73.46,0.0911186603370297
2016-11-29,0.921712064804382,0.921712064804382,0,78.26,0.0791690738611272
2016-11-30,0.923450393913879,0.923450393913879,0,80.4,0.107607923028003
2016-12-01,0.948777310261142,0.948777310261142,0,90.14,0.107621392625332
2016-12-02,0.922092823681393,0.922092823681393,0,90.46,0.180371216751834
2016-12-05,0.973836767642007,0.973836767642007,0,87.02,0.182737822477662
2016-12-06,0.986774361844915,0.986774361844915,0,86.1,0.159451096952083
2016-12-07,0.983496761913435,0.983496761913435,0,82.12,0.172981335995659
2016-12-08,0.964507981347137,0.964507981347137,0,92.96,0.135895927212083
2016-12-09,0.933246044588715,0.933246044588715,0,81,0.150186140554263
2016-12-12,0.923926534600313,0.923926534600313,0,86.92,0.113120652265545
2016-12-13,0.921856890123586,0.921856890123586,0,80.36,0.13919926375372
2016-12-14,0.945556789022113,0.945556789022113,0,78.56,0.204237374120784
2016-12-15,0.91974666674917,0.91974666674917,0,97.08,0.192238383487607
2016-12-16,0.934243075837282,0.934243075837282,0,87.38,0.149067299870328
2016-12-19,0.959623598672654,0.959623598672654,0,81.06,0.139953822132128
2016-12-20,0.990150020906659,0.990150020906659,0,83.7,0.0878767598944712
2016-12-21,1.00655772791336,1.00655772791336,0,77.9795918367347,0.1235429816969
2016-12-22,1.00751390088937,1.00751390088937,0,85.6734693877551,0.125511206739251
2016-12-23,1.00506434310569,1.00506434310569,0,86.9591836734694,0.140964693107825
2016-12-26,1.00134532488191,1.00134532488191,0,90.0204081632653,0.140259008221928
2016-12-27,0.979287309686398,0.979287309686398,0,81.9591836734694,0.14997020579047
2016-12-28,0.956447725387876,0.956447725387876,0,80.7551020408163,0.122193323718119
2016-12-29,0.961666386322089,0.961666386322089,0,87.734693877551,0.139066956216203
2016-12-30,0.992422053860822,0.992422053860822,0,85.8163265306122,0.160933847748603
2017-01-03,0.955452947968464,0.955452947968464,0,84.4489795918367,0.156577655613772
2017-01-04,0.959473092148838,0.959473092148838,0,78.4081632653061,0.154368411929839
2017-01-05,0.938661230474174,0.938661230474174,0,79.4489795918367,0.168162531477858
2017-01-06,0.923934570549351,0.923934570549351,0,78.6326530612245,0.169764928777853
2017-01-09,0.921387526903724,0.921387526903724,0,83.5102040816327,0.155997401319595
2017-01-10,0.918606558147867,0.918606558147867,0,85.4081632653061,0.102745977664651
2017-01-11,0.923957337603858,0.923957337603858,0,88.1632653061225,0.128413601698394
2017-01-12,0.926876985414706,0.926876985414706,0,86.3673469387755,0.136421799383973
2017-01-13,0.897257489784777,0.897257489784777,0,90.469387755102,0.15993579788617
2017-01-16,0.917374027224651,0.917374027224651,0,88.8163265306122,0.103679424959627
2017-01-17,0.928055101927486,0.928055101927486,0,87.5510204081633,0.104671229374547
2017-01-18,0.916590553097492,0.916590553097492,2.08918989247505e-05,90.3265306122449,0.130216809786855
2017-01-19,0.892164401408424,0.892164401408424,0,90.3673469387755,0.220821540916364
2017-01-20,0.903153999805576,0.903153999805576,0,89.7142857142857,0.146222383924094
2017-01-23,0.883029637192315,0.883029637192315,0,88.4489795918367,0.240571323130574
2017-01-24,0.916895779481171,0.916895779481171,0,94.1020408163265,0.264714296620924
2017-01-25,0.903558947504932,0.903558947504932,0.00112363854986069,104.69387755102,0.194657590795353
2017-01-26,0.908442325072279,0.908442325072279,0.00113469104698094,98.7959183673469,0.175525461390272
2017-02-03,0.885314586630447,0.885314586630447,2.12481971190746e-05,98.0612244897959,0.190489117091784
2017-02-06,0.913833585071165,0.913833585071165,0,90.3877551020408,0.195543763280492
2017-02-07,0.935193065802664,0.935193065802664,0,87.8163265306122,0.300450872287804
2017-02-08,0.942813879061964,0.942813879061964,0,88.2857142857143,0.213668437915062
2017-02-09,0.95321357410547,0.95321357410547,1.51759403279624e-05,98.3265306122449,0.260775428542109
2017-02-10,0.935744959492799,0.935744959492799,0,94.6938775510204,0.193626686561373
2017-02-13,0.937291981861648,0.937291981861648,0,93.4897959183673,0.28523112341712
2017-02-14,0.960559902359192,0.960559902359192,2.11838935255735e-05,92.1632653061225,0.271724823329582
2017-02-15,0.987473574520843,0.987473574520843,2.16360468600113e-05,97.2040816326531,0.226408682436856
2017-02-16,0.956354566466504,0.956354566466504,0.00119663353261104,97.7551020408163,0.162319599016584
2017-02-17,0.946791177927447,0.946791177927447,2.08668298783287e-05,97,0.182540548806412
2017-02-20,0.945547735597926,0.945547735597926,2.35940965997647e-05,93.2448979591837,0.171441986331809
2017-02-21,0.959570819624301,0.959570819624301,0,92.9591836734694,0.193014460644148
2017-02-22,0.966542106914552,0.966542106914552,0,90.3673469387755,0.197849457856275
2017-02-23,0.96860939388705,0.96860939388705,0,94.2040816326531,0.184662872029739
2017-02-24,0.968887221644381,0.968887221644381,0,86.3265306122449,0.192045582609454
2017-02-27,0.963199591823192,0.963199591823192,0,91.9591836734694,0.170177510080689
2017-02-28,0.965942688757058,0.965942688757058,0,93.3877551020408,0.179019486208364
2017-03-01,0.968792217866862,0.968792217866862,0,90.7551020408163,0.181211197372358
2017-03-02,0.965837150909625,0.965837150909625,0,88.1428571428571,0.174078540668314
2017-03-03,0.936908725160199,0.936908725160199,0,85.5918367346939,0.181156877658594
2017-03-06,0.943190096914696,0.943190096914696,0,77.7755102040816,0.136456519748994
2017-03-07,0.943375433809546,0.943375433809546,0,84.1836734693878,0.155282695653313
2017-03-08,0.991371868523587,0.991371868523587,0,90.3469387755102,0.150857491067263
2017-03-09,0.980672097291106,0.980672097291106,0,94.6122448979592,0.157299898967716
2017-03-10,0.970357416778945,0.970357416778945,0,95.0408163265306,0.230711076632065
2017-03-13,0.938315718775838,0.938315718775838,0,84.9591836734694,0.350846398517777
2017-03-14,0.930899571522316,0.930899571522316,1.53052907591641e-05,108.34693877551,0.274980248543311
2017-03-15,0.928080977136719,0.928080977136719,1.67179158305386e-05,103.877551020408,0.287955560887684
2017-03-16,0.934171880423165,0.934171880423165,0,97.2244897959184,0.326183338810716
2017-03-17,0.957320521254223,0.957320521254223,0,92.6122448979592,0.298877775553687
2017-03-20,0.925944551265878,0.925944551265878,0,89.5510204081633,0.261250911024785
2017-03-21,0.911322845976827,0.911322845976827,0,88.9183673469388,0.322804298705002
2017-03-22,0.951076694169728,0.951076694169728,0,94.2040816326531,0.334980438762945
2017-03-23,0.939824014470477,0.939824014470477,0,89.6326530612245,0.22186608140116
2017-03-24,0.942369621209083,0.942369621209083,0,87.9591836734694,0.26341672259502
2017-03-27,0.936434300526641,0.936434300526641,0,93.0612244897959,0.270394059005415
2017-03-28,0.903799654283562,0.903799654283562,0,96,0.31436919112321
2017-03-29,0.883403800044593,0.883403800044593,0,92.265306122449,0.265228332899538
2017-03-30,0.894430176534599,0.894430176534599,0,89.1224489795918,0.287210128558757
2017-03-31,0.919664913709197,0.919664913709197,0,93.7551020408163,0.120306760590139
2017-04-05,0.899040533120155,0.899040533120155,0,86.3265306122449,0.107587587328761
2017-04-06,0.914103102062839,0.914103102062839,0,88.469387755102,0.0804798975024811
2017-04-07,0.917078058000438,0.917078058000438,0,88.5510204081633,0.252900525767922
2017-04-10,0.919457580949688,0.919457580949688,0,82.4285714285714,0.233169709999041
2017-04-11,0.884490996703133,0.884490996703133,0,91.7551020408163,0.170094107938433
2017-04-12,0.931383310780226,0.931383310780226,0,88.8367346938775,0.116863767891457
2017-04-13,0.950186299404233,0.950186299404233,0,91.6122448979592,0.132589542664493
2017-04-14,0.932044753678366,0.932044753678366,0,95.6734693877551,-0.0872208713117526
2017-04-17,0.97702758859491,0.97702758859491,0,90.4081632653061,0.12414743701579
2017-04-18,1.02313908674174,1.02313908674174,0,97.265306122449,0.123726909502852
2017-04-19,1.0516735511887,1.0516735511887,0,87.5918367346939,0.143603084028078
2017-04-20,1.02994605374003,1.02994605374003,1.30417489799988e-05,92.9183673469388,0.146976985542377
2017-04-21,1.02238253490207,1.02238253490207,1.67358622815138e-05,99.1020408163265,0.192943615296251
2017-04-24,1.03960485538439,1.03960485538439,0,81.6326530612245,0.141602407067392
2017-04-25,0.975289350255721,0.975289350255721,0,90.6530612244898,0.14363351751652
2017-04-26,1.00083949325806,1.00083949325806,0,89.3061224489796,0.144059780286505
2017-04-27,0.957978133398603,0.957978133398603,1.30080018582139e-05,96.265306122449,0.131998422510268
2017-04-28,0.959378786155943,0.959378786155943,3.64709340073804e-05,87.0408163265306,0.136689083305002
2017-05-02,0.97401179888195,0.97401179888195,1.10032914011432e-05,97.8979591836735,0.149259318267484
2017-05-03,0.977105830943118,0.977105830943118,0,95.1020408163265,0.160968608356309
2017-05-04,1.00405098319633,1.00405098319633,0,82.2448979591837,0.158260139864527
2017-05-05,1.02340944161069,1.02340944161069,0,81.7959183673469,0.146893520855978
2017-05-08,1.01911209830998,1.01911209830998,1.64547042464093e-05,100.224489795918,0.308305628786114
2017-05-09,1.01498344650651,1.01498344650651,3.41451082118314e-05,84.2448979591837,0.257248047527316
2017-05-10,1.0120294707624,1.0120294707624,0,90.0408163265306,0.241099558074064
2017-05-11,1.01223648569862,1.01223648569862,0,86.1224489795918,0.205610989144817
2017-05-12,0.999835190642607,0.999835190642607,0,85.2857142857143,0.239434842659026
2017-05-15,1.00264638954932,1.00264638954932,0,93.9591836734694,0.203656261530564
2017-05-16,1.02357542561445,1.02357542561445,0,89.1836734693878,0.252153695569543
2017-05-17,0.972386156258881,0.972386156258881,0,81.734693877551,0.215435669984532
2017-05-18,1.01475770079343,1.01475770079343,0,84.3265306122449,0.220403352119109
2017-05-19,1.0412433617855,1.0412433617855,0,73.2244897959184,0.245994536927299
2017-05-22,1.03326676508647,1.03326676508647,0,88.7551020408163,0.236347357545901
2017-05-23,1.02417655137865,1.02417655137865,0,82.1224489795918,0.166827093005041
2017-05-24,1.0233275336052,1.0233275336052,0,85.1428571428571,0.173646689236322
2017-05-25,1.03677669510234,1.03677669510234,0,88.3469387755102,0.201207997511831
2017-05-26,0.997700210371606,0.997700210371606,0,91.4489795918367,0.159742024104747
2017-05-31,1.0317353912913,1.0317353912913,0,83.1020408163265,0.164055125827381
2017-06-01,1.01285703867302,1.01285703867302,0,90.1224489795918,0.149460384397825
2017-06-02,1.0380845402265,1.0380845402265,0,88.2244897959184,0.183340028377788
2017-06-05,1.01984995549684,1.01984995549684,0,98.734693877551,0.17242175717619
2017-06-06,1.04576350993629,1.04576350993629,0,88.7755102040816,0.178439381594415
2017-06-07,1.0623595522205,1.0623595522205,0,89.0408163265306,0.211445585072145
2017-06-08,1.10074493049625,1.10074493049625,0,84.5714285714286,0.227367947537275
2017-06-09,1.11834783007211,1.11834783007211,0,80.2448979591837,0.252398321918466
2017-06-12,1.12141095721602,1.12141095721602,0,84.8775510204082,0.23667089967461
2017-06-13,1.0908797116223,1.0908797116223,0,78.4081632653061,0.237958895145521
2017-06-14,1.07715876531947,1.07715876531947,0,84.9183673469388,0.230539040208954
2017-06-15,1.10310503793187,1.10310503793187,0,82.3469387755102,0.225643119489187
2017-06-16,1.08656895018427,1.08656895018427,0,89.1428571428571,0.200944068544519
2017-06-19,1.08339256759702,1.08339256759702,0,90.3877551020408,0.207542217407787
2017-06-20,1.08921396632234,1.08921396632234,0,87.5510204081633,0.181150939411249
2017-06-21,1.0624106251087,1.0624106251087,0,77.4489795918367,0.196897409640095
2017-06-22,1.05285519140668,1.05285519140668,0,77.2040816326531,0.166869837749505
2017-06-23,1.05736542374703,1.05736542374703,0,94.6326530612245,0.199759527704985
2017-06-26,1.05570212693596,1.05570212693596,0,90.3061224489796,0.197763780440934
2017-06-27,1.07633829693727,1.07633829693727,0,89.1428571428571,0.21252333150837
2017-06-28,1.09814372892509,1.09814372892509,1.65723712928131e-05,91.3265306122449,0.216744734484225
2017-06-29,1.06208405502903,1.06208405502903,0,86.9387755102041,0.16641822783258
2017-06-30,1.07155536563068,1.07155536563068,1.31612758861994e-05,99.2857142857143,0.218310051537644
2017-07-03,1.05845337386656,1.05845337386656,0,82.4489795918367,0.218954458888307
2017-07-04,1.05485346751579,1.05485346751579,0.00101604739000987,105.571428571429,0.217054377520164
2017-07-05,1.03534914977837,1.03534914977837,0,80.6122448979592,0.230645162662607
2017-07-06,1.08567904103327,1.08567904103327,0,87.734693877551,0.20096015692687
2017-07-07,1.04057602025566,1.04057602025566,0,84.1836734693878,0.233900037869498
2017-07-10,1.08309327471291,1.08309327471291,0,86.5714285714286,0.199663768578744
2017-07-11,1.08853181185065,1.08853181185065,0,81.1836734693878,0.253782221908116
2017-07-12,1.07558017028879,1.07558017028879,0,79.1632653061225,0.212115899451281
2017-07-13,1.02377289174115,1.02377289174115,0,71.8367346938775,0.209151323120377
2017-07-14,1.05150476445951,1.05150476445951,0,83.8571428571429,0.213168287745482
2017-07-17,1.0242176596753,1.0242176596753,0,86.0408163265306,0.164406581467193
2017-07-18,0.962004185483563,0.962004185483563,0,77.3265306122449,0.203491963160609
2017-07-19,0.959967034159932,0.959967034159932,0,88.0204081632653,0.249739893275602
2017-07-20,0.986918831421445,0.986918831421445,0,84.6530612244898,0.102955283076032
2017-07-21,1.01850048662096,1.01850048662096,0,86.2040816326531,0.111951762824216
2017-07-24,0.986265961302691,0.986265961302691,0,87.0204081632653,0.20473347668243
2017-07-25,1.02747163950924,1.02747163950924,0,87.469387755102,0.146737687855745
2017-07-26,0.990888330800219,0.990888330800219,0,88.5714285714286,0.138505528399265
2017-07-27,0.940276205122616,0.940276205122616,0,84.3673469387755,0.136877134210575
2017-07-28,0.974110578145587,0.974110578145587,0,80.3469387755102,0.252955124153316
2017-07-31,0.928094901686589,0.928094901686589,0,93.6326530612245,0.235824783325274
2017-08-01,0.934569322749053,0.934569322749053,0,80.6122448979592,0.333160362332908
2017-08-02,0.938973633892743,0.938973633892743,0,89.7755102040816,0.282188220823086
2017-08-03,0.928831912180676,0.928831912180676,0,95.9795918367347,0.315990173158438
2017-08-04,0.918441119790257,0.918441119790257,0,89.8775510204082,0.35639378596296
2017-08-07,0.941612345719253,0.941612345719253,0,88.2448979591837,0.296067608402966
2017-08-08,0.898202915401644,0.898202915401644,0,84.5510204081633,0.328695561184095
2017-08-09,0.922380980889929,0.922380980889929,0,82.0612244897959,0.334302955195899
2017-08-10,0.91997297220578,0.91997297220578,0,77.1428571428571,0.379608013517885
2017-08-11,0.886155362475191,0.886155362475191,0,80.3877551020408,0.309493407864764
2017-08-14,0.935802708565871,0.935802708565871,0,79.2040816326531,0.380477510311575
2017-08-15,0.932098737498018,0.932098737498018,0,74.7142857142857,0.365134199373153
2017-08-16,0.916092529244506,0.916092529244506,0,76.6938775510204,0.384543303941846
2017-08-17,0.994429818519043,0.994429818519043,0,73.469387755102,0.303712911049412
2017-08-18,0.969278343943671,0.969278343943671,0,79.9183673469388,0.0855913369780592
2017-08-21,0.946151757285624,0.946151757285624,0,85.9591836734694,0.0281631718177517
2017-08-22,0.886906820377938,0.886906820377938,0,96.7142857142857,0.0241619155882727
2017-08-23,0.891889252838667,0.891889252838667,0,94,0.0165338581033366
2017-08-24,0.900721192034656,0.900721192034656,0,90.5714285714286,0.0164271888067843
2017-08-25,0.874249037631354,0.874249037631354,0,85.3061224489796,0.27990051142595
2017-08-28,0.873463035485666,0.873463035485666,0,85.8571428571429,0.30363155285494
2017-08-29,0.869255812057628,0.869255812057628,0,76.0204081632653,0.262517880824023
2017-08-30,0.882861331771335,0.882861331771335,0,86.063829787234,0.329996179610984
2017-08-31,0.874746082248039,0.874746082248039,0,79.4468085106383,0.280589794262858
2017-09-01,0.894398369150067,0.894398369150067,0,85.1632653061225,0.273666900184041
2017-09-04,0.890561224568812,0.890561224568812,0,79.8979591836735,0.290251060331526
2017-09-05,0.906424239780745,0.906424239780745,0,85.6530612244898,0.288092551746161
2017-09-06,0.887330009266353,0.887330009266353,0,88.4897959183673,0.324857711316072
2017-09-07,0.930552681540327,0.930552681540327,0,70.734693877551,0.274890473004124
2017-09-08,0.89608829271465,0.89608829271465,0,91,0.258704488083779
2017-09-11,0.847011927256578,0.847011927256578,0,89.7551020408163,0.255797946540751
2017-09-12,0.855535696903894,0.855535696903894,0,88.2244897959184,0.211613608271487
2017-09-13,0.877823462692975,0.877823462692976,0,87.9387755102041,0.222531957818788
2017-09-14,0.851050372593082,0.851050372593082,0,85.2857142857143,0.22137652148478
2017-09-15,0.877062337260259,0.877062337260259,0,77.734693877551,0.281229113901646
2017-09-18,0.889395132744114,0.889395132744114,0,78.265306122449,0.246028288009467
2017-09-19,0.900319731606006,0.900319731606006,0,88.6734693877551,0.304312195013944
2017-09-20,0.891237399296259,0.891237399296259,0,90.1836734693878,0.309750144365342
2017-09-21,0.902621601231765,0.902621601231765,0,81.7551020408163,0.316222214677388
2017-09-22,0.919918259728944,0.919918259728944,0,82.8367346938775,0.281738996591233
2017-09-25,0.933961690228307,0.933961690228307,0,78.265306122449,0.276733923292921
2017-09-26,0.948470865806272,0.948470865806272,0,88.8163265306122,0.239337508489377
2017-09-27,0.963471804620266,0.963471804620266,0,74.3673469387755,0.250041812136929
2017-09-28,1.01428364328665,1.01428364328665,0,78.5918367346939,0.292449089096066
2017-09-29,0.944753827984356,0.944753827984356,0,82.0612244897959,0.262062611498999
2017-10-09,0.979679926454678,0.979679926454678,0,78,0.29146330272047
2017-10-10,0.956017998326139,0.956017998326139,0,82.8979591836735,0.291549652257093
2017-10-11,0.933950509574429,0.933950509574429,0,83.5918367346939,0.328565850142924
2017-10-12,0.937062551802585,0.937062551802585,0,81.4081632653061,0.324653771309406
2017-10-13,0.951997983209203,0.951997983209203,0,75.3673469387755,0.275405739264675
2017-10-16,0.949626859985936,0.949626859985936,0,79.1020408163265,0.282454720663349
2017-10-17,0.958842408193511,0.958842408193511,0,81.8775510204082,0.346281608046448
2017-10-18,0.98075304620714,0.98075304620714,0,70.6122448979592,0.270831448603587
2017-10-19,0.956331682869624,0.956331682869624,0,85.7142857142857,0.277236891846592
2017-10-20,0.965548593458671,0.965548593458671,0,88.4897959183673,0.305274765859175
2017-10-23,0.957131369999493,0.957131369999493,0,89.8367346938775,0.314171854743601
2017-10-24,0.957604003275908,0.957604003275908,0,82.4897959183673,0.294981418253406
2017-10-25,0.993842569489753,0.993842569489753,0,79.6326530612245,0.300744499992183
2017-10-26,0.973079860587327,0.973079860587327,0,81.469387755102,0.329327645042076
2017-10-27,0.983962155267691,0.983962155267691,0,81,0.303659863552314
2017-10-30,0.954415990734986,0.954415990734986,0,83.2857142857143,0.259819717333095
2017-10-31,0.951383691387235,0.951383691387235,0,83.3265306122449,0.276103381993904
2017-11-01,0.909360698160507,0.909360698160507,0,81.7551020408163,0.304587773047951
2017-11-02,0.974236865871138,0.974236865871138,0,79.9795918367347,0.295559135144892
2017-11-03,1.00306800032309,1.00306800032309,0,85.1632653061225,0.235176676950231
2017-11-06,0.979259890459505,0.979259890459505,0,72.5102040816327,0.293397062109679
2017-11-07,0.987538337031117,0.987538337031117,0,76.3061224489796,0.273522630408432
2017-11-08,1.03431803736589,1.03431803736589,0,74.8163265306122,0.262143553588932
2017-11-09,0.994949296333996,0.994949296333996,0,78.4897959183673,0.281990066258637
2017-11-10,1.02127486377722,1.02127486377722,0,82.4489795918367,0.280884248588808
2017-11-13,1.05493684748503,1.05493684748503,0,89.8775510204082,0.291137183296644
2017-11-14,1.03409707741444,1.03409707741444,0,89.9591836734694,0.266907918211668
2017-11-15,1.00941806483896,1.00941806483896,0,82.9387755102041,0.275689898922828
2017-11-16,0.965653135191728,0.965653135191728,0,93.265306122449,0.227400779527813
2017-11-17,0.957471969359577,0.957471969359577,0,84.8163265306122,0.242815257146682
2017-11-20,0.964646907995996,0.964646907995996,0,85.3877551020408,0.224439036122734
2017-11-21,0.93274496049368,0.93274496049368,0,88.7959183673469,0.234283628240103
2017-11-22,0.978811765435637,0.978811765435637,0,87.9591836734694,0.255557513537936
2017-11-23,0.931236268851699,0.931236268851699,0,94.5918367346939,0.223201174804659
2017-11-24,0.903616707929369,0.903616707929369,0,87.5714285714286,0.262361429912316
2017-11-27,0.924038711676675,0.924038711676675,0,87.0204081632653,0.202338358568889
2017-11-28,0.921714395682245,0.921714395682245,0,92.265306122449,0.224727291012358
2017-11-29,0.952992118040008,0.952992118040008,0,92.4081632653061,0.24305056172814
2017-11-30,0.952242072401025,0.952242072401025,0,88.4489795918367,0.26438752682497
2017-12-01,0.970482314866643,0.970482314866643,0,85.8367346938775,0.210448653504362
2017-12-04,0.982854638998513,0.982854638998513,0,88.8775510204082,0.201036969319436
2017-12-05,0.952090975340526,0.952090975340526,0,82.8775510204082,0.213155802080115
2017-12-06,0.999785511603544,0.999785511603544,0,88.1020408163265,0.225894748608911
2017-12-07,0.961849164752563,0.961849164752563,0,86.6938775510204,0.223381946257077
2017-12-08,1.01668450206552,1.01668450206552,0,80.0408163265306,0.196761981410612
2017-12-11,0.970477923282707,0.970477923282707,0,76.8775510204082,0.201221919581936
2017-12-12,0.976503392958063,0.976503392958063,0,75,0.186018454775754
2017-12-13,0.963579989572431,0.963579989572431,0,81.7142857142857,0.191964271361549
2017-12-14,1.00090359771276,1.00090359771276,0,76.3958333333333,0.212831060279797
2017-12-15,0.953353368740955,0.953353368740955,0,82.5625,0.202070506083215
2017-12-18,0.978213879895242,0.978213879895242,0,85.8541666666667,0.192115748865058
2017-12-19,0.994397233641409,0.994397233641409,0,78.3125,0.203947258694537
2017-12-20,1.01309733674339,1.01309733674339,0,81.9583333333333,0.237891225214718
2017-12-21,1.02896148410404,1.02896148410404,0,79.3333333333333,0.197050424079702
2017-12-22,1.01143299156071,1.01143299156071,0,70.0833333333333,0.230200789490007
2017-12-25,1.00104883216464,1.00104883216464,0,75.6458333333333,0.214865401611
2017-12-26,0.974257347016433,0.974257347016433,0,83.625,0.227253914031125
2017-12-27,0.977943060383189,0.977943060383189,0,86.8541666666667,0.297142203789173
2017-12-28,0.948736781191884,0.948736781191884,0,87.8541666666667,0.257851272283946
2017-12-29,0.980892667279868,0.980892667279868,0,75.6666666666667,0.239115383053569
2018-01-02,0.921949932085097,0.921949932085097,0,68.4583333333333,0.278759589527972
2018-01-03,0.917460992706435,0.917460992706435,0,86.0416666666667,0.312374107817863
2018-01-04,0.946622988881895,0.946622988881895,0,81.6666666666667,0.310952431630483
2018-01-05,0.967556562908616,0.967556562908616,0,80.1458333333333,0.311442990114089
2018-01-08,0.926669920587057,0.926669920587057,0,76.5,0.279443948984239
2018-01-09,0.936113919705811,0.936113919705811,0,84.7708333333333,0.269379822115333
2018-01-10,0.928503130641507,0.928503130641507,0,77.1041666666667,0.2236799228224
2018-01-11,0.966375666477991,0.966375666477991,0,83.4166666666667,0.246438114253933
2018-01-12,0.988123407854791,0.988123407854791,0,73.4166666666667,0.276595581782269
2018-01-15,0.923865032495675,0.923865032495675,0,79.7083333333333,0.305762193040275
2018-01-16,0.946727449016966,0.946727449016966,0,82.2083333333333,0.323588353105802
2018-01-17,0.942145170607451,0.942145170607451,0,84.1041666666667,0.256198668273944
2018-01-18,0.945282599958298,0.945282599958298,0,73.7916666666667,0.302708023792388
2018-01-19,0.968445371468911,0.968445371468911,0,87.5208333333333,0.290100298606953
2018-01-22,0.954722591376564,0.954722591376564,0,78.6041666666667,0.272769230449896
2018-01-23,0.974641764752701,0.974641764752701,0,86.7708333333333,0.287740256676655
2018-01-24,0.952596717780946,0.952596717780946,0,80.5416666666667,0.258549577294429
2018-01-25,0.933589105836259,0.933589105836259,0,85,0.201004777054567
2018-01-26,0.945473586985137,0.945473586985137,0,85.3125,0.211778145532014
2018-01-29,0.960464396528565,0.960464396528565,0,77.2708333333333,0.267829571817962
2018-01-30,0.962764867724964,0.962764867724964,0,83.1041666666667,0.283116499554428
2018-01-31,0.913259046418248,0.913259046418248,0,85.5833333333333,0.22581906263141
2018-02-01,0.962717841788083,0.962717841788083,0,80.2916666666667,0.276666831509448
2018-02-02,0.916726071169581,0.916726071169581,0,79.7083333333333,0.238739362300593
2018-02-05,0.903472784303961,0.903472784303961,0,86.25,0.257953568655507
2018-02-06,0.95783262454586,0.95783262454586,0,83.875,0.292729497331728
2018-02-07,0.958558261928578,0.958558261928578,0,85,0.284590835581828
2018-02-08,0.954180051358276,0.954180051358276,0,80.2083333333333,0.27585966375097
2018-02-09,0.919279398880358,0.919279398880358,0,90.4791666666667,0.318680144852811
2018-02-12,0.907717118838545,0.907717118838545,0,88.8125,0.319855973840298
2018-02-13,0.928876488422844,0.928876488422844,0,76.7708333333333,0.3173895033288
2018-02-14,0.938814106371021,0.938814106371021,0,91.7708333333333,0.312357822763657
2018-02-22,0.978761874792952,0.978761874792952,0,98.9574468085106,0.30428828109218
2018-02-23,0.93725081590956,0.93725081590956,0,81.2127659574468,0.333114952476044
2018-02-26,0.952823205268148,0.952823205268148,0,91.5,0.319660684674963
2018-02-27,0.954555880999373,0.954555880999373,0,94.625,0.324147111639507
2018-02-28,0.936217385465922,0.936217385465922,0,90.375,0.383705784614386
2018-03-01,0.957009480809802,0.957009480809802,0,85.1666666666667,0.373025839879544
2018-03-02,0.933503813973294,0.933503813973294,0,91.9166666666667,0.344100702772244
2018-03-05,0.959807295148001,0.959807295148001,0,83.6666666666667,0.282156060416949
2018-03-06,0.989721663100038,0.989721663100038,0,90.3958333333333,0.310939623933968
2018-03-07,0.985087714049331,0.985087714049331,0,85.5625,0.24033271788701
2018-03-08,1.01368731307082,1.01368731307082,0,80.75,0.225115327484922
2018-03-09,1.00990133865845,1.00990133865845,0,79.8297872340426,0.315397098468832
2018-03-12,1.02044741744942,1.02044741744942,0,87.6595744680851,0.274062199425539
2018-03-13,0.958089996425011,0.958089996425011,0,86.7234042553192,0.288049763256393
2018-03-14,0.965857891730826,0.965857891730826,0,90,0.275215259474251
2018-03-15,0.998011485138228,0.998011485138228,0,87.5744680851064,0.258583575839699
2018-03-16,0.981572032014131,0.981572032014131,0,70.8936170212766,0.234581017077309
2018-03-19,0.999255123966863,0.999255123966863,0,85.1489361702128,0.32930128509457
2018-03-20,1.01246469968546,1.01246469968546,0,79.7872340425532,0.271189217344226
2018-03-21,1.01958938667269,1.01958938667269,0,86.7659574468085,0.3592584120495
2018-03-22,0.995268961822246,0.995268961822246,0,67.8085106382979,0.337603329532332
2018-03-23,0.995968087268335,0.995968087268335,0,89.2765957446808,0.217917773135406
2018-03-26,0.988626155880569,0.988626155880569,0,95.0425531914894,0.223065971418058
2018-03-27,1.0155171561838,1.0155171561838,0,89.2553191489362,0.350327724208277
2018-03-28,1.01699069536782,1.01699069536782,0,84.7234042553192,0.343515781726594
2018-03-29,1.00683819368836,1.00683819368836,0,79.2340425531915,0.438344814334595
2018-03-30,1.02222614786651,1.02222614786651,0,84.468085106383,0.367959263910748
2018-04-02,1.00132467436644,1.00132467436644,0,71.1276595744681,0.388773050201495
2018-04-03,1.00713358690981,1.00713358690981,0,70.9148936170213,0.359643905589713
2018-04-04,0.986617069228062,0.986617069228062,0,79.4375,0.375151861832564
2018-04-09,1.049174161597,1.049174161597,0,83.875,0.357624161479512
2018-04-10,1.02707637695271,1.02707637695271,0,77.5625,0.394650643564053
2018-04-11,0.99369984126046,0.99369984126046,0,83.1458333333333,0.400062484175389
2018-04-12,1.01346141039325,1.01346141039325,0,78.8125,0.358768468127515
2018-04-13,0.991211306489435,0.991211306489435,0,84.5208333333333,0.404298910646712
2018-04-16,0.970046015010628,0.970046015010628,0,77.0833333333333,0.39143862830798
2018-04-17,1.0176000817713,1.0176000817713,0,76.4166666666667,0.386524363547825
2018-04-18,0.950644972340538,0.950644972340538,0,79.9166666666667,0.310413784324122
2018-04-19,0.962624030614613,0.962624030614613,0,78.7083333333333,0.342047067418248
2018-04-20,0.992937841690226,0.992937841690226,0,79.25,0.416391874563582
2018-04-23,0.994756421738719,0.994756421738719,0,69.0208333333333,0.387439755041524
2018-04-24,0.979666981316121,0.979666981316121,0,74.3333333333333,0.325576925907962
2018-04-25,0.973374957688732,0.973374957688732,0,71.6666666666667,0.25351427934259
2018-04-26,1.00285123327006,1.00285123327006,0,81.8125,0.251400979563748
2018-04-27,1.07324611749815,1.07324611749815,0,74.8333333333333,0.207059598529734
2018-05-02,1.03585487732742,1.03585487732742,0,85.9791666666667,0.311065268420712
2018-05-03,1.05963961528188,1.05963961528188,0,81.9166666666667,0.284131305518745
2018-05-04,1.05345913559995,1.05345913559995,0,82.1875,0.306426984498953
2018-05-07,1.05626553763673,1.05626553763673,0,76.2291666666667,0.26742911696029
2018-05-08,1.04114814052423,1.04114814052423,0,78.6041666666667,0.326223384482086
2018-05-09,1.04982993255075,1.04982993255075,0,73.2083333333333,0.284009245730672
2018-05-10,1.05612171281293,1.05612171281293,0,69.375,0.292230875401577
2018-05-11,1.05852228296959,1.05852228296959,0,79.5625,0.280586809097889
2018-05-14,1.07632748799735,1.07632748799735,0,74.3333333333333,0.273053935768428
2018-05-15,1.03905848558071,1.03905848558071,0,74,0.253033097091547
2018-05-16,1.01171504980275,1.01171504980275,0,76.875,0.237456165682814
2018-05-17,1.04101867025763,1.04101867025763,0,80.5416666666667,0.253873032876626
2018-05-18,1.05932792273927,1.05932792273927,0,85.1041666666667,0.132245776795127
2018-05-21,1.05589737628509,1.05589737628509,0,78.7916666666667,0.363586172735547
2018-05-22,0.967455015122402,0.967455015122402,0,76.7708333333333,0.326920994848936
2018-05-23,0.987915392079287,0.987915392079287,0,77.8541666666667,0.320658445739941
2018-05-24,0.964760120772834,0.964760120772834,0,87.8125,0.32811457459265
2018-05-25,0.974972591896994,0.974972591896994,0,85.7916666666667,0.27923129639091
2018-05-28,0.993068465138856,0.993068465138856,0,87.9166666666667,0.29666165650061
2018-05-29,1.03196347664231,1.03196347664231,0,83.4791666666667,0.355851921508335
2018-05-30,1.05615736907748,1.05615736907748,0,83.1875,0.227915919292048
2018-05-31,1.02012208309972,1.02012208309972,0,79.2916666666667,0.318960815128037
2018-06-01,1.03029315457164,1.03029315457164,0,83.2083333333333,0.251499069931407
2018-06-04,1.00409127725972,1.00409127725972,0,85.734693877551,0.249387285166519
2018-06-05,1.00063304662923,1.00063304662923,0,74.1224489795918,0.241842247421981
2018-06-06,0.979081948496402,0.979081948496402,0,74.9591836734694,0.291771902684834
2018-06-07,0.998877249856028,0.998877249856028,0,72.4897959183673,0.26833246080581
2018-06-08,1.02507635377091,1.02507635377091,0,73.3877551020408,0.255363046367713
2018-06-11,0.9872728067755,0.9872728067755,0,75.3877551020408,0.291148223866782
2018-06-12,1.00398890159454,1.00398890159454,0,79.6326530612245,0.2628147486927
2018-06-13,0.991451693403189,0.991451693403189,0,78.8775510204082,0.252011756879066
2018-06-14,1.00521261224519,1.00521261224519,0,80.2244897959184,0.281659267792871
2018-06-15,1.03001431009484,1.03001431009484,0,83.530612244898,0.319782423061869
2018-06-19,1.05801222130995,1.05801222130995,0,89.6122448979592,0.263919137276079
2018-06-20,1.04829806837871,1.04829806837871,0,87.1632653061225,0.298561861848279
2018-06-21,1.02189992348667,1.02189992348667,0,78.469387755102,0.19237165745057
2018-06-22,1.01548750312622,1.01548750312622,0,85.7551020408163,0.270947318311637
2018-06-25,1.04111429488196,1.04111429488196,0,80.7551020408163,0.345150104175679
2018-06-26,1.04230779718874,1.04230779718874,0,83.469387755102,0.322759231678246
2018-06-27,1.04234948281219,1.04234948281219,0,87.5714285714286,0.275407762101727
2018-06-28,1.00379383797039,1.00379383797039,0,85.1428571428571,0.255158052703308
2018-06-29,1.02444674389117,1.02444674389117,0,82.6326530612245,0.209713079753991
2018-07-02,1.02597936891676,1.02597936891676,0,84.5510204081633,0.328016101885744
2018-07-03,1.05213636029104,1.05213636029104,0,87.3061224489796,0.341924837235416
2018-07-04,1.04204370661879,1.04204370661879,0,79.7142857142857,0.340550482845136
2018-07-05,1.02103852782653,1.02103852782653,0,85.9591836734694,0.282333881984743
2018-07-06,1.01051413326815,1.01051413326815,0,82.3061224489796,0.163383131044812
2018-07-09,1.04460691323324,1.04460691323324,0,79.6734693877551,0.181387249694395
2018-07-10,1.0463282547929,1.0463282547929,0,81.5714285714286,0.145406968334066
2018-07-11,1.01583910004345,1.01583910004345,0,85.1224489795918,0.196098540245173
2018-07-12,1.03074388469178,1.03074388469178,0,81.9795918367347,0.237347382702734
2018-07-13,1.05414720020883,1.05414720020883,0,76,0.137067034877308
2018-07-16,1.07092299381721,1.07092299381721,0,75.8541666666667,0.150083436567637
2018-07-17,1.04853227837204,1.04853227837204,0,81.9375,0.152802265251365
2018-07-18,1.08860901019016,1.08860901019016,0,85.9583333333333,0.0938771806890939
2018-07-19,1.04483459152318,1.04483459152318,0,88.9791666666667,0.127723109878477
2018-07-20,1.0464714388911,1.0464714388911,0,81.0416666666667,0.140412307410242
2018-07-23,1.08457660820086,1.08457660820086,0,86.0625,0.208248358208406
2018-07-24,1.04955792371145,1.04955792371145,0,84.3125,0.169962264144158
2018-07-25,1.10743261271487,1.10743261271487,0,86.3958333333333,0.199378798108193
2018-07-26,1.09214817856987,1.09214817856987,0,86.5416666666667,0.168183044209488
2018-07-27,1.08280907354338,1.08280907354338,0,79.375,0.20268608689482
2018-07-30,1.02417594581807,1.02417594581807,0,74.4583333333333,0.249183436652868
2018-07-31,0.989595713223202,0.989595713223202,0,74.4791666666667,0.257062426244787
2018-08-01,1.06907331980049,1.06907331980049,0,82.4375,0.220273226520675
2018-08-02,1.00525975598888,1.00525975598888,0,90.3958333333333,0.220508463882485
2018-08-03,1.0354568755439,1.0354568755439,0,81.7291666666667,0.202366825931303
2018-08-06,1.00590169915625,1.00590169915625,0,85.7708333333333,0.397010176864492
2018-08-07,0.978451220142117,0.978451220142117,0,97.8333333333333,0.245758908872113
2018-08-08,1.02801647503477,1.02801647503477,0,84.5625,0.363029818045769
2018-08-09,0.972128216936263,0.972128216936263,0,88.3958333333333,0.231687757329712
2018-08-10,0.991678327499649,0.991678327499649,0,94.4583333333333,0.240000532984713
2018-08-13,0.996007504952264,0.996007504952264,0,88.6666666666667,0.23502258163896
2018-08-14,1.00330591555805,1.00330591555805,0,92.8125,0.222482338979067
2018-08-15,0.99333225579765,0.99333225579765,0,98.2083333333333,0.213007224177589
2018-08-16,1.00620670402174,1.00620670402174,0,86.5625,0.199253447401272
2018-08-17,1.00788558951369,1.00788558951369,0,81.8541666666667,0.235446979751929
2018-08-20,0.992830596771598,0.992830596771598,0,95.125,0.221972375130266
2018-08-21,0.958108508488859,0.958108508488859,0,92.625,0.303233495796389
2018-08-22,0.942167633646725,0.942167633646725,0,88.6666666666667,0.282545330765974
2018-08-23,0.968649220174942,0.968649220174942,0,90.2291666666667,0.238302535348237
2018-08-24,0.966484415469684,0.966484415469684,0,84.7234042553192,0.263205884875034
2018-08-27,0.922177591122852,0.922177591122852,0,89.5625,0.270315344754473
2018-08-28,0.950290054009439,0.950290054009439,0,89.8541666666667,0.23440015672007
2018-08-29,0.992521881354139,0.992521881354139,0,88.0208333333333,0.308128772251362
2018-08-30,0.993983333138663,0.993983333138663,0,85,0.284275099839103
2018-08-31,1.04532139334967,1.04532139334967,0,80.25,0.303903449530452
2018-09-03,1.05727350594722,1.05727350594722,0.00130706977775245,95.7291666666667,0.309489655456687
2018-09-04,1.04313704033536,1.04313704033536,2.56371982457747e-05,90.7708333333333,-0.111271579178701
2018-09-05,1.01079425334041,1.01079425334041,0,89.0833333333333,0.33648112654141
2018-09-06,1.01963625324858,1.01963625324858,0,87.25,0.41700799786011
2018-09-07,0.965697667594486,0.965697667594486,0,86.625,0.401027547800799
2018-09-10,0.982883554969223,0.982883554969223,0,84.9166666666667,0.454525221545876
2018-09-11,1.01069968875383,1.01069968875383,0,81.7291666666667,0.411885216851226
2018-09-12,1.02368270595428,1.02368270595428,0,89.8958333333333,0.364423782716184
2018-09-13,0.984125166312579,0.984125166312579,0,89.5,0.389924508060149
2018-09-14,0.981663169543068,0.981663169543068,0,92.7708333333333,0.385649880165887
2018-09-17,0.959339993077412,0.959339993077412,0,88.8367346938775,0.233523233097025
2018-09-18,0.942623208475452,0.942623208475452,0,86.4897959183673,0.349234476941637
2018-09-19,0.97518784550283,0.97518784550283,0,98.1836734693878,0.276475928682545
2018-09-20,0.95155420790043,0.95155420790043,0,88.1632653061225,0.30204624299131
2018-09-21,0.998754358980982,0.998754358980982,0,85.530612244898,0.395507736863667
2018-09-25,1.00431553123358,1.00431553123358,0,87.9387755102041,0.365309669174809
2018-09-26,1.02458486680342,1.02458486680342,0,85,0.351925226619357
2018-09-27,1.03112535605581,1.03112535605581,0,89.2040816326531,0.329871930744867
2018-09-28,1.05243039052819,1.05243039052819,0,96.5714285714286,0.417625060114938
2018-10-08,1.07480565443515,1.07480565443515,0,88.469387755102,0.388423869858676
2018-10-09,1.08685950918073,1.08685950918073,0,91.6326530612245,0.317977803936066
2018-10-10,1.0785911556179,1.0785911556179,0,96.0204081632653,0.367863488177306
2018-10-11,1.0236073835518,1.0236073835518,0,91.1458333333333,0.251485750614146
2018-10-12,1.01592363059621,1.01592363059621,0,92.7551020408163,0.263557239101772
2018-10-15,0.968505279725317,0.968505279725317,0,100.166666666667,0.283617529579766
2018-10-16,0.99979071321985,0.99979071321985,0,103.854166666667,0.290272165047045
2018-10-17,0.976479662054762,0.976479662054762,0,97.6875,0.410772838967814
2018-10-18,1.0538457435784,1.0538457435784,0,98.125,0.438994768571691
2018-10-19,1.03048414257507,1.03048414257507,0,107.083333333333,0.388800415812548
2018-10-22,1.02322445720055,1.02322445720055,0,107.291666666667,0.320630540712524
2018-10-23,1.04733686914351,1.04733686914351,0,102.916666666667,0.321802346681019
2018-10-24,1.03043461725597,1.03043461725597,0,100.0625,0.277608815816511
2018-10-25,1.03116527606469,1.03116527606469,0,100.458333333333,0.335896527922931
2018-10-26,1.04703313205304,1.04703313205304,2.24507505619446e-05,104.854166666667,0.33244104029742
2018-10-29,1.06493149664066,1.06493149664066,0,90.1458333333333,0.47818662292501
2018-10-30,1.06163026398864,1.06163026398864,0,105.9375,0.221470409223687
2018-10-31,1.07211703952777,1.07211703952777,2.26955451332193e-05,113.489795918367,0.238742356258385
2018-11-01,1.05494161998634,1.05494161998634,2.23578270166031e-05,107.0625,0.284836462338734
2018-11-02,1.044301173578,1.044301173578,2.13702706743529e-05,106.857142857143,0.405103132207238
2018-11-05,1.06598444091514,1.06598444091514,1.66127388114332e-05,109.551020408163,0.356774280294758
2018-11-06,1.07691031678372,1.07691031678372,0,96.9795918367347,0.397385290889733
2018-11-07,1.05427477877191,1.05427477877191,2.1731493612124e-05,101.040816326531,0.318395827796619
2018-11-08,1.07848620607701,1.07848620607701,0,88.25,0.311238376101932
2018-11-09,1.06976306347131,1.06976306347131,0,91.2291666666667,0.346757192192249
2018-11-12,1.05762757726372,1.05762757726372,1.72740137031473e-05,98.6734693877551,0.325380312465821
2018-11-13,1.03678110931335,1.03678110931335,2.05880561471695e-05,109,0.176819686549339
2018-11-14,1.06169416232263,1.06169416232263,2.07903270120077e-05,106.489795918367,0.164533203956159
2018-11-15,1.00952080036423,1.00952080036423,0,83.4285714285714,0.2798679271385
2018-11-16,1.01427892409747,1.01427892409747,0,86.54,0.220627684025935
2018-11-19,1.04961869389609,1.04961869389609,0,95.08,0.287522456866742
2018-11-20,1.00773639422323,1.00773639422323,0,98.4,0.265875202158795
2018-11-21,1.0041034206295,1.0041034206295,0,95.78,0.201527323592727
2018-11-22,1.04456213384502,1.04456213384502,0,88.62,0.243905191632615
2018-11-23,1.07763343971484,1.07763343971484,0,84.62,0.408855516339251
2018-11-26,1.06469971124659,1.06469971124659,0,84.06,0.263052539149749
2018-11-27,1.06690784215854,1.06690784215854,0,84.26,0.343552761994645
2018-11-28,1.05830136707787,1.05830136707787,0,93,0.379796211660047
2018-11-29,1.05868580495338,1.05868580495338,0,93.4489795918367,0.382657383574329
2018-11-30,1.03564559993448,1.03564559993448,0,88.18,0.37623186427202
2018-12-03,1.03167796866846,1.03167796866846,0,90.36,0.457016369275131
2018-12-04,0.989566804566247,0.989566804566247,0,90.52,0.404267182369487
2018-12-05,1.0284310499341,1.0284310499341,0,86.36,0.374523582773427
2018-12-06,1.04023540338563,1.04023540338563,0,89.82,0.441779078308799
2018-12-07,0.995383606203935,0.995383606203935,0,93.04,0.358508041754691
2018-12-10,1.01430890503148,1.01430890503148,0,83.04,0.368054272724686
2018-12-11,1.03153428311638,1.03153428311638,0,81.6,0.306523360686644
2018-12-12,1.00051876453557,1.00051876453557,0,87.66,0.289833702868745
2018-12-13,1.00723648029962,1.00723648029962,0,90.7,0.378086232657398
2018-12-14,0.985805670006271,0.985805670006271,0,92.42,0.395855587428349
2018-12-17,0.932114679065838,0.932114679065838,0,94,0.285542917524075
2018-12-18,0.932553347349463,0.932553347349463,0,97.4,0.393656900857738
2018-12-19,0.957908853760557,0.957908853760557,0,95.28,0.389294292365243
2018-12-20,0.938032729152957,0.938032729152957,0,90.52,0.448978737187452
2018-12-21,0.915110045934908,0.915110045934908,0,90.74,0.274513422909121
2018-12-24,0.912184446774807,0.912184446774807,0,92.36,0.352062380443009
2018-12-25,0.936530609032874,0.936530609032874,0,88.18,0.342076682180167
2018-12-26,0.941309705499452,0.941309705499452,0,94.36,0.334044718157034
2018-12-27,0.935746399462607,0.935746399462607,0,88.8,0.363717086387001
2018-12-28,0.979726313794888,0.979726313794888,0,85.86,0.350729529192582
2019-01-02,0.954217621987926,0.954217621987926,0,86.36,0.30117282434911
2019-01-03,0.946854097148929,0.946854097148929,0,86.72,0.339444916437922
2019-01-04,0.952586211895908,0.952586211895908,0,87.16,0.395356320764001
2019-01-07,0.969894973552384,0.969894973552384,0,87.68,0.466677466505319
2019-01-08,0.944831738155516,0.944831738155516,0,85.18,0.385967776305896
2019-01-09,0.918175864862042,0.918175864862042,0,88.26,0.402811742480178
2019-01-10,0.92164495932788,0.92164495932788,0,85.48,0.360917941309924
2019-01-11,0.937418123585022,0.937418123585022,0,75.74,0.448499132384563
2019-01-14,0.948987747647109,0.948987747647109,0,76.04,0.371825002352699
2019-01-15,0.890483579804596,0.890483579804596,0,84.98,0.404868303977563
2019-01-16,0.870779616354858,0.870779616354858,0,81.86,0.437719235205375
2019-01-17,0.869260559607494,0.869260559607494,0,80.46,0.349637405530373
2019-01-18,0.840304253979959,0.840304253979959,0,79.14,0.346714237061917
2019-01-21,0.82288732138078,0.82288732138078,0,78.76,0.331146747029254
2019-01-22,0.816012406380768,0.816012406380768,0,80.18,0.284475995983679
2019-01-23,0.814860585231398,0.814860585231398,0,90.64,0.298674748610599
2019-01-24,0.863567207456115,0.863567207456115,0,90.08,0.287421635648056
2019-01-25,0.844057980993245,0.844057980993245,0,86.92,0.285483970281087
2019-01-28,0.829234167841887,0.829234167841887,0,77.76,0.300675647948831
2019-01-29,0.863441745970932,0.863441745970932,0,97.08,0.298036731198574
2019-01-30,0.8776011366962,0.8776011366962,0,102.78,0.257398599638453
2019-01-31,0.867411092577893,0.867411092577893,0,96.78,0.315635088226558
2019-02-01,0.872187614853886,0.872187614853886,0,94.12,0.185287071560623
2019-02-11,0.872097286391816,0.872097286391816,0,94.4,0.215804678881354
2019-02-12,0.916653543505552,0.916653543505552,0,95.22,0.194823266757175
2019-02-13,0.933728676318852,0.933728676318852,0,96.38,0.215776878495135
2019-02-14,0.888736880127927,0.888736880127927,0,91.08,0.0239993555449744
2019-02-15,0.910309354149611,0.910309354149611,0,81.42,0.142019044710254
2019-02-18,0.898096130324889,0.898096130324889,0,80.88,0.016107557160675
2019-02-19,0.910478060496927,0.910478060496927,0,88.42,0.162401294760975
2019-02-20,0.922932455296353,0.922932455296353,0,85.96,-0.0252132243377528
2019-02-21,0.866103377076529,0.866103377076529,0,83.94,0.127137822232188
2019-02-22,0.881718891753018,0.881718891753018,0,82.06,0.13646071537289
2019-02-25,0.89963694238635,0.89963694238635,0,80.06,0.116957285272306
2019-02-26,0.881465759519791,0.881465759519791,0,85.62,0.125495839145672
2019-02-27,0.904646025533452,0.904646025533452,0,86.76,0.141164457409656
2019-02-28,0.906287460930132,0.906287460930132,0,79.7,0.133076577374708
2019-03-01,0.922606141100063,0.922606141100063,0,70.08,0.151530042790237
2019-03-04,0.86623664880435,0.86623664880435,0,89.12,0.148097263873863
2019-03-05,0.850511733158542,0.850511733158542,0,93.5,0.148546189846621
2019-03-06,0.836686344070721,0.836686344070721,0,87.94,0.150610863118768
2019-03-07,0.872059624702215,0.872059624702214,0,97.06,0.160434641583299
2019-03-08,0.93322637796151,0.93322637796151,0,88.9,0.179991646483214
2019-03-11,0.895639979178557,0.895639979178557,0,93.06,0.163159632408892
2019-03-12,0.867567696234507,0.867567696234507,0,103.76,0.165727481529281
2019-03-13,0.866927255500302,0.866927255500302,0,84.58,0.219341521458877
2019-03-14,0.881975958478332,0.881975958478332,0,86.46,0.229559924971122
2019-03-15,0.873777323013875,0.873777323013875,0,81.84,0.204624726332814
2019-03-18,0.853500480626161,0.853500480626161,0,83.46,0.200158477658714
2019-03-19,0.877915346302061,0.877915346302061,0,81.38,0.25355904342508
2019-03-20,0.891649744747547,0.891649744747547,0,81.72,0.226370688848095
2019-03-21,0.877351023637712,0.877351023637712,0,77.56,0.248924612328268
2019-03-22,0.917244436817437,0.917244436817437,0,83.8,0.247215917316846
2019-03-25,0.897890523238143,0.897890523238143,0,77.1,0.221433130095026
2019-03-26,0.915612996545633,0.915612996545633,0,83.68,0.204125406652918
2019-03-27,0.905843580718766,0.905843580718766,0,85.44,0.196203341157853
2019-03-28,0.933160562084959,0.933160562084959,0,81.34,0.233937122286163
2019-03-29,0.928008849596888,0.928008849596888,0,88.1,0.259882231319905
2019-04-01,0.942906849228681,0.942906849228681,0,79.96,0.318336270625072
2019-04-02,0.923433283146345,0.923433283146345,0,74.66,0.319402015177772
2019-04-03,0.918763618662159,0.918763618662159,0,74.06,0.327332129178631
2019-04-04,0.886171544016872,0.886171544016872,0,75.78,0.292635192781133
2019-04-08,0.882525234151511,0.882525234151511,0,79.08,0.289582830552865
2019-04-09,0.89762182105951,0.89762182105951,0,81.28,0.294826064314276
2019-04-10,0.912052803859177,0.912052803859177,0,81.78,0.284469814902802
2019-04-11,0.900973159142287,0.900973159142287,0,79.52,0.247468181633005
2019-04-12,0.831017836352301,0.831017836352301,0,94.06,0.221250342453725
2019-04-15,0.860536535429642,0.860536535429642,0,82.58,0.196341643438276
2019-04-16,0.86231296763382,0.86231296763382,0,92.68,0.191186129457097
2019-04-17,0.86957963079014,0.86957963079014,0,84.4,0.196176085886864
2019-04-18,0.858018972091017,0.858018972091017,0,88.22,0.180924041702498
2019-04-19,0.859814448968561,0.859814448968561,0,83.18,0.178192985251181
2019-04-22,0.879604066393242,0.879604066393242,0,82.02,0.201907045424346
2019-04-23,0.861166775269662,0.861166775269662,0,92.58,0.230931697004142
2019-04-24,0.872575846163452,0.872575846163452,0,81.8,0.217956302321003
2019-04-25,0.856790893268285,0.856790893268285,0,81.96,0.21721438819743
2019-04-26,0.881405483403048,0.881405483403048,0,76.9,0.231981019094968
2019-04-29,0.857900505162577,0.857900505162577,0,85.26,0.236102475605652
2019-04-30,0.871424379347946,0.871424379347946,0,94.76,0.223322668787483
2019-05-06,0.856801689865614,0.856801689865614,0,81.84,0.268300151647959
2019-05-07,0.82511178028986,0.82511178028986,0,83.62,0.294432230198692
2019-05-08,0.816466181956889,0.816466181956889,0,90.3,0.320086960458208
2019-05-09,0.852665188918259,0.852665188918259,0,74.04,0.277777696357523
2019-05-10,0.826794020928226,0.826794020928226,0,83.16,0.273232376974047
2019-05-13,0.837426395298286,0.837426395298286,0,87.06,0.334883204238995
2019-05-14,0.853836976093401,0.853836976093401,0,79.38,0.299665619744796
2019-05-15,0.871570036409951,0.871570036409951,0,90.9,0.29207203969377
2019-05-16,0.857698423188995,0.857698423188995,0,94.66,0.266939344036438
2019-05-17,0.832008654470895,0.832008654470895,0,88.56,0.394485009754835
2019-05-20,0.869949933628311,0.869949933628311,0,79.08,0.280354913270101
2019-05-21,0.860633783161139,0.860633783161139,0,103.32,0.262349053216223
2019-05-22,0.835327549683184,0.835327549683184,0,88.04,0.303177952722511
2019-05-23,0.825806709852181,0.825806709852181,0,90.78,0.285642668222396
2019-05-24,0.851128074407216,0.851128074407216,0,89.6,0.281055292660762
2019-05-27,0.862820513297662,0.862820513297662,0,85.36,0.31435416028088
2019-05-28,0.836525241863352,0.836525241863352,0,89.8,0.288030406055822
2019-05-29,0.891843036731108,0.891843036731108,0,92.74,0.277882334211654
2019-05-30,0.877586051912761,0.877586051912761,0,97.52,0.282303638398733
2019-05-31,0.884731604375186,0.884731604375186,0,90.16,0.253217857697107
2019-06-03,0.850294484570558,0.850294484570558,0,85.92,0.281504895063606
2019-06-04,0.843368217616953,0.843368217616953,0,89.62,0.256179911117725
2019-06-05,0.85582342980879,0.85582342980879,0,92.52,0.237763489888081
2019-06-06,0.889425416803362,0.889425416803362,0,101.58,0.194632304033925
2019-06-10,0.907271087845465,0.907271087845465,0,97.54,0.177565080869166
2019-06-11,0.882124247064708,0.882124247064708,0,94.98,0.188661005259274
2019-06-12,0.930576662445,0.930576662445,0,78.7,0.200775810459819
2019-06-13,0.919884087785733,0.919884087785733,0,98.92,0.205400568537605
2019-06-14,0.942995001252971,0.942995001252971,0,87.58,0.201264611658214
2019-06-17,0.913471010969499,0.913471010969499,0,89.6,0.256416424130141
2019-06-18,0.950770185574343,0.950770185574343,0,91,0.270523115107005
2019-06-19,0.973594402982279,0.973594402982279,0,93.58,0.194955347312099
2019-06-20,0.979055319939209,0.979055319939209,0,88.84,0.21041313334275
2019-06-21,0.996558735041357,0.996558735041357,0,85.78,0.228980019153095
2019-06-24,0.95427804112584,0.95427804112584,0,94.26,0.207314208797109
2019-06-25,0.981489746834821,0.981489746834821,0,96.06,0.16964408544713
2019-06-26,0.981398980445279,0.981398980445279,0,91.98,0.245957153597735
2019-06-27,0.953905449134135,0.953905449134136,0,91.7,0.199660215921784
2019-06-28,0.920509270634642,0.920509270634642,0,81.58,0.24548257827141
2019-07-01,0.951813618069497,0.951813618069497,0,85.48,0.177231613497778
2019-07-02,0.925867764082893,0.925867764082893,0,87.32,0.213113931747333
2019-07-03,0.942614076887018,0.942614076887018,0,92.14,0.2335621727318
2019-07-04,0.914382380324864,0.914382380324864,0,86.6,0.239139731363894
2019-07-05,0.901244685263027,0.901244685263027,0,86.46,0.229352879809036
2019-07-08,0.923094758485267,0.923094758485267,0,77.6,0.233143230836665
2019-07-09,0.880848644523995,0.880848644523995,0,76.8,0.251996581467138
2019-07-10,0.848721172043557,0.848721172043557,0,72.62,0.287855298428169
2019-07-11,0.879007546307986,0.879007546307986,0,73.54,0.262393800146943
2019-07-12,0.907452738866649,0.907452738866649,0,70.12,0.195353006202269
2019-07-15,0.918082732154504,0.918082732154504,0,73.56,0.209691273130195
2019-07-16,0.884906890136802,0.884906890136802,0,74.04,0.267016645231855
2019-07-17,0.874248121751158,0.874248121751158,0,71.02,0.251936431567837
2019-07-18,0.860047474783082,0.860047474783082,0,78.26,0.273615210876912
2019-07-19,0.906115785744076,0.906115785744076,0,69.8,0.283047435564886
2019-07-22,0.931735209365539,0.931735209365539,0,70.24,0.267781382659709
2019-07-23,0.907048656628627,0.907048656628627,0,68.2,0.361251505325622
2019-07-24,0.88912261876202,0.88912261876202,0,70.92,0.32351680155478
2019-07-25,0.893752636120118,0.893752636120118,0,69.32,0.259132312454467
2019-07-26,0.854028944115002,0.854028944115002,0,84.86,0.260281753792352
2019-07-29,0.861335600446405,0.861335600446405,0,79.8,0.263079007603874
2019-07-30,0.840258339208913,0.840258339208913,0,65.82,0.252750338597493
2019-07-31,0.882781555098612,0.882781555098612,0,56.88,0.257043924046858
2019-08-01,0.890189253825537,0.890189253825537,0,57.78,0.213603225370345
2019-08-02,0.862319739906012,0.862319739906012,0,69.2,0.244498287515495
2019-08-05,0.871838051871301,0.871838051871301,0,76.08,0.283776588720649
2019-08-06,0.849440378012483,0.849440378012483,0,80.96,0.266147764581841
2019-08-07,0.886170645540802,0.886170645540802,0,87.18,0.2630915523226
2019-08-08,0.87828496651608,0.87828496651608,0,98.5,0.247006030649632
2019-08-09,0.952873540721017,0.952873540721017,0,88.9,0.228366045420269
2019-08-12,0.969876207355215,0.969876207355215,0,83.96,0.230879213671379
2019-08-13,0.982920111506809,0.982920111506809,0,76.96,0.296901458186806
2019-08-14,0.950949134134921,0.950949134134921,0,76.18,0.303225003853975
2019-08-15,0.988133179730097,0.988133179730097,0,81.74,0.30434320679922
2019-08-16,0.979964352521555,0.979964352521555,0,82.44,0.305364624799245
2019-08-19,0.99082085911096,0.99082085911096,0,81.24,0.291755372384623
2019-08-20,0.979513936885248,0.979513936885248,0,80.98,0.261906362956384
2019-08-21,1.00829806545528,1.00829806545528,0,77.64,0.237274949604282
2019-08-22,0.971665344575345,0.971665344575345,0,79.78,0.233180260929107
2019-08-23,0.993800221180235,0.993800221180235,0,79.38,0.242798934436402
2019-08-26,0.993664679141863,0.993664679141863,0,83.18,0.252969655138349
2019-08-27,1.00571287910295,1.00571287910295,0,78.68,0.215079226264559
2019-08-28,1.00081475351696,1.00081475351696,0,86.62,0.205506794969543
2019-08-29,0.972075088489745,0.972075088489745,0,84.46,0.229015997852204
2019-08-30,0.911745069566843,0.911745069566843,0,88.06,0.304893650998046
2019-09-02,0.935810124810631,0.935810124810631,0,83.42,0.268254508233833
2019-09-03,0.969384517543064,0.969384517543064,0,78.76,0.341060576108075
2019-09-04,0.949606664638512,0.949606664638512,0,85.08,0.262357432580182
2019-09-05,0.937481591864957,0.937481591864957,0,91.5,0.20662994427455
2019-09-06,0.967977291448099,0.967977291448099,0,80.7,0.197456974801876
2019-09-09,0.949583309855167,0.949583309855167,0,86.14,0.317824054147383
2019-09-10,0.953823659034783,0.953823659034783,0,85.16,0.368898036019728
2019-09-11,0.938128935250777,0.938128935250777,0,83.5,0.256193552261095
2019-09-12,0.888423582104892,0.888423582104892,0,81.46,0.307254472407989
2019-09-16,0.909052205931756,0.909052205931756,0,85.02,0.357453402719561
2019-09-17,0.907263752472873,0.907263752472873,0,77.88,0.297418593529527
2019-09-18,0.90835927223454,0.90835927223454,0,79.88,0.22837681181147
2019-09-19,0.916436125875359,0.916436125875359,0,78.82,0.32236198521036
2019-09-20,0.922670065333402,0.922670065333402,0,78.82,0.324514674820554
2019-09-23,0.94310779592207,0.94310779592207,0,84.28,0.271858329552549
2019-09-24,0.936137813038349,0.936137813038349,0,83.22,0.26054515078003
2019-09-25,0.911451970399046,0.911451970399046,0,78.52,0.276503875764669
2019-09-26,0.920717401528341,0.920717401528341,0,79.58,0.119723960743585
2019-09-27,0.918768039453217,0.918768039453217,0,76.5,0.230675236819941
2019-09-30,0.900948460609242,0.900948460609242,0,77.92,0.243415792203535
2019-10-08,0.915486238505484,0.915486238505484,0,80.56,0.261875769898049
2019-10-09,0.929518950753303,0.929518950753303,0,72.5,0.257468410634572
2019-10-10,0.901742344251757,0.901742344251757,0,77.42,0.252525612337545
2019-10-11,0.929032946783235,0.929032946783235,0,71.34,0.231843708107916
2019-10-14,0.923495326068525,0.923495326068525,0,67.44,0.23365338268198
2019-10-15,0.935585023557593,0.935585023557593,0,72.16,0.210179613203212
2019-10-16,0.94227802333373,0.94227802333373,0,71.32,0.253308656598746
2019-10-17,0.92126275001873,0.92126275001873,0,79.94,0.238368510040408
2019-10-18,0.936129426861229,0.936129426861229,0,86.36,0.11257617508586
2019-10-21,0.917348690946069,0.917348690946069,0,81.84,0.221328572544027
2019-10-22,0.890529587861788,0.890529587861788,0,84.1,0.225730015095465
2019-10-23,0.91653074071878,0.91653074071878,0,84.62,0.0153906557268987
2019-10-24,0.932048386636433,0.932048386636433,0,89.6,0.236388155111362
2019-10-25,0.956382503299962,0.956382503299962,0,94.96,0.0101957124237828
2019-10-28,0.970206094298306,0.970206094298306,0,87.76,0.0128498826070186
2019-10-29,0.978849855736472,0.978849855736472,0,79.72,0.0573329469308567
2019-10-30,0.955571336285668,0.955571336285668,0,81.86,0.255130308784256
2019-10-31,0.993122520401673,0.993122520401673,0,79.84,-0.0241337547832614
2019-11-01,0.98852790153001,0.98852790153001,0,80.24,0.204143288849927
2019-11-04,0.994245200325326,0.994245200325326,0,84.88,0.227116417385056
2019-11-05,0.97994201910421,0.97994201910421,0,80.22,0.113696509420727
2019-11-06,1.00360526658125,1.00360526658125,0,85.68,0.116324250842071
2019-11-07,0.973114786823233,0.973114786823233,0,86.08,0.128054353181819
2019-11-08,0.977163828921388,0.977163828921388,0,83.96,0.204966610416452
2019-11-11,0.931334805575137,0.931334805575137,0,81.2,0.105364217940885
2019-11-12,0.915093738150928,0.915093738150928,0,89.18,0.100220590467286
2019-11-13,0.939891060701642,0.939891060701642,0,90.42,0.115987963501284
2019-11-14,0.944524577816484,0.944524577816484,0,85,0.0882528715015465
2019-11-15,0.945555870087927,0.945555870087927,0,83.88,0.110785001555401
2019-11-18,0.916172668658444,0.916172668658444,0,73.62,0.136754760587138
2019-11-19,0.906948945484577,0.906948945484577,0,76.78,0.150146259860123
2019-11-20,0.913728451524295,0.913728451524295,0,79.88,0.181955106532404
2019-11-21,0.910775670054334,0.910775670054334,0,85.56,0.140717328490889
2019-11-22,0.911632786600272,0.911632786600272,0,81.76,0.163269233347639
2019-11-25,0.891302602734792,0.891302602734792,0,79.9,0.143944533779453
2019-11-26,0.902658241085639,0.902658241085639,0,92.32,0.150492941180474
2019-11-27,0.848658177109626,0.848658177109626,0,92.74,0.14665698505327
2019-11-28,0.880840250226424,0.880840250226424,0,89.4,0.139897355449194
2019-11-29,0.863920554544212,0.863920554544212,0,86.04,0.162282902098209
2019-12-02,0.8626456907925,0.8626456907925,0,80.68,0.12029066955498
2019-12-03,0.842353875906967,0.842353875906967,0,85.2,0.108404330683227
2019-12-04,0.8469552064259,0.8469552064259,0,85.5,0.171568648234342
2019-12-05,0.875140178152319,0.875140178152319,0,88.4,0.211424325898557
2019-12-06,0.850170632457716,0.850170632457716,0,79.66,0.176271013002786
2019-12-09,0.915624180603132,0.915624180603132,0,99.14,0.246026039325032
2019-12-10,0.933481295252307,0.933481295252307,0,84.4,0.124426901757809
2019-12-11,0.940509110761336,0.940509110761336,0,89.54,0.196055154291898
2019-12-12,0.97123157673658,0.97123157673658,0,87.56,0.233006826946561
2019-12-13,0.951025881549063,0.951025881549063,0,83.22,0.236875229506511
2019-12-16,0.950814630798969,0.950814630798969,0,85.64,0.229867604759097
2019-12-17,1.01341727851706,1.01341727851706,0,84.38,0.146000372567151
2019-12-18,1.01818483398243,1.01818483398243,0,90.08,0.188060239902275
2019-12-19,0.937537638167037,0.937537638167037,0,84.82,0.241628381219454
2019-12-20,0.930237704329863,0.930237704329863,0,87.5,0.223662266301137
2019-12-23,0.943230905108866,0.943230905108866,0,100.12,0.253006037044375
2019-12-24,0.941403008962954,0.941403008962954,0,92.62,0.275988281361987
2019-12-25,0.924928486032731,0.924928486032731,0,95.96,0.263551506443205
2019-12-26,0.925650682248193,0.925650682248193,0,85.36,0.223379172448621
2019-12-27,0.883091617381144,0.883091617381144,0,94.86,0.288047807156842
2019-12-30,0.903982652346115,0.903982652346115,0,89.86,0.319482431781294
2019-12-31,0.91191313784505,0.91191313784505,0,97.8,0.391467230875687
2020-01-02,0.895610780418949,0.895610780418949,0,92.98,0.284361065514698
2020-01-03,0.892407197241119,0.892407197241119,0,91.14,0.189736825454293
2020-01-06,0.90230160794858,0.90230160794858,0,89.84,0.0740105952111711
2020-01-07,0.930918407442133,0.930918407442133,0,95.62,0.0470559905724938
2020-01-08,0.956866110261767,0.956866110261767,0,90.3,0.297942781393721
2020-01-09,0.973796497929571,0.973796497929571,0,96,0.0687273260587148
2020-01-10,0.94343599157635,0.94343599157635,0,95.48,0.0454827561977994
2020-01-13,0.924324199018892,0.924324199018892,0,85.96,0.0366398276142782
2020-01-14,0.946477749717182,0.946477749717182,1.66378603681295e-05,104.56,0.0188256427563228
2020-01-15,1.00269660441566,1.00269660441566,1.7492461642974e-05,96.56,0.00776977417519523
2020-01-16,0.972816871408205,0.972816871408205,0,92.34,-0.00662302390286317
2020-01-17,0.962262077135422,0.962262077135422,0,95.86,0.0153448224642469
2020-01-20,0.955161145986353,0.955161145986353,0,93.4,0.0250366738104524
2020-01-21,0.922536390158683,0.922536390158683,0,94.08,-0.00448854333815308
2020-01-22,0.935610141723606,0.935610141723606,0,97.2,0.092600135135543
2020-01-23,0.908404407827189,0.908404407827189,0,86.96,0.0735901780669696
2020-02-03,0.922375376001852,0.922375376001852,0,97.46,0.114218176659573
2020-02-04,0.940605101111696,0.940605101111696,0,89.08,0.363977996860575
2020-02-05,0.935291992090997,0.935291992090997,0,85.6,0.315927341166631
2020-02-06,0.900919882464572,0.900919882464572,0,87.42,0.526941844393273
2020-02-07,0.922532959859548,0.922532959859548,0,88.1,0.457165275960599
2020-02-10,0.947951131272722,0.947951131272722,0,93.94,0.489595014863321
2020-02-11,0.911828130194909,0.911828130194909,1.75133766232836e-05,101.04,0.476988694752087
2020-02-12,0.889105885563634,0.889105885563634,0,96.16,0.471794108603298
2020-02-13,0.940725827383909,0.940725827383909,0,91.2,0.382392692833168
2020-02-14,0.942205001728961,0.942205001728961,0,93.2,0.406076717919864
2020-02-17,0.910030617083567,0.910030617083567,0,97.14,0.345523003462812
2020-02-18,0.901682322138382,0.901682322138382,0,97.26,0.384349476632873
2020-02-19,0.912244719193255,0.912244719193255,0,86.42,0.349472748304826
2020-02-20,0.902077940579339,0.902077940579339,0,93.52,0.196598447644388
2020-02-21,0.886196804513046,0.886196804513046,0,91.5,-0.0527912844298528
2020-02-24,0.898711187581281,0.898711187581281,0,91.62,0.394854622705833
2020-02-25,0.883793389748765,0.883793389748765,0,99.66,0.336726185512345
2020-02-26,0.926854810076792,0.926854810076792,0,100.12,0.524728642509245
2020-02-27,0.901005719037001,0.901005719037001,0,93.16,0.371591593904609
2020-02-28,0.910122204036344,0.910122204036344,0,107.02,0.457752635377188
2020-03-02,0.861313582811654,0.861313582811654,0,109.34,0.277401620928376
2020-03-03,0.863395083342096,0.863395083342096,0,109.68,0.286980712255139
2020-03-04,0.886388734944353,0.886388734944353,0,93.78,0.320649579171098
2020-03-05,0.88305166550452,0.88305166550452,0,96.3,0.366158067439929
2020-03-06,0.903086582770832,0.903086582770832,0,89.42,0.434979166767093
2020-03-09,0.87291873351359,0.87291873351359,0,90.72,0.382958917607257
2020-03-10,0.907962596264014,0.907962596264014,0,89.32,0.346150236104879
2020-03-11,0.894459722302469,0.894459722302469,0,93.12,0.333980629528332
2020-03-12,0.885076818678761,0.885076818678761,0,91.54,0.392930154296467
2020-03-13,0.923457054260326,0.923457054260326,0,87.1,0.435808732431292
2020-03-16,0.895698092494778,0.895698092494778,0,87.06,0.407692767979465
2020-03-17,0.873183250764932,0.873183250764932,0,99.74,0.412343131034374
2020-03-18,0.864876369887205,0.864876369887205,0,102.12,0.402992580491082
2020-03-19,0.847267723234432,0.847267723234432,0,103.42,0.366681829898297
2020-03-20,0.85619427851702,0.85619427851702,0,99.52,0.414882648380662
2020-03-23,0.842692127256763,0.842692127256763,0,89.34,0.448491665416779
2020-03-24,0.860692517575283,0.860692517575283,0,93.14,0.438613081665471
2020-03-25,0.840177983208043,0.840177983208043,0,94.32,0.435805739370022
2020-03-26,0.864335990568793,0.864335990568793,0,90.48,0.468736886145386
2020-03-27,0.843061451048791,0.843061451048791,0,105.52,0.510753389944495
2020-03-30,0.880549592030676,0.880549592030676,0,90.6,0.385792699529413
2020-03-31,0.87353284720346,0.87353284720346,0,88.92,0.491130381275977
2020-04-01,0.853435838469563,0.853435838469563,0,93.32,0.500620218177122
2020-04-02,0.898780951700332,0.898780951700332,0,94.98,0.447276590272653
2020-04-03,0.883464576483121,0.883464576483121,0,84.78,0.360178451307903
2020-04-07,0.878812072645978,0.878812072645978,0,99.16,0.218303405963425
2020-04-08,0.869953947447364,0.869953947447364,0,86.44,0.23717328968254
2020-04-09,0.872726209722712,0.872726209722712,0,86.26,0.214372469175777
2020-04-10,0.837587975836151,0.837587975836151,0,92.92,0.29855475156898
2020-04-13,0.833563495125868,0.833563495125868,0,90.98,0.420179379352193
2020-04-14,0.827253725047595,0.827253725047595,0,95.66,0.245478998896552
2020-04-15,0.799422699972366,0.799422699972366,0,86.1,0.417089929802274
2020-04-16,0.781552775353065,0.781552775353065,0,83.9,0.386741931506986
2020-04-17,0.814793032858164,0.814793032858164,0,86.56,0.410066723792425
2020-04-20,0.809531395488303,0.809531395488303,0,86.94,0.329534249897401
2020-04-21,0.829264149491352,0.829264149491352,0,91.86,0.377217208721608
2020-04-22,0.848475958994495,0.848475958994495,0,97.8,0.384143756768416
2020-04-23,0.820362295644463,0.820362295644463,0,96.28,0.260136039106008
2020-04-24,0.821638034855288,0.821638034855288,0,98.8,0.325228866812807
2020-04-27,0.813315831467917,0.813315831467917,0,83.66,0.344722621843911
2020-04-28,0.845721921575741,0.845721921575741,0,104.06,0.422488047792627
2020-04-29,0.853282255965306,0.853282255965306,0,98.9,0.436864877208345
2020-04-30,0.854109696775251,0.854109696775251,0,101.08,0.466332292017245
2020-05-06,0.839021956995227,0.839021956995227,0,77.58,0.317029610787153
2020-05-07,0.775245342704456,0.775245342704456,0,87.46,0.324112044923123
2020-05-08,0.783559142161612,0.783559142161612,0,98.14,0.2437876146432
2020-05-11,0.793813086630872,0.793813086630872,0,98.24,0.27100954245364
2020-05-12,0.831363119845588,0.831363119845588,0,87.02,0.269470471786965
2020-05-13,0.857591962651701,0.857591962651701,0,78.74,0.29073091044236
2020-05-14,0.815226562686372,0.815226562686372,0,78.98,0.258913914872006
2020-05-15,0.820526648993305,0.820526648993305,0,69.18,0.281498951523791
2020-05-18,0.810846838716979,0.810846838716978,0,84.52,0.260469325531358
2020-05-19,0.81795275127891,0.81795275127891,0,88.78,0.269308358367592
2020-05-20,0.846233074193096,0.846233074193096,0,70.88,0.266824892787381
2020-05-21,0.854704120642641,0.854704120642641,0,65.38,0.258983493741327
2020-05-22,0.840612629468795,0.840612629468795,0,65.92,0.302425121461198
2020-05-25,0.809962203511955,0.809962203511955,0,70.98,0.275082216323514
2020-05-26,0.800066817192581,0.800066817192581,0,64.72,0.257571703572653
2020-05-27,0.815394571324098,0.815394571324098,0,65.84,0.309266574562283
2020-05-28,0.812863155266649,0.812863155266649,0,67.88,0.29667062842271
2020-05-29,0.806765791893598,0.806765791893598,0,63.12,0.325304430366848
2020-06-01,0.845038308130956,0.845038308130956,0,62.38,0.289251297122589
2020-06-02,0.811774876710951,0.811774876710951,0,67.14,0.281032513933519
2020-06-03,0.794505066484151,0.794505066484151,0,66.54,0.30631560014956
2020-06-04,0.814000509994567,0.814000509994567,0,68.24,0.324089059552162
2020-06-05,0.800300631133047,0.800300631133047,0,71.94,0.287394441817693
2020-06-08,0.819425655481395,0.819425655481395,0,73.36,0.297596257770547
2020-06-09,0.745958008479142,0.745958008479142,0,65.38,0.327249151788298
2020-06-10,0.782396168057887,0.782396168057887,0,71.32,0.267558299115694
2020-06-11,0.818944901106208,0.818944901106208,0,72.28,0.275268377475021
2020-06-12,0.784566393846766,0.784566393846766,0,70.94,0.240481667793934
2020-06-15,0.731064558614717,0.731064558614717,0,65.78,0.304123059199698
2020-06-16,0.779847125583481,0.779847125583481,0,71.7,0.289682586672212
2020-06-17,0.767484235071462,0.767484235071462,0,72,0.253097819803795
2020-06-18,0.764426505345533,0.764426505345533,0,78.54,0.301262331577812
2020-06-19,0.751013283070335,0.751013283070335,0,72.14,0.304758705860973
2020-06-22,0.808984286931922,0.808984286931922,0,73.82,0.269590110268802
2020-06-23,0.761361091186388,0.761361091186388,0,70.72,0.238144303383673
2020-06-24,0.829657866222005,0.829657866222005,0,69.9,0.206399832831382
2020-06-29,0.825965744225726,0.825965744225726,0,72.66,0.269737488065876
2020-06-30,0.839173022062823,0.839173022062823,0,71.66,0.273870556633722
2020-07-01,0.85804866249281,0.85804866249281,0,68.36,0.199285331254827
2020-07-02,0.847168702526407,0.847168702526407,0,71.18,0.215842598916399
2020-07-03,0.873304133528357,0.873304133528357,0,74.12,0.266232396707317
2020-07-06,0.865597491246407,0.865597491246407,0,71.7,0.254335841013619
2020-07-07,0.864206651705657,0.864206651705657,0,76.36,0.275088138720075
2020-07-08,0.917168189167319,0.917168189167319,0,76.78,0.217567581002952
2020-07-09,0.86728899121853,0.86728899121853,0,85.84,0.298754932296121
2020-07-10,0.921816487260975,0.921816487260975,0,83.3,0.339279508610678
2020-07-13,0.977642252822077,0.977642252822077,0,93.06,0.32661416323325
2020-07-14,0.926395776183801,0.926395776183801,0,87.7,0.357804209808914
2020-07-15,0.952531258403217,0.952531258403217,0,80.04,0.333679744504741
2020-07-16,0.854704644329686,0.854704644329686,0,78.7,0.340233872613926
2020-07-17,0.904079253582947,0.904079253582947,0,81.78,0.335002972790202
2020-07-20,0.886079011411563,0.886079011411563,0,86.7,0.238265098577719
2020-07-21,0.864448092021339,0.864448092021339,0,96.6,0.242397284272633
2020-07-22,0.889847343111086,0.889847343111086,0,84.56,0.332435455451691
2020-07-23,0.888600880894644,0.888600880894644,0,79.3,0.302613559981599
2020-07-24,0.908376214481389,0.908376214481389,0,75.42,0.255897163178975
2020-07-27,0.877572123114931,0.877572123114931,0,83.08,0.298025071079596
2020-07-28,0.906429835777106,0.906429835777106,0,81.7,0.171059443391358
2020-07-29,0.945898145853667,0.945898145853667,0,77.22,0.177122749962789
2020-07-30,0.915683489281501,0.915683489281501,0,81.16,0.199504421331765
2020-07-31,0.912613712315468,0.912613712315468,0,86.18,0.203172416751372
2020-08-03,0.893262698886514,0.893262698886514,0,89.92,0.314800047573404
2020-08-04,0.927759534411553,0.927759534411553,0,84.44,0.258338068873334
2020-08-05,0.840405195206335,0.840405195206335,0,84.38,0.312179242503598
2020-08-06,0.880097772775619,0.880097772775619,0,86.24,0.354408728041472
2020-08-07,0.848998428443565,0.848998428443565,0,89.12,0.367678252670448
2020-08-10,0.925046544001676,0.925046544001676,0,82.46,0.451363888233349
2020-08-11,0.898408970189372,0.898408970189372,0,94.38,0.38160579787505
2020-08-12,0.882734182560656,0.882734182560656,0,77.28,0.331223061542441
2020-08-13,0.878247635151478,0.878247635151478,0,89.92,0.335698542856907
2020-08-14,0.891730115640623,0.891730115640623,0,70.34,0.284919337995009
2020-08-17,0.881091116076234,0.881091116076234,0,78.76,0.368667545948671
2020-08-18,0.904280507874957,0.904280507874957,0,89.78,0.33547526138895
2020-08-19,0.891514733350932,0.891514733350932,0,79.24,0.294726139730054
2020-08-20,0.902939289481992,0.902939289481992,0,85.1,0.284057646531429
2020-08-21,0.881966852198639,0.88196685219864,0,82.04,0.283398896361042
2020-08-24,0.892821425963435,0.892821425963435,0,83.48,0.286168219568902
2020-08-25,0.882513174921104,0.882513174921104,0,87,0.310960482850024
2020-08-26,0.888841658394852,0.888841658394852,0,80.8,0.244266214295882
2020-08-27,0.864443403564961,0.864443403564961,0,78.64,0.250204590513652
2020-08-28,0.937269540281513,0.937269540281513,0,75.08,0.304748966288318
2020-08-31,0.933140044226304,0.933140044226304,0,84.72,0.276912059850345
2020-09-01,0.93062829097011,0.93062829097011,0,81.52,0.273812895030011
2020-09-02,0.925417232014487,0.925417232014487,0,76.48,0.276704163467237
2020-09-03,0.924577396985052,0.924577396985052,0,69.94,0.248601641334348
2020-09-04,0.906912853074417,0.906912853074417,0,77.82,0.357557577865422
2020-09-07,0.913188699882303,0.913188699882303,0,78.64,0.296987200168055
2020-09-08,0.899128467318232,0.899128467318232,0,80.56,0.332541479434774
2020-09-09,0.861843899053899,0.861843899053899,0,78.86,0.436143304543831
2020-09-10,0.913976753645697,0.913976753645697,0,79.06,0.253631593332082
2020-09-11,0.920494416290634,0.920494416290634,0,74.84,0.300041615431752
2020-09-14,0.913831939476125,0.913831939476125,0,74.66,0.306932152533936
2020-09-15,0.917178023433123,0.917178023433123,0,81.6,0.250983193469426
2020-09-16,0.930804221146255,0.930804221146255,0,77.54,0.243574012310815
2020-09-17,0.980263133354535,0.980263133354535,0,78.72,0.287671806988155
2020-09-18,0.957035987056183,0.957035987056183,0,73.26,0.396113961913387
2020-09-21,0.944151986512321,0.944151986512321,0,76.08,0.37265911873088
2020-09-22,0.952952756091957,0.952952756091957,0,79.16,0.321653054713829
2020-09-23,0.962967880781989,0.962967880781989,0,79.94,0.329002027028797
2020-09-24,1.02794062614169,1.02794062614169,0,75.58,0.360703657851885
2020-09-25,1.01916477311975,1.01916477311975,0,82.62,0.33814675516954
2020-09-28,0.983846597416861,0.983846597416861,0,80.28,0.3302047106376
2020-09-29,0.964555449275826,0.964555449275826,0,79.72,0.340836047442592
2020-09-30,0.962761307985947,0.962761307985947,0,75.84,0.294246372601256
2020-10-09,0.994612253531748,0.994612253531748,0,75.02,0.277282013609827
2020-10-12,0.989684141497625,0.989684141497625,0,77.66,0.242658548318441
2020-10-13,0.992855684153035,0.992855684153035,0,79.7,0.237904182074416
2020-10-14,1.02921371763389,1.02921371763389,0,76.68,0.223266479018078
2020-10-15,1.00611580433446,1.00611580433446,0,87.44,0.195402768757979
2020-10-16,0.997837708959934,0.997837708959934,0,85.14,0.205969043121789
2020-10-19,1.06720326605695,1.06720326605695,0,84.08,0.288918931530773
2020-10-20,1.02084794892032,1.02084794892032,0,79.34,0.244378902178261
2020-10-21,0.966412250464065,0.966412250464065,0,79.76,0.241787895551721
2020-10-22,1.00955132331903,1.00955132331903,0,71.82,0.229906199334584
2020-10-23,1.00125232578918,1.00125232578918,0,77.02,0.222420415562807
2020-10-26,1.01539739641202,1.01539739641202,0,78.12,0.180359001835101
2020-10-27,0.992768822178387,0.992768822178387,0,72.72,0.157297854752896
2020-10-28,0.956888898313228,0.956888898313228,0,76.82,0.147179127725506
2020-10-29,0.99970551113278,0.99970551113278,0,79.02,0.119796788980106
2020-10-30,1.02088714845583,1.02088714845583,0,75.36,0.109681319607167
2020-11-02,1.02854199953679,1.02854199953679,0,82.5,0.0782169776031504
2020-11-03,1.0291370994575,1.0291370994575,0,74.66,0.0955534385634033
2020-11-04,0.996874994952388,0.996874994952388,0,75.54,0.116965456865135
2020-11-05,0.962641242847359,0.962641242847359,0,75.8,0.135148843248368
2020-11-06,1.0063410431386,1.0063410431386,0,73.96,0.113662175131346
2020-11-09,1.02008696562433,1.02008696562433,0,76.14,0.103205332969133
2020-11-10,1.00085429791312,1.00085429791312,0,75.74,0.113489818987565
2020-11-11,0.975592334498312,0.975592334498312,0,78.1,0.152579560729592
2020-11-12,0.912626988106642,0.912626988106642,0,78.68,0.121278370127927
2020-11-13,0.930189922008638,0.930189922008638,0,87.26,0.13616205467428
2020-11-16,0.985403589099628,0.985403589099628,0,99.44,0.206749380120277
2020-11-17,0.960960968117561,0.960960968117561,0,88.3,0.191716730918121
2020-11-18,0.948737973520023,0.948737973520023,0,92.66,0.218252617104248
2020-11-19,0.914886400016132,0.914886400016132,0,86.48,0.248609860520402
2020-11-20,0.925615878566533,0.925615878566533,0,93.6,0.205561389242009
2020-11-23,0.914238129737274,0.914238129737274,0,96.02,0.225089241281914
2020-11-24,0.969342194810085,0.969342194810085,0,94.74,0.287813195671758
2020-11-25,1.03295014115664,1.03295014115664,0,86.86,0.0696420433873217
2020-11-26,1.0203026955047,1.0203026955047,0,86.78,0.151760809338295
2020-11-27,1.02462957915973,1.02462957915973,0,87.72,0.0483722226622395
2020-11-30,0.9872477579977,0.9872477579977,0,85.36,0.223402838622825
2020-12-01,0.943992567194044,0.943992567194044,0,83.08,0.248534299550722
2020-12-02,0.907786126886384,0.907786126886384,0,85.96,0.255242179595413
2020-12-03,0.946310680199274,0.946310680199274,0,85.8,0.224408872013218
2020-12-04,0.916599343123232,0.916599343123232,0,92.66,0.247716543606656
2020-12-07,0.960763307717577,0.960763307717577,0,84.66,0.117579988927076
2020-12-08,0.962959999890196,0.962959999890196,0,88.62,0.0431480702045093
2020-12-09,0.902412954364633,0.902412954364633,0,91.9,0.268665941238796
2020-12-10,0.949111651143802,0.949111651143802,0,82.22,0.0152418836023092
2020-12-11,0.969042912313311,0.969042912313311,0,82.22,0.041060103732963
2020-12-14,0.961503793817467,0.961503793817467,0,85.92,0.0746689825275119
2020-12-15,0.962839693092306,0.962839693092306,0,91.12,0.0994634820110513
2020-12-16,0.961957715176418,0.961957715176418,0,84.32,0.276441677543921
2020-12-17,0.926624143929879,0.926624143929879,0,88.34,0.256374384310628
2020-12-18,0.962955988450933,0.962955988450933,0,85.62,-0.0320296609710347
2020-12-21,0.925238604680777,0.925238604680777,0,81.36,0.0473204443589874
2020-12-22,0.895350920103497,0.895350920103497,0,82.56,0.0930404531032491
2020-12-23,0.864387300320408,0.864387300320408,0,87,0.0880169741814282
2020-12-24,0.907707147178595,0.907707147178595,0,83.58,0.0833158078485724
2020-12-25,0.89218916147547,0.89218916147547,0,86.7,0.0847353899086348
2020-12-28,0.904177705233164,0.904177705233164,0,81.98,0.0825414907844548
2020-12-29,0.888442803568922,0.888442803568922,0,83.68,0.129085677361655
2020-12-30,0.891524178910833,0.891524178910833,0,84.74,0.115224849137371
2020-12-31,0.896560033097738,0.896560033097738,0,83.24,0.0377173623521454
2021-01-04,0.917471805868773,0.917471805868773,0,79.68,0.0953721670928568
2021-01-05,0.939419600826479,0.939419600826479,0,77.88,0.0267135092161826
2021-01-06,0.894167665535707,0.894167665535707,0,91.52,0.0355450120100239
2021-01-07,0.866811113391001,0.866811113391001,0,93.52,0.221349502416141
2021-01-08,0.862332194816777,0.862332194816777,0,92.06,0.204929817209259
2021-01-11,0.916896423573481,0.916896423573481,0,90.38,0.13030831043529
2021-01-12,0.935893377969485,0.935893377969485,0,99.66,3.99464061619449e-05
2021-01-13,0.923921032732568,0.923921032732568,0,89.68,0.207650582226396
2021-01-14,0.887017958293258,0.887017958293258,0,92.02,0.268205196745092
2021-01-15,0.910639795700414,0.910639795700414,0,92.32,-0.00702128298510024
2021-01-18,0.868640048383233,0.868640048383233,0,86.32,0.0277104065387454
2021-01-19,0.914755633673752,0.914755633673752,0,87.4,-0.0211936342807152
2021-01-20,0.892244205319522,0.892244205319522,0,97.76,0.0359319848408414
2021-01-21,0.905546694870083,0.905546694870083,0,87.94,0.115249414773004
2021-01-22,0.917996565739507,0.917996565739507,0,89.66,0.123446740580685
2021-01-25,0.924055879013327,0.924055879013327,0,93.22,0.125874761383813
2021-01-26,0.912572440933733,0.912572440933733,0,100.48,0.134336808974612
2021-01-27,0.906420644903334,0.906420644903334,0,93.48,0.140069531355664
2021-01-28,0.909830328770103,0.909830328770103,0,89.26,0.247288642328232
2021-01-29,0.926744562890176,0.926744562890176,0,95.62,0.252342369086022
2021-02-01,0.88983783716618,0.88983783716618,0,83.86,0.203991140976316
2021-02-02,0.905495307580131,0.905495307580131,0,97,0.193932123852874
2021-02-03,0.88843847573719,0.88843847573719,0,87.64,0.269946367663966
2021-02-04,0.91011496080698,0.91011496080698,0,89.28,0.318950993573659
2021-02-05,0.926979093194172,0.926979093194172,0,87.16,0.251027599666974
2021-02-08,0.955518796698413,0.955518796698413,0,89.36,0.150385701553774
2021-02-09,0.95049841272388,0.95049841272388,0,85,0.235039900224018
2021-02-10,0.928085717541565,0.928085717541565,0,104.36,0.280478731434914
2021-02-18,0.903138542767484,0.903138542767484,0,101.6,0.266540375353434
2021-02-19,0.98164906441725,0.98164906441725,0,98.26,0.259451201341201
2021-02-22,0.97047465292571,0.97047465292571,0,106.46,0.263621017907568
2021-02-23,0.986056814194342,0.986056814194342,0,92.18,0.23497689247879
2021-02-24,0.953242623177205,0.953242623177205,0,98.34,0.243939302350373
2021-02-25,0.935325621994978,0.935325621994978,0,87.08,0.188639768326159
2021-02-26,0.907384677226612,0.907384677226612,0,90.28,0.197330957133685
2021-03-01,0.95869854584631,0.95869854584631,0,95.8,0.23409424023873
2021-03-02,1.00615219998926,1.00615219998926,0,84.32,0.243413476924188
2021-03-03,1.01733587854014,1.01733587854014,0,83.64,0.268647580986461
2021-03-04,0.990322567319134,0.990322567319134,0,85.02,0.257431382261576
2021-03-05,0.998460910707362,0.998460910707362,0,82.52,0.29204128159889
2021-03-08,1.01030515322544,1.01030515322544,0,85.04,0.322367198917142
2021-03-09,0.977348677462554,0.977348677462554,0,88.42,0.366242549898991
2021-03-10,0.973461642023442,0.973461642023442,0,86.14,0.341583758255652
2021-03-11,1.0034948754701,1.0034948754701,0,88.1,0.368092015138149
2021-03-12,1.02067054828307,1.02067054828307,0,90.68,0.362946465485334
2021-03-15,1.04734363583392,1.04734363583392,0,93.64,0.36698017487655
2021-03-16,1.01332531224872,1.01332531224872,0,95.22,0.357233162805206
2021-03-17,1.01182760188282,1.01182760188282,0,94.8,0.31095242760816
2021-03-18,0.989506094957097,0.989506094957097,0,93.18,0.29006207422738
2021-03-19,1.01473189849046,1.01473189849046,0,88.82,0.326637441055993
2021-03-22,1.01288265086607,1.01288265086607,0,89,0.31087652458177
2021-03-23,1.03569655130961,1.03569655130961,0,90.2,0.29239405179657
2021-03-24,1.03199400786351,1.03199400786351,1.93837975674101e-05,98.46,0.318748925978045
2021-03-25,0.994255084666859,0.994255084666859,0,95.32,0.297780459959
2021-03-26,0.993100592251981,0.993100592251981,0,92.48,0.332140621999122
2021-03-29,0.953930337904642,0.953930337904642,0,97.46,0.321518054882512
2021-03-30,0.989188378945595,0.989188378945595,0,90.52,0.309267773695001
2021-03-31,0.976997937186334,0.976997937186334,0,93.92,0.285405559121239
2021-04-01,1.00096433906699,1.00096433906699,0,88.1,0.314629895177924
2021-04-02,1.03635387542536,1.03635387542536,0,87.8,0.268948552173871
2021-04-06,0.986394308735439,0.986394308735439,0,95.38,0.266497539471374
2021-04-07,0.982082309545967,0.982082309545967,0,97.32,0.322467506165785
2021-04-08,0.972638965749473,0.972638965749473,0,96.82,0.325886505000283
2021-04-09,0.976837379029637,0.976837379029637,0,93.56,0.295352021295359
2021-04-12,0.979422081409885,0.979422081409885,0,94.96,0.305056571879319
2021-04-13,0.94207691495125,0.94207691495125,0,90.28,0.327796478658597
2021-04-14,0.960491300295681,0.960491300295681,0,92.82,0.309238674399914
2021-04-15,0.97831910571368,0.97831910571368,1.46858119762411e-05,95.4,0.278538193262116
2021-04-16,0.931883190015224,0.931883190015224,0,95.16,0.348293768881477
2021-04-19,0.938538429365147,0.938538429365147,0,95.94,0.300900610282045
2021-04-20,0.911371265202826,0.911371265202826,0,101.54,0.277781049606401
2021-04-21,0.896356798788648,0.896356798788648,0,93.18,0.310804548639067
2021-04-22,0.936779757818698,0.936779757818698,0,89.46,0.38005971692131
2021-04-23,0.910017036724581,0.910017036724581,1.17851995296522e-05,92.78,0.333197905834816
2021-04-26,0.911990480263857,0.911990480263857,1.65263139685057e-05,101.48,0.353159010607958
2021-04-27,0.939579407392183,0.939579407392183,0,97.6,0.354911120892618
2021-04-28,0.942437975086932,0.942437975086932,0,91.18,0.3490530330328
2021-04-29,0.962073283181881,0.962073283181881,0,87.88,0.339601049146073
2021-04-30,0.937695822438725,0.937695822438725,0,90.36,0.296595225755979
2021-05-06,0.957377016684785,0.957377016684785,0,94.26,0.404393063533601
2021-05-07,0.925963931476465,0.925963931476465,0,91.76,0.43105704371361
2021-05-10,0.910707240262441,0.910707240262441,0,97.04,0.315893003521448
2021-05-11,0.956977356518562,0.956977356518562,0,95.44,0.35571705114472
2021-05-12,0.937066223510957,0.937066223510957,3.46944695195361e-20,99.8,0.278341983480841
2021-05-13,0.962185363287727,0.962185363287727,0.0012437526484621,104.08,0.301856740765293
2021-05-14,0.93358372689119,0.93358372689119,1.98791305880538e-05,107.8,0.345862503557971
2021-05-17,0.923897772788698,0.923897772788698,0,100.42,0.396435449235436
2021-05-18,0.878567311327273,0.878567311327273,0,103.42,0.310536721057883
2021-05-19,0.965362713577893,0.965362713577893,0,88.24,0.133543180428405
2021-05-20,0.924883326886682,0.924883326886682,0,99.04,0.361207978560938
2021-05-21,0.912223510861864,0.912223510861864,0,94.86,0.39701235918768
2021-05-24,0.932989243270108,0.932989243270108,0,91.66,-0.107577442287347
2021-05-25,0.943236155703944,0.943236155703944,0,92.94,0.305610201422247
2021-05-26,0.998370040009514,0.998370040009514,0,91.88,-0.051931765808593
2021-05-27,0.983451344005832,0.983451344005832,0,99.34,0.0990391262693565
2021-05-28,0.985413255511375,0.985413255511375,0,96.18,0.35350302141458
2021-05-31,1.02307368261803,1.02307368261803,0,89.44,0.350752702817473
2021-06-01,1.02966387451864,1.02966387451864,0,84.3,0.322814768650611
2021-06-02,1.02615303962208,1.02615303962208,0,88.72,0.263721231743591
2021-06-03,1.02514065050131,1.02514065050131,0,82.5,0.335724955522138
2021-06-04,1.02178876536653,1.02178876536653,0,82.58,0.338204695997778
2021-06-07,1.04006825676554,1.04006825676554,0,84.96,0.280049268831864
2021-06-08,1.06477366348005,1.06477366348005,1.64465627291127e-05,96.14,0.27343116301127
2021-06-09,1.03686378804282,1.03686378804282,0,78.36,0.243551300885075
2021-06-10,1.03279102190667,1.03279102190667,0,76.4,0.264117339361494
2021-06-11,0.991415670135504,0.991415670135504,0,80.34,0.335771491581602
2021-06-15,1.01729627449423,1.01729627449423,0,78,0.282683150587963
2021-06-16,1.03704092002042,1.03704092002042,0,89.12,0.2330184462222
2021-06-17,0.992625463307471,0.992625463307471,0,96,0.157972098124292
2021-06-18,1.00668983961548,1.00668983961548,0,83.34,0.126485532585635
2021-06-21,1.0044511989071,1.0044511989071,0,93.76,0.319709190669071
2021-06-22,0.968585641644624,0.968585641644624,1.9538058754048e-05,101.92,0.236856994125212
2021-06-23,0.937413824125024,0.937413824125024,0,86.44,0.234943023132137
2021-06-24,0.911704423671567,0.911704423671567,0,91.24,0.299318932124515
2021-06-25,0.972400791923412,0.972400791923412,0,80.56,0.262804029346877
2021-06-28,1.02108933667811,1.02108933667811,0,78.96,0.206417823452558
2021-06-29,1.02170438645837,1.02170438645837,0,88.18,0.199743909384152
2021-06-30,0.980152198032823,0.980152198032823,0,83.9,0.22518856237449
2021-07-01,1.0072080980011,1.0072080980011,0,84.22,0.19009273465991
2021-07-02,1.05833850677597,1.05833850677597,0,85.56,0.266751909462952
2021-07-05,1.07316599631184,1.07316599631184,0,79.36,0.244542372016965
2021-07-06,1.02346421575461,1.02346421575461,0,87.5,0.245731564067566
2021-07-07,1.05429397031322,1.05429397031322,0,86.58,0.287200337586202
2021-07-08,1.00656298732341,1.00656298732341,0,76.7,0.198894027385188
2021-07-09,0.994588919345803,0.994588919345803,0,88.78,0.229306485137975
2021-07-12,1.0306423129579,1.0306423129579,0,84.94,0.251785568764865
2021-07-13,1.02179468233779,1.02179468233779,0,78,0.23365535956761
2021-07-14,1.03333227127631,1.03333227127631,0,83.9,0.221695186420499
2021-07-15,1.04201165458748,1.04201165458748,0,90.44,0.241099256354855
2021-07-16,1.0477999399726,1.0477999399726,0,85.18,0.248271182847629
2021-07-19,1.05893081922501,1.05893081922501,0,82.76,0.230200687020882
2021-07-20,1.1310340015256,1.1310340015256,0,85.48,0.206095370628882
2021-07-21,1.05242138674235,1.05242138674235,0,82.22,0.252338662587505
2021-07-22,1.06060925912292,1.06060925912292,0,91.64,0.286185724805061
2021-07-23,1.03108065405784,1.03108065405784,0,83.66,0.287450008987614
2021-07-26,1.01924058087169,1.01924058087169,0,80.56,0.254976044381329
2021-07-27,1.03013742388368,1.03013742388368,0,84.44,0.228505346522534
2021-07-28,1.04354953292909,1.04354953292909,0,75.72,0.150777302335208
2021-07-29,1.02119657676928,1.02119657676928,0,77.92,0.156287903010176
2021-07-30,1.00006980282143,1.00006980282143,0,86.2,0.161345091849823
2021-08-02,0.996926223023941,0.996926223023941,0,85.14,0.122164895462572
2021-08-03,1.0280103449797,1.0280103449797,0,82.1,0.201807606332032
2021-08-04,1.0153988334542,1.0153988334542,0,78.42,0.192207029258933
2021-08-05,1.01688055581468,1.01688055581468,0,78.04,0.272646955430728
2021-08-06,1.04075768759564,1.04075768759564,0,81.88,-0.0656356374708906
2021-08-09,1.0329672198942,1.0329672198942,0,80.62,0.282900211037028
2021-08-10,1.04972056718184,1.04972056718184,0,76.4489795918367,0.253376102881232
2021-08-11,1.01483601979074,1.01483601979074,0,76.84,0.246428837286081
2021-08-12,1.03128114373202,1.03128114373202,0,73.52,0.296049544334944
2021-08-13,0.994928132560531,0.994928132560531,0,82.34,0.271912083228849
2021-08-16,0.999868784394573,0.999868784394573,0,89.36,0.225548764477059
2021-08-17,1.03440933587814,1.03440933587814,0,88.08,0.253533329876967
2021-08-18,1.03033122778801,1.03033122778801,0,81.94,0.24913075532056
2021-08-19,1.02889514334157,1.02889514334157,0,86.14,0.272480341093532
2021-08-20,1.01371702958416,1.01371702958416,0,74.66,0.278728866009644
2021-08-23,1.08180852422985,1.08180852422985,0,93.76,0.193598170135103
2021-08-24,1.04070566522801,1.04070566522801,0,82.22,0.2524099974288
2021-08-25,1.05187380858039,1.05187380858039,0,76.56,0.3193841457938
2021-08-26,1.08435273549657,1.08435273549657,0,81.68,0.377297076897773
2021-08-27,1.07832351491203,1.07832351491203,0,68.32,0.362632650924642
2021-08-30,1.04205336426106,1.04205336426106,0,76.32,0.20529329421824
2021-08-31,1.03136633650921,1.03136633650921,0,88.28,0.210971841690957
2021-09-01,1.01380352936511,1.01380352936511,0,75.28,0.322877586291589
2021-09-02,0.980436740835335,0.980436740835335,0,81.34,0.266055266617006
2021-09-03,1.02321085111764,1.02321085111764,3.15900789660449e-05,90.44,0.272398325720595
2021-09-06,1.00428349973101,1.00428349973101,0,87.12,0.317664609351313
2021-09-07,0.981799140626449,0.981799140626449,0,90.34,0.257302120127134
2021-09-08,1.00723535873236,1.00723535873236,0,90.68,0.293529623355266
2021-09-09,1.01518080496836,1.01518080496836,0,89.88,0.171542201587823
2021-09-10,1.01621424666818,1.01621424666818,3.28643243755743e-05,88.24,0.337474503108043
2021-09-13,0.995004558646408,0.995004558646408,3.38413612544826e-05,91.2,0.27768314876777
2021-09-14,0.980098912250908,0.980098912250908,0,88.9,0.239218286100511
2021-09-15,0.966730130139756,0.966730130139756,0,90.44,0.268801464795019
2021-09-16,0.947330805735797,0.947330805735797,0,89.42,0.238526939016372
2021-09-17,0.956430912487307,0.956430912487307,0,96.52,0.313927732767618
2021-09-22,0.974256608557293,0.974256608557293,0,89.92,0.356533816469497
2021-09-23,0.990309669106029,0.990309669106029,0,96.68,0.374468857069109
2021-09-24,0.930898549985504,0.930898549985504,0,87.74,0.240603586034208
2021-09-27,0.948031232214145,0.948031232214145,0,97.34,0.344052188564201
2021-09-28,0.96734493314809,0.96734493314809,0,96.84,0.298341520735593
2021-09-29,0.933340591466905,0.933340591466905,2.06939712612646e-05,96.58,0.260616094578932
2021-09-30,0.926183875210664,0.926183875210664,0,94.82,0.268864400205892
2021-10-08,1.02105069068728,1.02105069068728,2.44225456452613e-05,88.78,0.232741018799236
2021-10-11,1.0034853708243,1.0034853708243,0,93.6,0.326673753984882
2021-10-12,0.950185401146172,0.950185401146172,0,98.1,0.237834480263359
2021-10-13,1.01331432369197,1.01331432369197,0,92.64,0.27111834726764
2021-10-14,0.997758771498154,0.997758771498154,2.08671865382907e-05,96.86,0.311236287661317
2021-10-15,0.987943128385317,0.987943128385317,0,93.64,0.327650322083694
2021-10-18,1.03430692050631,1.03430692050631,2.23819234142135e-05,91.72,0.374016509922653
2021-10-19,1.02699612365776,1.02699612365776,0,88.24,0.320431098442255
2021-10-20,1.01917943112743,1.01917943112743,0.00110530545194718,100.38,0.398078991170477
2021-10-21,1.00929259075331,1.00929259075331,1.87226774981384e-05,97.84,0.425090359294284
2021-10-22,1.02762845662373,1.02762845662373,1.95362440690402e-05,99.54,0.394182746183106
2021-10-25,0.997816594102052,0.997816594102052,1.732948706509e-05,101.52,0.367983643063393
2021-10-26,1.02999383859886,1.02999383859886,0.00125364003674951,98.28,0.393093403231297
2021-10-27,1.0220160418798,1.0220160418798,0.00131671024850742,102.04,0.378127619944376
2021-10-28,1.00471467327925,1.00471467327925,2.22112789172597e-05,100.34,0.309652928305109
2021-10-29,1.03270468256323,1.03270468256323,2.05075399717003e-05,100.38,0.342140142498384
2021-11-01,1.03634997271386,1.03634997271386,2.0582939541353e-05,91.32,0.327027967191031
2021-11-02,1.04646295177396,1.04646295177396,2.13273592370372e-05,92.06,0.353996760758893
2021-11-03,1.04893422439944,1.04893422439944,0,91.08,0.324373880083506
2021-11-04,1.02897100010229,1.02897100010229,0.00128209190883569,99.34,0.365361778462446
2021-11-05,1.02773922736697,1.02773922736697,2.1104238825617e-05,92.84,0.342569590998175
2021-11-08,1.02159894591544,1.02159894591544,0,91.6,0.364358072896627
2021-11-09,1.04206731335475,1.04206731335475,1.92811755733322e-05,91.5,0.389931181446807
2021-11-10,1.04091878260423,1.04091878260423,0,85.68,0.384259917132538
2021-11-11,1.01805074641249,1.01805074641249,0.00130342666179239,93.12,0.359974385515856
2021-11-12,1.05068564092816,1.05068564092816,0.0013461414919192,96.94,0.384162108031661
2021-11-15,1.09520012955691,1.09520012955691,0.00138420562198323,97.26,0.397444716548912
2021-11-16,1.05399067889391,1.05399067889391,2.23055394959193e-05,90.38,0.470705735500477
2021-11-17,1.07354289809697,1.07354289809697,2.0942705064119e-05,93.22,0.418964082052197
2021-11-18,1.0810212841424,1.0810212841424,0.00132654515350975,94.66,0.46284065259448
2021-11-19,1.0913919622355,1.0913919622355,0.00134927029234401,99.36,0.430271879090023
2021-11-22,1.01942989361165,1.01942989361165,0.00127175578202062,96.52,0.440257754137253
2021-11-23,1.03019832817433,1.03019832817433,2.1023632655628e-05,95.44,0.448584506965984
2021-11-24,1.00089712306058,1.00089712306058,1.98289993040662e-05,92.12,0.465294369007217
2021-11-25,0.990882763280957,0.990882763280957,1.85046266013011e-05,96.34,0.393773485188602
2021-11-26,0.995244956441416,0.995244956441416,0.00101454591914794,101.62,0.460097872627637
2021-11-29,1.01033938381583,1.01033938381583,0.00122554203415923,95.48,0.353529914188602
2021-11-30,1.00644012983516,1.00644012983516,4.22681208508612e-05,94.18,0.345202948320012
2021-12-01,1.0016176947857,1.0016176947857,0.00125460908570995,101.74,0.366257495063702
2021-12-02,1.00595622797489,1.00595622797489,0.00101243478334431,104.4,0.312947123072361
2021-12-03,1.00477796021056,1.00477796021056,3.97240550883622e-05,94.8,0.465500340982793
2021-12-06,1.03826667290374,1.03826667290374,2.4202168548713e-05,94.4,0.424902308232566
2021-12-07,1.00653535022327,1.00653535022327,0.001104136065482,103.22,0.345947323069206
2021-12-08,0.973492577634667,0.973492577634667,0.00117205522209715,102.94,0.3524027509627
2021-12-09,0.990104514854843,0.990104514854843,0.00118332878050994,98.68,0.313539702375604
2021-12-10,0.993868657775847,0.993868657775847,2.26518097448973e-05,90.82,0.375170469757296
2021-12-13,0.98301872749852,0.98301872749852,2.12215477376165e-05,91.54,0.328949907046961
2021-12-14,0.998715667778783,0.998715667778783,0.0012095373430503,103.58,0.365866953386001
2021-12-15,1.01373215914589,1.01373215914589,2.25518600212235e-05,93.62,0.354351061643678
2021-12-16,1.02486102567233,1.02486102567233,0.00118055916671034,93.14,0.365259673800486
2021-12-17,1.00796791070727,1.00796791070727,0.00110630492036212,93.16,0.3551085535086
2021-12-20,1.03824364961756,1.03824364961756,0.00130495717008342,95.96,0.354538078871697
2021-12-21,1.00524926468395,1.00524926468395,0.00122606899468225,102.22,0.343045500322956
2021-12-22,1.03138417243775,1.03138417243775,2.62015311397377e-05,93.78,0.352790053474321
2021-12-23,1.0139366989178,1.0139366989178,0.00108657672608567,99.46,0.354845933142999
2021-12-24,0.988550362372917,0.988550362372917,0.00118964192330564,100.26,0.341919479130934
2021-12-27,0.985661860405195,0.985661860405195,0,87.48,0.403451684989712
2021-12-28,0.962149868811509,0.962149868811509,0,100.4,0.338295345289376
2021-12-29,0.975290340629874,0.975290340629874,0,92.14,0.373749560971801
2021-12-30,0.951143038982735,0.951143038982735,0,97.74,0.320683162118272
2021-12-31,0.9238805854209,0.9238805854209,0,97.92,0.282273197424761
2022-01-04,0.950344557201342,0.950344557201342,0,92.62,0.274639308073385
2022-01-05,0.945601664896953,0.945601664896953,0,94.72,0.215002390785112
2022-01-06,0.932884098190655,0.932884098190655,0,92.82,0.241901257417929
2022-01-07,0.953094885282866,0.953094885282866,0,86.92,0.220334881460705
2022-01-10,0.964386287403261,0.964386287403261,0,84.18,0.158408200603045
2022-01-11,0.956107525139503,0.956107525139503,0,84.06,0.217704011708959
2022-01-12,0.95640030559314,0.95640030559314,0,84.64,0.218706606559548
2022-01-13,0.95571745882787,0.95571745882787,0,83.4,0.202773936881688
2022-01-14,0.963334952074113,0.963334952074113,0,86.14,0.185399070386761
2022-01-17,1.00428843002608,1.00428843002608,0,81.54,0.167622559067005
2022-01-18,0.953748535465589,0.953748535465589,0,87.38,0.149535549151877
2022-01-19,0.967719139976101,0.967719139976101,0,88.2,0.247833329146514
2022-01-20,0.94981029291283,0.94981029291283,0,85.9,0.250824484171364
2022-01-21,0.972551265191479,0.972551265191479,0,84,0.249572818516685
2022-01-24,0.986152933987647,0.986152933987647,0,83.96,0.244981143949383
2022-01-25,0.964697079318807,0.964697079318807,0,85.74,0.165722686477277
2022-01-26,0.930702235080801,0.930702235080801,0,83.3,0.0947299087127673
2022-01-27,0.960434780880576,0.960434780880576,0,93.16,0.172326449742812
2022-01-28,1.03135833346062,1.03135833346062,0,87.38,0.324199713896824
2022-02-07,0.988869129893623,0.988869129893623,0,92.04,0.104846367842732
2022-02-08,0.964872073002239,0.964872073002239,0,99.58,0.182404627388868
2022-02-09,0.957797504313029,0.957797504313029,0,99.48,0.209537503711391
2022-02-10,0.983363226041458,0.983363226041458,0,95.18,0.228834131221657
2022-02-11,1.01400086363829,1.01400086363829,0,92.32,0.300150408262228
2022-02-14,1.02709799863199,1.02709799863199,0,91.14,0.109979632868098
2022-02-15,1.03148133594427,1.03148133594427,0,95.92,0.191363102975933
2022-02-16,1.00856491713079,1.00856491713079,0,90.72,0.482226673848324
2022-02-17,0.984422947098959,0.984422947098959,0,86.08,0.439886282752372
2022-02-18,1.00123603554452,1.00123603554452,0,91.98,0.285254408119328
2022-02-21,0.989702191738096,0.989702191738096,0,96.44,0.192735243408409
2022-02-22,1.00257105865769,1.00257105865769,0,94.3,0.215809139365825
2022-02-23,0.911993188174547,0.911993188174547,0,105.16,0.318276977225692
2022-02-24,0.984922069286188,0.984922069286188,0,93.24,0.322101871550488
2022-02-25,0.930631541192393,0.930631541192393,0,88.06,0.319468355389686
2022-02-28,0.953295067758059,0.953295067758059,0,91.02,0.318380278730228
2022-03-01,0.973791611003373,0.973791611003373,0,94.42,0.270864343461352
2022-03-02,1.00830432616768,1.00830432616768,0,101.42,0.280119513487132
2022-03-03,0.950950430873818,0.950950430873818,0,101.44,0.31370964078449
2022-03-04,0.961207755294827,0.961207755294827,0,103.54,0.249841423347794
2022-03-07,0.943319393502469,0.943319393502469,0,105.82,0.265990828239069
2022-03-08,0.935124124541409,0.935124124541409,8.67361737988403e-21,101.82,0.287957517315695
2022-03-09,0.936249105505548,0.936249105505548,0,103.74,0.312273972429082
2022-03-10,0.95121393902535,0.95121393902535,1.29446307645895e-05,113.14,0.286372396565859
2022-03-11,0.964167639731957,0.964167639731957,1.67693121719431e-05,108.94,0.25730965637034
2022-03-14,0.984312404536751,0.984312404536751,1.6020852055916e-05,102.94,0.235270283565398
2022-03-15,0.98499713871649,0.984997138716489,1.53751101760744e-05,103.94,0.304305328747811
2022-03-16,0.977089870218387,0.977089870218387,1.76438163349342e-05,94.7,0.329217123252048
2022-03-17,0.980788308499129,0.980788308499129,0,99.28,0.304543765741385
2022-03-18,1.006364878734,1.006364878734,0,98.84,0.32623759063042
2022-03-21,0.962160181571443,0.962160181571443,2.15306073535432e-05,98.88,0.25582223430101
2022-03-22,0.967416521377397,0.967416521377397,2.35253435532462e-05,108.3,0.370709719922251
2022-03-23,0.972004021184888,0.972004021184888,2.08721193690177e-05,101.48,0.409143610835771
2022-03-24,0.959894580117024,0.959894580117024,0,95.74,0.275383016403434
2022-03-25,0.982515803268322,0.982515803268322,0,97.58,0.363620120348864
2022-03-28,0.963688276771834,0.963688276771834,0,105.04,0.294570301175842
2022-03-29,0.969383101456579,0.969383101456579,0,94.22,0.312131364696933
2022-03-30,0.968485615540884,0.968485615540884,0,95.02,0.310208153797912
2022-03-31,0.991120522881712,0.991120522881712,0,94.22,0.304332166136915
2022-04-01,0.947874358807781,0.947874358807781,1.96455582946342e-05,104.86,0.331032709443503
2022-04-06,0.925722780132458,0.925722780132458,1.92295980473938e-05,96.78,0.306886889688074
2022-04-07,0.940913660399084,0.940913660399084,2.06472973791802e-05,99.34,0.325510999921668
2022-04-08,0.939297064989371,0.939297064989371,2.07689403726089e-05,102.58,0.302287526059249
2022-04-11,0.970691579232959,0.970691579232959,0,100.14,0.251902286274049
2022-04-12,0.970588819629025,0.970588819629025,1.95468655457711e-05,101.1,0.254070663754062
2022-04-13,0.965638404763514,0.965638404763514,1.85893283421001e-05,96.22,0.251623038913226
2022-04-14,0.976308303137089,0.976308303137089,1.89404585504085e-05,97.34,0.286493878246627
2022-04-15,0.961883728210122,0.961883728210122,0,95.62,0.321098132573889
2022-04-18,0.971584601194489,0.971584601194489,1.85864101612739e-05,101.42,0.304285903485449
2022-04-19,0.97728218630198,0.97728218630198,2.00870498656988e-05,97.4,0.290327004739976
2022-04-20,0.998853012896916,0.998853012896916,1.74734869017316e-05,99.3,0.313980044362294
2022-04-21,0.969688596028894,0.969688596028894,0,96.82,0.288315884122267
2022-04-22,0.976154221002289,0.976154221002289,0,93.76,0.244773684965626
2022-04-25,0.932251401533719,0.932251401533719,0,92.94,0.234971002414528
2022-04-26,0.9635588554654,0.9635588554654,0,95.9,0.242251249519877
2022-04-27,0.934655580364122,0.934655580364122,0,98.68,0.255761693156025
2022-04-28,0.940488980555472,0.940488980555472,0,104.12,0.316664376247345
2022-04-29,0.933198308494967,0.933198308494967,0,92.82,0.267470496520498
2022-05-05,0.945639336566511,0.945639336566511,0,93.82,0.354069865841913
2022-05-06,0.973291453644354,0.973291453644354,1.64086703607235e-05,95.18,0.400600305290489
2022-05-09,0.983859546289906,0.983859546289906,0,94.52,0.422256457180035
2022-05-10,0.959399017454752,0.959399017454752,1.59429923856931e-05,95.06,0.408527762235764
2022-05-11,0.95531489394005,0.95531489394005,0,97.36,0.417149994776438
2022-05-12,0.973710831525697,0.973710831525697,0,98.14,0.349129261054329
2022-05-13,0.94367618310096,0.94367618310096,0,98.32,0.279059975282518
2022-05-16,0.975869529571729,0.975869529571729,0,94.96,0.2421171577721
2022-05-17,0.959392419822162,0.959392419822162,0,91.14,0.326124308373677
2022-05-18,0.97231136875028,0.97231136875028,1.50505331899972e-05,100.42,0.334276002485372
2022-05-19,0.947672234515876,0.947672234515876,0,96.92,0.299076673686725
2022-05-20,0.919137883878125,0.919137883878125,0,97.38,0.307430300241656
2022-05-23,0.894068451284442,0.894068451284442,0,94.5,0.364734233383735
2022-05-24,0.908357833242727,0.908357833242727,0,99.14,0.312782429628229
2022-05-25,0.932862029369261,0.932862029369261,0,98.5,0.355454048649486
2022-05-26,0.95849007271849,0.95849007271849,0,94.44,0.312863496385703
2022-05-27,0.95828614725427,0.95828614725427,0,94.38,0.336320999577054
2022-05-30,0.971045927252593,0.971045927252593,0,93.58,0.32248430670939
2022-05-31,0.958869631588967,0.958869631588967,0,91.82,0.333903310782983
2022-06-01,0.94417419560558,0.94417419560558,0,99.02,0.281467794805344
2022-06-02,0.933796385672824,0.933796385672824,0,96.16,0.260814935578145
2022-06-06,0.968729477810244,0.968729477810244,1.62080364371596e-05,99.4,0.282832999015542
2022-06-07,0.903440249207256,0.903440249207256,0,94.24,0.223875471721631
2022-06-08,0.916665455315275,0.916665455315275,0,101.06,0.236821641960598
2022-06-09,0.969965205399926,0.969965205399926,0,100.64,0.291928971881027
2022-06-10,0.961028614146931,0.961028614146931,0,101.96,0.288793169515799
2022-06-13,0.952793469120856,0.952793469120856,0,101.82,0.267813306201894
2022-06-14,0.923749148168756,0.923749148168756,0,89.68,0.287878892404159
2022-06-15,0.9608920451944,0.9608920451944,0,94.08,0.244386741053041
2022-06-16,0.947836545167341,0.947836545167341,0,92.7,0.254012630467661
2022-06-17,0.947227636240946,0.947227636240946,0,90.22,0.341669648922016
2022-06-20,0.933429773270804,0.933429773270804,0,94.14,0.317545417384328
2022-06-21,0.920411028656065,0.920411028656065,0,101.72,0.252835558267783
2022-06-22,0.937662826350153,0.937662826350153,0,91.68,0.273196693970289
2022-06-23,0.931017727370911,0.931017727370911,0,102.3,0.260411939923394
2022-06-24,0.936571894061668,0.936571894061668,1.72508139491398e-05,94.94,0.261978298782129
2022-06-27,0.914788924744173,0.914788924744173,0,95.86,0.199117929719326
2022-06-28,0.931378068627246,0.931378068627246,1.43991834888824e-05,97.26,0.247845817781036
2022-06-29,0.893318807735614,0.893318807735614,0,95.42,0.286368974159904
2022-06-30,0.869809787652482,0.869809787652482,0,100.14,0.280880680126969
2022-07-01,0.871278642882028,0.871278642882028,0,99.1,0.282499980639446
2022-07-04,0.894707433020677,0.894707433020677,0,99.04,0.259074365709574
2022-07-05,0.875267066897877,0.875267066897877,0,97.28,0.257055702859141
2022-07-06,0.893014091524529,0.893014091524529,0,95.98,0.24031907887601
2022-07-07,0.905857667686323,0.905857667686323,0,94.12,0.246019326172055
2022-07-08,0.877539829318558,0.877539829318558,0,99.42,0.182654970422479
2022-07-11,0.909192622868512,0.909192622868512,0,100.1,0.264269405726723
2022-07-12,0.913764162925066,0.913764162925066,0,87.34,0.161195984217356
2022-07-13,0.91379041237548,0.91379041237548,0,102.66,0.215656737761548
2022-07-14,0.905585689949633,0.905585689949633,0,96.18,0.193374305691904
2022-07-15,0.920392305980508,0.920392305980508,0,100.42,0.240299015060303
2022-07-18,0.918881638670498,0.918881638670498,0,94.2,0.315595124147142
2022-07-19,0.935005874906567,0.935005874906567,0,94.58,0.229406794648012
2022-07-20,0.889158543074403,0.889158543074403,0,94.6,0.25485912784962
2022-07-21,0.898363870280944,0.898363870280944,0,95.28,0.236729173767301
2022-07-22,0.936814610618177,0.936814610618177,0,94.18,0.272303795712421
2022-07-25,0.945566413730416,0.945566413730416,0,95.56,0.269465789465788
2022-07-26,0.947802610231547,0.947802610231547,0,93.42,0.243442855345169
2022-07-27,0.992472125123826,0.992472125123826,0,103.14,0.21220795383811
2022-07-28,1.02351600691371,1.02351600691371,1.52524863302443e-05,97.96,0.20953843814138
2022-07-29,1.03608645977287,1.03608645977287,0,105.74,0.181198207555905
2022-08-01,1.07653805129267,1.07653805129267,0,96.02,0.197503921114678
2022-08-02,1.01010275583765,1.01010275583765,0,95.72,0.302546725205333
2022-08-03,1.0411889591869,1.0411889591869,0,96.26,0.256445208037445
2022-08-04,0.993576933512193,0.993576933512193,0,78.44,0.279868361842716
2022-08-05,1.01138555195082,1.01138555195082,0,91.08,0.238650928227831
2022-08-08,1.01965762714117,1.01965762714117,0,90.48,0.263591890566559
2022-08-09,1.02771236498737,1.02771236498737,0,89.72,0.246096243233276
2022-08-10,0.98510313062295,0.98510313062295,0,92.8,0.250036883753657
2022-08-11,0.983213865659363,0.983213865659363,0,86.74,0.272489688363639
2022-08-12,0.973099187982096,0.973099187982096,0,78,0.250590984181158
2022-08-15,0.947274185124833,0.947274185124833,0,79.72,0.244486410859068
2022-08-16,0.964026384611424,0.964026384611424,0,87.82,0.213104648437072
2022-08-17,0.974539221196479,0.974539221196479,0,85.62,0.206709031097517
2022-08-18,0.967902715179909,0.967902715179909,0,87.26,0.194171393681212
2022-08-19,0.970422831261536,0.970422831261536,0,91.7,0.258380576746922
2022-08-22,0.967252872928828,0.967252872928828,0,91.78,0.182531444175848
2022-08-23,0.972842690459761,0.972842690459761,0,89.88,0.275414495206473
2022-08-24,0.97998616326101,0.97998616326101,0,84.56,0.22293215945741
2022-08-25,0.983960221830249,0.983960221830249,0,92.22,0.252044327913943
2022-08-26,1.00167020960969,1.00167020960969,0,88.98,0.354637344478634
2022-08-29,0.979656032541435,0.979656032541435,0,95.88,0.305357938890582
2022-08-30,1.00264466363286,1.00264466363286,0,87.76,0.283280930391369
2022-08-31,1.0036863614714,1.0036863614714,0,95.46,0.290781192688533
2022-09-01,0.996439825387066,0.996439825387066,0,82.96,0.269097884752089
2022-09-02,1.03474768152271,1.03474768152271,0,79.58,0.21220542153818
2022-09-05,0.968191100262929,0.968191100262929,0,81.74,0.220004904010808
2022-09-06,0.954603032894658,0.954603032894658,0,81.7,0.247044987464624
2022-09-07,0.965584487162632,0.965584487162632,0,88.44,0.223965441268784
2022-09-08,1.01479127100642,1.01479127100642,0,89.36,0.235585682110616
2022-09-09,1.01684549967538,1.01684549967538,0,79.06,0.224694715332294
2022-09-13,1.00896817538867,1.00896817538867,0,84.02,0.178615081455675
2022-09-14,1.04712468799909,1.04712468799909,0,84.72,0.107937182811818
2022-09-15,1.03253837771088,1.03253837771088,0,81.84,0.21040733171068
2022-09-16,1.06191378323109,1.06191378323109,0,78.98,0.247467344243326
2022-09-19,1.06846897041202,1.06846897041202,0,82.2,0.211222839650714
2022-09-20,1.04284374254672,1.04284374254672,1.51962397194884e-05,105.72,0.195259649483977
2022-09-21,1.04679506593573,1.04679506593573,0,89.48,0.246776426215016
2022-09-22,1.01963328411073,1.01963328411073,0,84.22,0.250678476480321
2022-09-23,1.03316267774487,1.03316267774487,0,86.74,0.247633595596013
2022-09-26,1.07396434359753,1.07396434359753,2.31267974664101e-05,102.28,0.255895708342837
2022-09-27,1.08229545042797,1.08229545042797,2.63299804766207e-05,100.76,0.271208254005808
2022-09-28,1.08414235945306,1.08414235945306,0,91.88,0.232781983751407
2022-09-29,1.06360003141366,1.06360003141366,0,90.64,0.255493591474755
2022-09-30,1.07941251814271,1.07941251814271,0,91.96,0.288759621433615
2022-10-10,1.0640006972691,1.0640006972691,0.00127453214020137,97.52,0.308354427292544
2022-10-11,1.0779910958588,1.0779910958588,2.78067585004705e-05,89.86,0.201162916571065
2022-10-12,1.06822081488135,1.06822081488135,0.00127956510937199,96.66,0.23991317847241
2022-10-13,1.07368800180675,1.07368800180675,0.00120248207079617,109.56,0.294735883901849
2022-10-14,1.10647842599869,1.10647842599869,2.87134360142455e-06,96.56,0.294279104257403
2022-10-17,1.07470316718148,1.07470316718148,0,86.56,0.256672671414646
2022-10-18,1.08083860274774,1.08083860274774,2.31098984354608e-05,92.76,0.290472129815259
2022-10-19,1.06384486250906,1.06384486250906,0.00127053197002029,96.66,0.336280412577298
2022-10-20,1.06773850857875,1.06773850857875,2.4801908950607e-05,93.84,0.387833676003787
2022-10-21,1.06704699567136,1.06704699567136,2.32346857832316e-05,99.3,0.390431225221612
2022-10-24,1.11299154371969,1.11299154371969,2.24122579586564e-05,95.06,0.237661530359611
2022-10-25,1.08371373857599,1.08371373857599,2.28494518342341e-05,96.1,0.33669485886205
2022-10-26,1.10538146378856,1.10538146378856,2.31230197571875e-05,89.88,0.357106486265906
2022-10-27,1.10896956261909,1.10896956261909,2.38957648741442e-05,90.12,0.352447234490207
2022-10-28,1.10847420626891,1.10847420626891,0.00138335509835271,90.92,0.351528245113201
2022-10-31,1.11255411578601,1.11255411578601,2.38300308441674e-05,92.38,0.398726925440645
2022-11-01,1.10206394478457,1.10206394478457,0.0013242406979188,95.14,0.349474790263128
2022-11-02,1.07533959628877,1.07533959628877,0.0013520414681381,95.6,0.425293508121393
2022-11-03,1.09400286883031,1.09400286883031,0.00136977186832937,97.94,0.362403290955415
2022-11-04,1.12935072562603,1.12935072562603,0.00128107063012924,100.4,0.308717826907903
2022-11-07,1.13766800867109,1.13766800867109,0.00142632243049125,103.18,0.238136292401827
2022-11-08,1.1650040783,1.1650040783,2.31857096688135e-05,93.24,0.368505707646282
2022-11-09,1.20457493905683,1.20457493905683,0,93.2,0.355093659760343
2022-11-10,1.16041973622997,1.16041973622997,2.01999482184514e-05,95.54,0.404777469928764
2022-11-11,1.19887503880525,1.19887503880525,0.00154017626772924,97.32,0.310960786664976
2022-11-14,1.2096730457276,1.2096730457276,2.34068604118908e-05,89.62,0.287969489025889
2022-11-15,1.18568323028756,1.18568323028756,2.708120934378e-05,91.02,0.42583633935633
2022-11-16,1.1589434375494,1.1589434375494,0.00146399529428358,94.46,0.281055625983413
2022-11-17,1.16730780480792,1.16730780480792,2.49250245558369e-05,92.5,0.316083452099815
2022-11-18,1.15996775020202,1.15996775020202,0.00145282283467398,98.24,0.240052778042252
2022-11-21,1.14643984204901,1.14643984204901,0.00140769666888386,100.1,0.222262170865601
2022-11-22,1.13388700935052,1.13388700935052,0.00135667802968291,99.08,0.210304824599707
2022-11-23,1.12591035070325,1.12591035070325,0.00139051387068018,99.02,0.231813260993094
2022-11-24,1.10454451244598,1.10454451244598,0.0013763555394553,95.08,0.212980755769534
2022-11-25,1.13492319031521,1.13492319031521,0.00143184602338931,96.1,0.31960560792312
2022-11-28,1.08549258597476,1.08549258597476,0.00134221642385752,96.28,0.236427559686436
2022-11-29,1.08366052056324,1.08366052056324,0.00139767611225206,99.34,0.254053889149242
2022-11-30,1.08063865336922,1.08063865336922,0.00137357846787198,96.36,0.260953810128564
2022-12-01,1.12864914921907,1.12864914921907,0.00139348892562004,97.38,0.307573708967581
2022-12-02,1.1056292499004,1.1056292499004,0.00137340908925068,105.32,0.297058655539745
2022-12-05,1.13178574209512,1.13178574209512,0.00144137938034439,98,0.309969580284996
2022-12-06,1.10387848633661,1.10387848633661,0.00139215005922381,103.92,0.162745206556178
2022-12-07,1.10485309278584,1.10485309278584,0.0014485251649485,101.86,0.151738886593927
2022-12-08,1.08891420473261,1.08891420473261,0.00138272232920067,108.68,0.178626857610228
2022-12-09,1.140634232186,1.140634232186,0.0014041373746082,97.14,0.237019940819482
2022-12-12,1.08356978580976,1.08356978580976,0.00139838365585971,105.12,0.187952286917879
2022-12-13,1.08961067296827,1.08961067296827,0.00137088157661681,105.46,0.287102565835522
2022-12-14,1.10621811599827,1.10621811599827,0.00125908568526652,105.08,0.128414005867093
2022-12-15,1.14939140386577,1.14939140386577,2.49292240266988e-05,94.44,0.164641395336728
2022-12-16,1.13297587901813,1.13297587901813,0.0014466623468411,98.34,0.175044904904805
2022-12-19,1.15955271007637,1.15955271007637,2.57432969124767e-05,94.36,0.173642646183222
2022-12-20,1.12858854795078,1.12858854795078,0.00139473213228706,103.06,0.177672466510393
2022-12-21,1.14121609910926,1.14121609910926,0.00138307961820967,103.34,-0.0972650238980966
2022-12-22,1.14532336297047,1.14532336297047,0.00141448356136514,103.76,-0.0679057919329232
2022-12-23,1.1248825635877,1.1248825635877,2.39100553424949e-05,108,0.0314463373691994
2022-12-26,1.13978668286874,1.13978668286874,2.2160804382518e-05,96.28,0.0666655011223455
2022-12-27,1.11284351902497,1.11284351902497,2.68999148423911e-05,100.2,0.316355638286987
2022-12-28,1.11420228551682,1.11420228551682,0.00135125595726749,106.5,-0.0303747611961969
2022-12-29,1.07798521958529,1.07798521958529,2.58908588945189e-05,99.72,-0.0409009525759431
2022-12-30,1.05239373713041,1.05239373713041,2.67136876229774e-05,88.64,0.298813053375517
2023-01-03,1.09121716354909,1.09121716354909,0.00133178162664382,100.76,0.334421861067327
2023-01-04,1.07496676612264,1.07496676612264,0.00116518000785107,100.76,0.267879076908797
2023-01-05,1.0641976396067,1.0641976396067,0.00134548033858395,96.34,0.213498075246627
2023-01-06,1.09480102841811,1.09480102841811,0,87.6,0.201921587691207
2023-01-09,1.09948988393108,1.09948988393108,0,90.82,0.359691887292436
2023-01-10,1.07925574396168,1.07925574396168,1.5638514717973e-05,94.46,0.358541867049773
2023-01-11,1.06956055986609,1.06956055986609,1.73037004503781e-05,93.3,0.300625290124344
2023-01-12,1.05073920913836,1.05073920913836,0,90.02,0.37845983666798
2023-01-13,1.05134410934232,1.05134410934232,0,88.22,0.357335164827793
2023-01-16,1.03027174549022,1.03027174549022,0,89.18,0.384985486537931
2023-01-17,1.00399830859892,1.00399830859892,0,94.08,0.383067426497351
2023-01-18,0.99824282641618,0.99824282641618,0,90.86,0.317501492294735
2023-01-19,0.969457914450269,0.96945791445027,0,87.8,0.341370464789278
2023-01-20,1.00655855136169,1.00655855136169,2.0138624092215e-05,97.28,0.289064354985349
2023-01-30,0.958331548680915,0.958331548680915,0,93.08,0.262980909994078
2023-01-31,0.954801750158769,0.954801750158769,0,90.76,0.253819052559862
2023-02-01,0.976384583245204,0.976384583245204,0,94.32,0.311391139210675
2023-02-02,0.955445447237153,0.955445447237153,0,94.64,0.287214200591089
2023-02-03,0.958098003081151,0.958098003081151,0,90.22,0.236706165262823
2023-02-06,0.972490574924863,0.972490574924863,0,87.66,0.187569546011411
2023-02-07,0.974427361874873,0.974427361874873,1.552547242386e-05,99.1,0.210608123134165
2023-02-08,0.968216281986525,0.968216281986525,1.75815802328162e-05,98.58,0.325286415308979
2023-02-09,0.985294731555158,0.985294731555158,2.15408272631567e-05,97.14,0.369908478035149
2023-02-10,0.94628681835714,0.94628681835714,0,93.1,0.249356408875957
2023-02-13,0.919562720985435,0.919562720985435,1.77656045572466e-05,102,0.345262673475973
2023-02-14,0.942658769096827,0.942658769096827,0,91.72,0.372255707218205
2023-02-15,0.950919589129208,0.950919589129208,1.67674822090082e-05,101.28,0.354973849334694
2023-02-16,0.933375409611148,0.933375409611148,0,90.92,0.405806628962968
2023-02-17,0.953967911573219,0.953967911573219,0,82.96,0.374282496683556
2023-02-20,0.981956709897605,0.981956709897605,0,96.1,0.383316358837149
2023-02-21,0.985828560559072,0.985828560559072,0,102.68,0.406270948736229
2023-02-22,0.95652011572709,0.95652011572709,0,86.04,0.354493375457412
2023-02-23,0.981460379441091,0.981460379441091,0,87.22,0.340434618915285
2023-02-24,1.00477249169268,1.00477249169268,0,95.94,0.34147134675005
2023-02-27,0.983893226667318,0.983893226667318,2.21269832240067e-05,95.4,0.318122966409479
2023-02-28,1.01055290409501,1.01055290409501,0,87.26,0.305302123303785
2023-03-01,0.968214561316494,0.968214561316494,0,90.28,0.366079509095984
2023-03-02,0.970182827098883,0.970182827098883,0,89.06,0.385891128355812
2023-03-03,1.01270650647627,1.01270650647627,0,90.94,0.406931255899053
2023-03-06,0.999352920879974,0.999352920879974,0,85.98,0.36627999659936
2023-03-07,1.02715516145885,1.02715516145885,0,89.36,0.387315871640136
2023-03-08,1.02260273044369,1.02260273044369,0,92.78,0.334458011928203
2023-03-09,0.995052936142424,0.995052936142424,0.0012370256661866,100.9,0.384610974533541
2023-03-10,0.979133523696879,0.979133523696879,0,95.38,0.383423664632822
2023-03-13,0.992483700055925,0.992483700055925,0.00120021972425102,98.96,0.286751855946314
2023-03-14,0.972593500571393,0.972593500571393,0,98.3,0.307307515198978
2023-03-15,1.00910591105424,1.00910591105424,0,92.26,0.238190980902912
2023-03-16,0.972762390661221,0.972762390661221,0,93.34,0.248859997006447
2023-03-17,1.01921505032614,1.01921505032614,0,94,0.16793831758989
2023-03-20,1.0032532661751,1.0032532661751,1.54579239867847e-05,96.3,0.242979045729199
2023-03-21,0.98753820422952,0.98753820422952,0,91.54,0.246301248155074
2023-03-22,0.973078825051892,0.973078825051892,0,95,0.212790625018642
2023-03-23,0.979693268573296,0.979693268573296,0,100.36,0.208015487815848
2023-03-24,1.01776879419234,1.01776879419234,0,95.28,0.228878894342745
2023-03-27,1.01039668696764,1.01039668696764,0,94.5,0.227897433785409
2023-03-28,0.971874248685247,0.971874248685247,0,91.74,0.325488761900161
2023-03-29,0.971270575017534,0.971270575017534,1.92024183115492e-05,94.28,0.338065111067131
2023-03-30,0.949274144357773,0.949274144357773,0,90.38,0.253842882198138
2023-03-31,0.960889608400075,0.960889608400075,0,88.64,0.299066497936261
2023-04-03,0.986654088324292,0.986654088324292,0,93.78,0.331969473177404
2023-04-04,1.03871692540879,1.03871692540879,0,92.3,0.249150700230873
2023-04-06,1.0076771730607,1.0076771730607,0,95.16,0.240307562119212
2023-04-07,1.03831137196385,1.03831137196385,0,87.16,0.153897345474047
2023-04-10,1.02622835484537,1.02622835484537,0,90.28,0.313049283089706
2023-04-11,1.0295044475259,1.0295044475259,0,86.14,0.331034968004193
2023-04-12,1.02800219721546,1.02800219721546,0,89.12,0.249409471729271
2023-04-13,0.990514605601476,0.990514605601476,1.29202670733931e-05,94.34,0.285380417217401
2023-04-14,1.01028767670662,1.01028767670662,1.44411140340981e-05,93.5,0.297195707931033
2023-04-17,0.956276184954052,0.956276184954052,0,96.82,0.256691897329651
2023-04-18,0.962856660001207,0.962856660001207,1.70666485094551e-05,107.5,0.24148350540194
2023-04-19,0.961673514937498,0.961673514937498,0,92.82,0.284783691729898
2023-04-20,1.00466694315338,1.00466694315338,0,85.44,0.256897297275968
2023-04-21,0.998424861218123,0.998424861218123,0,89,0.283443568778022
2023-04-24,0.994113445628469,0.994113445628469,0,92.26,0.280400750873002
2023-04-25,1.05953372697129,1.05953372697129,0,87.54,0.203302751855992
2023-04-26,1.10147601542988,1.10147601542988,0,86.24,0.142871206468337
2023-04-27,1.04391825741377,1.04391825741377,0,88.62,0.227470155006036
2023-04-28,1.01029422422082,1.01029422422082,0,93.38,0.276396963860193
2023-05-04,1.03135577625674,1.03135577625674,0,90.48,0.284906885872121
2023-05-05,1.05341592673924,1.05341592673924,0,90.02,0.240725105258679
2023-05-08,1.04230752151825,1.04230752151825,0,88.98,0.289489308494457
2023-05-09,1.06933908664585,1.06933908664585,1.75407937134107e-05,100.24,0.290883588814506
2023-05-10,1.04801189660984,1.04801189660984,0,87.86,0.102582925166475
2023-05-11,1.06938508365897,1.06938508365897,0,95.52,0.0906686465225589
2023-05-12,1.06386350344351,1.06386350344351,0,85.62,0.142955140747777
2023-05-15,1.06012497998352,1.06012497998352,0,88.86,0.141188305551027
2023-05-16,1.04217929854322,1.04217929854322,0,82.3,0.244007499375591
2023-05-17,1.05180361755421,1.05180361755421,0,90.3,0.00493836593842933
2023-05-18,1.03992494842497,1.03992494842497,0,86.2,0.191337931883842
2023-05-19,1.10969820127125,1.10969820127125,1.53434622719151e-05,94.12,0.231948900314721
2023-05-22,1.12260083970882,1.12260083970882,0,87.86,0.215195512775371
2023-05-23,1.0743834207844,1.0743834207844,0,86.42,0.249229330749378
2023-05-24,1.14470029840315,1.14470029840315,0,89.06,0.391482305376826
2023-05-25,1.13576795706562,1.13576795706562,0,85.84,0.284931098167123
2023-05-26,1.14584245700898,1.14584245700898,0,95.58,0.189169990688966
2023-05-29,1.09647043491267,1.09647043491267,0,90.26,0.0543138250341731
2023-05-30,1.08515785179293,1.08515785179293,0,104.08,0.236676391965538
2023-05-31,1.06884257389312,1.06884257389312,0,90.12,0.250511014876805
2023-06-01,1.11350569767101,1.11350569767101,0,86.1,0.254306664347201
2023-06-02,1.1078614374357,1.1078614374357,0,97.52,0.26961172722117
2023-06-05,1.12624827214257,1.12624827214257,0,88.76,0.298459845108579
2023-06-06,1.15193464803789,1.15193464803789,0,94.18,0.341074800485036
2023-06-07,1.12118381861824,1.12118381861824,2.11849796489459e-05,101.62,0.274936894528383
2023-06-08,1.17178886538135,1.17178886538135,0,85.74,0.242439598213831
2023-06-09,1.15430732461625,1.15430732461625,0,84.62,0.365365955213812
2023-06-12,1.16367696806703,1.16367696806703,0,81.8,0.29997067314749
2023-06-13,1.19454696420338,1.19454696420338,0,84.92,0.356921747857831
2023-06-14,1.13807334097434,1.13807334097434,0,94.6,0.331079372874742
2023-06-15,1.20034005607256,1.20034005607256,0,91.06,0.0677691259238655
2023-06-16,1.182611812384,1.182611812384,0,89.14,0.199023075328291
2023-06-19,1.18699112312309,1.18699112312309,0,91.18,0.314694273051274
2023-06-20,1.22066479948086,1.22066479948086,2.01456662663291e-05,101.02,0.341321649527104
2023-06-21,1.17493395934567,1.17493395934567,1.96104302070146e-05,100.02,0.384118617534903
2023-06-26,1.22488056936232,1.22488056936232,0,91.24,0.338338945929595
2023-06-27,1.20753706304161,1.20753706304161,0,91.72,0.197795999095235
2023-06-28,1.17599474418945,1.17599474418945,0,94.56,0.308127153209073
2023-06-29,1.18401462195244,1.18401462195244,1.8827351053328e-05,95.8,0.161232531799017
2023-06-30,1.19772847461777,1.19772847461777,6.93889390390719e-20,90.64,0.240401632128086
2023-07-03,1.19400239119125,1.19400239119125,0,90.04,0.26353874878655
2023-07-04,1.19362724513552,1.19362724513552,0,86.14,0.3419649464412
2023-07-05,1.17564705753963,1.17564705753963,0,87.8,0.227392079446009
2023-07-06,1.18612258129353,1.18612258129353,0,90.06,0.149381395725552
2023-07-07,1.17290689602014,1.17290689602014,0,86.94,0.261664411373507
2023-07-10,1.19303283528095,1.19303283528095,2.05153103908824e-05,92.06,0.242521800873717
2023-07-11,1.1886354402583,1.1886354402583,2.77555756156287e-19,96.14,0.215136746780569
2023-07-12,1.21846318775426,1.21846318775426,2.29417947537587e-05,98.04,-0.231010599923436
2023-07-13,1.1848795746876,1.1848795746876,0,97.54,0.248860730816218
2023-07-14,1.20632753428585,1.20632753428585,2.10669268932286e-05,96.24,0.214790856887094
2023-07-17,1.22706307218749,1.22706307218749,2.27533925734167e-05,94.16,0.195101280970078
2023-07-18,1.22320872232532,1.22320872232532,2.44874631194411e-05,96.74,0.18210647739182
2023-07-19,1.21214633847561,1.21214633847561,2.3432235837982e-05,95.88,-0.0643383095499096
2023-07-20,1.23081580460194,1.23081580460194,0,95.8,-0.0664085413815904
2023-07-21,1.23810288670755,1.23810288670755,0,92.1,0.239426547261291
2023-07-24,1.25705346568993,1.25705346568993,0,91.92,0.184991073000461
2023-07-25,1.27366353514836,1.27366353514836,0,87.68,-0.0801608504899359
2023-07-26,1.22577088698551,1.22577088698551,2.33280148659876e-05,88.46,-0.0809829104460473
2023-07-27,1.19530249793924,1.19530249793924,0,89.94,-0.071095863904313
2023-07-28,1.10880816189392,1.10880816189392,0,96.04,-0.0814687197411829
2023-07-31,1.1432493415227,1.1432493415227,0,91.1,-0.0301110454728759
2023-08-01,1.15155963081805,1.15155963081805,0,89.06,-0.0401955169148355
2023-08-02,1.15468073009421,1.15468073009421,0,90.42,-0.0185741013093049
2023-08-03,1.19133149568806,1.19133149568806,0,86.34,-0.012216144891299
2023-08-04,1.16572396339937,1.16572396339937,2.03300032405937e-05,98.68,-0.0672527473449
2023-08-07,1.11310496393668,1.11310496393668,0,96.48,-0.00148857128009521
2023-08-08,1.14238622387273,1.14238622387273,0,97.76,0.0125939957179863
2023-08-09,1.12070685900063,1.12070685900063,0,90.18,0.0557469911875983
2023-08-10,1.13902620968084,1.13902620968084,0,86.66,0.0288598474910624
2023-08-11,1.13805971089056,1.13805971089056,0,84.8,-0.0104804402440489
2023-08-14,1.15918344035355,1.15918344035355,0,83.94,-0.0510854999908817
2023-08-15,1.14152745275379,1.14152745275379,0,88.18,0.0301875981712493
2023-08-16,1.15362221162173,1.15362221162173,0,84.66,0.0435378593119894
2023-08-17,1.13317734284684,1.13317734284684,0,84.76,0.0606496591818893
2023-08-18,1.15883876313695,1.15883876313695,0,84.2,0.0590190607948341
2023-08-21,1.10098875439176,1.10098875439176,0,90.92,0.0425471407514505
2023-08-22,1.12435444595118,1.12435444595118,0,86.2,0.0594180851727895
2023-08-23,1.14285038384519,1.14285038384519,0,84.62,0.0463259845712579
2023-08-24,1.16182661179561,1.16182661179561,0,84.48,0.068052751051523
2023-08-25,1.16506804446433,1.16506804446433,0,87.32,0.078020644034832
2023-08-28,1.19256301757189,1.19256301757189,0,84.44,0.140220354684462
2023-08-29,1.13661206750166,1.13661206750166,0,86.06,0.158861171541826
2023-08-30,1.13500624687118,1.13500624687118,0,85.68,0.133941335388416
2023-08-31,1.17106969795698,1.17106969795698,0,82.48,0.0682772277740162
2023-09-01,1.15373428453587,1.15373428453587,0,85.64,0.0801067138238271
2023-09-04,1.10966692700246,1.10966692700246,0,88.14,0.162271808916085
2023-09-05,1.11378910048031,1.11378910048031,0,95.44,0.028262496723285
2023-09-06,1.17286672064076,1.17286672064076,2.33966860192435e-05,92.14,0.11805265888542
2023-09-07,1.13567212529712,1.13567212529712,4.33680868994202e-21,89.92,0.0770246071011876
2023-09-08,1.15711631490486,1.15711631490486,2.16100208290744e-05,93.38,0.0947670955562238
2023-09-11,1.14833448381941,1.14833448381941,2.07377532488594e-05,93.36,-0.0229722623076579
2023-09-12,1.10534456693732,1.10534456693732,1.74547348100864e-05,91.78,0.01546919190117
2023-09-13,1.10567085734957,1.10567085734957,2.31233981987654e-05,91.5,-0.134252513219621
2023-09-14,1.05918438680418,1.05918438680418,0,90.8,-0.00173499669967484
2023-09-15,1.04752950441511,1.04752950441511,0,87.8,-0.071467448742527
2023-09-18,1.05037950919361,1.05037950919361,2.13307377274083e-05,94.08,-0.0202336052526371
2023-09-19,1.03957642729482,1.03957642729482,0,90.04,-0.072052652445945
2023-09-20,1.05894613113279,1.05894613113279,1.86222850164551e-05,91.14,-0.077552606982788
2023-09-21,1.07321625484932,1.07321625484932,0,88.84,0.0545193573895637
2023-09-22,1.08875637125803,1.08875637125803,0.00124165949479798,91.46,0.37269570720069
2023-09-25,1.09137173764202,1.09137173764202,0.00139088850885633,90.48,0.251540078069997
2023-09-26,1.07694518276752,1.07694518276752,2.19837262974081e-05,86.24,0.230395474298675
2023-09-27,1.11311151071584,1.11311151071584,0.00128571362965374,93.78,0.186673354824574
2023-09-28,1.07782320224773,1.07782320224773,0.00136292314640389,99.3,-0.0361715874809165
2023-10-09,1.12489403993609,1.12489403993609,0.00136950613786546,94.92,-0.0332244318345678
2023-10-10,1.12383857541475,1.12383857541475,2.53987071677496e-05,90.1,0.171044647755781
2023-10-11,1.10897336975223,1.10897336975223,0,87.82,0.152344136686653
2023-10-12,1.09211946509005,1.09211946509005,1.8757728113165e-05,93.62,0.156043841791087
2023-10-13,1.09192332829458,1.09192332829458,2.13743247074417e-05,88.82,0.172664012800802
2023-10-16,1.12287266426988,1.12287266426988,1.38777878078144e-19,86.22,0.14889779738835
2023-10-17,1.07950413655775,1.07950413655775,1.82837915704179e-05,92.16,0.180546832741148
2023-10-18,1.07818133241927,1.07818133241927,0.000820444390443498,98.62,0.144085625325792
2023-10-19,1.05366596664464,1.05366596664464,2.35935126260168e-05,94.44,0.196387454114296
2023-10-20,1.03272550624847,1.03272550624847,0,93.04,0.16207437252163
2023-10-23,1.01272316243831,1.01272316243831,0,89.8,0.149331132471659
2023-10-24,1.04999629874067,1.04999629874067,2.27455304277335e-05,91.06,0.167663759657337
2023-10-25,1.06631313350865,1.06631313350865,2.12954881151275e-05,92.28,0.153032176775491
2023-10-26,1.07968479622966,1.07968479622966,2.70150178240604e-05,97.92,0.198341632380709
2023-10-27,1.06343769025646,1.06343769025646,0.00126897768145898,101.02,0.237511256851834
2023-10-30,1.03593739188088,1.03593739188088,0.00122958991283574,102.7,0.259055431032371
2023-10-31,1.03393180917438,1.03393180917438,0.00133155997828344,104.12,0.165264162038814
2023-11-01,1.07302884271548,1.07302884271548,0.00129215858264237,98.4,0.152911808289829
2023-11-02,1.07074327932554,1.07074327932554,0.00129036614655264,96.46,0.208752307440664
2023-11-03,1.12736599002188,1.12736599002188,2.34388538832762e-05,93.38,0.277210126173759
2023-11-06,1.07869567929036,1.07869567929036,0,94.28,0.0833107912730707
2023-11-07,1.06795618774849,1.06795618774849,0,99.7,0.10455963376978
2023-11-08,1.10013564105972,1.10013564105972,0,96.78,0.113271888802284
2023-11-09,1.08452315356345,1.08452315356345,0.00121416106187857,103.46,0.219335809775031
2023-11-10,1.13621936900206,1.13621936900206,0.0013645762412312,100.46,0.191519253510119
2023-11-13,1.09173978244689,1.09173978244689,2.34408476514499e-05,95.72,0.23955830334003
2023-11-14,1.10104049593463,1.10104049593463,2.33978445407954e-05,96.34,0.242587414937244
2023-11-15,1.03798196430085,1.03798196430085,0.00129448474571262,102.5,0.240026726326091
2023-11-16,1.04815795410265,1.04815795410265,0.00129668132208141,107.32,0.20320478658662
2023-11-17,1.08939381789777,1.08939381789777,0.00122334872069287,105.54,0.0298950465151806
2023-11-20,1.07692159230881,1.07692159230881,0.00124862871434567,107.34,0.10766057328335
2023-11-21,1.10592505839174,1.10592505839174,0.00138288717284515,106.02,0.0883950255172645
2023-11-22,1.06773507130145,1.06773507130145,0.00142233875824442,104.32,0.186814198207005
2023-11-23,1.08890945057774,1.08890945057774,0.00138971231835962,100.96,0.191325646028024
2023-11-24,1.11317137888992,1.11317137888992,0.00140707121549198,100.76,0.152054007186674
2023-11-27,1.06654663102949,1.06654663102949,2.08182665470072e-05,96.32,0.184431267977372
2023-11-28,1.12722475418301,1.12722475418301,0.0014702799069629,102.42,0.239400752658742
2023-11-29,1.07554553517356,1.07554553517356,0.0014368060632941,102.08,0.248565853049985
2023-11-30,1.08711040311072,1.08711040311072,0.00138686000534144,97.54,0.274856533075617
2023-12-01,1.07765784742897,1.07765784742897,0.00142439529075967,98.52,0.121763066002492
2023-12-04,1.08616377371842,1.08616377371842,0.00142142828541381,99.58,0.126565341672339
2023-12-05,1.07494587739918,1.07494587739918,0.00139780961373653,99.76,0.26127042926947
2023-12-06,1.06265746074614,1.06265746074614,0.00139751757983913,96.8,0.1680569805023
2023-12-07,1.08123634072956,1.08123634072956,0.00141036410170159,99.5,0.10276252835194
2023-12-08,1.08869489354652,1.08869489354652,0.00144832024142728,99.24,0.132605068279479
2023-12-11,1.08948356567192,1.08948356567192,0.00139988674493684,101.44,0.171177718054308
2023-12-12,1.09017451172532,1.09017451172532,2.34740731047256e-05,101.3,0.270493459289253
2023-12-13,1.0967496610839,1.0967496610839,0.00133255669654487,108.42,0.234352368547209
2023-12-14,1.10564736211014,1.10564736211014,0.00139189398374912,104.14,0.197429799568745
2023-12-15,1.11494654865274,1.11494654865274,0.00139116979979333,104.1,0.260053609903239
2023-12-18,1.08917954088041,1.08917954088042,0.0014387039027284,106.34,0.223257242758268
2023-12-19,1.10599956218942,1.10599956218942,0.00144510458214389,99.1,0.294454593700046
2023-12-20,1.10758189688227,1.10758189688227,0.00144865657842882,100.72,0.248125155312857
2023-12-21,1.09132329174919,1.09132329174919,0.00145233852444339,99.06,0.367574502512031
2023-12-22,1.08850849342244,1.08850849342244,0.00143606406373758,99.9,0.225836114490303
2023-12-25,1.07398309821655,1.07398309821655,0.00139383859038199,103.62,0.180704337845816
2023-12-26,1.05289961794034,1.05289961794034,0.00141518233627676,100.18,0.198251062171914
2023-12-27,1.04102135399764,1.04102135399764,0.00133748789623961,100.34,0.163242974106084
2023-12-28,1.01513727738996,1.01513727738996,0.0013370461334683,96.56,0.212942412703471
2023-12-29,1.04251539681011,1.04251539681011,1.77841347200407e-05,93.54,0.186021196521089
2024-01-02,0.994454164228849,0.994454164228849,0.00128844478674108,97.9,0.121438461807064
2024-01-03,0.979701854767986,0.979701854767986,2.13256237058075e-05,99.44,0.0654033923368222
2024-01-04,0.96487203412118,0.96487203412118,0.00117448896702529,102.86,0.0351192126218326
2024-01-05,0.969694357094184,0.969694357094184,0.00124978356064218,98.22,-0.0114162518621539
2024-01-08,0.963357909960971,0.963357909960971,0.00124804271698517,96.68,0.0743765810881171
2024-01-09,0.955656771200026,0.955656771200026,0.00121212553539327,100.78,0.0767442588840036
2024-01-10,0.958690301978209,0.958690301978209,0.00118462736897439,103.96,0.0603963631652794
2024-01-11,0.977797278566795,0.977797278566795,0.00121127974876739,106.02,0.0929519063885686
2024-01-12,0.956017573178005,0.956017573178005,0.00119909960944828,102.02,0.0978594861522142
2024-01-15,0.927488602531257,0.927488602531257,2.03510642069228e-05,103.5,0.0767324088016329
2024-01-16,0.940152459545145,0.940152459545145,0.00110034048396498,102.82,0.046911713843787
2024-01-17,0.986229017788084,0.986229017788084,0.0012337642170089,105.46,0.0660391505137165
2024-01-18,1.02669990936192,1.02669990936192,0.00120271174862238,104.08,0.0517967514959193
2024-01-19,1.0339204797283,1.0339204797283,4.37754012278545e-05,91.32,0.0120309152237394
2024-01-22,1.01680903869465,1.01680903869465,0,92.72,0.201102973751299
2024-01-23,1.01752744733727,1.01752744733727,0.00129800623885869,105.46,-0.0163993389413317
2024-01-24,1.00450623426971,1.00450623426971,0.00125642705539387,106.8,-0.119894032584834
2024-01-25,1.01717944688963,1.01717944688963,0.00124419553675241,100.24,0.150315291636492
2024-01-26,1.01840050732309,1.01840050732309,0.00135118574888537,98.88,0.28274982634421
2024-01-29,0.977508809196808,0.977508809196808,0.00119136407896212,102.96,0.294452623274336
2024-01-30,0.981339943331297,0.981339943331297,0.00134919309333107,100.64,0.330229680070106
2024-01-31,0.991814045263985,0.991814045263985,0.0013270915386513,100.36,0.283865724160541
2024-02-01,0.966912312871726,0.966912312871726,0.0012820430247309,111.94,0.180062713591893
2024-02-02,0.960724496544596,0.960724496544596,0.00118498807390034,107.3,0.120428069385525
2024-02-05,0.974499115304986,0.974499115304986,0.00126704163490884,108.9,0.136004089998566
2024-02-06,1.0235733548563,1.0235733548563,1.99389182335572e-05,98.56,0.145428341159593
2024-02-07,1.04502116026973,1.04502116026973,0,93.12,0.147444354157795
2024-02-08,1.03562549175866,1.03562549175866,2.51005581144776e-05,99.16,0.184749787691108
2024-02-19,1.05394115041041,1.05394115041041,0.00118296720648402,95.38,0.158044241813215
2024-02-20,1.03289914946124,1.03289914946124,2.09915403282517e-05,91.9,0.160537447997156
2024-02-21,1.02835225321866,1.02835225321866,0.00125585291217221,102.2,0.152009616532488
2024-02-22,0.996006950512384,0.996006950512384,0,93.62,0.116038723612247
2024-02-23,1.02636828761572,1.02636828761572,0,92.2,0.0978083692769404
2024-02-26,1.00348736738415,1.00348736738415,2.29818559602511e-05,107.34,0.0955438327055038
2024-02-27,1.01313751483151,1.01313751483151,0,102.64,0.116782413683516
2024-02-28,1.01531508707904,1.01531508707904,2.2300850955948e-05,100.66,0.227733626519506
2024-02-29,1.00927686917823,1.00927686917823,2.41524811850763e-05,100.68,0.140346067702592
2024-03-01,0.986948457185722,0.986948457185722,2.26152915316937e-05,96.86,0.111128138642889
2024-03-04,0.986711607807959,0.986711607807959,0.00123479691048569,98.86,0.192983987012877
2024-03-05,0.988079213199838,0.988079213199838,0.00106270645214455,104.6,0.246313303613491
2024-03-06,0.958548115812491,0.958548115812491,0.00125489966220408,99.26,0.336291509935282
2024-03-07,0.992094577212443,0.992094577212443,0.00132620876140027,104.4,0.305478362149117
2024-03-08,0.97542891905979,0.97542891905979,0.00120136339011547,104.46,0.324488705363566
2024-03-11,0.987042490335649,0.987042490335649,0.000259249049774726,96.46,0.27870189393838
2024-03-12,0.94227859741676,0.94227859741676,2.36088673232283e-05,96.84,0.267965567906849
2024-03-13,0.936076479889683,0.936076479889683,2.12821188899418e-05,93.54,0.32374818382807
2024-03-14,0.965945901569281,0.965945901569281,0.00103475885686325,99.66,0.275761524567331
2024-03-15,0.944033626739259,0.944033626739259,0,96.04,0.300197360616302
2024-03-18,0.94637973201123,0.94637973201123,0.00115448513834187,97,0.288989025228926
2024-03-19,0.962279000920065,0.962279000920065,1.96959660229335e-05,97.62,0.229261381199692
2024-03-20,0.977706566893042,0.977706566893042,1.97416011729082e-05,94.16,0.190278493301121
2024-03-21,0.962356652584859,0.962356652584859,1.98922562814827e-05,96.22,0.190634969736581
2024-03-22,1.00096461506532,1.00096461506532,2.14709116101857e-05,95.28,0.242579301955509
2024-03-25,0.988395616012944,0.988395616012944,1.89359398283406e-05,98.18,0.386221142340325
2024-03-26,0.961139812945152,0.961139812945152,1.93928550344347e-05,98.86,0.2452648554281
2024-03-27,0.955066679598832,0.955066679598832,1.9136295411446e-05,100.56,0.281375373375231
2024-03-28,1.00984423287644,1.00984423287644,0,98.64,0.272711522913321
2024-03-29,1.02204523208803,1.02204523208803,2.2754225020616e-05,98.14,0.235068709927422
2024-04-01,0.986260792697637,0.986260792697637,0,92.02,0.321124529344198
2024-04-02,0.977934682333357,0.977934682333356,1.95728755754443e-05,100.86,0.349993242683418
2024-04-03,0.978961157643025,0.978961157643025,2.02358471996852e-05,99.42,0.346872162663644
2024-04-08,0.990890866568685,0.990890866568685,2.11732841384522e-05,96.7,0.264375891048889
2024-04-09,1.01475363355651,1.01475363355651,0,92.48,0.189088864367356
2024-04-10,1.04554054066102,1.04554054066102,0,91.54,0.116616219084883
2024-04-11,1.05382222996095,1.05382222996095,0,90.18,0.206303696421893
2024-04-12,1.0207989516831,1.0207989516831,0,90.32,0.00363054733463732
2024-04-15,1.04328953145846,1.04328953145846,1.13332998475807e-05,93.5,-0.0737225809077209
2024-04-16,1.06223301859982,1.06223301859982,2.12031965189831e-05,104.1,0.0042656908575566
2024-04-17,1.02174634887464,1.02174634887464,0,109.06,0.0187529012408326
2024-04-18,1.01808881572613,1.01808881572613,0,101.54,0.332955241216012
2024-04-19,1.02904509867477,1.02904509867477,0,96.28,0.121814475069814
2024-04-22,1.04099112963183,1.04099112963183,2.51405556545201e-05,94.1,0.0953287214722904
2024-04-23,1.04844073349184,1.04844073349184,2.45574728215372e-05,102.8,0.109745700853903
2024-04-24,1.04829458562679,1.04829458562679,0.00135364171139203,105.96,0.110417707387931
2024-04-25,1.02205939489936,1.02205939489936,0,101.14,0.111993070413058
2024-04-26,1.00560359875174,1.00560359875174,1.81511708548548e-05,104.5,0.0923513443942589
2024-04-29,1.01022571641047,1.01022571641047,0.0011791435463164,110.3,0.0994189389471889
2024-04-30,1.0323895875094,1.0323895875094,0.00126520032010941,109.48,0.146696293325823
2024-05-06,1.03479134651068,1.03479134651068,2.27462030912828e-05,102.58,0.102958263710127
2024-05-07,1.02590088104132,1.02590088104132,0.00120508614195217,106.38,0.103317514136313
2024-05-08,1.03731589015509,1.03731589015509,2.09010551291162e-05,105.5,0.0914901123071541
2024-05-09,1.03256597336208,1.03256597336208,2.19682849624395e-05,103.46,0.11618111210852
2024-05-10,1.05158663571204,1.05158663571204,2.26912446400666e-05,98.64,0.123687157425848
2024-05-13,1.03505752066887,1.03505752066887,0.0012507940541419,101.74,0.0850403903692461
2024-05-14,1.04795911871434,1.04795911871434,0.00123881083269864,103.12,0.120893940164295
2024-05-15,1.04331424156653,1.04331424156653,2.08069397491333e-05,104.98,0.130754682837085
2024-05-16,1.05064388202645,1.05064388202645,2.23024296202649e-05,106.86,0.0910416036419367
2024-05-17,1.02020091012488,1.02020091012488,0,103.28,0.0828316375949886
2024-05-20,1.01042130266492,1.01042130266492,0.00125345922162491,108.9,0.0748127280784691
2024-05-21,1.01980519568714,1.01980519568714,0.00128383583776566,108.44,0.0937326043557644
2024-05-22,1.01705911813517,1.01705911813517,0.00125511806417718,109.44,0.073741937237836
2024-05-23,1.0195380594978,1.0195380594978,0.00124534750995438,106.3,0.0838164207360903
2024-05-24,1.03652866512149,1.03652866512149,0.00132604286644459,107.6,0.0838362809228816
2024-05-27,1.02647438365157,1.02647438365157,0.00130680444536962,103.46,0.112544911668319
2024-05-28,1.03388135738443,1.03388135738443,0.00132709165083267,107.46,0.166246472940622
2024-05-29,0.996707269221582,0.996707269221582,0.00118886877218853,108.28,0.199365076727405
2024-05-30,1.0082256195737,1.0082256195737,0.00123721009451832,109.86,0.0875773713789935
2024-05-31,0.985237157218985,0.985237157218985,0.00123071727378609,107.52,0.318031424295149
2024-06-03,1.02387100899838,1.02387100899838,2.54862794835111e-05,95,0.0942442118465035
2024-06-04,1.00726411382485,1.00726411382485,2.46578515468838e-05,96.84,0.329748805791481
2024-06-05,1.03242829010082,1.03242829010082,0.00127595273822787,95.48,0.27097055686399
2024-06-06,1.03589520726571,1.03589520726571,0.00129166736271183,97.1,0.295124515783727
2024-06-07,1.00200635558229,1.00200635558229,0.00124075112780934,95.4,0.307641724776928
2024-06-11,1.01326365654461,1.01326365654461,0.00127877593207731,100.28,0.301209704525773
2024-06-12,0.994729783173954,0.994729783173954,0.00119076715400328,102.94,0.3097621547568
2024-06-13,0.99442005669899,0.99442005669899,0.00119273485147974,101.62,0.304936724758405
2024-06-14,0.960560403764411,0.960560403764411,0.00113051979150254,98.46,0.25518507473064
2024-06-17,1.02532784413926,1.02532784413926,0.00130426564770281,96.8,0.265886761595883
2024-06-18,0.993667412348986,0.993667412348986,0.00122572018554971,97.84,0.248113703549333
2024-06-19,0.993894794897629,0.993894794897629,0.00125824383237524,97.2,0.202215747181669
2024-06-20,0.981547930859039,0.981547930859039,2.24681560774363e-05,100.76,0.277208428635882
2024-06-21,1.02123286702191,1.02123286702191,1.79732864479071e-05,96.14,0.216995820993034
2024-06-24,1.0408458945444,1.0408458945444,0.00120781727407533,96,0.257049696223808
2024-06-25,0.986219024480281,0.986219024480281,0.00111161507671236,100.62,0.271423247931336
2024-06-26,1.00756076841938,1.00756076841938,0.00116901541973014,94.2,0.246688370109664
2024-06-27,1.03744686181234,1.03744686181234,0.00106222054955205,94.38,0.352929660938455
2024-06-28,1.03434581174516,1.03434581174516,0.00120378928982382,98.74,0.364409444616871
2024-07-01,1.02638442318662,1.02638442318662,0.00119935555163765,95.38,0.303554126185536
2024-07-02,1.05216647880606,1.05216647880606,0.00127458573303376,93.98,0.333606234803683
2024-07-03,1.06495934318982,1.06495934318982,0.00130657907674558,92.86,0.367198619747024
2024-07-04,1.09044643002613,1.09044643002613,0.00133069600349749,91.42,0.316888012686037
2024-07-05,1.0722799239946,1.0722799239946,0.00134352493012508,93.62,0.304781556136237
2024-07-08,1.00218551957047,1.00218551957047,0.00124625158611066,102.28,0.288752769549606
2024-07-09,1.05908746387574,1.05908746387574,0.00129190921044542,96.46,0.31606132380506
2024-07-10,1.07341957169031,1.07341957169031,0.00132318992578595,98.22,0.318924568796143
2024-07-11,1.06870544513618,1.06870544513618,0.00135218264430822,100.48,0.327503583571257
2024-07-12,1.05199359173565,1.05199359173565,0.00131186367428729,98.86,0.298350942176779
2024-07-15,1.03819589466059,1.03819589466059,2.46923004321393e-05,96.28,0.299853698055351
2024-07-16,1.0171934054313,1.0171934054313,2.31339742928877e-05,93.44,0.236827602361745
2024-07-17,1.03533065012218,1.03533065012218,0.00112271073102168,97.3,0.202008412486658
2024-07-18,1.02983115417844,1.02983115417844,0.00127542723559452,99.6,0.201662381232618
2024-07-19,1.02039782987668,1.02039782987668,0.00125365799204676,99.36,0.201802554647339
2024-07-22,1.02082808291313,1.02082808291313,0.00127858356018566,103.4,0.229176861028934
2024-07-23,1.04013968007845,1.04013968007845,0.00123473439272235,104.78,0.222083514450602
2024-07-24,1.01317690595473,1.01317690595473,0.00134872554393963,100.5,0.221994916298662
2024-07-25,1.03893164370179,1.03893164370179,0.00128949182502994,98.92,0.262543782275393
2024-07-26,1.02339339250917,1.02339339250917,0.00132311421395973,99.9,0.283487706555174
2024-07-29,1.02397911643186,1.02397911643186,0.00128117927322541,98.98,0.226875976051304
2024-07-30,1.04109935324645,1.04109935324645,0.00127406097645643,94.44,0.214523509137931
2024-07-31,1.01466453060609,1.01466453060609,2.43419934451283e-05,92.6,0.254121121118833
2024-08-01,0.998399350107377,0.998399350107377,2.53300845332799e-05,97.5,0.259799103303059
2024-08-02,0.974951102424681,0.974951102424681,0.00119439718368832,98.16,0.230148309828912
2024-08-05,0.97685828876579,0.97685828876579,2.36363483500214e-05,96.92,0.313103604169856
2024-08-06,1.00335831014547,1.00335831014547,2.53369617271877e-05,94.34,0.308289684189151
2024-08-07,0.9975013763717,0.9975013763717,0.00113699266788109,98.96,0.288912989378541
2024-08-08,1.03017509368342,1.03017509368342,0.00129800363220765,96.3,0.276855313189744
2024-08-09,1.02822677785666,1.02822677785666,2.35018872410583e-05,91.38,0.290500404774654
2024-08-12,1.03119852905734,1.03119852905734,0.00116442593216653,99.22,0.285455566465211
2024-08-13,1.02563859872998,1.02563859872998,0.0013334237240429,100.54,0.270337972220121
2024-08-14,1.04936592765214,1.04936592765214,0.0013525228316569,97.74,0.256279149994557
2024-08-15,1.0662546720339,1.0662546720339,0.00136311989421594,94.66,0.281691592177238
2024-08-16,1.08482067028352,1.08482067028352,0.00136510816203783,91.08,0.294711606106559
2024-08-19,1.1025545129303,1.1025545129303,0.00138844456840448,90.24,0.295014027893892
2024-08-20,1.08199601478798,1.08199601478798,0.00137503652882862,94.86,0.292457075103841
2024-08-21,1.10078818566292,1.10078818566292,2.39432660519408e-05,87.02,0.320603351690952
2024-08-22,1.10967802763528,1.10967802763528,2.44915612412987e-05,88.7,0.28708358356289
2024-08-23,1.14341623589883,1.14341623589883,0.00141317572321355,87.92,0.30627222696425
2024-08-26,1.12445563969841,1.12445563969841,0.00135280373372476,95.16,0.316409606220115
2024-08-27,1.09820519169437,1.09820519169437,0.00139199235843972,98.62,0.274222160042327
2024-08-28,1.04334607488498,1.04334607488498,0.00133798811494842,98.1,0.274157258820044
2024-08-29,1.05813298792439,1.05813298792439,0.00135210927649575,96.66,0.294389089611193
2024-08-30,1.08778327910132,1.08778327910132,2.2885009997456e-05,93.2,0.318227208444074
2024-09-02,1.06535507917756,1.06535507917756,2.27654873225989e-05,92.74,0.310512231529775
2024-09-03,1.08609107301973,1.08609107301973,2.41162450404599e-05,91.02,0.316089109793752
2024-09-04,1.09990801337508,1.09990801337508,1.84171413297e-05,89.98,0.332040141714168
2024-09-05,1.05835193270787,1.05835193270787,1.55836725168976e-05,97.64,0.192679579013419
2024-09-06,1.12187528716584,1.12187528716584,1.38314182399514e-05,93.24,0.267272858500604
2024-09-09,1.13908872481184,1.13908872481184,1.65320742213032e-05,91.12,0.315385990251063
2024-09-10,1.14055766558147,1.14055766558147,0.00141437319473456,90.38,0.343069267792813
2024-09-11,1.10274574020483,1.10274574020483,0,91.12,0.262566283162319
2024-09-12,1.08098606709948,1.08098606709948,0,87,0.279823718384655
2024-09-13,1.09870391545399,1.09870391545399,0.00132504816028012,93.72,0.316897311471001
2024-09-18,1.0934023722614,1.0934023722614,1.51855036474837e-05,94.88,0.21521054473634
2024-09-19,1.11350785726493,1.11350785726493,1.77563641241114e-05,94.18,0.291267620489381
2024-09-20,1.10215511874264,1.10215511874264,0.001415416663293,93.72,0.280332144625073
2024-09-23,1.08718870224599,1.08718870224599,0.00141553147203331,98.3,0.28312512316259
2024-09-24,1.13668003257907,1.13668003257907,1.84042357360558e-05,91.98,0.290043312168324
2024-09-25,1.15230015606725,1.15230015606725,0.00151202012610969,92.86,0.283240230094875
2024-09-26,1.17458886656434,1.17458886656434,1.84466032985183e-05,91.46,0.273453752349547
2024-09-27,1.15982304016177,1.15982304016177,0.00149170373898661,91.34,0.347847090717551
2024-09-30,1.15065274224241,1.15065274224241,0.00148172188271199,94.7,0.379306387682259
2024-10-08,1.15698225849115,1.15698225849115,0.00146221859560749,96.32,0.303020283387722
2024-10-09,1.16178739542404,1.16178739542404,0.00141195571983816,96.22,0.440521709905139
2024-10-10,1.17816339541858,1.17816339541858,0.00150672198460432,94.64,0.389132032328011
2024-10-11,1.18608538491248,1.18608538491248,0.00151316857037622,93,0.331542959956876
2024-10-14,1.14310903598418,1.14310903598418,0.00145702834550708,96.5,0.319766727334516
2024-10-15,1.1321458222991,1.1321458222991,0.00147688032516129,100.04,0.372707737410429
2024-10-16,1.0772452680676,1.0772452680676,2.28898943394837e-05,100.12,0.306678195216801
2024-10-17,1.12077015059348,1.12077015059348,0.00141342265610132,98.14,0.267282320578646
2024-10-18,1.11984194190336,1.11984194190336,2.66704716691139e-05,97.04,0.351353904637912
2024-10-21,1.09037127986126,1.09037127986126,0.00144770292112469,102.62,0.254838282082305
2024-10-22,1.06794710593011,1.06794710593011,0.00146117122551919,102.04,0.392369863883286
2024-10-23,1.05300602393067,1.05300602393067,2.64528141836091e-05,94.74,0.3315817574463
2024-10-24,1.07640701767581,1.07640701767581,0.00140461683550602,104.04,0.36903931163693
2024-10-25,1.02191775726028,1.02191775726028,0.00130689573505623,105.16,0.362344682129155
2024-10-28,1.04888674735503,1.04888674735503,2.83694889099121e-05,102.36,0.355531565339955
2024-10-29,1.09614794816362,1.09614794816362,0.00145002958276413,102.84,0.338021386116001
2024-10-30,1.07896292328961,1.07896292328961,0.00147045480660975,100.38,0.305625264513038
2024-10-31,1.02636796997492,1.02636796997492,0.00138235674448748,104.16,0.333057131773927
2024-11-01,1.04789657876661,1.04789657876661,0.00141494041103396,102.02,0.364799523867266
2024-11-04,1.06956243065816,1.06956243065816,0.00146163889194107,104.6,0.373373753034773
2024-11-05,1.04145591038036,1.04145591038036,2.21943675441057e-05,101.64,0.26062749920702
2024-11-06,1.03858386379455,1.03858386379455,2.29093493337804e-05,102.42,0.309295005029142
2024-11-07,1.02291813207146,1.02291813207146,0.00138207372863308,107.4,0.27780510177515
2024-11-08,0.985884984264638,0.985884984264638,0.00136222282137763,110.38,0.298273383994379
2024-11-11,1.02587953754579,1.02587953754579,0.00140882890633419,115.3,0.3830234842014
2024-11-12,1.00449667257015,1.00449667257015,0.00136740030871872,112.68,0.458139015011333
2024-11-13,1.01664234894858,1.01664234894858,2.39277284509678e-05,105.16,0.421203581812937
2024-11-14,1.01704066744535,1.01704066744535,0.00136196530926672,107.44,0.424890908869778
2024-11-15,0.997321694335829,0.997321694335829,0.00124984544669942,106.52,0.322263213236602
2024-11-18,1.01502577102039,1.01502577102039,0.00129806146289385,101.98,0.392353258377184
2024-11-19,1.00324616754459,1.00324616754459,0,98.22,0.344242849143639
2024-11-20,0.973627292913636,0.973627292913636,1.99476810008822e-05,104.74,0.352345309464099
2024-11-21,1.0214141080873,1.0214141080873,2.37220833231668e-05,98.08,0.432636709360842
2024-11-22,0.998358209342431,0.998358209342431,0.00126743752324072,100.18,0.372713284537221
2024-11-25,1.02456348124455,1.02456348124455,0.00134908580334005,94.04,0.373813934547502
2024-11-26,1.01100071545313,1.01100071545313,0.00120217833985482,101.14,0.404532076692714
2024-11-27,1.02109845972668,1.02109845972668,0.00129415098911258,100.3,0.359420697082072
2024-11-28,1.01022236510754,1.01022236510754,2.79863607509109e-05,105.14,0.403663516999874
2024-11-29,1.00628191162991,1.00628191162991,0.00129158962595207,100.94,0.3832694958304
2024-12-02,0.999391018378848,0.999391018378848,2.89172812515592e-05,104.08,0.345001500496028
2024-12-03,0.995176679038189,0.995176679038189,0,97.7,0.347115697711438
2024-12-04,1.00003153915554,1.00003153915554,0.00121188519755347,105.68,0.389202711274864
2024-12-05,1.00382802453628,1.00382802453628,0.00124263876355678,104.66,0.390335387384497
2024-12-06,0.991287885157287,0.991287885157287,0.0012037871403024,100.4,0.377694849982384
2024-12-09,1.01753382287711,1.01753382287711,0.00126653380337998,110.62,0.242627594291205
2024-12-10,0.961368744814848,0.961368744814848,0,104.68,0.240109487035224
2024-12-11,0.971343697607092,0.971343697607092,0,93.22,0.267087803672238
2024-12-12,0.914662780186374,0.914662780186374,0,102.32,0.208592891093116
2024-12-13,0.944003450778946,0.944003450778946,0,100.72,0.285069984418936
2024-12-16,0.947910573521003,0.947910573521003,0.00105674925408452,113.9,0.311177146230391
2024-12-17,0.926863746200322,0.926863746200322,0.00101371256826624,109.46,0.275344324800271
2024-12-18,0.927622821889766,0.927622821889766,0,93.56,0.349318548536611
2024-12-19,0.90302614005163,0.90302614005163,0,96.28,0.380238378931584
2024-12-20,0.914847028513111,0.914847028513111,1.74870379630153e-05,96.52,0.327113899831483
2024-12-23,0.912659022694731,0.912659022694731,0.00114504683697386,111.06,0.309760681529763
2024-12-24,0.919332038121448,0.919332038121448,0,100.64,0.354584433590869
2024-12-25,0.901585494999197,0.901585494999197,0,98.02,0.360671507768797
2024-12-26,0.901121545426072,0.901121545426072,0,100.08,0.310889867652814
2024-12-27,0.868068836586773,0.868068836586773,0,101.62,0.325279130301732
2024-12-30,0.858755791215271,0.858755791215271,0,104.74,0.333614232931785
2024-12-31,0.867488063735096,0.867488063735096,0,110.56,0.331748104035514
2025-01-02,0.877170844107224,0.877170844107224,0,102.64,0.345689245792335
2025-01-03,0.857112649861448,0.857112649861448,0,99.8,0.346443999333352
2025-01-06,0.871862750561726,0.871862750561726,0,92.72,0.387530013308644
2025-01-07,0.900493020621079,0.900493020621079,1.98486172944311e-05,97.18,0.294706613072643
2025-01-08,0.887164008298988,0.887164008298988,1.96054987807442e-05,97.16,0.217206458258124
2025-01-09,0.876990251347899,0.876990251347899,0,97.9,0.250846836968212
2025-01-10,0.898157067887967,0.898157067887967,0,99.82,0.298907249753486
2025-01-13,0.897868370330539,0.897868370330539,0,99.64,0.23472390888667
2025-01-14,0.897532205525396,0.897532205525396,0,108.06,0.207638933518435
2025-01-15,0.920993920394094,0.920993920394094,0,98.9,0.305909691070021
2025-01-16,0.916467834097186,0.916467834097186,0,101.1,0.229352513170847
2025-01-17,0.897468653950792,0.897468653950792,1.85562730047903e-05,109.04,0.265546469960116
2025-01-20,0.878746221493109,0.878746221493109,1.31107522450758e-05,106.88,0.334117001522359
2025-01-21,0.882861255667499,0.882861255667499,1.9799513459343e-05,99.66,0.310660259953674
2025-01-22,0.904509382589877,0.904509382589877,1.88723349615046e-05,102.18,0.337105659923961
2025-01-23,0.896107379091893,0.896107379091893,0.000566756515266835,101.74,0.368989019344395
2025-01-24,0.906709684334037,0.906709684334037,0.00119547784825455,105.54,0.277582752354145
2025-01-27,0.931125760493735,0.931125760493735,0,94.4,0.266575866449013
