,date,X601857.SH,X600028.SH,X601088.SH,X600585.SH,X600011.SH,X600019.SH,X601898.SH,X601991.SH,X600111.SH,X601600.SH,X600362.SH,X600010.SH,X600188.SH,X600886.SH,X600795.SH,X600309.SH,X600027.SH,X600489.SH,X600547.SH,X600660.SH
1,2014-10-15,NA,NA,NA,NA,NA,NA,NA,NA,NA,NA,NA,NA,NA,NA,NA,NA,NA,NA,NA,NA
2,2014-10-16,NA,NA,NA,NA,NA,NA,NA,NA,NA,NA,NA,NA,NA,NA,NA,NA,NA,NA,NA,NA
3,2014-10-17,NA,NA,NA,NA,NA,NA,NA,NA,NA,NA,NA,NA,NA,NA,NA,NA,NA,NA,NA,NA
4,2014-10-20,NA,NA,NA,NA,NA,NA,NA,NA,NA,NA,NA,NA,NA,NA,NA,NA,NA,NA,NA,NA
5,2014-10-21,NA,NA,NA,NA,NA,NA,NA,NA,NA,NA,NA,NA,NA,NA,NA,NA,NA,NA,NA,NA
6,2014-10-22,NA,NA,NA,NA,NA,NA,NA,NA,NA,NA,NA,NA,NA,NA,NA,NA,NA,NA,NA,NA
7,2014-10-23,NA,NA,NA,NA,NA,NA,NA,NA,NA,NA,NA,NA,NA,NA,NA,NA,NA,NA,NA,NA
8,2014-10-24,NA,NA,NA,NA,NA,NA,NA,NA,NA,NA,NA,NA,NA,NA,NA,NA,NA,NA,NA,NA
9,2014-10-27,NA,NA,NA,NA,NA,NA,NA,NA,NA,NA,NA,NA,NA,NA,NA,NA,NA,NA,NA,NA
10,2014-10-28,NA,NA,NA,NA,NA,NA,NA,NA,NA,NA,NA,NA,NA,NA,NA,NA,NA,NA,NA,NA
11,2014-10-29,NA,NA,NA,NA,NA,NA,NA,NA,NA,NA,NA,NA,NA,NA,NA,NA,NA,NA,NA,NA
12,2014-10-30,NA,NA,NA,NA,NA,NA,NA,NA,NA,NA,NA,NA,NA,NA,NA,NA,NA,NA,NA,NA
13,2014-10-31,NA,NA,NA,NA,NA,NA,NA,NA,NA,NA,NA,NA,NA,NA,NA,NA,NA,NA,NA,NA
14,2014-11-03,NA,NA,NA,NA,NA,NA,NA,NA,NA,NA,NA,NA,NA,NA,NA,NA,NA,NA,NA,NA
15,2014-11-04,NA,NA,NA,NA,NA,NA,NA,NA,NA,NA,NA,NA,NA,NA,NA,NA,NA,NA,NA,NA
16,2014-11-05,NA,NA,NA,NA,NA,NA,NA,NA,NA,NA,NA,NA,NA,NA,NA,NA,NA,NA,NA,NA
17,2014-11-06,NA,NA,NA,NA,NA,NA,NA,NA,NA,NA,NA,NA,NA,NA,NA,NA,NA,NA,NA,NA
18,2014-11-07,NA,NA,NA,NA,NA,NA,NA,NA,NA,NA,NA,NA,NA,NA,NA,NA,NA,NA,NA,NA
19,2014-11-10,NA,NA,NA,NA,NA,NA,NA,NA,NA,NA,NA,NA,NA,NA,NA,NA,NA,NA,NA,NA
20,2014-11-11,NA,NA,NA,NA,NA,NA,NA,NA,NA,NA,NA,NA,NA,NA,NA,NA,NA,NA,NA,NA
21,2014-11-12,NA,NA,NA,NA,NA,NA,NA,NA,NA,NA,NA,NA,NA,NA,NA,NA,NA,NA,NA,NA
22,2014-11-13,NA,NA,NA,NA,NA,NA,NA,NA,NA,NA,NA,NA,NA,NA,NA,NA,NA,NA,NA,NA
23,2014-11-14,NA,NA,NA,NA,NA,NA,NA,NA,NA,NA,NA,NA,NA,NA,NA,NA,NA,NA,NA,NA
24,2014-11-17,NA,NA,NA,NA,NA,NA,NA,NA,NA,NA,NA,NA,NA,NA,NA,NA,NA,NA,NA,NA
25,2014-11-18,NA,NA,NA,NA,NA,NA,NA,NA,NA,NA,NA,NA,NA,NA,NA,NA,NA,NA,NA,NA
26,2014-11-19,NA,NA,NA,NA,NA,NA,NA,NA,NA,NA,NA,NA,NA,NA,NA,NA,NA,NA,NA,NA
27,2014-11-20,NA,NA,NA,NA,NA,NA,NA,NA,NA,NA,NA,NA,NA,NA,NA,NA,NA,NA,NA,NA
28,2014-11-21,NA,NA,NA,NA,NA,NA,NA,NA,NA,NA,NA,NA,NA,NA,NA,NA,NA,NA,NA,NA
29,2014-11-24,NA,NA,NA,NA,NA,NA,NA,NA,NA,NA,NA,NA,NA,NA,NA,NA,NA,NA,NA,NA
30,2014-11-25,NA,NA,NA,NA,NA,NA,NA,NA,NA,NA,NA,NA,NA,NA,NA,NA,NA,NA,NA,NA
31,2014-11-26,NA,NA,NA,NA,NA,NA,NA,NA,NA,NA,NA,NA,NA,NA,NA,NA,NA,NA,NA,NA
32,2014-11-27,NA,NA,NA,NA,NA,NA,NA,NA,NA,NA,NA,NA,NA,NA,NA,NA,NA,NA,NA,NA
33,2014-11-28,NA,NA,NA,NA,NA,NA,NA,NA,NA,NA,NA,NA,NA,NA,NA,NA,NA,NA,NA,NA
34,2014-12-01,NA,NA,NA,NA,NA,NA,NA,NA,NA,NA,NA,NA,NA,NA,NA,NA,NA,NA,NA,NA
35,2014-12-02,NA,NA,NA,NA,NA,NA,NA,NA,NA,NA,NA,NA,NA,NA,NA,NA,NA,NA,NA,NA
36,2014-12-03,NA,NA,NA,NA,NA,NA,NA,NA,NA,NA,NA,NA,NA,NA,NA,NA,NA,NA,NA,NA
37,2014-12-04,NA,NA,NA,NA,NA,NA,NA,NA,NA,NA,NA,NA,NA,NA,NA,NA,NA,NA,NA,NA
38,2014-12-05,NA,NA,NA,NA,NA,NA,NA,NA,NA,NA,NA,NA,NA,NA,NA,NA,NA,NA,NA,NA
39,2014-12-08,NA,NA,NA,NA,NA,NA,NA,NA,NA,NA,NA,NA,NA,NA,NA,NA,NA,NA,NA,NA
40,2014-12-09,NA,NA,NA,NA,NA,NA,NA,NA,NA,NA,NA,NA,NA,NA,NA,NA,NA,NA,NA,NA
41,2014-12-10,NA,NA,NA,NA,NA,NA,NA,NA,NA,NA,NA,NA,NA,NA,NA,NA,NA,NA,NA,NA
42,2014-12-11,NA,NA,NA,NA,NA,NA,NA,NA,NA,NA,NA,NA,NA,NA,NA,NA,NA,NA,NA,NA
43,2014-12-12,NA,NA,NA,NA,NA,NA,NA,NA,NA,NA,NA,NA,NA,NA,NA,NA,NA,NA,NA,NA
44,2014-12-15,NA,NA,NA,NA,NA,NA,NA,NA,NA,NA,NA,NA,NA,NA,NA,NA,NA,NA,NA,NA
45,2014-12-16,NA,NA,NA,NA,NA,NA,NA,NA,NA,NA,NA,NA,NA,NA,NA,NA,NA,NA,NA,NA
46,2014-12-17,NA,NA,NA,NA,NA,NA,NA,NA,NA,NA,NA,NA,NA,NA,NA,NA,NA,NA,NA,NA
47,2014-12-18,NA,NA,NA,NA,NA,NA,NA,NA,NA,NA,NA,NA,NA,NA,NA,NA,NA,NA,NA,NA
48,2014-12-19,NA,NA,NA,NA,NA,NA,NA,NA,NA,NA,NA,NA,NA,NA,NA,NA,NA,NA,NA,NA
49,2014-12-22,NA,NA,NA,NA,NA,NA,NA,NA,NA,NA,NA,NA,NA,NA,NA,NA,NA,NA,NA,NA
50,2014-12-23,NA,NA,NA,NA,NA,NA,NA,NA,NA,NA,NA,NA,NA,NA,NA,NA,NA,NA,NA,NA
51,2014-12-24,NA,NA,NA,NA,NA,NA,NA,NA,NA,NA,NA,NA,NA,NA,NA,NA,NA,NA,NA,NA
52,2014-12-25,NA,NA,NA,NA,NA,NA,NA,NA,NA,NA,NA,NA,NA,NA,NA,NA,NA,NA,NA,NA
53,2014-12-26,NA,NA,NA,NA,NA,NA,NA,NA,NA,NA,NA,NA,NA,NA,NA,NA,NA,NA,NA,NA
54,2014-12-29,NA,NA,NA,NA,NA,NA,NA,NA,NA,NA,NA,NA,NA,NA,NA,NA,NA,NA,NA,NA
55,2014-12-30,NA,NA,NA,NA,NA,NA,NA,NA,NA,NA,NA,NA,NA,NA,NA,NA,NA,NA,NA,NA
56,2014-12-31,NA,NA,NA,NA,NA,NA,NA,NA,NA,NA,NA,NA,NA,NA,NA,NA,NA,NA,NA,NA
57,2015-01-05,NA,NA,NA,NA,NA,NA,NA,NA,NA,NA,NA,NA,NA,NA,NA,NA,NA,NA,NA,NA
58,2015-01-06,NA,NA,NA,NA,NA,NA,NA,NA,NA,NA,NA,NA,NA,NA,NA,NA,NA,NA,NA,NA
59,2015-01-07,NA,NA,NA,NA,NA,NA,NA,NA,NA,NA,NA,NA,NA,NA,NA,NA,NA,NA,NA,NA
60,2015-01-08,NA,NA,NA,NA,NA,NA,NA,NA,NA,NA,NA,NA,NA,NA,NA,NA,NA,NA,NA,NA
61,2015-01-09,NA,NA,NA,NA,NA,NA,NA,NA,NA,NA,NA,NA,NA,NA,NA,NA,NA,NA,NA,NA
62,2015-01-12,NA,NA,NA,NA,NA,NA,NA,NA,NA,NA,NA,NA,NA,NA,NA,NA,NA,NA,NA,NA
63,2015-01-13,0.0196266375218798,0.0213215494071936,0.018738195166936,0.0117011528401273,0.023596733928245,0.0243382822457299,0.0245600429927647,0.0173969699297702,0.0147752487822045,0.0268785058349436,0.0227442263080269,0.0221934055839735,0.0252536557786772,0.0182915506725133,0.0170118497910534,0.0119511447414175,0.0220532402635848,0.0167601538890928,0.0158468533944386,0.0150383074012204
64,2015-01-14,0.0197357630332438,0.0215807469363143,0.01915470076769,0.011720274166553,0.0237031910135704,0.024318064682141,0.0249986175913744,0.0174783319264418,0.0156493291768074,0.0270742894182152,0.0230683762552829,0.0222349359882814,0.0259425746072738,0.0182877866186736,0.017182155907609,0.0120818087433338,0.022138661851522,0.0168410415487735,0.0163118682426539,0.0151267618017628
65,2015-01-15,0.0201224422483682,0.0225137431083459,0.0192927473045732,0.0117053175787571,0.0237934659755154,0.0244949502150732,0.0251012522582012,0.0174919945299541,0.0155632020820294,0.0272078996035088,0.0231104505713066,0.0222691170283242,0.0264384780220685,0.0184166482677863,0.0171874720099311,0.0120782394763657,0.022121983137712,0.0169806663837028,0.0162643806905415,0.0151380794823764
66,2015-01-16,0.0201061909519051,0.0224981915894295,0.0192639422015564,0.0116477619867531,0.0237909117297858,0.024445078954582,0.0251010352723137,0.0175212289546688,0.0155382121422008,0.027197729055582,0.0230945681231469,0.022133475706876,0.0264115569171531,0.0183352331891878,0.0171082621098507,0.012014658238004,0.0222100423260155,0.0169918564841901,0.0162263123774929,0.0151439425064786
67,2015-01-19,0.0231990518931467,0.0258349644003199,0.0222437392502722,0.0162553465683555,0.0265246430411672,0.0271703125674664,0.0279536481110212,0.0208759979875806,0.0172351236384622,0.0297485331471067,0.0242244038935734,0.0241372783332422,0.0298855945223262,0.021734692976033,0.020648222833758,0.0165844850897384,0.0252775229839333,0.0190870761476544,0.017784621865764,0.0167957921536348
68,2015-01-20,0.0232060552948066,0.0258777584369957,0.0222655091790775,0.0164309820718473,0.0265549582524633,0.0271638755589568,0.0279679195886969,0.0208733870598603,0.0173277640588319,0.0298721155198855,0.0242197016986636,0.0241065108350004,0.0299343682570605,0.0218844496394824,0.0207561282703252,0.0166401279863143,0.0252880261412356,0.0192379110934538,0.0177074777116396,0.0167954315738436
69,2015-01-21,0.023596454447796,0.0265124823078665,0.0226053826068562,0.0167002865843367,0.0269572371738293,0.0271795834440017,0.028234312580765,0.0209424094914537,0.0177607551307984,0.0298355042868079,0.0242013533343495,0.0243369219777323,0.0302954585222644,0.0221974566398618,0.0207429736941547,0.0168630234388205,0.0252886213755978,0.0198542857550277,0.0176875211232663,0.0168500185225246
70,2015-01-22,0.0235850271588777,0.0265079951393197,0.0225876442836836,0.0166579031604374,0.0269152142661132,0.0268925001216822,0.0282085697322003,0.0214364231401133,0.017694610932708,0.0295176318847735,0.0241536129216303,0.0242750661129906,0.0301996247545125,0.0222163666371915,0.0209434744635954,0.0168239971858891,0.0252702522040283,0.0201173114208989,0.017588433013628,0.0167852738501575
71,2015-01-23,0.0235899637759219,0.0265070802653277,0.0226156538238605,0.0167453200250678,0.0269189758971389,0.0269832028159721,0.0282377675103352,0.0218200351519248,0.0176818632091866,0.029766075404574,0.0242760876510313,0.024074752238903,0.0302921683702053,0.0222540222886345,0.0211262060111609,0.0169776637767972,0.0253387698026992,0.0201321770776745,0.0175874033578988,0.0168097356738432
72,2015-01-26,0.0236163425098869,0.0265337293598339,0.0226080838964522,0.0167323728919263,0.0268756051327674,0.0270429902945225,0.0282467147560649,0.0217974053397254,0.0178988673302414,0.0298096296434435,0.024318928533688,0.0242899481323425,0.0302922993118139,0.0221575966019699,0.0211446815472899,0.0169792404575442,0.025340912655022,0.0202477983326967,0.0175357916661592,0.0169040915118883
73,2015-01-27,0.0239658461892293,0.0267704564747477,0.0227043948337885,0.0167467729785039,0.0269797939845175,0.0272047454376284,0.0281426059050869,0.0219531837810237,0.0180063983262211,0.0296339109709675,0.0242663718943943,0.0242563439311618,0.0302556883403652,0.0222745084155436,0.0214177249192065,0.0170090488845945,0.025514753085225,0.0201917337130814,0.0176061937412545,0.0168763293136243
74,2015-01-28,0.0241570373580681,0.0269520342935876,0.0227997349591475,0.0168433632169549,0.0270195436284821,0.0271180443977912,0.0281377109341161,0.0220285588639528,0.0182344900288404,0.0295042576757826,0.0243153291494308,0.0243217439208259,0.0305669993097265,0.0224612861865049,0.0214725665149122,0.0175448221432244,0.0257552123392635,0.020131928696055,0.0175533572325035,0.0170094420658257
75,2015-01-29,0.0242545503889771,0.0270755714827927,0.0227910029790281,0.0168065653799629,0.0266978040578532,0.0270699591908913,0.0281360360341739,0.0221753012838194,0.0182482588100359,0.0293691826804382,0.0243903313039037,0.0243209684494259,0.0307195854147692,0.0225828536989102,0.020846321059256,0.0176260045218565,0.0255393601791724,0.0202943615285757,0.0177684617387888,0.01692137004778
76,2015-01-30,0.0243929789648753,0.0272565519865141,0.0229391971823049,0.0170766049254327,0.0267670752854781,0.0272243091104103,0.0280556411853033,0.0224293103032041,0.0180781802380496,0.0294067217570693,0.0244318976453318,0.0242208830753509,0.030804045935143,0.0227122514995475,0.0208477620217474,0.0178689459931695,0.0255981792071917,0.0205709519824785,0.0177717446134259,0.0168296989732423
77,2015-02-02,0.02480735362482,0.0274931346438396,0.0232082054901762,0.0173411515525338,0.0272306946769138,0.0272814330139928,0.0284853219924547,0.0235763896551406,0.0184439334294706,0.030166505381285,0.0245952055092448,0.0245446003797336,0.0310686021049839,0.0236932119453927,0.0214926888197835,0.0182486623993258,0.0261543413432715,0.0210613328780031,0.0177855229832559,0.0171456454039494
78,2015-02-03,0.024897131614162,0.0276825881717523,0.0233974981478052,0.0173552362723657,0.0272932584382511,0.027218606570695,0.0285698572116167,0.0234826362930983,0.0184558340810914,0.0301300190095377,0.0245712802320449,0.024594641682062,0.0311787188977262,0.0237076861246959,0.0215585607906596,0.0182729530034266,0.026111311211667,0.0209850955961296,0.017611410601274,0.0171248450635798
79,2015-02-04,0.0249957083737075,0.0277074981459983,0.0233650679925277,0.0173580995088205,0.0272589680033147,0.0271823428897781,0.0284546283847835,0.023481919532894,0.0184676736280578,0.0300273813175586,0.0244970407335348,0.0246190166010227,0.031197822865225,0.02370879301101,0.0215582620837389,0.0182169353019995,0.0261223812028226,0.020931122396549,0.0174821260268347,0.0171365148880078
80,2015-02-05,0.0251944110575971,0.0279373567095574,0.0235878241168149,0.0175987451128877,0.0275205329237567,0.027611075445499,0.0285750030372635,0.0235103402122132,0.0187233041206286,0.0303076913167746,0.0246175142888015,0.0250358528953712,0.0313847406610521,0.0238327360090359,0.0217920615494147,0.0185918620157861,0.0268626968341467,0.0211132576339867,0.0175971168655061,0.0172914890679311
81,2015-02-06,0.0255582258725379,0.0280333524233667,0.0238554835535991,0.0178700124735953,0.027818713589032,0.0277702423711199,0.0289319321031574,0.0240089432511911,0.0189611758478618,0.0306539398587156,0.0247762340444011,0.025350896322645,0.0316415938896271,0.0245994360200984,0.0225006406223189,0.0190378872084052,0.0276874732630344,0.021211968215781,0.0179272016046844,0.0173995585766585
82,2015-02-09,0.0255333790006831,0.0279323344265227,0.0238051202492641,0.017802323291498,0.0277765375092923,0.0273001022310711,0.0289407935289445,0.0238564569291844,0.018877708065397,0.0303270067056667,0.0245347441419846,0.0252432450029418,0.031460128175457,0.0247879833629161,0.0224368729376483,0.0189532319846944,0.0277021734744293,0.0210275871612475,0.0178328663172062,0.0172874424319413
83,2015-02-10,0.0255456655687263,0.0279309922869588,0.0239070276305527,0.0178333127577871,0.027804994354113,0.027297844239292,0.0289461636740865,0.0239012659694127,0.0188746734616705,0.0300177556982574,0.0245472196596154,0.0252604523407904,0.0315335026838365,0.0247873481766158,0.0225487587197576,0.0190798670034658,0.0277108272854462,0.0209428485188125,0.0176563882644081,0.0172882108680282
84,2015-02-11,0.025553718413196,0.0279577625753778,0.0238600069812096,0.0177510045674638,0.0278167775992593,0.0272244593116761,0.0288852922439329,0.0237808160135831,0.0186802448550699,0.0298112713546546,0.0243500055537781,0.0253086382632065,0.0313863656959205,0.0248388027703534,0.0224296895776997,0.0190451387818834,0.0276427857898726,0.0209625696397699,0.0175507624019877,0.0170594360277755
85,2015-02-12,0.0255529399828078,0.0279550985530475,0.0238612293971962,0.0177610689936511,0.0277922139501773,0.0271025421702866,0.0288840749783304,0.0237809270419468,0.0185958592022262,0.0296588944698825,0.0242182660602209,0.0253441579187764,0.0313858289648376,0.0248153877953827,0.0223338784650209,0.0189644156055927,0.0276482758929474,0.0209470986373431,0.0174067294558263,0.0170844394830973
86,2015-02-13,0.0255532777877998,0.0279580846446779,0.0238855949639929,0.0177850942679485,0.0277466007453003,0.0272874724127464,0.0289041354498261,0.0238189121070557,0.0186373265282836,0.0296167063163112,0.0241900821478242,0.025341804752709,0.0314849649857209,0.0248279371621383,0.0223372894553934,0.0189590746015073,0.0276465795800898,0.0209447066327241,0.017258024701406,0.0171444986732118
87,2015-02-16,0.025553056840684,0.0279663429178755,0.0238805400661822,0.0177089109523216,0.027595662994648,0.0272228214535424,0.0289278886219583,0.023809623164974,0.018637954248945,0.0296331997792283,0.0241890209096786,0.0250728485241343,0.0315096499506711,0.0248153413846632,0.0223186582181588,0.0188667802029064,0.0276486741952993,0.020930445935243,0.0171138820993299,0.0171564875828875
88,2015-02-17,0.0255561433408539,0.0279580471842158,0.0238197620547113,0.0176966836748459,0.0275977555015902,0.0270656766506606,0.0289173166100125,0.0237760187725642,0.0186334223281443,0.0296548473274754,0.0241880116398518,0.0249914019098235,0.0314080871580277,0.0248752694445521,0.0223581853037954,0.0189079840193877,0.0276477754193907,0.0209289530074541,0.0169607276472547,0.0171551680239768
89,2015-02-25,0.0257084018381977,0.0279683562810637,0.0238725022193099,0.0177066755292172,0.0276321834291735,0.027080567066366,0.0289231293224271,0.023750912976367,0.0186718980560045,0.0296573087663336,0.0242310841939974,0.0250893823692056,0.0314076077204139,0.0248600425576208,0.0224164054813672,0.0188790530169334,0.0276485331347678,0.0209703236030684,0.0168167120692348,0.0171304458418903
90,2015-02-26,0.0257419554222894,0.0279810517506253,0.0240577431773643,0.0177674647911992,0.0277321121123875,0.0271222028202133,0.0290849390658711,0.023766206586949,0.0186698647197801,0.0296919129067229,0.024391848103952,0.0251057440397318,0.0317859826641195,0.0248658342551236,0.0227529608698653,0.0189265548348623,0.0276828926648832,0.02099346606032,0.0167656376660978,0.0171830355572912
91,2015-02-27,0.025755243317161,0.0283493744038489,0.0240300702775456,0.0177534482222275,0.0277050389515003,0.0270892478071899,0.0289923793162056,0.0235794206764125,0.0185991924837647,0.0296072820183841,0.0242206760490266,0.0250965611216787,0.0317689270061143,0.0248785271018153,0.02273918192164,0.0188753554253471,0.0276883134943479,0.0209528886429258,0.0166269532781696,0.0170537889351922
92,2015-03-02,0.0257285007154224,0.0283148279369092,0.024107755687162,0.0176145991090677,0.0275854719524188,0.0269755874938907,0.0290000036719457,0.0233833013296721,0.0183625860869546,0.0292935173627864,0.0238609025637267,0.0249919343914537,0.0319753147977428,0.0248703990801832,0.0230072588930791,0.0187812685383571,0.0275348576100966,0.0208542788467652,0.0165277174327041,0.0165298395757769
93,2015-03-03,0.0260703684980215,0.0284893583100261,0.0242855415380155,0.0178664265024296,0.0277364252963715,0.027265506913965,0.028905936297321,0.0231695800490704,0.0180908818057743,0.0291129337718108,0.0237590275929017,0.0252497573780783,0.0319430627778601,0.0248775531923396,0.0229940476460651,0.0190443230537347,0.027593439828441,0.020793499410064,0.0165961718202058,0.01632149580085
94,2015-03-04,0.0260612719224636,0.0285579423770885,0.0242667294250952,0.0178900046120008,0.0277437684048157,0.0272634576968103,0.0289059082139504,0.0230921188470302,0.0180991800189518,0.0290943414541433,0.0237399662610174,0.0252515650775419,0.0319333853679798,0.0249194232262369,0.0229751828023597,0.0190070772324583,0.0275709620046481,0.0207639414112754,0.0164598603226884,0.0162949404514227
95,2015-03-05,0.0263114547302699,0.0286253480583441,0.0244341488465655,0.0179136623512506,0.0278647233043311,0.0273961506515566,0.0290535898701002,0.0232850434286066,0.0180959901301384,0.0293458260098992,0.0237261753703706,0.0253707182914208,0.0318338314902594,0.0251407487942277,0.0232505930879653,0.0191270476743355,0.0276863914210411,0.0207550797865297,0.0165138318472287,0.016238574640981
96,2015-03-06,0.0262632480797875,0.0287241932488492,0.024398450943385,0.0178296354700791,0.0277484347591757,0.0273005553144007,0.0289359704473985,0.0235063267240951,0.0184659314807185,0.0293402408718003,0.0236932514602649,0.0254003339812378,0.0318212472984447,0.0251751392492403,0.0235268000955788,0.0191250348821036,0.0274178797253899,0.0208640781904528,0.016364865759585,0.0162233644800559
97,2015-03-09,0.026291139664742,0.0287191891321391,0.0240381884135073,0.0179288349277458,0.0277347396742287,0.0271294999566637,0.0288970623464299,0.0235719853093882,0.0184217762768014,0.029320477007359,0.0235879738027626,0.0252189931034949,0.0316667363152844,0.0251161531715287,0.0235793093377187,0.0191722236234664,0.027359962614714,0.0205933774928304,0.0161973463497318,0.0162355119109232
98,2015-03-10,0.0262136371784692,0.0287097749664227,0.0239971880596157,0.017922244738865,0.027666884462008,0.0270498540831009,0.0288382884099377,0.0233325835677323,0.0183417188021321,0.029246297180412,0.0232744379392306,0.0251941234828608,0.031642655175823,0.0251150635125542,0.0234402707621077,0.0190553504025417,0.0273146385769115,0.0205896135519001,0.0159887643242524,0.0160603513714711
99,2015-03-11,0.0261975339922572,0.0286901764046164,0.0238475096443116,0.017659325793379,0.0275348263451237,0.0267788324727514,0.0285233903965909,0.022914272152259,0.0178266666622146,0.0278330342693353,0.0215756343722325,0.0252045292235838,0.0314059248531339,0.0248530308559248,0.0231212674997431,0.0189007704126987,0.027057418209454,0.0203360119498156,0.0157729123453655,0.0158488855186834
100,2015-03-12,0.0261792345289694,0.0286266361292109,0.0233657290590587,0.0169390704492329,0.0270426224410181,0.0264003222888073,0.0279143144925748,0.0225925693056255,0.0175675409202203,0.0269361164627005,0.0193199106838794,0.0241275712876717,0.0298547108238435,0.0243459577041762,0.0230129940029992,0.0187181539695192,0.0265795398676508,0.0206778531274543,0.0156882147273777,0.0153881005865757
101,2015-03-13,0.0261752391622057,0.0282211798506063,0.0235534216593967,0.0166458478106826,0.0270694377549512,0.0263549968597362,0.0276004840070691,0.0225928497202052,0.0171202156062506,0.0268832421296413,0.0192983986587386,0.0237922441129641,0.0298538788350818,0.0243334227240115,0.0230584775942197,0.0187050100082876,0.0266244911963673,0.0202925011567607,0.0156269959612906,0.0153730747524892
102,2015-03-16,0.0261118766856403,0.0282237922544296,0.0235634894136601,0.0163894313617494,0.0261462471382068,0.0259150616029519,0.0271824799935189,0.0217703871294237,0.0169996729188438,0.026487674139871,0.018743433172191,0.0234850618470236,0.0298220555962129,0.0243448517945608,0.0226738034966593,0.0186207512161723,0.0253095055116297,0.0201610805688849,0.0158913734008191,0.0145707966067841
103,2015-03-17,0.0244041266835737,0.0265897302425626,0.022519302733799,0.0160736868723467,0.0259246846672385,0.025703930203259,0.0266332449686893,0.0223785127820507,0.0169779558491645,0.0267090623486541,0.0186647614030414,0.0231097474208305,0.027803465524205,0.0244968782896002,0.0228638161131069,0.0186109988038445,0.0256184957775281,0.0202866134148942,0.0160193172963477,0.0143292332665309
104,2015-03-18,0.0244412275231357,0.0266008449189677,0.0223926638326316,0.0159191930331576,0.0256986592155746,0.0258414447877708,0.026540956112904,0.0217385489506375,0.0168387716653304,0.0267111745055405,0.0180721686721629,0.023015966805276,0.0277434100400765,0.024547052757195,0.0225482838015851,0.0180632799336979,0.0255968606581949,0.0200549313334285,0.01618014869088,0.0130654019215732
105,2015-03-19,0.0243710535784001,0.0265486349314904,0.0223893992481895,0.0158952452139684,0.0255622944737943,0.0250953957189426,0.026529922391149,0.0218976302956338,0.0168434529462362,0.0263453281669788,0.01804809958956,0.0223475858772076,0.0276648598391,0.0245411340442674,0.0224639741665141,0.0180647081853064,0.0256275078664,0.0202929285976956,0.0168616871493568,0.0131230621498544
106,2015-03-20,0.0243709199151678,0.0265500690737383,0.0223512232375901,0.0159170104511011,0.0255583622209104,0.0249818225269607,0.0265102189427439,0.0219017475852094,0.0168373134578906,0.0263375179600403,0.017970843418936,0.0223428649690475,0.0276538588753986,0.0245434014263198,0.0224646450874085,0.018063608352861,0.0257041575794844,0.0202877539146951,0.0167460508696874,0.0132088269006814
107,2015-03-23,0.0243805460148786,0.0265746420106723,0.0224839761617465,0.0158736439131639,0.0257922391851567,0.0251807970825945,0.0267717846874992,0.0228113653223551,0.017131550548434,0.026963613974442,0.0180180645477419,0.0223485451859814,0.0276522961347297,0.0248160160786099,0.0230472700550027,0.0182019434601662,0.0263883790977109,0.0205481245054942,0.0170838375993763,0.0134056651166079
108,2015-03-24,0.0242076973277707,0.0264884199314613,0.0220690794565704,0.0159671817577876,0.0258090994407128,0.0250740017515077,0.026347549221464,0.0227073553497885,0.0171124848694624,0.0267147275518196,0.0180459617110959,0.0223841349292295,0.0271205914292932,0.0248070311986013,0.0229439122817944,0.0181374962477945,0.0261445591553197,0.0209755928421187,0.0178431071054669,0.013443591502208
109,2015-03-25,0.024311985483934,0.0266150936975995,0.0220108351098028,0.0159063003574027,0.0259194483152659,0.0252624883556754,0.0261657256334746,0.0228033242556103,0.017122054082576,0.0268727431057598,0.0179547779255227,0.0224647892923417,0.0271664740149418,0.0249764208793134,0.023074622994137,0.0181182308051576,0.0261494188754024,0.0209932200001429,0.0179437387182675,0.0134160296031786
110,2015-03-26,0.0243658630655857,0.0269703867076515,0.0221150999381057,0.0161656514406714,0.0259032801589062,0.0252905470692805,0.0260754158285216,0.0227958222632898,0.0169547280471281,0.0268228842020587,0.0171164227365702,0.0223948936885522,0.0271430766255874,0.0248220541420224,0.0231027650442808,0.0177789444111657,0.0260542092496132,0.0209310454687468,0.0179640927101146,0.0133602467205205
111,2015-03-27,0.0239330238810549,0.0268341231266734,0.0216269214881661,0.0161031577893923,0.0252031365325497,0.0239270839374252,0.0253306486157364,0.022524356879376,0.0169665372612679,0.0258858311306124,0.0159577261657947,0.0214807541671696,0.0267237696294399,0.0236816191789003,0.0229988894445814,0.0175837080225947,0.0249000176153194,0.0207584194945799,0.0174987155785394,0.0133779284107149
112,2015-03-30,0.0236785986369578,0.0267277016358932,0.0211770078192155,0.0165473442781307,0.024729606403551,0.0237441045270203,0.0242037484090722,0.0222040212376813,0.0168983013421127,0.0258782303667977,0.0150196329153863,0.0214594493765044,0.0263126805452854,0.0228599543384018,0.02338690916063,0.0174837848739829,0.0231859734994512,0.0203268515452077,0.0168800250189249,0.0135171741748534
113,2015-03-31,0.0230229273882099,0.0262963517262879,0.0205082730902155,0.0167353858170638,0.0238323043342581,0.0227289292317188,0.0229611737005117,0.0220205812784834,0.0169288676717832,0.0251358103211284,0.0140754221501184,0.0209988885833585,0.0252090304428068,0.022289072386623,0.0233153804003057,0.0174108263078896,0.0231624203314077,0.0196020671085947,0.0165970737566804,0.0137712998372475
114,2015-04-01,0.0227559453530255,0.0262283554646968,0.0201621822584496,0.0167662535204692,0.023449865741752,0.0224664062031308,0.022930140265176,0.0220154039355974,0.016788957624683,0.0250298026895423,0.0140049379085494,0.020924096225808,0.0250538321315254,0.0225039774359282,0.023557113940579,0.0174595390234953,0.0233250704713533,0.0196243302363363,0.0166703238443122,0.0134343841169265
115,2015-04-02,0.0225054379351262,0.0259408996629176,0.0201451070024153,0.0166856470148492,0.0233275306662568,0.0220601783886525,0.0226977429581391,0.0220131125200476,0.0167103945705979,0.0246781586473082,0.0139108455207953,0.0203832192463645,0.0247554960634123,0.0222285175354166,0.0234453184540142,0.0173000445892508,0.0232385715997988,0.0199582319484195,0.0170121758746723,0.0134341942471878
116,2015-04-03,0.0222910478888178,0.0257629604050874,0.020154021754877,0.0166295377623354,0.0233591940708697,0.0221784739787621,0.0226589023943424,0.0222008564409051,0.0166837479175405,0.0248813720915202,0.0136626790593332,0.0201407327285735,0.0245943228573813,0.0221844401849128,0.0235059644208404,0.0171286119646226,0.0233897248175115,0.0199936535492853,0.0170368273257131,0.013384097080472
117,2015-04-07,0.0225425713552765,0.0258762276316696,0.0206194063545419,0.0167624306879661,0.0234482519848148,0.0222128981204242,0.0231475946243114,0.0226302492591664,0.0170164957576448,0.025211869814733,0.013625885703931,0.0204048213221518,0.0247857624769596,0.0224691902521498,0.0239607902190998,0.017789890954948,0.0236619493436601,0.0207763143921992,0.0175053410640456,0.0133477418103299
118,2015-04-08,0.0224592977451962,0.0258774448299734,0.0205805569186159,0.0167636252227496,0.0231881329814716,0.0220649055982667,0.0228546148325651,0.0224955937997415,0.0168249631775605,0.025233590930622,0.0134396656178878,0.0203762105604021,0.0247930561968391,0.022452561480938,0.0236528079083501,0.0174422800908758,0.0228848547654545,0.0207705953478332,0.0173497958867188,0.0130477040109946
119,2015-04-09,0.0220160557608469,0.0256192158242113,0.0206714226091759,0.0169280448822837,0.0230071348883251,0.0218615290163197,0.0228780027196955,0.0225889518973839,0.0168557439476177,0.0250007682751485,0.0135537246818601,0.0205485557568225,0.0246996485629996,0.0224130950818827,0.0235571724820206,0.0176412956926733,0.0228390024360172,0.020807300324407,0.0175577445135027,0.0130155033375215
120,2015-04-10,0.019800998693335,0.0233929625478471,0.0204336002561732,0.0167866456014108,0.0220480456945578,0.0207200287340754,0.0217704149356895,0.0225376997823256,0.0166082564871746,0.0239150902656617,0.0131674410363975,0.01938890202527,0.0234284516124845,0.0212894553188467,0.0230164833199673,0.0174807773851229,0.0224117495722306,0.0204743812052361,0.0175979837036868,0.0130803181299793
121,2015-04-13,0.0199235631281005,0.0234464875751546,0.0205517608090096,0.0168800968201899,0.0222416015332749,0.020741890908184,0.0215685390350506,0.0227046995610423,0.0165640654710687,0.0241172855601127,0.0131142111304879,0.0194927173339281,0.0235730697736203,0.021535300413154,0.0234246079484078,0.017543890076823,0.0227358306664322,0.0205722250815372,0.0177775841403257,0.013597498047982
122,2015-04-14,0.0196505823331589,0.022962228711035,0.020578850477702,0.01698610628356,0.0236215476880474,0.0207523248500629,0.0215728190057438,0.0237413896130002,0.0165596624456347,0.0240091091591925,0.0130656390424388,0.0210136902035997,0.0235206101528666,0.0215830218437629,0.0237091141140753,0.017553372801929,0.0237866266600654,0.0206411564248108,0.0179018428415886,0.0136182474349187
123,2015-04-15,0.0193162239178878,0.0227379039758292,0.0207338026956396,0.017127777435699,0.0234807701294047,0.0204056995172432,0.0211214718706726,0.0237607183521207,0.0167332921055973,0.0236876187797915,0.012755851595494,0.0213295476593092,0.0238475055602463,0.0217309060122009,0.0230985348936015,0.0179685330065528,0.0233573080825199,0.020167685777185,0.0176999316264398,0.0153822271232709
124,2015-04-16,0.0195637671404841,0.0233945442824675,0.020738511115427,0.0176128068419697,0.0234467059487775,0.0206380279686112,0.0212477021382468,0.0244443203852505,0.0170514807068764,0.0238330919376988,0.0129242080505043,0.021336457522197,0.0238528312802694,0.0222893166123612,0.0233299582536544,0.0184055719235807,0.0235643461767201,0.0205686913655324,0.0188008270298176,0.015406330158988
125,2015-04-17,0.0197414091317442,0.0230231521128064,0.0208855974504382,0.0179422496554334,0.0232321325428926,0.0206004779844774,0.0209177470537682,0.0244081817156168,0.0171702644764874,0.0234074867372346,0.0127331492352042,0.0212809768752993,0.024047285267751,0.022040793295123,0.0234834263843374,0.0185915246075319,0.0233289902360495,0.0199642245787617,0.0187151572528519,0.0154132043181752
126,2015-04-20,0.0201882541262399,0.0233879533658925,0.0208823773107736,0.0179334148444204,0.0232861223584032,0.0206921583769548,0.0209938556701388,0.0243540264796108,0.0171738346378421,0.0233792381108787,0.0127337896708909,0.0212812678304676,0.0240870891139551,0.0221379904872395,0.0234667795392154,0.0187473645567547,0.0233185691658416,0.0199567495468239,0.0186887119336202,0.0157219135417654
127,2015-04-21,0.0202754064785633,0.0232894906367618,0.0207744873333161,0.018007976013077,0.0232299581468489,0.02090159728487,0.0205267131614138,0.0243700255244,0.0165738681099174,0.0231748035823476,0.0125521982608107,0.0212805416537818,0.0240742922930278,0.0222220545174714,0.0234394384319816,0.0185951333492254,0.0233186318212245,0.0198549845667254,0.0185556505963208,0.0157579313252666
128,2015-04-22,0.0199045592269832,0.02234772093884,0.0207714291303525,0.018088491449711,0.024154921953944,0.0206291658459136,0.020419908639308,0.0260078962475091,0.0167371338664507,0.0229430633417005,0.0129714829496459,0.0214930668044136,0.0236219521959419,0.0224279928716868,0.0242063009550884,0.0190000672943266,0.0243065359230095,0.0198494432741939,0.0188104092942227,0.0158337410400253
129,2015-04-23,0.0200359525800002,0.0222996055421706,0.0208868791611424,0.0181019088664375,0.0241528429882436,0.0208672463042583,0.0204560467645257,0.0261582374137667,0.0168672628191337,0.0230106161324993,0.013380663034055,0.0217332937380662,0.0238959747357464,0.0224278379831417,0.0242563199315057,0.0189799310575489,0.0242774020767147,0.0198860409885209,0.0188115778783144,0.0158047971677939
130,2015-04-24,0.0167825014887888,0.018640951422747,0.0178325741045011,0.0145992736537333,0.0207115580076302,0.0180039019156807,0.0163917287274199,0.0238488264442304,0.0151799883869878,0.0202801302516291,0.0116119448680238,0.0197002041636919,0.0197886753249745,0.0196602264033096,0.0215045767292488,0.0157479439840095,0.0213911897585364,0.0177309452875493,0.0178007134644175,0.0143009255006491
131,2015-04-27,0.0183347303797131,0.0206111374002355,0.0182958472653549,0.0148050684228968,0.0208698390345422,0.0184687158326428,0.0163834372405848,0.024918182855133,0.0150523234553509,0.0202371994028765,0.0117577792030646,0.0199702737112028,0.0197449908626182,0.0198391021020113,0.0216043430155996,0.0156568342445787,0.021513266869358,0.0177395468159571,0.0183684628867055,0.0142855310216816
132,2015-04-28,0.0178018304619125,0.0196789485629769,0.0180635153172915,0.0152915055752469,0.0207650993313211,0.0181661485079221,0.0160798774439322,0.0248291787365221,0.0153632571565495,0.02030765356037,0.0122337778117958,0.0203368179677338,0.0197905022923914,0.0194380000369576,0.0219989765102776,0.0160600616104321,0.0221531881328758,0.0170993564382899,0.018333416540839,0.0164917333152374
133,2015-04-29,0.0183463279222554,0.0200969206056424,0.0180838324457585,0.015308076244694,0.0207693946451568,0.0182234923797582,0.0162123127023959,0.0243884949753217,0.0153312813117832,0.0204299828844642,0.0122923426829854,0.0203063982905275,0.0197673144124433,0.0199547946122582,0.0218136038383925,0.0161970961210879,0.0223332642196583,0.0177216215934717,0.0206136762907211,0.016520842047425
134,2015-04-30,0.0186657177366056,0.0202189678437897,0.0184003902895143,0.0153218686662063,0.0208906153719693,0.0184315629766555,0.0170659022256133,0.0241181497606282,0.0156788058960549,0.0206755545705749,0.0122795757826124,0.0206117317337607,0.0198376046007823,0.0199954174845888,0.0216286559234572,0.0164487572540687,0.0227934366188738,0.0178294327227209,0.0211989778735982,0.0165175745490558
135,2015-05-04,0.018599834234433,0.0202220062084027,0.0185744205598493,0.0157006060209304,0.0224245667108184,0.0194996538660051,0.017022933568604,0.0260362234071636,0.0153626699101608,0.0207038277023828,0.0122833302174503,0.020650707870556,0.0198675740635594,0.0209803531589154,0.0229822779955629,0.0164266948714865,0.024761587507549,0.0178888091847855,0.021844247750646,0.0168445090075544
136,2015-05-05,0.019006491939274,0.0205115869949826,0.0198091311471611,0.0165832643654325,0.0241857966449155,0.0209291040803774,0.0201545815746077,0.0276524885522554,0.015892907756705,0.0220817468399661,0.013494561978205,0.0213501328126973,0.0206117812418928,0.0224684102596627,0.0243576972827708,0.0165865049099564,0.0253387245161729,0.0192795625688283,0.0244281734551488,0.0199663917326288
137,2015-05-06,0.0191495479666675,0.0204111889288823,0.0200900592919437,0.0169960245621454,0.0247413067567425,0.021601338099554,0.0214408804187845,0.0279844349917133,0.0161763040712181,0.0228728359353077,0.0136176441285517,0.0220139753813953,0.0206711744750308,0.0231110367094149,0.0247552168830384,0.0165361278692084,0.02563493928939,0.0202873809383174,0.0251300621132575,0.0213406672448449
138,2015-05-07,0.0194424460808632,0.0205184195163904,0.0203334707785514,0.0172304452137698,0.026417207100327,0.0229877781808789,0.0225172394218008,0.0293002851821575,0.0167793066464801,0.0241235356879875,0.0136654787256363,0.0235726132771655,0.0204316155021614,0.024789576778407,0.0274712532503228,0.0167722096347271,0.0285163014619645,0.0204956877866647,0.0249887002545895,0.0223532737786355
139,2015-05-08,0.0193146467561114,0.0203851410404645,0.0201731497272253,0.0169540145224983,0.0264208662799229,0.0228159539873707,0.022565479849659,0.0293329118264821,0.0167287920662369,0.0240332506540418,0.0136649738659011,0.0236676497676862,0.0203824975793309,0.0249190941016811,0.0274093290069805,0.0167202589607577,0.0284770396684962,0.0201451827102432,0.0249608576800745,0.0223745066072774
140,2015-05-11,0.0188750913403486,0.0201654197201296,0.020070782003511,0.016718091951528,0.025862023086437,0.0226197362960291,0.0220058542178239,0.0287236338220313,0.0165226955879965,0.0231413265581285,0.0139636198293038,0.0235099822508162,0.0203793011501539,0.0242652789318514,0.0266866005996604,0.0171415795935828,0.0282283750322815,0.019600353369543,0.0249064458644046,0.0223223287685631
141,2015-05-12,0.0187391283984649,0.0199100071393583,0.0199094646335061,0.0167069113433149,0.0259918261028398,0.022625523954317,0.0219281665122822,0.0290026292862583,0.0164990920957837,0.023154780820035,0.0140836899958291,0.023465035901369,0.0202364786324695,0.0242382442475373,0.0271842640734781,0.0172547708593924,0.0285350008159956,0.0196588009659371,0.0249643288900353,0.0223877223717801
142,2015-05-13,0.0188570095525029,0.0200478741202381,0.0199352533795719,0.0167883154244274,0.026474957796862,0.0226255785263453,0.0220307782714612,0.0293081599147023,0.0165026073296743,0.023384618772369,0.0140931755168774,0.023421763856825,0.0202174652632764,0.0245787495507761,0.0279831325591386,0.0172566777460058,0.0289280334829023,0.019698396583844,0.0253189972701325,0.0223709065658063
143,2015-05-14,0.018660754324478,0.0197230654307375,0.0196105190715861,0.0165260056426615,0.0257812847285086,0.0220997927719292,0.0220103940127853,0.0293287136734179,0.0166295151079504,0.0229524614790051,0.0138801032611134,0.0230321842294186,0.0201751147717365,0.0246383238070905,0.0277106657292221,0.0169779287726783,0.0282372619848567,0.0195797579228775,0.0252114005832515,0.0222565243966491
144,2015-05-15,0.0185128927003775,0.019975066723744,0.0195466860422818,0.0165038711740658,0.0255425324338475,0.0220893428205024,0.0218296259214386,0.0290672157098842,0.0164750127602557,0.0227703817242239,0.0136482221168677,0.0226923257595576,0.0199453901661686,0.024314664620529,0.0269827605662244,0.0167221741751142,0.0285777040757595,0.0200608690461005,0.0255630219822767,0.0222944356034435
145,2015-05-18,0.0186189387876866,0.0201767554041657,0.0197092358749444,0.016536412205596,0.0257502158465692,0.0222484321370078,0.0224141936279399,0.0290444638407163,0.0171064981470371,0.0242792076672471,0.0140076967085364,0.0231493321203779,0.0200099754186248,0.0242026479487828,0.0272339971886233,0.01673853836431,0.0292942031366299,0.0200465322377165,0.0255179220597769,0.0223056163320218
146,2015-05-19,0.0186227865104755,0.0203627182711989,0.0196868470871408,0.0167059987666127,0.0257593661395206,0.0223180206111334,0.0223441861823051,0.029333959444189,0.0171364955349737,0.0250422207069273,0.0140694003576179,0.0231022904456047,0.0203378966492913,0.0243904814991918,0.0272400835277364,0.0167250530167687,0.0294437038632957,0.0200202604450021,0.0254983066098776,0.0225657629239176
147,2015-05-20,0.0186164715439596,0.0203187022595322,0.0197044807052039,0.0167099432187021,0.0257505303965776,0.0223115174018755,0.0224214130991909,0.029233131469456,0.0171675157910737,0.0261549938282669,0.0140823675199784,0.0230360151061954,0.0203741298887965,0.0242877786876367,0.0272959734628702,0.0168397420146455,0.0294136939111308,0.0199509810486062,0.0254927529939279,0.0225813736720566
148,2015-05-21,0.0186014731975673,0.0203350199627341,0.0196929696735209,0.0167744320902172,0.0257666025759055,0.0223093807974537,0.0225575279345879,0.0292544719264394,0.0171713067424026,0.0271407431752233,0.0140813240953593,0.0232100381835936,0.0204388870703959,0.0242833204549326,0.0273486429158086,0.0169769312006258,0.029397017150872,0.0198813378496457,0.0254342919182447,0.0227328446195853
149,2015-05-22,0.0189979527571291,0.0208034499027104,0.0198117987247159,0.0169037047330004,0.0257839550984958,0.0223761369883808,0.0225892137676492,0.02952025698028,0.0171389438883284,0.0274910661007138,0.0141895790242273,0.0231932682624685,0.020965761398173,0.0243814153283756,0.0273584565636909,0.017225382425614,0.0295826645752065,0.0200684392943168,0.0255416785392254,0.0230882068691611
150,2015-05-25,0.019460922708367,0.0209754494002939,0.0198706751723853,0.0172540921131853,0.0259172341271565,0.0228208630914703,0.0225440925270207,0.0298728405479711,0.01718295027564,0.0276714498993087,0.014266609329726,0.0232315670659225,0.021274129599049,0.0245724589081273,0.0274765949707731,0.0172416410816793,0.0300863910382264,0.020107196247271,0.025631208901487,0.0233974693690926
151,2015-05-26,0.0194495153440855,0.0209802283533651,0.0198852835618936,0.0173489342620278,0.0259189359241431,0.0229910871544334,0.0225588765102114,0.029838629039064,0.0171830817412945,0.0280405755615654,0.0145271282159716,0.0232107889149701,0.0214424510668851,0.0246782327684746,0.027483324736575,0.0175541178275653,0.0300604693273192,0.0201949456291205,0.0257608181966386,0.0237135765686325
152,2015-05-27,0.019297565453302,0.0210803263299495,0.0197865062181928,0.0173368511869616,0.0259129379449842,0.023036502543624,0.0226092434213876,0.0299046823579665,0.0171777982399,0.0281212350675704,0.014627693073581,0.0231966160726343,0.0217810334686657,0.0246772355034385,0.0274880861366653,0.0175535298458648,0.0302397763188847,0.0200857198710005,0.0257079369940295,0.0239487053578679
153,2015-05-28,0.0217592448187414,0.0239884363981259,0.0221066747033523,0.0183376391295016,0.0282244162309984,0.0255035911732587,0.0246910057230973,0.0326556395568416,0.0207642745019029,0.0308087530513756,0.0160111574176427,0.0250346476391272,0.0241605713319772,0.0268261830157129,0.0298192485173379,0.0194309340809459,0.0322465961735392,0.0233017460395911,0.028862886339713,0.0255596372206754
154,2015-05-29,0.0217620514824671,0.0237316847429305,0.0223000818915352,0.018335126221117,0.028410754627506,0.0255882308535895,0.0253300015573235,0.0326524426872938,0.0211148318992998,0.0310262368875267,0.0160622280436293,0.0250391477706795,0.0242560982961393,0.0268476068088293,0.0299905731376534,0.019405181101346,0.032199476312429,0.0237518568490503,0.0289167044539964,0.0255847259774863
155,2015-06-01,0.0220118509784663,0.0243779626757167,0.0230853990112573,0.0188950018881665,0.0290045735906799,0.0264814938429099,0.0252245990996354,0.0350251731018732,0.0211524868962023,0.0311891080015264,0.0164197333814677,0.0254173802811155,0.0249938692989609,0.0276474747125679,0.0303601473602703,0.019853613023375,0.0337930526071101,0.0238338706269773,0.0295500084528628,0.0264979951607024
156,2015-06-02,0.0216511958886833,0.0241280616758897,0.022784241596642,0.0185615111016135,0.028731026437656,0.0261607120089683,0.0254082261158633,0.0349912563393755,0.0211518995949939,0.0311250771302096,0.0163956998432742,0.0252627017664218,0.0248999757719239,0.0275227081697818,0.0302283624682013,0.0197917414122156,0.0336772000807832,0.0238677843999247,0.0293456569081127,0.0265233982770174
157,2015-06-03,0.0216411694240858,0.02407475879049,0.0228864432561964,0.0186030810000609,0.0289091436899881,0.0263267346466796,0.0258020167108236,0.0350440574025173,0.021414020101521,0.0312720387488647,0.0165031010303526,0.0252980243234171,0.0249248385185364,0.02759666216413,0.0305448303806318,0.0198101814469372,0.0337898747299126,0.0238485802831374,0.0293324381599025,0.0265193809952017
158,2015-06-04,0.0215535341428762,0.0239839724666517,0.022814705892047,0.0185646180545691,0.0286992025471492,0.0263726030854816,0.0257071559485512,0.0348260767134911,0.0214160434762146,0.0311453934390319,0.0165236514411709,0.0251871287600456,0.0248136637299703,0.0274769483695426,0.0303567743017379,0.0196306408592226,0.0336024160180313,0.0238140770245346,0.0292255815168046,0.0264991123846652
159,2015-06-05,0.0216764285600109,0.023849234120591,0.0228099596072569,0.0187118338126808,0.028876012685336,0.0263646689196295,0.0256233933848552,0.0349035911516071,0.0213584086196144,0.0312906796293753,0.0165771147268046,0.0251954694739714,0.0249603802210794,0.0277115036484538,0.0302057346864004,0.0198019780022563,0.0339555486430237,0.0238986220348875,0.0295715753351484,0.0269891980842793
160,2015-06-08,0.0218208263648106,0.023846740791465,0.0228228451334436,0.0186380678689712,0.0290411718707549,0.0264466085219516,0.0256615183864399,0.0351776072935414,0.0215651982111177,0.0312112630639667,0.0165852294560732,0.0251566530922211,0.0249884286404547,0.0278021465320219,0.0301729035445082,0.0197840123127098,0.0340745352714184,0.0238943130978551,0.0295368492341776,0.0269776101971583
161,2015-06-09,0.0218487592925235,0.0238552847543948,0.0229053181772783,0.0186411613938241,0.0290393166454642,0.0264216090057095,0.0257206544882641,0.0353994693290853,0.0216911253208328,0.0312213182960516,0.0166072642770272,0.0251390432653163,0.0255351903673494,0.0277910075744857,0.0301812643274682,0.0197736208663954,0.0340688907133291,0.0239109002952811,0.0295091961750501,0.027021967024971
162,2015-06-10,0.0218453278381177,0.023898487944583,0.0232400528807962,0.018664535995033,0.0291730265778989,0.0263819782196848,0.0258938465811583,0.0354886847340687,0.0218768677897528,0.031470073125077,0.0166907684169785,0.0250958223774254,0.0256569745359513,0.027916597266209,0.0305370592446425,0.019681210521807,0.0341440489339083,0.0241303382876748,0.0294938776822024,0.0270143116431551
163,2015-06-11,0.0217927854020458,0.0240467672355303,0.0235917254553058,0.0186765721661146,0.0290980507676494,0.0264140434829137,0.0257728763323459,0.0355754219384078,0.0222484994052166,0.031398722642867,0.0166562126624584,0.0251548087160836,0.0256799319596375,0.0279448654529653,0.0305512756574918,0.0196815274384587,0.0341524737899447,0.0239751777040144,0.0295810314772328,0.0270519298558108
164,2015-06-12,0.021794769117504,0.0240457901711706,0.0234731028843756,0.0186906866578227,0.0290954794121833,0.0264303832575855,0.0256600352629902,0.0357091718997013,0.0222418944949739,0.0312871476028804,0.016663716014278,0.0251524027330038,0.0256842528967021,0.0280143077567721,0.0307202982288891,0.019710931042033,0.0345285813888371,0.0239830735283524,0.0295798007843162,0.0270145934423622
165,2015-06-15,0.0218949522385975,0.0243071637295472,0.0240186182753961,0.0186360296059717,0.0291444795343424,0.0264302253129285,0.0257399670096717,0.0359795110865424,0.0225613253024159,0.0311296066226067,0.0166554992292647,0.025103208423468,0.0257121226992339,0.0280487127636985,0.0306953393326836,0.0197720259448326,0.0345302793749669,0.0239533490329861,0.0296350183799924,0.0270066651042905
166,2015-06-16,0.0222337726224459,0.0246906866657577,0.0245493045935654,0.0201780999129192,0.0298111774354789,0.0273486900080362,0.0262277997875313,0.0362279846059268,0.0230012255029929,0.0313756941550088,0.0173546009544817,0.0259752605677837,0.0259500125192081,0.0285803689466919,0.0316015902090043,0.0198805178935644,0.0349937332945254,0.0239754290352214,0.0296725976011694,0.0273257265780328
167,2015-06-17,0.022391315835437,0.0247798574710533,0.0244905507966145,0.0202521766580063,0.0298194043618951,0.027377317642924,0.0260318759055372,0.0367877168840736,0.0228216153828794,0.0308272874343853,0.0173285209556823,0.025840727578663,0.0260030324977759,0.0286259762277339,0.0320511905610054,0.020569560377532,0.0350373829766513,0.0241736229271274,0.0296337269218461,0.0273553509285845
168,2015-06-18,0.0226666778684123,0.025126710414038,0.0253982401547533,0.021188748043364,0.0304743814911442,0.0274255877573228,0.0262812871752082,0.0373497555680466,0.0231649235864265,0.030855184808834,0.0178414174724435,0.0258539341613527,0.0275428758941627,0.0287296025436826,0.0323254974153852,0.0206079759808339,0.0350098418091,0.0240588030019116,0.029445121328832,0.0275641885247537
169,2015-06-19,0.0233377310498481,0.0261283449936368,0.0267793973418145,0.0224399359269251,0.0316833862273194,0.0290799434192674,0.0273228469480983,0.038711235365178,0.0250367756940081,0.0317519370960862,0.0190898011520976,0.0273150866803277,0.0297964279770152,0.0301518078078312,0.0335980694906907,0.0211149411194837,0.0366933115787044,0.0254117830541421,0.0303387461139804,0.0282589748758206
170,2015-06-23,0.0234468142585416,0.0263096535340241,0.0266516366299096,0.022519613699816,0.0315381560523403,0.0290165835045849,0.0268350481825266,0.0385237137871324,0.0246950283342434,0.030862997519064,0.0190732914113335,0.0273573445105369,0.0297758473111304,0.0302831079499876,0.0335680736753226,0.0211621624218961,0.0365411683120816,0.0252864774649567,0.0306559770868924,0.0281795251091981
171,2015-06-24,0.0237894685960067,0.0265083203408938,0.0266506935323597,0.0225055734621838,0.0315925202301684,0.0293019145357137,0.0268979865172285,0.0397658179981238,0.0246940072501644,0.0310249816774321,0.0191631606750787,0.0275643122468359,0.029818930817448,0.0303653665163421,0.0342221871483784,0.021434816203395,0.0372531969399445,0.0251876354411695,0.030318683058165,0.0282366292329633
172,2015-06-25,0.0240581054306004,0.0266083289454992,0.0273149972181332,0.0232568666429867,0.0314548531848536,0.0292520705730387,0.0269052952488169,0.0395160585174915,0.0254001351976699,0.0311413213977975,0.0198949583611916,0.0278550588417769,0.0311974478266914,0.0302331613737601,0.0341859949034193,0.0217608222496779,0.0373525525731119,0.0257592242475017,0.0311291845695923,0.0284036904956767
173,2015-06-26,0.0252118920802821,0.0276949058253104,0.0292459963380533,0.0248359902014338,0.033680938815981,0.0309906317297124,0.0287686207541615,0.0420242016973194,0.0273653545009586,0.0319495741455248,0.0227144128784952,0.0295847413932275,0.0341859005647719,0.031122120984025,0.035680070111934,0.0243384504342238,0.0392248049641379,0.0282467035613076,0.0332117878593064,0.0301990774846893
174,2015-06-29,0.0251761599976209,0.0278140432479213,0.0296500189739511,0.0251988509484941,0.0336776265105261,0.0312205137782038,0.028713847004017,0.0419858669348614,0.0285819020812861,0.0321277014154953,0.0250936744450085,0.0311390679478206,0.0353803658452767,0.0311287691699963,0.0356797862855567,0.0250742774232888,0.0392229718084039,0.0300646997457287,0.0350462198404035,0.0303536333611774
175,2015-06-30,0.025600176664147,0.0277476803917902,0.0293460618345745,0.024897725569488,0.0337101663985286,0.0310274255192117,0.028606032237274,0.0420668628246551,0.028877448800195,0.032293772337297,0.0254691441941738,0.031299334418686,0.0357302787575563,0.0309459913780228,0.0357625204922489,0.0252996832443251,0.039164017887268,0.0306398576174935,0.0351527907109819,0.0306914942064938
176,2015-07-01,0.0261719652717926,0.0284948675773173,0.0301530275220757,0.0256973614080591,0.0356665454323851,0.0320748517337323,0.0303255073959837,0.0440407152018159,0.0299122489685048,0.0331174842315032,0.027613743561565,0.0326890017894518,0.0372247938006068,0.0316345024838857,0.037529524596016,0.0264466101951291,0.0408356235559502,0.0321006517868852,0.0363509911521963,0.0312808167090495
177,2015-07-02,0.0261723191935247,0.0289274642351217,0.0310968166152281,0.0265833825634569,0.0375741313060529,0.0334781123182329,0.0320433777782929,0.0462926994064551,0.0310698925188703,0.0338586318903152,0.029511199233749,0.0343065972567734,0.0388749427880965,0.0322533612077429,0.0393347028097075,0.027180188673672,0.0422923456419553,0.0339876912024322,0.0379939957052666,0.0323739822432494
178,2015-07-03,0.0273030144970705,0.0294935062232088,0.0322019355784075,0.0278222258871926,0.0393299288335906,0.0352623959020904,0.0336799523639751,0.0481909012904338,0.0325916694615407,0.0349430620755622,0.0312375838491097,0.0359347084259916,0.0403590740134704,0.0331860985665862,0.0410218941086918,0.0278564672058295,0.0437908548638013,0.0352603829584979,0.0393480762180301,0.033746188627537
179,2015-07-06,0.0280740868127932,0.0295043545117608,0.0323799832178607,0.0278120954085417,0.0397083296283027,0.0353957618597026,0.0349247012843609,0.0481712390817729,0.0324473769814676,0.0346114506143087,0.0322215286018023,0.0360108383851335,0.040442940760001,0.0332319537625474,0.0411510241309697,0.0281763294257766,0.044377794570663,0.035221367158474,0.0394210523140148,0.0337241353535657
180,2015-07-07,0.0279211455619858,0.0293258290527101,0.0321069607984509,0.0276344241464943,0.039687606317605,0.0354851476348655,0.0355045897328328,0.0480912294255356,0.0320571852465224,0.0342343378794754,0.0336164529410364,0.0365262397204071,0.0408512823376051,0.0329741532117545,0.0412905295706631,0.0279621917744209,0.0446317775906205,0.0350732635855465,0.0400397991270455,0.0337144052079046
181,2015-07-08,0.0298632545894335,0.0316515535502265,0.0334868973292141,0.029143369511246,0.0412270124248005,0.0370525203878517,0.0366322526311733,0.0498135316705983,0.0333008168096207,0.035067527295324,0.0350551204147026,0.0368959147515107,0.0420220900145323,0.0338558023524977,0.0426025064449525,0.0297534365735369,0.0459558989523955,0.0366522248887492,0.0403663945555336,0.0352157885842683
182,2015-07-09,0.0307388575914367,0.0323434165554565,0.0338771589086128,0.0297231494484375,0.0424988056303546,0.0378249667384788,0.0377879025639732,0.0512087336502322,0.0345509313853918,0.0355263645058866,0.0363751912070256,0.0377542020270653,0.0420235477967899,0.0339566716556684,0.0436795068546983,0.0308466322393047,0.046684861105204,0.0376393105259028,0.0407714874717513,0.036353710815378
183,2015-07-10,0.0309494995786353,0.0327055009219169,0.0338935424406877,0.0307021555232559,0.0436843496371432,0.0385660773116397,0.0383498207622096,0.0522241976319853,0.0351543001160419,0.0352884665762066,0.0376671141861253,0.038882234120992,0.0418738143064972,0.0340091255413537,0.0445099738550365,0.0318231922390843,0.0472730054071212,0.0385297323977881,0.0420176601917538,0.0371335045507653
184,2015-07-13,0.0311078158508393,0.0326666703456141,0.0337191363889436,0.0306675696944451,0.0444187019372652,0.0385122000578446,0.0388303130879331,0.0529494312721684,0.0356914470356372,0.035113076934017,0.0391827507704483,0.0390906400374388,0.0417870417426399,0.0339175584999049,0.0450339858536457,0.0324504222043355,0.0477315215175779,0.0392155316637197,0.043700920716083,0.0375825437396425
185,2015-07-14,0.0314251715798065,0.0330937165290106,0.0343718070316069,0.0310581706237441,0.0441738341584016,0.0393680893839406,0.0397408036385616,0.0534108449206597,0.0357645933446838,0.0351753846745135,0.0394120524806932,0.0386559457361447,0.0426792237699832,0.0339400763485261,0.0449465031338773,0.033559995139968,0.0473143465214481,0.0396986371090421,0.0439513101919331,0.0377401889644135
186,2015-07-15,0.0320210889656702,0.0330837406413462,0.0343601907773221,0.0316420904703909,0.0453974607467977,0.040118049446907,0.0408182888349539,0.0544530065444757,0.0363837879924911,0.0359641192641639,0.0406710285245121,0.0392204365610249,0.0436327330080487,0.0338309148563017,0.0462072681594502,0.0349110031578946,0.0481868462998902,0.0409574062162402,0.0443014715077122,0.0379691607429343
187,2015-07-16,0.0318555090639837,0.0325729075422468,0.0340245093046832,0.0312473582294325,0.04523605539226,0.0398748757700049,0.04031664480882,0.0542510956311363,0.0359859215818739,0.0353268658716981,0.0406734903069004,0.0391748774084584,0.0435630812610399,0.0333484444936097,0.0459369094460064,0.0346564345458845,0.0479691983530409,0.040493588491875,0.0440744118539324,0.0381238136523201
188,2015-07-17,0.0314813066483225,0.0323125583458279,0.0335776206905981,0.0311019436260332,0.0452116649377902,0.0396885714134723,0.0406740438114144,0.0541592950792078,0.0361492986865576,0.0351720811455778,0.0408480613339349,0.0392317918845756,0.0431214688501169,0.0331918850709358,0.0457962056722264,0.034838095929519,0.0479100409357895,0.0405691252499084,0.0441722074736438,0.0385685345777443
189,2015-07-20,0.0313546220811953,0.0321854831837766,0.0334714442120603,0.0310930359956128,0.0451132212638073,0.039726381545452,0.040545139015238,0.0541604243706151,0.0359655434069627,0.0350016173970595,0.0408464462974199,0.0392207925745468,0.0431921910756743,0.0331881424270448,0.0457912825675841,0.0348204938892566,0.0479811383947048,0.0405342163814659,0.0445507640146662,0.0384892193360267
190,2015-07-21,0.0312365704937491,0.0320933611548968,0.0330421458886725,0.0309625736855147,0.0449663011193763,0.03949616366955,0.040245852652886,0.0541596816720777,0.0356643065593808,0.0347007197059972,0.0407172936579401,0.0390987499928722,0.0427643650154555,0.0330605401648909,0.0456962103074351,0.0347825963609431,0.0479907602159036,0.0404820312033652,0.0444980393775757,0.038435594329666
191,2015-07-22,0.0310738512967856,0.0319496643515812,0.0327344248048465,0.0308034768313437,0.0441992058339313,0.0392829948647475,0.0402589112236912,0.0534628990295526,0.0353865128783728,0.0343362268696062,0.0404287327822857,0.0387291835649591,0.0425158648110001,0.0325064014592433,0.0451189193523381,0.0345138890265398,0.0474618817544439,0.0402726638769657,0.044670653118279,0.0383163662163186
192,2015-07-23,0.0309711710255076,0.0319419198020093,0.0324292662247795,0.030769426697892,0.0441790784954788,0.0390363063568017,0.0403031790715309,0.0534121815281544,0.0352426477627932,0.0338765612600427,0.0404974759241339,0.038545339662658,0.0422387810884463,0.032528761212014,0.0450499136480626,0.0345418944694209,0.0475909915739395,0.0402411723533083,0.0450504118023649,0.0383741998431384
193,2015-07-24,0.0309237790780658,0.031907033108405,0.0324183392064864,0.0307518200229517,0.0441718351585248,0.0389788573116053,0.0403148476671562,0.0534081970507427,0.0352294702522399,0.0337140720626578,0.0405380251139946,0.0385860820102162,0.0423685902111794,0.0325028068968684,0.0450521167931914,0.0346338570879424,0.0475920319887718,0.0402429887655976,0.0454558625701579,0.0383708677094717
194,2015-07-27,0.0320153312078636,0.0323742701729464,0.0328459486284085,0.0316688447912889,0.0452114466981956,0.0400239272633979,0.0410694746996099,0.0540615341095263,0.0362707411198476,0.0342766069832723,0.0420609170302917,0.0402014725240493,0.0431832707283415,0.0325858338048342,0.0460437928433456,0.0361976082621795,0.0486187321542398,0.0412282320015966,0.0454704832972059,0.0397313235968267
195,2015-07-28,0.032166223917052,0.0325651986688006,0.0330630282366447,0.0315128553900484,0.0451925958778107,0.0400324816133524,0.0411814532538661,0.0544046365113809,0.0365854435020218,0.0342171585215561,0.0420362896082074,0.0402130515445079,0.0434258652120986,0.0325771427398282,0.0460841870573054,0.03596280707713,0.0484947681650292,0.0413237937572726,0.0458720822317723,0.0389944309208082
196,2015-07-29,0.0319936573085104,0.0324318361080589,0.0330924483149049,0.0315816539628336,0.0457163551944457,0.0402402020047426,0.0416893963385685,0.0545450672672088,0.0372345841185835,0.0345425099681411,0.0426104025499528,0.0403036427221264,0.0433680330017026,0.0325783855027092,0.0469504117219621,0.0363626113244402,0.0488345435292812,0.0406003891960024,0.0447725920315164,0.0393164168338149
197,2015-07-30,0.031921061857873,0.0324622082330295,0.0332645838079946,0.0317206755460342,0.0457997527105795,0.0403928344457555,0.041857376473279,0.0547732147841449,0.0373745881589716,0.0346877284190096,0.042649509814472,0.0405108936688447,0.0436275215826483,0.0325844328951073,0.0469423881531527,0.0365239657784636,0.0487033018292515,0.0407548940769228,0.045032705538136,0.0394068295124298
198,2015-07-31,0.0321918067325458,0.0326057942796328,0.0328498040217095,0.0312903445502641,0.0445766772316401,0.0394204289636404,0.0416752764029793,0.053814118984109,0.0372824561547983,0.0342890922070341,0.0425828414386926,0.0401301555613913,0.0434720062585672,0.0317456033159152,0.0458544029458595,0.0365129612195867,0.0475509660990112,0.0407874972050118,0.0452726896632604,0.0392411936084541
199,2015-08-03,0.0323620258436579,0.0324902513904359,0.0325336550040678,0.031164120138546,0.0442540064218721,0.0394796531950891,0.0412367959555849,0.0529770910074233,0.037404173323355,0.0341379878436892,0.0427365953118932,0.0399849053756239,0.043626322661792,0.0311332267931714,0.0453139824139241,0.0368189570690818,0.047338663978527,0.0405111022865912,0.0443199959796515,0.0385332801942944
200,2015-08-04,0.0324008093559266,0.032497176377975,0.0325479215531988,0.0311060429990769,0.0441132554061232,0.0392865686923996,0.0417870896877424,0.0528150763049898,0.0376181189037835,0.0342007330094176,0.0431281297369094,0.0399107271349746,0.04363117662513,0.0307797396422875,0.0454751130006785,0.0368044180433613,0.0472913485396691,0.040509529963874,0.0443858317916606,0.0378165939397954
201,2015-08-05,0.0323635895721626,0.0324967884598982,0.0326064885722817,0.0312376462499919,0.0435714079926899,0.0387667928918793,0.0416315908163888,0.0521701988016147,0.0376061706291281,0.0339994721679684,0.043132923163267,0.039472338372225,0.0436634068243296,0.0296535734105668,0.0443924051216292,0.0367767922751936,0.0460716303048331,0.0405959826560844,0.0448455578919086,0.0372893023813954
202,2015-08-06,0.0323897387506662,0.0323727919294542,0.0324003353069859,0.031197985481665,0.0433723361930601,0.0386668487509352,0.0417783792810376,0.0519929510896994,0.0374687528597747,0.0338272085709493,0.0430562766839909,0.0392625373510383,0.0434652703948767,0.0294181760040893,0.0442568905269066,0.0367411493577434,0.0460810777232444,0.0405666262966387,0.0452973463558269,0.0373109672465073
203,2015-08-07,0.0324515577989816,0.032232211210967,0.0318307369373923,0.0311294496676845,0.0431202804982864,0.0385886336601306,0.0419565255829267,0.051703112352948,0.0373248193232336,0.0337228164158011,0.0428759557312833,0.039064647256332,0.0429635261155985,0.0293219003281606,0.0441169613063768,0.0363842407948991,0.0457925046691882,0.0404668977418388,0.0456859604671849,0.0372482335388811
204,2015-08-10,0.0327592756120651,0.0326355529755114,0.0320854648494968,0.0317007741120646,0.0431591050385326,0.0390148453199941,0.0428784690824257,0.0516733581167655,0.0383279686151156,0.0339999166702768,0.0436140527523984,0.0391654531324632,0.0431492948262075,0.0294523135047813,0.0441274204113005,0.0368958941463571,0.045681810345754,0.040776835986101,0.0461934126314936,0.0376457026954431
205,2015-08-11,0.0327004349601688,0.0326212547368389,0.0320502314166645,0.0317060882232317,0.0430704928498173,0.039011041503659,0.0429201748608032,0.0515707753074359,0.0383017214834597,0.0340061196378514,0.0439932425493931,0.039110948088639,0.0429934945975037,0.0293401110541218,0.0439001353662738,0.0369152944275376,0.0455901248070138,0.0408409119629093,0.0460001945352716,0.0376692116505073
206,2015-08-12,0.0326996695823862,0.0325897851474741,0.0319782478138377,0.0316865170742296,0.0430334366810766,0.0390058929116437,0.0426137611202427,0.0514796713213162,0.0377819301947798,0.033855525628941,0.0439729411848466,0.0390959544643659,0.0426688873066573,0.0294094226464381,0.0437932582791583,0.0368781038670229,0.0455961386158171,0.0409376773140581,0.0458050510949404,0.0376709889646667
207,2015-08-13,0.0326067709973642,0.0324856800709607,0.0320358289276062,0.0316497148595567,0.0429700403285019,0.0389668906520995,0.0427165416977962,0.0513608652181651,0.0380917014178523,0.0340878117351937,0.0440951022088219,0.0391496072840801,0.04266876908936,0.0292684017030728,0.0440248285054113,0.0368579441777028,0.0450860307781605,0.0408231829212748,0.045548522441835,0.0376435682396286
208,2015-08-14,0.0325910377709141,0.0324643655818239,0.0320375991319381,0.0316551016921248,0.0429536820085026,0.0389472950560669,0.0426511592036999,0.0513189508081235,0.0380479599888531,0.0337036498078274,0.0440565093234766,0.039059255464104,0.0426866260534783,0.0293319083015729,0.043958275567688,0.0368747848603581,0.0447623422378285,0.0408989087300162,0.045904731758625,0.0376405432124622
209,2015-08-17,0.0325369021036076,0.0322025958325542,0.0317560432421425,0.0314050716768512,0.0429485798854712,0.0388633904828678,0.0425334275523469,0.0510916412747223,0.0381404327457258,0.0336841034128428,0.0441767946305988,0.0390540608156636,0.0420643866704799,0.0291507560099101,0.0441478444638107,0.036755877017884,0.0445860231511539,0.0408829221264583,0.0458670186618585,0.0375250708595444
210,2015-08-18,0.0325382772160171,0.0323949350574728,0.0331144846358493,0.0316932760492869,0.0440955061110129,0.0401151120320712,0.0434777444104802,0.0522368922463334,0.0392383828239586,0.0341415717263458,0.0452817241634927,0.0400967264446368,0.0426298454954171,0.029158335821154,0.0453392405836546,0.0377103130402066,0.0457957330748597,0.0420303134810692,0.0474481317279482,0.0386822658040182
211,2015-08-19,0.032579245163846,0.0323000242661592,0.0331398745577056,0.0317889842256048,0.0443265033011494,0.0400967705041985,0.0435038276724782,0.0521914250431262,0.039413063592735,0.0339097000306168,0.0454744432801663,0.0402148094632804,0.0423351166518259,0.029206745292398,0.0454607744019477,0.0376787148509099,0.0457684078826279,0.0419506068324201,0.0474021633340236,0.038925890762096
212,2015-08-20,0.0324110914098535,0.0321517403442864,0.0331168083190416,0.031700892787803,0.0446789286222608,0.0401272359313155,0.0440095048670641,0.0526292904277778,0.0392952096622659,0.034238736318289,0.045383597153085,0.0400046950985738,0.0419490341972485,0.0290750147831352,0.0455480009061073,0.0375783402009464,0.0458130274863597,0.0416571731005924,0.047084248251159,0.0386476255513757
213,2015-08-21,0.0320072091225739,0.0320544992078404,0.0330337294920916,0.0313507066935965,0.0447029175159037,0.0397985428036493,0.0444305304342431,0.0525345603772091,0.039200668899614,0.0344774961491521,0.0453847341797753,0.0400697674554002,0.0415409802145898,0.0289378758296105,0.0454570621723232,0.0376607861911646,0.0453931552799295,0.0414686581294888,0.0469959771641051,0.0387011250690115
214,2015-08-24,0.0333840822336898,0.0331393385939188,0.03397854733198,0.0325551867199249,0.045798520663401,0.0406739497204948,0.0459601212508934,0.0534956986651574,0.0400371499888017,0.0352031172149828,0.0461791759606149,0.0409928569987394,0.0416516487629579,0.0288283631910034,0.0464246246209775,0.0385291260087011,0.0464338033189296,0.0417126815999841,0.0474766707976378,0.0398115794893041
215,2015-08-25,0.0349395734750224,0.034626265925947,0.0348089181700315,0.0335595742351623,0.0467774282336265,0.0415797239193322,0.0473837783742816,0.0542397866315082,0.0407248289605978,0.0354066986713227,0.0469981946652979,0.0416979858321879,0.0415100258541683,0.0289445572896053,0.0474628466195662,0.0396437029391826,0.0471389655416451,0.042686916574766,0.0487072891276516,0.0407797887789919
216,2015-08-26,0.0339209852634051,0.0335426550292865,0.0348271785904547,0.0333719456836616,0.0461230438320847,0.0408808962532316,0.0481147630651568,0.0535272322779722,0.0403517582774521,0.0341836434378658,0.0476225203062856,0.0417624385139731,0.041495931085491,0.0273294811804847,0.0467449827559337,0.039400639878609,0.0464283762202332,0.0427151254783218,0.0483767689412485,0.0401516551701
217,2015-08-27,0.0341915740192369,0.0337924645904342,0.0352647345307725,0.0335931592969755,0.0466075951205064,0.0411633203345176,0.048089651080663,0.0538640677637596,0.0407226818473156,0.0344144491176478,0.0476211781444489,0.0418421374293784,0.0418361995978126,0.0273615615654526,0.047399920841423,0.0396276964435148,0.0471460956550118,0.0427112593601387,0.048662705752294,0.0403867200266436
218,2015-08-28,0.0344754808679189,0.0333637416801403,0.0344766336125419,0.0334663288678936,0.0464812223411365,0.0406353220410258,0.047882840163838,0.0524514369116986,0.0414304683614641,0.0339152163356238,0.0474471696146015,0.0416437130103178,0.040734385898437,0.026507333193645,0.0476113924574876,0.0395686894047222,0.0466241530813702,0.0427197442888168,0.0484685111337477,0.0402155115651982
219,2015-08-31,0.0344127184355125,0.0333430378846217,0.0342811839705536,0.033575627785531,0.0464345506157521,0.0405024998542804,0.04798153378915,0.0521900332697233,0.0414584514860122,0.033951583970667,0.0472717899278751,0.0414232257414106,0.040249369192075,0.0266628513457356,0.047641436720739,0.0392644829227703,0.0466188254431394,0.042504491038885,0.049033055698769,0.0401163450126898
220,2015-09-01,0.0344702151274758,0.0333365000110262,0.0346479937394353,0.0336564677677811,0.046584851416278,0.0405249483908418,0.0479688905430475,0.0522513251563094,0.041546914228359,0.0339736270667131,0.0472978997541336,0.0414217621015208,0.0401550777504272,0.0267439146845001,0.0477966914909366,0.0393205977922239,0.0468271428299112,0.0424774202847418,0.0495408404699363,0.0401179416037419
221,2015-09-02,0.0344255553833281,0.0333877975762221,0.0340246339611384,0.0338474205577804,0.0465376593956728,0.040106962344247,0.0485708968552949,0.0519345866125651,0.0414669691629702,0.0341713287335267,0.0473366521843002,0.0414652483174545,0.0397665131282324,0.0267017705915451,0.047832373899443,0.0393007589003426,0.0467930129491158,0.0429874367949902,0.0500443865131926,0.0404314979274697
222,2015-09-07,0.0342203100562985,0.0334436449882539,0.0342007931490868,0.0338021614943667,0.046942437617148,0.0401925236237,0.0484888722647994,0.0519634171917093,0.0414732906122839,0.0334941364772994,0.0471882453522535,0.0412725730033511,0.0390693439728913,0.0264527050013196,0.0477755250350084,0.0392078421870311,0.0464838756853402,0.042605655049664,0.0491725935493615,0.0401712330344991
223,2015-09-08,0.0339619193564014,0.0333044630456311,0.0341330962853892,0.0338673128595657,0.046838185378628,0.0399357951680001,0.0485674349043621,0.0515853266759375,0.0420218150671668,0.0333060108773585,0.0472272654361498,0.0411871170251552,0.0386642762614313,0.0264044936449108,0.0479651526523009,0.0393045771227051,0.0463010242872237,0.0425571071203945,0.0493548033854796,0.0402204536743382
224,2015-09-09,0.0340542095606748,0.0334733101201983,0.0336237858266729,0.0338844410872783,0.046790143802831,0.0398886981262021,0.0485694263849653,0.0511594856709159,0.0424984415558125,0.0332983707017889,0.0470943216593903,0.0412468505815421,0.0372626508738295,0.0265098430310706,0.0480231057575531,0.039316100015992,0.0463721692053159,0.0426710286744315,0.0496270240978706,0.0402966056738987
225,2015-09-10,0.0340717051563559,0.0334930023471289,0.0336423436288067,0.033895264293608,0.046928806897429,0.0398911020727761,0.048786242715844,0.0511524967972876,0.0424987359933476,0.0333197723477316,0.0473356855873729,0.0412789618974643,0.0372113265585398,0.0265753453438214,0.047969289946414,0.0393130503519038,0.0464796037879101,0.0427220286795664,0.0497375526196056,0.040282597065838
226,2015-09-11,0.034072580331988,0.033504586766314,0.03364159847212,0.0338491339641563,0.0469122292676627,0.0398724597696253,0.0488316561956487,0.0511505097034145,0.0425241490124431,0.0333206101585789,0.0473036945120462,0.0412685195815793,0.0369853862145556,0.0266983345284771,0.0479809598890012,0.0393023025159962,0.0464376022899529,0.0427247911223212,0.0497245819856721,0.0402813034969096
227,2015-09-14,0.0341234833208043,0.0335683120128525,0.033752631975612,0.0336984682643673,0.0467931524649526,0.0397064195756964,0.0489174911783905,0.0506919839030102,0.0428182605588935,0.0334494600238149,0.0479801865501383,0.0415969491331315,0.0370943982842995,0.0266933550797712,0.0478005586492002,0.039269287839414,0.0459364863658959,0.0430375793739515,0.0504543882071896,0.0402637766079801
228,2015-09-15,0.0341186291025696,0.0336552312333568,0.0341577800036953,0.0336968318757319,0.0470412361466002,0.039769746363295,0.0495659097263948,0.0509036389502898,0.043318969837094,0.0337175949282723,0.0486003319823504,0.0418821399226968,0.0374485731085493,0.0267829717500687,0.0481380700494421,0.03960229615607,0.0461061078303926,0.0432926380588634,0.0503259838307634,0.0404879848188477
229,2015-09-16,0.0341635816487104,0.0339749079624559,0.0353080468609374,0.0339440072631216,0.0476760119702036,0.0401690746902651,0.0496400613971833,0.0518597447490168,0.0439563570903036,0.0338699882591183,0.0486803109082555,0.0420772079748165,0.0396126537800706,0.02629724848418,0.0489400235961363,0.0403009831824497,0.0471088896774384,0.0437486662392672,0.0506285684171993,0.0411511237957339
230,2015-09-17,0.0338723876549319,0.0337421702913097,0.0349580265351091,0.0337770108370702,0.0475237257698308,0.0396523920339728,0.049395218854097,0.0510666802444253,0.0437858431139587,0.0336858892612021,0.0486499016933083,0.0414162650340257,0.0389960561072214,0.0260792074196273,0.0483705005711575,0.0396725262434745,0.0467290674864873,0.0432156653854137,0.0499274002223163,0.0412125441309067
231,2015-09-18,0.0337996287362698,0.0336882027120968,0.0348714877998533,0.0335720953442953,0.0474379538926992,0.0396627983120473,0.0494216942661076,0.0509929813156353,0.0437161296062112,0.0336853515665916,0.0486697019189155,0.0413941926264865,0.0390287304318809,0.0261047714798239,0.0483679546326452,0.0396731299264539,0.0467598902032585,0.0431370335202395,0.0493746782392668,0.041160736912577
232,2015-09-21,0.0335534894395332,0.0333920451351476,0.0345573101602323,0.0331467830260253,0.0471785159722688,0.0392055458119799,0.0493662504140289,0.0505182157733291,0.0432615776491247,0.0334026201579806,0.0485234694887885,0.0410869337430345,0.0388320217112673,0.0268656680227908,0.0479676389585047,0.0396688818416762,0.046176122445695,0.0429114166579766,0.049479339780696,0.0408856333473824
233,2015-09-22,0.0333397051187165,0.0330606932095759,0.0343794941860327,0.032907805754292,0.047125696737593,0.0389202107723514,0.0492719183965335,0.0502314634239969,0.0432731457625795,0.033308325552197,0.0484624356741283,0.0406973829741571,0.038655206674001,0.0284350225989044,0.0476574686288582,0.039381753345864,0.0457520020503805,0.0428714308303308,0.0494797903378487,0.0408666337229828
234,2015-09-23,0.0329017216578119,0.0325526082200224,0.0342589321960943,0.0330281665683065,0.0469401378988508,0.0381253378995242,0.0490744958140945,0.0486320519831537,0.0433003733913935,0.0326787484854613,0.0482629019749011,0.0401111265580482,0.0385810034848579,0.0301779102852456,0.0469584905180386,0.0390301898551956,0.044727608625076,0.0423176830175566,0.0492947989161013,0.0408864522423717
235,2015-09-24,0.0327926728270639,0.0325723105363497,0.034247318465985,0.0328141983795174,0.0469257549571339,0.0381606650180868,0.049062119361663,0.0486160760601251,0.0431517120036254,0.0326893038448626,0.0482366950197096,0.0401804888171772,0.0382778421128087,0.0316387791590861,0.0470414100968351,0.039050138239051,0.0447209700876003,0.0422745723840099,0.0494370509977746,0.0408688089691652
236,2015-09-25,0.0321496623850804,0.0318493928872471,0.0333632298532403,0.031992945248833,0.0463044276163481,0.0374122365906709,0.0486556369809029,0.0472689183812246,0.0422038181560544,0.0322807953764415,0.0476965831488082,0.0394791342372575,0.0371492204578055,0.0325651668465081,0.0462382256500808,0.0380527890117325,0.0437808140607366,0.0414249122175589,0.0485646829359941,0.0397117559149097
237,2015-09-28,0.0320853971919897,0.0314614203255214,0.033353222132119,0.0318919444788265,0.0462382554468156,0.0374250343896237,0.0486883693588348,0.0471340462277241,0.0415500053876442,0.0322854374746787,0.0469816715656588,0.0388367941141322,0.0368839118857935,0.0345526701915955,0.0462700239413381,0.0378348343488283,0.0437022254520447,0.0408119312811723,0.047692144752921,0.039634493367982
238,2015-09-29,0.0314928713766844,0.0312268387757433,0.0330828906777817,0.0317242068696274,0.0459919130724467,0.037285400219179,0.0481932130230906,0.0467481826887853,0.0413188355802054,0.0309584675130452,0.046499648951689,0.0385122657622589,0.0357562014778547,0.0363064955441924,0.0459109938474426,0.037428337012185,0.0437432718542006,0.0398486536220359,0.0470987874754907,0.0393379411123476
239,2015-09-30,0.0311847406538884,0.0308431922636054,0.0328380512140506,0.0313012966249151,0.0450018613233304,0.0368939696596727,0.0477561275601275,0.0454359961248981,0.0407126730119855,0.030524450366093,0.0457942456605918,0.0378543653458531,0.0352424912812017,0.0381088892208256,0.0447873746577394,0.0368465531810801,0.0427902407854251,0.0393342892659229,0.0466051310904829,0.0388706125545323
240,2015-10-08,0.0313505405213948,0.030877854368627,0.0326843050446764,0.0310069709445583,0.0440802285147543,0.0366484288188236,0.0481927651923693,0.0441024956630015,0.0402053944590242,0.0305763993698486,0.0455538416097315,0.0372475706079891,0.0348442161431906,0.0401727460365514,0.0436327435854913,0.0369541004328592,0.041880725939783,0.0388541854019138,0.0459904952931403,0.0382994512487577
241,2015-10-09,0.0307232958394706,0.0308098438595819,0.032136260611251,0.0301712295981013,0.043068489947292,0.0355785203276581,0.0478838603787341,0.0428823374230619,0.0389694607920871,0.0297485217726694,0.0448734235074453,0.0364744748211576,0.0341708141776314,0.0411517322540244,0.0422251335629881,0.0366218686303903,0.0409611360156399,0.0387225242158714,0.0449294276454359,0.0371593382472616
242,2015-10-12,0.0298569190665487,0.0312853888431088,0.0323435084465706,0.0303745747191407,0.043202971319868,0.0359945656415451,0.0487207306371762,0.0430962583716908,0.0393455664202573,0.0305154126755286,0.0447817242716369,0.0366302340569029,0.0346872613712185,0.0454586911144358,0.0424536045768114,0.0368069657503239,0.0407304482450124,0.0393927967814903,0.0456804839267264,0.0374617835278167
243,2015-10-13,0.0296455837132693,0.0311368946172056,0.0322897624978084,0.030372707567444,0.043156887259739,0.0360292550213112,0.0481754295890828,0.0430085499211675,0.039388338057357,0.0304673402290614,0.0439160200812092,0.0360874728111295,0.0345152506094091,0.0491263375379852,0.0419492826874831,0.0366958354707808,0.0404404792729628,0.0391511064952428,0.0450165314487656,0.0373907571252699
244,2015-10-14,0.028101683033174,0.0293563891196602,0.0313657414293395,0.0291078091443573,0.0418711276733257,0.0347040770317657,0.0476203210434216,0.0414176477705317,0.0381455706465354,0.0296387093033409,0.0428927991248528,0.0358529501285048,0.0338612758331118,0.0527034959999621,0.0405035369386009,0.0354132919608059,0.0391553876297992,0.0380657871432219,0.0445259699006623,0.0357594830598204
245,2015-10-15,0.0271605829183755,0.0285378120931601,0.0307306131793344,0.0283500155922063,0.040531508653549,0.0340026470205557,0.0473924620722304,0.0393059044689845,0.0375378779671753,0.0298182952656144,0.0418653883901715,0.0347710306533302,0.0338956701243266,0.0597152569261643,0.0396162159715986,0.0344284916883602,0.0382040471186796,0.0371229070733082,0.0436316250150639,0.0350058382384898
246,2015-10-16,0.0270692137020454,0.028014209587705,0.0300019986767224,0.027011127425,0.0389522806934156,0.0330418416329923,0.0474574760405921,0.0374788173142095,0.0369810468319654,0.0300068988403902,0.0407227548488529,0.0329411212942793,0.0341583240373253,0.0642829205049018,0.0386288875326051,0.033372235200907,0.0372392712056755,0.0358750424610292,0.0408702348688477,0.0343210915311773
247,2015-10-19,0.0269203301525306,0.0280318651490178,0.029947744699335,0.0267528983902886,0.0375774978569481,0.0328551970381361,0.0468400700213855,0.0358615823819092,0.0363938899218063,0.0296420090291322,0.038904381131451,0.0321775671244684,0.0339523114483705,0.0671727059523668,0.0377274010498055,0.0325183639708867,0.0361161727272622,0.034580944979606,0.0366501678421113,0.0336281769068796
248,2015-10-20,0.0267742484409187,0.0279373520476294,0.0297918194954326,0.0263468127195348,0.0372148432075237,0.0321430762825892,0.0462953913801246,0.0354559020927323,0.0362364305084094,0.0296608083656401,0.0388289231326477,0.0319261996437371,0.0336832763622187,0.0706098304534114,0.0376198108349041,0.0317494189923818,0.0361828897894589,0.0342356821185122,0.0366523209175999,0.0334726731481678
249,2015-10-21,0.0258555991950441,0.0280318099278212,0.0298792230750545,0.0261851844583393,0.0359221706751676,0.0315308782897575,0.045725693545283,0.0342616013391312,0.0360409972886172,0.0294398085320626,0.0382097170116998,0.0319384900785509,0.0332866167268979,0.0740590450070335,0.0361282622804008,0.0305168101957898,0.0352235576412041,0.0333800675499546,0.0366199941800635,0.0324387700325045
250,2015-10-22,0.025880213369685,0.0280766825803252,0.0300304450312378,0.0262290255321974,0.0361328943290808,0.0318232137337765,0.0462396051646629,0.0346811397481531,0.0362492764789706,0.0300855736305197,0.0384220151631008,0.0319427955983905,0.0336424682478178,0.076638381648098,0.0363252027854561,0.0310371755500303,0.0355325538366817,0.0336330565776857,0.0366902090869408,0.032514932924008
251,2015-10-23,0.026027905527107,0.0281481643861692,0.0301425700682864,0.0263900768731781,0.0358018971911963,0.0319214271842322,0.0456768410561234,0.0345598434759465,0.0359508608692425,0.0302358966570348,0.0382505911528535,0.0315288504560243,0.0339920846885285,0.0767130136227717,0.0361070694591276,0.0310349109765532,0.035426591018875,0.0335592587410134,0.0362521914827228,0.0322251534667956
252,2015-10-26,0.0259272630941545,0.0279958152004516,0.0302772466062015,0.0264123760049979,0.0359261625904389,0.0320264016586108,0.0456295351210152,0.0345933676828087,0.0359507734853163,0.0303749117760187,0.0383047224025499,0.0316973572871339,0.0342064719473897,0.0773324352575409,0.036181163703537,0.0311987285278049,0.0353807829123456,0.0336194438552865,0.0359643145536585,0.0323133274396449
253,2015-10-27,0.0259656341321622,0.0280298239866756,0.0303299668557191,0.0264235282947658,0.0359324654385213,0.0321123245220495,0.0457202889177998,0.034586958205979,0.0359589534746823,0.0305569228233666,0.0383953619739494,0.031869471670858,0.034266544716083,0.0771907644881944,0.0361875925330272,0.0312800436628847,0.0353129822518752,0.0336533356089984,0.0359034573950997,0.0323759881962555
254,2015-10-28,0.0259657294665518,0.0279354692817996,0.0302833073742922,0.0264214627311696,0.0358002297174733,0.032191679162146,0.0454620661043714,0.034534213044096,0.0359259286965369,0.0305905514452339,0.0382722147242437,0.0318678736883044,0.0342498563810848,0.0771572921334372,0.0361256769871632,0.0313864745579225,0.0350991857585028,0.0340740637053584,0.035600973254348,0.032410428757062
255,2015-10-29,0.0259337275680727,0.0278651947272839,0.0302901614631787,0.0263597820074986,0.0357918196993916,0.032216349225746,0.0452819801116238,0.0346176334087681,0.0358251465947679,0.0308257652336755,0.0380952675883603,0.0317870163192181,0.0344058458709006,0.0769101007736986,0.036182761464588,0.0314880104840188,0.0349483912083184,0.0339557440168273,0.0353229543123818,0.0324188587891206
256,2015-10-30,0.0259323808798339,0.0278208301355869,0.0302940611292885,0.0263540208849019,0.0357900904005232,0.0322161660159862,0.0452586340231403,0.034616320627627,0.0357995000961702,0.030845830599487,0.0380819191998672,0.0317493536772111,0.034317723804745,0.0768389285709156,0.0361848266723249,0.0314404681237046,0.0349471602536115,0.0339750626578331,0.0349532877191725,0.0324172985541264
257,2015-11-02,0.0232717619926643,0.0258134667428789,0.0292681428986762,0.0248581159816506,0.0342311825628595,0.0302953509555715,0.0443649910190436,0.0331515691763231,0.0344521495416757,0.0299071169059681,0.0363886030547406,0.0299281589158466,0.0332361957793804,0.0770142797979653,0.034275312394281,0.0295731314349169,0.033492130620181,0.0325477063013392,0.0346081643895583,0.0304312155182651
258,2015-11-03,0.0230756308879654,0.0256248852101284,0.0291533183469043,0.0248472795740485,0.0343006173397561,0.0303093787651452,0.044220324502449,0.0328534308851643,0.0338422452743296,0.0300256897602043,0.0364542206427844,0.0298624723398591,0.0328431246485078,0.0771672366615756,0.0340493752863948,0.0295971022922135,0.0335107281623561,0.0325390679788844,0.0344780162795106,0.0305009271602675
259,2015-11-04,0.0236070346472108,0.0261009923766527,0.0296153145055333,0.0249507277185271,0.0341006628628704,0.0306756780400799,0.0443701850705352,0.0329217260348337,0.033748484654889,0.0308719849379119,0.0361827963780126,0.0300594302554648,0.0335508006571038,0.0768587632356298,0.0335885601573959,0.0296612575638979,0.0333537431243407,0.0328454088831917,0.0347199623860918,0.0304284255820853
260,2015-11-05,0.0238212871699598,0.0262135699859363,0.0299380923813322,0.0248769980638792,0.0339481323464651,0.0307621621722453,0.0442815611403508,0.032753688721311,0.0335110275286755,0.0309784478651802,0.0362807804709908,0.0300868495877216,0.0334024936409421,0.0768089550838855,0.0336014605835928,0.0294946955909024,0.0333325810253507,0.0328633292660224,0.0349243853109071,0.0302723367249716
261,2015-11-06,0.0234354644490383,0.0260353151840873,0.0300428644998845,0.0249106033713791,0.0339986696169042,0.0308882411817938,0.0444324482679894,0.0328045068093566,0.0335956567337543,0.0312885588568155,0.0364719792750494,0.0303447044829439,0.0334235499817492,0.0765633948829268,0.033627204402923,0.0295637533573374,0.0332733428883113,0.0332195744650811,0.0348461987608156,0.030257177168675
262,2015-11-09,0.0229395298013476,0.0260346046836179,0.030333147933896,0.0248581099918955,0.0338010257379723,0.0304992125074569,0.0444794740939037,0.0329852366748777,0.0335942374371729,0.031428961707374,0.0362529997617232,0.030550939068358,0.0331115515187294,0.0761741723632815,0.0337139325149049,0.0292610843041554,0.0334820308758814,0.0332415560871053,0.0348461987608156,0.0296439130397152
263,2015-11-10,0.0228165618484855,0.0260940148640163,0.0303926530386136,0.0247950695148509,0.0337966377382749,0.0305710643465869,0.0438607782734844,0.0329192735551823,0.0336152055477261,0.0316498454409617,0.0363204080885159,0.0306320524175799,0.0330647277216633,0.0761711332344557,0.0334812442333344,0.029192617286277,0.0333322045342436,0.0335841293793126,0.0347452483463252,0.0296164894924193
264,2015-11-11,0.022670231750426,0.0260311388872742,0.0304335553583814,0.0246266166329851,0.033722162938229,0.0305944341066173,0.0438546382519678,0.0327586468956471,0.0334821582507461,0.0315872804956457,0.0363478539137552,0.030582639854952,0.0330839459340064,0.0764084824741974,0.0333111783682768,0.0291439659133011,0.0332655459120534,0.0334040339404943,0.0344280064494416,0.0294617868246684
265,2015-11-12,0.0226122443685382,0.0259277174655695,0.0304115621950412,0.0245917012614918,0.0336569341119505,0.0305583943815558,0.0437014541245905,0.0327423054947357,0.033565373092004,0.0315865682586754,0.0363413198945911,0.0306933407665268,0.0330714960924763,0.0765417691668376,0.0331233820707041,0.0291422208489102,0.0332182894893007,0.0334143666569026,0.034188924027945,0.0293718221138171
266,2015-11-13,0.0225502211713342,0.0258797903526652,0.0304123754930297,0.0245631865435883,0.0336931787566428,0.0305508123304133,0.04338395987951,0.0326654946000979,0.0338299397898041,0.0315487435552836,0.0362745916048241,0.0307236059824073,0.0330020489162919,0.0766762625354819,0.0331019182708408,0.029122594690584,0.0332121160370577,0.0333479811000694,0.0339000642696632,0.029356796550224
267,2015-11-16,0.0221562586304233,0.0254185377688046,0.0301121491484153,0.023895445194375,0.0333278028866655,0.0300948133843868,0.0426027486321881,0.0323409037331046,0.0329542016952423,0.0317212562966198,0.035110325271846,0.0304777539651105,0.0326013624198957,0.0765552049553507,0.0325642787886998,0.0285097426447566,0.032950301671319,0.0334643477217148,0.0338970508128579,0.0288777779214838
268,2015-11-17,0.0222503814891728,0.025488754390152,0.0301805559515188,0.0239190410434832,0.0334304175193977,0.0301503525482526,0.042650317282411,0.0324296808469435,0.0329573385926503,0.0318126711782852,0.0344551163974021,0.0305063477261762,0.0326492081549133,0.0766595594406123,0.0326032357788676,0.0284964868712546,0.0329499556095028,0.0332256429057091,0.033313778921234,0.0288863816003863
269,2015-11-18,0.0222641557091751,0.0254822788146148,0.0302817816556448,0.02392451575855,0.0334485302040778,0.0301846302510691,0.0426323992899967,0.0323686594081007,0.0330493106582445,0.0318649640693797,0.0345662072468644,0.0305310890909893,0.0325018857076556,0.0765701338095166,0.0326033574329731,0.028483828130417,0.0329531001149259,0.0328262281512979,0.0332926184717577,0.0288642149962141
270,2015-11-19,0.0223346045917046,0.0256412897833896,0.0304508010567867,0.0240694096432272,0.03347505301242,0.0303247948653693,0.0427721348131544,0.0323948090267195,0.0329403586307663,0.0321012443037406,0.0343711412546851,0.0306167878646086,0.0327801546009012,0.0766595805274237,0.0324901435890214,0.028599782881249,0.0329850600173422,0.0330469356319549,0.0334058209802091,0.0288342382968006
271,2015-11-20,0.022348487897499,0.0256880201768997,0.0305617512750154,0.024134593473266,0.0334860896094529,0.0303966229917757,0.0429347950921775,0.0323884784885834,0.0329459749392066,0.0323045434839133,0.0344069750101517,0.0307248312932549,0.0328731924803241,0.0764527269833421,0.0324342106616808,0.0285354388040177,0.0329998741114373,0.032985537676627,0.0331806646788913,0.0288202002989906
272,2015-11-23,0.0223406695532969,0.0256882407955667,0.0305632772956818,0.0241190696855765,0.033482523941706,0.0303134667321734,0.0429321110110108,0.0323845239940002,0.0328262784047834,0.0322988111390403,0.0340314031227681,0.0304869936229349,0.0328717001640214,0.0764004271394648,0.0322965921965696,0.0285317218151539,0.0329705522904365,0.0329879287181023,0.0330793153619761,0.0287847558196082
273,2015-11-24,0.0223656096682625,0.0253688517777763,0.0288065238138799,0.0235948253389211,0.0318309572631789,0.0284394876890183,0.0420642567544483,0.0305853563843166,0.0310641591585026,0.0312409248542943,0.0328042198526784,0.0291121081821907,0.0317101092075208,0.0765743189174596,0.0301485528976742,0.0269844672650887,0.0312001100286817,0.0313974390178184,0.031798755848556,0.0270040769405314
274,2015-11-25,0.0223320536043923,0.0254685168344276,0.0287318019111212,0.0234101453561595,0.0315892276513985,0.0285271587694382,0.0421872498428873,0.0306197762297499,0.0309805881201744,0.0313787578119709,0.0326937532652003,0.029228364055117,0.0318850641389492,0.0766388708038392,0.0301500301555902,0.0269204050153214,0.0312819310780659,0.0316668363769323,0.0322180640697617,0.026636120195846
275,2015-11-26,0.0220051465253855,0.0249313954177189,0.0280527908724376,0.0231444659967,0.0308034055051266,0.0278195477065043,0.0415216853433933,0.0293796424835521,0.030795842936299,0.0307303540361046,0.0328116345339274,0.0292644558566491,0.0310764527251337,0.0767220799775422,0.0296654658009771,0.0267690666497742,0.0307186976800318,0.0316011337776231,0.0322391737341512,0.0266271709466596
276,2015-11-27,0.0226340032006118,0.0248919902828125,0.0278227059048246,0.0233259324869569,0.0307099325625424,0.0276157894153373,0.0413304742482376,0.0293975918165397,0.0317622275199277,0.0305244115636354,0.0333748131892802,0.0296353749051461,0.0315530130716164,0.076388375716192,0.0293975694940361,0.0272602879314673,0.0305700924651229,0.0320670260864998,0.0325177765528483,0.0261562564004351
277,2015-11-30,0.0201332445144199,0.0228960978009798,0.0258968218050727,0.0208092973436271,0.0286276447170577,0.0252188311987537,0.0394965722890704,0.0271539877402971,0.0299945990541523,0.0290948842957715,0.03208940913847,0.0281968532650034,0.0302128650635907,0.0769757845598085,0.0269280822692679,0.0251558343355933,0.0284778011124221,0.0311726407945574,0.0316395340140733,0.02352158806456
278,2015-12-01,0.0162316180099739,0.0193013673268799,0.0237587107091738,0.0184931681900113,0.0263376597500727,0.0225580691627011,0.0374303351074775,0.0245989689324821,0.0279707308521146,0.0277494462525395,0.030658699903079,0.0265250855238898,0.0287179152950114,0.0775379763361422,0.0239339027821639,0.0228483972962026,0.0261297938929269,0.0293219783784557,0.030166379192276,0.0206800606094753
279,2015-12-02,0.0163805297391,0.0189721716995022,0.0224963178051788,0.0187308954869204,0.0260895815467239,0.0220501479097948,0.0357251010925041,0.0235699039225248,0.0267002777808586,0.0276518256539957,0.0299400673145844,0.0254932256319167,0.0279317198810247,0.0780828827930417,0.0229061603559151,0.0219769527351098,0.0258485783007102,0.0276186959648213,0.0287417038103261,0.0200972676040678
280,2015-12-03,0.0160695775275193,0.0189085190029466,0.0222461526408045,0.0185535688325996,0.0256182971383305,0.0219137570384261,0.0357981750609986,0.0231555325120596,0.02652925127301,0.027785832391558,0.0300685764688875,0.0256854418294267,0.0278213402953469,0.078184779325736,0.0222618146698966,0.0218955266649488,0.0250446800642928,0.027635575247961,0.0285004640057996,0.0198745765052538
281,2015-12-04,0.0153155747442613,0.018520811102335,0.0218184862330383,0.0179364581160438,0.0248278307052885,0.0215196927222893,0.035798059822164,0.0222294258591661,0.0256882034860061,0.0277202256935487,0.0298903896222446,0.0253074650092329,0.0275294593245862,0.0779470334473329,0.0213235400593469,0.0216049992953832,0.0234399165530583,0.0274386494134814,0.0274489028466123,0.0191842928916253
282,2015-12-07,0.0152698482305867,0.0185025013630926,0.0217635372069741,0.0178228018738184,0.0248200827909913,0.0214773462313866,0.0355207635731592,0.0222284370587373,0.0256705249967408,0.0278505959753426,0.030050115010536,0.025249818406702,0.0275442548459277,0.0778010547210258,0.0213388819991316,0.0215924978398316,0.0233297687605972,0.0270809233299185,0.0267223597283692,0.0191819636798866
283,2015-12-08,0.0153508903880221,0.0185297192527923,0.021535354811047,0.0178120796815152,0.0247629215014969,0.0215029459925834,0.0354853427000889,0.0222536371816633,0.0256914110009586,0.0278167803115065,0.0299723795758668,0.0252496062999933,0.0275566584391003,0.0775413357867561,0.021280477351248,0.0217256997588047,0.0231756123900727,0.0268629373531569,0.0257158678690365,0.019207550862211
284,2015-12-09,0.0144927740898793,0.0180575460499377,0.0216302178023041,0.0176258723672069,0.0247762439305103,0.0215238979712696,0.0340235992997174,0.0221487686862833,0.0255949677727032,0.0266609252142739,0.029577361192232,0.0250646570631087,0.0275368325817147,0.0775257292573291,0.0208645015264997,0.0217802163637677,0.0230780434098569,0.0253724642458778,0.0247870721761222,0.0188941841311438
285,2015-12-10,0.0145116939215274,0.0175503196431301,0.0202466151360918,0.0167039838287656,0.0225808267387927,0.0203128128013632,0.0335647010096451,0.0208069284466134,0.0256467983255066,0.0264087358456183,0.0295411573437361,0.0247158777127295,0.0273303564385627,0.077388107902673,0.0205223879745682,0.0211710149233641,0.0218565445190534,0.0252665722970304,0.0247542930002128,0.0178660514344718
286,2015-12-11,0.0145027367793864,0.017538419090983,0.0202740739264716,0.0165994051912262,0.0222964490531548,0.0203045933701285,0.0331598975828572,0.0207323743536525,0.0254131051496196,0.0266852909182321,0.0297912983536555,0.0247905450327951,0.0273514854079818,0.0772434079417573,0.0203510899048908,0.0211466848562638,0.0217534584274204,0.0254134044617583,0.0250317711213858,0.0177897613800333
287,2015-12-14,0.0145159654101275,0.0175585222189122,0.0206295180541113,0.0167566739746673,0.0223733918857221,0.0203560363574133,0.0334311592907853,0.0208533462423744,0.0261040087725808,0.0276257607213481,0.0309396842049246,0.0253315720240458,0.0279934379506241,0.0771480700230778,0.0204079447793563,0.0215220700389006,0.0218717685706972,0.026065441658851,0.0267490134768295,0.0178392962773987
288,2015-12-15,0.014326012856874,0.0173047614312809,0.0202912280640089,0.016586352491224,0.0216898076314923,0.0199279299418436,0.0325491550535565,0.0206981296131769,0.025998254693814,0.0271725248422862,0.0303123127798506,0.0247783763877644,0.0276635498444323,0.0768339933251274,0.0200423441401028,0.0211970544080197,0.0212833008200015,0.0256619481735099,0.0261700759675539,0.0175420548533877
289,2015-12-16,0.0142596496143817,0.0171591476928133,0.0201847163258908,0.0165289181103488,0.0215701056206007,0.01955494510006,0.0318308443472955,0.0206147366643849,0.026007862422152,0.0270901118434613,0.0303443779470826,0.0249138542671945,0.0275933782029642,0.0765542274795339,0.0200333789450498,0.0209220859391839,0.021194625863098,0.0253239631828174,0.0262038840254109,0.017449056791807
290,2015-12-17,0.0133583429870609,0.0165203866994832,0.0196258411654536,0.0169415779795379,0.0211820379507873,0.0194791521499079,0.0307267589077153,0.0204176823882267,0.0250164267921296,0.0263125334825021,0.0286534560967839,0.0236808076506741,0.0259982515823068,0.0763892086496034,0.0193684794951202,0.0209098391231782,0.0203345902461609,0.0237564848087314,0.0240974599969554,0.0168740653152459
291,2015-12-18,0.013333505239944,0.015822588050262,0.0177319794295653,0.0162747140759041,0.0199205671348583,0.0181851246700351,0.0283082206562599,0.0190791338832445,0.0233532095794683,0.0248515364058788,0.0267282121369421,0.0220798833565514,0.0236674008854545,0.0763890476949874,0.017395799598032,0.0194623794326053,0.0190191243789868,0.0214104571164293,0.0219328624778671,0.015528030485408
292,2015-12-21,0.0132513787533726,0.0155854309581761,0.0167851922161996,0.0154725202157545,0.0189930334417115,0.0177860894775159,0.028331520171866,0.017536696508351,0.0227406949889317,0.0250162876371556,0.0268054100944624,0.0223876412717999,0.0222204026712963,0.076755285337234,0.0153739883620576,0.0188928504939837,0.017450241639414,0.0211913196997739,0.0218347628882244,0.0145669508938234
293,2015-12-22,0.0130675549467264,0.0150370338762229,0.0163463045470719,0.0149641996320811,0.0182707872992255,0.0172032776210915,0.0270457237669533,0.0168096398711589,0.0224297209975208,0.0243406742998363,0.026387780313364,0.0223911255325163,0.0221740654794825,0.0766549472101447,0.014897115371824,0.0183206570291998,0.016923267747784,0.0203788548974516,0.0212123306766946,0.013485326201045
294,2015-12-23,0.013034761874481,0.0149752764871082,0.0163193277363063,0.0149693333268001,0.0182689131598458,0.0171794241257938,0.0269476062187182,0.0168121532992688,0.0226585100322306,0.0239766896230715,0.0261427763045527,0.0225874583400772,0.0223033407101739,0.076538678755964,0.0149730524504037,0.0182165162521424,0.0169077139011922,0.0201942620180881,0.021020538357597,0.0134530029762449
295,2015-12-24,0.0130335694207445,0.0149678427785168,0.0162897597263477,0.0149121108839032,0.0182364660661172,0.017195648424868,0.0269306848528043,0.0168101504147559,0.022480618113294,0.0238949297277329,0.0258671005111328,0.0226164544441128,0.022317977121819,0.0766610404113146,0.0148610188384596,0.0182282786716769,0.0168988816810355,0.0201342740302079,0.0210512661343273,0.013488292759702
296,2015-12-25,0.0130255119902557,0.014955184134393,0.0161514001779932,0.0148840436946431,0.0182277747553562,0.0171437657748273,0.026717885162817,0.0167509003772037,0.0224735926059117,0.0236482772701389,0.0255039306163835,0.0225326571485839,0.0223564533990575,0.076779222386519,0.014865770106031,0.0182036148901283,0.0168714513259024,0.0198086316595767,0.0208473211307067,0.0134680290647287
297,2015-12-28,0.012932286234059,0.0144469577771178,0.0151143063762627,0.0144759156456802,0.0176230602815501,0.0163642390012839,0.0254657956542928,0.0160914072085972,0.0225702123983154,0.0230213838654497,0.0250725198082191,0.0222078335515939,0.0217771947839704,0.076720137174531,0.0144276985455956,0.017569769564042,0.0161005552712317,0.0196927828586092,0.0204226434966905,0.0129113232960053
298,2015-12-29,0.0129474841695812,0.0144760939176508,0.0151497952595927,0.0144972038972593,0.0176213533575623,0.0162762217849988,0.0253800260755681,0.0161444566310841,0.0225390621377228,0.0227833215803241,0.0248049652293278,0.0222435259258262,0.0215719078485378,0.0767743520874452,0.0144170477025731,0.0175482204503152,0.0160218218527037,0.019639050004529,0.0206249299376532,0.0129201805537986
299,2015-12-30,0.0129454503488587,0.0144611763441651,0.0148854877792436,0.0141225020004128,0.0155860522858137,0.0157548207066348,0.0242169201773806,0.0155169230312721,0.0222850451411286,0.0217292096521365,0.0238344027230572,0.0215686185008647,0.0206280619523102,0.0767017643338385,0.0140860248257703,0.0169197468021374,0.0154807652232898,0.019391858678731,0.0204075209499872,0.0125639010274536
300,2015-12-31,0.0127641678164337,0.014374468947131,0.0148635353396022,0.0141138263941019,0.015555705045361,0.0156662257703755,0.0242096193995712,0.0155008988333113,0.0223088743389686,0.0215808358959221,0.0237733141329044,0.021530586573695,0.020632702194971,0.0764132027285368,0.0141632963926153,0.0168989155176693,0.0152614764132886,0.0194126091920725,0.0203785282910623,0.0126499942270822
301,2016-01-04,0.0133111236234893,0.0148229227938377,0.0154473537179298,0.01486148083711,0.0156244162172234,0.0164011159357852,0.0249482101412593,0.0166719312567409,0.024713022474443,0.0217816888908796,0.0254019140923483,0.0233457959596751,0.022396866101853,0.0759654079787833,0.0152196548749317,0.0183459392323883,0.0157199231747347,0.0206374675124566,0.0208991168920491,0.013455210473962
302,2016-01-05,0.0132752681279869,0.0148109223313117,0.0154421546523209,0.0148325040855213,0.0154628788251804,0.0163545336973187,0.0248459645197575,0.0166554930143773,0.0247804218669134,0.0212594803140084,0.025419771773028,0.0233256502902136,0.0223546489402812,0.0754576141221254,0.0152589351546987,0.01830167587854,0.0157166649692535,0.020736457733737,0.0210105902139882,0.0134267550909328
303,2016-01-06,0.0138799198035026,0.0143161638397847,0.0163882462984093,0.0153724326789556,0.0156260927419961,0.016429966128452,0.0247677685014046,0.0169494350988763,0.0259742369046879,0.0221516563796366,0.0264261545163066,0.0247722812371979,0.0244201633682266,0.0748748466847001,0.0150183096569785,0.018503351973466,0.0160300200615943,0.0209022447027324,0.0219410034343217,0.0131708053896441
304,2016-01-07,0.0151942025887419,0.0152781191312757,0.0188693775300276,0.0169766802188305,0.0171914802290985,0.0183162279384706,0.0271999798647086,0.0183237558536935,0.0280677943616196,0.0239649568310263,0.0284997554471681,0.026750576175198,0.0271530679463505,0.0743862023567537,0.0174111416307143,0.0200098260071049,0.0175063367222609,0.0214478415282564,0.0228565447893616,0.0146154897557107
305,2016-01-08,0.0156095155330047,0.014924747758021,0.02026771803962,0.0171292663466956,0.016993662563484,0.0189690398925988,0.0275487673662711,0.0189242975286101,0.0286832395043767,0.0249983925208548,0.0300619268472614,0.0275436187642215,0.0283454307127958,0.0726582578840951,0.016899418482907,0.020042311792396,0.0176632077829689,0.021323545136946,0.025174733409855,0.0143746962469655
306,2016-01-11,0.0159636487397148,0.0154399094262112,0.0219527192815044,0.0175293237718285,0.0175974677971283,0.0197134408674412,0.02883213909345,0.0196705408117554,0.0297819061427169,0.0259152214127131,0.0308893029820411,0.0280846936646198,0.0297490342025009,0.0706199381799263,0.0181012067571341,0.0211644101773628,0.0182493781881317,0.0217981795145017,0.0252436158904533,0.0147373214715449
307,2016-01-12,0.0159656389746838,0.0154464745166775,0.0221252307423204,0.0174807435839797,0.0174780821535138,0.0200338640664546,0.028836727670329,0.0196436587788572,0.0297764774392681,0.025844939024205,0.0308903715065321,0.0279829893454145,0.0297963434877785,0.0680734888443127,0.0179593706999735,0.0209728353342729,0.0180316006299648,0.0242846033320578,0.0275585861572969,0.0147518995149795
308,2016-01-13,0.0157512316680449,0.0152913445037616,0.022149039653584,0.0174835787373592,0.0173872309099619,0.0198734167731707,0.028196879215638,0.0195160170062443,0.0294699758811443,0.0256852596612602,0.0308234351067633,0.027993278738539,0.0299128867879418,0.0618225879757799,0.0177802719630027,0.0210473848182416,0.0180102657263445,0.0247070202953753,0.0281383474593667,0.0145438187609745
309,2016-01-14,0.0155166168601252,0.0152075070827802,0.022269429970499,0.0175670684983787,0.0174166863102073,0.0199860710403599,0.027738512421116,0.0195890250550734,0.0294691013436715,0.025724990274401,0.0309341728914685,0.0282697378831785,0.0300494863485224,0.0565743233671884,0.017791240071741,0.021271563526183,0.0180678469441898,0.0247835371085703,0.0282340044160152,0.0145309387556281
310,2016-01-15,0.0159296276253121,0.0155908639180027,0.0227828595997683,0.0179533072063384,0.0176921390697041,0.0211626515140826,0.0285022921576429,0.0201801233880897,0.0300853102700736,0.02630083191816,0.0316797346913963,0.0287467131109641,0.030886326383341,0.0520542764659371,0.0184290473702359,0.0215063066711461,0.0189353930532321,0.0256140950392748,0.0289067682654899,0.0146180902537986
311,2016-01-18,0.0158846886819599,0.0154980240025004,0.0227085534887621,0.0179810454064796,0.0176055679527985,0.0212017106702648,0.0284714862611183,0.0200510871636922,0.0301377620977678,0.0263022081309196,0.03172604412758,0.0287292872263399,0.0308346453510701,0.0460485813721843,0.0184081658045071,0.0214972866657219,0.0188825864484071,0.0256265398893503,0.028932995225854,0.0145459138723904
312,2016-01-19,0.0159875654748654,0.0151343533483397,0.0223446130616775,0.0171156759838167,0.0173080315772434,0.0205359071249843,0.0276226683485374,0.0196701015690648,0.0297352383904814,0.0243621506548571,0.0310048693797936,0.0276226595031717,0.029970927461982,0.0383384214214953,0.0179498934679856,0.0208042818103669,0.0184762494141874,0.0246341631317202,0.0283023655290635,0.0142804360274521
313,2016-01-20,0.0159870087855697,0.0151344411994416,0.0223527666569526,0.0172351189007441,0.0170722435744586,0.0213154712552667,0.0271475849646842,0.0193816109657783,0.0295237902363348,0.0242335627048668,0.0307776334426854,0.0276000770145282,0.0299362139169948,0.0295510446809809,0.0177957206507137,0.0205057799832,0.0182731299189778,0.0247175732515756,0.0282652730453116,0.0140801266372081
314,2016-01-21,0.0162090746502036,0.0154564032040658,0.0224714566918243,0.0169773139654907,0.0172039682551295,0.0216283248705273,0.0273070545242071,0.019916712849698,0.0296157277736982,0.0243708578271452,0.030807484599978,0.0278294394748232,0.0299904817293491,0.0269766167693055,0.0182847576279269,0.0218143586246141,0.0187643670316047,0.0248026509691152,0.0282396090564247,0.0142591444515626
315,2016-01-22,0.0162228350157828,0.0155682568138411,0.0226172083294223,0.0170899038441698,0.0171716811611041,0.0217857507198876,0.0274528094632592,0.0200000224971968,0.0298926887131499,0.0244802173443335,0.030943903603997,0.0280675931459514,0.0301991880068897,0.0213368837890985,0.0182453772591224,0.0218479420862234,0.0187670392622754,0.0248380389195519,0.0282436375268066,0.0141955986149714
316,2016-01-25,0.0163388505090941,0.0156849410717565,0.0226970073659998,0.0171813791209465,0.0172198398970008,0.0223145094943716,0.0277072002591976,0.020049402777815,0.0301591417442051,0.02453468677711,0.0310789630741184,0.0281602578393123,0.0302872463804619,0.0204638766501358,0.0183601371861323,0.0219241230627279,0.0188470110317125,0.0250174511876463,0.0283312131849707,0.0141518375151533
317,2016-01-26,0.0169308945322617,0.0162877531916547,0.0242816418360449,0.0181549581416324,0.0180415498870718,0.0245013243618145,0.0292944456190591,0.0219245521614416,0.0311205753508996,0.0264506366448343,0.0319368371775971,0.0294309603492367,0.0317614636859616,0.0217679560611906,0.0197122657785688,0.0229619871063012,0.0205292245833682,0.0249750674318365,0.0283534460638316,0.0146219592061957
318,2016-01-27,0.0169147495388071,0.0163125290792725,0.0243321337683197,0.0181472911512437,0.0180322408195117,0.0245264014382562,0.0292753750873821,0.0219658760198287,0.0312573718956642,0.0265398630047482,0.0318548502850677,0.0294567331998208,0.0317702566642938,0.0212565623528458,0.0196500257354277,0.022942290138035,0.0204956930301958,0.0250420083691642,0.0284011910917098,0.0146119432660317
319,2016-01-28,0.0170501004942885,0.0164013519533793,0.0245210362889515,0.0182904636112424,0.0182307164683484,0.0274795017272639,0.029584344671716,0.0225546018143775,0.0322038176983759,0.0273188426766115,0.0323729390066743,0.0306912929124781,0.0319062450763161,0.0209316093527409,0.0201377608849977,0.0234492119029823,0.0210074246518785,0.0267381711731102,0.0302598626791222,0.0150489265702591
320,2016-01-29,0.0170706506343604,0.0162654571565644,0.0246205923364039,0.0182389184886589,0.0182446104067478,0.0274204284862338,0.0298354397366378,0.0226936132959138,0.032714706712583,0.0275454213598923,0.0327586021234881,0.0307680457477259,0.032093938910455,0.021141524377807,0.0202850154400476,0.0233731191161255,0.0211928781845581,0.0269403650206522,0.0304292556755633,0.0151125224422949
321,2016-02-01,0.017166961229528,0.0162637979000176,0.0251921311586961,0.018388478035898,0.0184412990849924,0.0288353039909214,0.0300129411683529,0.0227656012966235,0.0328101198367828,0.0277392074110757,0.0328381092149051,0.0310504833213676,0.0325981419773006,0.0211950005887833,0.0205562005226225,0.0238246431385866,0.0214102197868817,0.026917941795214,0.0305605784065145,0.0151001140153137
322,2016-02-02,0.0167076026695374,0.0159774927548949,0.0250276349526395,0.0183327545113347,0.0178478189891721,0.028404037400874,0.0297007071626001,0.0226042211123669,0.0325692041969171,0.0273731344715441,0.0329312068502185,0.0313852652237704,0.0323408099903837,0.0212014892049335,0.0200555697105249,0.0233756985401865,0.0211595090545382,0.026759982543475,0.0305697286461451,0.0146844276454323
323,2016-02-03,0.0164632369695362,0.0159287149574952,0.0247414204455316,0.0182942918824223,0.0175185911288197,0.0282204701361544,0.0296849313286245,0.0225093275575069,0.0325201664008089,0.0273037502218779,0.0328875729344099,0.0313225760260606,0.0323153481972669,0.0209214413268428,0.0197323900591383,0.0232615197036588,0.0209489508809949,0.0268840571450172,0.0305783415280364,0.0145876611579755
324,2016-02-04,0.0165157023131804,0.0160180627285586,0.0248004099984794,0.0183233375388945,0.0175472913436147,0.0281417535922388,0.0297378270203794,0.0226269523862654,0.0331405413618931,0.0273235325567996,0.0330268564285952,0.0315489242654032,0.0323754981271573,0.0205060717715447,0.0197102951421427,0.0234814042043941,0.0209013316355385,0.0267831547121769,0.030755904572057,0.0145071612614369
325,2016-02-05,0.0163032508937656,0.0160524449504858,0.0246557651904784,0.0182796586194386,0.0174098993923726,0.0280338989362676,0.0296632143919014,0.0224788682278585,0.0330817327016554,0.027353008339845,0.0328965526338164,0.0315206347756352,0.0323709185096076,0.0201111734680413,0.0195530843439467,0.023513621832548,0.0206918297240538,0.0280524635341783,0.0317754070310796,0.0144517419975924
326,2016-02-15,0.0163162556083907,0.0160181117359621,0.0246545880640561,0.0182781301769909,0.0174100563261899,0.0280023578784299,0.0296607877490469,0.0224646080811491,0.0331681356032225,0.0273547492888326,0.0325881555802783,0.0316058571092907,0.032370753404278,0.0201108791749122,0.0195499301650091,0.023501007641011,0.0206977766837104,0.028291106273685,0.0348159595501965,0.0144420850427661
327,2016-02-16,0.0164528126481718,0.016179433057115,0.0250222478769016,0.0184097165589492,0.0175386259210978,0.0281576694822527,0.0297756991555229,0.0228525563830314,0.0333247555407768,0.0274774628527428,0.0325719738282956,0.0316716668574927,0.0327266907225863,0.0202667889572064,0.0197051862166817,0.0238762639735869,0.0208768517947317,0.0283172130746821,0.0347369234508396,0.014568077926009
328,2016-02-17,0.016474229873976,0.0161716228367816,0.0250252692994805,0.0184236835459395,0.0175705116682957,0.0281964513322638,0.0297048931894532,0.0228627999116648,0.033252106089496,0.027469007743495,0.0325726587173514,0.0316663685151054,0.0327770722528025,0.0203029251750227,0.0198158429464001,0.0240152235645667,0.0208259340756888,0.0283120702258711,0.0347451235501046,0.0145497269665913
329,2016-02-18,0.0164584586500586,0.0160911390010385,0.0250092025222881,0.0183793431731021,0.0175384077529564,0.028281881778543,0.0296207295219962,0.0228585182399128,0.0328751394365539,0.0273623947019237,0.0321866161384819,0.0313177254313356,0.0328360909889361,0.0202062242083425,0.0197819517641998,0.0240135179321294,0.0207901339278106,0.0282845538289019,0.0346810939184808,0.0145563574373478
330,2016-02-19,0.016451817227017,0.0160113361243669,0.0250097449698766,0.0183383546143904,0.0175738899857847,0.0282473012533189,0.0295944134126634,0.0228582254986976,0.0328851041138087,0.027275027996492,0.0321622788738603,0.0313176167153594,0.0328157831431073,0.0202027791755181,0.0197685003241145,0.0239247872383734,0.0207743977589929,0.0280039168507116,0.0346495933553519,0.0145620142436779
331,2016-02-22,0.0165872916895731,0.0162088916913449,0.025189255071993,0.0187475557913429,0.0177499033639365,0.0292133738429116,0.0301223354987989,0.0230983849330668,0.0334182516227243,0.0275196687145248,0.032211196451008,0.0318186651733656,0.0335745998627028,0.0203126279281048,0.0199371627905969,0.0242197908723244,0.0210833943524129,0.0281494530256107,0.0346638618260848,0.0147387848214778
332,2016-02-23,0.0165981129421278,0.0162288529466236,0.0251727250333309,0.0187559650424288,0.0177484604479343,0.0292801820884733,0.0300926423351832,0.0230532901211549,0.0333122996814013,0.0275291760108183,0.0318198190456321,0.0316507691333515,0.0337017548322664,0.0203281267465313,0.0199741388513381,0.0242830633211101,0.0211238785652887,0.0285982621154335,0.0348462521238711,0.0147392925407269
333,2016-02-24,0.0165815886106409,0.016160780317692,0.02514624501172,0.0186542055838123,0.0178311308804771,0.0292427117258105,0.0299964137745899,0.0233195174927072,0.0332738435933798,0.0275741941319715,0.0318279004691472,0.0316295477584569,0.0336300501910499,0.0205361368988202,0.020255412280192,0.024451402594131,0.021366532437793,0.0287053514639379,0.0352217976114955,0.0147577047441988
334,2016-02-25,0.0176211121871822,0.0168388304734859,0.0267543061318075,0.0202061134128624,0.0188302336135022,0.0315285530327425,0.0316150336728297,0.0243192780457851,0.0346607034262145,0.0292846996920798,0.0327775545215739,0.032831445000265,0.0349928007953247,0.0222501836059783,0.0216304332356782,0.025950179343564,0.0228647781437348,0.029268000845839,0.0359327848532618,0.0153025740559334
335,2016-02-26,0.0177491953010299,0.017008722141322,0.027154839389185,0.020379128307046,0.0189580185888763,0.0320447127853831,0.0319037998435411,0.0244212490497418,0.035087789285785,0.029316810556214,0.0326564947384303,0.0331631135763877,0.035732882634862,0.0224521616588845,0.021806562522369,0.0259972768289536,0.0231240221496028,0.0295333462361142,0.0360978312501196,0.0156021597692739
336,2016-02-29,0.0177173601590395,0.0170178854347944,0.0271933407994423,0.0205568240067937,0.019063763074057,0.0322286816966939,0.032018557093492,0.0248527096200448,0.0352083353959661,0.0293643140626631,0.033903880786105,0.0331854633344707,0.0358554626229003,0.0227783959203687,0.021884389702685,0.0261412003468861,0.0232498180415059,0.0295304995613962,0.0360891049427861,0.0156360690639678
337,2016-03-01,0.0177758928390329,0.0170203480005223,0.0274362543451275,0.0205985059731938,0.0191608644347894,0.0323937650419717,0.0321719877744593,0.0249924053198524,0.0353309538299426,0.0293377789794578,0.0338100981518448,0.0332092504199769,0.0358702818872855,0.0228198561830269,0.0218909939881343,0.026229998224761,0.0234240258724722,0.0297412973282098,0.0372483707698084,0.0156035848601849
338,2016-03-02,0.0185515992709933,0.0173200954611666,0.0281417561173546,0.0214176876938084,0.019743628432393,0.0337250460583221,0.0328344336738279,0.0254928806480614,0.0361864901735211,0.0298335089051721,0.0339588088170343,0.0343827366911398,0.0367485033361497,0.0233992440909455,0.0225788530606984,0.0270342178598514,0.0243200466038433,0.0298708394041694,0.0373046075021766,0.0158840815871224
339,2016-03-03,0.0176228093029201,0.0164731172054787,0.027650973592394,0.0209413793951798,0.0186605328925543,0.0334866899401306,0.0317001148499699,0.0245469290277792,0.0349138476071425,0.0290675291424558,0.0331074051264573,0.0332642942897406,0.0354436751113203,0.0231695618777915,0.022282393083702,0.0260600451717532,0.0237704338396729,0.0290479881897171,0.0367784192958755,0.0156122593524306
340,2016-03-04,0.0176044356291909,0.0164900393841691,0.0276253797445801,0.0209436654677442,0.0185759626757064,0.0334860200926317,0.0316553005149737,0.0245383325487682,0.0348949472866597,0.0293054285466728,0.0332713933546193,0.0332729769732984,0.0354960468605169,0.022947963951073,0.022242184861375,0.0260988514804104,0.0237810299592702,0.0290671376482086,0.0366835871826948,0.0155267837502568
341,2016-03-07,0.0176296567152074,0.0165415226748,0.0276130158395594,0.0208604716603304,0.0184701693402705,0.0335956253701241,0.0319161683444552,0.0246019236992879,0.035097975832557,0.0292682053879082,0.0332663893439783,0.0334728485475673,0.0357760608849325,0.0228054453973863,0.0222871409403938,0.0260345281057914,0.0237590224285937,0.0294698161937011,0.0373290709697676,0.0153330350573907
342,2016-03-08,0.017421163451227,0.016376779100798,0.0274094046262163,0.0205214292943037,0.018168666093131,0.033370380821095,0.0316499668043966,0.0242587486718696,0.035085586345235,0.0291086901520605,0.0329233332527959,0.0334216576931871,0.0354009697185591,0.0221951260084386,0.0220517022942503,0.0258581276633176,0.0235595180162219,0.0296156322109451,0.0379651466499752,0.0150798805858285
343,2016-03-09,0.017763278731296,0.0167554880286532,0.0279785151913179,0.0213528369463869,0.0184464239818002,0.0340872275047198,0.0322303896405468,0.0244816745620999,0.0356637201608256,0.0300615442894756,0.0336383789069944,0.0343643214951767,0.0366380050536435,0.0224426083587718,0.0224836818794458,0.026222450850439,0.0237088042355811,0.0312023106682649,0.0392984307026533,0.0153593037568783
344,2016-03-10,0.0177649990127697,0.0167007195075893,0.0281412322502811,0.0215981879522872,0.0184917416300367,0.0340873296445612,0.0322272285542722,0.0244642390704673,0.0356982097009506,0.0303833422936218,0.0340456200024204,0.0344380904145529,0.0368314890639823,0.0224717522490994,0.0224840176701223,0.0263868569774711,0.0237336957019511,0.031201291718759,0.0392947592033917,0.0153935227338382
345,2016-03-11,0.0177586668880164,0.016716548930412,0.0281644509904679,0.0215930897624446,0.0185030803804609,0.0340936843217153,0.0322227743351272,0.0244590478499379,0.035707043840343,0.0303374048082266,0.0339548748563516,0.0344281289258117,0.0368266659967579,0.0224739038932553,0.0225163962243267,0.0263768658504508,0.0237765918351849,0.031223638606388,0.0392889828228079,0.0154011412697286
346,2016-03-14,0.0176617241897511,0.0166724998422787,0.028165687347594,0.0215686447339416,0.018489930219771,0.0342937905483051,0.0321703847726186,0.0245229958221083,0.035733388918204,0.0302881506529269,0.0339204411487235,0.034509060170883,0.0368231116900673,0.0225224910851917,0.0226749265388838,0.0263992580224462,0.0238325684960689,0.031141223821658,0.0391304165985377,0.0153956828455612
347,2016-03-15,0.0176692355242022,0.0166775380991359,0.0282175359323089,0.0216288701241042,0.0184778121579198,0.0342691085743157,0.0321959768773211,0.0244949242340312,0.0357090457304808,0.0304183039847853,0.0339795459909585,0.0344832249878432,0.0369353556229787,0.0224586157935322,0.0226698263327826,0.0263603257349475,0.0237891099672152,0.0319411599516812,0.0400119514010133,0.0153912135758167
348,2016-03-16,0.0176836286128456,0.0166581308903293,0.0282156647288548,0.0217313842772552,0.0184739431916867,0.0342638799001452,0.0322234294130647,0.0245026079245966,0.0356743364293773,0.0305462859676057,0.0339407485795888,0.0345157279500322,0.0369831092323725,0.0224891184581131,0.0226793080243961,0.0263447421758757,0.023802687848919,0.0319047836720012,0.0401682842214532,0.0153754722489302
349,2016-03-17,0.0177379732484326,0.0166966084938568,0.0283007995062197,0.0217321857786172,0.0185142309910226,0.0343911733170727,0.032280763314772,0.0245743073973385,0.0357774644149159,0.0304184475681573,0.0338832649814306,0.0346038318522558,0.0371057743843125,0.0225801593379132,0.0227559270202726,0.0264790533342825,0.0239274289304388,0.0318191009555271,0.0401281459949027,0.0154680401600769
350,2016-03-18,0.0177221774534552,0.016663587861005,0.0281850725948808,0.0215885458844385,0.0184400509585471,0.0344784288530838,0.0320124446418781,0.0246389633714668,0.0352410952422019,0.0296307864297848,0.0329455915888418,0.0344998271896056,0.0368461575838625,0.0226831961475675,0.0226993884263624,0.0262199396894419,0.0238293318058944,0.0313443863975026,0.039359407533025,0.0153484692667731
351,2016-03-21,0.0177472555188285,0.0166872555537767,0.0282636354266388,0.0215849817732032,0.0184525499557911,0.0346398077224253,0.0321362446647964,0.0248430624922297,0.0352964122553604,0.0297236097742912,0.0330792689561425,0.0347935377661674,0.0369362349489952,0.0226064269470733,0.0227816647216351,0.0263039299180881,0.0239486025976022,0.0313261677772562,0.039296559910712,0.0153333321859179
352,2016-03-22,0.0177472022291722,0.0166421175081676,0.028282492762923,0.0216840002751078,0.0184929193971502,0.0346278075959658,0.0321293617090828,0.0248636008322017,0.03530607708105,0.0296330579302922,0.0330664508486404,0.0347092577886597,0.0368979764658157,0.0225665891745147,0.0228142055749118,0.0263228351410963,0.0239629301388141,0.031338182106463,0.0395351932653739,0.0153355384016376
353,2016-03-23,0.0177458008034913,0.0166301247858744,0.0280690501343736,0.0213014241852035,0.0184444652738872,0.0342955473946222,0.0318307158136511,0.0247478393382726,0.0352621885658224,0.0293035614219454,0.0330565769004493,0.034618033604926,0.0368775868254432,0.0225693319654031,0.022644171764409,0.0258049607191395,0.0238113188216576,0.0314665897220739,0.0396901854862822,0.0152108527146814
354,2016-03-24,0.0177984911126432,0.0167399058483944,0.0281114485147609,0.0213471741492096,0.0185537803606923,0.0343512918326433,0.0319234761734836,0.0248144116640094,0.0353593483356157,0.0294767916096385,0.033348258541514,0.034783249597967,0.0373297707430699,0.0226171273629538,0.0227915934534976,0.0260303628190336,0.0239646122570088,0.0317903805908745,0.0402328521446312,0.015282846587622
355,2016-03-25,0.0177912566731451,0.0166475137376475,0.028041811743441,0.0213432181955332,0.0183984863716988,0.0343333469487841,0.031909854610499,0.0247644032412253,0.0352746871078045,0.0293043810018605,0.0332478835418711,0.0345371601280223,0.0371444878595628,0.0221022805573113,0.0227846965038635,0.025940864342207,0.0238655149998462,0.0318805543518435,0.0402844841337096,0.0149819090769626
356,2016-03-28,0.0177907546980321,0.0166333926579446,0.0280274093509141,0.0213226684225729,0.0183757968330314,0.0342381005030259,0.0318819065264676,0.0247471098804843,0.0352605986223047,0.0293089573496518,0.033046936728775,0.0343390527713788,0.0371797029399168,0.0220949156179623,0.0227611985106467,0.0259394893906653,0.0238207751511327,0.031880666619303,0.0403374221751312,0.0148820773294433
357,2016-03-29,0.0177761509055647,0.0166302605490977,0.0280391216831486,0.0214076636385511,0.0183871328097432,0.0342317634598545,0.0318666301624183,0.024838102899243,0.0352233436254376,0.0294730604034223,0.0330226889106785,0.0341478553430513,0.0371569876099886,0.0221378867792223,0.0227773562506735,0.0259817599330992,0.0238775804680176,0.0318670908066337,0.040349126048727,0.0148671835222851
358,2016-03-30,0.0178766564239127,0.0167746353984718,0.028235517331827,0.0214390698488799,0.0186148350255424,0.0345421323547476,0.032108563140393,0.0249877991400563,0.0354905470385026,0.0294831730862277,0.0330488397891997,0.0343645866308287,0.0372770121271131,0.022274943639499,0.0229965912297658,0.0262498347064164,0.0241798377735617,0.0318985373994124,0.0404147441958219,0.0150659226388073
359,2016-03-31,0.0178784945106325,0.0167736096421137,0.0282175086592613,0.0214083202324497,0.0186178592350919,0.0345765357345255,0.0321077239736572,0.0249626900721968,0.0355217775373388,0.0294495061051571,0.0330174479766135,0.0343814289054519,0.0372257082053816,0.0222724610054576,0.022992179132036,0.0261995442426247,0.024178648984948,0.03189073224114,0.0404156899251891,0.0150707754420426
360,2016-04-01,0.0177080966495938,0.0167372958178866,0.0281987801611171,0.0212944129743862,0.018619236387892,0.0346563453282587,0.0320063954740561,0.0249333493957825,0.035262171972543,0.0293534175483807,0.0328552335804933,0.0342568568503405,0.0371947226079278,0.0222618887085068,0.0230120004400073,0.0261901569761471,0.0242152706286665,0.031860553587769,0.0402756680390634,0.0149599565538366
361,2016-04-05,0.017705311273307,0.0167180495388368,0.0282151042537444,0.0212027297064943,0.0186325949343677,0.0347202097749007,0.0321173606781658,0.0249149036501974,0.0353107514667914,0.0292576798011329,0.0326037201369657,0.0343741761648745,0.0372292253110597,0.0223143696350451,0.0230492652963269,0.0262636283148994,0.0242692936591969,0.0318373901618517,0.0402328228565134,0.0149640324177231
362,2016-04-06,0.0176758558376807,0.0166969263826229,0.0282249254072215,0.0211075797918722,0.0186205516085688,0.0347041558315653,0.0321185987315646,0.0248934824569527,0.0353096769715996,0.0291776445509438,0.032539335450138,0.0343853874082295,0.0372074231006128,0.0223157490484855,0.0230418459572417,0.0262309784846693,0.0242639404262731,0.0318352426856796,0.0402530750613862,0.0150295902458625
363,2016-04-07,0.0176851507416748,0.0166956983251453,0.028234353992409,0.0210956700177476,0.018627210065283,0.0347322167738632,0.0320747723427258,0.0248999942785369,0.0352982664357425,0.0291750167287332,0.0326287742619011,0.0343673428939059,0.0372752769618921,0.0222943751517637,0.0230364643680323,0.0262716151654389,0.0242610473070142,0.0318400958306804,0.0402331781718329,0.0150148243572565
364,2016-04-08,0.016980782208988,0.0160715854592854,0.0277695735910008,0.0204847133442779,0.017803736604702,0.0342673929896067,0.030766382973081,0.0238988753549393,0.0333028530116385,0.0284023056161081,0.0315253460778663,0.0325614478148198,0.0359918221021878,0.0215933904387559,0.0222284348735649,0.0253983531583682,0.0234712279634151,0.0315652978201077,0.0397970274590457,0.0139569167607301
365,2016-04-11,0.0170154821463516,0.016155639758729,0.0278341178388387,0.0205687570981382,0.0178660077754678,0.0345441518073775,0.0308834529480741,0.0240005945485219,0.0333878903377149,0.028564416595663,0.0314883695474339,0.0328325987518628,0.0361259964464136,0.021672726832871,0.0222818486141891,0.0254130490324247,0.0235375414513929,0.0315231379240081,0.0399298073507063,0.0140767364777422
366,2016-04-12,0.0163832608638677,0.0157657240326582,0.0272237804325921,0.0198383930389703,0.0175174977887629,0.0344431363858047,0.0303489938643877,0.0236634803143431,0.0323388563879316,0.0275449607602863,0.03007658703928,0.0318294206091693,0.0346513982696512,0.0215647006775741,0.0221959767536401,0.0249319351342645,0.02329276453387,0.031188128920516,0.0395362564273127,0.0138676525249772
367,2016-04-13,0.0153005589990216,0.0147823423982572,0.0260139944396294,0.0187925479232329,0.0160879175238269,0.0336836950021209,0.028387870084419,0.0225871107128565,0.0309381262486808,0.0267379821680574,0.028693869955748,0.0307522995948053,0.0329348980246798,0.0205753283762763,0.0206627796180422,0.0240007948105718,0.022201504378296,0.0305618387541693,0.0389537578436645,0.0126884235218179
368,2016-04-14,0.0148142003264032,0.0145249895440051,0.0248191147818271,0.0183133078820903,0.0157229181402127,0.0330079980227372,0.0268402954728452,0.021945220896335,0.0301729480544573,0.0252956285499657,0.0263492866093235,0.0300724428940002,0.0317914059837635,0.0204154544053283,0.0205690459104987,0.0237217958028181,0.0219306762483206,0.0304578703582903,0.0377534953754416,0.0123845438388652
369,2016-04-15,0.0143684357674372,0.0139476311001066,0.0233398046161755,0.0180702474568577,0.0150559311490514,0.0326905924076583,0.0255341030393284,0.0211847194383358,0.0287994174618664,0.0246139177845702,0.0256592605921167,0.0293518617219207,0.0304849157814189,0.0192897618369716,0.0195847717351798,0.0229556450640068,0.0214182757652375,0.0301304286898783,0.0376271362427846,0.0120858347043669
370,2016-04-18,0.0144176375205098,0.0141261752899204,0.0232050970463356,0.0181096210865556,0.0150810312785457,0.0325496485080161,0.0255171179642858,0.0212150213828301,0.0288360560324555,0.0248287727653067,0.0256672836669311,0.029318153683182,0.030460056915415,0.0193580281499981,0.0196072091164552,0.0229759708347054,0.0214614900525089,0.0281594374885541,0.0356486419700133,0.0120201988932455
371,2016-04-19,0.0143896140512625,0.0140244028312499,0.023182867708426,0.0181090216666584,0.015058596542252,0.0324948204348192,0.02551690808323,0.0211645322923062,0.0288567282042662,0.0248278330972348,0.0256448634773045,0.0293214200091118,0.0303348465283511,0.0193057141853878,0.0195922829157945,0.0229252078313948,0.0214458814489729,0.0276015609235193,0.0349659395817503,0.012000942974108
372,2016-04-20,0.0142878432004819,0.0140552015740162,0.0230474279835947,0.0180218957273727,0.0150302514590977,0.0324683541537235,0.0255890838896855,0.0213588022954869,0.0288013739444416,0.0245723589848823,0.0252517998919666,0.0291474264684332,0.0302139678130783,0.01925824117087,0.0195617270568579,0.022756710262319,0.0215228572951279,0.0277490381768799,0.035122878489419,0.0117382022687156
373,2016-04-21,0.0138123958483376,0.0135683828443086,0.0223099292776853,0.017779371129626,0.0146017969623764,0.0319121976426333,0.0246899047465197,0.02075761132935,0.0279416212767985,0.0241028607074162,0.0245613976411156,0.0283799963347977,0.0296768528566399,0.0189211472382916,0.0189715351138633,0.0225837421318168,0.0206652774454541,0.02699754399608,0.0342637703973945,0.0116796630233262
374,2016-04-22,0.0138255268578111,0.0135952279513119,0.0223301215918707,0.0180265174687941,0.0146012614793386,0.0319384882769889,0.0247259894790145,0.0207578398958769,0.0282382755387607,0.0242198002442416,0.0246397543603638,0.0285874706359534,0.0298044020600428,0.0189168056106335,0.0190196921187991,0.0226477382467498,0.0206937604490529,0.0274584167112058,0.0347371016960494,0.0116687491437438
375,2016-04-25,0.0137345357930506,0.013309399806506,0.0222322963770532,0.0178117875545056,0.014319721136032,0.0318189302918412,0.0245068834535783,0.0205894343694743,0.0279454713117189,0.0239070905715118,0.0241599023903346,0.0283803426810135,0.0295789715620006,0.0187361273458694,0.0189051613795815,0.0223763705868385,0.0204853152031986,0.0274464471745316,0.0348396748990013,0.0114826843923615
376,2016-04-26,0.0137677117444192,0.0133425195423443,0.022222594598452,0.0177512812426673,0.0142912205836165,0.0312779943304701,0.0244667778893386,0.0205194496227427,0.0279156084449638,0.0239192586843041,0.0241828243813431,0.028356619761197,0.029523310054298,0.0186733985964756,0.0188339660562394,0.0223636922867826,0.0204674216184057,0.0273899158873653,0.0350171364138871,0.0114193554476034
377,2016-04-27,0.0133841670366415,0.0128885028095503,0.0220727329776332,0.0176812480190602,0.0139983913627788,0.0310764176910969,0.0241479096973561,0.019895204959022,0.0275942353151293,0.0238616027693762,0.0241178402313407,0.028027852015964,0.029384214634644,0.01830857101489,0.0182453781672356,0.0211111537832471,0.0198948378827255,0.027400346586698,0.0350070159607937,0.0110650935336465
378,2016-04-28,0.0133413684158475,0.0127918084672087,0.021928412802267,0.0175200437599551,0.0139201850038983,0.0309771669793753,0.0240302771028666,0.01983102233946,0.0274321661064032,0.0236277641604363,0.0238011467078436,0.0278870333583541,0.0291429888739455,0.018268382170978,0.0181985953066206,0.021049203142177,0.0198705627172574,0.0273504443693933,0.0349562360802417,0.0110242598304846
379,2016-04-29,0.0132268957526283,0.0126989178446831,0.0218819658533873,0.0173343951863986,0.0138545137990213,0.0305559025573742,0.0237795808783852,0.0197682263963966,0.0272988656532825,0.0236319726422414,0.023457759887314,0.0278441253440491,0.0291273805750069,0.0182280932287434,0.0181062860291695,0.0210091250635161,0.0198131125191854,0.0272635659523811,0.0349576332539748,0.0110289864304269
380,2016-05-03,0.0123568752821188,0.0116934166660632,0.0199876321371896,0.0167420790990282,0.0128394637937896,0.0289939018315103,0.0217158348964263,0.0175540524857598,0.0259188998593516,0.0219624221077204,0.0228894255903153,0.0262575159033513,0.0274935180865085,0.0164801231953386,0.0165826546082381,0.0199097198437607,0.0179431773930518,0.0274828456900806,0.0350475071023986,0.0105985354639953
381,2016-05-04,0.012366617207204,0.0116809059982121,0.0198788694323482,0.0167559056734952,0.0128395086477409,0.0289745688523085,0.0217012084245324,0.0173970544841807,0.0259137444060648,0.0219346560681834,0.0227940638384734,0.0262586950157731,0.0275067130819265,0.0164362558382853,0.0165830209696477,0.0198875963494364,0.0179391124724734,0.0274172243002041,0.0350403453919609,0.0105681492317402
382,2016-05-05,0.0120818115063708,0.0113938577096132,0.019404613761196,0.0166166247876128,0.0124779948624776,0.0261342245858282,0.021146132558757,0.0164128924893317,0.0243645300485656,0.02114109309931,0.0222186277455204,0.0243345837465377,0.0272644645708827,0.016069493865097,0.0159063862508809,0.0192967164265954,0.0171837522066229,0.0254954772113709,0.0328268533758905,0.0100016219042112
383,2016-05-06,0.0122594928864983,0.0115477188488854,0.0192355601534049,0.0168612507269876,0.012571290807035,0.0262578327806565,0.021232548078222,0.016376185214566,0.0239673014421598,0.0207980210143332,0.0216844253777483,0.0245403334345805,0.0274424295588263,0.0162661759118323,0.0159220885097251,0.0195458878831012,0.0170852989341189,0.025497305005365,0.0331957393838371,0.00992705664501742
384,2016-05-09,0.0122835930653446,0.0117823605506894,0.0186668107231796,0.0178260662506584,0.0123742205269779,0.024966726917743,0.0213841916925944,0.0163302030683472,0.0253831949072701,0.0214701400633529,0.0218588646947168,0.0248830659266474,0.0286441879907917,0.0164780151890763,0.015724823416929,0.0195466034840434,0.0167969861638763,0.0267114354332898,0.0339435868304611,0.00985517324254389
385,2016-05-10,0.0122030834134113,0.0116693841891866,0.0185320538080123,0.0176371550177407,0.0122914488328325,0.024965827981787,0.0212752431988689,0.016180144254479,0.0252792509171941,0.0212708643726881,0.0209353975160649,0.0244578179676951,0.0285197790048846,0.0163761800167848,0.0155949243275128,0.0195055560117547,0.0166582346534709,0.0266142919388733,0.0342298148986285,0.00985587674650999
386,2016-05-11,0.0122077702057675,0.0116358265234917,0.0185710429665884,0.0176753442136111,0.0123001120061798,0.024786307280021,0.021285141611423,0.0161730017201837,0.0252874955216162,0.0213250242845419,0.0209519509263352,0.0244373406751936,0.0285347429967653,0.0163683417459446,0.0156156015310047,0.0195037952663476,0.0165881480972705,0.0265742037549081,0.0341700609885105,0.00988925358065453
387,2016-05-12,0.012131491626801,0.0115010717555303,0.0185714439732734,0.0176551394160976,0.0123206080551423,0.0248034888637905,0.0212881866368343,0.016075736195087,0.0249728813869878,0.0214304325737968,0.0204363771895457,0.0242937282376036,0.028506305485195,0.0165215010220936,0.0156493332547092,0.0192851657717089,0.0166112977002314,0.026547981335263,0.034394844866784,0.00996528190504436
388,2016-05-13,0.0121343093261982,0.0114358143357955,0.0185633847678411,0.0175755486231442,0.0123248208721452,0.0248016772480602,0.0212734165132553,0.0160778448749304,0.0249972405176591,0.0214535917828711,0.0206141349701072,0.0242418336883048,0.0285298910807394,0.0165416444732891,0.0156486730467774,0.0191924720875941,0.0166108826432065,0.0253556159715551,0.0334942206827522,0.00984590763662447
389,2016-05-16,0.012125383493389,0.011441597408293,0.0185757086038232,0.0176589600271839,0.0123297298261465,0.0247051680720037,0.0213389933425772,0.0160905963210734,0.0250197315316844,0.0214849580417393,0.0203480461791987,0.0242727308599884,0.0286004921853316,0.0165510066938426,0.0157072881823053,0.0192230563458435,0.0166454387403634,0.0247164553288501,0.0306125649383042,0.00987304163710185
390,2016-05-17,0.0120282380498654,0.0113054520399201,0.0181445457613243,0.0173534389907427,0.0121744523624747,0.0246101027107818,0.0212514727721434,0.0156904906394578,0.0249560718029624,0.0212299995279916,0.0201192090908762,0.024261467403011,0.0284070070043504,0.0163630955463565,0.0154816751411347,0.0187364288832062,0.0164075909915637,0.0246805944537479,0.0306357792321375,0.00976145977563586
391,2016-05-18,0.0120270989945958,0.0113051892271355,0.0181042432774404,0.0173843751715874,0.0121100725735358,0.0246605194634536,0.0213063735420908,0.0156655850355776,0.0250503510705092,0.0212529736580021,0.0200901240763458,0.0243752671015497,0.028352517209585,0.0163685833390021,0.0153955086920452,0.0185572961090139,0.0163393431925256,0.0247158907146855,0.0306304783247749,0.00976153969083201
392,2016-05-19,0.0120284410353508,0.0112855502224005,0.0181237411711097,0.0175067683348456,0.0121106898218299,0.0246205123180318,0.0213167322137304,0.015662481421687,0.0253554646371082,0.0214587962755246,0.0199806603877338,0.0245735467058701,0.0282731847093462,0.0163911775210281,0.0154160961867132,0.0185689992750913,0.0163398083510581,0.0248527075824486,0.0304863750146193,0.00976573584464077
393,2016-05-20,0.012032939607747,0.0112888193035318,0.0181260454848003,0.0174633835993294,0.0120926194059341,0.0245928644389661,0.0212994653410873,0.0156640171001331,0.0253511071533102,0.0214597079314783,0.0199626230311979,0.0245571192710792,0.0282766344915364,0.0163991077264826,0.0154128721580791,0.0185446215445591,0.0163214824194576,0.0248941075461587,0.0305097550195053,0.00974615610299374
394,2016-05-23,0.0117920646046633,0.0109854424727253,0.0179211190327522,0.0167295693020243,0.0117510150899459,0.0235948814413408,0.0206812443513594,0.0153484552413909,0.0247561973848159,0.0209898528118831,0.0197170876694914,0.0240825154512204,0.0274001121808991,0.0161859883261959,0.0152060004237925,0.0181043514075164,0.0160121491950758,0.0246796043139095,0.0304016866760227,0.00951790253806028
395,2016-05-24,0.0117805621990443,0.0109570393860067,0.0179247384251011,0.0167240144714715,0.0117476919931055,0.023555191253843,0.0206885284472667,0.0153640200643129,0.024747371650879,0.0210314056556507,0.0196562254571217,0.024127027912232,0.0271857137754049,0.016164246250408,0.0151834971248591,0.0180223380849896,0.0159981001616083,0.0241859128470111,0.0302631225222163,0.00949797450824883
396,2016-05-25,0.0117338945271463,0.0109245627387213,0.0178792588265822,0.0166919550828372,0.0116161994698965,0.0235151153680817,0.0207025421905638,0.0150113552959177,0.0248094048841376,0.0207510205936093,0.0196000679660018,0.024182858477099,0.0273640596803351,0.0158222902666177,0.0147781789085478,0.0176076433822996,0.0157415785601146,0.0239952665875646,0.029910539360117,0.00947602286880621
397,2016-05-26,0.00990399633718655,0.00979520455066928,0.015066871422983,0.0153724192119875,0.00977019911721693,0.0199179744062371,0.0177729334108821,0.0131928284548663,0.0227071239900417,0.0186324854754906,0.0186450711281091,0.0225311450232536,0.025743583583267,0.0132853367505697,0.0123795464504146,0.0155424202309661,0.0131316276994658,0.0234242451218807,0.029233789053893,0.00843129321224964
398,2016-05-27,0.00974209639907386,0.00945260464071145,0.0144481383311323,0.0149294155336073,0.0095203077078703,0.0192806483038272,0.017353534395325,0.0130106452250078,0.0220565158600535,0.0184299726804894,0.0186396766067741,0.0220516696438249,0.0246465666776511,0.0129605296229168,0.0121818274500603,0.0153970487178108,0.0127723328773185,0.0230253233570758,0.0290656927941022,0.00797936902671609
399,2016-05-30,0.0098020483515082,0.0094300221926307,0.0143101124210941,0.0148440060261112,0.00924075034361141,0.0188043092154743,0.017025219110059,0.0119927307719792,0.0217920070494133,0.0184104219718553,0.016801475399122,0.021854738774267,0.0244852377256965,0.0122453134925353,0.0119197785146667,0.0151994825430354,0.0124161381231851,0.0231269875651302,0.0291222325030834,0.00784891746088158
400,2016-05-31,0.00972584664452885,0.00952453119109483,0.014106740850982,0.0155692959003964,0.00926155989066069,0.018715872286086,0.017350863334445,0.0121278998004134,0.0227681936107584,0.0195095923249071,0.0186861485643229,0.0226746143136755,0.0254710862848839,0.0123452520513336,0.0120468489172107,0.0152692912606868,0.012236876463238,0.0227294513086011,0.0276972949514986,0.00793692282534509
401,2016-06-01,0.0082963399583834,0.00886939895825508,0.0127491912372227,0.0141179611943873,0.0080750512940118,0.0165191095989506,0.0162929080350817,0.0112023046886079,0.0215299319372289,0.0186919002081298,0.0184613756999933,0.0211960062112228,0.0242467495445195,0.0112130244662626,0.0109341148419925,0.0135325814966374,0.0106503820545719,0.02248851609063,0.0275365519885725,0.00747393796718485
402,2016-06-02,0.00826782941023108,0.00883709547166489,0.0127127930521942,0.014337220957634,0.00805586872519424,0.0163530034343108,0.0162532860046767,0.0112066572839211,0.0214090368486772,0.0187743511854665,0.0185011965623749,0.021130202330198,0.0243089046852258,0.0112177771782465,0.0109329631803186,0.0135319765209765,0.0106360772798634,0.0224412358508065,0.0269237750677467,0.00739163877241952
403,2016-06-03,0.00828722105862707,0.00882142683983308,0.0126991538979375,0.0143606075284892,0.0080677303159308,0.0163534470719689,0.0162448852733496,0.0111566723391913,0.0213827154967236,0.0185394382553066,0.0182655136677665,0.0210906367525195,0.0242397464472493,0.0111672978911167,0.0108850595651243,0.0135016250784617,0.0105618822241708,0.0224534863281696,0.0269250700544449,0.00736469919859014
404,2016-06-06,0.00824806754198602,0.00872227322373314,0.0125482183144206,0.0143055318746487,0.00807574370549397,0.0160550219485862,0.0158017946637394,0.0110289509305634,0.0211035357704301,0.0185155025074097,0.0183013866982492,0.0208502442454944,0.0238343551322755,0.0109516104865379,0.0108054303486942,0.0133600061363434,0.0105051501179184,0.0222000201382512,0.0261647147346659,0.00734467387002585
405,2016-06-07,0.00826655751810902,0.00873362848116432,0.0125321411336512,0.0143127603446741,0.00800529967402643,0.0160645825820844,0.0158014939627618,0.0110263932250536,0.0209709127639231,0.0185295282571816,0.018252920273395,0.0207299496932503,0.0238114724655463,0.0109504929802964,0.0107984349947761,0.0133456528418131,0.0105054049158507,0.021970869581888,0.025563492954551,0.00733351214919538
406,2016-06-08,0.00739377114163189,0.00773932233071868,0.0110826782795694,0.013299425198244,0.00716380492572382,0.0140892870957643,0.01431773928154,0.0103416380210548,0.0200361590734167,0.0170206754080331,0.016897423745698,0.0188113595570887,0.0219355708898748,0.0102039276343186,0.00954801410724854,0.0126200401123279,0.00996554565943695,0.0199033771302238,0.0239477751454771,0.00654327843672122
407,2016-06-13,0.00715542515973648,0.00791896506527647,0.0107548479403557,0.013114425792027,0.00749369537161611,0.0142136941249423,0.0149664508618751,0.0106175539768154,0.0210111877091541,0.0166769650741673,0.0163653274462956,0.0187448745131864,0.0218916398568639,0.0102386764508621,0.00948246910548121,0.0124855740442332,0.00982618527946839,0.0202366550079276,0.0247118321630155,0.00648928129830732
408,2016-06-14,0.00718103755765877,0.00789232482840973,0.0107577315009291,0.0131139351325616,0.00748429174393584,0.0142157999363206,0.0149731754875768,0.0106169378151814,0.0210055731252086,0.0166879098162665,0.0162796134235483,0.0188096300325959,0.0218851436772339,0.0102579493150197,0.00947288830549787,0.0124830196596146,0.00978238023805371,0.0200749044770434,0.024822700884879,0.00650225798427048
409,2016-06-15,0.00738747199266409,0.0079969677797432,0.0108363992499847,0.013638855634001,0.00749072686603689,0.0139155795920064,0.0153766409709139,0.0105555389356352,0.0212438744941403,0.0172459589464783,0.016567279472775,0.0188827736496127,0.0222681426912776,0.0101925032728333,0.00923408051854875,0.0122433259078034,0.00963496881542669,0.0205810957373912,0.0253031412874731,0.00655488712197027
410,2016-06-16,0.00734461769474254,0.00799279108203799,0.0105041394984876,0.0136964069981505,0.00749072150549005,0.0138448006010394,0.0152597130521245,0.0105676887397411,0.0212057399336631,0.0169686868028016,0.0164899915252034,0.0188677794545034,0.022046920145155,0.0101817685932822,0.00918100901633996,0.0122429942124349,0.00963062693638976,0.0198059145623291,0.0242960495031244,0.0063863050865885
411,2016-06-17,0.0073418150482886,0.00806760835653727,0.0106261231839573,0.0136087493071767,0.00757862688157547,0.0138361979672688,0.0153057837408162,0.0107352728925883,0.0212956459126909,0.0167647712714466,0.0167488166541211,0.0187060785434065,0.0221981343781627,0.0101177670969266,0.00911978681993527,0.0122193896265471,0.00954426721679465,0.0200813536512728,0.024835114412093,0.00642796579332399
412,2016-06-20,0.00726093226880587,0.00798343794315564,0.0104987188641534,0.0136041569475081,0.00758266397022212,0.0136555062967727,0.0152374947699855,0.0106268319242875,0.0210269302118899,0.0167281251819632,0.0165224220967188,0.0186831755533637,0.0220403811703462,0.00999263944413186,0.00902906683534078,0.0118413505969789,0.00934113933409002,0.0201752713924202,0.0248189662564522,0.00632844871899426
413,2016-06-21,0.00722110495918327,0.00792997436400159,0.0103528228551268,0.0135687407073202,0.0075679732419442,0.0132900209857756,0.0149808757393235,0.0103401101910191,0.0208216335541127,0.0167116317763639,0.0165238646611496,0.0185234392211772,0.0218372306755238,0.00977087836248095,0.00885807417253225,0.0116613673839385,0.00923169058459322,0.0201897850948351,0.0248646720747745,0.00632820601248138
414,2016-06-22,0.00725096117639357,0.00789464170029501,0.0104275418419364,0.0135490600301446,0.00774189811052914,0.0130653783119827,0.0153785952838101,0.0100703782061067,0.0207525642306304,0.0166505839873506,0.0170229682923946,0.0181637048801834,0.0229172309192593,0.00961666881938708,0.00881719096553917,0.0118282475971791,0.00911830371629342,0.0202449189901457,0.0248105862710386,0.00655128573552783
415,2016-06-23,0.00713163026244384,0.00785526715046155,0.0102650776187866,0.0136098281216092,0.00758830265958444,0.0129698775173931,0.0153099557739668,0.00998205507666169,0.020828127460959,0.0168168641614536,0.0169382670364671,0.0181484721112935,0.0228379854490096,0.00953593882053257,0.00865855228959577,0.0118057551963337,0.00906414383295384,0.0202812810822423,0.024230389937109,0.00640487315191846
416,2016-06-24,0.00711724435328251,0.00788041889538354,0.0102787915472983,0.0135995471111643,0.00765745416177148,0.0129625622913525,0.0153369438050267,0.00997585840663894,0.0208378931508614,0.0168362223929668,0.0169814181066528,0.0182203382344533,0.0228378676541446,0.00954831963915053,0.00866374745231893,0.0118132576532894,0.0090702580074415,0.0212394482858899,0.0256250733290622,0.0064054593542673
417,2016-06-27,0.00694754531619873,0.00760312366666013,0.0100892641899204,0.0138016095379374,0.00737676117546421,0.0127628934059705,0.0151243324444899,0.00989755616254757,0.0207467209981509,0.016508566663715,0.0167877624907544,0.0177159934660462,0.0225476555254264,0.00926209251615302,0.00808753588978505,0.0113328799762039,0.00857399997312634,0.0207210990596453,0.0247872604399368,0.00611460175348212
418,2016-06-28,0.0069742471033787,0.0076871789109071,0.0100758293315938,0.0137839556821998,0.00755210536488973,0.0128015312807733,0.0151173108264212,0.00995827053931317,0.0206978895750072,0.0164994427277924,0.0170612534491766,0.0177045191307271,0.0226470659616263,0.00932820324504403,0.00808545976474256,0.0113331089882015,0.00857600697399574,0.0204983129995357,0.0247393132521689,0.00608165133816268
419,2016-06-29,0.00695498089507772,0.00765930911397566,0.00999438380819854,0.0142087198565928,0.00763397003036265,0.0127946072235579,0.0150062539343721,0.00997254448472124,0.0209960817156473,0.0165155693140915,0.0172486540432771,0.0176375103527226,0.0224955688310217,0.00935633605375216,0.00798337593339477,0.0113074005826045,0.00853138894886556,0.0205091424628679,0.0246354514741745,0.00592723603882179
420,2016-06-30,0.00685962245463802,0.00767590931276404,0.00983868614393784,0.0140865066831184,0.00759935065484677,0.0127796214132281,0.0149724236361108,0.00966348228764906,0.0207578341398044,0.0160500701601719,0.0172375860400305,0.0175868691562599,0.0223255647849437,0.00919300098864149,0.00777456417864994,0.0112023364886718,0.00821099857923522,0.020683603716259,0.0246778022101586,0.00574401754467267
421,2016-07-01,0.00671996266428776,0.00743191405243945,0.00949609082326549,0.0141294140181996,0.0072291547227266,0.0121961237719165,0.0146665227300401,0.00944862584107817,0.0204423030359778,0.0160551674863212,0.0173771288140702,0.0173508643009731,0.0223231797048648,0.00891022100813007,0.00742067271280015,0.0105398238668825,0.00753994778626216,0.0207510861432462,0.024726072030922,0.00555843397532655
422,2016-07-04,0.00683616507985112,0.00765286681094159,0.00979071875381649,0.0146395965918024,0.00749922061080918,0.012255357798409,0.0153285463135797,0.00960807774355866,0.0212398263648677,0.0170290928221565,0.0184477089003844,0.0175255760945534,0.0233660235746531,0.0089459503321683,0.0076791850614094,0.0107094585139042,0.0077384382245811,0.0209446800054323,0.025668439318512,0.00562088545557188
423,2016-07-05,0.00695452211863745,0.00756507976626444,0.00977536721051227,0.0147197284111391,0.00751313286982955,0.012090510376208,0.015328285339748,0.00961316938246887,0.0212417925921979,0.0170461442172825,0.0183431184808823,0.0174828607155928,0.0233562207765321,0.00895146135792343,0.00766774292158525,0.0107083432341458,0.00763215258860098,0.02086927957527,0.0256528409070747,0.00555078868496087
424,2016-07-06,0.00692316457201793,0.007576848117847,0.00972515299073965,0.0147889916934094,0.00750913129693531,0.0119806448073122,0.0152696090500954,0.00954570818475989,0.0213124570869228,0.0171778695454301,0.0184081173767129,0.0173863493965809,0.0234659282785246,0.0088664937257195,0.00764008694250211,0.0105056532532987,0.00755104785904481,0.0213514010184482,0.0279131290281627,0.00553924451826035
425,2016-07-07,0.00686570126772156,0.00757265297463477,0.00951906454579088,0.0148951479484958,0.00752480294278202,0.0119903492142033,0.0152692415267039,0.00954070079665243,0.0213537958880133,0.0171451061669111,0.0184214171522604,0.0174397274244913,0.0234472875637194,0.00884811879763379,0.00763848769406825,0.0104935774067571,0.00755083084749322,0.0213594415789785,0.0282998856366255,0.00551983839466572
426,2016-07-08,0.00680254047774483,0.00755573431974676,0.0094004128383812,0.0149023430667001,0.00769267376377971,0.0119611042646959,0.0153290941670265,0.00947641442837589,0.0213741317037104,0.0171328407312619,0.0180779788698131,0.0174105344780118,0.0232441269400976,0.0089076445614643,0.00756440675547078,0.01040689031447,0.00746642216182674,0.0214925752276818,0.0284388349352545,0.00536573460029652
427,2016-07-11,0.00696700512436799,0.00748352686310431,0.00944830548981013,0.0153297323335514,0.00765991032285117,0.0119528952662645,0.0154634286301252,0.00944884690161171,0.0217722703327512,0.0170507459958157,0.0181955398325313,0.0175832166604701,0.0238046535673456,0.00892085863946601,0.00770395852716143,0.0103007947123059,0.00733773825510701,0.021347331114851,0.0280072924591337,0.00526051013473258
428,2016-07-12,0.00707344238761846,0.00753593485856429,0.00985175712666765,0.0155883302460267,0.00822139381648357,0.011259196247935,0.0156963396841194,0.00940738811435739,0.0218079742590799,0.0170459198234278,0.0183741057231209,0.017262298443115,0.0242627240510599,0.0087874731169347,0.00779808551655484,0.0103705607538952,0.00726275023880307,0.0212835298737508,0.0277585705520325,0.0051610587295071
429,2016-07-13,0.00705020393305724,0.00753600524072424,0.00978271332444242,0.0155975042823751,0.00823886914749185,0.0108507583726507,0.015690565120897,0.00959630117077753,0.0218123264882381,0.0170464602378636,0.0181563440813651,0.0172543972067338,0.0242447485861396,0.0089588518096381,0.00779950699427949,0.0103204530374945,0.00726485338817406,0.0212815132183252,0.0277599610301195,0.00505258821205063
430,2016-07-14,0.00693554190833074,0.00751586910973404,0.00917147856278636,0.0155844903265342,0.00820970033480526,0.0107468845587643,0.0155006818990946,0.00936574507115367,0.0211372323822045,0.0165618992318174,0.0181466469948489,0.0159990330633962,0.0242878944910841,0.00872578000738772,0.00757190694480921,0.0102382139000804,0.00715262987086823,0.0214313132249121,0.0278867305398693,0.00498959314531359
431,2016-07-15,0.00689155911903408,0.00747273454394441,0.00911946874943324,0.0155932238587064,0.00820955074830476,0.0106177475468077,0.0154555775794828,0.0093669574126831,0.0211628185054768,0.0164503982824677,0.0180911915644098,0.0159632212879118,0.0242387012890908,0.00872002122798964,0.00760565035352344,0.0102572041346313,0.0071608204847166,0.0211702583334925,0.0277181306820448,0.00498037756872775
432,2016-07-18,0.00681835744691766,0.00744872449955366,0.00911306494674005,0.0157028197318174,0.00826036231109124,0.0105268527215497,0.0153326945813492,0.00933071630873543,0.0211135058168373,0.0163734718507565,0.0179687481191023,0.0159306704376956,0.0243344770072964,0.00865569079604176,0.00750770565964659,0.0101137203436194,0.00703933102314817,0.0211355900165011,0.0277364518225393,0.00491585467532759
433,2016-07-19,0.00662314693360697,0.00704792137546935,0.00896792501237883,0.0156215571004691,0.00816496125664909,0.0104816727422036,0.0153357739654644,0.00918967508765081,0.0209891065639974,0.0161789692842868,0.0178311645162373,0.0159719784132455,0.0242340570952419,0.00845598429842423,0.00738457832554324,0.0100844292984518,0.00673771596530185,0.0211478005787357,0.0276964197059828,0.0049452094101867
434,2016-07-20,0.00663127184147469,0.00703726466663172,0.00897065461397757,0.0156098848900658,0.00816958742359655,0.0103947021475511,0.0153710443742994,0.00918583431635677,0.0208568589996746,0.0161684224386815,0.0179438062803557,0.0158705716645801,0.0243124923609411,0.00850474239051556,0.00735102577022771,0.0100781826062112,0.00672232505106424,0.022035249615921,0.0281272712372524,0.00493692660095173
435,2016-07-21,0.00667791229621539,0.00691145161081691,0.00885356894451608,0.0155121031730883,0.00814327489709559,0.00985005864176898,0.014730126312746,0.00839163947225201,0.0207519818257896,0.0159876736367557,0.0177450738648511,0.0158655252483019,0.0240055335955988,0.00826896932547105,0.00722139554962029,0.00977944432703731,0.00607994871574364,0.0220402599156524,0.0280558534719117,0.00478421372127914
436,2016-07-22,0.00667829794459366,0.00688528822840578,0.00879965055184656,0.0155104517238021,0.00811694629895838,0.00959832806199942,0.0147257883722513,0.00838060009329327,0.0207117371708262,0.0159944198918371,0.0178230849326121,0.0157309028125209,0.023771609542028,0.00825905785345569,0.00722516091540225,0.00977444432632244,0.00607633228644546,0.0219492905241156,0.0280151845833582,0.00476726935723418
437,2016-07-25,0.00658380537505399,0.00678005143055137,0.00863738678452214,0.0151355188339299,0.00812446193282365,0.00940655450308771,0.0146173799171078,0.00838999436068034,0.0202446224990245,0.0156439770752248,0.0171925399876169,0.0153244030445491,0.0234836693613524,0.0082570741325803,0.00702901512083083,0.00950416629042695,0.00599640912763724,0.0218628487207027,0.0277844021786687,0.00469602149540488
438,2016-07-26,0.00662188094473827,0.00682137656107006,0.0086411079476375,0.0153388751634058,0.0081673114406117,0.00940850024837684,0.014716217361577,0.00831425512291077,0.0203926170515448,0.0157000136195766,0.0172594226653417,0.0153702881014494,0.0238454293226107,0.008203001618524,0.00701937033035111,0.00962519346371956,0.00605802973188997,0.0226323307590558,0.0277263753555137,0.00463983678105585
439,2016-07-27,0.00665145227342286,0.00685902254829158,0.00886172510904881,0.0154842324926134,0.00835801541389977,0.00965673709163921,0.015182665588855,0.00851563862604687,0.0216687847404748,0.0162285398530619,0.01833958112646,0.0160622723845556,0.0245391956751335,0.00827864889736219,0.00709580501569685,0.0099033112182238,0.00635761546065993,0.0225827480218106,0.0276515508084564,0.00482664957070026
440,2016-07-28,0.0065201779074817,0.00685343072198401,0.00876657082672055,0.0154511511002112,0.00833793860285054,0.00939820280171703,0.0150827332373263,0.00844772956994012,0.02160909920935,0.0160809989053751,0.0183077575145335,0.0160386833780003,0.024333588779681,0.00827557926303415,0.00699265042049335,0.00990844817189429,0.00629972116309277,0.0223502293603744,0.0274694852059476,0.00481537289541151
441,2016-07-29,0.00652729763142264,0.00684663205063365,0.00879375304060618,0.0153494403793941,0.00839777235176652,0.00918293071810284,0.0149740356779283,0.00844403709343036,0.0216460961397109,0.01600940185805,0.0184389353751809,0.0160055023403332,0.0245622098697181,0.00823927913348789,0.00700138024940978,0.00994285200474307,0.00630043839114668,0.0225083698734484,0.0276628329641721,0.00481113803363606
442,2016-08-01,0.00646575559329434,0.00679397800512723,0.00876496736464123,0.0153459525338448,0.00838931514371973,0.00911054969963356,0.0149489803618572,0.00847390200600487,0.0216765687374853,0.0159130614497182,0.0183958022962964,0.0160329070211358,0.0245681312004816,0.00832281572276135,0.00699525470377682,0.010113500362191,0.00629618436817524,0.022557469382959,0.0275997311451709,0.00528353795656411
443,2016-08-02,0.00649598857163292,0.00679030326069814,0.0087606306055712,0.015274651282462,0.00838149887512688,0.0089007766452359,0.0148506716956363,0.0084030867891368,0.0216951839140514,0.0160173819614386,0.0182542092268522,0.0157849793494794,0.0245228439606227,0.00819666953974471,0.00701680186777516,0.0100918169529667,0.00624435454892809,0.0219409446306373,0.0272019719521868,0.00523827224875471
444,2016-08-03,0.00642392766177256,0.00678254521952415,0.00875574080547953,0.0152384018597631,0.00845182414520466,0.00889686757618673,0.0148158929243197,0.00839963398341258,0.0215961565580635,0.0159574990664807,0.0181422249807578,0.0157510730918338,0.0243964134439535,0.00819550895151719,0.00694225272487666,0.0100733980769242,0.00623919864881011,0.0219216368559919,0.0274025261192528,0.00521005865150036
445,2016-08-04,0.00642829247625419,0.00679623450888387,0.00874966102774036,0.0152611855799,0.00847690218610614,0.00893847386792385,0.014746867341806,0.00846198832813174,0.0216291055908234,0.0160024674134326,0.0181189478639028,0.0156355397875163,0.024404942578788,0.00823799192105995,0.00693724305622905,0.0100601356154441,0.00610302531314284,0.0221860645176392,0.0274614093506844,0.00521856217777244
446,2016-08-05,0.00562488377637226,0.0060846920187577,0.00838497383987827,0.0144794517180486,0.00812577100256171,0.0083559028582523,0.0140350049216063,0.00814774378091297,0.0213739468997713,0.015419803260231,0.0174590442203334,0.0151431648228676,0.0238227264631001,0.00734238943233311,0.00632425759804348,0.00945314834195533,0.00570633465829536,0.0220927698321098,0.0270847956994681,0.00505176006549644
447,2016-08-08,0.00493419725351656,0.00542587011264209,0.00791948655397216,0.0128750396595713,0.00789462776749491,0.00707709660177137,0.0135197329230575,0.00779279329752048,0.0191585016199482,0.0138886317733825,0.0168654143636907,0.0136377343954132,0.0216110856640902,0.00665559629426681,0.00568229301500249,0.00873054762943781,0.00575952995825091,0.0220505896659936,0.0278988847738889,0.00479432472789633
448,2016-08-09,0.00476704954017518,0.0053713169527083,0.00788203851484586,0.0127792807239214,0.00790377783467551,0.00713250480476996,0.0135157088531218,0.00779302106283015,0.019138225277428,0.0138832740601888,0.016591337687283,0.0136144679986711,0.0214174590266975,0.00667518099065969,0.00568565728499501,0.00905233573748497,0.00576153373082095,0.0220473250143708,0.0276169655143665,0.00496526593975938
449,2016-08-10,0.00477987354503263,0.00536086195954613,0.00783129335269959,0.0127793409917856,0.00789967293158465,0.00716634278955944,0.0135149398068809,0.00779099809008007,0.0192396491807028,0.0139909575050583,0.016572039593276,0.0136171489423437,0.0215099385905915,0.00668987979352527,0.00568053154077728,0.00909566286348979,0.00577831316579386,0.0224424599114288,0.0276485214970505,0.00501976506254567
450,2016-08-11,0.00477131915139246,0.00536610035147302,0.00786318211198668,0.0128055136469576,0.00791907747036022,0.00718399449461214,0.0136723154626639,0.00777124092059824,0.0190342640184891,0.0138830976315964,0.0169222769225425,0.0135662111129862,0.0217949398244021,0.00628561644748834,0.00552612258286217,0.00903884255214901,0.00569900885612054,0.0224660659005105,0.0279206649654087,0.00504218955610688
451,2016-08-12,0.00478977254435174,0.00540092469430073,0.00787474557259327,0.0126974012964283,0.00801735987198706,0.00730860359707451,0.0137004071963436,0.0078792039104966,0.0190950473789542,0.0140883614128844,0.0169112078883566,0.0136282979340643,0.0216637708637573,0.00653557919449976,0.00549039597218521,0.00908175978774455,0.00586977896960982,0.0224072519544917,0.0279051044313789,0.00509812003049812
452,2016-08-15,0.00485577851230608,0.00543368379515826,0.00789432226791106,0.0128089561081152,0.00814663035853897,0.00740478765706943,0.0137986238178955,0.00802143791308942,0.0192570860940749,0.0143538731098602,0.0169265023638653,0.0135933570123548,0.021696515061057,0.00692715200686886,0.00544414389379112,0.00932370994699145,0.00611051482080847,0.0223815989262987,0.0279001621165184,0.00523531964075847
453,2016-08-16,0.00484896480176393,0.00539413082411525,0.00789330092327904,0.0129307810848934,0.00813456931764768,0.00745768424296666,0.0138624662921307,0.00805673294042462,0.0192697169815066,0.0144484369705325,0.0169334605005234,0.0136342683614363,0.0217338272759288,0.00689241217598648,0.00545052586648281,0.00931780075376377,0.00613524818752923,0.0225093978942735,0.0278787895927015,0.00538530808063939
454,2016-08-17,0.00468616011682838,0.00533530049574795,0.00788828548257368,0.0125667878179119,0.00807304174191598,0.00731554823565693,0.013683888421509,0.00793204314516337,0.0190242809662049,0.014308874617014,0.0169722499073355,0.0133556283530795,0.0218685850885281,0.0066759243306229,0.00538378099502156,0.0092423501604836,0.00609725630841671,0.0226678685347759,0.0280922232506591,0.00561566507276043
455,2016-08-18,0.00458053305451364,0.00531253401181848,0.00790150027154455,0.0127063091059422,0.00815287644463944,0.00733631549980283,0.0138690881023809,0.00792274411510078,0.0188041089012861,0.014219630066653,0.0169464226378817,0.0130776631078146,0.0220967875813374,0.00669711214570623,0.00539658881035219,0.00926140734349153,0.00616065789451844,0.0225134885671089,0.028091052999607,0.00573122592422163
456,2016-08-19,0.00457527775994476,0.00531332632548247,0.00791151467638494,0.012558843737137,0.00816914127610363,0.00742756450739546,0.0140599343135806,0.00792135527797082,0.0188082283063847,0.0142221044582438,0.0169176768198851,0.0130621657170691,0.0220792202910109,0.00675654398407995,0.00539749496470439,0.00930095548420155,0.00615673364497078,0.0224449895705893,0.0281375964887979,0.00573323866169649
457,2016-08-22,0.00458300936662611,0.00531541962747818,0.0079114085712119,0.0124817736971445,0.00820348002241967,0.00741507826726579,0.0140742211946358,0.00793651859947261,0.0193364500622459,0.0142584614583856,0.0170523823989278,0.0131222721927166,0.0221045595630099,0.00685756505382821,0.0055022110129687,0.00936948874239714,0.00620204835970494,0.0225104757346623,0.0282337563236431,0.00573893949728584
458,2016-08-23,0.00446821722101249,0.00530747127991257,0.00788722309043817,0.0124957204276767,0.0081751727807982,0.0073247810438258,0.0140435545066686,0.00782407933604544,0.0192679858966118,0.0139951752413409,0.0169862266621104,0.0129862958361018,0.0219238924850926,0.00687030512432163,0.00547626084675951,0.00922202405587558,0.00614554209697099,0.0225882078406325,0.0280624409227668,0.00572663494292986
459,2016-08-24,0.00444829882986459,0.00530636966691793,0.00787468690205697,0.0123796908968887,0.00818947525369456,0.00729083368162856,0.0139630531829343,0.00774617071831205,0.019139532430254,0.0138899874657713,0.0169802008554417,0.0128184129834283,0.0218626338841827,0.00677047801128399,0.00545746564044061,0.00913726589832945,0.00607861477296561,0.0224559442374279,0.0279969268710284,0.00570614312850368
460,2016-08-25,0.00444519451612934,0.00530614947088501,0.007864128677262,0.0123725793927335,0.00825843086405677,0.00723093546765059,0.0139693053274781,0.0077646665233375,0.019052197070966,0.0138893741210558,0.0170283714440296,0.0122957305753863,0.021809318002995,0.00681659332155885,0.00547767749557417,0.00916989914085516,0.00609678856202979,0.0224360648076997,0.0278779653337455,0.00582072625561941
461,2016-08-26,0.00442391046239793,0.00529265569571308,0.00786386596737845,0.0123516295279365,0.00823083005736236,0.00724385177061585,0.0139440492310708,0.00773589113236989,0.0190952970627051,0.0138762700583665,0.017017534931713,0.012298536524924,0.0218011223689006,0.00683984056869167,0.00547734021562342,0.00913650930195895,0.00610041696844897,0.0224820037142301,0.0277764251664546,0.00584561748486111
462,2016-08-29,0.00441326695035721,0.0052969742859264,0.00788819733722013,0.0123174285469707,0.0082288225727901,0.00725649702915619,0.01392683254106,0.00766840011766257,0.0191181460387919,0.0137296099231211,0.0170171274344355,0.0123143585523178,0.0217953630640958,0.00684322428680581,0.00547434033682597,0.00919516078426246,0.00608649397593547,0.0223340592719444,0.0277125015264696,0.0058441020971195
463,2016-08-30,0.00437906416510532,0.00510285540864687,0.00769222681612295,0.0116742404055289,0.00811310256968292,0.0069477603899936,0.0134717707019295,0.00728854899209289,0.017949350047024,0.0127789379022625,0.0157892480830034,0.0107112112426509,0.0210312515982292,0.00654260128476652,0.00511525460443591,0.00887394629949197,0.00594456007272778,0.0222368996306664,0.0274283540935863,0.0058554269815009
464,2016-08-31,0.00440386338756133,0.00510521950122205,0.00766748893813923,0.0117156723700317,0.00811314477971334,0.00694025674703737,0.0134485843155011,0.00729064901577168,0.0179466574977066,0.0127540923675429,0.0157453417989121,0.0106662408227687,0.0210114001412946,0.00665119666998783,0.00512958281287098,0.00886284445477258,0.00595719570031732,0.0222888507972428,0.0274492718304701,0.00585796890970376
465,2016-09-01,0.00438550301415333,0.00511621729099377,0.00769395288305809,0.01168178058815,0.00815020241211364,0.00692642739755493,0.0137375600936325,0.00736552837352475,0.0179975441716202,0.0127648226512542,0.0157040895968062,0.010731307276887,0.0212511225860285,0.00689403038800841,0.00512289667758151,0.00891388051976438,0.00600001474844578,0.0223339217866167,0.0275129243944787,0.00603298800188818
466,2016-09-02,0.00438348122556604,0.00511487509611407,0.00768276531789508,0.0116869290624134,0.008177404861809,0.00690772161808023,0.0137201275818321,0.00734830592659175,0.0180092628602501,0.0127585338371151,0.0157038959421672,0.0107152967621275,0.0212047464790228,0.00691118043796304,0.00511327623156392,0.00901519320496158,0.00599515806657469,0.0222741548867538,0.0274969647416507,0.00603327939936515
467,2016-09-05,0.00432661033871106,0.00513644112525197,0.00767097262996067,0.0116894317358771,0.00818133001407981,0.00690687680223778,0.0138799558284895,0.00727824156721965,0.0181596670003259,0.0130219154071106,0.0159789038850972,0.0107560794229825,0.0212963685903055,0.00694813778220848,0.00518681709110803,0.00903970967924288,0.00600750807382233,0.0219300945253651,0.0271317334193176,0.00606608166909911
468,2016-09-06,0.0043417338292596,0.00514563210458738,0.00768618489170356,0.0117082658677012,0.00823599790552086,0.00682039335565462,0.0139018609832366,0.00724180106903678,0.0181622022395121,0.0130214105200195,0.0160496244161232,0.010797078697566,0.0213603803459298,0.00696517675705653,0.00519837372433727,0.00920449072629583,0.00604478734612789,0.021886297439958,0.0270229167165564,0.00615382366009369
469,2016-09-07,0.00432787747916394,0.00515288761965449,0.00757772185339731,0.0114622078544501,0.00823646628014236,0.00674357424604187,0.0139627609445105,0.0072359180070331,0.0179753639119925,0.0129638514570758,0.0159660782495824,0.0104953753760735,0.021382130446847,0.00698495264029018,0.00518912390788538,0.0091603113917964,0.00604314899529325,0.0219571423210842,0.0270332693609756,0.00634592059008689
470,2016-09-08,0.00387541319264443,0.00453225304925806,0.00696229958417073,0.0110210835423294,0.00749599107012541,0.00602799372513197,0.0128771629278206,0.00620172300749145,0.0164724224469836,0.0123964803713198,0.0153001274033295,0.00999541724945904,0.0207738849911789,0.00657307805010251,0.00485262544222606,0.00886330892013953,0.00581363779889436,0.0217393177104556,0.0263106151282915,0.00609760464452408
471,2016-09-09,0.00387467152584316,0.00451984905492016,0.00701201468342979,0.0108607773802867,0.00749705176649142,0.00598712040136666,0.0128946356119225,0.00624619927131032,0.0164932836435205,0.0124847347638796,0.0153153482718203,0.00986251826582739,0.0209126330537221,0.00659981011018706,0.0049038093295523,0.00886072802272352,0.00585507204912637,0.0218322327466534,0.0262177064674763,0.00661066553724858
472,2016-09-12,0.00393356442355337,0.00451186874821581,0.00711855998856538,0.0108352779347697,0.00744905951798675,0.0059606443835785,0.0127286391594913,0.00641218967862417,0.0173288023285907,0.0127029773412499,0.0156890546904646,0.00999699361669536,0.0225682507894009,0.00667524658927667,0.00494104609019566,0.00918712585054506,0.00583393265475135,0.022507396988721,0.0263632334876864,0.00680528101693134
473,2016-09-13,0.00380983607650664,0.00441029744867231,0.00707699936178589,0.0108390178617517,0.00744176476397604,0.00588804224298681,0.012720750333535,0.00629737803349729,0.0173140875428027,0.0127246111769156,0.015690755810566,0.00993425876811599,0.0225740530830535,0.00668348413063306,0.00485395607811761,0.00915517450047527,0.00581171832480212,0.0220894050272584,0.0260279218641994,0.00681697778076855
474,2016-09-14,0.00376801079921495,0.00449466926353102,0.00688800029106624,0.0108099755848432,0.00748213898648695,0.00588906003429729,0.0126263200599795,0.00611344243047585,0.0171306189280829,0.0127225614622318,0.0155887778628422,0.00991989902311391,0.0224627908881075,0.0067240252800475,0.00486113404245341,0.00916331443919288,0.00582849690745434,0.0219941721373335,0.0255080767161359,0.0069217302403166
475,2016-09-19,0.0037141643142849,0.00451069864826314,0.00681506314307778,0.0105899556586912,0.00749668524212933,0.00586091177502387,0.0125785925917955,0.00613063575666097,0.0171164350973676,0.0125702352116209,0.0155567017876701,0.00988765726784094,0.0224593566642078,0.00680844703486968,0.00486379270047354,0.00920531508107873,0.0058836318742112,0.0218942301433832,0.0254377580528986,0.00692752427336893
476,2016-09-20,0.00371383332959356,0.00450253127362195,0.00681833620036579,0.0103257095219949,0.00746918768044657,0.0058450490175369,0.0125350113007848,0.00609592515838329,0.017041284289319,0.0124864009921725,0.0155570568642834,0.00985819701572867,0.0225019346884552,0.00679266023284799,0.00484929058430395,0.00918631285558555,0.00584185455095127,0.0218065120901801,0.0253551966280708,0.00691765431062368
477,2016-09-21,0.00370776602685259,0.00448568248062079,0.00668867579215307,0.010233714821967,0.00737250344715694,0.00583524693203368,0.0119647889382306,0.00600371069361923,0.0170412039667373,0.0125103040463575,0.0151529040701051,0.00984837755531815,0.0216018756193042,0.00686541097212543,0.00480356821263909,0.0098157880954338,0.00577049859956292,0.0219166717876791,0.0253747879227578,0.0068130264626409
478,2016-09-22,0.00370523021922668,0.00453832124394711,0.00667757260197017,0.00949256121148632,0.00739195603625906,0.00590117028362458,0.0118401379862541,0.00596478522177752,0.0168108073023634,0.0120194133771739,0.0151297164559478,0.00959253007053519,0.0216218559157079,0.00687400190887489,0.00480868165142821,0.00990724629320294,0.00578075832650813,0.0218692255037565,0.0254231751769589,0.00695292048070144
479,2016-09-23,0.00358390912524628,0.00440960158381777,0.0065863836850037,0.00937636850914867,0.00724670754725714,0.00585040014179742,0.0118195177387467,0.00591763269044186,0.0167691393446402,0.011822264954066,0.0151511780416464,0.00937327444497325,0.0216096062292444,0.00679952412573156,0.00474075858395646,0.00985689689347837,0.00569928939696102,0.0207247266341542,0.0237938201084612,0.00697726490030236
480,2016-09-26,0.00368298174597956,0.00439878812280255,0.00653968498519471,0.00931947314857579,0.00721257341184117,0.00581663685333772,0.0117267506184834,0.00586776517448143,0.0168587897643024,0.011895825860323,0.0148787457315558,0.00948620746697556,0.0210969621989776,0.00687940800827301,0.0047692260528695,0.00994970343350728,0.00568691859822674,0.0209258395755249,0.0240212377661992,0.00724623405928809
481,2016-09-27,0.00369397590187669,0.00433990295525537,0.00653894607146675,0.00927628453400177,0.00709904987090783,0.00584639183343509,0.0117266924619338,0.00585795818539997,0.0168770743921267,0.0119441448712358,0.0146583866465018,0.0095147450349649,0.0210192767887837,0.00684110737327503,0.00480770462288517,0.00997332515468462,0.00569017160730983,0.0209880880043988,0.0241804808329645,0.00719624872028039
482,2016-09-28,0.00355739855336536,0.00433985913254366,0.00649947773245473,0.00906896775935244,0.00704810221260185,0.0058956242153782,0.0117270027565366,0.00585906958823977,0.0165735932337075,0.0119245029781318,0.0145321708201328,0.00949965979429649,0.0209696803403521,0.00680207228826235,0.00479188083427077,0.00997958413935521,0.00571495780234112,0.021042431278298,0.024236731810605,0.00720069594075698
483,2016-09-29,0.00356719428710089,0.00431503925885125,0.00655417972892862,0.00906048715991656,0.00706954255196255,0.00593258730289518,0.0118902810022877,0.00586618464657666,0.0165271367381775,0.0119776114940931,0.0144981663884344,0.00947586486380271,0.0211221887763808,0.00681828023511555,0.00483808358725178,0.010212374227977,0.0057162229235327,0.020911789121563,0.0242035115350805,0.00719994978203316
484,2016-09-30,0.00357481458447345,0.00432797597236966,0.00655631614035727,0.00905982787026964,0.00707637338722401,0.00598462790869355,0.0119269581344109,0.005856154419694,0.0164893226513324,0.0120172300332818,0.0144481699276081,0.00948786831397702,0.0210456306091627,0.00679912466614685,0.00484239905694771,0.0104678632056483,0.0057062815880582,0.0209396832771428,0.0239703560752077,0.00719853207592569
485,2016-10-10,0.00359932414226699,0.00421665240800732,0.00631211081676594,0.00910005038928673,0.00690246190234789,0.0059343146870141,0.011184398738549,0.00584309149203842,0.015655543865138,0.0111906004534592,0.0133271322842026,0.0093162588370765,0.0199575561684438,0.00677756414158452,0.00477918897144509,0.0108283052703626,0.00564781500079049,0.020767501518109,0.0229079439255034,0.00731650251903948
486,2016-10-11,0.00355814320748862,0.00430181174403367,0.00637711035387014,0.00910119596514127,0.00692066819018718,0.00599084699274453,0.0112623101505094,0.00586669727993514,0.0156888130551801,0.0112796668116788,0.0134106619729218,0.0093361187235804,0.0199532563198335,0.00678370942759596,0.00484431506527114,0.0113210115862676,0.00565454753484845,0.0211031873524636,0.0228380828134715,0.00733984600002939
487,2016-10-12,0.00353250314602868,0.00416920078287755,0.0063791516131965,0.00936775387407042,0.00691629859946404,0.00606369132025355,0.0112376602254678,0.00587543474252948,0.0155653281217137,0.0112221928868176,0.0133688575260555,0.00929628908743887,0.0198533280173518,0.00687024232443938,0.00484295154177127,0.0113245200708292,0.00565194011947962,0.0205248176347335,0.0195005404209384,0.00762164082993972
488,2016-10-13,0.00342699433745375,0.00418169875354954,0.00644307158230813,0.00943828109838682,0.00692446609198039,0.00593298612929451,0.0112667048934308,0.00586033268498465,0.0156320729769956,0.0111434099141647,0.0133660838437623,0.00921492200407679,0.0198796899657453,0.00698207349156964,0.00489986216432571,0.0114692816216868,0.00566126449130872,0.0205856468893883,0.0187974687821655,0.00762317519299153
489,2016-10-14,0.00342232603554945,0.00410709809169041,0.00641482417471627,0.00950118856056925,0.00654108326440578,0.00585191380129993,0.0111467207889886,0.00585654620896103,0.0155472981825711,0.0109963331913366,0.0132534398624627,0.0091917125950001,0.0197979514235405,0.00696222164245499,0.00490460456531822,0.0114472305766979,0.00558445341934477,0.0204507712001529,0.0187221349112056,0.00762266919305358
490,2016-10-17,0.00328844374160171,0.00410506352100923,0.00628767650557101,0.00919327996292414,0.0065240206762335,0.00585267924642457,0.0110187346069525,0.00585562174591512,0.0149321983676598,0.0109862191633133,0.0125496138499924,0.00875354950093591,0.0187371299266147,0.0070783174968184,0.00473355889085258,0.0114089012067561,0.0056249918791544,0.0204795540760565,0.0200240534187499,0.0080244311481186
491,2016-10-18,0.0032236869595082,0.00388659384603207,0.00562590165226177,0.008974326171899,0.00586096057579026,0.00577277754634838,0.0105601458132224,0.00580522637563786,0.0148470067822513,0.0109453868750888,0.0125962149786362,0.00870193600784849,0.0180353615479815,0.00706507645818211,0.00462686129779379,0.0113848138903754,0.00570846947823339,0.020639737610054,0.0202780165626802,0.00801502325676299
492,2016-10-19,0.00321615490608402,0.00385093567958424,0.00563776166241639,0.00904839281664209,0.00588446307238661,0.00564182875153563,0.01055510547769,0.00562132951353539,0.0148674062342995,0.0109385775551418,0.0124842036167796,0.00869346059914808,0.0181194591725042,0.0069186694299557,0.00459638634306849,0.0113670108896665,0.00571329335565241,0.0206884759879762,0.020334648160355,0.00801472027289408
493,2016-10-20,0.00320274286034535,0.00386010438960108,0.00561076539493038,0.00915333119784317,0.0058996038808853,0.00538194064129437,0.0104628394023783,0.00559200862823082,0.0148712251749235,0.0108155836430204,0.0123310470093853,0.00859009431621651,0.0178076586762681,0.0069639510294519,0.00453678267875427,0.0113440760612787,0.0056888342645307,0.0205750055539185,0.0200258525964322,0.00806088454772528
494,2016-10-21,0.00320293823990779,0.00386503794342921,0.00567379764756549,0.00916410252697644,0.00588998059153539,0.00520999274697757,0.010465875551985,0.00561539881057822,0.0148461961073937,0.0107746266616482,0.0122901015566141,0.00857840258049698,0.0177578779152448,0.00706843812992079,0.00440152075439352,0.0113589010595702,0.00567526302513865,0.0205663224861346,0.0200462150826225,0.00806478115787552
495,2016-10-24,0.00335154787688002,0.00414258591293928,0.00565909383409053,0.0102632522654124,0.00586116394997088,0.00519739264326071,0.0107118179843551,0.00553660050584204,0.0150742584961043,0.0109473098612003,0.0126977715911677,0.00875967696230123,0.01849146478337,0.00713678630913975,0.00449858869801825,0.0113300058131296,0.00573690926456766,0.0206156447349503,0.0201057593407512,0.00806516789417866
496,2016-10-25,0.00329828835305645,0.00418124398568095,0.00567738215258607,0.010427025788653,0.00585336559493924,0.00512501400970027,0.0109910210895246,0.00553658863417222,0.0151328237099612,0.0110132782041426,0.0130898450389364,0.00869551971192176,0.0188608085176396,0.00716921491565935,0.00446775686256543,0.0112920428727326,0.00572713582122842,0.0209574052043089,0.0204262780195061,0.00806025384542816
497,2016-10-26,0.00329814451358076,0.00421044838188867,0.00592194241462289,0.0108345637683142,0.00586969429015752,0.00503614566867513,0.0116459991176162,0.00552594566162183,0.0150794730539819,0.0109047115108878,0.0128462533584789,0.00871015390008315,0.0188813935866554,0.0072266280121514,0.00447415285982811,0.0114288012603618,0.00573416049154144,0.0200460181718039,0.0199413837753189,0.00816189198254712
498,2016-10-27,0.00328778841176755,0.00419903680912944,0.00595964849391463,0.010827179096014,0.00580812759279207,0.00503729315538944,0.011759741328018,0.00550897684977779,0.0150782915764287,0.0108902244474634,0.0128591915670988,0.00870823078824519,0.0188546559288981,0.00722291980943141,0.00444747658324643,0.011554839541176,0.00572543552047611,0.0197616949716901,0.0198952775412256,0.00815871902466312
499,2016-10-28,0.00323633461676386,0.0042076122586449,0.00594132198667172,0.0108364218710199,0.00577517252218791,0.00495056897162913,0.0117091205531418,0.00548761856207653,0.015091567947387,0.0107956811248438,0.0127169135742962,0.00870663676198043,0.0188452737033975,0.00721098431126619,0.00444321453309389,0.0115511905225821,0.00567509328185965,0.0195711125785483,0.0197495638670985,0.00815925335457525
500,2016-10-31,0.00320776382177727,0.00423900045985106,0.00589460490813774,0.0108378297422863,0.00577742283686634,0.00488122665619749,0.0117503897490022,0.00548666967745586,0.0150984176826485,0.010801199892193,0.0127191520582909,0.00863177978107297,0.0188268599706328,0.00725532801175217,0.00441953217602157,0.0115716107643233,0.00569148573767885,0.0193352943773553,0.020095223298429,0.00813642017890552
501,2016-11-01,0.00312090280503645,0.00420841225434355,0.00590165821811991,0.0107194065155718,0.00567708150746458,0.00488142510051161,0.0116181418738595,0.00543816265906996,0.0149754039791917,0.010825749250354,0.0127048401750889,0.00862121672641571,0.0183206322845636,0.00724877826978491,0.00438546691785009,0.0114718456550251,0.00567769303301643,0.0187706753446436,0.0203205591590539,0.00813889390163923
502,2016-11-02,0.00286234478499757,0.00402968372533966,0.00552567831443466,0.0103084166189061,0.00531395191813242,0.00382637038214787,0.0112006900437756,0.00501623429224098,0.0129430488354042,0.00935655064493995,0.010919362703894,0.00706343411139232,0.0174668898246494,0.00742237348159997,0.00417220000702477,0.0112051266869756,0.00520521717694766,0.0200855231399745,0.0226609831814198,0.00811584763491019
503,2016-11-03,0.00285115222385341,0.00402564624917569,0.00552506391563839,0.0103276731639594,0.00531298749696036,0.0038524502303005,0.0111650435066036,0.00501922625727414,0.0130096935743551,0.00928781587437724,0.0109657592909444,0.0070691411963163,0.0174532469554013,0.00738235263802091,0.00419020872587639,0.0112237291598406,0.00525435800206123,0.0201301218833596,0.0226533911215222,0.00809587909475853
504,2016-11-04,0.00285786904094592,0.00402623100339237,0.00546820203973509,0.01013206760647,0.00515751592872417,0.00383712950331207,0.0111854770630954,0.00501276492783276,0.012885212482668,0.00915192395929304,0.0105552018815058,0.00703299955148898,0.0172919415212697,0.00737459236774303,0.00413782102533273,0.0112311994248038,0.00520509102097267,0.0201138625166439,0.0225003462845288,0.00808484121407052
505,2016-11-07,0.00290433642342272,0.00404990824667073,0.00559257333537261,0.0105850739357742,0.00513639801757828,0.00356381541374664,0.0116778000549504,0.00485475106648762,0.0128894394889766,0.00925963057486639,0.0108727687547263,0.00734539746941001,0.017635555469763,0.00753589017625601,0.00413958397386773,0.0112058182301594,0.00524540380058904,0.0200769120310497,0.0225228167026506,0.00798277891128405
506,2016-11-08,0.00291209005896465,0.00414440030237904,0.00628806803171122,0.0105842040898969,0.00511156003018064,0.00353729564833919,0.011795470575752,0.00485605639914366,0.0128478355990268,0.00921338366570222,0.0108628399210112,0.00735455652040823,0.0177280778339658,0.00754367406272085,0.00412962227127744,0.0112521026511125,0.00525314978280203,0.0200153840716737,0.0225376641384191,0.00791329562448876
507,2016-11-09,0.00291820315333549,0.00425662753778055,0.00628027520640639,0.0106866703403654,0.00494858941266248,0.00370950739624644,0.0117982499862194,0.0048730623770762,0.0128950375220403,0.00921298867861114,0.0109075440197956,0.00732855073713828,0.0178045863187573,0.00752856013913425,0.00413360336873724,0.0112438599486249,0.00548991852467576,0.0220705305100694,0.0255559017121795,0.00797799238528992
508,2016-11-10,0.00292100515178837,0.00427181709796714,0.00628030914640341,0.0108848736570506,0.00495923779361301,0.00380608544584231,0.0118522201633626,0.0048388047776693,0.0130733540490831,0.00947133681882809,0.0115616109950925,0.00742453692363813,0.0178560103424367,0.00755164906243742,0.00434644597757118,0.0112479638011869,0.00580491219025838,0.0223494504330875,0.0259517073849202,0.0084222826803286
509,2016-11-11,0.00310424494737325,0.0043741800246877,0.00634418757204646,0.0113472708175427,0.00510052479228187,0.00357104060832634,0.0121965779317925,0.00499867290550004,0.0137622019952408,0.0105943082190894,0.0137288088984477,0.00826127718364837,0.0185565105838804,0.00823160759562158,0.00445136111173378,0.0113541655116278,0.00597881925291158,0.022514879883728,0.026017703449251,0.00843361240177477
510,2016-11-14,0.00307519377914854,0.00410597956608805,0.00598190299819169,0.0113374873088458,0.00499947551048391,0.00356358939549708,0.012090889341043,0.00465534366387448,0.0137668152386883,0.0105414233635912,0.013635684249906,0.00814842613636179,0.0186152366711407,0.00806041285748936,0.00420171038181078,0.0111555880474351,0.00568213425526258,0.0215569131905323,0.0246537592168263,0.00838771480748817
511,2016-11-15,0.00315271841722834,0.00410898223526564,0.00639047456996667,0.0113287513977694,0.005029125705783,0.00392674176293871,0.0125090246682974,0.00473312286209113,0.0137683541414716,0.0107252054694302,0.0147756157302284,0.00816155849849917,0.0188167342729938,0.00813389586994089,0.00422698761731665,0.0110257292650841,0.00568535754587829,0.0215562547842049,0.0246509825879925,0.00821496989983513
512,2016-11-16,0.00315078201136704,0.00410921384300916,0.00656668751425574,0.0113304743249823,0.00502607848959952,0.0039778917511459,0.012527924607137,0.00474200424294869,0.0136773963420638,0.0107281670308722,0.0147701807651126,0.00817555592395053,0.0187082501645711,0.00823540569645182,0.00421313671806652,0.0109676270675839,0.00563187395947769,0.0210693718528199,0.0246508712887687,0.00828324107095338
513,2016-11-17,0.00313617322801675,0.00414743911831667,0.00644438336137339,0.0112419420539738,0.00501803475851708,0.00395773774413849,0.0123539351936361,0.00474634108820157,0.0134207112590168,0.010401917961217,0.0142708375968733,0.0080117859518812,0.0183942280187157,0.00823817916088505,0.00424607041037375,0.0108530782947556,0.00560819489091274,0.0209249096851649,0.0239459829412585,0.00832073663850583
514,2016-11-18,0.00312743991679772,0.00411262092646437,0.00660543494069545,0.0112497570093801,0.00484204506094768,0.00389137083822996,0.0125396282136395,0.00456920956973588,0.0133547854837488,0.010345479685307,0.0143215272192406,0.00790257259501991,0.0185762753440776,0.00792898603574527,0.0042545992665701,0.0109193374084619,0.00548350186220549,0.0213180227423684,0.0241238684665541,0.00826347391766417
515,2016-11-21,0.00310868628364752,0.00410420859471593,0.00664946709967629,0.0111873825983079,0.00468767767122578,0.00380886973701634,0.0123685764641123,0.00440497507945151,0.0129297864188735,0.0101247049911192,0.0143268580426875,0.00781918787336485,0.0185656223195628,0.00751573480591293,0.0042628935230592,0.0107737165180767,0.0053837139288973,0.0213580012200874,0.0241462599246593,0.00810525619424817
516,2016-11-22,0.00311777156754035,0.00409908520466518,0.00671466356572087,0.0108709209937536,0.00471088306063285,0.00377748987109039,0.0126620842235705,0.0043834559911115,0.0129517208482454,0.0101824753877945,0.0144148129779384,0.00793879743698753,0.0187152171279534,0.00757121433384311,0.0044339219665123,0.0108466449003584,0.0053171758585361,0.0212478711969205,0.0241730138034129,0.00806120259219819
517,2016-11-23,0.00322369824769892,0.00413702643662416,0.00682056959382641,0.0109144754414168,0.00471902871921112,0.00368719936364215,0.0128065001122252,0.00437854904726949,0.0130114565500373,0.0101991157325305,0.014549643655351,0.00799407049812749,0.018567692009376,0.00760709002542299,0.00449657755112965,0.0108455157084192,0.00529761333625057,0.021004786863005,0.0238870214892364,0.00781017189075462
518,2016-11-24,0.00321403409205709,0.00407663839545168,0.00679272596908942,0.0106082516568014,0.00464531069384991,0.00411517521355052,0.0126356941265773,0.00437793240664975,0.0129116407811337,0.0101967905810663,0.0144888556077533,0.00800078273497336,0.0184025212347992,0.00754168436412789,0.004457933429902,0.0107778387441253,0.0051689246361317,0.0211967388941929,0.023962748810883,0.00779752558385843
519,2016-11-25,0.00321969978715501,0.00407239206757819,0.00677999995106235,0.0107315088188919,0.00465827198259175,0.0041968369961861,0.0124567964289335,0.00429059391069614,0.0128931633884112,0.0102347175568758,0.0145152044161705,0.0079927846382808,0.0184200172476712,0.00744855608893669,0.00453032778801617,0.0112419856516639,0.00517875178144549,0.021193531679058,0.0239851978746801,0.00779634835413261
520,2016-11-28,0.00323461846560356,0.00406607637339054,0.00679165379113497,0.0107386030126162,0.00455536708623164,0.00420132642461764,0.0124437131043696,0.00431130672670784,0.0120776611729084,0.0101836900711598,0.0143127733876451,0.00788880090572444,0.0184043488358369,0.00741287641423482,0.00435760105216752,0.0111503310044572,0.00507219579974263,0.0211727769233074,0.0238777887210664,0.00776111010787135
521,2016-11-29,0.00327488646355967,0.0040603389585439,0.0069189707407324,0.0107325796187072,0.00453432189151509,0.0044097365030482,0.0129159995286412,0.00425390502251804,0.0121127413647227,0.0105138652643657,0.0155763850333976,0.00792943499158132,0.0190834808690223,0.00736660189248722,0.00449369626873668,0.0112710499281499,0.00515917733953666,0.0210532432000792,0.0238710797854195,0.00780739559759906
522,2016-11-30,0.00380194675515482,0.00464623936435982,0.00761260431133273,0.0109424538880062,0.00448027652950685,0.00522027920121103,0.013562473577795,0.00437803324843747,0.0123153239487902,0.011132275884318,0.0163665246327693,0.0081237788501689,0.019496066213609,0.00740836893914265,0.00448737480608447,0.011280311455452,0.00521461206434063,0.0210557564875543,0.0237904370734638,0.00802608098995691
523,2016-12-01,0.00395734056361157,0.00476559062065193,0.00781374836503152,0.0109722120531819,0.00425453351829191,0.00529162894565523,0.0136731563950083,0.00438974335549204,0.0124175037469773,0.0112502487765177,0.0164385787817733,0.00818860807227274,0.0194959766923573,0.00793628254815035,0.00459807608506816,0.0112366522231638,0.00525783182302959,0.0211413816036854,0.023853177891248,0.0080468940763175
524,2016-12-02,0.00395855401929885,0.00476678925491984,0.0078075100415005,0.0109760959114219,0.00429099772043332,0.00626710412198605,0.0136744070175312,0.00437955371323227,0.0125185880766634,0.0118018551863133,0.0165545124835758,0.00823341961729572,0.0198625667966571,0.00793429576204664,0.00458725245021316,0.0112343869629674,0.00530835912785791,0.0211479810436294,0.0238911011445395,0.00891073126099844
525,2016-12-05,0.00496766178759632,0.00521279782254797,0.00779955097178646,0.0111042511114913,0.00431492427135007,0.00635440586111277,0.0137282816369169,0.00450357473022736,0.0124085575884553,0.0119134144986821,0.0165990836512266,0.00847091028523026,0.0197340386452164,0.00816808005164976,0.00488289467457263,0.0116529557815605,0.00533086876614341,0.0216113369333458,0.0246478518390773,0.00934925307434402
526,2016-12-06,0.0051400203431512,0.00529785707699773,0.00778714769483655,0.0111372616050304,0.00450100955649394,0.00635563815710785,0.0136432831564002,0.00452008663817297,0.0124593057260473,0.0122434210639931,0.0169981876695173,0.00844969986078365,0.0196703565958731,0.00816861055485114,0.00534324789362606,0.0117962268422915,0.00532313605074551,0.0216251425325594,0.0247921090935029,0.00949521814917703
527,2016-12-07,0.005181100128024,0.00534569139566585,0.00802794923304681,0.0112177501948109,0.00475971494911464,0.00641833781906571,0.0139218103209273,0.0045401100840192,0.0124597565999482,0.012705423170647,0.0170936914546672,0.00907104376472558,0.0197644629304293,0.0083627292115275,0.00534278029806243,0.012272937547822,0.00530928738915546,0.0215938578720254,0.0247897617967392,0.00965177403215295
528,2016-12-08,0.00519870972166145,0.00539073315042857,0.00801218889156399,0.0112788389799794,0.00476922545491783,0.00640775951884732,0.013632231867309,0.00444978650885617,0.0123378310984561,0.0126360191219741,0.017047945735673,0.00905168970222896,0.0194803433817756,0.00820644372451835,0.00548002148127431,0.0122034083742743,0.00523010489586109,0.0217070365637842,0.0247684580982708,0.00977379594175728
529,2016-12-09,0.00520827634082489,0.00539905610490026,0.00801092480190469,0.0113015296705362,0.00471293576443741,0.00640635460565003,0.0136321732278076,0.00442670913911851,0.0122507119116834,0.0126023363565704,0.0170351815275746,0.00906608278172664,0.0194733031496486,0.0081902997972959,0.00560508714355457,0.0120687106288624,0.00522039280969906,0.021719179979327,0.0247408957428221,0.00976371775322122
530,2016-12-12,0.00537687788479694,0.0055022823915289,0.00803354355675881,0.0114555190164167,0.00480389638184637,0.00673498205701178,0.0137482673462909,0.00513404136677534,0.01248451830928,0.0137992058592378,0.0186902234399575,0.00946091919735518,0.0202912373317942,0.00842642471291332,0.00599479236024037,0.0121444704092541,0.0053655916428125,0.0218298798991231,0.0248752748025897,0.0102509369227732
531,2016-12-13,0.00537395355488265,0.0055480846570231,0.00800272905957222,0.0114728814989251,0.00485892440692558,0.0072311353133377,0.0137217549229271,0.00512048287613508,0.0125100952042933,0.0138113377110682,0.0186759224924002,0.00945651441928312,0.0201831528090476,0.00842159365206806,0.00609624975402846,0.0120583188286924,0.00535884022710335,0.0220740639380453,0.0248954943404772,0.0100928872237592
532,2016-12-14,0.00541002958320394,0.00554321737457148,0.00826273746238181,0.0118123914068487,0.00489479011211711,0.00900318967422937,0.0136716696978716,0.00512657282123731,0.0123931851731009,0.0137658700458713,0.0186972729399418,0.0097313408655738,0.0199027990810752,0.00845411168902971,0.00609823436867251,0.0122145353528835,0.00535333919824147,0.0226864881901303,0.0252648034598799,0.0100393418489134
533,2016-12-15,0.00571662737188288,0.00654359977902839,0.00829903537963677,0.0130244526835327,0.00496676213663024,0.00924171984117713,0.0136226935466316,0.00512748202733117,0.0124245646315954,0.013941196509362,0.018799765890596,0.00975945454701745,0.0199074888193148,0.0084479710243989,0.0063339009532605,0.0122127556825434,0.00537793901234305,0.0230851011352447,0.0256992781077922,0.0105129912855522
534,2016-12-16,0.00574814727995671,0.00657028378620239,0.00835283335055111,0.0135672555681052,0.0052550624698677,0.00974853145363476,0.0136327462579459,0.00506627435960991,0.0125015406290728,0.014813483426315,0.0188617569781996,0.00978212575513618,0.0198602356803374,0.00849337037377952,0.0063021704512672,0.0123189041479986,0.00531602548387538,0.0229677174878934,0.0256839565746642,0.010876139470599
535,2016-12-19,0.00561037405215734,0.00651830265104259,0.00839852317827586,0.0142783658004475,0.00573831026504324,0.0102326010861717,0.0133511457420975,0.00471854417626551,0.0108350300834075,0.0153786807539762,0.0184375998427977,0.00927671236641716,0.0176495492648809,0.00844619681456171,0.0062581735823882,0.011940970008032,0.00531469543793944,0.0216833238073964,0.0248585064565921,0.0120890113070709
536,2016-12-20,0.00579683780678015,0.00653838520187753,0.00843211869445748,0.015742238525725,0.00575438158404068,0.0105914396406558,0.0133874870190068,0.00472234555238486,0.0108436879193269,0.0163103505158479,0.018436350256222,0.00954177073988547,0.0176193624146454,0.00864335568762241,0.00625608551858692,0.0120536950523375,0.00545612526757624,0.0216847786734671,0.0248962686958803,0.01320254745157
537,2016-12-21,0.00590083851670293,0.00719083816506317,0.00863922189403998,0.0158502058793996,0.00569141945710944,0.0106085204084094,0.0134026201083812,0.00484680923456581,0.011001665081979,0.0164501700257501,0.0185336918342422,0.00963889198964375,0.0177595938417655,0.00895971267697621,0.00625573817729428,0.0120583161718015,0.00542011943150866,0.021739500120695,0.0248748789938469,0.013372278552039
538,2016-12-22,0.00591750097144528,0.00752198901688226,0.00864879905555856,0.01593642009404,0.00568880908188149,0.0105938506729826,0.0134395706042883,0.00485514682299218,0.0109825794798505,0.0164265456394569,0.0185221909972873,0.00959710443725716,0.0177302118695915,0.00900044009517368,0.00627286133667933,0.0122602901188872,0.00543919619213996,0.0217198318173764,0.0247957388240297,0.0137144076368428
539,2016-12-23,0.00591762686797604,0.00753700529094682,0.00869862744165214,0.0160118606319209,0.00576205136140325,0.0110218770240865,0.0137059971545306,0.00483111223567532,0.011008982351413,0.0166474328252981,0.0185858540453343,0.00959644974645849,0.017871468957673,0.00899824388601787,0.00637137064267646,0.0122698906412896,0.00557138912763881,0.0216898039266813,0.0246593378151943,0.013689677311724
540,2016-12-26,0.00592796474737181,0.0075373243080031,0.00870167681302994,0.0160631180316628,0.00576664502628617,0.0110435143375449,0.0137485726927401,0.00481710953305571,0.0110256936611105,0.0166321802541536,0.0185787832238374,0.00959809164574622,0.0178766957804892,0.00893093547615605,0.00640228373496844,0.0113198524088486,0.00564783812152974,0.0216147033576717,0.0246597249705391,0.013804776185435
541,2016-12-27,0.0059594593517346,0.00766382933187854,0.00871660708376484,0.016022875623728,0.00579231401432562,0.0110872583698767,0.0138425977149412,0.00484885066691753,0.0110341239667344,0.0166584535903859,0.0186420806304571,0.00963334701581369,0.0178322977842956,0.00891306451437318,0.00641600522878139,0.0114132748895779,0.00567150459984044,0.0217232974443242,0.0246873358482581,0.0135952262240069
542,2016-12-28,0.00596857083295645,0.00766661657270083,0.00872768961386138,0.0160344463873658,0.00577060102657299,0.0112227522615559,0.0137913462972893,0.0048400091132755,0.0109078991894446,0.0166576428049163,0.0186081315073155,0.00961139206550039,0.0178662464751441,0.00891708851335701,0.00648066540259716,0.0114436042443757,0.00567941583170771,0.021719675847433,0.0247500366548886,0.0136221605223049
543,2016-12-29,0.00598404392573025,0.00802665877983777,0.00868156492785248,0.0160891727767637,0.00575073098997848,0.0112560868031655,0.0138944688539997,0.00481179287844657,0.0103069788061584,0.0166020280055196,0.0185255547345066,0.00943717753385129,0.0178553274193854,0.00886726476800765,0.00643296781329122,0.0112643294325166,0.00556588418003655,0.0215026094928868,0.0245048021277781,0.0135749044139706
544,2016-12-30,0.00597610665377779,0.00806035148688728,0.00868332859006095,0.0161066164691718,0.00579123152065756,0.0111719799035721,0.0139396953620952,0.00478717673163503,0.0102913477515716,0.0165748456983378,0.0187520416849423,0.009448724334204,0.017844312312292,0.008930117338591,0.00640307763071051,0.0113259811541178,0.00558583165857801,0.0214958870368561,0.0244471322039087,0.0136544146481088
545,2017-01-03,0.00603261695206339,0.0080606688516776,0.00872652039781356,0.0163813278163939,0.00596314408834222,0.0111707166918372,0.0139961829047138,0.00479384200377881,0.0103702381998465,0.0166911693276051,0.0187508270457367,0.00962287181126598,0.0178185475769397,0.0091534699742157,0.00642008587226611,0.0114626832945347,0.00563138190379958,0.0213507938206796,0.0242878257994518,0.0138183835260836
546,2017-01-04,0.00607298492574666,0.00804948783558672,0.00868409986353428,0.0163299862314079,0.005984560610476,0.0110890592573066,0.0139440444026885,0.004774076570594,0.0105307728798023,0.0167183052877625,0.0189034966192284,0.00965601199688959,0.0176935067932014,0.00922598898773694,0.00649254248283745,0.0119828366888062,0.00563888256820654,0.0213647764744299,0.0241851012715707,0.0139014872825969
547,2017-01-05,0.00623735999806967,0.00825583505030716,0.00867806967901357,0.0163467492699097,0.0059807622998367,0.0110119823415742,0.013980952915118,0.00480405618450292,0.0105321021857753,0.0166877241163776,0.0188820704491319,0.00966264836160144,0.0176903993946126,0.00924851209458287,0.00649085368267949,0.0118604840268322,0.00564093776929428,0.0214078207120559,0.0242032263430985,0.0138560287387887
548,2017-01-06,0.00623651844295345,0.00859635105127899,0.00858293185462859,0.016145081618626,0.00600847270862759,0.0109749584824383,0.0139926195394585,0.00468976732495462,0.0104415709162304,0.0166231388409731,0.0188927335253642,0.00958646952885418,0.0178230176920263,0.00935075107133402,0.00631170548205205,0.0115696844056477,0.00554194532757451,0.0212212191012526,0.0239583045620718,0.0137004679051771
549,2017-01-09,0.00622654793841585,0.00854936551449643,0.00876751215208269,0.0161358619642471,0.00618144176432281,0.0109952083767816,0.0140421397618798,0.00466765316674209,0.0104949728897204,0.0167162047792008,0.0188842274030021,0.00961470466249774,0.0179626059614486,0.0093699441711029,0.00625518580353645,0.0112082337589556,0.00566227920873614,0.0211318980218323,0.0239684886899206,0.013607385831072
550,2017-01-10,0.00625597861874852,0.00855427638548479,0.00898250044972095,0.0161691765560674,0.00625763036638913,0.0113112417586841,0.0142099002512162,0.00466895945393494,0.0105162408935164,0.0167288506204219,0.0188831608645252,0.00972918681353891,0.0179732533149539,0.00930993691806399,0.00628971371254412,0.0113198287434417,0.00564694627293561,0.0212066307822377,0.0239846209629804,0.0135743883422177
551,2017-01-11,0.00631301328254433,0.0089090967033497,0.00891865954228739,0.0162025162033088,0.00634583608321095,0.0114706565732616,0.0141987155479275,0.0046925685590094,0.0104669771546402,0.0167246715848961,0.0188875150936729,0.00973869641588115,0.0179126699386004,0.00922308610773761,0.00624664329071492,0.0112897223827366,0.00564283952770977,0.021206725488261,0.0239541437797341,0.0135693416412348
552,2017-01-12,0.00631250235440735,0.00890977945622255,0.0090336903005917,0.0161710498464289,0.00633842865436313,0.0114551611737299,0.0143227500368478,0.00478823414409091,0.0105815326419541,0.0170007858078677,0.0194012404731259,0.00978323750377653,0.0182018757524276,0.00917318947894296,0.00626031414974171,0.0112789264791817,0.00564462675173573,0.0212205575045012,0.0239344716552994,0.0135721912048827
553,2017-01-13,0.00637038625166416,0.00901109232651906,0.00900774215674587,0.016205486113856,0.00646816924781122,0.0116637602786884,0.0143508741472451,0.00525970472066559,0.010592995693834,0.0170156072006725,0.0196013668636579,0.00972564801092775,0.0182058237092252,0.00909460570862705,0.00627035797496065,0.0113221206933994,0.00554540762580201,0.0209633335241793,0.0235185318642484,0.013463882492435
554,2017-01-16,0.00638726453063687,0.00928701443432875,0.00920704123030791,0.0162555435820043,0.00674302511765507,0.0119105793231525,0.0143308524243107,0.0056498894120738,0.0105125086309755,0.0169677153266896,0.0194700569498477,0.0097333725606547,0.018203632126193,0.00911859305154207,0.00621852971029395,0.0114517075211304,0.00543103234300845,0.0209439845310623,0.0234976610276121,0.0133841856108408
555,2017-01-17,0.0064258777269889,0.00928476085470338,0.00919912932819326,0.0162181970406346,0.00681094809918037,0.0119456914842064,0.0143861785594469,0.00566245797471488,0.0105088400064472,0.0169719405346599,0.0195268077514899,0.00972591570314698,0.0181462535866901,0.00907656012278718,0.00621742324397132,0.0115350807672825,0.00543540962670118,0.0211607074369564,0.0236318264676502,0.013369330755673
556,2017-01-18,0.00642645948497559,0.00929195994935734,0.00921694284697721,0.0161555356513417,0.0068070109789456,0.0119425742301097,0.0143860875219586,0.00578760584603716,0.0104936807350264,0.016971653388545,0.019530038770569,0.00975615675117551,0.0182227052755104,0.00915055558270066,0.00632119831460907,0.0115296566891289,0.00542144548845894,0.0211696037222667,0.0237210235292551,0.0133775946092694
557,2017-01-19,0.00656714653626491,0.00946032204978849,0.00915105867990877,0.0161534144490103,0.00680439349291703,0.011955084705553,0.0144180671828898,0.00591882277371317,0.0104863850538542,0.0169492449070482,0.019570920823957,0.009756143871409,0.0182493417166522,0.00902549427422173,0.00632133833281943,0.0115234701363615,0.00540746142131791,0.0212430374337132,0.0240757010231428,0.0133646007807061
558,2017-01-20,0.00645527930446216,0.00941603516387727,0.009158270828539,0.0154042760777077,0.00674795697499662,0.0119720862021301,0.0141432157883069,0.00592772500796868,0.0102938337734665,0.0168235856316932,0.0192161666558451,0.0096481276450563,0.0174641994712331,0.00904289563041001,0.00631123134593357,0.011517041855902,0.00528692249740807,0.0212649200767354,0.0241367985983236,0.0134000694736489
559,2017-01-23,0.00645936502723321,0.00942683705550105,0.00923198728724696,0.0153688134063666,0.00672812987317975,0.0120021625293721,0.0141110125419307,0.00599342431378927,0.0103056952893449,0.0176590617320695,0.019485273416604,0.00969782495657541,0.0171107603653697,0.00907919553674609,0.00632369714929049,0.0115122129438175,0.00528496938306442,0.0211087879781576,0.0240379236694851,0.0138129437602048
560,2017-01-24,0.00652400637811692,0.00963090858491653,0.00932934175283651,0.0152500845442663,0.00670649086989749,0.0119880239163657,0.0135217920311148,0.00603014078062041,0.0102659034857084,0.0176644243332493,0.019513700597089,0.00966771782364187,0.0170117175433044,0.00898636465201508,0.00631926648256142,0.0113574064042336,0.00523947870995519,0.021096231293808,0.0239931334107565,0.0139663681799801
561,2017-01-25,0.00659419370445539,0.00966608022576244,0.00931774529494472,0.015302280039744,0.00672493161975069,0.0121177130378547,0.0134378578715941,0.00619813307331087,0.0102252571518923,0.0177827668770176,0.0196119521612071,0.00965874445261503,0.0169310096241024,0.00895510396146094,0.00631959720509254,0.0112759163232225,0.00523899550141048,0.0210946264006282,0.0239935200505209,0.0141040715852234
562,2017-01-26,0.00662050011723853,0.00971236485361146,0.00940176032247634,0.0153060734352452,0.00673373042303731,0.0122481295355583,0.0135531188884215,0.00623125839307682,0.0102059545018537,0.0185322431472727,0.0203955648249798,0.00979771245167536,0.0169724080951522,0.00897111505227226,0.00632011025970501,0.0112482656176188,0.00524228844389855,0.0210953182357481,0.0239958371146768,0.0143051199907523
563,2017-02-03,0.00668494909107245,0.00970536540289373,0.00946687725074622,0.0154119559846873,0.00673768039061537,0.0125791614349915,0.013780792698067,0.00632023571734358,0.0104275342595825,0.0186207255803516,0.0206024475137068,0.00982785926852045,0.0170179468068639,0.00888797188089937,0.00632144023374233,0.0111813068193951,0.00524149568851672,0.0209798438137064,0.0236932845802069,0.0142887229428107
564,2017-02-06,0.00671028788554652,0.00969886766027092,0.00946110197231094,0.0155982547100301,0.00681001946605208,0.0129554395316511,0.0138371204558787,0.00641216772758775,0.0104935757771302,0.0186776847739791,0.0205955149413765,0.00988330102307155,0.0170088442343363,0.00887270573122041,0.00630429281795031,0.0112107174521349,0.00527305467006624,0.0208485092951389,0.0235060328299124,0.0142489383570899
565,2017-02-07,0.0068031781904142,0.00973799697499426,0.00946466855043457,0.0155937063178414,0.00680526440561367,0.0129662474823354,0.0136491686073845,0.00643207531064767,0.0104576175133392,0.0186757968815601,0.0206053980155172,0.00985520187491823,0.0168966541357181,0.00856665802870933,0.00630698067383864,0.0111363616136862,0.00525094272466343,0.0197781426972683,0.02166762032851,0.0142488867830102
566,2017-02-08,0.00683262038515978,0.00992581785819798,0.00950928336943457,0.0155731475212754,0.00686052594564703,0.0130168332541643,0.0137122449412086,0.00647655615839244,0.0104237767795665,0.018638797375219,0.0205828960101928,0.00984639644160769,0.0170429579384074,0.00854476258322527,0.00628366837812327,0.0111211791421378,0.00521199969275086,0.019708118276461,0.0216751205262968,0.0143146576074789
567,2017-02-09,0.0068958505071231,0.00992384690948258,0.00950362913678692,0.0155980081487805,0.0068951707310362,0.013012432288389,0.0137092591653142,0.00650174066570451,0.0104039395669156,0.0186596223118884,0.0205865836097058,0.00985077808758656,0.0169291346318259,0.00853196852381964,0.00628352804373429,0.0111167856479675,0.00520561731909013,0.0194428212062517,0.0215598397939101,0.0143841833455957
568,2017-02-10,0.0068698165649415,0.00995107546244078,0.00970051605911294,0.0154396403827781,0.00704655872579574,0.0130444409561771,0.0136270287855148,0.00649743843113659,0.0103064161663281,0.0187423342751623,0.0205334353527624,0.00976362417707547,0.0166806127307795,0.00856605760217791,0.00630828535136488,0.0108936865629077,0.00523258987141328,0.0193866143014773,0.0215309384087739,0.0145251145125843
569,2017-02-13,0.00694415356127294,0.00993541785435339,0.00929827427543843,0.0154594740103406,0.00708689910917426,0.0130339152652937,0.0135373985930903,0.00648187042688503,0.0102967287179144,0.0188159879002557,0.0206574205546787,0.00974659071571291,0.0165675942439219,0.00851360802676424,0.00629888047144478,0.0108395692089651,0.00523189025457766,0.0193686853008843,0.0215749673136662,0.0145930434570719
570,2017-02-14,0.00696342356242082,0.0099532282311418,0.00942432394763379,0.0154130275918576,0.00706969102177522,0.0130974162771017,0.0136077444262146,0.00648282199709995,0.0103159623751519,0.0189793574006883,0.0210995065698354,0.00980961924175463,0.0165675942439219,0.00848293890198123,0.00631630194850274,0.0108650729831811,0.00496019592660535,0.0171096167054219,0.0177761355222811,0.0145922807295998
571,2017-02-15,0.00696769159685904,0.0099288058948802,0.00943031712626328,0.0152515760435298,0.0075497061336217,0.0130872150530138,0.0136670636514408,0.00675427962744468,0.0101820603077471,0.0188802020183162,0.021224924907071,0.00978721503792926,0.0165493025780628,0.00846642519274167,0.00642618114210707,0.0108592169693729,0.00461711110151219,0.0162385198462555,0.0170317317083481,0.0141717215390343
572,2017-02-16,0.00686987937903859,0.0101696527771746,0.0094006009242124,0.0148867215057225,0.00765063256044968,0.0130370042366905,0.0133776657888634,0.00649942661916266,0.00926809464221093,0.018137701109982,0.0196044857193846,0.00910513742737739,0.015856119713898,0.00799143646269725,0.00644028998509895,0.0107213924554757,0.00449892906509081,0.0159852723552616,0.016917789736725,0.0144035263736139
573,2017-02-17,0.00700710408835698,0.0101918596560612,0.00943736288074466,0.0147548211415489,0.00762592769530565,0.0129482682022255,0.0129830805538671,0.00729379369252267,0.00934436798499045,0.0182230338863495,0.0195847769430327,0.00945949594895494,0.0148873276539611,0.00805299851619846,0.0064209288313567,0.0109027696047977,0.00445389269864227,0.0151870409087065,0.0162175049687101,0.0144199476560413
574,2017-02-20,0.00701701575993066,0.0101821843425245,0.00936871550830068,0.0149304954942918,0.00771704878259522,0.0130173213510569,0.0126791268216122,0.00744956524998087,0.00941900452433221,0.018309421855245,0.0191043867964911,0.00945139395836786,0.0148144252689622,0.00798082412898428,0.00644477959476425,0.0108373360004092,0.00453577378153221,0.0151823875570145,0.0162350096830935,0.0144729567380662
575,2017-02-21,0.00704099624025603,0.0101832283784355,0.0092768354150525,0.0149908265516785,0.00772308085102967,0.0131049930608504,0.0126610625840728,0.00772530670173972,0.00939768473466991,0.0183190623696164,0.0190996155837628,0.00943164654462596,0.0148689053387552,0.0079306481202529,0.0064620057669428,0.0108463117079329,0.00453844044855379,0.0151508451213604,0.0162236100042151,0.0144844224102349
576,2017-02-22,0.00703699676848819,0.0101449461793332,0.00926211642101945,0.0149789434874426,0.00766682708103733,0.0131384804920914,0.0126203956637125,0.0078989097223505,0.00928395808571577,0.0183473912695191,0.0190992674139243,0.00942992954196428,0.0148306050313189,0.0079583526651473,0.00639731116475984,0.0108714210270066,0.00453871720025171,0.0151136583889744,0.0162280809164997,0.0144938213141226
577,2017-02-23,0.00736700252621093,0.0102090690443186,0.00911712527356997,0.0150154718104775,0.00768335313188235,0.0131349398931016,0.0124486424075721,0.00817950141517939,0.00913182281635538,0.01835959669975,0.0191103499237827,0.0094716833393598,0.0146415325700207,0.00791992404687988,0.0064152491674678,0.0109336230395097,0.00456769682982979,0.0143463836758968,0.0158024319184298,0.014509770507956
578,2017-02-24,0.00739844418436784,0.0101851136337656,0.00903084043464202,0.0153770256456046,0.00770824676306268,0.0131089551733858,0.0125745451547338,0.00826530219853937,0.00914694860373363,0.0184840200257088,0.0193047278622262,0.00944798782249476,0.0146275408797737,0.00790889971183209,0.00639958798680991,0.0109860936523334,0.00440295097418833,0.0143174045827151,0.0158658074458844,0.0145025576223773
579,2017-02-27,0.00736990097657397,0.0102327494488605,0.00900772977096494,0.015470032257551,0.00770428035929266,0.0130391427848124,0.0121688027805167,0.00840483375678916,0.00907232837545433,0.0183774780674557,0.0191769588407929,0.00930355743766349,0.0142682380131177,0.00794272800847353,0.00632089308926994,0.0115756303316499,0.00441032196165173,0.0143496479364174,0.0157839407415357,0.0144987586607443
580,2017-02-28,0.00735939376823558,0.010296838507044,0.00893941179471754,0.0153891988100704,0.00774988607471226,0.0132366102231729,0.0120480723145944,0.00848872487727024,0.00895314369218222,0.0183689283724856,0.0190948799082019,0.00928602040257562,0.0141973711353778,0.00779428236502665,0.00635847534908935,0.0115778208748202,0.00441574515477166,0.0143259363714592,0.0157507408607035,0.014561618934685
581,2017-03-01,0.00735453617436136,0.0103122449491587,0.00894078475941476,0.0153258156788378,0.00770702085163769,0.0129958106236981,0.012089831733447,0.00848154454213833,0.00897079874868744,0.0183915154209699,0.0190908163320687,0.00923970475389057,0.0141207240124558,0.00779252432050836,0.00636309713198778,0.0115746999029707,0.00441810571519051,0.0139476100043736,0.0155555296668609,0.0145946250882812
582,2017-03-02,0.00735502716229626,0.0103179029718895,0.00893136983353789,0.0151676214659537,0.00768472420457354,0.0128464941425963,0.0120834499154501,0.0085879543896119,0.00897378268767137,0.0184376828627033,0.0191113498339247,0.00930369889278225,0.0141086264094088,0.0078072802834582,0.0063309261052979,0.0111422018691819,0.00440836974289437,0.0138912474248143,0.0151933801092747,0.014592579721131
583,2017-03-03,0.00740499580962773,0.010414248706451,0.00893508013188095,0.0151768878923101,0.00770547215387761,0.0128884701699448,0.012127335710988,0.00845798409379419,0.00884082085195744,0.0182852067900206,0.0190538276845672,0.00927262172019307,0.0141135896448271,0.0078073325917799,0.00634953795554038,0.0111589258019193,0.00439379256613046,0.013962556900243,0.0152986335093516,0.0146150237864516
584,2017-03-06,0.00741220921275988,0.0103901439991263,0.00878778268575197,0.0152241410610281,0.00777331505545458,0.0128969837756933,0.0116333238288862,0.00843256016789391,0.00881598588981524,0.0181819069099117,0.018327574941088,0.00925413865792226,0.0133331860392978,0.00779417026276675,0.00620092791385544,0.0110537741335248,0.00429759229452422,0.0139539557243967,0.0153237154692954,0.0146246448688223
585,2017-03-07,0.00727099793588301,0.0102319648463278,0.00808474208197157,0.0151505652536251,0.00777212484644812,0.012978326696231,0.0108264904790133,0.00844978945840954,0.00834596354688047,0.0179310105700569,0.0178000305880491,0.00921563064896074,0.012784179727606,0.00765542997388112,0.00620316248383188,0.0110386846699088,0.00430351654193732,0.0139554352141884,0.01532590933562,0.0145774074566324
586,2017-03-08,0.00710110114017325,0.0101217003872946,0.00796574039576607,0.0150752212830432,0.00777203601096652,0.0128982615636592,0.0107300661058516,0.00828345784333414,0.00819752102607015,0.0177356420174062,0.0175319711546896,0.00911639053176755,0.012846136728165,0.0072863075699276,0.00603646830896687,0.011046285928104,0.00416870324802537,0.0138533215363816,0.015009998160332,0.0145194977777954
587,2017-03-09,0.00715963564515881,0.0102249464906828,0.00801416996831899,0.0151311818705883,0.00774284391267955,0.0127625152650819,0.0111043036403192,0.00827517870768585,0.0080038647095824,0.0176328415492766,0.0176415081315822,0.00917221126344905,0.0123164562153677,0.00736358573398525,0.00602028642512572,0.0111812596196047,0.00412252670279509,0.0138838111850832,0.0149641829043342,0.0140767615844002
588,2017-03-10,0.00678485560431676,0.0101225475507682,0.00803647299906625,0.0150850430706858,0.00780976335647091,0.0128366387196191,0.0110561377812504,0.00827793752663237,0.00800709052371021,0.0176158600662741,0.0175938557204681,0.00901490417032842,0.0122986905223386,0.00694070079157995,0.00587518681774198,0.0108462455505939,0.00410644922550851,0.0130259539099722,0.0135441990095971,0.013873632933765
589,2017-03-13,0.00672936342060636,0.0101122518436403,0.00809752035278697,0.0151255900919704,0.00768025304335969,0.0128762546523035,0.0111382116258271,0.0081862077393671,0.00803699229803468,0.0174852835576419,0.0177007029361461,0.00898121770875208,0.0123037242426686,0.00694532994666923,0.00568725724058926,0.0106592129215296,0.00413732330307692,0.0131995869356541,0.0133498882998907,0.0138868279209322
590,2017-03-14,0.0066148497796451,0.010058658725693,0.00791916132828276,0.0150296922326198,0.00749265646764486,0.0127651400656654,0.010818793854277,0.00817033049718184,0.00804248167588291,0.0170586141764083,0.0175423785892583,0.00831120300563773,0.0121653508983414,0.00679417639503426,0.00568474915695236,0.0101024905393063,0.00404595029524618,0.0131976814483408,0.013309112862601,0.0137788286833385
591,2017-03-15,0.00661608807922735,0.0100517806325698,0.00789991579929462,0.0150723757159746,0.00739793518815427,0.0127460519466149,0.01082580579881,0.00821813203772318,0.0080298676186387,0.0170523656779354,0.0175726185615747,0.00820385720671078,0.0121653511624947,0.00671454863263271,0.00559820749661132,0.010104173121109,0.00402087310491859,0.0130648394379407,0.0133351596111977,0.0139775941887793
592,2017-03-16,0.00657051524262043,0.0100615735817318,0.00792580580589829,0.0151274567734692,0.00735978573019403,0.0126925982569383,0.0108353518288041,0.00814806493188122,0.00811782692259526,0.0170906008160167,0.0176187393481667,0.00821816928215953,0.0121973867407797,0.00670139191405528,0.00549805648517577,0.0101557401796481,0.0040113874612866,0.0130699990499774,0.0133698382290845,0.0141297298479496
593,2017-03-17,0.00651732373856491,0.0100402397250416,0.00797288557440081,0.0151829042699227,0.00747716681447115,0.0127636778826746,0.0105217479665638,0.00809818210350103,0.00743386821613687,0.0162762215535396,0.0160715815215456,0.00801020881258399,0.0105744124839127,0.0062597520991699,0.00508176608783094,0.0100693153687015,0.0039246922242769,0.012800791515546,0.0129826115733001,0.0139466514339894
594,2017-03-20,0.00647976608075797,0.0099731920748219,0.00796037265532035,0.0151722780918917,0.00758796993002649,0.0122803509429131,0.0105177067987346,0.00797926845598504,0.00737743174232383,0.0162427967808252,0.0160166441694761,0.0080009685882542,0.0107662266764377,0.00779839700623606,0.00494737344415234,0.0100714788939162,0.00392353818901192,0.0121741778776188,0.0128525715432933,0.0140055543921525
595,2017-03-21,0.0063856040784725,0.00999948389239081,0.007567116356404,0.0149598144609344,0.00755161592161901,0.0116767463033357,0.0105067430186139,0.00811265963083096,0.00706858116633523,0.0162421275764894,0.0160131292399487,0.0076733319856772,0.0108927419611951,0.00780196117138606,0.00494695429587009,0.00995351293993061,0.00404981905919096,0.0111873514701671,0.0120983142595862,0.0141886222127253
596,2017-03-22,0.0062296905562003,0.00947490123168735,0.00758704091780036,0.0139865908929393,0.00822372969169018,0.0117735282971699,0.0104633669594941,0.0081238383440241,0.00698709501477686,0.0161434789286769,0.0159438021302531,0.00793383809605791,0.0109214617512457,0.00778545192085078,0.00463041232223843,0.00995880235847959,0.00411822405518005,0.0100323985360467,0.0109518502434867,0.0140790487007458
597,2017-03-23,0.00614626336748503,0.00950138847893558,0.00740539168292067,0.0135744764705895,0.0086582547064759,0.0115839866437342,0.0104468209567262,0.00825941537692975,0.00664521842558295,0.0153327952189019,0.0158866087817937,0.00786590290504026,0.0107541775600383,0.00805491062493106,0.00464932753325906,0.00978417585038068,0.00416609852464517,0.00998124366339688,0.0108255988367903,0.0136860699257977
598,2017-03-24,0.00618483230575265,0.00952594675986524,0.00732486897761117,0.0127012108145909,0.00838629880243285,0.0114103135402827,0.0104551885088582,0.00841150140573117,0.00646462378792502,0.0141948280845606,0.0159033866929075,0.0078439976843308,0.0106300575745091,0.00808596605230173,0.00464177981368243,0.00988319781734506,0.00416191126821631,0.0100824684752814,0.0108918642535174,0.0124939833161178
599,2017-03-27,0.00610829538425247,0.00955523236852393,0.00737468234305955,0.0106941707844519,0.00932988117432835,0.01147459293737,0.0104038351550983,0.0083644289423727,0.00657644072946779,0.0131532731098111,0.0159261577316114,0.00759254335540382,0.0106742933242844,0.0080238691934815,0.0046920651423495,0.00976634405699653,0.00413141898430318,0.0102686942833894,0.0108770231191941,0.0109438627438286
600,2017-03-28,0.00591567330502773,0.00889012224047503,0.00723563682934439,0.0104501557129296,0.00985525163091503,0.0115771558871438,0.0103614058963788,0.0109778654128679,0.00635749802901582,0.0130131123332604,0.0157923597551457,0.00757716495503169,0.010309206028375,0.00795264903496458,0.00472813702899746,0.0097721019749964,0.0041270882581461,0.0101509022459867,0.0108534785722023,0.0105846747875607
601,2017-03-29,0.00581403458236499,0.00846016976466812,0.0073241867584607,0.0104242390077861,0.0104172232241855,0.0116630230079545,0.010359976161857,0.0121572361537946,0.00636408597498329,0.0129940983668996,0.015947330792648,0.00758007858865185,0.0104203915313026,0.00798063383062108,0.00468964864976784,0.00959832183059339,0.00405802826914497,0.0101427409031367,0.0108253256634342,0.00985437539141059
602,2017-03-30,0.00579950964397845,0.00847363508169285,0.00720785004121131,0.0103336668424204,0.0106265320663803,0.0115470291684928,0.0100087573453478,0.0132046810778854,0.00667439668448726,0.0128262173876266,0.0163154727804519,0.00782516006190082,0.0103620219295023,0.00808510712807205,0.00454503001589276,0.00959591589824897,0.00388604571156869,0.0105503887210318,0.0110257655772404,0.009818509784229
603,2017-03-31,0.00574482147510695,0.00846379683888097,0.00711398432324368,0.010293093137459,0.0109258956183689,0.0115274401668056,0.0101281169939841,0.0135012966547646,0.00662478419716342,0.0128252962286964,0.0163036487457873,0.00784363433529161,0.0105784701360041,0.00807912722225137,0.00448793356685021,0.00957048861197219,0.00383831623658109,0.0105040110328283,0.0109830573792922,0.00982349845164609
604,2017-04-05,0.0058978546745759,0.00847859132299256,0.00706114421689698,0.011238844976693,0.0111620349715036,0.0114763410140008,0.0102847080975503,0.0136805385076462,0.00678395880882363,0.0129772593355358,0.0168810152721796,0.00800691127446746,0.0106733504153853,0.00815533001093773,0.00455001115155366,0.00947552602711466,0.00418600219063365,0.0104323964578894,0.0109557442604349,0.00991265659568222
605,2017-04-06,0.00591887613794233,0.00862420626896094,0.00699447701927524,0.0113011613869915,0.0112121138144382,0.0113463833920039,0.010286708984769,0.0138237089051386,0.00680205524944391,0.0129922963020478,0.0169045612484792,0.00802010321106462,0.010635997347019,0.00821979824758046,0.00442527892884214,0.00975091990532175,0.00427153480332735,0.0104289456504446,0.0108894859141584,0.0098579093994156
606,2017-04-07,0.00610195878504083,0.00862449720873226,0.0069250465091667,0.0112702323484441,0.0113694588940175,0.0113049712553813,0.0101589240322782,0.0136119783228505,0.00683269679036641,0.0130123036153434,0.0168700228537189,0.00806223151217857,0.0106280049961726,0.0085508147276685,0.00441707937166939,0.0102963497357411,0.00432032472454912,0.0101571752579739,0.0106804086909363,0.00984353131815874
607,2017-04-10,0.00616270913891574,0.00861826802983647,0.00693282754742647,0.0112174467689321,0.0114336164170505,0.0114596104122618,0.0101417150343364,0.0134682424073927,0.00693243676345213,0.0130253650663867,0.0166828011404395,0.00809014435027552,0.0106196104512213,0.00854563138507537,0.00440284362156609,0.0104068248403171,0.00442948839117771,0.0102914095816445,0.0113340333834122,0.00991958048394541
608,2017-04-11,0.00606848308221246,0.00864623274661591,0.0069539391482396,0.0109325247489348,0.0114723366255651,0.0113250744230291,0.0100679674430191,0.0133419310309035,0.00683596405241116,0.012891059857469,0.016690969051899,0.00795571907423982,0.0105900340245229,0.00842906888206746,0.00440342025656934,0.0104476933253363,0.00447331801347358,0.0103896257901768,0.0113459766488943,0.00988076720770726
609,2017-04-12,0.00596925975811975,0.00866047197465939,0.00698902374841903,0.0109373354374863,0.0114749679361508,0.0113062221222396,0.00998445230188222,0.0131950738551168,0.00651485051552461,0.0127889970804039,0.0164261133166445,0.00790813710927994,0.0105847840070878,0.00838349430869138,0.00427571537413021,0.00969656144497207,0.00446943721277925,0.0103609240051331,0.011414108050762,0.00984684713943004
610,2017-04-13,0.00567411784089839,0.0083932401099801,0.00698416042743063,0.0109345143566868,0.0115107141812361,0.011295817580484,0.00990957607058029,0.0130972411696907,0.00657376859633161,0.0128553977366607,0.0164270634672073,0.00788418781338335,0.0105945896665835,0.00841814674705127,0.00428776202515156,0.00988389069539652,0.00458216683130849,0.0101823451114044,0.0115603908837925,0.0102756083903389
611,2017-04-14,0.00555330503369255,0.0078708060541561,0.00691110166505908,0.010951600956761,0.0115125159206111,0.0113959425667039,0.00988585978559583,0.0139451033689724,0.00660624594372795,0.0129067704632725,0.0164611382103964,0.00794558602109612,0.0105381339963214,0.00845088329501419,0.00430952007068436,0.00992470634233411,0.00459234128152303,0.0101589323382907,0.0115144912173473,0.0103331459953535
612,2017-04-17,0.00553855396156353,0.00783515090077995,0.00689236547531877,0.010950201508736,0.0114539118712395,0.0112619044912299,0.00977550083929137,0.0138474003957207,0.00650898490040434,0.012741082669233,0.0164458625265347,0.00785314271060827,0.0107522270344429,0.00894576406156351,0.00476343442886702,0.0110142150802078,0.0044675832243923,0.0108451858694425,0.0116284433147222,0.010335143545297
613,2017-04-18,0.00543053351207839,0.00795914157281028,0.00673459754736213,0.0110083585940166,0.0115609758135902,0.0107307429542521,0.00949014008943233,0.0146861957450301,0.00652733202217422,0.0127811615763056,0.0164912520426576,0.00814725771307227,0.0108011345428951,0.00911732226740401,0.00473995093280153,0.0114677837510247,0.00446600967472603,0.0107348319764552,0.011537669325537,0.0103436734543369
614,2017-04-19,0.00557185719951774,0.00765898250345457,0.00694869041086241,0.0110293543399962,0.0116667371453215,0.0107588637477597,0.00974011976827587,0.0157832123924761,0.00696209260152557,0.0134923700050738,0.0167650334242534,0.00863821165114365,0.0110078452241691,0.00913682642495827,0.00479009347489252,0.0114135604385657,0.00448101491434367,0.0109306269909254,0.0116451339306676,0.0102964977841023
615,2017-04-20,0.00561024416901303,0.0076640912713689,0.00665659559770284,0.0110739228465326,0.0118952205223558,0.0107490813005311,0.0097005202551821,0.0163389214318156,0.00699076589745911,0.0133492952148313,0.0163762503761698,0.00862760097187821,0.0107120398112387,0.00926194585878917,0.0048340715645767,0.0114141827626318,0.00456378911486907,0.01121952510607,0.011734695433131,0.0101319189008254
616,2017-04-21,0.00560758475357807,0.00752743312688826,0.00664225397380547,0.0110524920965264,0.0118212026768467,0.010365805587593,0.00969381934817456,0.0168752782061078,0.00699135126663924,0.0136498935801197,0.0161788866392219,0.00862848496867108,0.0107068660866206,0.00958458214330448,0.00487875001650036,0.0114457454294261,0.00456735528652677,0.0109628723129818,0.01091605799919,0.0101864845163754
617,2017-04-24,0.00560356558768102,0.00708809584169361,0.00656602792966718,0.0110411267699556,0.0117026897937003,0.0100467843799835,0.0101083766212762,0.0171619774152287,0.00957247288412224,0.0138751114042109,0.0163964369259097,0.00879316140151992,0.0109258448318802,0.00961952340525719,0.0050419724164694,0.011270715413241,0.0047248733365121,0.0130546425080821,0.011202370032114,0.0101893578103481
618,2017-04-25,0.00548285114114406,0.00707093588894866,0.00656489148075746,0.0111219547502894,0.0116820960957121,0.0100861717404514,0.0100549753933198,0.017149588301469,0.009582475522685,0.0139375988261578,0.0163254237261299,0.00883767781517716,0.0109382012253424,0.00964191678972228,0.00512275201566792,0.0112047020868972,0.00491089432008483,0.0127648162273482,0.010955902987821,0.0103277015426532
619,2017-04-26,0.00544489685234889,0.00702244798678399,0.00656686379896232,0.0111344828005406,0.0116761970650637,0.0101040360906697,0.0100965043831687,0.0173634842161481,0.00968398992441229,0.0139425216571928,0.0163544956024372,0.00877754840210847,0.0108311537179449,0.00957311615558463,0.00506009355936163,0.0114846936217631,0.00491538613718436,0.0127082412502015,0.0107896698015283,0.0103488581469268
620,2017-04-27,0.00538228049674319,0.00689627018339597,0.00656825391684343,0.0111635747466901,0.0116765330909068,0.0101970474282243,0.010154595771655,0.0175418697393225,0.0096830749147896,0.013938617173345,0.0162988106514499,0.00881452403238897,0.0107809467503127,0.00957252611421736,0.00516510942331706,0.0116741711195143,0.00494199752386195,0.0126900863764468,0.00989984503605179,0.0103536945468555
621,2017-04-28,0.00539198648234641,0.00684083721647611,0.00651701384906926,0.0112197114948491,0.0116545034176903,0.0103733480127118,0.0101545212431419,0.0176738441496933,0.00968945315650446,0.013909760328997,0.0163092128534026,0.00888292240329381,0.0108087126569287,0.00953340612985537,0.00505403149589465,0.0116598364677725,0.00495654407996034,0.0126091004609044,0.00982941864335625,0.0104594729665428
622,2017-05-02,0.00545445707998316,0.00676711099246435,0.00646734877089708,0.0110336690655525,0.0117669580643239,0.0104047744170766,0.00996235413367707,0.0176138013023448,0.00973618616770273,0.0129292622221183,0.0156619961314746,0.0087726743546258,0.010788431229837,0.00953736262628906,0.00507747808503838,0.0117930228821071,0.00560043813954218,0.0126250007829133,0.00985154145426438,0.0102349805024139
623,2017-05-03,0.00542193170514519,0.00635645865396446,0.0062726130154814,0.0112175444208203,0.0120511009088043,0.0104109045913474,0.0101490348134767,0.017549153533984,0.00976153998696162,0.0132415159045552,0.0156859844188834,0.00901955876336056,0.0107914754326656,0.0097246405008074,0.00529889931967008,0.0117495999130717,0.00761811515058132,0.0128699097356464,0.00983402353632299,0.0108454811111357
624,2017-05-04,0.00541366284930827,0.00637498990563742,0.00631626221354294,0.0112445695369442,0.0120176299054256,0.0103273007147434,0.0102364334778096,0.0176813244910935,0.0105169775426871,0.0131487371731603,0.0156792736931204,0.00902348458165645,0.010828157115203,0.00978582024353144,0.00530294776781384,0.0117125184455097,0.0076193569742112,0.01314240751724,0.00976996111850198,0.0107772372775404
625,2017-05-05,0.00541392436270773,0.00637720858767468,0.0063340792878267,0.0115107416007253,0.0120236764156554,0.0102418258544596,0.010552956391632,0.017628655548191,0.0104799375205784,0.0121412871532357,0.014759291323094,0.0088297521238633,0.0112476919739523,0.00984513798047456,0.00530533056838461,0.0121775859570744,0.00822148092549602,0.0134345614536394,0.00980915076957616,0.0108206134126827
626,2017-05-08,0.00540434385767616,0.00637662525679866,0.00634500327773517,0.0113927593696742,0.0120117470421717,0.00995489856370835,0.0102644397987908,0.0175821992310638,0.0103774476855072,0.0120866767341008,0.0144883452704715,0.00889693845824796,0.0145727960507345,0.00989876404070418,0.00537205159434543,0.0124241915574463,0.00835558920955994,0.0133064184718649,0.00979407053950087,0.0108313990837102
627,2017-05-09,0.00540256013514194,0.00636932382383423,0.00631475955261744,0.0111673234551558,0.0119146489970751,0.00961772443913303,0.0102132001524407,0.0175897380521125,0.0103701342993267,0.0120409336229181,0.0144660095860283,0.00887957549064195,0.0147060548597906,0.0099093579778681,0.0054228241018524,0.0124369663224059,0.00833730394542151,0.0131157065442796,0.00986957314199152,0.010806001151434
628,2017-05-10,0.0053813678284493,0.00634951887727427,0.00631258201988762,0.0114225818643162,0.012024307403167,0.00961249630805658,0.0103386545887548,0.0175495899829275,0.0112385410095368,0.0124820946742417,0.0146643025634289,0.00923935687908907,0.0157832068394129,0.00992581158779449,0.00555422487929041,0.0126204637374903,0.00885998568722773,0.0137236654366612,0.00950536028323931,0.0109840319634966
629,2017-05-11,0.00538271684570766,0.00615770262014298,0.00643099321044666,0.011422426150196,0.0121158385412697,0.00951251251172446,0.0102215115133733,0.0178682764880057,0.0112571633618761,0.0125144773797214,0.0147597108048223,0.0092411850971061,0.0155797391376767,0.00994385577434801,0.0055555468204898,0.0125941357323093,0.00915805237052061,0.0138504047139754,0.00947411208930401,0.0110076749249538
630,2017-05-12,0.0054038037006564,0.00618289795929993,0.00644238038806435,0.0113777180680822,0.0120819098252977,0.00955133212682008,0.0103096881520055,0.0178588972202571,0.0112503710517406,0.0124396861331854,0.0147940521743652,0.00923653107276019,0.0161254266065019,0.00997710353251972,0.00555531851737532,0.0125939818957621,0.0093390610281964,0.0137828397041685,0.00946542957084217,0.0109722893387073
631,2017-05-15,0.005297048155076,0.00616784005123296,0.00613705428820746,0.0110199693487558,0.0119344656224438,0.00957634440273613,0.00983594772293422,0.0180448308064409,0.0111007891530642,0.0119994472841434,0.0145496710441714,0.00885303364340406,0.0159294626637486,0.00979720817096445,0.00553778490549229,0.0126507023271719,0.00978968490322095,0.0137984735579684,0.00942555897801988,0.0107559077574674
632,2017-05-16,0.00529833882602955,0.00617695562660993,0.00613625467177051,0.0112990642994005,0.0119545856602281,0.0099804072980065,0.0100377011598778,0.0182636384041993,0.0112707124339396,0.0118585315891382,0.0146062842953658,0.00915563074171003,0.0160308136974022,0.0098527664031314,0.00554588761999372,0.0127140097414459,0.00984502236688703,0.0139011831741426,0.0093897287992629,0.010717392013399
633,2017-05-17,0.0053144955858773,0.00617775818290184,0.00598001189023678,0.0113181975973671,0.0119942769297736,0.00993498018727549,0.00990547103821879,0.0181602712936308,0.0112307393678507,0.011462126024657,0.0137525062605695,0.00899916746416751,0.0165245333935966,0.00985508821796752,0.00554139664518918,0.0127898377631093,0.0098350932229984,0.0138752331892962,0.0094395593105542,0.010784241166756
634,2017-05-18,0.00531324020159414,0.00617655644930317,0.00596879419058873,0.0114554803227309,0.0117187470438842,0.00977688419098186,0.00981078546278663,0.0181606695533708,0.0112800402851276,0.0114988799807447,0.0128548583596234,0.00900047547722787,0.0172818461587554,0.00990187653722896,0.00551146444446307,0.0128284507440922,0.00997087345942063,0.0139289730921171,0.0154286036920165,0.0109503385401026
635,2017-05-19,0.00536182871074785,0.00592757133978354,0.00594871457206579,0.0114520960088494,0.0115127742719452,0.0101322192927924,0.00972446693195052,0.0180557180594003,0.0115195428860984,0.0113860800560152,0.0128226046260822,0.009017846597385,0.0167657549448561,0.00996786834789273,0.00533829383589373,0.0128142382488628,0.00997851723814162,0.0137834042709137,0.0172262302485196,0.0107197182099755
636,2017-05-22,0.00525870102312243,0.00585311786424286,0.00582954110488978,0.0114482618444052,0.0115412413169333,0.0103817202408978,0.00959790769908759,0.0180697650451803,0.0116143401420167,0.0113297829279094,0.0129324424263598,0.00881657341353615,0.0171023659223912,0.00999830525188555,0.00543643217568464,0.0130503475158984,0.0102254692589532,0.0138091134685764,0.0172282164043961,0.0106828547022963
637,2017-05-23,0.00527082423072261,0.00600463735260533,0.00556816920223523,0.011217528523641,0.0115929868132605,0.0102379290464559,0.00963416937282879,0.0181441533476777,0.0117008036436311,0.0111061096643975,0.0127156787676783,0.00891600328430829,0.0168873019444684,0.00987233852285679,0.00535792220189474,0.0133467664706366,0.0109322239051363,0.0140757807333721,0.0178281862165833,0.0109290069989034
638,2017-05-24,0.00524577657682914,0.00600666459813348,0.00551609854171078,0.0111029649564367,0.0115267595460903,0.0100898067616508,0.00964686332492218,0.0181491375301296,0.0116839912542237,0.0111089014966081,0.0127227318329794,0.00894061262160861,0.0168125579700918,0.0098957050510175,0.00532306533216209,0.0133523731685018,0.0109285015485552,0.0140304549467872,0.0195857619023866,0.0109249220634601
639,2017-05-25,0.00549454182585664,0.00597412664234371,0.00554029100327065,0.011110205194869,0.0115396750871615,0.0104228935194095,0.00973762807202154,0.0182163519518928,0.0116791341642663,0.0116338183563432,0.0128688601980609,0.00888921434508197,0.0167655433011213,0.00984363954126373,0.00533509548893814,0.013233348075574,0.0109202161127566,0.0140362131072529,0.0198055711294822,0.0108782419715787
640,2017-05-26,0.00507104746499351,0.00589474967636929,0.00553888126711922,0.0111484140424802,0.0115984093523359,0.0105643223771948,0.00968962066509234,0.0182975860289672,0.0116316920271621,0.0116315046620164,0.0128870344918592,0.00890375089915732,0.0167874582468783,0.00986140880228562,0.00547161181883888,0.013400266979958,0.0109984702625981,0.0140030151805403,0.020100841989966,0.0108515065818415
641,2017-05-31,0.00506032434526312,0.00592032482606174,0.00553707148918951,0.0107875255054138,0.0115417041885519,0.0105808560996662,0.00958252498160279,0.0182984642541364,0.0116719901544857,0.0115704262849191,0.0125316998981146,0.00893986094923196,0.016785461715303,0.00984058017927403,0.0054462592692278,0.013282449979224,0.0111698494529853,0.0139354797964474,0.0199947532231632,0.0110382717484916
642,2017-06-01,0.0051005515233447,0.00599672725160639,0.00553224281857608,0.010646140550288,0.0116332385729352,0.0105662192625533,0.00962419531484422,0.0186642317921387,0.0121774646695983,0.0119397619050897,0.0125863410200061,0.00907138890948105,0.0167906764647339,0.00987595255382315,0.00545529649078355,0.0128495797331463,0.0111804723143085,0.0141514328958279,0.0201404342447177,0.0110148485398047
643,2017-06-02,0.00511223626390874,0.0058998657553266,0.00545397346384183,0.0105960958413154,0.0114848653245384,0.0105276343187931,0.00975730745981366,0.0186481875407516,0.0121457249513757,0.0120212593697421,0.0126221195745819,0.00907117523899687,0.0167704624124041,0.00987425742513839,0.00537875022187392,0.0129699372034108,0.0111540069647957,0.0141478280704354,0.0202734739677098,0.0109797536502498
644,2017-06-05,0.00513281450975999,0.00620992556557274,0.0054448363340939,0.0105968053625349,0.0115291829512236,0.0105291269168109,0.00973281507163462,0.0186329554157642,0.0122206493362753,0.0120110637524508,0.012569666338847,0.00905079152965994,0.0166427471384193,0.00991470661283721,0.00545304326063487,0.0129739745398816,0.0111624146795502,0.0141217772597644,0.0202984060978734,0.0110179048866444
645,2017-06-06,0.00512997982586919,0.00623458928260599,0.00551418155334742,0.0106307210800116,0.0116401533613382,0.0105663351162084,0.00973282806565789,0.0186750338875318,0.0122330252303437,0.011990955422983,0.0126094581733717,0.00904975175651701,0.0166367964458776,0.0101257807629786,0.00546979466922684,0.0129874299598933,0.0111590556969035,0.0141487356102467,0.0203377636343124,0.0109915226520695
646,2017-06-07,0.00498310219295549,0.00606734916722704,0.00551073943494117,0.0106172368152158,0.0115528545633849,0.0106404438104267,0.0100240782049618,0.0186191419342746,0.0123531563834262,0.0120714246517716,0.0126314311704868,0.00912107896248224,0.0166387512441028,0.0101284084958589,0.00549182375343209,0.0130526880438866,0.0111672983289029,0.0141726538838214,0.0202908874268443,0.0110636365001418
647,2017-06-08,0.00499168242926715,0.00606989324773628,0.00547288097386759,0.010600457037795,0.012073523884931,0.0106215515739797,0.00994771255762008,0.0188217126842555,0.0122560212705021,0.0120728353374424,0.0126612245176252,0.00913389162364675,0.0164859955754629,0.0101591873463959,0.00547660072258827,0.0130260857748175,0.0112042148993814,0.0141066640345736,0.0203464363172039,0.0112037747805063
648,2017-06-09,0.00498440893195188,0.00607139143668653,0.00543993760190751,0.010679145018117,0.0122549552922085,0.0103556038257804,0.00994176016818347,0.0189441211911254,0.0122592075576117,0.0120702152502727,0.0126490532990218,0.00910089184800498,0.0166313945416769,0.0101655526727698,0.00549793558156024,0.0130270023485035,0.0113038219016503,0.0140368457015402,0.020345241819434,0.0112487583687128
649,2017-06-12,0.00497552413977038,0.00606755540695653,0.00547073626574143,0.0106868394459289,0.0123939989847547,0.010304345852927,0.00996056564800222,0.0188624544938352,0.0123560315714046,0.0121422925253058,0.0126593077786753,0.00910248210535119,0.0166394223771765,0.0101759912864826,0.00550394686304043,0.0134585597015294,0.011263632337606,0.0141412147018287,0.0203427425483168,0.0114008811042346
650,2017-06-13,0.00482285574128857,0.0058717540929443,0.00546507167198458,0.010695632871876,0.0125113517161407,0.0104335054736662,0.00986190715481335,0.0188542152340575,0.0125326811076902,0.012142403085794,0.0128869846662643,0.00923049854482805,0.0169795561192469,0.0101607441107821,0.00550315888967209,0.0137183949018294,0.0112849625654421,0.0145157344550521,0.0206475745079276,0.0114556542408104
651,2017-06-14,0.00471379780452402,0.00601307534834757,0.00547658399469013,0.0112534828983325,0.0128238353061214,0.0103266949057973,0.00988491671968174,0.018811878689051,0.0124775173173395,0.0120854077511485,0.0128482543271048,0.00923281455859063,0.01708801684907,0.010233053957844,0.0054944039109266,0.0137027832073917,0.0112987644555145,0.0145003293943199,0.0207762606533218,0.0118789115484127
652,2017-06-15,0.00472816653994898,0.00601031077191627,0.00539838762666613,0.0116680569741483,0.0127833090203187,0.0103673701143326,0.00980570111485225,0.0187736233578275,0.0123252964417851,0.0120536133066834,0.0124080562398097,0.00931341234307245,0.0171153252706402,0.0101553661080248,0.00536228141358931,0.0137190360154622,0.0112698039961948,0.0140975223354665,0.0205152283358433,0.0118361937755414
653,2017-06-16,0.00472770221714188,0.00599733631507256,0.00539423369195291,0.0119929965728852,0.0127660608627469,0.0103985244362164,0.00981118856308864,0.0188291519576953,0.012307498453558,0.0120951741381916,0.0124059772727777,0.00938695959427093,0.0172262131131649,0.0100987719470592,0.00536051957769554,0.0137263782285205,0.0112576077349033,0.0140913249948541,0.02046974475415,0.0118234956418364
654,2017-06-19,0.00474337400856722,0.00600518116213546,0.00543868000616155,0.0123511975948959,0.0127554237869079,0.0106625391072685,0.00982057338704221,0.0190959598428976,0.0122689271474407,0.0123331859251165,0.0123734500641087,0.00947181532481303,0.0173328729795597,0.0100690338067937,0.00541303174206036,0.0138396461890466,0.0112561164790283,0.0139562928049005,0.0203615513921895,0.0115867562603148
655,2017-06-20,0.00494077962000495,0.0060210124366602,0.00544222771249553,0.0123040327992258,0.0127445747765681,0.0106720665337299,0.00982095955141333,0.0191413340184304,0.0122549654913243,0.0123387011587814,0.0123296806393435,0.00957045450234546,0.0174148754839609,0.0100434025413848,0.00545532280721091,0.0138113473166256,0.0112230820482865,0.0139781005061255,0.0202780278535359,0.0114346527026003
656,2017-06-21,0.00496647481330295,0.00602096424183317,0.00530740848676321,0.0123979481259911,0.0127511039230743,0.0106462951263362,0.0097578559429665,0.0191421254737246,0.0122261818906244,0.0124846588373777,0.0121347291632883,0.00951562811892604,0.0174589244467897,0.0101587727244876,0.00552719524172463,0.0139818554693062,0.0112667927720881,0.0139743830379134,0.0203528338797201,0.0111486203152883
657,2017-06-22,0.00498415913850795,0.00611828843913681,0.00532030294696802,0.0122836610292333,0.0127495097913855,0.0106593423532116,0.00976588778839092,0.0193237806196604,0.0121475721355557,0.0124852395046708,0.0121997326865236,0.00952088112583002,0.0172207554904259,0.00863787340498652,0.00559322496622346,0.0139722753554421,0.0112545172778398,0.0139213452389361,0.0202689882165232,0.0112368134219936
658,2017-06-23,0.00499879136964067,0.00609492069854535,0.00535477864729207,0.0123671780321856,0.0125347826115899,0.0104407270431201,0.00976120605558034,0.0197554429590154,0.0121454847240352,0.0126004651210895,0.0122413999030244,0.0095589607466002,0.0172688992351764,0.00859375827399685,0.00560279572348473,0.0142437274928808,0.0111384474449021,0.0139317201241635,0.0202815036413204,0.0108543151320178
659,2017-06-26,0.00503398967480893,0.00610376865452963,0.00509790470486928,0.0125956647263703,0.0125020448102206,0.0104456512045711,0.00975068843497551,0.0199843477085545,0.0125324996303671,0.0127455270929094,0.0123012124047481,0.00954951377787127,0.0173277754782038,0.00859860217902769,0.00561535474794002,0.014404171255032,0.0111450073898318,0.013848359041206,0.0200360485404996,0.0108093123367561
660,2017-06-27,0.00503988960361136,0.00609637945957311,0.00510952553507157,0.01241778542881,0.012389028165118,0.0104380766847197,0.00975663875862786,0.020028579197557,0.0125364306652197,0.0127620098744611,0.0123020394954274,0.00955898116219459,0.0173301777919343,0.00849095876868873,0.00563625203686293,0.0144102569585653,0.0111661738690812,0.0136001871380306,0.0200745996831011,0.0107875354054772
661,2017-06-28,0.0050157305577714,0.00605821244786712,0.00510404383865504,0.012618382851803,0.0123886695228892,0.0103379907817963,0.00975329219649708,0.0200755044579627,0.0125337101497224,0.0127712761907012,0.0122976420582372,0.00953310058630089,0.0173360636053643,0.00844455167142623,0.00568173888202391,0.0143272517576215,0.0111272716489356,0.0136084497708744,0.0201196330499215,0.0108575173410671
662,2017-06-29,0.00498348363063171,0.00600830423887913,0.00501257050147507,0.0126118713123787,0.0121006282156766,0.00991799323301328,0.00983743589101765,0.0199664387861436,0.0125743923480901,0.012890290415201,0.0123526440701084,0.00951659734867322,0.0173532262945394,0.00833446083251122,0.00565758280908724,0.0143305699167465,0.0111286823262453,0.0131091287528572,0.0198141636789304,0.0108831384095336
663,2017-06-30,0.00498430270408816,0.00602487884821667,0.00500325270962754,0.0126369326684838,0.011954617671502,0.00969237997594266,0.00980702975299029,0.0190430329446945,0.0125619526058607,0.012889479651349,0.0123103710477105,0.00948305360935013,0.0174273110801078,0.00827498787681862,0.00563584167062964,0.0143503926425513,0.0112079591959667,0.0130980531629317,0.0198322568012189,0.0108692946217074
664,2017-07-03,0.0049906618626123,0.00601726159374492,0.00488591082143785,0.0125259817652882,0.0118106349038939,0.0103918514048056,0.00983204950061219,0.0186970401813019,0.0126874607203315,0.0131856750890316,0.0122683792682629,0.0096866440006004,0.0173299279708444,0.00824976230708497,0.00563971364294308,0.0143219771206401,0.0111905545945745,0.0131989325266792,0.019833189064327,0.0108945845453261
665,2017-07-04,0.00503206564233578,0.00599274888572625,0.00487567019668799,0.0125164867877097,0.0117650713999786,0.01022736760889,0.0100111705929459,0.0182293259198065,0.0126302002510437,0.0131443608457006,0.0118359750398903,0.00957077288966681,0.0173345126099488,0.00819563050551942,0.00563973605595599,0.0145053660479263,0.0111942265868449,0.0131819420771853,0.0200105254968226,0.0109412495759467
666,2017-07-05,0.00504527448340556,0.00599100214530667,0.00481332900204476,0.0125846470042552,0.0117013826232391,0.0102502592702089,0.00980379313597786,0.0181197672753445,0.0127583245717306,0.0131457950901409,0.0119409432735295,0.00952214396602348,0.0170262987662445,0.00819685244265858,0.00564219721520425,0.0145189244557144,0.0111097484509838,0.013149220015942,0.0199692372977145,0.0108621090750423
667,2017-07-06,0.00492402412288202,0.00594568453656052,0.0047904601386495,0.0115240999906709,0.0116726292707413,0.0104672653038224,0.00953953809857441,0.0180528835738867,0.0126551900435109,0.0128281437011042,0.0110118410954211,0.00930149911385132,0.0168246154275726,0.00817558779543216,0.00554077955802242,0.0144589540849581,0.010799438518004,0.0129234206175559,0.0200219000310805,0.0107295093601991
668,2017-07-07,0.00493105522778829,0.00575318871796112,0.00478392214191534,0.0112750014675017,0.0116732791063929,0.0104594043020535,0.00952868065847218,0.018012449026689,0.0130536640190238,0.0127773071866548,0.0110711531228243,0.00955550578458739,0.0168183423638262,0.00808237761620153,0.00554232217538372,0.0141836280002279,0.0106141003263266,0.013210051710848,0.0200638206131847,0.0107145574727884
669,2017-07-10,0.00474395997714156,0.00535905131744803,0.00476265646248195,0.0112788716875306,0.0112682287345043,0.0107075413829453,0.00971217578062471,0.018117954308309,0.0130643581779254,0.0128850184419289,0.0110532859994697,0.0096258651773327,0.0167872984126509,0.00749814912710525,0.0055022469823321,0.0137404963067668,0.0105136665957084,0.0131568579660636,0.0199261311296808,0.0107261961869319
670,2017-07-11,0.00472964099727808,0.00534793735336194,0.00475768603111972,0.0113794158727825,0.010967075441562,0.0108530335928692,0.0100540226718881,0.0181661265442755,0.0133016189350735,0.0128993740285217,0.0112750552255168,0.00962008921610697,0.0170792287805195,0.00760135254622505,0.0054990802735169,0.0135442304855036,0.0103324518009347,0.0133598413131652,0.0198488118064793,0.0106712193937341
671,2017-07-12,0.00470841328420625,0.00529040518853554,0.00472908459676922,0.0113472879986236,0.0105452982243778,0.0108614123765332,0.0100609281971864,0.0181036133368021,0.0137363548891083,0.0128938057404358,0.0112600081085089,0.00951022788450722,0.0171220469255022,0.00760945856815456,0.00554519343535778,0.0135299163657356,0.0102316252516059,0.0134180224379342,0.0197065010276219,0.0106613395492131
672,2017-07-13,0.00469798710603151,0.00531536145495538,0.00470704325971707,0.011359120277682,0.0105371498881328,0.0107602818824109,0.0100579380918251,0.0181461182260232,0.0137559226240784,0.0130509831078707,0.0112602470644695,0.0097729742468082,0.0171352805522316,0.0077154986538939,0.00560715553786467,0.013511349550219,0.0103252530880511,0.0136705873563722,0.0197616968661135,0.0106694036457366
673,2017-07-14,0.00469150560309382,0.00562615771207371,0.00470348785477331,0.0114718685046606,0.0102915213748707,0.0107794995262943,0.0100280059811772,0.0179787114954709,0.0138202169837981,0.0131182284967906,0.0112567132707103,0.00977158708589159,0.0171195410410657,0.00781345686886921,0.00557717747437224,0.0133192234109909,0.0102251903645254,0.0136511276370275,0.0197963832815028,0.0101242054202894
674,2017-07-17,0.00473127781886492,0.00560386929736004,0.00468596772335793,0.0114712100262107,0.0103229233604183,0.0111208850132639,0.0102032564384763,0.0175286440009498,0.0139067279942808,0.0131024345006503,0.0111395818359476,0.00985018630528621,0.017112288493339,0.00777400289627126,0.00556989632885418,0.0133219768878423,0.0102997547903293,0.0135382076038309,0.0196558907207642,0.0101144366797764
675,2017-07-18,0.00472206549864323,0.00562029781086794,0.00449397913957246,0.0115020907666876,0.0103450248962209,0.0118065643430155,0.0108450554482859,0.0178684399629536,0.014286537145449,0.0138804419423556,0.0112810447306103,0.0101030817312849,0.0183356575819388,0.00735292191535395,0.00530615383587339,0.0128090099456601,0.0102596700132533,0.013748511511743,0.0199716270101785,0.00998755837906943
676,2017-07-19,0.00479417629239692,0.00543047791177079,0.00453928379671251,0.0124160283855574,0.0112505567931395,0.0122316869850925,0.0125087576128036,0.0178141619989126,0.0150356588441486,0.0148025663749463,0.0114821728350441,0.0105073314980266,0.0205938723321619,0.0074566992174939,0.00534853657361176,0.0135244452105796,0.0106629735219233,0.0139060384889707,0.020113049092358,0.00993542842674846
677,2017-07-20,0.004570698511693,0.00543847738068056,0.00416960021069775,0.0124802904180591,0.0112871819153575,0.0120790301412023,0.0124252902305485,0.0167065318228646,0.0149362455531764,0.0142137006771848,0.0109977851132319,0.0100696820730716,0.0205534042352839,0.00759107837764068,0.00531425991569973,0.0136574205724687,0.0107704303751498,0.0138740616196892,0.020112179014167,0.0100897291505922
678,2017-07-21,0.00455046460640588,0.0054407415691544,0.00418680615436081,0.0124710605352773,0.0112803849809292,0.0120191916003984,0.012335466967787,0.0160035825369157,0.0149476977438766,0.0140602750546674,0.0107700672406751,0.0100764361803045,0.020514908691812,0.00748365408817917,0.00524650042808875,0.0138090707198169,0.0110783698928519,0.0138034327420913,0.0201275962388412,0.010092826629278
679,2017-07-24,0.00452018000232913,0.00559657993453553,0.00411259492596701,0.0125592872317087,0.0114214157959476,0.0122118530691492,0.0123712574461646,0.0152874616451513,0.0149627231837739,0.0137885039684205,0.0109649051123055,0.0100694556298245,0.020665733194381,0.00709173183567198,0.00521874908859079,0.0137700411534847,0.0110631588042063,0.0138101836935749,0.0200321651552055,0.01006036106969
680,2017-07-25,0.00451977939515304,0.0055334303245992,0.00386833070277236,0.0124619525984412,0.0114262342085632,0.0118230314110661,0.0120105206212916,0.0148133066384854,0.0138141960384762,0.0135318771268452,0.0105662213299043,0.00993424346978411,0.0207794689439954,0.00704862064240752,0.00507261462927782,0.0137708935252536,0.0110638605946135,0.0123416953228637,0.020051321280816,0.0100585991720845
681,2017-07-26,0.0045623753416185,0.0055376800040209,0.00387173387279803,0.0124618435891135,0.0114071448937378,0.0118355560636755,0.011995896901827,0.0147694299144881,0.0138681543261801,0.0134588075135633,0.0105202481739294,0.00988383361504288,0.0207784948206992,0.00702589068955437,0.00499221579176228,0.0139867076972164,0.0108124118118457,0.0123847242036763,0.0200248925182927,0.0101310778691906
682,2017-07-27,0.00455984751785328,0.00555073436435351,0.00385444614583494,0.0129102488243094,0.0116601043925192,0.0125816748844949,0.012287702129222,0.0145866539197656,0.0137658693425356,0.0139636954281354,0.010769576618547,0.00987368586035742,0.0211964901640328,0.00700439063984406,0.00496845424387472,0.0140698863425862,0.010790529557206,0.0124367027862512,0.0199782776036038,0.0100548141586494
683,2017-07-28,0.00455868432564155,0.00555074451102986,0.00381883464261675,0.0129969393104621,0.01187759021073,0.0125852040290022,0.0122427770373296,0.0145990070783191,0.014238077738701,0.0140643730870704,0.0108228240034724,0.0101801447977635,0.0215223216785557,0.00701050109541443,0.00491422419401918,0.0140227683343129,0.0106470674441494,0.0124250088716806,0.0199562144423722,0.0100445047082522
684,2017-07-31,0.00455581361918142,0.00558365883298162,0.00382178181643486,0.0135284787240017,0.0119866125542564,0.0126897935592364,0.0129519471427279,0.0147629077958003,0.0158151459657207,0.0153793598177222,0.0116096559994692,0.0110780333716093,0.0231922298125125,0.00704081993760338,0.00495515489395049,0.0141550154276782,0.0105923691781125,0.0124340394940165,0.0198494319467537,0.00999773950874347
685,2017-08-01,0.0044082043806692,0.00567699388712636,0.00380588063354927,0.0137048726205058,0.0121380860985449,0.0127931408749369,0.0129382596013541,0.0147476148345328,0.0158945158791086,0.0153690472112546,0.0122195081877394,0.0110886837724976,0.0232867579810456,0.00706066011130498,0.00494143338383113,0.0141002213977454,0.0107414437343262,0.012438383647789,0.0199190400789205,0.00998467096508973
686,2017-08-02,0.00414049811731611,0.00567319388624853,0.00373908511595447,0.0136115868500347,0.0119922852019358,0.0128337383921153,0.0128035756663453,0.0146816183552752,0.015883988340016,0.0151781933982309,0.012104844159592,0.0109448568605487,0.0232866283671263,0.00677423684276268,0.00469189134603198,0.0140962342457084,0.0100011443130988,0.0123020458817883,0.0198561092059669,0.0093749502161368
687,2017-08-03,0.00414039767959703,0.00565155221698796,0.00361379713907917,0.0136142117796988,0.0120519562869711,0.0133742854117696,0.0129613105305059,0.014741660895677,0.0154727900860876,0.0152320709795538,0.011885158006468,0.0111544371380343,0.0232881315377866,0.00668376717914898,0.00469785859148848,0.0140995549859687,0.00997872699346656,0.0121091534978803,0.019724165751079,0.00937647606586411
688,2017-08-04,0.00415123528003779,0.00560789069778834,0.00336759860700176,0.0133899360311229,0.0121050727944924,0.0133143213772929,0.0125013444510979,0.0146671106254899,0.0163096530319637,0.0149822721078982,0.0115871323358968,0.011061710503914,0.0231163572432741,0.00654943901108782,0.00467549560420126,0.0136790575623716,0.00984309947227997,0.0118885683419708,0.0195720292425903,0.00921254065825103
689,2017-08-07,0.00410119177001757,0.00560239100732678,0.00315567655150141,0.0133799086815905,0.0121056857392132,0.0139912268227864,0.0134916573150411,0.0147725531063898,0.0162935697996535,0.0152611873732677,0.0117590252576363,0.0114422656986492,0.0214554703853882,0.00655764903504842,0.00457800027435919,0.0134669733206215,0.00987959613792175,0.0117778205417327,0.0195153597498588,0.00918857582558412
690,2017-08-08,0.00413758005409503,0.00561927717038079,0.00315747862774876,0.0133753584559017,0.0121101695250838,0.0142367412925259,0.0134953033057195,0.0147133851356346,0.0165787866028005,0.0152608565766019,0.0119098022010227,0.0117924315978844,0.0215626283744526,0.00656754959424069,0.00451878948119073,0.0136413222123246,0.00987997424500313,0.0118318149518702,0.0195184132368826,0.00915751233627016
691,2017-08-09,0.00405458251244569,0.00566057585183684,0.00314245445626959,0.0131997612415761,0.0120597549183739,0.0142876014374217,0.0134670128529593,0.0145055600198335,0.0160462913514043,0.0150150667486857,0.0126680913205416,0.0114530908214581,0.0220468701131934,0.00642792899903148,0.00432557769935759,0.0134856817260562,0.00972667987570815,0.0110168946861562,0.0193451044768747,0.00921459126970877
692,2017-08-10,0.00405637106406963,0.00583287540015143,0.00270559322609093,0.0133105984607188,0.01182098752142,0.0152560313200888,0.0142746926088915,0.0142569709304115,0.0163638351757461,0.0155302797187577,0.0131432140830807,0.011670199291873,0.0221442510661595,0.00658897968091685,0.00434643535072875,0.0134823227111336,0.0096177685835051,0.01092758505373,0.0193470780354947,0.00914849235682961
693,2017-08-11,0.00419268712751218,0.0058226050356281,0.00274335871551401,0.0136358767297501,0.0117560314724641,0.0181032365293526,0.0170048994766496,0.0143938492334664,0.0189193045417389,0.0191906094529493,0.0167729929024849,0.0143247121971788,0.0239072099053459,0.00654971559968553,0.00436254360870344,0.0147478480785947,0.00968319164496808,0.0110132861564173,0.0192252368766456,0.00934913220336333
694,2017-08-14,0.00426495284914471,0.00582131021212282,0.00276262786091443,0.013697812952924,0.0119417433258731,0.0180893304138179,0.0170271948287527,0.0142209940726821,0.0192718148389398,0.0192016975568175,0.0167747500497303,0.0143479189550258,0.0240048452168899,0.0065463695933345,0.00440670697924444,0.0148027464857973,0.00938439188016855,0.010996297758647,0.0191268623397072,0.00927625887170523
695,2017-08-15,0.00439904067120695,0.00584366575452334,0.00275120174747319,0.0135447533417024,0.0118961618559181,0.0179997048403575,0.0169665210875155,0.0139771761048632,0.0191395306334806,0.0192921108212814,0.0168719775558516,0.0143149383678259,0.0240159537930596,0.00664833675295146,0.00440519758808462,0.0148421463365676,0.00937304029552121,0.0108668673041093,0.0189764088961655,0.00964519707966515
696,2017-08-16,0.00434700208334977,0.00579913931922919,0.00271303499635538,0.0136030704574727,0.0118464101874465,0.0179977242767761,0.0169731520244521,0.0139958559521958,0.0207023669045496,0.0193353293813608,0.017411976409865,0.014515333106372,0.023596345406422,0.00665369349042441,0.00439569332407109,0.0147707078475774,0.00938421994073334,0.0110062242138003,0.0187753522726502,0.00968948818177629
697,2017-08-17,0.00433546114785582,0.0058432701980373,0.00264226071230433,0.0134796694387201,0.0118263613854625,0.0182023317913136,0.0169793010433479,0.0140125110294419,0.0210626317343429,0.0192846168803323,0.0174065485016677,0.0145075793246755,0.0231934418518352,0.00657578554077295,0.0039086069760977,0.014713665540249,0.00937171786080708,0.0110081831041029,0.0155565422426503,0.00952536006504025
698,2017-08-18,0.00429490901468756,0.00564171743323947,0.00266818823458862,0.0134877436047838,0.0117838070305887,0.0181815456056926,0.0173427995382039,0.0139651425392961,0.0216278174519831,0.019646093882441,0.0176041623114293,0.0146168307306088,0.0233206753689863,0.00647490369544871,0.0039461610194723,0.0146845095906214,0.00920563238853318,0.0109976983021545,0.0141629616092037,0.00948882168257509
699,2017-08-21,0.00430969936776952,0.00564830173603359,0.00269907511163905,0.0134840827711305,0.0117668098993689,0.0184109445466646,0.0174635115526229,0.01385052222027,0.0216100736324734,0.0196117729332996,0.0175417920611417,0.0146285342504623,0.0231379690655144,0.0063694957410608,0.00369107244443489,0.014325725655712,0.00910182487165995,0.0109985191209111,0.0143305409589141,0.00961914139109591
700,2017-08-22,0.00427598165736858,0.00544738194209305,0.00258365704785125,0.0134629939547183,0.0117602070955994,0.0184048486876157,0.0173790008264885,0.0135787950044985,0.0216593250312662,0.0195020482471221,0.0178742475870131,0.0145184267603095,0.0231508025795725,0.00634280827073818,0.00369249397886065,0.0139397526344802,0.00827255696250565,0.0106068223715835,0.0138830038998465,0.00923149266654827
701,2017-08-23,0.00432432753089657,0.00544737700466259,0.00247346264479517,0.0134959177925583,0.0117488956021383,0.0188833164803479,0.0179243737128798,0.0135511922942031,0.0223325396565646,0.020467910591048,0.0186390721196858,0.0148970543206763,0.0234782788636842,0.00631244443212401,0.00369436805213821,0.0140143352975829,0.00826876700477852,0.0107302181573847,0.0117176580118706,0.009234245589587
702,2017-08-24,0.00405809050772262,0.00545572168643303,0.00249825262620332,0.0134811174081168,0.0116660416626311,0.0188325559476469,0.0179309766876448,0.0135429737002315,0.0225290876602988,0.020582120386309,0.0185796302685778,0.0150676799077311,0.023489950905499,0.00629988996831716,0.00364569656105093,0.0140073295023719,0.00827041197207951,0.0107423969750034,0.0114859984730848,0.00923368619194113
703,2017-08-25,0.00406214349048962,0.00545768760012922,0.00250608667986656,0.0134491331649433,0.0116508846247472,0.0188649742049032,0.018067515436499,0.013596139662623,0.0225879044758208,0.0206693889343791,0.0187775856563597,0.0151165423900273,0.0238661856966207,0.00623608290482926,0.00323348480824023,0.0137404812598925,0.00832577179743965,0.0107600876195141,0.0111604481802582,0.00930237554368562
704,2017-08-28,0.00396799046286203,0.00540806740995331,0.00248867278862608,0.0134397246977517,0.0116472500969451,0.0187979617175033,0.0181124041896694,0.0135381409343575,0.0225881680263809,0.0206637668190501,0.0188088843094618,0.0150775378270548,0.02392090097212,0.00620875172161073,0.00323015481106256,0.0137382439962449,0.00816880474839552,0.0107823082785231,0.011394312511235,0.0091293044384528
705,2017-08-29,0.00392438500985583,0.00513762433553759,0.00248586758306894,0.0134431384961522,0.0115272300487376,0.0187833309608178,0.0180822875941056,0.012637064299799,0.0226571858562856,0.0203576726692152,0.0187863590214045,0.0149084644605482,0.0239216775674398,0.00611736631600047,0.00313797818354257,0.0137400636663388,0.00823075079048156,0.0104260252420407,0.0111979011107312,0.00916726864879953
706,2017-08-30,0.00390720178222537,0.00519882157099919,0.00243516391338127,0.0134836185131398,0.0115255661221809,0.0189755333050473,0.0181999446878151,0.0126674600145885,0.022679603928425,0.0208710105598667,0.0189265410013013,0.015128570255088,0.0241249584045868,0.00610278680506033,0.00316199676318734,0.0138053082306431,0.00825178902701962,0.0104558576676328,0.0110070767626646,0.00916794984086902
707,2017-08-31,0.00387102633150318,0.00481344386949642,0.00238852204079097,0.0135553201369181,0.0114050865733461,0.0189881889857492,0.0181950196633141,0.0126655814368766,0.0226199158054596,0.0208467088254488,0.0188811318227168,0.0150764815668387,0.0241442000215899,0.00611697454814321,0.00315495170972717,0.0137753409125524,0.00821571917080906,0.0104505286647254,0.010965821098722,0.00912709033316866
708,2017-09-01,0.00389838116178237,0.00477416716670967,0.00237009786037614,0.0135763786800647,0.0112589485123473,0.0191415203179352,0.0186286021653098,0.0124644822788504,0.0226383924988367,0.0209839330585018,0.0191641815611402,0.0151175476062502,0.024824333890706,0.0056687698171324,0.00303439728722547,0.0137788793407461,0.008285420255209,0.0106638443885335,0.0110845532517825,0.00911198886963029
709,2017-09-04,0.00387956211864985,0.00477453110336926,0.00226248632492924,0.0136270896560344,0.0112249854115953,0.0191514432765794,0.0185235584953947,0.0124598547808659,0.0225467732671976,0.0209702446446196,0.0191046628151639,0.0151258463097364,0.0248272363805756,0.00566343633533776,0.0056142925991192,0.0137662918460075,0.00830227171198468,0.0108702554715797,0.0114189453444403,0.00909962289619996
710,2017-09-05,0.00388210174559267,0.00478304853185335,0.00591055045858651,0.0135872719599397,0.010614316316266,0.0194014854074993,0.0187196589982224,0.0116281251093251,0.0227130352903428,0.0212291610291972,0.019216138598612,0.0152107833806395,0.0247833123459655,0.00561401439746016,0.00691963775201605,0.0137672388997833,0.00824618676574981,0.0108289231895873,0.0112397382208129,0.00883355607063467
711,2017-09-06,0.0038863336293804,0.00480025442538071,0.0059294500134747,0.0134705272951097,0.0103342883932311,0.0193872215593572,0.0187282299337281,0.010818744912338,0.0229123085577595,0.0212199155743391,0.0193131422473257,0.0151861024187178,0.0247601708088383,0.00561038647002699,0.00704303441966685,0.0137692870240079,0.00809841044424783,0.0107814081374379,0.0111553954887533,0.00874351365020704
712,2017-09-07,0.00386002058392778,0.00479738631226249,0.00671591728729859,0.0134897423078997,0.00995141820567036,0.0197318649193012,0.0188890037543419,0.0105754413586798,0.0230317873683292,0.0213268624304897,0.0195659379327421,0.0154201466967573,0.0250993948850668,0.00561570462704987,0.00714435198631559,0.0134454831277708,0.00810110423946128,0.0105875888396161,0.0111505915166425,0.00842224798132207
713,2017-09-08,0.00386450512693256,0.00480848881724614,0.00686521811409502,0.0133965481120505,0.00964251794993126,0.0197723557996227,0.0188253107599694,0.0105722052894625,0.0228869471207261,0.0213674407881267,0.0192081574324376,0.0153919811267639,0.0249782252812058,0.00562716466285261,0.00732695005539192,0.0132252503121974,0.00803803273040831,0.0102835874973756,0.010738846383301,0.00828102314952505
714,2017-09-11,0.00382864908976189,0.00464526861603341,0.00744259392392151,0.0130817528891131,0.00902297039616651,0.0197582489338219,0.0188216364384502,0.010714279835158,0.0228754983764579,0.0215318614876869,0.0193586384350471,0.015444895591524,0.0250664987009235,0.00540141028733847,0.00760392409094635,0.0131483023117437,0.00800749192339435,0.0103044577338119,0.0105040794751163,0.0078822957004264
715,2017-09-12,0.00380056739383805,0.00465312238434657,0.00742821913580289,0.0126937116829682,0.00897178227648163,0.0197381742990844,0.0188102195354367,0.0106922610055188,0.0229907543357383,0.0215613338672655,0.0193713215414346,0.0154346862542962,0.0250586074346164,0.00539867742754815,0.00764255957149338,0.0131481908646907,0.00800270139816567,0.0102749802812876,0.0105056173210801,0.00790386364661555
716,2017-09-13,0.00383738949811799,0.0047411644902389,0.00746021009223055,0.0123652167700408,0.00882196777594637,0.019769954905725,0.0188153315410326,0.0106933940217335,0.0229967269378619,0.0215715753799357,0.0193718237841859,0.0154241575129779,0.0250254331911459,0.00540071295505872,0.00771658817735579,0.0131829267641181,0.00801324511090066,0.0102743552225988,0.0105020656272867,0.00790706364858376
717,2017-09-14,0.00382189881632311,0.00473645216930074,0.00796245997682335,0.0119011261330823,0.00872313530071925,0.0200311149661725,0.0189973895192021,0.0105912158852662,0.0231748345379584,0.021562039418069,0.0195796505636221,0.0155882864394973,0.0251556529152886,0.00540036491513211,0.00774930065333943,0.0132717061333969,0.00801740352713697,0.0103263848770408,0.0104949966969124,0.00779303402819257
718,2017-09-15,0.00357545333015676,0.00470280406014984,0.00871380845652117,0.012108899649576,0.00846519877988701,0.0206867406353486,0.0194403419619629,0.0106707185350987,0.023781333742,0.0229353413262516,0.0201471710121961,0.0161721385255318,0.0256437896291437,0.00536178023278845,0.00805043038315955,0.0139226864142946,0.00802339356038219,0.010338157288579,0.0104817239304918,0.00778399517752337
719,2017-09-18,0.00347839894781254,0.00469709964338717,0.00871508839293792,0.0119633383928266,0.00836544860546712,0.0207506403358468,0.019436410865692,0.010612769290328,0.0237701580687188,0.022869763298955,0.0201470626807624,0.0161674582885034,0.0256335498743398,0.00520922577015279,0.00819402538432162,0.0137375942738782,0.00798927335538444,0.0103379774341543,0.0103336357556211,0.00781440438396223
720,2017-09-19,0.00344614375354501,0.00457601759124588,0.00887027560161655,0.0119901102269102,0.00839247405177266,0.0207712357497436,0.0194638592108009,0.0105136357560823,0.0238837266013632,0.0228715945731151,0.0201330555340902,0.0162102096480771,0.0256822297291678,0.00520762462299556,0.00816430809807044,0.0138477314926886,0.00799548536969326,0.0103396304199521,0.0102996361397808,0.00769277726005779
721,2017-09-20,0.00340639400341517,0.00458433664499613,0.00886282303336612,0.0120583302284186,0.00835430026743864,0.0207746562125247,0.0195805491964112,0.0102662743714077,0.0239431809382629,0.0228863087037861,0.0202115423354092,0.0163388124631219,0.0257940174985363,0.00523069297546551,0.00815295504361268,0.013559059940669,0.00802520510414816,0.0103384688481129,0.0103958575173599,0.00769336674007128
722,2017-09-21,0.00333910227073062,0.00458014405826608,0.00886496965623746,0.0118559860085754,0.00799612233817146,0.0207914800219051,0.0197775846827865,0.01020376870898,0.0239629806931965,0.0230886003054433,0.0202193175911685,0.0165527254330876,0.0259057640536479,0.00523101945241276,0.00813862838546652,0.0135184227570263,0.00802362180996268,0.0103155953629078,0.0107363922669527,0.00709840431377668
723,2017-09-22,0.00334731724166292,0.00452518624613529,0.00886350836744578,0.011851923125366,0.00782727583835316,0.0208575520049949,0.0198719414393478,0.0102369971132192,0.0239945103840205,0.0231833905189893,0.0201870428001187,0.0166739412752439,0.0259126677083317,0.00522023072750988,0.00812667932819295,0.0135338987104288,0.0080211619784088,0.01031628398718,0.0105244971153971,0.00710717986121226
724,2017-09-25,0.00334163626235445,0.00459893809911907,0.00897639693194221,0.0116108885849757,0.00780522066276605,0.0208764380804848,0.0199873318094675,0.00981288572565282,0.025025399353995,0.0233193078708618,0.020194712475833,0.0169743980320944,0.0259335818774691,0.00521507458570439,0.00823065858372572,0.0135923292672699,0.00800403392421021,0.0103260907476659,0.0104904946736413,0.00708895542765643
725,2017-09-26,0.00334589821931409,0.00459961772560614,0.00898713676201909,0.0116387062452616,0.00777202498728419,0.0208746452338849,0.0199467944686997,0.00979347379777216,0.0250118901832543,0.0232841726264563,0.0202698350422756,0.0170089597874081,0.0259367059355659,0.00520510044972777,0.0082634147875661,0.0136306182710319,0.00800348239413193,0.0103216372136448,0.0104827282379543,0.00701420279033349
726,2017-09-27,0.00332284010579257,0.00457699225036572,0.00899075349304371,0.0116091090178323,0.0077634041418661,0.0209182984685724,0.0199857061341985,0.00967297060012728,0.0252973250138149,0.0233362045085271,0.0202980454290464,0.017051137753841,0.025942418206766,0.00521660646309298,0.00826411810904337,0.0136093858632568,0.00785707531834306,0.0102644955440681,0.0103676003591657,0.00707256264866949
727,2017-09-28,0.00330374052991322,0.00458722607905458,0.00946619935721258,0.0116034862803897,0.00758260760261927,0.0204403336447063,0.0199653374055989,0.00968587648335947,0.0251041354264996,0.0232458382362563,0.0201510033039464,0.0170205632146796,0.0258701737146786,0.00520293750377638,0.00835996333619434,0.0136914725630669,0.00785717923171304,0.0101476726995203,0.0102468398813997,0.00704552941872125
728,2017-09-29,0.00326354808261769,0.004585070627034,0.0095176521317546,0.0115924499773878,0.00755095476789591,0.0203817780656462,0.0198803291421909,0.00963760973406128,0.0251139784061086,0.0232335564861668,0.0201595462537527,0.0170252933030623,0.0257977354578994,0.00526090020161831,0.00836097140204368,0.0134409912526024,0.00773546428874291,0.0100329084202526,0.0101457665589957,0.00693211111239963
729,2017-10-09,0.00323038612928715,0.00458523528033588,0.00952131322923942,0.0115241100143409,0.0075416081272435,0.0203043774524785,0.0198530516773423,0.00963755008307021,0.0250332272388277,0.0232532099058661,0.0200585837741113,0.0170237159108917,0.0257912013396576,0.00526117804438764,0.00835858661928745,0.0134560598873428,0.00772677098002638,0.0100233816904293,0.0101653734893854,0.00699730236261194
730,2017-10-10,0.00323821107602056,0.00449955334137616,0.00951282250349811,0.0114423485788539,0.0073315959821284,0.0201991147857526,0.019927539366137,0.00962309967499239,0.0249316260892706,0.02332930025282,0.0199813085687553,0.017183147203591,0.0259333701518561,0.00526944205197956,0.00835013591983876,0.0134492661479762,0.00772688776663125,0.00998874434057054,0.0100749418486389,0.0070551858819944
731,2017-10-11,0.00330375925384603,0.00450482829798957,0.00952428716093985,0.0115069486929072,0.00726553839825996,0.0201932371236511,0.01992910335687,0.009636958653119,0.0244442243669793,0.0233765203741351,0.0198907783668055,0.0171658122962494,0.0259372527456318,0.00516605181694106,0.00843496953619293,0.0140295296387764,0.00772742528409362,0.00968527883161259,0.00996142218355887,0.00703538473650738
732,2017-10-12,0.00334081325538757,0.00450484919444824,0.00958147394781034,0.0114989784836718,0.00708491453236209,0.0200054289011686,0.0198102748046084,0.00961186229551893,0.0244805222810314,0.0232859519297682,0.0198792348927376,0.0171197698912407,0.0259589959980116,0.00513037739878542,0.0084401264872168,0.0139508174528838,0.00772695442338275,0.00969078826849091,0.0099491646083732,0.00713921161694488
733,2017-10-13,0.00328079960007816,0.0045020813601574,0.00963340294586946,0.0114303792719249,0.00707175865305121,0.020022454111272,0.0196636159185126,0.00915490336422482,0.0246777033985775,0.0232392297859027,0.0198286781578464,0.0171020531807121,0.0256289607537639,0.00497878094573171,0.00844348760194228,0.0140273027316825,0.00765587620494466,0.00924471522378426,0.00978560398141607,0.00718030417924636
734,2017-10-16,0.00328093895111166,0.0044871836981807,0.00962710107877103,0.0114451610815126,0.00700496171815457,0.0200184078803614,0.0196749105297798,0.00917229266546328,0.0243213471519615,0.0232210372419144,0.0199806455604874,0.0170935333253336,0.0256233801115308,0.00497977395620423,0.00844749504255487,0.0151491440584961,0.0073984323840197,0.00922944018247723,0.00978960271136106,0.00717566798576876
735,2017-10-17,0.00328038805011611,0.00438823058203019,0.00969662623957708,0.0114431372925326,0.00690501611603652,0.0200271016092284,0.0200184417108825,0.00920872371984235,0.0246315007380239,0.023186581595836,0.0200340436830388,0.0171492478783066,0.0258369170854276,0.00488587280619758,0.00838440565182925,0.0156843293287791,0.00731956748041566,0.00899969051945569,0.0096390848026707,0.00716756034055766
736,2017-10-18,0.0033035007907755,0.00421884962777433,0.0096898539317181,0.011310383908457,0.00686684380746264,0.0201610888670394,0.0201474547356773,0.00914980045901746,0.0246318302932297,0.023269678996983,0.0200693189522558,0.0172852394112535,0.0260266390032487,0.00461312223196899,0.00842983730731909,0.016075781695563,0.00726197398041097,0.00893574035599051,0.00961835343022148,0.00719263898876009
737,2017-10-19,0.0032411943497896,0.00438520132584614,0.00968684662058916,0.0114335591837492,0.00662760453420021,0.0201910195646584,0.0201447657631029,0.00841223370194378,0.0247717398396036,0.0233064330682446,0.0200949352392038,0.0173513444042802,0.0261914954109488,0.00464426321360396,0.00843067776061205,0.0164107829729091,0.00695721752202312,0.00895575648797406,0.00970583320634507,0.00724627130858514
738,2017-10-20,0.00337300578939609,0.00437350083479715,0.00965756340846513,0.0113512096368025,0.0066149378775163,0.0198951143031186,0.0198066052357069,0.00827983961645663,0.0253075512439809,0.0229015824275109,0.0200896175234907,0.0172690471826923,0.0254852713559726,0.00464404271953327,0.00839529533033869,0.0162155836293313,0.00705906667909635,0.00839264160186456,0.00931562378042022,0.00720025123889617
739,2017-10-23,0.00319832545887866,0.00429462904812911,0.00962586131577283,0.0102779437367955,0.00571659418834181,0.0194574583423659,0.0186274044632053,0.00754439016868886,0.0245480182887178,0.0222272511110324,0.0198252025621508,0.0167563142929028,0.023888101652832,0.00428140581535556,0.00834866976335071,0.0151589228124594,0.0066611156791593,0.00796196552047977,0.00902754581196334,0.00704022353675767
740,2017-10-24,0.0031790161795662,0.00429109171589041,0.00973839962127282,0.0102358300972278,0.0057163177490667,0.0193264770596353,0.0185978716247673,0.00750674526107997,0.0245994530871916,0.0222793852055143,0.0199130762814484,0.0167740339083393,0.023895448807883,0.00402830835999624,0.00838392715353891,0.015003465330404,0.00623926348121462,0.00801002750045939,0.00903317867182149,0.00684504634501753
741,2017-10-25,0.00303628719581727,0.00428752257480857,0.00970696746584947,0.0102373892793544,0.00571646575612165,0.0193492978375561,0.0186054519051398,0.0076192257964861,0.024640351155816,0.0223282316200488,0.0199458560466887,0.0168413396876452,0.0239017875305521,0.00401606563005453,0.00840528828705623,0.0147969413647437,0.00531430444664813,0.0079715131703966,0.00903446897623428,0.00683621865775301
742,2017-10-26,0.00303981296905595,0.00390496852539579,0.00972742080165442,0.0102168484037983,0.00545509571925146,0.019435521371488,0.0186106285192278,0.00766838814166603,0.0250176803985259,0.0223800996393305,0.0200099420230289,0.0169126030542661,0.0237437060198075,0.00407066943798229,0.00841198136621001,0.015302622580585,0.00532423386530233,0.00788349529755062,0.0091372090881535,0.00700418574747637
743,2017-10-27,0.00303779839186811,0.00391246530416212,0.0097459624349577,0.0102769273409628,0.00544530654031271,0.0194606581024602,0.0186220977298947,0.00771334599259191,0.0250212324613476,0.0223564096648686,0.020022065636563,0.0169203427914972,0.0237112184530857,0.00409082070856649,0.00840523035159584,0.0153067566186234,0.00528927492124623,0.00803191933779517,0.00897818393898754,0.00705253216396119
744,2017-10-30,0.00299110489811386,0.0039142687789988,0.00973778599723104,0.0102710881423168,0.00548036630352283,0.0195580533930618,0.0188030600992704,0.00768008155872006,0.024939528521774,0.0224021471947553,0.0201987948820505,0.0171566816254433,0.023991364986053,0.00406491545929854,0.00840470458240421,0.0154382390084168,0.00512067385688563,0.00810399271730359,0.00925094970513864,0.00687706923899799
745,2017-10-31,0.00303602324334854,0.00384057024622389,0.00973803048483097,0.00975828777139671,0.00523679186749789,0.0192457332781774,0.0186806323378996,0.00765079070432813,0.0252175269980847,0.0221862909339884,0.0201623335730416,0.0171835226691606,0.0235729987893714,0.00392681478430425,0.00839308002125378,0.0153214606551989,0.00488609111363181,0.00798097715022424,0.00920604703567397,0.0071618084385579
746,2017-11-01,0.00305822890373657,0.00383541683323863,0.00977412248383259,0.0103082048077453,0.005022332298172,0.0192587491791449,0.0186435275045141,0.00756146961119355,0.0248307685587174,0.0221394795993805,0.0200626930433597,0.0169020983071432,0.0233137246273301,0.00392238390225925,0.00833040467437194,0.0152811728037499,0.00469643332857272,0.00800801666336281,0.00935703066503255,0.00732698043563291
747,2017-11-02,0.00305968817280417,0.00381228972552676,0.00978142749485771,0.00971333674859482,0.00496964266580671,0.0191139656932512,0.0180994507196997,0.0072411907943249,0.0232245225039528,0.0210693489412096,0.0193774420737769,0.0160883065190783,0.0216154802203579,0.00388391813928245,0.00830411687632276,0.015161516069353,0.00472308845931029,0.00798312163084481,0.00918937299428866,0.00732913531439646
748,2017-11-03,0.0030611611159624,0.00360494063623569,0.00978433101680683,0.0098749741286743,0.004782399176861,0.0191082025845924,0.0181542681579496,0.0071816518849938,0.0235944982380094,0.0210245890959821,0.019237908055271,0.0162075506824732,0.0215950657447416,0.00380099633743497,0.00827170757841702,0.0151576150977524,0.0045757706564423,0.00800075345415051,0.00922553921119667,0.00731966703556389
749,2017-11-06,0.00301003821449818,0.00344966892220269,0.0099427592122887,0.00997522372293377,0.00465313317222755,0.0193922200277247,0.0181296286876136,0.00723028139555327,0.0237392064152491,0.0209519183168429,0.0192982476515189,0.0161611670996572,0.0215800785195486,0.00370993326483012,0.00823976929212412,0.0152786462802564,0.00457531261201853,0.00799599220923447,0.0092467489502805,0.00737871455896992
750,2017-11-07,0.00302926323527552,0.00347417099027041,0.00992895139910516,0.00990648746625659,0.00473001630848624,0.0189225898271082,0.0179249431519036,0.00722588404681839,0.0241471232858508,0.0207910653581184,0.0194147516378723,0.015986492866079,0.0215861763310809,0.00378280822648215,0.00824596562777376,0.0152977860135724,0.0046481260755088,0.00803382754150958,0.00922996141855525,0.00743535231826806
751,2017-11-08,0.00303139030863348,0.00349866216901007,0.0100467972000922,0.00990372039136676,0.00478310595829686,0.0189186471339227,0.0178144975647328,0.00774292205169454,0.0241561107305952,0.0207835589894463,0.0194240200210799,0.0159926955834559,0.0216550825838831,0.00385140610872664,0.00825073709931223,0.0153291595741204,0.00462643312397238,0.00801850314638919,0.00919095529752517,0.00745970891175595
752,2017-11-09,0.00303401630441958,0.00350769319342079,0.0101578826682086,0.00975944252214551,0.00477155255664435,0.018263707567667,0.0168354116014449,0.00771032497118574,0.0242963676260943,0.0204062848790709,0.019164861502263,0.0154416814803506,0.0216430311025558,0.00367748898593585,0.00837820633450899,0.0153113323841487,0.00461763578264875,0.00804241381268458,0.00917244411392304,0.00745937991489894
753,2017-11-10,0.00315005444251102,0.00390602126981744,0.0102077861044181,0.00985065110950063,0.00489376104126798,0.0181870994798656,0.0168268652178565,0.00764072227178906,0.0243926982692062,0.0203933002745401,0.0191377321097928,0.0153360424320696,0.0214536675068297,0.00364379435711571,0.00837785297951976,0.0152741129747319,0.00461901492929506,0.00794246063974036,0.00909135787111057,0.00745987548607838
754,2017-11-13,0.00317254482653836,0.00389296936518111,0.0101320222618834,0.00960565870613252,0.00487948415013601,0.018358280637834,0.0166988584926792,0.00762383165568229,0.0250234879576022,0.0200972331060699,0.0180748521070366,0.0155100186069824,0.0202842505807494,0.00456637220259999,0.00841912089488107,0.0151322228428237,0.00459531185470439,0.00787109216548912,0.0091033151686574,0.00709215514080302
755,2017-11-14,0.0032827586740473,0.0036823111518929,0.0102272330674186,0.00957722967067589,0.00486189227019734,0.0178247718023381,0.0163695386433713,0.00758400173209378,0.0251664415331687,0.0198080753235402,0.0178063297974658,0.0154522464102934,0.0202698945608238,0.00428634807902749,0.00851203200762938,0.0152523806917814,0.00459904925530695,0.00778724847629387,0.00911536916559552,0.00708205811211901
756,2017-11-15,0.00390786570727203,0.00407008530980414,0.0101781922551362,0.00934551275699971,0.0046142814728294,0.0153197379593405,0.0140239236958468,0.00706919920303904,0.0242020020549011,0.0168566997186432,0.015259951627238,0.0135006480164967,0.0177803281392923,0.00440672590691071,0.00849279241580958,0.0143880265159278,0.00409187130413277,0.00774819626192858,0.00886335511785534,0.00698687931037139
757,2017-11-16,0.0040564196179951,0.00408624706607389,0.0105663277435777,0.00914272694410143,0.00422208809940044,0.0152896093716395,0.0140342823013242,0.00710031723500335,0.0236656069455958,0.0168834415219981,0.0152589100522311,0.0134071399330481,0.0176405332472929,0.00449473546828415,0.00875167263909975,0.01416748844744,0.00409783946939705,0.00773929216740343,0.00887135642819564,0.00706245862073437
758,2017-11-17,0.00405207953722985,0.00403389100732608,0.0105290327407996,0.00922120044235317,0.00407417266035197,0.0153192063081922,0.0140999960265888,0.00713032315871239,0.0240173527050875,0.0169424930136072,0.015235710251306,0.0135733746528061,0.0175638592206842,0.00437607222820206,0.00894542665517802,0.014159228496568,0.00429628232322077,0.00766091192641521,0.00902873939458325,0.00689557917151265
759,2017-11-20,0.00413621641490466,0.00416146158104666,0.0105048865804329,0.00922415230631505,0.00399166992826063,0.0153550495249268,0.0144129083717589,0.00718783036652092,0.0232463765021403,0.0170309702128411,0.0150738370830913,0.013461171656741,0.0175984780495072,0.00446153240936745,0.0095951559656095,0.0141912137904186,0.00429467045427282,0.00742477747853326,0.00899127243395321,0.0067992061550194
760,2017-11-21,0.00413403721677459,0.00417079884809061,0.0104989335090438,0.00921030095629785,0.00388233155515438,0.014999018834543,0.0144249769109242,0.00732234853248833,0.0231466384859372,0.0169915698612795,0.0150784417809917,0.0134285312600008,0.0172550395267925,0.00448301757280916,0.00952918601366665,0.0141342899989058,0.00426354659459236,0.00737239951027957,0.00913566405033334,0.00682426907920825
761,2017-11-22,0.00513304277376056,0.00452360644925392,0.0107790219789115,0.00964716768765596,0.00386268664411172,0.0152745229524354,0.014202558997008,0.00734199795664584,0.0229542322887903,0.0167807349859356,0.0150941332546342,0.0133824992807771,0.0172814488302724,0.00451745125544992,0.00984080453753155,0.0141338363310596,0.00426615488224029,0.00750711942770957,0.00921787504704856,0.00681290924175609
762,2017-11-23,0.00527730663351557,0.00452274597016006,0.0110510698590457,0.00976118239831159,0.00387269840373186,0.0148820533336121,0.0139411173630107,0.00732233239508048,0.0229689768693109,0.0168708174418634,0.0150983929986889,0.0133048369041519,0.0170278590615849,0.00451639194135615,0.00978143452376097,0.0140004646315445,0.0042113609386949,0.00746945754790184,0.0090423680096372,0.0073909949240084
763,2017-11-24,0.00527992261804418,0.00453041104809717,0.0110575706866703,0.00976520014565972,0.00356205598398977,0.0148933521448531,0.0141135306435281,0.00733821653831049,0.0237472331100489,0.0168992293845035,0.015245961024856,0.0133353110042715,0.0174201622371511,0.0045115641589438,0.00986877092620905,0.0138441867192538,0.00419898645769302,0.00743673629053027,0.00897653587515654,0.00739154401538593
764,2017-11-27,0.0052488239586891,0.00466964812665024,0.01142692857126,0.0102783007215932,0.00360605154547074,0.014429125627167,0.0135665425879281,0.00706860256270305,0.0233120008499322,0.015913704557615,0.0143826703303504,0.0129952812126046,0.0170465943818841,0.00449806756055463,0.00995810816082166,0.0138950266524317,0.00418772969727144,0.00729877753050716,0.00904729010495494,0.00742078760527073
765,2017-11-28,0.00538625258832265,0.00523951000164592,0.0114133928310253,0.0101939567482078,0.0035863992100583,0.0147387240998726,0.014037142897945,0.00706927151828837,0.0237307165030274,0.0156216557350118,0.0146686589859462,0.0132300343773827,0.0170896948416538,0.00462400180235721,0.00993776128985288,0.0140173355487711,0.00419026791374252,0.00747339247452862,0.00902773288648022,0.00746375083564627
766,2017-11-29,0.00552638299557901,0.00534076198967079,0.0113935542821033,0.0101425317333548,0.00362380462547937,0.0148190659281238,0.0138906954912053,0.00705661153844435,0.0238921520185675,0.0155601654436379,0.0147979908933536,0.0131874155103959,0.0163879001628353,0.00474233131870871,0.00986232350165853,0.0140746675999708,0.00405215547749897,0.00764498663717208,0.00900777651541512,0.00745596507576031
767,2017-11-30,0.00552764863802302,0.00539175835884777,0.0116592353645422,0.0101391024605525,0.00360561155756483,0.0149089104447737,0.0137557938036286,0.00705682247668778,0.0238662018543244,0.0154793564794344,0.0149048914896066,0.0131303071471811,0.0162586324819873,0.00474042047076326,0.00982003830023248,0.0139031949663338,0.00398904166877558,0.0075676495853262,0.00945916156000788,0.00753326045636487
768,2017-12-01,0.00553496724187809,0.0054356735369979,0.0118585431852296,0.0101844590854792,0.00360142449251959,0.0150390784857471,0.0137065485891163,0.00707999668603346,0.0236558479280187,0.0154703151574115,0.0149368057187222,0.0131311314213401,0.0162755882293378,0.00475726172631026,0.00988153472270154,0.0139024073831884,0.00390076912958911,0.00752227927087817,0.00952398747018859,0.00751313034961338
769,2017-12-04,0.00558288968657201,0.00540804620204953,0.0120008583698377,0.0101447293638795,0.00355681385696638,0.0146898750539919,0.0133446477877695,0.00712465986964041,0.0236593656083755,0.0147240101044194,0.0148589495448551,0.0127111412638437,0.0159082053216271,0.00477193419169329,0.0098038238565608,0.013592917035879,0.00389578614435388,0.00748210842502773,0.0099130453242748,0.00760777482591614
770,2017-12-05,0.00571861831947814,0.00540752998154241,0.0120528460994395,0.010336485830227,0.00362162078383347,0.0148314725335023,0.0134275339061886,0.00713637077625026,0.024117481152768,0.0147965465311622,0.0153472513299963,0.0130499780927674,0.0159832253148555,0.00480036194013247,0.0097905539185614,0.0134103579267483,0.00396183832707135,0.00749704674942965,0.0103257446414736,0.00768901401426221
771,2017-12-06,0.00578563683170549,0.00541645690039297,0.0121311172417054,0.0103539470888146,0.00392160020357532,0.0155425143433309,0.0127686222991893,0.00725484057919215,0.0243044397156456,0.0146153112610386,0.0150697187747253,0.0128989094549891,0.0147921991848238,0.0047909619647168,0.00969649464956235,0.0135304853261548,0.00382319119151014,0.00699650339653872,0.0102982156485373,0.00768907048472693
772,2017-12-07,0.0057726282863449,0.00553639440129746,0.0123820310145825,0.0105386456531794,0.0041319424974028,0.0162190948108663,0.0128889385583246,0.00718158016513098,0.0243750077504419,0.0146771591540768,0.0151454816455428,0.0130029275838814,0.0153778726613047,0.00479373927087536,0.00906122097298423,0.0138084015809651,0.00371159196187418,0.00655422260836478,0.0104266647161703,0.00759777448237294
773,2017-12-08,0.00575888314189363,0.00557337175761602,0.0118125417982231,0.0105580511550924,0.00418594867696259,0.0160654535770374,0.012834151828867,0.00705243799169678,0.0244632711255111,0.0143792016466272,0.0152395025016467,0.0130832520175543,0.0154253335916844,0.0047906310005051,0.00856569992533929,0.0140578479755996,0.00371514471052933,0.00654163264198104,0.0103944578059105,0.0078093612285023
774,2017-12-11,0.00577888907787633,0.0055857842185682,0.0116529668152816,0.010536809906982,0.00421229565013393,0.0160491402133355,0.0128915001625038,0.0070659279048602,0.0245767221495875,0.0144520710981723,0.0151153715711777,0.0132173852559265,0.0154224044833525,0.00479083944377568,0.00859834022031525,0.0141521916992192,0.00372063684226676,0.00664287600567165,0.0104198744788821,0.00807624470481189
775,2017-12-12,0.00579014890203453,0.00569360711005836,0.0117490356683299,0.0105376853560244,0.004217113633864,0.0164997286482521,0.0127595653604626,0.0068892388552815,0.0244843370130114,0.0142011056321371,0.0148613323724794,0.013084631725138,0.0153110074672124,0.00475075739621438,0.00860795626876299,0.0142651535627187,0.00382882368289203,0.00653955715373947,0.0104543801249637,0.00808935993153318
776,2017-12-13,0.00578797695786023,0.00569002435592493,0.0118174734736343,0.010573968746658,0.00428031716730657,0.0164551431657001,0.0127645045057983,0.00688713558876428,0.0246429029746066,0.0141576363452839,0.0149635151030813,0.0131890480788344,0.0153100029365628,0.00474654098988554,0.00855809149285049,0.0143244863003913,0.00382458288326018,0.00649741368282767,0.0102238939356477,0.00824267600978926
777,2017-12-14,0.00589674388883623,0.00576090757258853,0.0117968790493142,0.0103778159551505,0.00429065919053221,0.0164876997355261,0.0127356222677717,0.00678437924789836,0.0246431593579812,0.0140067943287084,0.0147671791307019,0.0130408899582123,0.0150136139621104,0.00474488823601229,0.00850361016270638,0.014302191164521,0.00383513291112323,0.00652595087201261,0.0102241283897082,0.00816911972700751
778,2017-12-15,0.00593962684750125,0.00577517394754686,0.0125351588548422,0.0107874999776853,0.00432668212673481,0.016554234008287,0.0127450209924023,0.00678153924254722,0.0245199399287722,0.0140507413256383,0.0148175056591359,0.0129656666174406,0.0150976990963895,0.00473174172343834,0.00855848787303055,0.0143839281089635,0.0037847486420044,0.00659545315975244,0.010422057116701,0.00810953611405431
779,2017-12-18,0.00592648777192731,0.00576804267890089,0.0126344688374869,0.0110055557437774,0.0046448243428172,0.0164409437444258,0.0129335473714018,0.00677938733115062,0.024837786743311,0.0141433630157569,0.0149485140857114,0.0130187639171256,0.0160624079055259,0.0047212583417175,0.00856522173756888,0.0143892454522145,0.00377823903814868,0.00674512984509862,0.0104257134362541,0.00832218848859069
780,2017-12-19,0.00595246674167978,0.00578076806912559,0.0125658892246692,0.0110671644883218,0.00468935919628546,0.0163141603982474,0.0127239266157419,0.00673123768140023,0.0246489306480457,0.0141814819060226,0.0146310502250231,0.0129907704364292,0.0159377079641984,0.00470083561881342,0.00856493863978171,0.0144806298004724,0.00376050902879623,0.00670105719063001,0.0104246909607301,0.00857772283838583
781,2017-12-20,0.0059502766477141,0.00584052175207023,0.0125145140052668,0.0109712115054625,0.00485161767823374,0.0159258179093065,0.0121105429334679,0.00644655391197419,0.0238453141600332,0.0116466440875523,0.0138025460232343,0.0123852843347555,0.0152179148283693,0.00469396427892434,0.0085397896908323,0.0142135140175499,0.00377216929389067,0.00658668934732129,0.0104692970579871,0.00864545771882245
782,2017-12-21,0.00606279200881412,0.00583755160867312,0.0125054891772458,0.0112149458181502,0.00487773507867082,0.0158346323338912,0.0121106390303527,0.00641572990520875,0.0238076604947328,0.0116986476492018,0.0139186513888333,0.0125718353997531,0.0152423794538536,0.00471214820154493,0.00846691616741731,0.0144984023738394,0.00380985079234185,0.0066722971980134,0.0105213736083874,0.00886491534172059
783,2017-12-22,0.00610890257742427,0.00601937802718033,0.012500431439559,0.0113170674060608,0.00473635029287047,0.0158334813031488,0.0120723163573716,0.00638854255551413,0.0236669044148072,0.0117837977716048,0.0139100144983052,0.0125652631824339,0.0151806143107928,0.00471525051452694,0.00847013749065498,0.0145996134700428,0.00377915348158531,0.00674776390991284,0.0105213596893777,0.0090504518217987
784,2017-12-25,0.00610307150781417,0.00599795187077532,0.0125098904377687,0.0110581834174334,0.00473934429771122,0.0159198048292636,0.0119593961574827,0.0063870837528042,0.0236623738651785,0.0118168228387908,0.0137902896594469,0.0126688730530059,0.0151418921820403,0.00466539957677341,0.00854766119869885,0.014724706241505,0.00433561803660615,0.00676804971265389,0.0104514708538908,0.00930498430523313
785,2017-12-26,0.00616992426851924,0.00606861327440172,0.0125285809495048,0.0111125041042731,0.00464939432703819,0.0158468295846454,0.0116822227714034,0.0061561683303848,0.0231684651244142,0.0112135572971032,0.0136605723807642,0.0124293245709621,0.0150907099961844,0.00468507902484281,0.00854803884087395,0.0147137530571444,0.00435410597526404,0.00665037575752933,0.0101031204133949,0.00928105100584893
786,2017-12-27,0.00621720979202522,0.00632554373082088,0.0125369793379067,0.011159474017312,0.00465617474214517,0.0159161864472317,0.0116007779691274,0.00593339412730552,0.0231130403898642,0.0109425607610906,0.0136312704010125,0.0123232224801568,0.0151147548351631,0.00468530033650091,0.00854743134482343,0.0149145495173052,0.00433998330180058,0.00666867749854655,0.0101005625205957,0.00934326024888213
787,2017-12-28,0.00622234795743782,0.00626943653124863,0.0125501365417508,0.0111782133185671,0.00462195146132063,0.015909859412205,0.0114713494541859,0.00572834347076874,0.0218620905669143,0.0104809972217014,0.0139638083983257,0.0120494933876333,0.0151031306116956,0.00468109470508692,0.00868423974108824,0.0149857659103776,0.00436319492527725,0.0069835303231384,0.0102607917217829,0.00932184512890398
788,2017-12-29,0.00622199997374824,0.00626853261165886,0.0125470144148752,0.0112100378309361,0.00462499883173481,0.0160117893245024,0.011459171331457,0.00574322828504601,0.0218622192590288,0.0105781592483351,0.0138463665373164,0.0120014689996481,0.0150582234141575,0.00470329919503027,0.00867776449179239,0.0150388448217085,0.00436320911038096,0.00701065921992366,0.0102302311247271,0.00930785987431247
789,2018-01-02,0.00706200468228509,0.00626849169673804,0.0134658212912593,0.0127415056819038,0.00457196405632298,0.0165188436950969,0.01197845838769,0.00582010237886421,0.0219910713192201,0.0106277011096051,0.0142930630803958,0.01208958107887,0.0155469241369415,0.0046893341931574,0.00871211691988844,0.015262830452287,0.00430846933560783,0.00751807362910726,0.0104505636214091,0.0103373055722272
790,2018-01-03,0.00713802176670368,0.00629241837305553,0.0133589031403273,0.012722570631203,0.00499105739366019,0.0165124180157102,0.0119136056825137,0.00570261863650061,0.0218314164942736,0.0104250949341507,0.0142156736607442,0.0121595359415302,0.0155295663729777,0.00469489358911446,0.00870108358366669,0.0152729482079299,0.00431753790619475,0.0076064754538152,0.01060875075647,0.0103312028679095
791,2018-01-04,0.00851765047843659,0.00690648692336646,0.013359704830275,0.0128115578889827,0.00498869120825554,0.0165990816844957,0.011914965440918,0.00574165083404165,0.0219846276141378,0.0104574329759442,0.014278950242244,0.0121581967710682,0.0155577067154261,0.00465153699262439,0.00879517015266543,0.0153697719238375,0.00431896933162967,0.00759685467003445,0.0105277974856629,0.0103887087447136
792,2018-01-05,0.00861858034028373,0.00696964137466549,0.0133707621925157,0.0127899238949898,0.00499258901556507,0.0165950578172697,0.0119966608996383,0.0056898909129373,0.0220050293890675,0.0105652642400716,0.0145312907010987,0.0121907382321647,0.0155907336627516,0.00470716286276456,0.00879816873253082,0.0157635618439062,0.00430976877233196,0.00759538644867129,0.0105590749088096,0.0103569564328509
793,2018-01-08,0.00860914340304264,0.00698998806523114,0.0135862323249685,0.0138387169520019,0.00499527267491718,0.0177644312455891,0.012298240913701,0.00573252583554554,0.0218547208737385,0.0102375512419898,0.0153129547735763,0.012199574684947,0.0158626776626871,0.00470899878575692,0.00929303599909035,0.0160115024781653,0.00438533036802975,0.00776736085154116,0.0105631338325597,0.0103625511555607
794,2018-01-09,0.00859066229493644,0.00697836754128203,0.0136046290080621,0.0138218184472572,0.0049837399833569,0.0177702773630047,0.0122902189429498,0.00561648039110037,0.021818420095117,0.0099872660906099,0.0153532161858305,0.0120357725014052,0.0158574625250942,0.00546102328661191,0.00923723810059514,0.0166952933342037,0.00434455393221717,0.00791883423177767,0.0108488931189689,0.0103838802651012
795,2018-01-10,0.00877193524644032,0.00736844650024229,0.0136131623903016,0.0137440848929382,0.00499656380732763,0.0177304994747083,0.0122629897902803,0.00552735335556318,0.0215472608558647,0.0100460246894635,0.0153687173945921,0.0120532450011971,0.0158335158055619,0.00581022105968584,0.00922491922859997,0.0168482874927028,0.00444664878058524,0.00804568386160053,0.0108758579809744,0.0103395834800643
796,2018-01-11,0.0087767421781461,0.00737027909943607,0.014022824220272,0.0156039598852457,0.00521309549289322,0.0177508798364114,0.0122849789981567,0.00556382301389556,0.0215060494502948,0.0100886906610673,0.0154953095168519,0.0120191578630884,0.0161987901464241,0.00600354332125106,0.00923021685492492,0.0173657620864686,0.00448435969059278,0.00809144543995272,0.010935675334777,0.0104022926500786
797,2018-01-12,0.00877582822643583,0.00737604733184918,0.0142155039220496,0.0155890273522121,0.00524548974770634,0.0179299782325399,0.0123320996659538,0.00542102799076914,0.0215468992799578,0.0101707772214053,0.0153779833868451,0.0120131895792446,0.0161808986846595,0.00628809069661109,0.00925026549395494,0.0166023622277902,0.0045249246504407,0.00811083252154329,0.0112875939893363,0.0104301564885346
798,2018-01-15,0.00892583961106275,0.00739709906078761,0.0144076259998965,0.0157655890110498,0.0054176871908784,0.0180326600914673,0.0120941411170847,0.00660661434196761,0.021376494803953,0.00977013463583993,0.0161357535630067,0.0122571248283961,0.0172608056708712,0.00630278022679687,0.00953691082787088,0.016507986627636,0.00487897362987377,0.00813878185328121,0.011262885282572,0.0106453407161119
799,2018-01-16,0.00905398693831964,0.00762357292523928,0.0143295863256662,0.0158885310103925,0.00544030967580556,0.0180335333102478,0.0118360339039963,0.00664499300884189,0.0212230812996731,0.00838046555450569,0.0161507300442777,0.0121487213501851,0.0170093519767275,0.00659467416317777,0.00955166216097379,0.016520529878858,0.00490782265114737,0.00814353590508315,0.0114313176792876,0.0106113376194637
800,2018-01-17,0.00907182617184467,0.00753601421769482,0.0143409292838192,0.0159042780046262,0.0054176864745298,0.0178759550247849,0.0116502103586554,0.00678480644613542,0.0212432512204525,0.00775341467258267,0.0162313594066522,0.0119568541930371,0.0168589235980472,0.00676617987700654,0.00955592159519626,0.0165288765862438,0.00490961715923774,0.0081256285259751,0.0113317507292728,0.010763729827827
801,2018-01-18,0.00902168356273903,0.00785477614455727,0.0143947041581555,0.0163224995248228,0.00541977370565242,0.0183874569255217,0.0116687503747287,0.00668560027835386,0.0207677973368821,0.00781203602102174,0.0161421394530547,0.0120829965008617,0.0169126901500205,0.00716246601065685,0.00960651890723716,0.01672805743992,0.00471738481063533,0.00816545942075345,0.0114674171176079,0.0108608033407927
802,2018-01-19,0.00901487807488649,0.00808776910990387,0.0144002031915708,0.016762144437172,0.005411378805352,0.0185912411963591,0.0116277279265005,0.00666021012628485,0.0208045332829125,0.00747372246808978,0.0163536295738784,0.0120567186202068,0.0169362501881387,0.00729536321138795,0.00962836977913118,0.0169292675640138,0.0046852404817947,0.00816565345183366,0.011499199323359,0.0109482807892213
803,2018-01-22,0.00908293446041456,0.00818732336763776,0.0141866333634496,0.0170247150158442,0.00541929341962093,0.018641850911444,0.0116984635304983,0.00669683639974704,0.020813331688141,0.00757869309690944,0.0164338027361506,0.0121886335082008,0.0172279464124536,0.00772179536593162,0.0096390504588674,0.0169753054643288,0.00466344110870914,0.00815810115104495,0.0114967222311365,0.0110081597797873
804,2018-01-23,0.00912118609262541,0.0082376713820887,0.014175542333778,0.0171416399610279,0.00543149141411149,0.0186194920958749,0.0116980415512892,0.00667947325253928,0.020815289268708,0.00768894754269306,0.0165708934378698,0.012139556365964,0.0172159345382882,0.00793311150879385,0.00967625483711601,0.0171613617754601,0.00458103677355191,0.00814629187592127,0.0116054985958806,0.0110153858229974
805,2018-01-24,0.00940841313045853,0.00874313066708666,0.014073853615331,0.0171252787157214,0.00543228930183986,0.01846593034012,0.0117030052342137,0.00670242730091229,0.0206593820421012,0.00775813437338106,0.0168176972425702,0.0120671588738288,0.0173469674930023,0.00799176224027399,0.00970395812231439,0.0169131240135916,0.0044875152414211,0.00823680503203085,0.01162950072123,0.0109204252572546
806,2018-01-25,0.00941654198430296,0.00874616226042681,0.0140772451986349,0.0172977153506104,0.00544144481713273,0.0185511386901306,0.0118372120330252,0.00672333064028667,0.0206015767815183,0.00765431499419138,0.0167633578238357,0.0121132373548127,0.0174524687816656,0.00817242445468209,0.00989348794365487,0.0170766598930205,0.00444609729783005,0.00808194546864279,0.0124298065016396,0.0109595068332316
807,2018-01-26,0.00945264109778332,0.00878435080673297,0.0140715188339938,0.0173222880113979,0.00540690613871108,0.018452287039323,0.0113349016254748,0.00674772052269744,0.0201996896180521,0.00642523945455631,0.0168162539321575,0.011663284241587,0.0170565457634284,0.00835600234967614,0.00989554591446134,0.017054530068058,0.00445588815701125,0.00798731582383196,0.0122539271241155,0.0109508277573628
808,2018-01-29,0.00942926878893635,0.00878729737922456,0.0146059465971912,0.0175158021096025,0.00553760431157019,0.0186105910982873,0.0116656125108128,0.00674829659935243,0.0201547838413553,0.00649268237027581,0.016807967294926,0.0117680916063438,0.0171982398047435,0.00852423626044355,0.0100699347829834,0.0171902535637426,0.00474907491646657,0.00806965783512764,0.0123226003377939,0.011545592074965
809,2018-01-30,0.00966179505270905,0.00925865480862827,0.0146071319756838,0.0172120233564518,0.00552802851583541,0.0188456735872859,0.0116761348120649,0.00674871386723064,0.0201283424467048,0.00660346369448396,0.0170309432476075,0.011768989622315,0.01723414218113,0.00890754298190014,0.0101591102279005,0.0171943088541333,0.00478866117157815,0.00810796805327284,0.0124107214616504,0.0114575173878678
810,2018-01-31,0.00968283207072612,0.00932847235136269,0.0145001553906782,0.0174353941957851,0.00698272367468817,0.0188346475871655,0.0117835891037668,0.00702243644752291,0.0206777075077915,0.00629874015024398,0.0173826073732091,0.0119223623300902,0.0172013932023512,0.0089235097078959,0.010292621962318,0.0171915154457826,0.00497883777614078,0.00815963947428012,0.0123696297913525,0.011687355286568
811,2018-02-01,0.0096782296384442,0.00934109133466645,0.0145700079717014,0.0171920165197054,0.00777339700457808,0.0188378945305897,0.012353520684945,0.00753283496268256,0.0201172275013994,0.00430025708964441,0.0181580662280808,0.011644149755562,0.017047382279524,0.00884725624527946,0.0103777840932999,0.0173424268181284,0.00507403134238369,0.00953691049926378,0.013448229705865,0.0118748794291451
812,2018-02-02,0.00989743219526701,0.00943917903488087,0.0154095872686975,0.0179161104561683,0.00781091035782792,0.0207237660743567,0.0126483938698736,0.00751320377850948,0.0202536447926564,0.00435388919011176,0.0189715036503771,0.0119684292410364,0.0180257749642122,0.00882954252026998,0.0106654996901003,0.0174145367982938,0.00524001773257358,0.00981320707804956,0.0134416053135221,0.0118990748697435
813,2018-02-05,0.00990017394487394,0.00946778797366013,0.0155511194630325,0.0179088288068333,0.00797968837946599,0.0206486933582112,0.0125920459003279,0.00753119411336406,0.0201043611561695,0.00440881389264732,0.0191117617244187,0.011881438660797,0.0180366151388835,0.00878360029462228,0.0106597344210007,0.0174999168886769,0.00510066298798996,0.00987243042016107,0.0135368262777067,0.0119400796341671
814,2018-02-06,0.0119614245530561,0.00985663275208229,0.0154278259846585,0.0183570864051383,0.00821666606905274,0.0217958451410985,0.0134522699556069,0.00829890883388155,0.0219126107342901,0.00399278463815251,0.0208696797840623,0.0124451130165983,0.0187662721429529,0.00873087789753992,0.0107648828752794,0.0175149494056956,0.0052399800474423,0.00998860196847838,0.013656652685934,0.0127904286133283
815,2018-02-07,0.0128091585225299,0.0104286081896469,0.015606051979032,0.0196431906513865,0.00831081312519078,0.0219839197877099,0.0135537719316437,0.00847414925466703,0.0219932330011717,0.00394393501633121,0.0214181003421107,0.0124446782472437,0.0195940390264147,0.00899790985187721,0.0106575712790893,0.0175216395128022,0.0052417560573018,0.0103215146108384,0.0136692873288384,0.0131323003744365
816,2018-02-08,0.0134756991569857,0.0122433787470149,0.0163366018724164,0.0202705450240855,0.00828024259005921,0.0227035947074588,0.0140957417235788,0.00847511613243555,0.0219825039127004,0.00344192296882428,0.0222196118902538,0.0124155431496355,0.0205009895057857,0.00895078867441351,0.0106557921161513,0.0176109195227496,0.00526935398491416,0.0121916952351009,0.0159837576739617,0.0132539943017702
817,2018-02-09,0.0148434955294748,0.0137656811247934,0.0169469973408254,0.0210957841841829,0.00907414398115786,0.0231547538314574,0.0176010613449157,0.00914081371381905,0.0230562249511927,0.00350347204531367,0.0248077004859564,0.0136662386720852,0.0226624040114817,0.00934182875671104,0.0111111583842799,0.0176848428384792,0.00721421719057661,0.0138485938296965,0.0179147262196735,0.0135276166701379
818,2018-02-12,0.0148178334956347,0.0137739603265851,0.0167027820547555,0.0210876393610647,0.00906965078994847,0.0230547086660712,0.0176050054714641,0.00921202794148362,0.0234499733852748,0.0026917399816051,0.024788828372627,0.0137056466334524,0.0226469643258686,0.00948750028092991,0.011209665551078,0.0177623217282303,0.00720050562040279,0.0138577694011047,0.0179795630224781,0.0137037369418352
819,2018-02-13,0.0146287666160063,0.0137080509016704,0.0167321918224054,0.0210516178173338,0.0090642874828322,0.0231225998858875,0.0175955689016106,0.00915825190542025,0.0228375939155824,0.00152181664640099,0.0247472394640522,0.013700591041515,0.0226337212894296,0.00930378841152633,0.0112004133107805,0.0178869940602242,0.0072018062954408,0.0137844341872182,0.0179336640389451,0.0136404484887557
820,2018-02-14,0.0145843465275598,0.0137110229928513,0.0168157342397078,0.021115559930322,0.00909674012229296,0.023277687662666,0.0175710914672433,0.0091262619910811,0.022924405427565,0.00155188286507087,0.0248728086049529,0.0138132540755856,0.0227444273264371,0.00934212226182246,0.0110309499632236,0.017937249278897,0.00715985672343038,0.0137982643382078,0.0179408821722137,0.0136097058941719
821,2018-02-22,0.01465743428787,0.0136919756020954,0.0168836485029184,0.0210925561389476,0.00923901670461758,0.0234854846857855,0.0177478336610707,0.00930597415372624,0.0222380109449568,0.00158714706127619,0.0248011688367343,0.0137614204294301,0.0228459813419831,0.00938060094304941,0.010990871923371,0.0177893446357326,0.00722172794673202,0.0137970362430547,0.0178884340011591,0.0135227214762192
822,2018-02-23,0.0146587962107286,0.0137426689874127,0.0168344826116469,0.0211955689152489,0.00923956962039344,0.0235309035846912,0.0176001324398033,0.00929166748433934,0.0222595768941,0.00162459252809834,0.0246481383196932,0.013776823590852,0.0230337255022178,0.00959434991248576,0.0104549800948602,0.0178057639510552,0.00721500322914122,0.0138113192222534,0.0178883209977856,0.0135210024447376
823,2018-02-26,0.0146946928692385,0.0137371341481288,0.0169027494527811,0.0212104422401571,0.00926516042872962,0.0237158503601746,0.0176310337148615,0.0092332385058654,0.0222609042942774,0.00163492662184684,0.0246900470353601,0.0138394905041234,0.0230437284728595,0.009823107367337,0.0105098342402632,0.0179066587267352,0.00724320390970903,0.0138796918141068,0.0178107286247617,0.0135238986121906
824,2018-02-27,0.01447267477544,0.0136790086914531,0.0170849245602487,0.0217566813443552,0.00926303687175851,0.0238886225317817,0.0181894012913689,0.00942269860740982,0.0225790528658079,0.025295439921962,0.0256117353003009,0.0139016048665926,0.0242401963383712,0.00991527014535154,0.0103523843850196,0.0179654113854609,0.00725031448476604,0.0138513844928463,0.0178805809191608,0.0135489204612634
825,2018-02-28,0.0145199628573175,0.0139382596123218,0.0170489140594723,0.0217521651872247,0.00928960128698603,0.0238650568856573,0.0182119127413323,0.00942290032987339,0.0224854693922101,0.0345757521030656,0.025602545923151,0.0138616888172531,0.0243070708970552,0.00995980333208053,0.0103784353282058,0.0180582912006523,0.00724562740761308,0.0138483053752066,0.0180541080533957,0.0130973745657719
826,2018-03-01,0.0145262131301383,0.0139306649907676,0.0170357737147424,0.0217597548278102,0.0092905410149372,0.0238374707928999,0.0180926081991239,0.0094083293236669,0.0219479366222522,0.0397794338611823,0.0252501400246557,0.0138533769679186,0.0239866230519589,0.0101344165755195,0.0103061388383701,0.0180325222630227,0.00723644760281909,0.0138380059098922,0.01804037479206,0.0131335602467785
827,2018-03-02,0.0145938104717376,0.0139220249943081,0.0170540598372173,0.0218242919816722,0.00927008967986886,0.0240781376978244,0.0181862795848618,0.00942253027772336,0.0221058608059339,0.0423951660759843,0.025570642547567,0.0139420891113395,0.0241479825723685,0.010192548234095,0.010170225747985,0.0179274634170992,0.0072366474457069,0.0139632839503256,0.0179640317650011,0.0131111545136576
828,2018-03-05,0.0145916221759457,0.0138582201883221,0.0169291556283922,0.0226815740122194,0.00930049071276392,0.0238964943976663,0.0179503047416464,0.00945902744887368,0.0217681787081944,0.0453696704667044,0.0254192149628826,0.0136914393489502,0.0245514143434382,0.0101919671709199,0.0101664511494621,0.0176684257300789,0.00721056560386916,0.0138457362243569,0.0180017641024229,0.0135266770249355
829,2018-03-06,0.0145512314619728,0.0138569063253629,0.016952921821827,0.0228515968309777,0.00939437582355439,0.0239729479182567,0.0181763061303103,0.00955688863779566,0.0217385060967158,0.0454950714232742,0.025310263445356,0.0138120928691495,0.0248159919899954,0.010458167730808,0.010241075502631,0.0170540627917534,0.00729797578350397,0.013706146840749,0.0179596504183549,0.0135749711741086
830,2018-03-07,0.0146781009575287,0.0140072895104329,0.0168810756190874,0.023149885203406,0.00942266407850803,0.0240613680066036,0.018477010592829,0.00966664349565526,0.0218656133086764,0.0471426630918291,0.0253828389159623,0.0139086203372997,0.0254991505337061,0.0104422046255758,0.0102600586514145,0.016940207680216,0.00740446391550989,0.013675185394071,0.0176998474173231,0.0134890825562535
831,2018-03-08,0.0146787329103906,0.0140459126414004,0.0167495996725131,0.0231357735914837,0.00957161559322752,0.024002212171452,0.0184976003877936,0.00972883179814936,0.0218664849089169,0.0484513668222185,0.0252091232118674,0.0138862614725518,0.0254768086201448,0.011130898848895,0.0100778806212507,0.0169098203281393,0.0075552933157858,0.0138322445274873,0.0176981164803742,0.0135072989717234
832,2018-03-09,0.0146786682278107,0.0140807622352249,0.0167226745862761,0.0231333373479171,0.00958848197112018,0.0240682545682717,0.0185062767725876,0.00965840375871762,0.0218667905102732,0.0491524710860771,0.0249611513149277,0.0139007768402495,0.0254948524061419,0.0111338882478272,0.0100694178872118,0.0167241899195002,0.00755554557449794,0.0138290229421148,0.0175280889217521,0.0134886919886917
833,2018-03-12,0.0146180130831004,0.0140732705633483,0.0167340661534536,0.0232717126726061,0.00958532976773738,0.0240898402292834,0.0184919422062182,0.00965537532773357,0.021351450994389,0.0491642399729483,0.024872138406857,0.0134075961199164,0.0255084131687189,0.01103265495014,0.00997360968077837,0.0167158152240274,0.00755235256725023,0.0138406510962657,0.0173364516419019,0.0135195463877478
834,2018-03-13,0.0147173270168618,0.0141195890747767,0.0166477992733015,0.023213447105067,0.00950356623638839,0.0234991406649867,0.0184285646438641,0.00955879895351355,0.0212287394482624,0.0474894101925242,0.0249734682832034,0.0134465223518359,0.0254030658673582,0.0110072115824485,0.0100146594799696,0.0168355745061539,0.00764547848008561,0.0138394316745394,0.0172622463195087,0.0135065960861009
835,2018-03-14,0.0147349638491564,0.0141039971358255,0.0166522946205023,0.0231311895312159,0.009432871498902,0.0230858035708535,0.01834047285459,0.00951745971752202,0.0210831737819382,0.0450760229421298,0.0249888179335237,0.0132589131564245,0.0251194821245957,0.0110112052310614,0.00984417643659426,0.0169485202971184,0.00764684935716285,0.0138567691544935,0.0169809240192447,0.0135140280319654
836,2018-03-15,0.0147796231634144,0.014168678419516,0.016663353016183,0.0230811082464598,0.00940562256202713,0.0230965401694114,0.0182704268094869,0.00947941128300705,0.0209059126012534,0.0417317718365474,0.0246724193394144,0.0131974349667846,0.0251125386095936,0.0110263185484875,0.0097215924593254,0.0170376975393812,0.00765915777670354,0.0138470247515133,0.0169899420402779,0.0134052159045278
837,2018-03-16,0.0149117878973978,0.0142161364325227,0.0167338434384094,0.0233467188567876,0.00954123893880953,0.023119962011478,0.0182882206302944,0.00951798452748468,0.0207478244552707,0.0379620168160577,0.024745864146735,0.0131537891588521,0.0253659277146305,0.0110108920441668,0.00970838218746567,0.0171878235801849,0.00770601516315848,0.0137989921252536,0.016981930116715,0.0133146791364611
838,2018-03-19,0.0149114569930269,0.0142123574151315,0.0172939988936255,0.0242684317783735,0.00959176076422446,0.0230415526461569,0.0184204049948723,0.00961252402011971,0.0207781421710013,0.0332755233221101,0.0252093627814224,0.0130915126731472,0.0261543522589942,0.0109997119769814,0.00965960352300808,0.01681489103548,0.00776638101595572,0.0138295460195374,0.0169663403365387,0.0133707080125086
839,2018-03-20,0.0149141833589099,0.0146224459935612,0.0173053707688395,0.0244132661581559,0.00955061258271265,0.023041294876832,0.0184008382818461,0.00961106537476428,0.0206083405603609,0.0264434306774414,0.025012341758689,0.0130814646693731,0.0262233311505291,0.0111002125593049,0.00965347888792061,0.0169681606040306,0.00775179503014961,0.0138843842574823,0.0172010981681095,0.0132817215578091
840,2018-03-21,0.0149085481843017,0.0146690124457699,0.0172795715494012,0.0244142669345479,0.00956785417393052,0.0230175845553997,0.0184092108782884,0.00961701494754376,0.0206416874472075,0.0265230769563417,0.0250016376922989,0.0130819824542941,0.0262163477516068,0.0110995205046515,0.00956460603446216,0.0169144817369855,0.00777378391113227,0.0142858777872441,0.0176946650575744,0.0133245668933762
841,2018-03-22,0.0148995125709714,0.014643370417997,0.0167319823299944,0.0241962674464152,0.00957938832288122,0.0229166096712041,0.0184020090730949,0.00961755721931882,0.0206252661671913,0.0257798528080945,0.0250009034549606,0.0130885838588093,0.0261802191298535,0.0111008687286155,0.00947203649202196,0.0170763379007157,0.00790245651651382,0.0142998762988108,0.0176422718209736,0.0133623722353391
842,2018-03-23,0.0152402013969488,0.0146097216437177,0.0166446354267832,0.0243576189742917,0.0102328701397496,0.023466241016074,0.0186585882573082,0.0103246724055103,0.0213535811824843,0.0273786004353765,0.0248085364557916,0.0139936936389587,0.027214034589406,0.0111079972409783,0.00964851344553415,0.0169812781467188,0.00793346871184624,0.0148799833222953,0.0197949582214963,0.013233686596735
843,2018-03-26,0.015220848475643,0.0147358299846638,0.0172334487747755,0.0243707325784462,0.010184744580021,0.0236357526801192,0.0186583021688021,0.0103273024350876,0.0214292316394916,0.0273501271451733,0.0246918373564189,0.0141644447877932,0.0271684604099327,0.0111253078835757,0.00962733664188493,0.0171467353375641,0.00791284583988051,0.0148893617691965,0.0198424236199273,0.0130523404256005
844,2018-03-27,0.0152475196544185,0.014768055369039,0.0171784682775123,0.0243792765070073,0.0100476204259905,0.0234733298637839,0.0186955777164567,0.010501264849304,0.0217096083119283,0.0274796927866231,0.0250081673958268,0.0142967408870268,0.0273790207486899,0.0111516983662406,0.00945994002835059,0.0172644779458061,0.00791001436108205,0.0153505872239408,0.0201207084793175,0.013003917337374
845,2018-03-28,0.0153854582420202,0.0149763464154635,0.0171967409851993,0.0243254549311682,0.0100540307993045,0.0236685037199226,0.0188617405548731,0.0105037384207515,0.0217713237076929,0.0270873213962349,0.0248117604768809,0.0142201078273912,0.02745651345234,0.0111566373416532,0.00948153820769194,0.017390748773282,0.00796689193021029,0.0153677225145657,0.0201275610347956,0.0129012324065289
846,2018-03-29,0.0155727143467163,0.0149244383347852,0.0177106160480323,0.0246998816073022,0.0100486212734731,0.0238042493130945,0.0189864471267851,0.0106755576936839,0.0219785691748666,0.0264920571927236,0.0251393773141249,0.014434281637057,0.0279157926267099,0.0113110139930941,0.00950102152227422,0.0175745415907752,0.00798695203302097,0.0153714295550478,0.0201766764733945,0.0126987543816457
847,2018-03-30,0.0155854008737929,0.0149448744454057,0.017698076492563,0.0246945181227204,0.0101277241271369,0.0237230580718116,0.0189363445856037,0.0107093583367609,0.0219476420896865,0.0259412627135483,0.0251619203644013,0.0140226613501143,0.0278346464127108,0.011385092757248,0.00937764738070404,0.0177623288144613,0.00778712316217338,0.0153966791128491,0.0201351663793706,0.0124339475548691
848,2018-04-02,0.0155665849762343,0.0148752719529198,0.0176966227579118,0.0247444306465726,0.0102067360809424,0.0236876415590235,0.0189338549861338,0.0107019742360177,0.0219493685704294,0.0274972619298442,0.0250862954542826,0.0140026488516923,0.0277236895668705,0.0113390536640141,0.00937773257871925,0.0178532276315452,0.00780411919810745,0.0160757842305353,0.0206674774277319,0.0124657518573355
849,2018-04-03,0.0155881607464362,0.0148015494904063,0.0177283965731619,0.0256255048564807,0.0110342995814158,0.0236420446976117,0.0188716276632276,0.0108087462479056,0.0218532161791405,0.0282447778234039,0.0250642525902598,0.0140178291934038,0.0277600714425899,0.0114028351970005,0.00942256140587668,0.0180405182745156,0.0079390393581891,0.0161101252131385,0.0206857573533363,0.0124447405825894
850,2018-04-04,0.0155815831183694,0.0148746342360036,0.0177171077522103,0.0256556564567111,0.0110273681608552,0.0236951485902663,0.0188389090734802,0.0108891547480972,0.0214429074775587,0.0298471912959873,0.0245026846522256,0.0139994434734312,0.0277574676728962,0.0114036271877582,0.00930469024412799,0.018247076635203,0.00794145010496101,0.016014071238455,0.0206845972411396,0.0125160246172726
851,2018-04-09,0.0156760520545153,0.0148933119942206,0.0178139691321205,0.0256973479960722,0.0112706335798092,0.0236311688183954,0.0188391364322262,0.0108589100782518,0.0214636926472427,0.0318936799217839,0.0244891889167821,0.0139899805206348,0.0277708691582642,0.0113906066636011,0.00928526197421761,0.0184523557215146,0.00793948505541842,0.0160680525286511,0.0207129919301365,0.0125336729405815
852,2018-04-10,0.015372604672894,0.0149585620879094,0.0176252761284961,0.0252286523961052,0.0112420041393028,0.0233448806919472,0.0187172795696648,0.0108276871623498,0.0211458202864609,0.0337784403745633,0.0241451963211334,0.013927460501487,0.0276661293476037,0.0115661736619636,0.00930198549887056,0.0186194003481326,0.00793044733072072,0.0158441292595828,0.0206425403045454,0.0115180239732711
853,2018-04-11,0.0153439082392753,0.0149267529208246,0.0176293796003196,0.0252173064191515,0.0109833748992358,0.0233193908484825,0.0187225653319412,0.0107589098335497,0.0211596741031027,0.033315860208951,0.0243704942222761,0.0138675763766497,0.0276845614979975,0.0116098055688122,0.00928579295371773,0.0185713138694877,0.00803829222309063,0.0164377065092948,0.021285628790565,0.0114967276529259
854,2018-04-12,0.0144399226741217,0.0144797337131237,0.0176432005945973,0.0251790989495232,0.0110865544157375,0.0233021656835535,0.0187541734334259,0.0106833692399424,0.0209485766505159,0.0338465314478069,0.0241278402037691,0.0139859076714296,0.0277177496790755,0.0115866414122726,0.00923366647798848,0.0182100131119618,0.00802512333913286,0.0164457320387175,0.021344894817571,0.0113987552303905
855,2018-04-13,0.0143085311331358,0.0144438605245459,0.0176752952143084,0.025196801289209,0.0111322764057671,0.0233637919494469,0.0187353576752667,0.010687440957434,0.0209737795688562,0.0347748138874287,0.0242337153195278,0.0139644777738982,0.0277247326222346,0.0115419438330803,0.00925088210925224,0.0170413481843609,0.00810730992103163,0.0165862220981912,0.0215213568681433,0.0113903181756638
856,2018-04-16,0.0143241002100283,0.0143633863109635,0.0176358110821662,0.0248083183108962,0.0113151083347323,0.0225711562858074,0.0182808061054576,0.0107070538919949,0.0206582068346367,0.0347049325573621,0.0231814178436012,0.0138522665838662,0.0278741955998089,0.0115579126773277,0.00889216232767661,0.015980581184119,0.00814471368475629,0.0165066492564783,0.0215863523856382,0.0112825988028255
857,2018-04-17,0.0145902049797195,0.014313189189671,0.0176241617301716,0.0248351726891777,0.0114674773725664,0.0225755502793455,0.0182989921308557,0.0107073788751179,0.0213661509710683,0.0371425990381788,0.0231660628993807,0.0138870278967982,0.0280606832349625,0.0114094063907348,0.00890445279771464,0.012238805215036,0.00811476273505811,0.016455215052187,0.0215085223993985,0.0112927136581504
858,2018-04-18,0.0143663304493396,0.0138843044309016,0.0179117932582293,0.0250535980621385,0.0114593091393573,0.0227038635334522,0.0183748765948951,0.0107286733250394,0.0213604154839076,0.0380468640274154,0.0234434648209924,0.0138639829272938,0.0282855341010646,0.0113243986417847,0.0089067418564932,0.0102000771464169,0.00810196789604417,0.0164325797213965,0.0215137010080435,0.0114202503174564
859,2018-04-19,0.0146904140109497,0.0141821352763042,0.0179346594662686,0.024537457811351,0.0114524736483278,0.0230001692153663,0.0185542640311143,0.0108756324704996,0.021430086816844,0.038776041518686,0.0242704571003348,0.0138720479287609,0.028590938780857,0.0112817662431818,0.0089255624788727,0.00372916514819618,0.00811773175993561,0.0164976844552826,0.0214914966848696,0.0116003279122967
860,2018-04-20,0.0146807878851346,0.0141103755662122,0.0177919459666757,0.0244966386601129,0.0117441022335421,0.0228585043196216,0.0185027635388889,0.0108311979226601,0.0215459338964228,0.0390631386932616,0.0242126284844175,0.013959719372228,0.0288330514792613,0.0112248446254886,0.00889454028314214,0.00261263544489361,0.00837061766944034,0.016543749613864,0.0213987982110232,0.0115998403601715
861,2018-04-23,0.0144746219154416,0.014034762106209,0.0176779235164239,0.0244415899727662,0.0117386592075408,0.0228850982763853,0.0183100380427788,0.0103918437035069,0.0210910240916003,0.0390952612703755,0.0239815486921047,0.0134360967711012,0.0282357352337871,0.0112410180986425,0.00854489488343001,0.00262769170760713,0.00827304680605623,0.01780552513561,0.0227628186735221,0.0115284806629853
862,2018-04-24,0.0145255588036439,0.0141098648419888,0.0176785738045357,0.0244570933321616,0.0117373212406754,0.0229484615629567,0.0183510736474416,0.0104804032207855,0.0211953654303738,0.0386500545014377,0.024033919783863,0.0134259340240951,0.0284314527662839,0.0112214597590927,0.00856298593385687,0.00266203750185649,0.0083924240409523,0.0177928009735074,0.0226703859056843,0.0119342532693409
863,2018-04-25,0.0145626123245911,0.0141714454096601,0.0177406486408662,0.0244731155653434,0.0115650288341387,0.0229597431218469,0.0183495442177449,0.0104448917486278,0.0212161823702846,0.0383141419342112,0.0241070014467947,0.0134245509826213,0.0284876502980564,0.0111685863241403,0.00859547227345226,0.00269768394212756,0.00846736841939813,0.0177324543044526,0.0227120629259831,0.0119638221825882
864,2018-04-26,0.0146083986975614,0.0141326497490687,0.0177893715552942,0.0241892218598353,0.011677660535711,0.0223119622301158,0.0182895540751488,0.0104720862278313,0.0210812111899562,0.0388497079522489,0.0239850327567644,0.0134183174540245,0.0283930809206741,0.0110033681987078,0.0086246421578075,0.00273470572078795,0.00849180764763451,0.0177254198249668,0.0226409907923639,0.0119903511953578
865,2018-04-27,0.0145998588841387,0.013802644017248,0.01780263180031,0.0238978575658914,0.0116312643570585,0.0222090588700649,0.0182839575301173,0.0106403266432119,0.0210963849454113,0.0395081008198015,0.0240318546885084,0.0134047466859043,0.0283324571062306,0.0109563933800598,0.00859240063818526,0.00278182603272647,0.00847739018086025,0.0177605173010767,0.0226484190739307,0.0127572917790811
866,2018-05-02,0.0146123697815715,0.0139151536426522,0.0179520347214613,0.0237357951125874,0.0115622621459379,0.0225855298415774,0.0182021783174362,0.0108630922087776,0.0210385463881045,0.0398299448740475,0.0240391658709196,0.0133056494790904,0.0285849769006403,0.0107080302147682,0.00855128103745073,0.00239353500719915,0.00847804663193665,0.017763271123693,0.0226873625894061,0.0126130868131463
867,2018-05-03,0.0145482677235564,0.0138170474447742,0.0180098257525148,0.0236071849224364,0.0115971136126583,0.022620117483622,0.018211053366552,0.0108668590586618,0.0210415462310069,0.0397683868400975,0.0241682218565013,0.0133081809455257,0.0285420054587672,0.0105735066311153,0.00851627196346253,0.00243156980527986,0.0085308894620564,0.0177922589048014,0.0226398831717665,0.0126294607441152
868,2018-05-04,0.0141945134574563,0.0131952129583373,0.0180089491973726,0.0236223515829012,0.0115125427684723,0.0226393099233485,0.0182094273229304,0.0108243368632889,0.0210366915564464,0.0398876389624474,0.0243206489190845,0.013358135343417,0.0285573963327576,0.0105370523191278,0.00848673190398626,0.00247139421877923,0.00853948554673932,0.0178175009004757,0.0227001197993144,0.0127286243197859
869,2018-05-07,0.0145514847166284,0.0135322108305751,0.0181279749449211,0.023833608425394,0.0115936828574964,0.0226712451931355,0.0181775983364444,0.0110093484193218,0.0211923420111865,0.0397397906624631,0.024804437593457,0.0133734833723491,0.0283867685692092,0.0103691787273523,0.0083815687325423,0.00251314177010901,0.00853967896042093,0.0177424442713935,0.0221688364567328,0.0127119436271897
870,2018-05-08,0.0144648063271488,0.0133722885244048,0.0181380513842422,0.0237768692226764,0.0115359217939419,0.0226779842446572,0.0181807596985547,0.0110979945233288,0.0211901520825384,0.0394875698114809,0.0248491523407801,0.0134016145735766,0.0283897895115748,0.0102109033406077,0.00838777728039921,0.00255695795819955,0.00851763317616503,0.0177826821296311,0.0222740101947117,0.0127282351974529
871,2018-05-09,0.0145229491835585,0.0132984884272833,0.0177560908805953,0.0235355898559041,0.0112889025138283,0.0224930305262995,0.0178785732903699,0.0110972597562089,0.0210259218970925,0.0395583140771103,0.0249129804272709,0.013265333060166,0.0281968369894466,0.010053584518838,0.00816136084054524,0.00260300092930154,0.00828250507141798,0.0177554501479395,0.0222834292145109,0.0122004102467474
872,2018-05-10,0.0145682611288542,0.0131951013256963,0.0178650761797951,0.0235393722075647,0.0112351640744278,0.0224229924989573,0.0179388561028441,0.0111551905211995,0.0209659788424563,0.0400720784270402,0.0250518905762099,0.013263566740665,0.0281072572851333,0.00964527690533793,0.00807512136087326,0.00265144183433576,0.00822788724081198,0.017723948941529,0.0222715188811961,0.0121898948679408
873,2018-05-11,0.0145851816822959,0.0132094564050202,0.0179164930393616,0.0232430407483816,0.0107445013481873,0.0225173850354479,0.01795836177019,0.0110637679631649,0.0206130829546191,0.0402306294923188,0.0250448763559964,0.0131466269068595,0.0280818786847575,0.00957367220452919,0.00787691373156135,0.00270246460264911,0.00812510931709516,0.0177336033905698,0.0222834907432051,0.0120969370648206
874,2018-05-14,0.0145853749645362,0.0131012435023448,0.0178922308773117,0.0230974287920072,0.0104688844042835,0.0224768275010175,0.0176037424864701,0.0108573631727283,0.0204194060087864,0.0398395458985269,0.02464002855991,0.0131492336101211,0.0281214344712979,0.00954580274347889,0.00774821502831046,0.0027562646844101,0.00809822216849615,0.0170026128795759,0.0216826259319806,0.0119790660276171
875,2018-05-15,0.0143848471791905,0.0128568146431994,0.0171927203216916,0.0221110452689327,0.0104691737918898,0.0201928186096303,0.0172241297425181,0.0108790231826014,0.0201841211593272,0.0394671527868447,0.0238226291288096,0.0126708123290632,0.0271333113263667,0.00957959268060325,0.00738525925143847,0.00281304601613427,0.00803806476510029,0.0168205413765036,0.0216936659552054,0.0118836762068368
876,2018-05-16,0.0143403386754881,0.0129196727485984,0.0170684590087817,0.022156413198735,0.0104276044602446,0.0201155389437098,0.0172883624242831,0.0108583660806129,0.0201231520389346,0.0393803731151088,0.0237641388541488,0.0126628732816473,0.0270626260583785,0.00945967615115828,0.00741482627232395,0.00287301495665729,0.00802349146952218,0.0168388098187075,0.0216882677304923,0.0118542831435915
877,2018-05-17,0.0131184929170716,0.012834289854991,0.0170030240983928,0.0219765760636831,0.010340427625774,0.0190705592756216,0.0168517539951562,0.0100518027433997,0.0185408467209303,0.0390615591051085,0.0226137348775163,0.0122485571680056,0.0268325998137522,0.00933510332865588,0.00723463308096411,0.00175478685441046,0.00795784822162903,0.0167744116005235,0.0216177969756492,0.0111193625200609
878,2018-05-18,0.012663773384677,0.0132011863147694,0.0169613357338415,0.0216079374393532,0.0103411834253119,0.019038645101102,0.0169837189312225,0.00988438202723973,0.0185997276153326,0.0387794977160119,0.0227795545663917,0.0123384380706409,0.0268929902990688,0.00887861095986016,0.00723602155505444,0.00129240608781967,0.00793420910499993,0.0166881678848762,0.0217116200693863,0.0109532463469334
879,2018-05-21,0.012168639598679,0.0119668979689809,0.0161372474967107,0.0211507740487612,0.0106484103784228,0.01829928034798,0.01664908953808,0.0100435686687395,0.0187192725791215,0.0386646975729122,0.0221603950125936,0.0123660679337798,0.0264941996572792,0.0088156265889999,0.00728893861221769,0.00111164764886995,0.00820142328880235,0.015364799742412,0.0200336674220004,0.0111821040601024
880,2018-05-22,0.0106272202761228,0.0106061036100926,0.0153289386674938,0.0205252206113952,0.0102329337735032,0.0172826308013203,0.0130590212472254,0.00940070264126643,0.0170895825944921,0.0383817666134616,0.0193292536699368,0.0106702528018123,0.0248951342711358,0.00785422540866362,0.00637755088404207,0.000385039408572481,0.00662534099395845,0.0137288942122198,0.0182452278186834,0.0109414754486235
881,2018-05-23,0.0111721038259405,0.0117370040616446,0.0170886331936177,0.0216174402911379,0.0102400262230947,0.0183787915286969,0.0131506334679083,0.00938128790736215,0.0163398916640983,0.0380927978369962,0.0193420620945554,0.0107451169010202,0.0267399992051045,0.00746231770438979,0.00619002231089852,0.000395958444465565,0.00728165853360345,0.0137371111975094,0.0181160679986778,0.0107588500582561
882,2018-05-24,0.0111694937555719,0.011739498983649,0.0170811080264173,0.021606411496291,0.010269159098279,0.0183003196954579,0.0131424591169443,0.00942345999832279,0.0163468254901597,0.0377740303443134,0.0192911083520514,0.0107403282993338,0.0266377350700287,0.00774059450420611,0.00627327696484255,0.000407634073500717,0.00731838022612604,0.0137377996503248,0.0180524157730542,0.0108375640218785
883,2018-05-25,0.0111399129140545,0.0117363298983912,0.0169389332122381,0.021499233290048,0.0104837226774986,0.0180938475841051,0.0131487741534274,0.00942622812641643,0.0161741229455845,0.037620486868594,0.0191332817130413,0.0106032009376614,0.0264003614182425,0.00774895891073148,0.00614598967060912,0.000420246442849042,0.00732152944253318,0.0137688028166983,0.0180319477038922,0.0108263053133249
884,2018-05-28,0.0109222077844564,0.0117180242065886,0.0168966086726285,0.0214392967042069,0.0103727732694806,0.0177882882899027,0.0126952979364341,0.00942149984686978,0.0159412660030286,0.037328553298714,0.0191460902972849,0.0110425353013109,0.0261360790885588,0.00766480837189555,0.00598819582778398,0.0004337316246508,0.007861721825396,0.0140206669388492,0.0182549781876995,0.0108357122215942
885,2018-05-29,0.0108577521805734,0.0117742704982952,0.0169224094560817,0.0211886389091133,0.0103726251877581,0.017871060314141,0.0126473858496328,0.00941949850651208,0.0158276936944103,0.03702713082605,0.0191426168358085,0.0112283112991363,0.0257032404828058,0.00757420686192961,0.00590868790076556,0.000458065497500085,0.0078815156041613,0.0139889183698095,0.018267640777507,0.0114149796040771
886,2018-05-30,0.0110935722005108,0.0119823024179635,0.0178688221255811,0.0214281846594811,0.0102660532099973,0.0177557952509988,0.012839225645124,0.00961173947337552,0.0159733186756887,0.0365118848034326,0.0194079887399851,0.0119068013099752,0.0261983780388571,0.00744665927200675,0.00600756600514681,0.000475097583961142,0.0079230272503656,0.0152383013326405,0.0193623771513032,0.011411700112999
887,2018-05-31,0.0112545626085822,0.0126447271069128,0.0173568816534007,0.0212287384220255,0.0102431755023649,0.0173146294346217,0.0122028437714575,0.00961721459191342,0.016055152774368,0.0359286978493448,0.0181618460661906,0.0120637064048206,0.0258803780867466,0.00754287306384959,0.0059238389584053,0.00049629484324197,0.00816597766305716,0.0151578140300974,0.0191125014202529,0.0116151733509605
888,2018-06-01,0.0111963034675024,0.0124840258801043,0.0174964070130003,0.0212173632736425,0.010136934814286,0.0175418342410128,0.0122245253512975,0.00962597061041245,0.0160867170694077,0.0353326618632905,0.0181653155931312,0.0128756330406366,0.0258968842447755,0.00752046371407072,0.00587576013123542,0.000519365542432945,0.00814705377753015,0.0151633699651648,0.0188285819975212,0.0116045517425897
889,2018-06-04,0.011197680969181,0.0127965306631846,0.0177749446935621,0.0215024193758719,0.0101164503508128,0.0177408018085872,0.012251214775552,0.00967126880158249,0.0161132547100277,0.0349702689482195,0.01809422704842,0.0131389269243535,0.0258933332075663,0.00735850159154777,0.0058194183146814,0.000550482576169915,0.00831463366684455,0.0153147400380542,0.0188617236961135,0.0117327130854556
890,2018-06-05,0.0111724625338211,0.012804374978933,0.0175034556337713,0.0215345809818416,0.0101123382804224,0.0174270420741788,0.0121057247184349,0.0096278328921242,0.0160941984239149,0.0349465452779938,0.017475427879114,0.0136469627338537,0.0259561814769885,0.00736839154000659,0.00573632388867299,0.000233862709012503,0.00832088598891687,0.0153252112736055,0.0189218475039334,0.0117085320436861
891,2018-06-06,0.0111759776766134,0.0128067879783167,0.0175274871319676,0.0208828298762537,0.0101166811458886,0.0173167186745899,0.0119320012138249,0.0096080298470995,0.0160791449411626,0.0347692579789615,0.0170892852631533,0.0138856895119111,0.0257796816015981,0.007374389503436,0.0056739842616484,0.00021819020754073,0.0083181055047358,0.0154404066820441,0.019006214738248,0.0113050316265962
892,2018-06-07,0.0111511503439945,0.0129657472301266,0.0176102820337362,0.0207610252814331,0.0099224763087031,0.0170413575067184,0.0114827399429776,0.00953605328264379,0.0159203704868899,0.035164169206722,0.0168257471329105,0.0141947973289849,0.0254611698411016,0.00756809184718138,0.00557013468013465,0.000217641371679804,0.00942365690922344,0.0154380628807995,0.0190062143947594,0.0111151025735336
893,2018-06-08,0.0111042880599561,0.0128628029184583,0.0174761181843874,0.0204994936548809,0.00992878546043805,0.0168733155364476,0.0111886451138586,0.00950353642062826,0.015785942643922,0.0346066407207847,0.0161504192070751,0.0147525141690402,0.0250606160853962,0.0075144516099963,0.00547393959055679,0.000197822900595457,0.00958139418075494,0.0155282962832805,0.0190560450152342,0.0111298021949457
894,2018-06-11,0.0111457967006476,0.0129201870219645,0.0174748810411679,0.0205295837913032,0.00958069126101632,0.0169137109008273,0.0111679899391567,0.00942093706576647,0.0157878228887265,0.0340146106389234,0.016141497137177,0.0148895730202049,0.0250495261048656,0.0066151621314288,0.00547355306741166,0.000192448867667925,0.00942349839067736,0.0155675568871192,0.0191676574536809,0.0111770169645028
895,2018-06-12,0.0112746444214216,0.0129742277248127,0.0174981525141981,0.020749492786625,0.00969485867201018,0.0169525809906107,0.0111533330898806,0.00947709644985296,0.0158813360877124,0.0333167472165601,0.0161306221680986,0.0149241940214355,0.0254185650140861,0.0069990149254211,0.00547895228350604,0.000178210950441164,0.00947040802458235,0.0155536649943272,0.0191183939252518,0.0111636188753358
896,2018-06-13,0.0112685332769633,0.0129766375097282,0.0174813117385937,0.020447304639762,0.00957765974251378,0.0168671424415298,0.011096539512159,0.00944864514774516,0.015556657565586,0.0323299830583785,0.0161466950730126,0.0152031456300376,0.0253353570209986,0.00696461777079635,0.00544823963114151,0.00180637991870877,0.0095600863020108,0.015555558454555,0.0191360475900501,0.0109945950785195
897,2018-06-14,0.0111437324775859,0.0129519298989186,0.017510752947285,0.0204559054076343,0.0096085072836614,0.0169139105264566,0.0110659093919925,0.00940982542238562,0.0156308422034202,0.0319100466980525,0.0157281276780499,0.0153353027465791,0.0253568456245678,0.00694930720811874,0.00537663713664308,0.00749134124246861,0.00953992929061551,0.015567237035785,0.0191372234684639,0.0110543662618256
898,2018-06-15,0.0111298467263513,0.0129638365260695,0.0174865279451511,0.020412367386302,0.00960832871480552,0.016933479179419,0.0110432056465212,0.00938823507346694,0.0156438060450949,0.0314409325514538,0.0157271811265204,0.0153122662578521,0.0253421971250509,0.00693562232583313,0.00538638421412748,0.00732703733062992,0.00954360116556498,0.0163107404328872,0.0196868579791089,0.0111093745440211
899,2018-06-19,0.0119999237934302,0.0129833311660739,0.0176157631241739,0.0204840795847209,0.0102112725960692,0.0173816418920006,0.0125600371012038,0.0113626009186253,0.0171229624902467,0.0312859347964065,0.0162840115130924,0.018906562629559,0.025478509780136,0.00766759967427727,0.00817300439594393,0.00743910601300501,0.0105449623165787,0.0197472572929627,0.022701291293362,0.0115008193572622
900,2018-06-20,0.0118571652133886,0.0129614566644855,0.0174866923852115,0.0204141466520646,0.0101978268865172,0.0173527164317928,0.0125856290189185,0.0112922850833199,0.0170674556000897,0.0304367363728642,0.0158845465113414,0.0189071729379184,0.0254181357181457,0.00768316858778897,0.00820155877651117,0.00758783071716971,0.0105215944959558,0.0198659460896625,0.0227101966542398,0.0115215499291587
901,2018-06-21,0.0118651990256843,0.0130016869029592,0.016701594307864,0.0195339871803036,0.0102340390855771,0.0168663369421272,0.0123192714702662,0.0112683424922561,0.0170249180584994,0.0305300414086641,0.0146179160444939,0.0195137820454246,0.0249900355195384,0.00776164342932696,0.0082021340281958,0.0078597191490895,0.010486048344674,0.0199446356091217,0.0228708437953862,0.0114836156727356
902,2018-06-22,0.011859746526305,0.0124739200059729,0.0166967477747605,0.0195720920309767,0.0101963872611185,0.0169344029875215,0.0123860941992026,0.0112706209003436,0.0172725684272561,0.0304318612730009,0.0146459270964697,0.0193817293741693,0.0252286185766426,0.00783185691436498,0.00824525367386846,0.00812689962273572,0.0104870707331558,0.0199479482278574,0.0228468191382251,0.011499186594177
903,2018-06-25,0.0119167371769798,0.0124450736492674,0.0168810487152631,0.0195831020436451,0.0102140173869918,0.0170193949892258,0.012422673886508,0.0115533121302378,0.0172409508497437,0.0288187043731241,0.0145977067994379,0.019593288301023,0.0253158604997703,0.00782997049698241,0.00827844241597496,0.0152057635147554,0.0106167321957431,0.0198365161474075,0.0225525856999981,0.0114630087225328
904,2018-06-26,0.0119937954011407,0.0126136327634242,0.0171029275464461,0.0198123993325736,0.0102144132155721,0.0175418019771992,0.012478969063462,0.0116807566381871,0.0173481614172256,0.0281097941744502,0.0145883888539769,0.0196804172759928,0.0254445486477026,0.00795082968223724,0.00829296650874131,0.0180454407509441,0.0105719575612275,0.019798329048538,0.0224757085252782,0.0114724673048312
905,2018-06-27,0.0115801975958944,0.0125812643673808,0.0171260943711676,0.0195630860111871,0.00965555971909404,0.0172434625007819,0.0118074339707829,0.0110724902810091,0.0159571281230195,0.0282313444967235,0.0146716210214422,0.0194266156690715,0.0237218853200096,0.0078457439818526,0.0080803694282362,0.0201885867268963,0.0105514340749926,0.0193551887787496,0.0207797666221488,0.0115574951585536
906,2018-06-28,0.0117135180037016,0.0124807607426925,0.0163254852265008,0.0195600786484288,0.00966311941801615,0.0171351457047075,0.0118045694718299,0.0111274393563289,0.0158127337477284,0.026541152244128,0.0147272518622878,0.0194374621464144,0.0237361485168666,0.00817605528181691,0.00805114349782885,0.0223457494476933,0.0105567051858015,0.0194718744183647,0.0208860287819659,0.0115844671998612
907,2018-06-29,0.0117355493381347,0.0123026788322946,0.0164878830899548,0.020097750627335,0.00985548604656461,0.0171928279440817,0.0119489552471208,0.0110035084793951,0.0158717200660835,0.0246361163426179,0.0146088641188776,0.0190808678140333,0.0241142679680712,0.00857445656353562,0.00814990035602326,0.0222461701179805,0.0105699486058331,0.0191408899923818,0.0208298581685415,0.0116334147798416
908,2018-07-02,0.0118843502595279,0.0124205518083853,0.0170160077047885,0.0203106017874094,0.00991206733233886,0.0179225102979874,0.0118021140481973,0.0113477263940123,0.0157978432867123,0.0241428322371068,0.0149899398911605,0.019758124636606,0.0248859354475647,0.00857533121903341,0.00818685078577413,0.022545527065777,0.0106669237760392,0.0193835295151693,0.0208726500150384,0.0115477026219662
909,2018-07-03,0.0115880333853899,0.0122760268113263,0.0166559433612279,0.0198110884456388,0.0100083977300765,0.0177624570943226,0.0116480129249739,0.0113832524170544,0.0155448896935863,0.0230571800210097,0.0146037370647735,0.0193190387425063,0.0243380618882165,0.00848781929807439,0.00815162834093943,0.0219954911627469,0.0109552034923189,0.0193828518620902,0.0209244201959483,0.0115502029678294
910,2018-07-04,0.0115720113053789,0.0122549844197375,0.0167060724242363,0.0199653021819503,0.00983019445353792,0.0178681939552298,0.0116457880035995,0.0113541394351736,0.0155631094174947,0.0220278098948801,0.0146159136628084,0.0192760937071881,0.0243799156198043,0.00858078839980406,0.00815179870309309,0.0215395768997825,0.0110479509685591,0.0201745255980532,0.022545787434371,0.0115623418770827
911,2018-07-05,0.0116334588656469,0.0122304191962636,0.016907135798059,0.020130296888884,0.00979447579209764,0.0184592125314464,0.0121952714746327,0.0114664774576252,0.015740576342285,0.0223608274214378,0.0145821639164925,0.0192501439244658,0.0245649060525104,0.00862926752870284,0.00825557802493912,0.0213015227872407,0.0111403436513534,0.0198566654149928,0.0222724531395754,0.0115416577495737
912,2018-07-06,0.0115381151793284,0.0121388186061113,0.0168007834223805,0.0189641886084282,0.0092227601224077,0.0187995196318176,0.0122110471004874,0.0114625577258987,0.0156543581702829,0.0224394370766731,0.014077884481507,0.0192158322651158,0.0244944561440885,0.00858832325979562,0.00826122405044022,0.0208487681759984,0.011070537251917,0.0198532348670726,0.0223034003287567,0.0115824385408906
913,2018-07-09,0.0119954833293264,0.0120475129795668,0.0169931738619725,0.0194154322685619,0.00947005768829101,0.0187581863271254,0.0125648825146625,0.011891833639553,0.0156741408715253,0.0232547003239492,0.0146085610253347,0.0198739336958581,0.0254233888271555,0.00884689883556133,0.00866176144184736,0.0214903992403585,0.0114057733935076,0.0199189461394086,0.0223103351556929,0.0115611365565528
914,2018-07-10,0.0121548226648448,0.0120142265221806,0.0169501252811324,0.0193599672715571,0.00933383048673177,0.0187700753233475,0.0125907316804405,0.0119729943629768,0.0156645263428986,0.0232246266618141,0.0147641607404793,0.0200760938011059,0.025471849658829,0.00890466634983273,0.00872377652074617,0.02147946424647,0.0115047380334642,0.0198726251872152,0.0222934339064905,0.0116037916261639
915,2018-07-11,0.0120711170326221,0.0120142117673479,0.0168653346786792,0.0192778046926922,0.00934661986712866,0.0191153467533222,0.0123386085079702,0.011912776229026,0.0156248516496716,0.023227191742673,0.0150260870617095,0.0198323155489282,0.0259029335381284,0.00887341753853091,0.00870232674988426,0.0210723580404428,0.0115546954730384,0.0198640363712546,0.0222649995973764,0.0115725229890594
916,2018-07-12,0.0121649167335479,0.0120371751024484,0.0169490747840654,0.019317583495629,0.00955918701515359,0.0191627608297454,0.0125612646013876,0.0121127173107557,0.0156782447493128,0.0233027720713528,0.0150768927276663,0.0202033859705841,0.0260918721041463,0.00893254442245831,0.00886526389597131,0.0211762441094263,0.0116065632946205,0.0193710555348318,0.0216995374796214,0.0117142462313442
917,2018-07-13,0.012170713039292,0.0120117024088738,0.0169551337893919,0.0194013401392051,0.00945759327292779,0.0193496867840426,0.0124667939814999,0.0120993823020492,0.0155526440588638,0.0233040258192227,0.0151224286374249,0.020419655411325,0.0261250165358603,0.0089477604259699,0.00887636694462823,0.0208881323826114,0.011603693289972,0.0193508870243402,0.021630665591715,0.0116911603944679
918,2018-07-16,0.0121957197680594,0.0120322343662277,0.0169402643968332,0.0194489917305861,0.00937032786283599,0.019358724129727,0.0124671353136282,0.0121020731832323,0.0154949783186602,0.0233144493220289,0.0151275469923797,0.0204096458050692,0.026098594316436,0.00893468329572918,0.00887345167359842,0.0206943939581014,0.0115487055327793,0.0192451655910978,0.0214260546190653,0.011762077740222
919,2018-07-17,0.012301422005604,0.0120510305574957,0.0168960482614895,0.0190597781547355,0.00926127463062845,0.0196857355166902,0.0124443637304159,0.012133778934484,0.015359506620967,0.0233004096003435,0.015146745516629,0.0205156138717956,0.0256696854996371,0.00881922424192688,0.00885855948353906,0.0203868969670776,0.0114402803830682,0.0192242649742268,0.0214229841421554,0.0117468431723646
920,2018-07-18,0.0119046818691012,0.0120692684373113,0.0170263960366222,0.0190761675544188,0.0093618396383255,0.0197768319479794,0.0123835224820935,0.0125825749332091,0.014085376915984,0.0226906576655896,0.0151526963050595,0.0205538030976697,0.0257130419781499,0.00905767671077001,0.00884048999830542,0.0204885227027064,0.0127844427171192,0.0193798953963101,0.0213421924887254,0.0131339510366874
921,2018-07-19,0.0119119309754013,0.0121771476370705,0.016798697048991,0.0188352175201465,0.00937316736015607,0.0196146779322806,0.0123775199779854,0.0125854504793655,0.0140866914739601,0.0226344085312189,0.0150570408181245,0.0209116960955937,0.0255419494323036,0.00910867440393087,0.00890805934835498,0.0204494969559619,0.0128003161771706,0.0194167843462835,0.0214260973233933,0.0130510615035985
922,2018-07-20,0.0116322523818328,0.0118938022184227,0.0165570408820413,0.0183772064845317,0.0100906486937118,0.0190661072499921,0.012174119918502,0.0126036075318212,0.0139871253225982,0.0227080027133812,0.01438411019338,0.0211425579691351,0.0253149583123065,0.00918044808400121,0.00900038760432915,0.02022579977209,0.0129099380974892,0.0194502778935598,0.021437644558942,0.0128871582126253
923,2018-07-23,0.0117171636488699,0.0121165405561846,0.0168350959391714,0.0194022379659553,0.00975158768705542,0.0194518526075763,0.0124277024000904,0.0126478125514619,0.0137466993826537,0.0233293263811201,0.0153883179012358,0.0216336809601323,0.0259026685284752,0.00920324257050589,0.0090808190392979,0.0199635097295713,0.0127193446369838,0.0195538918377858,0.0213700726855518,0.0129105715094438
924,2018-07-24,0.0117448688451362,0.0123232858125011,0.0172967690056797,0.0196855311399426,0.0105729310117252,0.0198461695629549,0.0128929216197885,0.0126709331481689,0.0135834648518507,0.02434869910943,0.0160380982868601,0.021846147897104,0.0272804679067452,0.00914301101001399,0.00924159206617359,0.0197270106998396,0.0131151613087929,0.0184816249594359,0.0197638555070703,0.0131431843351991
925,2018-07-25,0.0117092183167953,0.0122817400791057,0.0172979850164784,0.0196262166842836,0.0106209415025657,0.0195953908090277,0.0127976352919012,0.0126313897033822,0.0134790422498929,0.0241784277849507,0.0160728861425016,0.0218224334287371,0.0270565183160375,0.00910927725941746,0.00919338757103354,0.0194824816843512,0.0130943397712937,0.0186882674522911,0.0200412657624586,0.0128111825218754
926,2018-07-26,0.0116668159570654,0.0123463978721865,0.0171845782949605,0.0196571610146835,0.0106610522076911,0.0196357677997973,0.0127039348740731,0.0126648389389771,0.0134147511264251,0.0241122316826198,0.0156559455491808,0.0218412716976181,0.0269971371290811,0.00912019955621655,0.00917484025345375,0.0193230957606684,0.0131165203676525,0.0188467221974838,0.0199501639741762,0.0126624446053078
927,2018-07-27,0.0115717731457328,0.0125721372574912,0.0171328457533263,0.0197243582541134,0.01060374794361,0.0195999311195588,0.012595069260159,0.0126240245848702,0.0128449752033392,0.0240091134086247,0.0154344017638019,0.0219316067937009,0.0269533620857216,0.00906031465463893,0.00911748471250963,0.0195510281444755,0.0131170546841622,0.0190113222924,0.0199515501077099,0.0124880791004071
928,2018-07-30,0.0115733581577747,0.012611605932153,0.0171494488323519,0.0197698425115086,0.0105958898339048,0.0196923743004063,0.0125792765029812,0.0126722324528259,0.0128645542252636,0.0238833625745386,0.0156024545611359,0.0218773203199447,0.0270842738839778,0.00910686999309711,0.00913244052253249,0.019396009722049,0.0132275318935886,0.0191297981895407,0.0199054262403505,0.0117172183008459
929,2018-07-31,0.0115719760938369,0.0126387535303859,0.0169391604493894,0.0196858161013466,0.0106157657542161,0.0192688732228573,0.0125855736330049,0.0124747957116793,0.0128797156849219,0.021200961093335,0.0154439304788627,0.021879024632322,0.0263998271969375,0.00913650921697051,0.0091324070688383,0.0196470163448519,0.0132934886550759,0.0192779976178938,0.0198055557360511,0.0117773641379943
930,2018-08-01,0.0116825569677253,0.0126237970468753,0.0171241811707917,0.0198078448815879,0.0105993697901955,0.0196019333173877,0.0126808066478495,0.0125529333250636,0.0129858093112837,0.0213553308037438,0.0155067071067794,0.0218994879993434,0.0267236217181785,0.00916986087511812,0.00926917913480354,0.0194669989670568,0.0133476816067613,0.0194372115894331,0.0198165036569101,0.0117752320459642
931,2018-08-02,0.0118067244976991,0.012640845908589,0.0171477137109155,0.0197747429439612,0.0105964616285854,0.0196111020554556,0.0128390121585492,0.0125669296035069,0.0130643253722946,0.0214112072794804,0.0155951508916172,0.0220002390147259,0.0267098123274162,0.00917988543942698,0.00936350496244711,0.0194867926828747,0.0133504546072858,0.0195753153455853,0.0201466501055809,0.0116541851168294
932,2018-08-03,0.011451957198304,0.0126921321748104,0.0170796252945806,0.0195630209427782,0.0114456935481095,0.0195147633538373,0.0126332041108542,0.0124399115939559,0.0127528249458839,0.0215105583470286,0.0152336167437931,0.0217200289365273,0.0267515782111639,0.00937185731927793,0.00947366288122481,0.0198579026087075,0.0135873786360235,0.0197469763574205,0.0203356451914813,0.0116737129002569
933,2018-08-06,0.0115568310611355,0.012689528129788,0.0170748339532776,0.0196306169553095,0.0118522906407656,0.0194410704211423,0.0126355128198334,0.0126298173879898,0.0128174640759572,0.021489054089097,0.0153029223260243,0.0217249182400443,0.0267728035121302,0.00934509813151032,0.00962001651825879,0.0197076789906879,0.0138412431352807,0.019861186117196,0.0210380929502926,0.0126729983936602
934,2018-08-07,0.0115378239902108,0.0127597122281384,0.0175398266276789,0.0205278810996751,0.0119971105090266,0.0200751475186624,0.0130053310756041,0.0129258355647955,0.0133847594664379,0.0218555499487596,0.0164172957103902,0.0225887176748155,0.0274805713861385,0.00955549882031645,0.00983602892043873,0.0200591098054223,0.0139099872786486,0.020044680162567,0.0209791666525077,0.0126472168079868
935,2018-08-08,0.0114485540300022,0.0127554826515237,0.0174721576938643,0.0205452158765796,0.0121781039762024,0.0199518584492935,0.0130105811794373,0.0128731663566538,0.0134163417613769,0.0215609544523441,0.0163528491333869,0.022511959998098,0.0274955637136407,0.00964650250869618,0.00982191895189496,0.0200786565360645,0.0141404333425176,0.0202458297944772,0.0209478088518049,0.0126827442962788
936,2018-08-09,0.0114920270764633,0.0127583706658054,0.0175534035012946,0.0204588502996681,0.0121767497369231,0.0199274259484222,0.0131296701780795,0.0129193590613096,0.0137020633494096,0.0214812542735849,0.0168051251121746,0.0227406729383092,0.0275246935200142,0.00970225624740568,0.00988805593390701,0.020216595694058,0.0141999286007991,0.0204334870314921,0.0209451268593833,0.0126415488368462
937,2018-08-10,0.0114873065362048,0.0127492280130936,0.0175469378696434,0.0204505654506396,0.0138718814780444,0.0199536916254323,0.0131438565933459,0.0128925564301522,0.0136893116115028,0.0212456560614111,0.0167845898313439,0.0227187265013313,0.027526225681592,0.0100521153002604,0.0101218513614662,0.0200537451369316,0.0157303907379819,0.0205902792030505,0.0208770768041611,0.0126392230952139
938,2018-08-13,0.0114076412831109,0.0126672093367059,0.0175469812661183,0.0204488743806408,0.0138714700827649,0.0200713729120227,0.0131434690297383,0.0128754109880466,0.0136290275386867,0.0210577896275696,0.0167521260382628,0.0228357350718537,0.0275962417391936,0.0100108752212196,0.0101166624755974,0.0200119335427129,0.0156864962665286,0.0208099600981987,0.0209307078063661,0.0126233696036167
939,2018-08-14,0.0114230137817999,0.0125074466369167,0.0175904525971172,0.0202549752986191,0.0139173746915195,0.0201197415024001,0.0130087374782995,0.012913454232051,0.0135912312538036,0.0210583293868308,0.0167406571850756,0.0228517924876276,0.0275340711507704,0.0100051770580602,0.0100907253346483,0.0199654263503923,0.0156871558079552,0.0207562875488455,0.0208433211401656,0.0126327265646918
940,2018-08-15,0.0114689152272797,0.0125375901081271,0.0177647201340138,0.0207147315853933,0.0142516339073161,0.0203995689074131,0.013207593148265,0.0130639973819069,0.0136696048523824,0.0211144737694958,0.0168908207576444,0.0228500134706483,0.0280060228890128,0.0101766368541397,0.0103211760370618,0.019788559964388,0.0160028342517695,0.0209831500566526,0.0210172826423447,0.0125161544510157
941,2018-08-16,0.0113317730604391,0.0121633905333913,0.0174721454734227,0.0204333717510658,0.0143262926465421,0.0201673251242747,0.0130712199009083,0.0131083901599611,0.0136013750437369,0.0202293872569108,0.016507000012206,0.022654739235601,0.0277072127347728,0.0101774656786975,0.010465607647242,0.0196049924341729,0.0160188104960591,0.021104009211115,0.0210263258514552,0.0122859312237959
942,2018-08-17,0.0111944662631839,0.0121464684453889,0.0174720313731592,0.0206014960214685,0.0141186852337659,0.0201894540779764,0.0130847567591837,0.0129658091220309,0.0135328735524191,0.020239167360757,0.0165144842662629,0.0224906669509286,0.0277121050500345,0.0101936537866091,0.0105129578419825,0.01988014720027,0.0159210157253094,0.0212954410837974,0.0210971643147705,0.0118602195805872
943,2018-08-20,0.0112962262227061,0.0121274893606858,0.0175457164246016,0.0207570893930525,0.014240258365958,0.0204591253253616,0.01316749567969,0.0130022040072475,0.0136945547929632,0.0202739447197565,0.0167389386276868,0.0227810158411727,0.0279358019733003,0.0102536122682381,0.0105275308576382,0.0196974874352702,0.0160186425588776,0.0215389075411835,0.0210681323052019,0.0116901608234592
944,2018-08-21,0.010818308091311,0.010749564328756,0.0157549469819155,0.0195813428716977,0.0142178453120708,0.0196318936451823,0.0131883160961365,0.0129993480118319,0.0137040593251862,0.0195759335213538,0.016872817756833,0.0230957533736744,0.0258428329798807,0.0103111004621675,0.0105139186028377,0.0195331733650166,0.015653630783613,0.0217361634632947,0.0211439032483728,0.011755867774089
945,2018-08-22,0.0109000037362649,0.0107508605174823,0.0157858186352059,0.0195940645727032,0.0145457868738975,0.0196204742774217,0.01319131080908,0.0130059438033766,0.0137065659221367,0.0190254209049053,0.0168688477627795,0.0230976575626338,0.0258131524107864,0.0101222348225259,0.0105614980372136,0.0193868845366712,0.0160323573584493,0.0217259106550259,0.0211754714148364,0.0119044311279361
946,2018-08-23,0.0109112301221867,0.0107278537081903,0.0157574100535266,0.0195106468797988,0.0144153474096929,0.0196514917688692,0.013176290068637,0.0130071188707165,0.0135501164129843,0.0190195519760775,0.0168726005074886,0.0231531484679184,0.0258420914530578,0.0101399100380943,0.0105622857603289,0.0192217816065464,0.0160591599702898,0.0217396994619906,0.0211334077231,0.0119062733276835
947,2018-08-24,0.0109209270599358,0.0107192910421343,0.0157590495099398,0.019552635839547,0.0144783711496301,0.019651781241575,0.0131800287174509,0.0128887204487268,0.0135500756933474,0.0183174483365509,0.0169027230606893,0.0230293340030195,0.0258157006271367,0.0101329058281053,0.0105759806730692,0.0190581429911517,0.0158320356479452,0.0215335968932305,0.0209777684513551,0.0119575858624969
948,2018-08-27,0.0109393322045692,0.0109283978429936,0.0159239555574132,0.0198597128928873,0.0146391872737997,0.0195252687209864,0.0132560703459739,0.012979494703663,0.0136764628509219,0.0181662965087079,0.0170934200213598,0.0233137419886109,0.0258961522390889,0.0102902587491483,0.0106710602274507,0.0189463302334583,0.0159284944534475,0.0217202227433593,0.0209564813562076,0.0116062563812763
949,2018-08-28,0.0106075617304996,0.0104579172594024,0.0145451803156667,0.0192411814327049,0.0146375505791087,0.0194176732475915,0.0130210351262029,0.0128702800483434,0.0132279699625164,0.0170947993699764,0.0164572135386969,0.0231718644734434,0.025052813754219,0.0102821134540485,0.0105724934524622,0.0187917335938226,0.0158993823382012,0.0203485996664335,0.0198401778754383,0.0116050228314107
950,2018-08-29,0.0103865706073795,0.00990935365969411,0.0144801122713955,0.0191012978646124,0.0147128465600349,0.0194045439465655,0.012949682939022,0.0127323538450973,0.0129615041215392,0.016847878887692,0.0163334382883239,0.0231622367334784,0.0247821007375629,0.0101514359414228,0.0104681217402436,0.0186937483387965,0.0157975693372001,0.020351887474737,0.0198641517905604,0.0113149741432206
951,2018-08-30,0.0103487711620395,0.00991194575795557,0.0143096187679718,0.0192477647805163,0.0147721072714637,0.0192192605761035,0.0129153208322004,0.0127343316110278,0.0129614243272248,0.0167024234335012,0.0163280319506505,0.0228911646076096,0.0248497214684676,0.0102114291659826,0.0104742104316464,0.0186238675030077,0.0158005200623802,0.0203891919539467,0.0199181916029724,0.0113189013868721
952,2018-08-31,0.0103544301402807,0.00968078241443624,0.0140655226459648,0.0190683213065968,0.0151169241464751,0.0189516556368535,0.0129340114061841,0.0127241710824833,0.0129717692498785,0.0166867631406034,0.0163310136337643,0.0228733262631387,0.024855546843685,0.010224271932761,0.0104912857244512,0.0184654860495488,0.0159134112228352,0.0205011266592326,0.0199232951297453,0.0112738231832156
953,2018-09-03,0.0103747566013189,0.00967837182478021,0.0140915281605161,0.0189446409716252,0.0151678245792018,0.0189661602576562,0.0129367295303181,0.0128702698460398,0.0129337921118964,0.016783895449456,0.016328335793019,0.0227360259760093,0.0247808693686925,0.0101897804112499,0.0104931525810695,0.0183223392549415,0.0159473519767276,0.0206020390832539,0.0198149924420434,0.0112481618565912
954,2018-09-04,0.0105171537749458,0.0098128843282039,0.0140571024617294,0.0190421777630219,0.0152575830331617,0.0189676020934547,0.012936879937,0.0128699152360974,0.0129304189996656,0.0167733602311044,0.0163213645162655,0.022727960204872,0.0247657584672521,0.0102409821612347,0.010533174066394,0.0181755634828919,0.0161727754833428,0.0206435465705919,0.0196823645616536,0.011293525820816
955,2018-09-05,0.01049313339662,0.00996281451359294,0.0141057987461821,0.0191308296591393,0.0152577200994573,0.0189692816566381,0.0131000224341103,0.0128517151595115,0.0129543520230232,0.0166551451892643,0.0163909572626235,0.0224340355115238,0.024864784209849,0.0099808602422394,0.0105870838992863,0.0183353149141213,0.0158432508624792,0.0208730764082094,0.0197353174444544,0.0114538207808252
956,2018-09-06,0.0104346809971135,0.00994938870687808,0.0140709927021029,0.0191323038544581,0.0153017546978803,0.018968910925092,0.0129377883106908,0.012805380077944,0.0129237816484089,0.0166643859055414,0.0163538459061992,0.0220997029449259,0.0246318909418091,0.00997814046587249,0.0105682907435229,0.0182059120283473,0.0157389766976443,0.0208837717501456,0.0198367513809653,0.0116040131731872
957,2018-09-07,0.010400890057501,0.00983566408967882,0.0141088202546305,0.0192172101728355,0.0153008059462136,0.0189735304636079,0.012958618202785,0.0128276415412979,0.0129257546376563,0.0167086170117691,0.0164288400769481,0.0220437611053151,0.0247220016198354,0.00999711338155398,0.0105802105302936,0.0180458556211768,0.0158740841500758,0.0207913558371915,0.0196917630603376,0.0115688869592845
958,2018-09-10,0.0102578873803996,0.00996409998921037,0.013932813473074,0.0195467001593572,0.015211301805551,0.0187613032646706,0.0129796083987281,0.0127833159163098,0.0133719445652155,0.0167445101628704,0.0164467748849814,0.0220304826468893,0.0245343552272794,0.00979395124459821,0.010562311044517,0.0181563775593685,0.0159009789452829,0.0208967807759338,0.0197064684256999,0.0115578911340018
959,2018-09-11,0.0102500486929269,0.0102189547503378,0.0139918508930635,0.0199266553805422,0.0152108798379969,0.0198580453270059,0.0130474216674386,0.0128285137689932,0.0134182766239974,0.0166970701532487,0.0164971049980114,0.0218125239678593,0.0249685282878617,0.00979439808779497,0.0105625980962914,0.0185231966868504,0.0164767068991237,0.0208724573120558,0.0196517210489141,0.01161678062393
960,2018-09-12,0.0102267170493905,0.0102418009307029,0.0139743547544191,0.019912411394962,0.015598983304158,0.019710979567892,0.0130785599131927,0.0128312289113444,0.0134130001147521,0.0167407262007085,0.0164972749702003,0.0217462618773786,0.0249561860716272,0.00979239574661223,0.0106229205986905,0.0185248069737513,0.016421198706661,0.020816894582255,0.0196181765682173,0.0115964276055584
961,2018-09-13,0.0102617187352526,0.0102411470618704,0.0140221607193625,0.0199877232563223,0.0156037953074213,0.0194583850274397,0.013220758369582,0.0129554961444041,0.013521328016082,0.0168427272740084,0.0166247394975067,0.0218440951203461,0.0250711524455862,0.00979899308308748,0.0106543594225829,0.018564478179836,0.0164379361759164,0.0201486120127672,0.0192451304569804,0.0116076033398563
962,2018-09-14,0.00927118750708897,0.0101174420265335,0.013915579052435,0.0199296875854454,0.0154818408608226,0.0192573154175933,0.0117283298229214,0.0112486470547673,0.0111264224865961,0.0154307381763039,0.0158352036324742,0.0186063155437246,0.024801793492992,0.00918801452078203,0.00870616756437562,0.018526460682228,0.0159988488817545,0.0144703407210741,0.0158901344008962,0.0110906332046776
963,2018-09-17,0.00922710838194534,0.0101648726753911,0.0139447712336133,0.0198362785119406,0.0154736345715731,0.0192561095526042,0.0116843104590398,0.0112486430505301,0.0112435871781823,0.0154669621013351,0.0158283838626219,0.0186530306534385,0.0248062251832538,0.00930653771543682,0.00867611273697976,0.0189590977545252,0.0163521000713039,0.0145760929466625,0.01673340239077,0.0113340865408878
964,2018-09-18,0.0092317672935086,0.0104252196409578,0.0143712405007346,0.020523643984686,0.0155043518195074,0.0201521973133215,0.0118316628315053,0.0111461157600579,0.0115102661784033,0.015503103582549,0.0160596319407131,0.0180881252375366,0.0250103040872479,0.00927687358342491,0.00871357512178381,0.0193417507857157,0.0167045968163627,0.0145272067143175,0.0166160003955034,0.0117069320537278
965,2018-09-19,0.00925555798047605,0.0103489363798193,0.0144441423862387,0.020325114532049,0.0155573851081398,0.0199988705502514,0.0117851230651629,0.0111348854064074,0.0112979272132966,0.0157425060076508,0.0160897730972994,0.0180169923780366,0.0248148541327631,0.00917446769889762,0.00867191064734143,0.0193445257191015,0.0167462889049353,0.0145876068053348,0.0165533084203426,0.0116982356934706
966,2018-09-20,0.00917293006221389,0.0101098950293439,0.0142090031062681,0.0203137233264237,0.0156529060229609,0.0200940512203865,0.01171930800918,0.0107823034712644,0.0112891522820045,0.0156626035250137,0.0160541813699195,0.0175329066646292,0.0246793700512798,0.00918390292827095,0.00863113565157823,0.0188434594958879,0.0166068596349358,0.0141130286178619,0.0165533204728664,0.0118045678859017
967,2018-09-21,0.00909656281924244,0.00986630221168545,0.0140852741561994,0.0202742880082047,0.0156651247801567,0.0201939053071343,0.0118474126915488,0.0105658733265203,0.0112653443282757,0.0157921517392356,0.0162666273183277,0.0172368028721528,0.0247443038606335,0.00904573026166035,0.00862067040682944,0.0187251144017856,0.0166242671673832,0.0143258456066703,0.0167578227759139,0.0124400771181319
968,2018-09-25,0.00915076038869144,0.0097015424143066,0.014084982750447,0.0202641263676083,0.0156871417526796,0.0199492042061399,0.0118425207970893,0.0106269608411533,0.0112994550995773,0.015788808924244,0.0161831624289014,0.0169914413857261,0.0247334853614475,0.00905162726502286,0.00861884823423598,0.0182764542747251,0.0166328572990595,0.0143262606962144,0.0167145723990735,0.0123125619262987
969,2018-09-26,0.00901520749385138,0.00967473935775807,0.0140834539005374,0.0203277416449169,0.0157049076535833,0.0200082852240839,0.0117997681321001,0.0105119968501602,0.0112808139814908,0.0158195579001653,0.0160779157868695,0.016163660125806,0.0246548392315181,0.0086697724777632,0.00862955992280844,0.0175690090232893,0.0166400345971321,0.0138342485687115,0.0165488558409686,0.0123242495169344
970,2018-09-27,0.00895427812660301,0.00966461583120998,0.0139179068579917,0.019886942842184,0.01563886221918,0.0199195796249241,0.0116252431453246,0.0105863527132618,0.0107498047569881,0.0156657884841298,0.0160440989928883,0.0160603350813022,0.0242052827177665,0.0083301996035646,0.00848320716485477,0.0175088983448673,0.0168478509856484,0.0140230812576614,0.01624555028095,0.0122127112969115
971,2018-09-28,0.0085930501204315,0.0089961036891404,0.0131034213436166,0.0195786592713938,0.0156058332057626,0.0192107496015501,0.0114570014309163,0.0101032947638381,0.0106922253246093,0.0154857718564747,0.0151605379595089,0.0145390131112414,0.0230762267038029,0.00835605952019665,0.00843765400378314,0.0176460497808113,0.0168082102991765,0.0130384213856635,0.0161797047471537,0.0121961034957589
972,2018-10-08,0.00930290072769288,0.0114502014009973,0.0131713549247996,0.0201922589716426,0.0160258576679804,0.020041797733044,0.0115573166330369,0.0101885379597766,0.0108112703595839,0.015648442927666,0.0153353791590848,0.0149627304727001,0.0231768964085822,0.00899930659270555,0.0086282656324351,0.0187030312417206,0.0169892112927806,0.013041490891033,0.0163569657273729,0.012276935031286
973,2018-10-09,0.00953242058538071,0.0115712060386522,0.0132313759012293,0.0200262167843378,0.0160262276263279,0.0200706003988981,0.0116775267973758,0.0102334199544011,0.0107236690101343,0.0158518145155445,0.0152957105757598,0.0149642007634551,0.0232916490146206,0.00884313782957221,0.00862671381217278,0.0187244862207875,0.0169818874913711,0.012361259084255,0.0140797441587746,0.0123313980492253
974,2018-10-10,0.00980459533739964,0.0116735772831538,0.0128856867764377,0.0197256978198045,0.0161655771585782,0.0197618744130705,0.0110261921108763,0.0100610264176195,0.0102973668038079,0.0148649128656831,0.0151876710954691,0.0146539278016467,0.0230132753141328,0.00876332132581581,0.00858593364212142,0.0188242633400879,0.0171732783650019,0.0119018884054062,0.0142744644072618,0.0123164663415839
975,2018-10-11,0.0113617443051184,0.0139044236792661,0.0138202923641736,0.0201241860919591,0.0164488530453315,0.0196885536440978,0.012419370412563,0.0110997567458112,0.0120744709198951,0.0170916509164016,0.0169942281957064,0.0165329718143574,0.0240868479272646,0.00910949508861963,0.0104757934685004,0.0197408619409341,0.0171987449700197,0.0129168154675631,0.0141912924902664,0.0133884287564223
976,2018-10-12,0.010954348298187,0.0143305875829323,0.0138326258940385,0.0197514798781084,0.0162829365723556,0.0200529346267932,0.0119813796806853,0.0106135643649979,0.0119680273307233,0.0165340924618381,0.0165832568559167,0.0161633993821628,0.0234313444335389,0.00896853685057621,0.01013140083299,0.0192020917555359,0.0168711351717546,0.0128352761018069,0.0143108079164027,0.0133667313590798
977,2018-10-15,0.0106264312594024,0.0143788360583795,0.0144404329897298,0.0198258531201596,0.016218920508746,0.0202868233246037,0.0122255141064884,0.0105741950395653,0.0121468602702293,0.0166483906370062,0.0167745636949723,0.0161835410860849,0.0237184347138241,0.00905840017690635,0.0101162014740309,0.0189576490388547,0.0170221771028725,0.0127584064594531,0.0143708808960024,0.01319337886747
978,2018-10-16,0.0105489083711947,0.0142112600194349,0.013950276226465,0.020023485940232,0.0161882914036308,0.019857213250215,0.0121052784577295,0.010859096553089,0.0120873169365042,0.0163733984092803,0.0164523729363133,0.0162141575686507,0.0224532558073485,0.00889602904137959,0.0102852630602546,0.0192043164375643,0.0170623011569244,0.0130012004906993,0.0147803170444847,0.0135591236209858
979,2018-10-17,0.0103858954415784,0.0141980926281859,0.0141643172128593,0.0199945032056912,0.0160517311642923,0.0199915633860776,0.0121015682319611,0.0106547468270864,0.0120174536383257,0.0160476480324142,0.0163440024478041,0.0158936052496933,0.0230053534186958,0.00882635776775701,0.0101005366068105,0.0188940388357243,0.0172278259961467,0.0130719336346264,0.0146557456062098,0.0136721717162942
980,2018-10-18,0.0138927229297561,0.0147704415566805,0.0155654983114604,0.0204251690077308,0.0165191366412023,0.0204553143478944,0.0147552447290561,0.0114381521791066,0.012277332038001,0.0163289525105299,0.0165517971679974,0.0164269593590513,0.0234508565237584,0.00901841953912186,0.0105385204943304,0.0187804438368387,0.0177316654549263,0.015319466496284,0.0150350279803767,0.0138478940810241
981,2018-10-19,0.0140929253721071,0.0147668191477358,0.015573160694703,0.0206092655273062,0.0165191279049746,0.0204704288929155,0.0149747571691142,0.0114471427930701,0.0124355226794375,0.0163956922978649,0.0168209927863361,0.0165672809011236,0.0237207562536756,0.0091045993005994,0.0107075303475104,0.021164461774791,0.0177983883612552,0.0156348077376804,0.0152350904788122,0.0143167889414655
982,2018-10-22,0.0145490694247067,0.0149827145854892,0.0156902154439453,0.0215190107166845,0.0173424244199713,0.0206994841841286,0.0157782165479888,0.0114923241036854,0.0132095111571068,0.0172427345402639,0.017689329169458,0.0171549491113738,0.0244939700748291,0.00959594697684853,0.0113986187235747,0.0215764367356944,0.0179563668522766,0.0161956602966817,0.0157796428625601,0.0152190769671724
983,2018-10-23,0.0146929355909943,0.015514959111481,0.0155960804886615,0.0223247358809488,0.0194433770945866,0.0211622557823412,0.0160916359839686,0.0110490751477017,0.0134080443463448,0.0172964374436823,0.0177348078417651,0.0173534531479093,0.0243837467735128,0.010176281587585,0.011584075100784,0.0232010822284528,0.0177027032639946,0.0160115415694582,0.0160743160739824,0.0143620103989818
984,2018-10-24,0.01481903246987,0.0154926021786116,0.0156141931880246,0.0224246721191254,0.0193859783696672,0.0211335790937267,0.0161829308788456,0.0110590125918597,0.0134067954479932,0.0174443154289276,0.0176761988957163,0.0170699598447651,0.0244189246468461,0.0101715715488399,0.0115554448273182,0.0247804242343117,0.0178772164814443,0.0158227809686062,0.015947243213374,0.0144097794542144
985,2018-10-25,0.0148188639062546,0.015550259791288,0.015628889369685,0.0226121095332292,0.0188276254038493,0.0211358690616398,0.0161871796023663,0.0109090583544947,0.0134014052681152,0.0173567900729943,0.0176659921372548,0.0168975939594376,0.0243322283250984,0.0101166655904108,0.0114344123157535,0.0252479566665836,0.0176374941625025,0.0157896792274219,0.0159439624876143,0.0144257662811109
986,2018-10-26,0.0147252887564934,0.0154889991333228,0.0154116254356531,0.0217292790389366,0.0186719812228917,0.0208081992295255,0.0161579730918443,0.0107300522213459,0.0133507224226771,0.0168406330620274,0.0169852770881848,0.016594568733168,0.0238407038442244,0.010003846433852,0.0113542707071094,0.0255819877764506,0.0176778942320564,0.0156370099924155,0.0159131413632925,0.0145034842953364
987,2018-10-29,0.0147567526454681,0.015507638347513,0.0152444513617761,0.0214579210022156,0.0184968922186564,0.0203036574987595,0.0164376212873792,0.010712965734543,0.0132924868239034,0.0157647906836739,0.0165046958209734,0.0166136921377374,0.0234128679333681,0.00999229488778348,0.0111607227013572,0.0259293128555558,0.0175723470829915,0.0154776107112826,0.015967736567709,0.0149057904529632
988,2018-10-30,0.0147784119762297,0.0156150214698652,0.0152472424887923,0.0214593332265929,0.018818333808815,0.0202813349822203,0.0164381357307983,0.0107171871131386,0.0133232947003664,0.0158075525771631,0.0165902454787771,0.0166448279172166,0.0234085783461516,0.0100717076276374,0.0114360668786003,0.0262970316709027,0.0179195918963775,0.015352779372032,0.0156124691070318,0.0147764155075206
989,2018-10-31,0.0147646211775355,0.0155844891553257,0.0152633677725247,0.0217980163279738,0.0192674409398926,0.0204000699355497,0.0164401223565025,0.0106316934906563,0.0134098188767683,0.0158630548180762,0.0170006281707531,0.0167274290009423,0.023495356605573,0.0101030644831071,0.0115603978991772,0.0262615940668089,0.0181838639404673,0.0151831092758795,0.0156315413787665,0.0148495093878693
990,2018-11-01,0.0147510151826091,0.0154397178806977,0.0152841316210682,0.0217301356261123,0.0192601185871423,0.0204069585296066,0.0164367306544602,0.0105961375372658,0.0134091216116801,0.0158742699520481,0.0170020666888248,0.0167077952750013,0.023628856650564,0.0101266792185743,0.0115715289017225,0.0265099303805067,0.0182510744498786,0.0150798061697146,0.0160157386199881,0.0147782257175353
991,2018-11-02,0.0147679129988994,0.0156498889846199,0.0153229963097914,0.0219428801534594,0.0194419092223721,0.0202605637897959,0.0164347742469242,0.0104331189132033,0.0135047841839321,0.0160462360110837,0.0173453010712979,0.0168912672393565,0.0240947250223618,0.0101067032136319,0.0118303397093883,0.0267868897924276,0.0184512117616186,0.0149720776820033,0.0159488107600218,0.0155405152745976
992,2018-11-05,0.014755356703014,0.0155215161142161,0.0153122866686541,0.021905732450106,0.0194434485386272,0.020244942557973,0.0164423936817348,0.0104208430768906,0.0134762330757877,0.0160971568197929,0.0173368972126829,0.016875604963581,0.0243807534299093,0.0100613371775733,0.0118740828967122,0.0267489878183779,0.0185221097022538,0.01498103263495,0.016026998459972,0.0154073322467951
993,2018-11-06,0.0146925612051482,0.0155118585759174,0.0151047583781083,0.0218045092313675,0.0194116208456322,0.0198290801512617,0.0163961989213853,0.0103400950776107,0.0133743126909746,0.0157314667439832,0.0172356738854687,0.016710378466069,0.0239985318893434,0.0100460825489153,0.0117909234856366,0.0268028648557324,0.0186048818967967,0.0148977982608003,0.0160482895017156,0.0154609432986502
994,2018-11-07,0.0147292090936974,0.0155149693333156,0.0151309947477124,0.0218306838397216,0.0194056139323825,0.0198444946575626,0.0164889492288093,0.0103347085338321,0.0132923741243523,0.0154482745483517,0.0170411218216585,0.0163815294583184,0.0243258855873493,0.0100611061125447,0.0117368340130668,0.0269142984796238,0.0186031206937805,0.0147917430669388,0.0156393144904986,0.0154836863835148
995,2018-11-08,0.0147963565217243,0.015310618874394,0.0150786085719456,0.0216473005183131,0.0190522369429541,0.0196788106851527,0.0164976057313284,0.0103662066992854,0.0133090294355422,0.0154130066242834,0.0170489373603534,0.0162783574482817,0.0244284291503928,0.00992018677145976,0.0115876540704372,0.0268508393404324,0.01862639130411,0.0150775215818592,0.0157523222088955,0.0156165684579862
996,2018-11-09,0.0148306044597162,0.0153340118105919,0.0151518553503561,0.021749980086236,0.0189139015070972,0.0197154641004948,0.0166703834131929,0.0101310264099851,0.0133504983852922,0.0154079680605936,0.01692829324847,0.0161909166166829,0.0248584917972758,0.0099980869554923,0.0114920245103125,0.0268492311392633,0.0185265654937819,0.0157435573917789,0.0150237863837536,0.0150786168640231
997,2018-11-12,0.0147353107900153,0.0152557286986892,0.0147873193580593,0.0209751298137835,0.0197695150672536,0.0191387523884174,0.0162936128050114,0.00969475519662981,0.0129350505413358,0.0150828219908402,0.0160202631864215,0.015417127585172,0.0240782202441322,0.00999923513803041,0.0114238465942838,0.0261890822801486,0.0188471445717637,0.0156581351498523,0.0150287654933454,0.015204382978934
998,2018-11-13,0.0147346458059788,0.0152535216372631,0.0149712698547415,0.0209483630633102,0.0197811048751561,0.0191483781607315,0.0162720020482726,0.00969523510836388,0.0129665909733061,0.0150577564498881,0.0160379608564549,0.0153772388774318,0.0241115164331294,0.00996187375274564,0.0114237644740168,0.0261824585079639,0.0187517521727541,0.015546832048486,0.0150294940847802,0.0152325375022113
999,2018-11-14,0.015039663168084,0.0155131179684624,0.0150820229206125,0.0208543025257164,0.0197812891395642,0.0190343692524525,0.0162313687215847,0.00958560458946759,0.0126600111293267,0.015228482505586,0.0156875458664128,0.0152314818992913,0.0245704297101896,0.00982973638733229,0.0114112280538906,0.0256604952440716,0.0186673806047913,0.0154088990337245,0.0150278918507974,0.0152334371414783
1000,2018-11-15,0.015043001533205,0.0155287294673435,0.0152159440318651,0.0209103513095399,0.0188742980906644,0.0190345047370759,0.0162286337677496,0.00957628870874201,0.0127819134898239,0.0152528443609826,0.0156876176123155,0.0152801709641885,0.0246184262012984,0.00977152214670222,0.0112418337713995,0.025463896655897,0.0176981276349766,0.0152672656602089,0.0150303164020736,0.0153857316394245
1001,2018-11-16,0.0150153208957094,0.0155907750277758,0.015392107309762,0.0210204855133413,0.0189162279016358,0.0189072172573001,0.0162307372805505,0.00957628734763986,0.012767021058338,0.0152760856518381,0.0156908942409408,0.0152377142150064,0.024515485208897,0.00975032182595413,0.0112278561893308,0.0250704946418554,0.0176904552380642,0.0151278356582789,0.0149415197786898,0.0153787376779044
1002,2018-11-19,0.0149956566980727,0.0156416925769983,0.0156007613311866,0.0210406723749082,0.0195349368335984,0.0189851878603338,0.0162256282316439,0.00963260857985724,0.0137510795385182,0.015277585351104,0.0156663327898371,0.0152671937741462,0.0245115978436421,0.00988419161695254,0.0112528832475277,0.0249673454672807,0.0177760576868675,0.0151873337156949,0.0149381723854222,0.0155109095873133
1003,2018-11-20,0.0151058128602186,0.0160680312928261,0.015470332274471,0.0208545941203301,0.0198324100838695,0.0186485434301051,0.016198317982885,0.00946561997769887,0.0137158817579048,0.0149733763981056,0.0155598606187412,0.0149637760052871,0.0242217797484894,0.00983886026357862,0.0111028246539779,0.0249217163472293,0.0183269010729874,0.0150900676059496,0.0147221722373457,0.0156259176485722
1004,2018-11-21,0.0152757918519984,0.0160860583856673,0.0156209678253892,0.0208329870296133,0.0199622507335779,0.0189518274872505,0.0162239227574762,0.00944236397556272,0.0137121813655539,0.0149529908976071,0.0154924741972244,0.014914829717664,0.0241634080956035,0.00985408958249031,0.0109403934157856,0.0248561533524249,0.0188395399235349,0.0151212283248027,0.0146125030701245,0.015662619372826
1005,2018-11-22,0.0152664548780747,0.0162670771879779,0.0156478869050895,0.0207009893028632,0.0198961166194966,0.0190014678191214,0.0162175521699815,0.00949407852465199,0.0137117357840267,0.0148843396245994,0.0154564249667141,0.0149098462102674,0.0241461249751787,0.00991858007969059,0.0108134338053446,0.0249838457764075,0.0188478216490117,0.0150144069937138,0.0145009367660219,0.0156054751171948
1006,2018-11-23,0.01566294069325,0.016801691909142,0.0157216464648032,0.0208334001151986,0.0199006127110568,0.0188863940038189,0.0163353531746329,0.00946813825841116,0.0147687990947288,0.0151503913766727,0.0156304941429925,0.0152384024028637,0.0243054173657352,0.009963237849565,0.0109957246469722,0.0249642115068805,0.0187862995175264,0.0153546988960827,0.0146702704687653,0.0159558779237613
1007,2018-11-26,0.0156702235632185,0.0168211829696278,0.0157927244875896,0.0206088551694854,0.0199288687926545,0.0189202565596952,0.0161518390259634,0.00944590538835398,0.014814536422453,0.0150874937458133,0.0154794734287156,0.015113816325083,0.0243451485386445,0.00997075982775409,0.0109831951215637,0.02479501921641,0.0188290202878429,0.015195101107606,0.0145586503481101,0.0159554263801168
1008,2018-11-27,0.0156548209031754,0.0168336811394313,0.0157533714715107,0.0206143119600007,0.0198604492274245,0.0189118443638693,0.0161674655581824,0.00942797963241907,0.0148153511434712,0.0150839679402445,0.0154976326648308,0.0151168920389427,0.0244222542863898,0.0100114696280907,0.0109043133645066,0.0248125662715803,0.0185353467598238,0.0151881854860179,0.0145052174842269,0.016017745713647
1009,2018-11-28,0.0157415492742458,0.0169409276019902,0.0157416785781165,0.0206130867225766,0.0198478340442691,0.0189147023243952,0.0162117154573837,0.00945590420035481,0.0149552156188861,0.0151122550758726,0.0155169052105555,0.0151239341532516,0.0244300574484688,0.00997998350834975,0.0109378285726552,0.0253811416846561,0.0185002534548586,0.0151651904382389,0.0145265907581683,0.0161840446982414
1010,2018-11-29,0.0157388777236173,0.0171286912535338,0.0158029166347505,0.0206809114620754,0.019747462057055,0.0189261714520951,0.0161995897329571,0.00945395400102286,0.0150243166677327,0.0151073561462672,0.0155071418839881,0.015205386202101,0.0244450328541747,0.0100218621262836,0.0109096901489658,0.0253024126971516,0.0184950451906365,0.0156873693619593,0.0145561038404628,0.0161717139986734
1011,2018-11-30,0.0157856358845168,0.0169745011669072,0.0155334315264922,0.0201845028846504,0.0202896914909329,0.0189324099362134,0.0161837732496633,0.00962029697394376,0.0148789052809144,0.0150528149405998,0.0154093918144801,0.0149666733958876,0.0245575988517097,0.00994911069112666,0.0109402527753256,0.0255746435153859,0.0184085770382996,0.0154733122137572,0.0145545634017713,0.0162409217439368
1012,2018-12-03,0.016196262342446,0.0174625418590393,0.0154793907872167,0.0203158352417238,0.0205508296392567,0.0190558926551551,0.0164134261869224,0.00995401905491556,0.0150703329143557,0.0153579094031556,0.0156136642350656,0.0149620304856479,0.024744392882239,0.010110700044541,0.011151806412949,0.0267644522932012,0.0190591668834002,0.0155264261559232,0.0146175517302762,0.0167064683556269
1013,2018-12-04,0.0162773644168815,0.0174497262391212,0.0154701152255289,0.020318814714784,0.0205641655995679,0.0190017924904057,0.0165584705915827,0.0100002354690659,0.0150959239571421,0.015381963720345,0.0155987509784456,0.0149642960153672,0.0247326867429074,0.0101084944995845,0.011152026471723,0.0270636683820562,0.019442776762754,0.0156220430894528,0.0146078204529653,0.0167330834671463
1014,2018-12-05,0.0162752854456828,0.0174569901293975,0.015501239769803,0.0203333381797481,0.0205761681045417,0.0188935423502098,0.016561538374244,0.0100233077551183,0.0150970651022809,0.0153574817060201,0.0155800352776705,0.0148972148974384,0.024694277814492,0.0100281412834646,0.0111515413186182,0.0273351908740985,0.0194653876116029,0.0155605285980687,0.0145801753512051,0.0167253870497411
1015,2018-12-06,0.0162819932984293,0.0174913059515706,0.0155989607291477,0.0205131099442714,0.0202477089804246,0.0188942283952486,0.0165748280379452,0.0100119809190643,0.0151931473310786,0.0153358977837654,0.0155827973913277,0.0149619734900291,0.0248382951477842,0.0100607818786478,0.0111437358923295,0.0273036446712963,0.0192619557622797,0.0154459819895398,0.01456998274684,0.0167149663858036
1016,2018-12-07,0.0162380534059265,0.0175479465534198,0.0156122494110166,0.0205189904634966,0.0201691148441121,0.0188600214635952,0.0165402921019001,0.00983126896610356,0.0152050711615619,0.0152765519076759,0.0155860660622551,0.014929946083898,0.0249969816664568,0.0101416425037231,0.0111425400743157,0.0272724498260814,0.0192434827538493,0.0153429233814865,0.0145811854789953,0.0168437567507745
1017,2018-12-10,0.0160998062389234,0.017440218941783,0.0155250617744458,0.0203731126594141,0.0201344222442711,0.0188073075359463,0.0165139307169281,0.00979571856092936,0.0152225729423495,0.0152533851767478,0.0155875796077077,0.0149090768634111,0.0249319114821161,0.0101252226421698,0.0111198700940409,0.0271751489984426,0.019246335750575,0.0154001298515974,0.0145737069329859,0.0168117095790799
1018,2018-12-11,0.0161312223731947,0.0173436945486398,0.0154278560558418,0.0203581037815318,0.0202244784323787,0.0186571728250109,0.0165033094647808,0.00982531887499799,0.0152128146474509,0.0152589419214677,0.0155222865777284,0.014820967923864,0.0248590171635657,0.0100669701430843,0.0110420479214705,0.0277900650159436,0.0190389180144321,0.0154405619599985,0.0145574432109045,0.016698258185346
1019,2018-12-12,0.0161537499842929,0.0173432903877002,0.0154026216790292,0.0203646230192541,0.0201816986050671,0.0186650734383305,0.0165284689760197,0.00985966166490724,0.0152135670645294,0.0151401942104505,0.0154929712717391,0.0148199083047531,0.024991192031507,0.0100762219485162,0.0110447287256244,0.0280284954802214,0.0190556522792587,0.0154074931910801,0.0144578908528511,0.0166209673446552
1020,2018-12-13,0.0161778289545932,0.0176220984142861,0.0152709568983209,0.0203634279838628,0.0202283710121559,0.0186885593214681,0.0165363496520901,0.00989865109612342,0.0152395131714405,0.0152750641314084,0.015572902987062,0.0148254200661823,0.0251532077450642,0.0100941591562236,0.0110732965031649,0.0281082858961092,0.018973606558646,0.0153544513338125,0.0144489421802785,0.016851312259491
1021,2018-12-14,0.01616388860428,0.0175961669181375,0.0152930430629232,0.0200820179100605,0.0204710402350408,0.0185927987368751,0.0165504848512535,0.00990095181473406,0.0149704560663533,0.0152260134793929,0.015569579318108,0.0148548557390042,0.025087333801437,0.0100961190225229,0.0110973569596094,0.0280653816970722,0.0190277582315409,0.0156435831148681,0.0146463005567609,0.0168595874619183
1022,2018-12-17,0.0161625479833909,0.0175056890407548,0.0153769219338679,0.0199219227651994,0.0205367190448969,0.0171292277463516,0.0165042557842767,0.00985618279325055,0.014891731799276,0.0153209327577948,0.0154370730395257,0.0148887675066259,0.0246800792281058,0.0100962042094956,0.011135195235441,0.0280617145159559,0.0183774791748019,0.0156470488196649,0.014656751951526,0.0168009751833829
1023,2018-12-18,0.0161654929700004,0.0176367397782334,0.0153352979880231,0.0199266955835037,0.020285693126919,0.0171329457539975,0.0164995735748556,0.00987685705180095,0.0149426429731504,0.0152690192607231,0.0154351213929385,0.0148749073048956,0.0246842071842588,0.0101494896023859,0.0110955219720183,0.0283945949755206,0.0184079718034759,0.0157658068637001,0.0146551207874737,0.0168127888639122
1024,2018-12-19,0.016158863294277,0.0177404945757327,0.0151037324494055,0.0200029360371547,0.0203750516180147,0.0171704262045703,0.0163699078620555,0.00966989613086778,0.0148517465588542,0.0151787117458362,0.0153428836684869,0.0147898925566647,0.0245675828756154,0.0101395443907314,0.0110763874718254,0.0281367965157908,0.0184184596072706,0.0157592112951493,0.0148342855146501,0.0168057480155301
1025,2018-12-20,0.0161593253601674,0.0177141662356999,0.0149705977964305,0.0199189611727169,0.0202523763026274,0.0171679939035789,0.0163655277399592,0.00960267001651002,0.014841919473538,0.015179838065602,0.0153438933017305,0.0148253342202094,0.0245572847545307,0.0100866264097188,0.0110699111046718,0.0281511916773444,0.0184420248108752,0.0157662773575862,0.0148405292488879,0.0168435128704252
1026,2018-12-21,0.0161609724175021,0.0177974434508463,0.0149747134585232,0.019930840434166,0.0202988208123209,0.0170172988832278,0.0163915934935271,0.00961293637453777,0.0148139356331172,0.0151369511773412,0.01530293199475,0.0147643560593897,0.0245310474335879,0.0100028366150643,0.0110991486481289,0.0282066235271406,0.0181417461677156,0.0155898628205952,0.013934002364688,0.0171065713709567
1027,2018-12-24,0.0162034302736607,0.0175752009218215,0.0142449136750033,0.0189419305831425,0.0203489806991308,0.0160222086245116,0.016287520700678,0.00971268482034473,0.0145537104911396,0.0152286736750842,0.0151056327877749,0.0144071213167636,0.0240712823337795,0.00997862267053533,0.0110703390639485,0.0276514173272795,0.0179127623778873,0.0154546800842629,0.0139205004522932,0.0169925223596548
1028,2018-12-25,0.0162050275263275,0.0177785873245898,0.0140979078243933,0.0188854128474421,0.0203612961528249,0.0162595226056784,0.0162868923854905,0.00973638472651706,0.0146732028519495,0.0149915770397501,0.0151302790489917,0.014375759332397,0.024074833142968,0.00999751054012948,0.0110812356932335,0.0275919040621188,0.0178554938185521,0.0153959513482295,0.0138140522271882,0.0169635652107538
1029,2018-12-26,0.0162087171210017,0.0177765466418965,0.0141444469997894,0.0188066491946565,0.0202993404127708,0.0162238676375214,0.016288932252979,0.00971716311126224,0.0146725534959722,0.0149803968426144,0.0151549205119493,0.0143701650131219,0.024060223914634,0.00998475629737513,0.0110790107389104,0.0276839451371158,0.0178533824723795,0.0154425289118573,0.0138961902412567,0.0171518070052193
1030,2018-12-27,0.01619446488446,0.0188629461003373,0.0137604533048196,0.0184516244619462,0.0202887922603343,0.0159123601310618,0.0160561031336595,0.00975072928762526,0.0146081567005882,0.0148708557380355,0.0148448334429629,0.0142190676384534,0.0237311876342505,0.00998905470267565,0.0110793500080612,0.0276568863797097,0.0178055123647546,0.0153643681398359,0.0137408617526552,0.0167555018158781
1031,2018-12-28,0.0161575856642537,0.0190384474107416,0.0137579828230725,0.0184771246775775,0.0203663008311224,0.0159367590728328,0.0161061733234317,0.00972913841104124,0.0146775360305576,0.0149898461068729,0.0148507531098889,0.0142123124751551,0.0238409102276711,0.0100037163162341,0.0110847694242569,0.0276518181221103,0.0178417116676323,0.0154063163823185,0.013838761781169,0.0168052937458797
1032,2019-01-02,0.0161412331755998,0.0189575338375065,0.0136750257934159,0.0182403581197973,0.0205123810321671,0.015810306424321,0.0161151896426997,0.00972312482068115,0.0146737045335296,0.0149687704928662,0.0148353584025256,0.0141449602195227,0.0238338561888981,0.0104774571893975,0.0110830692250389,0.0283310164505232,0.0182207049603866,0.0153873892234577,0.0137986402629572,0.0167394813673398
1033,2019-01-03,0.0161509538918921,0.0189156895808343,0.0136249335156615,0.0181303053947983,0.0207196616885377,0.01579947667234,0.0161609875743372,0.00966118909392904,0.0146642629785491,0.0149663718078612,0.014838611811075,0.0141604918861152,0.0237806779304447,0.0106073416600092,0.011084470904974,0.0283385351532747,0.0185502642289442,0.0154311477694579,0.0139406658732925,0.0168358462181352
1034,2019-01-04,0.016286823563357,0.0192064224911046,0.0135594708417,0.0183456351732053,0.0211122988291786,0.0161360026643884,0.0164494855975643,0.00998814630647394,0.0147542124123886,0.0151029001763338,0.0149193971765835,0.0142029286673615,0.02400688806232,0.0105929145072453,0.0111247961008142,0.0292876567177347,0.0184329997634977,0.015431480678117,0.0139204689818024,0.0171375216196719
1035,2019-01-07,0.0161471052361379,0.0182798151976298,0.0135845088932566,0.0182315286743006,0.0207357219005715,0.0150441722854985,0.016681607482715,0.0101330250891199,0.014793528261194,0.0148766586022516,0.0147352984895119,0.0139849154709694,0.0239602268152323,0.010125994317451,0.010978021640033,0.029583853584305,0.0178949417939829,0.0154322455963125,0.0135113675716002,0.0173408441896414
1036,2019-01-08,0.015982644760912,0.0180982585048916,0.0131774730789146,0.0182945062339934,0.0208123767650119,0.0150117997638362,0.0165694135579655,0.010086311845245,0.0147937893397077,0.0146797360156439,0.0147011959974783,0.0139098027836406,0.0237986363203578,0.0101223472478189,0.0109774357057015,0.0297526656695227,0.0178581053201824,0.0156876688930185,0.0144387454247187,0.0173157642812594
1037,2019-01-09,0.0156951766132349,0.0180870283823106,0.0131675612516877,0.0183239079283044,0.0207754318632232,0.0152032208167637,0.0166636189895681,0.010048986058167,0.0148057473174702,0.0146807210318099,0.0146946932325995,0.0138929085852648,0.0240154575667165,0.0101657774399465,0.0109288351391032,0.029442340793749,0.0179455027108268,0.0152133513314036,0.014061147621612,0.017552379203152
1038,2019-01-10,0.0148496854810057,0.0167746285848984,0.012613175426452,0.0180798276920805,0.0205977966723694,0.0148355950076472,0.0158165360818599,0.00883390864558409,0.0134483481639365,0.0118734115819536,0.0125241933774499,0.0118895905298172,0.023075777662378,0.00983152183741301,0.00902229730379092,0.0291477631291525,0.0180675910934219,0.0151222112837743,0.014074621587235,0.0166247534522833
1039,2019-01-11,0.0148662060421467,0.0162505773116875,0.0121028839401278,0.0179538766821278,0.0206305853847624,0.0144772511178694,0.0158804445423216,0.00895242346150479,0.0134164675811049,0.0118441390458457,0.0125767752723381,0.0122225349782867,0.0230665779798491,0.00980867730241642,0.00904348008408455,0.0294194505045255,0.0180878170736694,0.0150819799214408,0.0137953051175287,0.0167498997420481
1040,2019-01-14,0.0148631023116362,0.0162654275090678,0.0119041671173505,0.0179635795492212,0.0206163796877406,0.0140414073483236,0.0157035332897043,0.00885418028198827,0.013254300589613,0.0116062285979466,0.0121208245966272,0.0121203325128149,0.0226671114447529,0.0097129662819536,0.00897434606274843,0.0294244508002888,0.0179525649678175,0.0150527116674801,0.0137165564525886,0.016749105289369
1041,2019-01-15,0.0149103998761079,0.0164492204588871,0.0119922484418579,0.0175829202651228,0.0206299575804241,0.0140243840860969,0.0157147394444015,0.00847822947454487,0.0132495052740341,0.0113428666394843,0.0118390857317466,0.0121138942600164,0.0226861774733149,0.00971294016291128,0.00867909140332682,0.0296057196263918,0.0179786545539111,0.0149205152248854,0.0132964787635861,0.0166114727556322
1042,2019-01-16,0.0148937988838484,0.01651584136128,0.0113287180390183,0.0176298634287139,0.0207403678885422,0.0139180254507241,0.0155038182497589,0.00847778304982123,0.0132495997308466,0.0113430877868053,0.0118409857888011,0.0121116465776041,0.021943681165945,0.00968945062615853,0.00867361481517998,0.0295131619616468,0.0177938049934062,0.0149603756222678,0.0132938354844206,0.0165418927700327
1043,2019-01-17,0.0117502628659248,0.0166484670948498,0.00995620532384647,0.0171309133452361,0.020293528127894,0.0126985884870017,0.0130201158028534,0.00710236286378329,0.0130198520084746,0.0107023637570503,0.011401524931178,0.0113312162331127,0.0212439519763021,0.00954027096196171,0.00796289651668813,0.0295893664661981,0.0171481442571912,0.0137461210821609,0.0128645394020992,0.0164235523700451
1044,2019-01-18,0.0116054479843547,0.0165861222900219,0.0099647694313912,0.0168645795560899,0.0202860189503654,0.0129134224876917,0.0129443200218062,0.00708160943637966,0.0133984383978038,0.0109189474691051,0.0111187728521329,0.0112164036678265,0.0209870108094586,0.00943060746482738,0.00781915362109163,0.0282582677381811,0.0170994433595767,0.0134942014370794,0.0126389089014297,0.0161835403657573
1045,2019-01-21,0.0108914986997322,0.0162235267992329,0.00905217702867798,0.0154647791728107,0.0195941272693508,0.0122220040709573,0.0120169434887401,0.00700739461339185,0.0127386169182837,0.00984281561755101,0.00963353982714176,0.0102094877152371,0.019654575149041,0.00884954109799832,0.00692063301295851,0.0282798093829737,0.0169928007749506,0.0129119272238262,0.0119138056491868,0.0155172120695757
1046,2019-01-22,0.0107539106014874,0.0161781788176106,0.00901092966806682,0.0143949641797862,0.016978654319506,0.0110357351922046,0.0116159149508295,0.00666490709920739,0.0126288783024132,0.00963940987495226,0.00948012607073072,0.0100495651750398,0.0192892841334895,0.00811169393913577,0.00648060327290986,0.0267611297100556,0.0157269286156751,0.0129360938757577,0.0115078350931209,0.0153906461901219
1047,2019-01-23,0.010584876688488,0.0162871363504989,0.00879610486506584,0.014695135347478,0.0169486902476445,0.0110092733284343,0.0114353036054312,0.0066710391437197,0.0126392146386767,0.00927501080984736,0.00946411354759015,0.010107699086683,0.0192062098870335,0.00806643737407551,0.00648148870369919,0.0254340075212377,0.0156072394356543,0.0129215832785489,0.0114622990992003,0.0154936478605798
1048,2019-01-24,0.0105385513616362,0.0163026697495731,0.0089255024519901,0.0144187819122517,0.0168797930659656,0.0109717477876649,0.011445250851254,0.00666764385161671,0.0126474654645267,0.00927610747519934,0.00948996282378521,0.0101102779423304,0.0192025210858559,0.00804155071071975,0.00648271795376757,0.0249568041861199,0.0156175642866885,0.012853811387099,0.0114215310113897,0.0154708311404111
1049,2019-01-25,0.0105463090131486,0.016202818595109,0.00920796329474539,0.014553861194023,0.0170376389442515,0.0109903616496206,0.0111228294116118,0.0066695884116372,0.0126177896250905,0.00929672556698288,0.00946791954321025,0.0100713485549254,0.0190608794631398,0.00804315057941946,0.00646993996134668,0.0244273445963363,0.0159686627790606,0.0128614879877122,0.0114200096964707,0.015421237753583
1050,2019-01-28,0.0104832710784541,0.0161566651190642,0.00900789716901665,0.014564629877709,0.0171814892123775,0.0107839308535844,0.0100744998810132,0.00639163184488539,0.0126822316825781,0.0092008585556059,0.00938240193987075,0.00987958746902499,0.018123108024692,0.00812933398844888,0.00648302903226414,0.0237556780434951,0.0159761411292903,0.0133003963080563,0.0116660561565959,0.014511293479583
1051,2019-01-29,0.0104747399338857,0.0161310571158038,0.00906897322215406,0.0148195860816121,0.0169853883766664,0.0108292564137458,0.0100696574631154,0.00651036625303,0.0126780856997312,0.0092613568890315,0.00917428809704369,0.00972948127761124,0.0181399308515785,0.00812575388361987,0.00619940128561228,0.0232911908385428,0.0157571321156967,0.013284023089501,0.011635008799721,0.0145358366483701
1052,2019-01-30,0.0104911979178578,0.0160601876113776,0.00892156534352013,0.0141979248641313,0.0173024764352275,0.0106765969727764,0.010042222812193,0.006493221053433,0.0125369028201369,0.00925363391915184,0.00846095132654895,0.00957321157922482,0.0180102422458933,0.0081327867216097,0.00683275455583445,0.0231411974777683,0.0157227302400125,0.0133535460986053,0.0116134358131905,0.0145260985540949
1053,2019-01-31,0.0105422318556222,0.0161277967778722,0.00924034276270355,0.0143294353499014,0.0172531643312129,0.0106778521910891,0.0100221516169063,0.0064939456952836,0.0126462508021446,0.00930260584483468,0.00845928787700671,0.0095675911371644,0.0178426895231452,0.00810608397050743,0.00697527714065471,0.022709965625203,0.0156823431948287,0.0140807584119867,0.0116713131525139,0.0146151198148793
1054,2019-02-01,0.0105107424298197,0.0158986632842452,0.00956953844440339,0.0140154575786437,0.017110925288612,0.0107204050412682,0.0101179807622658,0.00649372228519633,0.0129650888747418,0.00948238915036585,0.00765945414028223,0.00917690583352686,0.0172520050072328,0.00807545973923466,0.00655343194904806,0.0223538709781009,0.015403693758762,0.0141383824378366,0.011932400510851,0.0141183320189002
1055,2019-02-11,0.0105573471387605,0.0159702154556681,0.00960742496034518,0.0142737356442949,0.0173003412720099,0.0107916647842759,0.0101697446091462,0.00662687596780549,0.0134693558928386,0.00976822576374177,0.0078519852387113,0.00919422602917035,0.0170022171717771,0.00820688658102539,0.00657957040701833,0.0225999150910888,0.0153507763968195,0.0141585319585651,0.011913199364435,0.014033351530504
1056,2019-02-12,0.010633072894595,0.0159737994876351,0.00969771564082396,0.0144774731260045,0.0174162991865039,0.0107989591458337,0.0101759063587082,0.00658465117712578,0.01346257082228,0.00975520937955278,0.00789040049242594,0.00918726853898226,0.0169016886626834,0.00832187169105582,0.00659071340550842,0.022431470991929,0.0152686394449957,0.0142419386974439,0.0120915921857835,0.013844609559411
1057,2019-02-13,0.0107381554842197,0.0162510844349958,0.00993505089492199,0.0146519825036145,0.0174681705736159,0.0107539569876139,0.0101994353833318,0.00671615702457138,0.0139491101804715,0.0100316085160534,0.00809672970985,0.00922075764627986,0.0166664822399166,0.00835009639690978,0.00662492106625827,0.0224163526268697,0.01526116670835,0.0143832000199228,0.0122052279202711,0.0138183012694903
1058,2019-02-14,0.0106111876229082,0.016266763356717,0.00993343537932511,0.0146595780567465,0.0175376378282533,0.0107488590480153,0.0101367273525214,0.0065062261979164,0.0139210238250803,0.0100318372661982,0.00806530245760932,0.00920363062747992,0.0163239407268139,0.00834711641122181,0.00672108138430107,0.0224200359569472,0.0152842292797975,0.0141583842617087,0.0118306170426063,0.0134412363827963
1059,2019-02-15,0.0104063771935245,0.0162694356584406,0.00991504425417315,0.0144669333573852,0.0176089680666049,0.0106902912512886,0.00973173105291275,0.00634678998866878,0.0137777066853273,0.00986981015393175,0.00796165754284201,0.00911563765170792,0.0155781571361252,0.00825493054418379,0.00671153092653831,0.0224684447232359,0.0152857391487157,0.0134970428911457,0.0115151956839887,0.0132011332869727
1060,2019-02-18,0.0105704032913088,0.0171278992238938,0.0106989249007673,0.0148067095903853,0.0167897469508424,0.0108915459279416,0.00990221727294624,0.00638745488371143,0.0139079493233713,0.0101269463736401,0.00823670026264097,0.00960769325715087,0.0155381537362054,0.00801851195614145,0.00667008646338887,0.0229491326879478,0.0149315416979707,0.0134443689144159,0.0117606565990404,0.0138624414132021
1061,2019-02-19,0.0105956659263559,0.0172057662388768,0.0105490685623679,0.0148180680214519,0.0169699672190239,0.0108969961242538,0.00987449458544448,0.00634284109167046,0.013849289964165,0.0100025691681254,0.00817709557633492,0.00962672658497869,0.0153637045018603,0.00800004788016906,0.00667255402673005,0.0228748457107435,0.0149716697120843,0.013470242073595,0.0120757915968998,0.0138608831409476
1062,2019-02-20,0.00986091694459614,0.0171139628078427,0.01035434969816,0.0148439365762721,0.0169588296248065,0.0109242881456409,0.00954451876329755,0.00620997207094072,0.0139780771346228,0.00957048171408479,0.00806879932282572,0.00958973203762792,0.0142951232667283,0.00799856424904388,0.00652641856987478,0.022867001519282,0.0149911500665209,0.0134621604820833,0.0120665790720187,0.0137976180254841
1063,2019-02-21,0.00985647399706862,0.0170971092665365,0.0102569774546088,0.0148324339702844,0.0169618085071758,0.0109240515190278,0.00954450209393859,0.00618530338741501,0.0138595558459241,0.00963590554107491,0.00807473389015548,0.00951322027515311,0.0142510501870276,0.00769366127161944,0.00660266144313159,0.0228686495166709,0.0152815529515779,0.0134840988236143,0.0120594490712554,0.0138378062742202
1064,2019-02-22,0.00999516096339002,0.0172518328078321,0.0100650370973036,0.0147117931868678,0.0169029237057485,0.0110190705987025,0.00949647737236661,0.00618984629139619,0.014160752302406,0.00947685198466086,0.0080638441796015,0.0100235021992542,0.0141241812296352,0.007719833423397,0.00690775651171128,0.0228618060862622,0.0154482209527743,0.0136521668784374,0.0121998862132598,0.0138499299787132
1065,2019-02-25,0.0104794781308045,0.0173620962304413,0.0106341840197063,0.0155840437254804,0.016814717643591,0.0115984622954752,0.0099949091661521,0.0068876641797154,0.0150487985168014,0.0101295776040644,0.00986052096677975,0.0117294410028625,0.0143397310509264,0.00870392092772729,0.00727175251697985,0.0238853464077974,0.0154602463138527,0.014117351643601,0.0130941949113078,0.0141987931107486
1066,2019-02-26,0.0100498422790659,0.0170278547960677,0.0107128761136886,0.0152178606323222,0.0162508568685031,0.0116624651512665,0.00981400178311457,0.00683183727903928,0.0151246671151157,0.0100651163956948,0.00982968392659572,0.012701405195513,0.0136644350969849,0.00858812204984663,0.00715759511744939,0.0238396057279307,0.0146143764236075,0.0141641026947153,0.0131404080432755,0.0138492921473848
1067,2019-02-27,0.00952968024185664,0.0171010163732737,0.0105083915607265,0.0151758297721212,0.0160597450442186,0.0113556039807912,0.00969484952856229,0.00686923959298011,0.015287907899352,0.010068473405454,0.0100815000001968,0.0126471735131201,0.013651798522901,0.00856133663336636,0.007361791078589,0.023981370326491,0.0140212523802549,0.0140594687236064,0.0132292443383958,0.013864843884521
1068,2019-02-28,0.00946559136098258,0.0170015407459983,0.0104813917022442,0.0153197069497633,0.0160431889408626,0.0109537767103485,0.00963517281631237,0.00690505656737646,0.015425887892049,0.0100391419743246,0.010149126825396,0.0126059607641789,0.0137082259067502,0.00854317473744217,0.00736186989964879,0.0239573277196234,0.013996253400935,0.0140984403304644,0.0132618986549997,0.0138559748430969
1069,2019-03-01,0.00802950490200524,0.016543356492158,0.0104340891690659,0.0151895563479018,0.0159098418360727,0.010641944725866,0.00896973111757295,0.00663061224453121,0.0142222481845501,0.00910337431078685,0.00942614186606921,0.0122202266485963,0.0125841292451719,0.00843838359851935,0.00714665240347093,0.0236813105926609,0.0139720012070626,0.0135252144468993,0.0130678892185684,0.0131003277640622
1070,2019-03-04,0.00788224087970637,0.0167028318237021,0.0101881829398813,0.0153830308685917,0.0165760661253974,0.0105111288734155,0.00888727337413594,0.00665555765872342,0.014058594335557,0.00908532250782395,0.00928228371836165,0.0122080321508384,0.0123012967315867,0.00835460500815532,0.00750597532446174,0.0235016799007474,0.0139818472523233,0.0134922413564343,0.0134161653045785,0.0127446377408267
1071,2019-03-05,0.00786329990671468,0.0167621559006222,0.0101242004568978,0.0153431900872256,0.0166684435410726,0.010505692428096,0.00890212008071042,0.00660594123769995,0.0142654772793151,0.00907926471866204,0.00929728047547407,0.0123420768733371,0.0118029586635737,0.00832733101913223,0.00768646876952644,0.0231803011409174,0.0139546874043637,0.0135516709521932,0.013490592794604,0.0127344621311055
1072,2019-03-06,0.00784983621567375,0.0168176002735857,0.0100908556167876,0.0154963286601098,0.0166725058471959,0.0107615575368791,0.00890251930871181,0.00662475891945597,0.014165753233532,0.0091758214727871,0.00935327723768506,0.0124214101134844,0.0118671772624622,0.00832351525130824,0.00767424780287878,0.0230975290585009,0.0140014792268235,0.0137159351150546,0.0140136744752038,0.012712517109269
1073,2019-03-07,0.007734809759514,0.0166281054760912,0.00988187553571844,0.0153003246049687,0.0166439969502299,0.0105973635777623,0.0088850599536485,0.0065775932500523,0.0140318785533986,0.00919236596340248,0.00948100166144655,0.0129053131574463,0.0115101735614519,0.00827146364283099,0.00767241481905521,0.0231122097251632,0.0139898899785481,0.0132903780405729,0.0139721581764058,0.0126713710281374
1074,2019-03-08,0.00861758883313534,0.016858854083757,0.0106891920328625,0.0156978079126732,0.0160723881061183,0.0120285193682566,0.0107304803705183,0.0088845373441883,0.0168535162297426,0.0129998100804592,0.0132467057351282,0.0158505260241318,0.0133569215875307,0.00894286236469831,0.009824251342695,0.0242258253319433,0.0143678180194859,0.0147288094966787,0.0148001119432773,0.0130468777044204
1075,2019-03-11,0.00828310430968489,0.0164472846125108,0.0108478112853487,0.0156818980752229,0.0159609367781996,0.0120359295766122,0.0107896373152091,0.00886278627900054,0.0172824885226813,0.0129670315396126,0.0131152783256062,0.0161705948426703,0.013321390742251,0.00874519570466862,0.00968596470408849,0.0234723912074461,0.0135491703327392,0.0148062257921245,0.0147766964011582,0.0129554350239387
1076,2019-03-12,0.0082790808273396,0.0164948195016562,0.0108392000099693,0.0155745675251348,0.0161225449014837,0.0120316610705777,0.0107398984871881,0.00885751735582005,0.017290190719324,0.0129798194742542,0.0131706752630723,0.0161394000042658,0.0132377079823785,0.00875247911330134,0.00969883262595018,0.02336419237617,0.0128841031506035,0.0147296207938344,0.0147288832775498,0.0129614400774257
1077,2019-03-13,0.00827899956456495,0.0164825863451926,0.0108809667936525,0.0152439206374516,0.0168438371525161,0.0120676654147654,0.0107846572910219,0.00907289014434919,0.0173274954271907,0.0130410214027049,0.0132088908723761,0.0160922801296021,0.0132255856210786,0.00884145807557791,0.0100095189867257,0.0233019803414777,0.0128823665892803,0.0147502577125203,0.0147651615820583,0.0129922623641325
1078,2019-03-14,0.00815487780411209,0.0164606868589033,0.0105974133525581,0.0147903493916813,0.0172727188414307,0.0119771435894676,0.0108282178050731,0.00938665749458426,0.0172134589003304,0.0130398198507844,0.0133812559855816,0.0163191064567691,0.0126660740232043,0.00896304214048927,0.0102092295052635,0.0234033223464647,0.0129214817931288,0.0154091842804524,0.0151773321945181,0.0128257438238858
1079,2019-03-15,0.00818545917626295,0.0165342608597168,0.0106348674828547,0.0148357590517326,0.0172724384123566,0.0120063354817555,0.0108045147769004,0.00941108246906972,0.017224653654327,0.0131288046395977,0.0135090221317446,0.0164105865014495,0.0128947614936249,0.00896852373036955,0.0102014289604007,0.0234301820090556,0.0128209081164665,0.0154066893755969,0.0151723254125048,0.0129066034157992
1080,2019-03-18,0.00836246199801247,0.0167517992390983,0.0107303966401666,0.0145412319345754,0.017321081259744,0.0120894860839571,0.0109875183869998,0.00953621566556536,0.0173549204549884,0.0132650603042184,0.0136521870140939,0.0163976339804461,0.0130052973119041,0.00896619119106069,0.010559583934,0.0231278389457392,0.0130776458679307,0.0154259942762254,0.0153396019177281,0.0129668352654703
1081,2019-03-19,0.00838214277184042,0.016748642431233,0.0106737264022835,0.0142130268539193,0.0172275629376327,0.0121661251443362,0.0110148654067969,0.00953771716400003,0.017541811931854,0.0133054228464713,0.0136353781034132,0.0163976823250539,0.0130534915039787,0.00901568972316216,0.0105613854354158,0.0216559722461557,0.0131598294374329,0.0152896825855149,0.0152143424311365,0.0129838738305925
1082,2019-03-20,0.00838036946513982,0.0167417202946554,0.0106997730771837,0.0143370781532126,0.0173108559809928,0.0121733516177056,0.0110166257355198,0.00954413015103995,0.0177035428938784,0.0133694244127415,0.0138491552959066,0.0163787874682736,0.0131041547784179,0.00899572432028655,0.010580030502566,0.0216057120507558,0.0131780457838408,0.0152807975290865,0.0152429304486562,0.0129842199828181
1083,2019-03-21,0.00838053262372671,0.0163900983430025,0.0106998911819074,0.0143618986444276,0.0172147146153001,0.0121772947085275,0.0110164726986185,0.00953928448610861,0.0176948768948128,0.0133009438809591,0.0137699053736763,0.0163795764408913,0.0128361436773025,0.00897634620365919,0.010528510471189,0.0216062754618261,0.0132158706621985,0.0153603840413446,0.0157770124786559,0.0128883920084009
1084,2019-03-22,0.00829257081263342,0.0163558256610695,0.0105824817167189,0.0138924227124097,0.0169459417064373,0.0120361042490334,0.0108857948792026,0.00952678644809727,0.0176146043997954,0.0132344961605129,0.0137659254651823,0.0163768512703756,0.0127706897332597,0.00900482123760652,0.0105140353235055,0.0215411223627081,0.013193126776248,0.0149484143034952,0.0155495302468465,0.0128062656541679
1085,2019-03-25,0.00851714285895069,0.0163865558382986,0.0120580152869796,0.0137721370691557,0.0168867032433534,0.012371876882904,0.0112385319647854,0.00973750418690881,0.0181235953856432,0.0134993594549826,0.0141570632762332,0.0168128112832532,0.0130233306277438,0.00900281167825826,0.0105310485638697,0.0210695803024977,0.0131874694165287,0.0150077137893928,0.0158573580691886,0.0127654498834583
1086,2019-03-26,0.00841530696391873,0.0162625987918733,0.012198457856395,0.013631216278094,0.0169147883308821,0.0123163084802071,0.0113334947841803,0.0101234885406397,0.0181896809561277,0.0137100498636847,0.0143389007315572,0.0170349303356726,0.0130288416488066,0.00899920708175773,0.0106373670454199,0.0199306939281669,0.0130781539805574,0.0148852275277193,0.0160293315161961,0.0126361563333435
1087,2019-03-27,0.00821668014839536,0.0161491551139374,0.0121961432949884,0.013337650359111,0.0170991018435058,0.0121779042008062,0.0111920235283431,0.0101164155877001,0.0182353474643737,0.0136804431355886,0.0143608556127895,0.0170386890344834,0.01294983346033,0.00899474060691944,0.0107015149503452,0.0199280395336543,0.0130831841760457,0.0148776929343273,0.0158400421710792,0.0127243767156124
1088,2019-03-28,0.00815543213165116,0.0162450850675684,0.0124560522210875,0.0133343585860814,0.0170817037669152,0.0123719160976086,0.0112170737350328,0.0102475970193888,0.0185293787920246,0.0137579565319294,0.014481456355779,0.0170833884659708,0.0130761110474186,0.00899431848753976,0.0108362955390543,0.0192485287962555,0.0128822163421048,0.0150620985130899,0.0158819958952905,0.0125379635864863
1089,2019-03-29,0.00819968402588929,0.0163615382673713,0.0123860349173736,0.0134353794763424,0.0172286510039312,0.0123713505245933,0.0114411463385087,0.0104414914118255,0.0186749774914508,0.0140340755523225,0.0145710767252959,0.0175343078088759,0.0131586134633762,0.00901655368002215,0.0108695325811188,0.018772337228567,0.0128716407515105,0.0149980248074517,0.0158540040442639,0.0115687534408473
1090,2019-04-01,0.00844573658843616,0.0166683336971526,0.0123858578731332,0.0142803194523454,0.0173523202912173,0.0131271203770573,0.0117413106181224,0.0107048471356266,0.0193323226396659,0.014964929495864,0.0150682462980168,0.0181575288256772,0.0136519405700888,0.00950819091274359,0.0112695486595863,0.0188109672974476,0.0131572278280729,0.0152584919610775,0.0159912386016804,0.0114485102804056
1091,2019-04-02,0.00814105196386444,0.0163949595950992,0.0123120439388169,0.0140301307763373,0.0173356775099838,0.0125621472488297,0.0115163746503645,0.0107265783391227,0.0191825640113133,0.0149395608011029,0.0149866730032075,0.0181992521799206,0.0133664473118668,0.00949229119612719,0.0113092335871728,0.0190522492418904,0.0131670900350375,0.0153079642593317,0.0160345470417502,0.0113952563864376
1092,2019-04-03,0.0080982515168592,0.0165165701396718,0.0121593570361898,0.0147509498247645,0.0173313888622352,0.012559182404591,0.0114351596891891,0.0107580488080638,0.0192358060340826,0.014935052217806,0.0149840122820837,0.0181992103098514,0.0133386076990519,0.00954732855537563,0.0113138331379748,0.019051369208992,0.0134290503179635,0.0152533728984044,0.0159683264893333,0.0114294390740475
1093,2019-04-04,0.00805329940430895,0.0148688306129714,0.0120557580877204,0.0145389272252719,0.0174900241297692,0.0125228333448791,0.0113945276804222,0.0107565043552826,0.019297660700431,0.0150292095907838,0.0150048536240293,0.0180199562983053,0.0134763240482923,0.00958185342832293,0.011355655465097,0.0192424075113823,0.0136026478002887,0.0152204696197077,0.0159228140990876,0.011034826402566
1094,2019-04-08,0.00809883309058061,0.0146171321640211,0.0121407466301008,0.0155533715701345,0.0174052233191668,0.0128362500626852,0.0114297852566802,0.0107826097305396,0.019321670081474,0.0153762309537501,0.0149718298583617,0.017984693768031,0.01388604892928,0.00981551511380369,0.0113458816927585,0.0197912275014418,0.0134853991148288,0.0151794939733087,0.0158872748062588,0.0110313565519078
1095,2019-04-09,0.00833040300500561,0.0146125053722302,0.0126956185478835,0.0160981269605502,0.0172031067520872,0.0127970306258009,0.0116925843554086,0.0109090336357699,0.019658457884387,0.015668706610139,0.0151588534798599,0.0179862758601797,0.0140067000106713,0.0093164529270993,0.0114087627690576,0.0199708152172072,0.0131089911705858,0.0153144722233505,0.015923602782843,0.0111629682910998
1096,2019-04-10,0.00836069712850875,0.0146120539603645,0.0127394949979127,0.0156252594516012,0.0168565996787655,0.012819363117641,0.0118516970168284,0.0109303460538136,0.0197779491642298,0.015665875562665,0.0152977559304269,0.0178956279565296,0.0139004951280675,0.00918053378416593,0.0114227799737733,0.0198728809859703,0.0126035169479899,0.0152479004362326,0.0161345917909828,0.0106351073696967
1097,2019-04-11,0.00822839131715324,0.0143945571219763,0.012997209800356,0.0165101004704481,0.0164496515647331,0.0130194114611481,0.0118721357725492,0.0107875775385169,0.0197764260419011,0.0158197731396329,0.0155424949660137,0.0180042098369533,0.0138411099648803,0.00919402087864992,0.0113686666494843,0.0198989254604306,0.0127224173632317,0.0154356797736363,0.0164558379464933,0.010747644064159
1098,2019-04-12,0.0081467860650038,0.0143603215063235,0.0130075703080354,0.016494065577689,0.0164225946264037,0.0129989244888518,0.0117133659667872,0.0105594956154079,0.019839186236483,0.0158284122850473,0.0155799808975673,0.0180188777783806,0.0138822517108073,0.00921637729842439,0.0115591454507663,0.0199329083820919,0.0135609060857437,0.0155189889051938,0.0166083932431712,0.0109359427663526
1099,2019-04-15,0.00814829666973556,0.0143603084576542,0.0130219728150501,0.0166994508871216,0.0163877190187025,0.0129614172535919,0.0117192926774269,0.0106454535348727,0.0199049826074058,0.0158500603402658,0.0156578855520824,0.0181308582066819,0.0138585773205705,0.0092275290051681,0.0115578605842383,0.0199547098783145,0.0135723162453842,0.0147518291191282,0.0156301336285487,0.0108967535834755
1100,2019-04-16,0.00837059707593061,0.0144706529797207,0.0130807247397204,0.0167423920233212,0.016307328591608,0.0129259788291349,0.0119137782025218,0.0109532607668224,0.0201052280208304,0.016130297516278,0.0157716698069591,0.0182722877884254,0.0136089180085915,0.00919550214178263,0.011575536297556,0.0199775177324828,0.0134341542216204,0.0149054527514962,0.0156425059230773,0.0108090048734765
1101,2019-04-17,0.00836188482410347,0.014501784655944,0.0130490990492027,0.0167811202660159,0.0160821947577377,0.0128334347468214,0.0119168691969942,0.0109609494357014,0.020105552540544,0.0161299976389986,0.0157710269290502,0.0182885897413411,0.0136086151861868,0.00917450591062238,0.011591350466047,0.0197529467946221,0.0132657970853923,0.0146588093956712,0.0156705348308471,0.0108156106711059
1102,2019-04-18,0.00833115327868195,0.0143286226279333,0.0130503638040997,0.0167800511878349,0.0160739229594457,0.0128587023924107,0.0118982743486043,0.0109004989732276,0.0201338237344014,0.016147029608814,0.0157300926134838,0.0182372009308337,0.0135535708289952,0.00942368436948894,0.0116205382639437,0.0197417607663724,0.0132205702524823,0.0146634620559211,0.0156713008875113,0.0108185867342397
1103,2019-04-19,0.00823249523371678,0.0142618668847167,0.0131344755168181,0.0168417246920761,0.0160461121813257,0.0128585005862334,0.0119135823511135,0.0109160719207368,0.0201350653730007,0.0161404769494479,0.0157634081030417,0.0182188308631614,0.0135404562102414,0.00942702431962416,0.011629291435855,0.0197997180950932,0.0131257529379819,0.0146591511965173,0.0156317015093796,0.0109709550135048
1104,2019-04-22,0.00844660672167226,0.0141931999750586,0.0132705401363894,0.0175428398349485,0.0161497279375929,0.0131271391589217,0.0124020976040977,0.0109959593481038,0.0202512615855519,0.0163080074282883,0.0159358731731294,0.0184463635377969,0.0136940155927799,0.00998132448014191,0.0119837449575403,0.0197681181181836,0.013051813241792,0.0146940945102685,0.0156408428320921,0.0111810981232471
1105,2019-04-23,0.00845204105775562,0.0140016386368214,0.01324345563206,0.0175493776306963,0.0159643158319447,0.0131109752803655,0.0125721796171613,0.0110605907687665,0.0202908349068388,0.0163914275828336,0.0160349965103694,0.0185010743444433,0.0137352243283548,0.0101231541108527,0.0121183391361329,0.0197780517847669,0.0130544063374732,0.0148534062812426,0.0159040252208295,0.0111623698246338
1106,2019-04-24,0.00841802837808198,0.0131518611941407,0.0133149966688063,0.0175597606872575,0.0159299498133327,0.0131113330864618,0.0125798649237479,0.0110709980351186,0.0202588838724092,0.0163892826574755,0.0160498359693841,0.0184681819701103,0.0137264473914696,0.0101232662978216,0.0121061232033989,0.0197876387006941,0.0130995010212267,0.014853010785072,0.0159043525514366,0.0111381238323316
1107,2019-04-25,0.00858313190042971,0.013278265148363,0.0136314410296304,0.0180490680837334,0.0159431362561618,0.0138338082036458,0.0131574594871372,0.0115240522269798,0.0203121080601802,0.01667069065656,0.0164883780494159,0.0188791501247588,0.0144300021756069,0.0105217993501965,0.0122525685990301,0.0200728837834278,0.0131536110465628,0.0152679766472903,0.0162251486627398,0.0113681354002872
1108,2019-04-26,0.00867891685209338,0.0130171685884415,0.0136055614212462,0.0180584081253161,0.0160222986001913,0.0137352482440677,0.0132234314200683,0.0117626081667845,0.0211905310774794,0.0171266238371697,0.0167341921823524,0.019068167103947,0.0144189113575831,0.010597825758401,0.0125800533601324,0.0201379737079086,0.0138521085148699,0.0153142767398436,0.0162214842202473,0.0114558237083889
1109,2019-04-29,0.00870151694133782,0.0124600778779068,0.0136314178788231,0.0178888964361994,0.0159577134667708,0.0136981889334812,0.0133763729952073,0.0120526427244873,0.0226221861758611,0.0175453595293407,0.0170452599864788,0.0197771682948398,0.0147220141124052,0.0105038149860729,0.0128800525356676,0.0200595096961229,0.0139594859107149,0.0162429915382173,0.0165557494781699,0.0114737200066762
1110,2019-04-30,0.00869928384890796,0.0124377496090297,0.0136175616296504,0.0178992830224958,0.0164787358047728,0.013691662501175,0.013376607152811,0.0121358871668356,0.02271369701121,0.0175273243190146,0.017046097822775,0.0197901589168175,0.0147604833921971,0.0107236951352514,0.0130915134979957,0.0200663760383086,0.0140147358325156,0.0163274738034346,0.0166364698868312,0.0113793734881853
1111,2019-05-06,0.00937954921001007,0.0129148909294429,0.0143583685734893,0.0193573534068336,0.0170592663989292,0.0151618324429017,0.0148582424220016,0.0134499978174459,0.0242435047085821,0.0193243803791319,0.0194256560992236,0.0211372451311605,0.0159607949858597,0.0109210802547819,0.0136757944463142,0.0212071470778549,0.0157234282024234,0.0166762620028012,0.0167796632578274,0.0125091911735404
1112,2019-05-07,0.00938603608637568,0.0128526855265044,0.0142868383115043,0.0193897070587032,0.0168941639698338,0.0151661401948597,0.0148508262633446,0.0134560389355152,0.0242510419637528,0.0193270939283777,0.0194121223249081,0.0211403773490037,0.0159507060156228,0.0109233976101397,0.0136491342055902,0.0212099833632135,0.0154805392745513,0.0166801692296711,0.0167752336331571,0.01243494166741
1113,2019-05-08,0.00939438918276518,0.0127419822209536,0.014309925517072,0.0194415679594909,0.0167529257990804,0.0152099433052594,0.0149788330281536,0.0134809472479685,0.0245804968532365,0.0193374033629731,0.0196134097239618,0.0211553392236013,0.0160101485236269,0.0108482611274338,0.0136958113534873,0.021214080635281,0.0154520897399772,0.0163422185571196,0.0169154030647759,0.0124388955784249
1114,2019-05-09,0.00947132701334682,0.0122261799351413,0.0143045173651426,0.019427656547228,0.0167397599677927,0.0152686520113341,0.0150566551825335,0.0134465674416609,0.0248537357399122,0.0193069063701109,0.019682454369675,0.0211538362845854,0.0160945398465122,0.0108602593931986,0.0138440357660013,0.0217098366992226,0.015456868226412,0.0164633448212702,0.0168806981479472,0.0124713028678321
1115,2019-05-10,0.0094869904523948,0.0119261635956879,0.0143986830753423,0.0195892234172814,0.0158947963303242,0.0153883327553957,0.0152027683501036,0.0135172649928468,0.0249937275239043,0.0195314878948609,0.0199043733902984,0.0213027246994266,0.0161850997619461,0.0108367817750304,0.0136935787264854,0.0218822707992637,0.0154480409805156,0.0164769868495749,0.0169212339987045,0.0125738984324087
1116,2019-05-13,0.00951208615986247,0.011927199645925,0.0142973047977324,0.019869076092591,0.0160645803741187,0.0154700734281052,0.01521714519285,0.0135971160031709,0.0250772162111787,0.019554210320388,0.0199932272330794,0.0213909041989114,0.0161912148409755,0.010874799494947,0.01365833815222,0.0222504378298051,0.0154938236904894,0.0158418119108271,0.0163901805981177,0.0124990064055082
1117,2019-05-14,0.00950977742862237,0.0118815233625038,0.0140460907417126,0.0198394069539821,0.0161266924523168,0.0154545597537352,0.0151587875834448,0.0135745116975504,0.0250402539364775,0.0193830030216879,0.0199224222504736,0.0214255704024694,0.0161092744654238,0.0108515111885048,0.0136548969258394,0.0222586690612877,0.0154462579880728,0.0158439847506168,0.0162592429868956,0.0124939920743089
1118,2019-05-15,0.00954480766940752,0.0119707549383769,0.0140994609133871,0.0200123242813736,0.0159832278996665,0.0154905853185579,0.0151736097727802,0.0134881861746161,0.0248791152775856,0.0193584919436486,0.0199546030233826,0.0214444027570901,0.0161994071156672,0.0108005188487855,0.013693634620633,0.022342989067079,0.0156752814989452,0.0157309991781631,0.0162298543668316,0.0125083844252915
1119,2019-05-16,0.00956141340999464,0.0120026166942447,0.0143181691747279,0.0201936337004172,0.0158593084139462,0.0155593415280988,0.0152653753970816,0.013536908272557,0.0249421496262345,0.0199526080128665,0.0203895761209926,0.0221742201238712,0.0162272499194972,0.0107274147486214,0.0138895122198394,0.0224977771597109,0.0158728697797872,0.0156959555547847,0.016169655581859,0.012534943424091
1120,2019-05-17,0.00955470848664264,0.0119570976925586,0.0143339717753356,0.0204624208526771,0.0164050566787617,0.0159363835601893,0.0153333202475233,0.0137855424956412,0.0251907807040445,0.0201120027261059,0.0207010927978845,0.0235197869587992,0.0163259618394007,0.0107040660809639,0.0140317607236817,0.0228448070625591,0.0162738675616691,0.0161324537732812,0.0162823203920765,0.0126724193017168
1121,2019-05-20,0.00955854563701134,0.0119834629773639,0.0143295268069647,0.0204660015182849,0.0164565135032467,0.0159541140596739,0.0153366923492841,0.0137817417194009,0.0252596764511198,0.0202618216634096,0.0207041980511346,0.0235234861953081,0.0163363507511255,0.0109678647959287,0.014034286724878,0.0231928203852933,0.0161350979269618,0.0162106662200225,0.0166548254040573,0.0127231600382908
1122,2019-05-21,0.00958656690168975,0.0120241089309865,0.0144098355243462,0.020350733958893,0.0164081305826285,0.0159133602090624,0.0155449882295002,0.0138552115595526,0.0255137976421269,0.0207797967774996,0.0211949083892035,0.0235209158038852,0.0163904172453511,0.0110129968817976,0.0140616435863746,0.0230923903095678,0.016364346063986,0.0161614365357358,0.0166619702095276,0.0126404998544926
1123,2019-05-22,0.00948693167166048,0.011212808080959,0.0139412035334319,0.0203724948352324,0.0164301066628113,0.0158082388905367,0.0153626689284686,0.0138110598443074,0.0253110068788299,0.0208786214571226,0.0211184449867642,0.0235482938972677,0.0163336544796636,0.0109194595697517,0.0139621296732921,0.0232605448849132,0.0163349627199909,0.0161310629336438,0.0164866148463584,0.0119498918220257
1124,2019-05-23,0.00946741202480998,0.0112188203937235,0.0139413637094937,0.0203530950662103,0.0161867744973721,0.0158571929481087,0.0153486410919896,0.0138562020221912,0.0253614178776942,0.0209332255133369,0.0211517472296105,0.0239443088604668,0.0164493397022818,0.011103871646375,0.0139839053760313,0.0239813832346768,0.0162802755182248,0.0160719343062079,0.0163504504726624,0.0120159404105472
1125,2019-05-24,0.00946633484138592,0.0112344799318878,0.013999169767479,0.0203567673838838,0.0161849757710246,0.0158411360696596,0.0153421258321046,0.0138430687360583,0.0263031494828052,0.0209133923883218,0.0212359635401661,0.0241908218978013,0.0164720183876299,0.0111167893919995,0.0139726973539694,0.0240007859149141,0.0163561545084457,0.0160573993128166,0.0163569132714141,0.0120011378501332
1126,2019-05-27,0.00947362980210015,0.0112832941203965,0.014018917488264,0.0203605269230874,0.0161693782222038,0.015895845231882,0.0153935667546246,0.0139425350960012,0.0266890403011923,0.0209478458724239,0.0213076786550812,0.0242198006603615,0.016549585115576,0.0111427331161156,0.0140220889795068,0.0240025964653481,0.0158118132189793,0.0159899698041758,0.0163970930565628,0.0119588791731642
1127,2019-05-28,0.00935435896645639,0.0111946537365434,0.0140500435456957,0.0203571386113667,0.0161790967248817,0.0158169623452006,0.01539440438441,0.0138605158066362,0.0269134322488743,0.020943145152438,0.0212485148324716,0.0240811250389773,0.0165365578104586,0.0111117870121636,0.0139263506542199,0.0240085845667571,0.0155773771281472,0.0159343505337016,0.0162914190652707,0.0119288941093804
1128,2019-05-29,0.00883777377728428,0.0110591804029201,0.0134251971527562,0.0198968532199265,0.0156515114854545,0.015309701973626,0.0149838559561754,0.0134351368467971,0.02622762438095,0.0206565277009227,0.0203122015633518,0.0232698958889823,0.0163438701833094,0.0100987235031836,0.0136602253633485,0.0228694089507419,0.0154895124621601,0.0153339536928537,0.0155613033307221,0.0114941420013705
1129,2019-05-30,0.00884522043911216,0.0110360039960216,0.0132833068826192,0.0199904324538326,0.0156276138081576,0.0151758148154675,0.0148272186936371,0.0133407015768367,0.0266166237945611,0.0205444571932326,0.0200557971188942,0.0225759394526788,0.0163333041284262,0.0100944177573147,0.013650392051016,0.0228477987934078,0.0154856023113475,0.0153236372816368,0.0155370241587531,0.0114856777837476
1130,2019-05-31,0.00885119549540629,0.0107347909849483,0.0132800588030163,0.0201009786293135,0.0156242863583388,0.0152223096939436,0.0148125367469821,0.0133468633800229,0.0271421599709168,0.0205067304764333,0.0200219329826058,0.0226909687757842,0.0163584318501188,0.0101181805423433,0.0135845007790035,0.0227402521029356,0.0152183858835006,0.0156834992339464,0.0157755770309357,0.0114687319070176
1131,2019-06-03,0.00885916717151574,0.0107327756681941,0.0132656863545289,0.0200034833313375,0.0156326430338821,0.0152064534288832,0.0148133386085028,0.0134152934988015,0.027604963779162,0.0206138332577816,0.0200290081372776,0.0227594683857116,0.0164305057414748,0.0101095395242423,0.013581219686428,0.0227312145554612,0.015154377162686,0.0160907211483589,0.0161572063177825,0.0114000373655302
1132,2019-06-04,0.00887874456033858,0.0107343315474036,0.0130687790601647,0.0200169116208691,0.0156628720194966,0.0151338460101484,0.0147556471573169,0.0134203742104797,0.027961289338514,0.0207074113143094,0.0199824367840735,0.0225979997203623,0.0163010979223687,0.0100982404061327,0.0135691354406709,0.0225740478523989,0.0151851517333504,0.0160904891655693,0.0161422663431531,0.0113050736079473
1133,2019-06-05,0.00881177973512493,0.0106010358417262,0.0130226979647501,0.0198747515373985,0.0149253995175789,0.0150107966504755,0.0147323056597648,0.0133593059639605,0.0279749791228924,0.020613475883484,0.0199597296680827,0.0224115966589939,0.0162815706556163,0.0100511586361897,0.0133287801312805,0.0226022985174493,0.0153413267307359,0.0162322281023404,0.0161867267515973,0.011321701320996
1134,2019-06-06,0.00882443066870198,0.0105722585595353,0.0129904030086715,0.0198611804760493,0.0146030887495642,0.0149465824834804,0.0146794900658868,0.0133215377548586,0.0276110126792755,0.0205627365790165,0.0198953465149858,0.022266399107145,0.0162610927354639,0.010052011647287,0.013158527462994,0.0226117741315864,0.0153906894878002,0.0162633898714444,0.0162373709994217,0.0113287449589803
1135,2019-06-10,0.00889830540305754,0.0104552809573724,0.0129708011825387,0.0198110208432714,0.0145689923738763,0.014693253533245,0.0146780040445804,0.0133556396264477,0.0276981670346314,0.0204461605648174,0.019854550610959,0.0221385948113515,0.016216509094752,0.0100523135361509,0.0132138187120894,0.0223565203755895,0.0153926513875072,0.0159252360922839,0.0157646111717614,0.0113588514445238
1136,2019-06-11,0.00905473088186844,0.0105641891829031,0.0132214251433148,0.0205996012903789,0.0147858180643844,0.01519012041104,0.0148575180455773,0.0137346513628817,0.0276901869396302,0.0208374950548594,0.0205038271954539,0.0217355575091953,0.0166163135437413,0.0100851992447572,0.0134007529003203,0.022686728155802,0.0155868985839867,0.0159440467424634,0.0157817438082841,0.0114718739479487
1137,2019-06-12,0.00829221601669216,0.00986886155728025,0.0127834826793688,0.0202571116254904,0.0146110088983496,0.0142729103336431,0.0138351165212172,0.0125506738281743,0.0268211948541542,0.0189612636274651,0.0188779398865437,0.0200877730472022,0.01523695681167,0.00950499082049509,0.011993514706471,0.0214810037624191,0.0149269646139383,0.015062612571777,0.0153654055039251,0.0110746841889416
1138,2019-06-13,0.00820708863459624,0.0097735368615421,0.0127277819279491,0.0202404719475359,0.0144158545934502,0.0141758003835799,0.0134749707430427,0.0123686706084187,0.0261026339789791,0.0188356284274793,0.0188217958355918,0.0196656684998848,0.0149536342019379,0.00954676654908638,0.0118866910793618,0.0215155901701223,0.0148381647589837,0.0148781459353864,0.0153395205545119,0.0108523222244168
1139,2019-06-14,0.00818948455161851,0.00976418492066156,0.0127395517125873,0.0202491505859286,0.0141293344125123,0.014185131602478,0.0134612923775786,0.0123895683956801,0.0259192071671785,0.0189578609210667,0.0188543165408136,0.0196317100163981,0.0149693793640144,0.00952322262562224,0.0118503824422526,0.0216122798360024,0.0149926519731985,0.0149989229897528,0.0157151215929925,0.0108666463883831
1140,2019-06-17,0.00818567174654227,0.00968912697304272,0.0126517370879679,0.0202651923394156,0.0131935677742187,0.0141781040140666,0.0134302015736076,0.0123059933961236,0.0256541356273802,0.0189394713196243,0.0189336772104273,0.0198217368072351,0.0149793326780526,0.00949802065937849,0.0116490130819706,0.0216065941922917,0.0149761523221193,0.0152637559946264,0.016004917401031,0.01077058077541
1141,2019-06-18,0.00820184224472608,0.00968837269172292,0.012645393904886,0.0202484310804609,0.0125793365647851,0.0141965815392622,0.0133530879015647,0.0121420816337823,0.025624123868079,0.018906929854075,0.0189000665220832,0.0196533327322333,0.0149669873029367,0.00944236466674233,0.0115302214162758,0.0212230043441596,0.0148886366736515,0.0151855795097387,0.0160027642808602,0.0107440147218375
1142,2019-06-19,0.00815130047157386,0.00962073508552052,0.0125265144525218,0.020303561383021,0.0126537508738383,0.0141326044229007,0.0133088775612598,0.0121266157099394,0.0254162040852267,0.0188364800832392,0.0188312047508561,0.0194640704200573,0.014749928520191,0.00927658086770024,0.011555452000085,0.0213964678650915,0.0148738132716406,0.0152025914993786,0.0160365600589025,0.0106226432345861
1143,2019-06-20,0.00794419257845014,0.00943711458857041,0.0125202482228673,0.0205700308907993,0.0128706726307026,0.0140439231247813,0.0130832956551553,0.0120669887986043,0.0248758190857383,0.0187183320354526,0.0187670212626896,0.0193453369897319,0.0145320941241579,0.0092658512089677,0.0112614047263269,0.0220255653750274,0.0147103791092076,0.0154708553140902,0.0164340527033669,0.0104889553977699
1144,2019-06-21,0.00790726575223037,0.00942657142064876,0.012537508460652,0.0205512520474139,0.0129081461912914,0.0140190120129871,0.0130896333464656,0.0120740870515759,0.0248841577877458,0.0187170012434514,0.01879019006484,0.0193691547763084,0.0145206347383052,0.00925150995522422,0.0112998370957585,0.0220724098311843,0.01468982520969,0.016402138968795,0.0172239163237011,0.0104625232531318
1145,2019-06-24,0.00792957174824713,0.00941309074228973,0.0126424607970569,0.0205058623271325,0.0127131810501836,0.014019193119249,0.0130592639562244,0.0120757258876971,0.0248964709714666,0.0187691138760263,0.0188335853637827,0.019347700133285,0.0144949074607939,0.00928924292203171,0.0112875998880392,0.0228060199884767,0.0146904907236793,0.0165570466668335,0.0173181060002751,0.0104667854954754
1146,2019-06-25,0.00793333361680156,0.00940056760210145,0.0126490538399551,0.0204450687062423,0.012722569144656,0.0140235035946669,0.0130811763908903,0.0121046299528504,0.0250150815985063,0.0187442084149593,0.0188431495716023,0.0193267845154227,0.0144943001989417,0.00924307698507774,0.0112879127591539,0.0228109754804387,0.0146671950301596,0.0190562037870393,0.0201549112725535,0.010529091966573
1147,2019-06-26,0.00795109840135427,0.00935497888402934,0.0127336178416394,0.02041627770643,0.0127222930502615,0.0140239152097421,0.0130710986455751,0.012089590949349,0.025020063310838,0.0188731985604508,0.0189296439644974,0.0193670088972646,0.0145330593414046,0.00918455711874481,0.0112989085916072,0.0228041445716374,0.0146585204269225,0.0208832327756089,0.0221638825765334,0.0105044040763375
1148,2019-06-27,0.0077083129745071,0.00908688752234944,0.0115342549383831,0.0201533533747188,0.0126788973305928,0.0138459671580845,0.0129037207435152,0.0120465008780353,0.024974459663963,0.0187652203878152,0.0187797100503446,0.0191812632580763,0.0144305208290216,0.00918508191163815,0.0112328798826601,0.0231560404993442,0.0146317656415781,0.0208501667703341,0.0219976588609917,0.0104913544958066
1149,2019-06-28,0.0077208940834282,0.00894452000288027,0.0113861471894925,0.020190444269551,0.0126148962555849,0.0138338051647551,0.0128337287064797,0.0117959692116021,0.0249835178998438,0.0186862657325273,0.0187295415046088,0.0190565242969726,0.0143989289270518,0.00922748130016557,0.011139080384396,0.0232222618295414,0.0146335790624564,0.0208592392075543,0.0219914522953552,0.0104919061459304
1150,2019-07-01,0.00776160875142121,0.00898944685724785,0.0114849505607333,0.0200614537710401,0.0124238385780654,0.0139317773308547,0.013018135452829,0.0119274903120216,0.0250150044279419,0.0187133361853073,0.0188138682861441,0.0191048113720657,0.0146401169687674,0.00922450283095184,0.0111370773590693,0.0233606898224681,0.0148583954337728,0.0211392214285126,0.0222233598601133,0.010363738317468
1151,2019-07-02,0.00775457257792842,0.00858772781637443,0.0112799503118311,0.0201496884037585,0.0123118800963505,0.0138064797448594,0.0130384591172452,0.0118466060973861,0.0250048320096235,0.0187186421768571,0.018801560523281,0.0190968317077853,0.0145610697082895,0.0092828517611926,0.0110326761118479,0.0234083595479382,0.0148468954398984,0.0210297120790563,0.0223069245122125,0.0103446471491813
1152,2019-07-03,0.00763878604221042,0.00841482927370373,0.0112727982433615,0.0198678297545469,0.0120879579682548,0.0136593572647029,0.0127136224247956,0.0116411554388453,0.0244040951605928,0.0184925305133726,0.0186763760752631,0.0184633685031428,0.0143360451500328,0.00933148032175987,0.0109896405302273,0.0229563263988975,0.0148923537133972,0.0211376476433887,0.0222519063577027,0.0100640366904594
1153,2019-07-04,0.00727209202308504,0.00805754509887976,0.0112741904662021,0.0191369844924938,0.0118633022656072,0.0127579045362339,0.0122654994972504,0.0113164130713913,0.0231148582243145,0.0175343931248572,0.0180643757027458,0.0175077736447383,0.0137350654191976,0.00867850510922679,0.0105656007087342,0.0222735756951785,0.0147691985333657,0.021213864544658,0.0228718378255818,0.00939350887360657
1154,2019-07-05,0.00726082150230791,0.00805055842624587,0.0112003385338988,0.0190506350175913,0.0117752697295339,0.0127286092722308,0.0122515009395539,0.0112793737212568,0.0227264019300037,0.0175175954094691,0.0180330251651878,0.0172675774893362,0.0135785481628544,0.00866991650293973,0.0105304425310207,0.0220373325184893,0.01479599245672,0.021175524440477,0.0228432247446875,0.00931897829786769
1155,2019-07-08,0.00733105030510887,0.00793721399484731,0.0115514836690343,0.0185036921788287,0.011969643108566,0.0129728832310979,0.0122563365253668,0.0113130507758128,0.0228629246763796,0.0179664392859711,0.0185415727231987,0.0175306193808897,0.0138346640229259,0.00861174728386208,0.0106390978133066,0.0222818548432005,0.0147282722437397,0.021383596583979,0.0233961634699834,0.00903350292300323
1156,2019-07-09,0.00733138478088741,0.00789185587034767,0.0115383625991309,0.0184678201840453,0.0119366583232606,0.0129487645399319,0.0122815209460633,0.011308254747448,0.022340293935337,0.0177984430962884,0.0185450237981331,0.0174630279627196,0.0135867784372951,0.0084836604140242,0.010587087467575,0.0219598515014024,0.0146729470553915,0.0214123883232364,0.0238303744952899,0.0088365693414971
1157,2019-07-10,0.00722576800210013,0.00769332202363482,0.0114138507419426,0.0173770307959431,0.0119279029576333,0.0124718569047202,0.0122463832676738,0.0112988530519838,0.0218769294237977,0.0173436684630375,0.0185676858761999,0.0173280263742921,0.0129102878754755,0.00795336027414084,0.010614591460341,0.0211625724523708,0.0146794908061452,0.0215860221513361,0.02427424233722,0.00888288361968802
1158,2019-07-11,0.00705747010011588,0.00764477829352782,0.0107765944880256,0.0170106715356178,0.0119321896078501,0.0124443000103283,0.012142234133709,0.0112623499395227,0.0218700434257909,0.0172511882017069,0.0185137481477894,0.0173709929110668,0.012902340742296,0.00798289890896681,0.010565381158606,0.0211958375356504,0.0146876420793991,0.0221984015631886,0.0242785810700336,0.0087998467384131
1159,2019-07-12,0.00703826484069347,0.00764330918426216,0.0107370563176867,0.0170864649628373,0.0119339131972153,0.0124985760724046,0.0121262253492667,0.0112763187466789,0.0219364219231061,0.0172629991838708,0.0185164891518478,0.0173706231210017,0.0129508344792788,0.00797898885893178,0.0105553763849159,0.0214032337451281,0.0146761671490338,0.0222536132106988,0.0243948763296468,0.00885944381451279
1160,2019-07-15,0.00700602472874197,0.00753925102924191,0.0104389647751124,0.0165249447963612,0.0119870054883006,0.0122823635369069,0.0121131890861856,0.0113187680911113,0.0219011430573062,0.0172681323599341,0.018442687213983,0.0174074252129014,0.012955652772117,0.00797944403088252,0.0105951963961416,0.0211105155763335,0.014701695276866,0.0221455809401597,0.0242908299869559,0.00879713991971397
1161,2019-07-16,0.00697543686945221,0.00754784163097149,0.0104330031195321,0.0165364318667841,0.0119850646141532,0.0122773501026384,0.0121143876756426,0.0113182305660576,0.0218891559906171,0.0172854745223075,0.0184552876500554,0.0173961102766185,0.0129670728765266,0.00798145006674519,0.0103546477302718,0.0210446609200563,0.0141102663443229,0.0221037855614472,0.0242849754619794,0.00861416258506807
1162,2019-07-17,0.00697607851093155,0.00754446647464861,0.0103285712566297,0.0164313458187471,0.0119212084612101,0.0122766681823281,0.0121343006169017,0.0112555346281275,0.0221178975712626,0.0172888251703112,0.0184440283044608,0.0173929655921469,0.0129731750307271,0.0079895347790188,0.0103733436499412,0.021171681923444,0.0140921958317891,0.0222795179802701,0.0244975986019375,0.00860199465404169
1163,2019-07-18,0.00659462425200175,0.00730410674017634,0.0102927498359952,0.016347174369595,0.011927175051931,0.0120843656752927,0.0117657098392099,0.01092165210858,0.0216365739403112,0.0169076575837028,0.0182624360234751,0.0169901535712694,0.0129385419216728,0.00794768980200788,0.0103504938870366,0.0211268546515445,0.0140425117760879,0.0221390640992218,0.0245078016777993,0.00848493471152747
1164,2019-07-19,0.00659457396181431,0.00727592583657323,0.0103291204095619,0.0163600201114831,0.0120323708775737,0.0120865783326632,0.0117774446588063,0.0109023354296351,0.0216427028171729,0.016950648001032,0.0183279966547171,0.0171395605441085,0.0129644131144037,0.00798551508335194,0.0103402401818047,0.0210698630151385,0.0140849748261236,0.022545475434584,0.0248307280146254,0.00841294323951831
1165,2019-07-22,0.0066817827352623,0.00729921091250366,0.0103566633636345,0.0163484936363313,0.0120125724308983,0.0121129569580591,0.0117982807807955,0.0108744839572462,0.0219816545888938,0.0170010532513397,0.0183825129799565,0.0171689849761455,0.012959701608836,0.00783228115625321,0.0102550239046876,0.0210606418082479,0.0140867694274885,0.0226470615908656,0.0248651194216835,0.00841824900229976
1166,2019-07-23,0.00664958761080364,0.00727068970828087,0.0101838814253109,0.0163240474796313,0.0121722683325017,0.012076425072703,0.0118065281647992,0.0108820806529085,0.0218655058192743,0.017006413243964,0.0184095988494382,0.0170831760502445,0.0130094951991384,0.00791542572594419,0.0103263669966357,0.0209915594222409,0.0140502050429377,0.0226738945556907,0.024862592956688,0.00834643663170126
1167,2019-07-24,0.00649964408588775,0.00718817569650534,0.0100630698113274,0.0157827739556867,0.0120013134703592,0.011948615005661,0.0114885205428369,0.0108059088527598,0.0218462301029188,0.0170622794910025,0.0183795431933275,0.0171246461454914,0.0130172453001116,0.00750180302812671,0.0100253324591781,0.0210204486251108,0.0142174844974499,0.0226822310988042,0.0248941927445533,0.00806200014845902
1168,2019-07-25,0.00650780634145487,0.00715381244360227,0.0100506059262052,0.0157866617468862,0.012020730109911,0.0119520921707055,0.0114143570145365,0.0107773585458025,0.0217882680934496,0.0170322299413258,0.0183463288502388,0.0171410179156412,0.013016403243065,0.00743536938169812,0.00990322616182153,0.0210333854258437,0.0142487703994974,0.0225627081398419,0.0247584464346235,0.00806970719087387
1169,2019-07-26,0.00651081664674855,0.00716566978198655,0.00995099684977075,0.0158391259206388,0.01195399410162,0.0120109652208559,0.011425582372552,0.0107540267074466,0.0215861324879659,0.0171169827003762,0.018348062773567,0.0171377835487005,0.0130832335144078,0.00746999230874289,0.0099877919968761,0.0210642543512777,0.0143311271373944,0.0226205790707863,0.0247781076029322,0.00815170927539734
1170,2019-07-29,0.00633439065945776,0.00689985269643221,0.00947949454353022,0.0153861996258422,0.0121142242604791,0.0111892925667758,0.0107869722516758,0.0102724633959532,0.0218694187015938,0.0168696300156623,0.0179970095931364,0.0169254351024598,0.0123997285251612,0.00711005164548287,0.00978083141755536,0.0208982848391104,0.0142806315118723,0.0223443512251489,0.0246059844518014,0.00795772228268337
1171,2019-07-30,0.00625697101529377,0.00689641157908972,0.00954384863785698,0.0153889875883992,0.0120301724488685,0.0112916058285753,0.0107197512842658,0.0100087319517063,0.0216488727158335,0.0166250676241921,0.0178387108124603,0.017060428511137,0.0124567118432278,0.0072410155710193,0.00922583021839433,0.0208634148529469,0.0133892514660949,0.0224159587181194,0.024617342797552,0.00791316233837954
1172,2019-07-31,0.00606282003115371,0.00681741312574546,0.00948447091382039,0.0156232517539936,0.0120915687203859,0.0112390510866904,0.0105431736811972,0.00964411580161614,0.0211655472833056,0.0162248866798568,0.0175690320853127,0.016441895214458,0.0120308045727708,0.00736522410081998,0.00865469296873093,0.0208648192720056,0.0131106852209808,0.0216747197608107,0.0243977448511184,0.00791089063532907
1173,2019-08-01,0.0060197424814318,0.00680760497988918,0.00948503071716593,0.0155955580333712,0.0115889200484073,0.0112901817335257,0.0105517062272504,0.00956712335409142,0.0212162935809572,0.0161813663373262,0.0175767638667546,0.0163386363537052,0.0119752750172111,0.00689810807677833,0.00842521091827434,0.0208400468152461,0.0130642947388308,0.022496913302229,0.0248009027550601,0.00789549163969305
1174,2019-08-02,0.00532646351095529,0.00558107289240271,0.00834405593561867,0.0139449231476717,0.0106308811028551,0.00942643591732478,0.00855613456296114,0.00754840669885005,0.0213994346751204,0.014051220696398,0.0149896921387581,0.0149735934656293,0.0103848345167655,0.00676560357630153,0.00712644220802294,0.0197059858101185,0.0102786491243153,0.0222379067934696,0.0249509610678511,0.00616982571212286
1175,2019-08-05,0.00549873561377799,0.00587287361242228,0.00857880984402789,0.0139282233307796,0.0105120339014636,0.00953051703314667,0.00875682507331095,0.00758047935495481,0.0213993844928496,0.0141145543843044,0.014992684787189,0.0149754932694242,0.0110122120948386,0.00681364883923088,0.00722587601660679,0.0198496293344434,0.0101846427276067,0.0242294435905708,0.0274258966177172,0.00626710760394347
1176,2019-08-06,0.00577528690123726,0.00609833481493965,0.00888657889264809,0.0138805207856588,0.0105092900280661,0.00959107247601348,0.00931319244354627,0.00821849747633722,0.0214147979567857,0.0142781696200143,0.0147295566717237,0.015261989825937,0.0116831277276798,0.00681193542226676,0.00715546898553615,0.0200811907898703,0.0101549446059202,0.0242121224066946,0.0272639532482636,0.00632995270465867
1177,2019-08-07,0.00568260039780258,0.00600979009378249,0.00887831302203608,0.0138488780235628,0.0105203460011358,0.00949529223333954,0.00918458403977093,0.00819847835184763,0.0221233145763777,0.0144448180279902,0.014769328992489,0.0155517158897076,0.0116611398586006,0.00673137687226901,0.00665076945030468,0.0196019834993962,0.0101927398115195,0.0242511032372922,0.0279104478383384,0.00635651665921788
1178,2019-08-08,0.00563741952893454,0.00591598438544659,0.00877380007550759,0.0137252437973044,0.0105085557359178,0.00924964073286893,0.0090681851508365,0.00818198680707266,0.0215481555037294,0.0141533222925591,0.0145361526708074,0.0152041791523877,0.0115479565549487,0.00683491991086333,0.00658770976106699,0.0193647461384511,0.0100154107540045,0.02427961523736,0.0279101211830151,0.00610884767581148
1179,2019-08-09,0.00562233341197333,0.00590660645308308,0.00890366847756715,0.0135101488798518,0.0102561844419712,0.00929771725211938,0.00926785329987578,0.0080788676894016,0.0215580442804335,0.0141116294122331,0.0144080959531574,0.0151706172171271,0.011524301561451,0.0068229740492023,0.00657358745247918,0.01902274814573,0.0100733589030856,0.0242900583248787,0.0279210482337075,0.00612206521508027
1180,2019-08-12,0.00570315290967296,0.00606706470719493,0.00888646555161274,0.01355951849698,0.0101598896518283,0.00927021529463081,0.00927881882797018,0.00808798761845824,0.021537396795221,0.0141823658713437,0.0143954436912552,0.0152830344670569,0.0114493474102158,0.00689186712023453,0.00668545405838062,0.0189499618263514,0.0102496914598949,0.0242558929834479,0.0279203958102078,0.00611888823349714
1181,2019-08-13,0.00559913372130756,0.00589432329048377,0.00886956260118294,0.0134631351772468,0.0102760545646054,0.00909843313491376,0.00929771964034713,0.0081669056523545,0.0209746570877767,0.0140051245209901,0.0142079836160231,0.0152095135550301,0.0114084634530667,0.00680300394866492,0.00658218222353808,0.018669427561611,0.0103890230616317,0.0251083104393708,0.0293198904441846,0.00615115603565808
1182,2019-08-14,0.00551969044079575,0.00589699633914256,0.00852081160984841,0.0131040911359676,0.0102695951494466,0.00893574907182685,0.00910140243611651,0.00809974903608233,0.0207053184573277,0.0131550323992764,0.0135718206282875,0.0138107384460792,0.0114318998517831,0.00690381943870883,0.00634794120069296,0.0184907686222525,0.0102495512434079,0.0253342850748439,0.029482868805695,0.00606897552290281
1183,2019-08-15,0.00516282362376416,0.00575730375367088,0.00829714676736905,0.0127163382957445,0.00962066113980869,0.0082317948250662,0.00868547751361599,0.00742576773951686,0.0206043203227656,0.0127180613465755,0.01278692018861,0.0119231935817513,0.0110399076552922,0.00716107417050498,0.00580671623961902,0.0177676107206176,0.00946650650456237,0.0249036558586889,0.0295010642672976,0.00562597108955075
1184,2019-08-16,0.00514544742045646,0.00572350617703216,0.008312401583077,0.0128504809030571,0.00926263384353533,0.00820675335886807,0.00875929448635091,0.00741930833628985,0.021188698030612,0.0124647956410142,0.0127708174315485,0.0120022818070154,0.0110216496475298,0.00684390583907702,0.00581182227165074,0.0172962722792903,0.00945092680969501,0.0247804632190407,0.0293540677124095,0.00551075863411766
1185,2019-08-19,0.00507397118828632,0.00574518335297879,0.00883900108549898,0.0131620849506774,0.00935236586801634,0.00809464271433959,0.00836446363677167,0.00758724292674162,0.0210388734403854,0.0119070007949043,0.0120979382007711,0.0124899492982195,0.0111454580452029,0.00692313080002427,0.00582369584657063,0.0175019069856445,0.00925842146546905,0.0249179769460724,0.0293658573199243,0.00549648278447227
1186,2019-08-20,0.00508250631856357,0.00578208088121813,0.00886280813159523,0.0129006542867649,0.0092457271625858,0.00807175343031712,0.00840495681033609,0.00760564598616524,0.0211617735232726,0.0115417470141552,0.0118536859436891,0.0122494273491239,0.0111280123791491,0.00693948564475962,0.00568775244355721,0.016572851350486,0.00919799870714222,0.024882069257254,0.02938875724101,0.00550391914972017
1187,2019-08-21,0.00509162309448599,0.00573533268554012,0.00887572618642585,0.0128153447677035,0.00915984351133106,0.00799269969226367,0.00850919317695782,0.00754140706355305,0.0211721225111523,0.0114484083118376,0.0117321875122385,0.0116567615956842,0.0109136045869543,0.0066741663620842,0.00553858792706286,0.0152324867473752,0.00903831180671547,0.0251883555197648,0.0292990259040513,0.00535786253936991
1188,2019-08-22,0.00510063311427225,0.00568262555786731,0.00880173355213537,0.0128643778063932,0.00921273586383405,0.0079881172246453,0.00851196300185247,0.00748906996643172,0.0205253529382601,0.0114324655886308,0.0114324413840166,0.011243648041704,0.0110231195618369,0.00741868459304895,0.00553523505570123,0.0151288134026718,0.00860174604555715,0.025317693921036,0.029335741968786,0.00537447648591896
1189,2019-08-23,0.0050736952757989,0.00562551534711576,0.00881063550384232,0.0128951996042356,0.00912443463293544,0.00786526549395013,0.00840801464839952,0.00745421444762854,0.0203404762366077,0.0113409002785497,0.0113171884163788,0.011144009395802,0.0109353518322379,0.00736910497882478,0.0054865391744384,0.0151329691285001,0.00859931564448633,0.0253230333502902,0.0293534709942477,0.00526003944024704
1190,2019-08-26,0.00510570689228668,0.00562574326454255,0.00887141555784645,0.0129875956011782,0.00942142219077217,0.00786475756332984,0.00846682076120402,0.00758188137528807,0.0200847636645628,0.0113423126594817,0.011255225898516,0.011042665696891,0.0109513641054481,0.00774304446042569,0.00548713054697343,0.0150139373724708,0.00856974695086403,0.0254855873377348,0.0296276106382906,0.005281574874664
1191,2019-08-27,0.00520848152111154,0.00573606501185931,0.00886829819630675,0.0131134889477396,0.0094553136830761,0.0080372341705743,0.00835547444862641,0.00751375468078176,0.019702759885976,0.0111812113523623,0.0112381193240063,0.0111823629567717,0.0111941864765139,0.00786651858542837,0.00553647282468303,0.0149911812134706,0.0086012807110304,0.02549522654608,0.0296241885155235,0.00545492479561888
1192,2019-08-28,0.00519625328277014,0.00576248190536659,0.00885865363401083,0.0129360131376554,0.00937478412534525,0.00802445706977867,0.00835696977282568,0.00752881737152821,0.0191263081416418,0.0111332028914698,0.0111627267215135,0.0111211809627,0.0113421898902687,0.00788592836745236,0.00551478570780133,0.0147660258589846,0.00884069100083516,0.0254801446031099,0.0295878536117307,0.00547944513824543
1193,2019-08-29,0.0051792482830791,0.00579976877317748,0.00895057305816988,0.0128621743132136,0.00995560500131159,0.00791612991308374,0.00841552764995993,0.00752838208149513,0.0185577389778854,0.0111815485239636,0.0110947678974326,0.0108633621031581,0.0112611048129749,0.00786209465707615,0.0054858848367785,0.0145352656241631,0.00921463618258858,0.0254255824220662,0.0298177236728032,0.0057487813511249
1194,2019-08-30,0.00517959613041835,0.00579997683378145,0.00903700871050215,0.0129172565197066,0.00996239414423046,0.0079419795115709,0.00857048399776612,0.00749102747914412,0.0180104369544245,0.010924010381736,0.0111007395127603,0.0107298386723885,0.0109478114926335,0.00785042978309556,0.00551035790406819,0.0145244568156632,0.00942079212014674,0.0254523481145209,0.0296834626405396,0.00595100207665346
1195,2019-09-02,0.00523010580291426,0.00607298737934449,0.00971413158575885,0.0126509035989912,0.0100479966045464,0.00775026312649796,0.0100581013643381,0.0076405890092046,0.0177249571582891,0.0107473074240183,0.0109085768667624,0.0106676871849566,0.0111660050346209,0.00788426395396236,0.00555529897079265,0.0146431732197,0.00946631565793623,0.0255409046739891,0.0296876349688904,0.0059623572398942
1196,2019-09-03,0.00519472994334949,0.00608548948347265,0.00978254877451974,0.0126468045573589,0.00993987640582787,0.0077650418990043,0.0103100545379759,0.0076603635103433,0.0175324831361419,0.0107474011311686,0.0109056632941235,0.0106348853476858,0.0111791853643339,0.00791511955334718,0.00555045476227853,0.0143047583590104,0.00947792587000104,0.0254878786687169,0.0295751414852232,0.00599744575436484
1197,2019-09-04,0.0054187000003038,0.00620293237812227,0.00992160703846945,0.0129317478297169,0.00996318685068739,0.00792304581555551,0.0104489846493943,0.00781985977617878,0.0176955587092138,0.0109358279289008,0.0110643988633533,0.0107313691349949,0.0114731688253968,0.00850571712316568,0.00559364118999573,0.0146574081609234,0.00943053488084111,0.0254758637793529,0.0295494639674729,0.00599256652692493
1198,2019-09-05,0.00532504239258683,0.00627062005723531,0.00993633601327288,0.0128977035525056,0.0100813320976843,0.00791035811887606,0.0104419917020207,0.00796619144348059,0.0177044113215232,0.0109605920055037,0.0110710584242603,0.0108090764122007,0.0114487484676123,0.00851239909296858,0.00552189167748704,0.0147642127659437,0.00939350186587236,0.0254796141294238,0.0295587327799775,0.005927515745829
1199,2019-09-06,0.00506572344856563,0.00610435113117839,0.00974110523890763,0.0117235462482964,0.00992442086547648,0.00708655586954382,0.0101190481312189,0.00741496321126917,0.0175444647452884,0.0103069805659113,0.00981874899031272,0.0105065316825251,0.0111176923209711,0.00851634496171406,0.00529302263788483,0.0145166873480905,0.0091688621445971,0.0261010980631447,0.0300778293992213,0.00537899573158309
1200,2019-09-09,0.00517371351314789,0.00616035645131602,0.00966122121255757,0.0117114132644962,0.0100069246455518,0.00716094961257337,0.0101924262841639,0.00746487802953965,0.0175110916225434,0.010426977816121,0.0100863865723835,0.0106517543764134,0.0111296520073822,0.00871527871357535,0.00536249516377072,0.0143898648605206,0.00920823766813677,0.0260461517091217,0.0299554232745098,0.0056088353172907
1201,2019-09-10,0.00520635772762672,0.00620230593810244,0.00939715964173799,0.0117555244238517,0.00999843464476425,0.00713191739022784,0.0101759399241539,0.00753985938182509,0.0174465189280002,0.0104044031302952,0.0100765281737997,0.010585054368477,0.0111465886145464,0.00873655460060192,0.00535974389782587,0.0144089825040617,0.00931589508966028,0.0260658497991465,0.0299910042555006,0.00561394728555016
1202,2019-09-11,0.0051762737017306,0.00614876551374843,0.009304383797105,0.0118351719516421,0.00989042878938991,0.00702113613963184,0.0101084852826562,0.00745430929245961,0.0172598563947839,0.0102492558504992,0.00995663432223087,0.0105631887631229,0.0110808833577573,0.0088454026920159,0.00530458760633879,0.0139663486315062,0.00907899280367801,0.0260657095662778,0.0298734412439847,0.00558455956197802
1203,2019-09-12,0.00509886850077772,0.00617424318838421,0.00930046180198374,0.0118995877309431,0.00988091543085276,0.0070287700935263,0.0101094465797844,0.00746164651403836,0.017277860684547,0.0102516701563388,0.00991780232387619,0.0103419178113091,0.0110938494814907,0.00880507302083303,0.00530612426390912,0.0139583816420284,0.0090669870033261,0.0259034677778987,0.0298072264671781,0.00559077197541681
1204,2019-09-16,0.00518700277012912,0.00617847807921336,0.00932031362399716,0.0119748872026047,0.00988720016845107,0.00700901453728855,0.0101265260761384,0.00745989594069385,0.0173083518359049,0.0102088972720623,0.00991834978069678,0.0102606136203122,0.0110938808934721,0.00884335280788868,0.00529806447615999,0.0139907759044157,0.00899412029060337,0.025822057439892,0.0295860860983338,0.00563278700656625
1205,2019-09-17,0.00523117520761247,0.00636606058587259,0.00938978954402087,0.0119297826303446,0.00998551977524313,0.00718170310493654,0.01055695276127,0.00781757744601382,0.0174024125108753,0.0104924629350023,0.00992507114271308,0.0107084877198551,0.0110866711898194,0.00895459252777331,0.00547564697568747,0.0139989764191502,0.00932846689273583,0.0258973008848377,0.029607435658555,0.00575968479351387
1206,2019-09-18,0.00528660818453327,0.00644529025423538,0.00926261251155259,0.0115851372272845,0.00982484263217767,0.00709880878199997,0.0104725303463195,0.00769933010724689,0.017464661981015,0.0104124922969774,0.00971088752276406,0.0106076383865006,0.0110518504365184,0.00933342394645503,0.0054462714146062,0.0134827700577101,0.00936195969475221,0.0256284405565372,0.0294944738164572,0.00568287086928326
1207,2019-09-19,0.00531379021789294,0.00643581545950288,0.00926285236224742,0.0115881766168862,0.00979371382300936,0.00709866416506059,0.0104729138872771,0.00781070316566571,0.0178856011819862,0.0104326144970096,0.00971650310430851,0.0106546472026916,0.0111013577957781,0.00947147252442037,0.00546454347504721,0.013507206526765,0.00935683379332692,0.0250397978251507,0.0290366952270511,0.00571675707908602
1208,2019-09-20,0.00528006990311413,0.00642547354424506,0.00918838528735817,0.0115396607835759,0.00975173821372067,0.00710434466454487,0.0104905151857166,0.00781597023764551,0.0180853635153637,0.0103513883810462,0.00964658190320585,0.0106519792267689,0.0111644488320518,0.00944596521135842,0.00551557703195157,0.0127690413055875,0.00935902354904627,0.0251000568734961,0.0289667379998821,0.00572265788648197
1209,2019-09-23,0.00525454195673754,0.00641345232599723,0.00927778491281065,0.0116396689902796,0.00969909113881805,0.00708973165436292,0.0105342214850193,0.00775255946194271,0.0174487257192261,0.0104157699815103,0.00968166444541907,0.0107084117387556,0.0112120267620376,0.00945763849541112,0.00551889840370103,0.0129340247888904,0.00935422197755792,0.0230837922717247,0.026706142748463,0.00578133305926413
1210,2019-09-24,0.00523057410540126,0.00644249673207966,0.00920263509324901,0.0116370122567917,0.00968416101062837,0.00708179724647235,0.0105351707487625,0.00776808789241936,0.0173402048010615,0.0101719476595907,0.00940781872052927,0.0105341483108956,0.0111147466584311,0.00948887481625434,0.0055327239577099,0.0128962900502594,0.00934810197089598,0.0216064945037577,0.0252697932779594,0.00591043849175969
1211,2019-09-25,0.00543628098715714,0.00649056532645966,0.00913136682345617,0.0116453246594047,0.00984006773163344,0.00704440096225724,0.0105769355073711,0.00776808789241936,0.0173050157141321,0.0101437070425854,0.00949156144507544,0.0105566882975473,0.0110707549934472,0.00948276655305528,0.00553885107804145,0.0125516268538154,0.00955780406493975,0.0218048696572248,0.0253491134982358,0.00590487096234331
1212,2019-09-26,0.00574828362802348,0.00659992461151066,0.00909523340451138,0.01159038802634,0.00992773202740109,0.00707534916849471,0.0106079131498025,0.0078181637977179,0.0184923271795664,0.0101539110841167,0.00972397270462367,0.010597589629532,0.0110655512010474,0.00955396511667218,0.00561266904333995,0.0125920350999561,0.0095880335737612,0.0223986397933997,0.0270053043909682,0.00590182060170813
1213,2019-09-27,0.00565898232375789,0.00653570825106675,0.00938715167289599,0.0114021341025339,0.00984774011971466,0.00686569608910986,0.0102633800469545,0.00773159886920194,0.0184991925054532,0.0101251614187508,0.00964364325952325,0.0105758883431269,0.0108461178958251,0.00980640780716309,0.00557416031139788,0.0120740653995201,0.00924302865758713,0.0221505296959246,0.0269060707409946,0.00580908273298537
1214,2019-09-30,0.00568897743793193,0.0065380873807295,0.00931240333017864,0.0112642206932807,0.00975277156883814,0.00685561896738808,0.0102133734527684,0.00771572690203121,0.0184557336244871,0.0100341002560922,0.00956801139850198,0.0105721696516547,0.0108687953975477,0.00972277985343395,0.00556226941237774,0.0120738354213088,0.00937854585243339,0.0221290661876277,0.0269645238982709,0.005829958300754
1215,2019-10-08,0.00571337871612014,0.0064833898893043,0.00932478659638387,0.0120856896655195,0.00986265737297678,0.00683083825543318,0.0102767409893164,0.00778130141188287,0.0187112186341295,0.00993140787261853,0.00950610639643153,0.0105181201205322,0.0107533859591899,0.00958787511496547,0.00556600851909278,0.0120546598466074,0.00930738213736258,0.0220292917243054,0.0269769643982869,0.00591493544395842
1216,2019-10-09,0.00571182415558566,0.00653201539529906,0.00949006764554662,0.0120773653911606,0.00984853407370466,0.00684363033834275,0.0102684098657494,0.00785458458435782,0.01873477923273,0.00994998448078924,0.00952424757080928,0.0105593149381788,0.0107583950388323,0.00979959240735197,0.00554534704102706,0.0120426476474858,0.00936751532056959,0.0222703450015708,0.0265267925706256,0.00591538047156731
1217,2019-10-10,0.00574536313825104,0.00655667114208405,0.009586369411813,0.0121098406981581,0.00986860348102215,0.00686633121841072,0.0103036581377917,0.00800368221636025,0.0187063761001649,0.00992819123561576,0.00950336068775121,0.0105686791409297,0.0108109250408849,0.00982446882335296,0.00554673154160852,0.0119090462320323,0.00933749587505076,0.0222483862893419,0.0265299680256573,0.00606030053428015
1218,2019-10-11,0.00567497430352086,0.00654983402450718,0.00931597559420855,0.0117698980129623,0.00944316280243339,0.00642564093192832,0.0103616113026893,0.00790212919034556,0.0181197573819476,0.00895285933234642,0.00812082619141883,0.0097109912909572,0.0103318142030115,0.00966901840872295,0.00515380172237431,0.0110303954880427,0.00921229978853018,0.0220617954541564,0.026045143237112,0.00616203173228088
1219,2019-10-14,0.00567442130010998,0.00650535734761543,0.00932142680209034,0.0117319761143802,0.00933316559175576,0.00641922033682587,0.0103452503098215,0.00799668099722167,0.0182121612378348,0.00909331519997877,0.00816116436550688,0.00981846688286168,0.0103649182989092,0.0096928886851904,0.00514889232506519,0.0110135955391716,0.00919565373471658,0.0219650131375471,0.0256183037059362,0.00630577938626168
1220,2019-10-15,0.00581584592552907,0.00646928838849036,0.0093194453060025,0.0115999838804909,0.00940725205246992,0.00627470341063616,0.0102734183257449,0.00789229490486356,0.0181582539027638,0.00881271205105605,0.00799108204323483,0.00955368203122831,0.0103494693207031,0.00973115618873653,0.00507849703718354,0.0111337629338917,0.00925729436999491,0.0217682321958258,0.0251545335590826,0.00611591813293858
1221,2019-10-16,0.00592517379399046,0.00647956360672061,0.00930741987660085,0.0115293327332477,0.00940561877078491,0.0062690220270083,0.0104113868447596,0.00786598905543839,0.0180551607540924,0.00880648415699326,0.00799312745760428,0.00955040785678427,0.0103572796930982,0.00982728898301868,0.00509299725972414,0.0109010940506575,0.00925128808368723,0.0211130831575668,0.0252215850922537,0.00611441523781799
1222,2019-10-17,0.0059549497776709,0.00644917695102423,0.00935314736420246,0.011485098206819,0.00940514102452718,0.00620508445578548,0.0103603599093667,0.00785100684223138,0.0181654903415853,0.0088227993323482,0.0079920730839188,0.00955637223620702,0.0103721531218204,0.00986273704928965,0.00510914095835193,0.0107307196992896,0.00931464136001181,0.0210365019088776,0.0248120133045423,0.00609284715857011
1223,2019-10-18,0.00602723702768657,0.00648265649379865,0.00938717946596127,0.0115007709819255,0.00940726311339755,0.00621736558550812,0.0102822820302009,0.00780062218877456,0.0181763416766701,0.00879785064139794,0.00810637111046892,0.00957224961665241,0.0104510201163376,0.00995274366099441,0.00509106785163424,0.0107307202287045,0.00939784224155923,0.0210715753941269,0.0248174377028671,0.00614133351154708
1224,2019-10-21,0.00610187698280305,0.006455980123763,0.00938268329280966,0.0114659225567915,0.00936469611086489,0.0062107721187308,0.0102667207212753,0.00786551352993597,0.0181192694991915,0.00880636116307183,0.00811666973148187,0.0095412370069416,0.0104495020329835,0.0100732928777751,0.0050700869401466,0.0106743942498451,0.0093819836968286,0.0211402575858166,0.0247825091225674,0.00614447822362103
1225,2019-10-22,0.00612523281566366,0.00649965171326535,0.00938984574438955,0.0114629992184387,0.00933574846224074,0.00621098191629692,0.0102375055215936,0.00786763698883079,0.0180659274332952,0.00886318536328346,0.00814546696757256,0.00959064855444242,0.0105082544100112,0.0101995412708459,0.00506820049414464,0.0105632185515565,0.00936577500539133,0.0209332712340455,0.024619881962302,0.00625891777713299
1226,2019-10-23,0.00614291419886219,0.00637296433645221,0.00936377467435402,0.0114523782971501,0.00933489837797319,0.00613853975006962,0.0102447128939051,0.0078976940536189,0.0179616239873994,0.00865529716176893,0.00805423081854133,0.00956443101630424,0.0104383523008069,0.010243897267912,0.0050290621904193,0.0103994627876583,0.00977920822065565,0.0210315080409903,0.0245877876862925,0.00623780326763635
1227,2019-10-24,0.00614431948205767,0.00638370594337087,0.00944593381663257,0.0114824678562422,0.00965766151938664,0.00617912121376481,0.0102254228477486,0.00791895968884218,0.0179558579040278,0.00869639693610238,0.00799921843670082,0.00952596334207045,0.0104720261031018,0.0102394226676017,0.0050306706006015,0.0103730740207787,0.00986852676499997,0.0207965133231732,0.0248077093006802,0.00627805064736464
1228,2019-10-25,0.00606290677959208,0.00632419893548797,0.0094195370054385,0.0115546863929545,0.00959809266129302,0.00611323584086043,0.0102204458078658,0.00788030309505565,0.0168251054961318,0.0084419123196645,0.00759796665047368,0.0092951702016876,0.0104245506915078,0.0104891454066332,0.0049797315494058,0.0103498218536828,0.00992336431938577,0.020849692818743,0.0247633343948105,0.00628763935275492
1229,2019-10-28,0.00607914861099919,0.00636014106954202,0.00944500099763712,0.0115685546600994,0.00949607239614847,0.0063110873519751,0.0102114926720031,0.00784526851080678,0.0169370622056094,0.00844970322789676,0.00767070491890367,0.00932728574649803,0.0104103464195488,0.0104501050493646,0.00490362356180022,0.0103108593578761,0.0098415728019758,0.02093283966053,0.0247707143915448,0.00630927778298413
1230,2019-10-29,0.00607070336536306,0.00638251261447539,0.00936354557487274,0.0115437115941392,0.00949818221232114,0.00628477977516513,0.0102081678718588,0.00806154480021021,0.0168077855886417,0.00843873004568354,0.00770906432500242,0.00931739067685206,0.0103872286700758,0.0105156593134827,0.00481823705694495,0.0103236998454887,0.00963136341830392,0.0209300562797751,0.0248626912817814,0.00630803269172221
1231,2019-10-30,0.00611729813534558,0.00639826957561277,0.00937165039982766,0.0116767497966304,0.00950070025845051,0.00628461653160388,0.010156491046739,0.00819389212025281,0.0167576611444209,0.00846701560800472,0.00777793023156855,0.00933279077375723,0.0103946765324386,0.0105589451205546,0.00479206798148466,0.0103405227475835,0.00952269157145063,0.0211835690392255,0.0255022727389646,0.00632264121988522
1232,2019-10-31,0.00620925972531392,0.00643158094488352,0.00939333971051035,0.0116229319495311,0.00949755881799529,0.00620849483570181,0.0105817587946872,0.0081891219441763,0.0167604770643462,0.0084276624334489,0.00777436974150472,0.00993792746749574,0.0105398846796304,0.0107245970367714,0.00468401133417709,0.0103383924139126,0.00936527745078376,0.0211676296616697,0.025559506317585,0.00625607089117376
1233,2019-11-01,0.00626273683971331,0.00644519202698577,0.00944503489289522,0.0117664249216474,0.0094269263889593,0.00627763695088749,0.0104979092860379,0.00829301854040618,0.0167406342736858,0.00851410771585212,0.00796042314688229,0.00997051565111887,0.0105437228087712,0.0107142107867972,0.00466447257478503,0.0103357427435294,0.00929335066574581,0.0212349098681041,0.0255995252700058,0.00653205244560037
1234,2019-11-04,0.00624917612892472,0.00644655673192292,0.00933784259961896,0.0118207740006481,0.00945298186515012,0.00616564205864983,0.0104077754501275,0.00831931626731776,0.0166122601266385,0.00839451536166288,0.00804431293769262,0.0098393740280935,0.0105254478987368,0.0106695855300476,0.00470496396211412,0.0103567672782936,0.00926230550714733,0.0211411417778892,0.0255696378545693,0.00656374917173502
1235,2019-11-05,0.00625852755647167,0.00644963030857238,0.00933015097183288,0.0114274379476824,0.0093811874974201,0.00613090596497425,0.0104090280052378,0.00832359520841496,0.0159104628020856,0.00845175743701826,0.00796035635103951,0.00990920585498128,0.0105683600933869,0.0105641517603288,0.00470604602533,0.0103586057143624,0.00926176273978831,0.0211358611596999,0.0256332157940072,0.00657008988712757
1236,2019-11-06,0.00626868163805299,0.00647528858421367,0.00933000375380862,0.0113697555573187,0.00923576227782713,0.00600314822705093,0.0104302717325459,0.00829883492766798,0.0158958622486082,0.00849072708805736,0.0078640224976681,0.00995243635572449,0.0105716160444656,0.0106938019730837,0.00470564080074352,0.0103047818373964,0.00925356384730165,0.0202238704859673,0.0254827048161504,0.0065790583530706
1237,2019-11-07,0.00610404098332939,0.00625161867927908,0.00921386819571499,0.0112780880882474,0.00940527398204961,0.00596910896835433,0.0103885920325293,0.00827988629402522,0.015320861056031,0.00845636310963447,0.00786784885064592,0.00989582889681524,0.010440617734131,0.0106630394689476,0.00467582955031671,0.0103622505228898,0.00938059696344966,0.0202264570057797,0.0252431614652235,0.00658057835450462
1238,2019-11-08,0.00603003076243428,0.00582453572094526,0.00905308597715041,0.0112036469607534,0.00938778606202982,0.00573993228415877,0.0103396151691137,0.00824974716256733,0.0143718968577324,0.00822123269694683,0.00784909563375254,0.00970561586138911,0.00966830233060413,0.010614405169987,0.00448310297913806,0.00985434616390009,0.00923128536017177,0.0178487667654122,0.0226292197633005,0.0064150738531383
1239,2019-11-11,0.00607597678989616,0.0055269937970998,0.008849827984217,0.0113069900271759,0.00970557673649631,0.00571338242463768,0.0101320528216874,0.00805757572968005,0.0143662649749069,0.00794693865560215,0.00808483554977289,0.00967735674549725,0.00876423726607848,0.011081151538299,0.00435237549265725,0.00904542941821775,0.00929744410148706,0.0181966170534234,0.0237210879101392,0.00647084174140381
1240,2019-11-12,0.0060715036954962,0.00552350248237575,0.00884193855397204,0.0112935199559025,0.00971380888623721,0.00570221394271017,0.0101447185335239,0.00811663573018704,0.0139539314581505,0.00777523474975016,0.00788061486713288,0.00947877116763762,0.00875676121397206,0.0110869264289321,0.00437709679722163,0.00885814028008759,0.0091869448535373,0.0181118504975604,0.0228681277536777,0.0064191498442942
1241,2019-11-13,0.00607058741547047,0.00549184362122221,0.0089730322839419,0.0111338074117908,0.00968312183487443,0.00577994091005324,0.0101971623928852,0.0080570072676273,0.0138721884110188,0.00776005581213004,0.00787592595715194,0.00965982762345156,0.00878448564546038,0.0109462672041224,0.00446720478336833,0.00885761614444975,0.00915499223485615,0.0181818947465607,0.0235276739549986,0.00641941667920693
1242,2019-11-14,0.00606407703114261,0.00549020633735455,0.00884590528662781,0.011070191728386,0.00961059750467292,0.00550353383749576,0.0101196805872476,0.00799121954546743,0.0135836257045424,0.0076632454217357,0.00781474392127109,0.00964928394630375,0.0088010599794807,0.0109328638725968,0.00449698678584602,0.00864398622302585,0.00922592259939546,0.018196009007396,0.0235372932346332,0.00637551631695282
1243,2019-11-15,0.0060520869093665,0.00538415955333329,0.0089255058797483,0.011115715755441,0.00976758928465421,0.0055950505543365,0.0103457817238091,0.0081027091088861,0.0134243658196202,0.007656139739363,0.00777731839260348,0.00971589731288212,0.00902445661996966,0.010848789913148,0.00446288692055295,0.00880742461205198,0.00887284467941759,0.0182087344842994,0.0235715926204752,0.00636114304043306
1244,2019-11-18,0.00611896274232706,0.00540542702291421,0.00902564284695662,0.0107667621267876,0.00976113640925072,0.00555950670821699,0.0102716386462561,0.00815448733664492,0.0129620288102451,0.00767454963778704,0.00781983083043296,0.00971740007521097,0.00867793583361327,0.0107768138400818,0.00447040955716665,0.00866841037108276,0.00841299574896447,0.0168762683915113,0.021475206515533,0.00626347358207601
1245,2019-11-19,0.00609901642864039,0.00540456933012587,0.0090346371876599,0.0107999038533535,0.00978822438150836,0.00555103612577296,0.0102825961993095,0.00820130505981065,0.0133306432877768,0.00772573542321332,0.00797028090878715,0.00975997944807943,0.00864140657663044,0.010717294438018,0.00441375911680946,0.00880022677022435,0.00875729456345809,0.0168291991745335,0.0214759321836488,0.0062661225724269
1246,2019-11-20,0.0061156191294427,0.00540923441992752,0.00913188687507295,0.0107724292702477,0.00937699983462821,0.00558295923629229,0.0103725838184694,0.00819197981280815,0.0133754185304736,0.00777492858377792,0.00800865783895556,0.00996135094403929,0.00874068745291316,0.0105350448967942,0.00471487731464626,0.0087971117225477,0.00834365916895585,0.0166788012693014,0.0217695229872562,0.00624368389405393
1247,2019-11-21,0.00611391627972396,0.00542850156782601,0.00914503968460921,0.0106399639457578,0.00937011667225189,0.005595882707124,0.010480877744587,0.00820409215090136,0.0131210121701286,0.00779394664723783,0.00800549577782323,0.00993750079170568,0.00874405625461789,0.0104835760881733,0.00486569875351517,0.00882419480157013,0.00858942412348869,0.0166812039951284,0.0214747007144027,0.00624038308504623
1248,2019-11-22,0.00612887754855001,0.00534355023468472,0.00874602283516226,0.0102625117656893,0.0094669187343391,0.00558650457249018,0.0104275043309235,0.00798398398696712,0.0127829341970906,0.00740245482286153,0.00795476645472426,0.0094990642693284,0.00847847797286182,0.0104576375334418,0.00501095138321826,0.00857483995867843,0.00862359873877335,0.0166348975695528,0.021917557892155,0.00625397707728083
1249,2019-11-25,0.00637971909287902,0.00548028949292529,0.00954043248884686,0.011503108832845,0.0095133100577017,0.00560536848818852,0.010952268679846,0.00794793243438612,0.012752905400561,0.00758022830717783,0.00826479940211461,0.00964057820713814,0.00871677279276195,0.0108660113932415,0.00503973761112025,0.00866791576210718,0.00866713054400772,0.0166201605078349,0.0218590573431561,0.00633372819126455
1250,2019-11-26,0.00638265504684411,0.00547511537033553,0.00951923450863106,0.0116094626627139,0.0094851688695495,0.00566702740335476,0.0109322127163758,0.00789836285855278,0.0126768414608875,0.00768565836312377,0.00822019845814225,0.00966417069211894,0.00873518837526455,0.0108890443188877,0.0052165911349881,0.00867415514554537,0.00873345170028016,0.0161564786896861,0.022116806386498,0.00634312930665312
1251,2019-11-27,0.00637794636823547,0.00548598276800753,0.00948070449035221,0.0115322060635095,0.00944831194851204,0.005666981727394,0.0109345375845491,0.00790646232208747,0.0126894744788107,0.00768135571961384,0.00821741832763345,0.00968317394307668,0.00875556247931777,0.0102484130114847,0.00518594117326205,0.00867334455457736,0.00883738101711584,0.0159667158930739,0.0221341927188897,0.00634073266848315
1252,2019-11-28,0.00642967208772407,0.00548850557212604,0.00956000094393986,0.0114990276804832,0.00942895302770508,0.00582306088014069,0.0109916999152372,0.00786290334304567,0.0126514638831272,0.0076422546393628,0.00821163147051657,0.00982025632085911,0.00893834713712657,0.0102657314058463,0.00527578386533728,0.00870803331270128,0.00887006253563484,0.0160118735157022,0.0220380679100363,0.00634055287392636
1253,2019-11-29,0.00640952891313994,0.00548320909873783,0.00949913192802757,0.0115877187060282,0.00914673856048738,0.00584398408188359,0.0109820721733974,0.00775491979831778,0.0126580357705636,0.00776982540794474,0.00821354213459853,0.00990142601306327,0.00898844907718278,0.00985280949213862,0.00531837907897225,0.00864965388268933,0.00886439376152394,0.0156734741880804,0.0215556609141776,0.00634158750531423
1254,2019-12-02,0.00627500259459803,0.00542490229000659,0.009511685153822,0.0114870110345082,0.00916527120281763,0.00566190956078883,0.0109225523573934,0.00777175608041559,0.0126938166537942,0.00774819261487703,0.00802993061246889,0.0100022761836017,0.00886232220309898,0.00958906161364668,0.00528164725561248,0.00851487246539222,0.00906178692270255,0.0156078808381228,0.0215331891175327,0.0062412328871271
1255,2019-12-03,0.00624514042945513,0.00542174582633929,0.00955395127773892,0.0116021161496304,0.00904253930833906,0.00567739817129217,0.0109823065377168,0.00777063131431684,0.0127028777670361,0.00775606680008452,0.00797257267886695,0.0101328042156103,0.00881118906698713,0.00961124487504772,0.00527859028014319,0.00853142428698558,0.00897255953369859,0.0156101306013825,0.0215542341502045,0.00621955338737868
1256,2019-12-04,0.00624952598919356,0.00539839758629762,0.00945815297724198,0.011628775399229,0.00854311007324044,0.00576172919330465,0.0110286933985333,0.00777141783560936,0.0126063785740261,0.00766111027309276,0.00797464110805968,0.0104031736997731,0.00890215991338057,0.00961434970728165,0.00529282416490034,0.00849483956336865,0.00876780059200699,0.0154930559591351,0.022057733465567,0.00594542879122446
1257,2019-12-05,0.00627312500637618,0.00540207218860277,0.0093760422574625,0.0115713125418917,0.00864765954443849,0.00575964283677997,0.0110254793510593,0.00783751718826793,0.0124727967907732,0.00756397156368136,0.00786296945965723,0.0103721596885959,0.00894857780734981,0.00977851240177168,0.00525929926558443,0.00855999746462988,0.00866404853999737,0.0152544273398066,0.0221530526435768,0.00577992426126414
1258,2019-12-06,0.00618453407493356,0.00516561473766904,0.00848761733977815,0.0111247378265592,0.00844504354198433,0.0057444373746838,0.00939801787321202,0.00769280789908651,0.0122905308635692,0.00750040153685319,0.00782508155749602,0.0104954776571832,0.00865384653483284,0.00956395965324237,0.00516586782239179,0.00836575121303658,0.00868927593363774,0.0151927321041351,0.022147477958533,0.00580819257446573
1259,2019-12-09,0.00625211347311422,0.00517103301858175,0.00854349998051447,0.0110649885406405,0.00859418534516541,0.00573240294839119,0.00891395982547023,0.00774145464499285,0.012284136220011,0.0074913585360957,0.00783837077553407,0.0104876296790405,0.00859778915479034,0.00957067340576598,0.00516414776291844,0.00842594431619149,0.00866348427220636,0.0151615585235078,0.0220769461951636,0.00574169365435681
1260,2019-12-10,0.00595797597274077,0.00506653204112114,0.00833427223386678,0.0106322699188239,0.00851390085883676,0.00558364839063407,0.00860995882214885,0.00759896480674523,0.0122352262828492,0.00730200211211734,0.0076644903233712,0.0104230655045448,0.00819187371488193,0.00929278074845815,0.00504876705581889,0.00747021212383659,0.00867116439674579,0.0150626961477733,0.0218284949533826,0.0057660420623263
1261,2019-12-11,0.00594062991508631,0.00502445015585423,0.00834662365353335,0.0106300414329559,0.00836018879219034,0.00554831797486683,0.00867850391689346,0.00742814725676617,0.012057397089016,0.00729273822463881,0.00757320119875508,0.0103236354501864,0.00822761865814904,0.00941182892645799,0.00502803557337123,0.00721673915722967,0.00866336406283983,0.0151069998770843,0.0218929463310158,0.00574073290764762
1262,2019-12-12,0.00591319904607695,0.00500484293728913,0.00839239886862495,0.0107974059649264,0.00834692270069806,0.0055403069663247,0.0086773857957825,0.00744685786241697,0.0119712638001534,0.00751791643208241,0.0075249222103547,0.0103858670091621,0.00819622455346824,0.00941446209284927,0.00508646927410314,0.00719389058643411,0.00870599088621186,0.0142116637963945,0.0214710074587906,0.00573892581392161
1263,2019-12-13,0.00591695848240797,0.00507620287203479,0.00845915498606929,0.0108136506421725,0.00839992640194637,0.00537938506260871,0.00901134240269548,0.00737467731995622,0.0119649709998666,0.00738293562458484,0.00726169203315121,0.0102111769981304,0.00815221238326968,0.0091847049164886,0.00494096869009693,0.00701421354533052,0.00872954721072933,0.0141772576535996,0.0213776163973335,0.00557237891190461
1264,2019-12-16,0.00595033299566878,0.00514264385508821,0.00845833020069104,0.0107962085226916,0.00840866863696553,0.00538966970029135,0.0091101223304678,0.00735420475779398,0.0121317942858618,0.00738492916725865,0.0072836526949495,0.010199923980646,0.00807027831537163,0.00897107847833894,0.00492383273204619,0.00703190232943488,0.00864528986154117,0.0142076365673356,0.0213853215994746,0.0056094389015361
1265,2019-12-17,0.00655518899220322,0.00531158688352155,0.00851313814893528,0.0106885749261235,0.00851425361954298,0.00541034272253801,0.00979051572917462,0.00760841273557361,0.0126093373899958,0.00728346998282985,0.00752198145972118,0.0101363422262218,0.00819841583916609,0.00896692604148069,0.00506190186890915,0.00714456335650007,0.00871996239073026,0.0141653023560639,0.0213479002615254,0.00563001943179198
1266,2019-12-18,0.00655299318182653,0.00528615513294925,0.00857045532239564,0.010645941344503,0.00852122494358473,0.00535988560301611,0.00988899226928075,0.00760192828843504,0.0126326574509854,0.00726816250905719,0.00747524002453936,0.0101401404816809,0.00816036347201469,0.00897681433751872,0.00507824006035546,0.00713317426384222,0.00872405290622421,0.0141722437615056,0.0212919687645352,0.00563785908088106
1267,2019-12-19,0.00645695868044094,0.00529824808383002,0.00857362993496038,0.0106354199735518,0.00851339790936226,0.00536757023344432,0.0100075134658196,0.00761295448483854,0.0126449810722663,0.00727561153275979,0.00749201603309439,0.0101300175166108,0.0083833469434587,0.00906231117839203,0.00507808399471175,0.00695095973540457,0.00878398672045155,0.013892103097611,0.0212007765913973,0.00561428359687998
1268,2019-12-20,0.00644636826952661,0.00500755084460872,0.00856307171478345,0.0106718354374347,0.00837029260833851,0.00526148434274885,0.00977236242586656,0.00722049113363887,0.0122377959027807,0.0067428643799266,0.00732789554544386,0.00975074358076758,0.00831569612076237,0.00905915008232172,0.00494552264269626,0.00670146079695375,0.00848818631004889,0.0137825652861458,0.0212111767957466,0.00532363479948039
1269,2019-12-23,0.00646591293515443,0.00486214511320821,0.00857964017780729,0.0106483883839347,0.0084805581357542,0.00535793321619506,0.00974201018837984,0.00731398559516125,0.0122343975617069,0.00715400580055451,0.00743449850466546,0.00986149771603061,0.00833687526335149,0.00893469291348445,0.00505725381608104,0.00684110684886318,0.00864130381520799,0.0137544420008869,0.0211333451870421,0.00534260882963584
1270,2019-12-24,0.00655615848097419,0.00490032429901686,0.00858349452523394,0.0106463918415215,0.00848454607210469,0.00535257795754557,0.0101114037003575,0.00737603015378144,0.0129402180723257,0.00719285202075813,0.00762725519965711,0.00986219957225414,0.00853859870996708,0.0089554486919382,0.00498917610619609,0.00682606566113587,0.00864193524032092,0.0139019758742929,0.0211634775968125,0.00534301627519987
1271,2019-12-25,0.00654769358062871,0.00491033505665994,0.00858117632130628,0.0106363033919387,0.00848859338847125,0.00535593044626351,0.0101083688167621,0.00737864280138114,0.0127805050939598,0.00739416485640584,0.00762412819053055,0.00988712234079116,0.0085177370107278,0.00892578440974445,0.00485015377446372,0.00680832724598171,0.00863913818047148,0.0135857013326681,0.0210707596961054,0.00528299172319653
1272,2019-12-26,0.00668376502986141,0.00489953691522117,0.0087219817938463,0.0105998866909864,0.00848316291289142,0.00537854158705561,0.0102649777888274,0.00744089749182657,0.0129116908208234,0.00727217680381533,0.00742940156082381,0.00996668202661044,0.00867977610458971,0.0096730704138307,0.00497310496499235,0.00685429698250842,0.00861656110424483,0.0136529529936194,0.0210642819158113,0.00505761490455585
1273,2019-12-27,0.00672545421178664,0.00484687057879392,0.00881321216699455,0.0106006931505392,0.00856132972531969,0.00559496284830717,0.0105073952311101,0.00749584441955754,0.0126737928345507,0.00778195079854189,0.00748554838253695,0.010090339390063,0.00929098491254621,0.0100739229892705,0.00500267854434238,0.00693977767601559,0.00865004225914518,0.0136447550320739,0.0212445767865045,0.00503974821261886
1274,2019-12-30,0.00687098330455173,0.0048015310857085,0.00954544651233328,0.0106895545123884,0.00837462649228637,0.00638818524713115,0.0114711142551179,0.00749584441955754,0.012726346524705,0.00790923334553883,0.00776787156499653,0.0102075039470721,0.0100433322939051,0.0109252435769913,0.00530137692057151,0.00701413080753068,0.00847897711333017,0.0133693246060876,0.0212049143610605,0.00510156547858687
1275,2019-12-31,0.0066639725337726,0.00454796207282702,0.00962687768189675,0.01098277020134,0.00828248698720936,0.00642790824057145,0.0115793758182378,0.00747282835091319,0.0101979624647858,0.00779550795828604,0.00753246092861191,0.0102852829932334,0.0104006152715909,0.0112010230641018,0.00539047529901666,0.00708549797227442,0.00888068603107263,0.0123026722779524,0.019231674256354,0.00530736471563641
1276,2020-01-02,0.00673334288139427,0.00459150028089873,0.00926368022462712,0.011076653864669,0.00828858635837719,0.00673857819097191,0.0116421221486865,0.00748533242844031,0.0101737825128887,0.00779536785911247,0.00754612283091879,0.0103402333189896,0.0105893911571129,0.0111784524154512,0.00553933832015067,0.00709486709669855,0.00917155881066077,0.0124117294357918,0.0191874164794845,0.0054101403258716
1277,2020-01-03,0.00690706282388155,0.00457812814061483,0.00925402848569366,0.0111678012811474,0.00824942427114932,0.00684234807333579,0.0116957866223182,0.00753068382920727,0.0101867657755893,0.00778113556240688,0.00756204354236408,0.0104204709522589,0.0106180948565645,0.0112244898880211,0.00555743604619775,0.00710366441265053,0.00913129416501342,0.0128109813892879,0.0195625225937879,0.00549722703960242
1278,2020-01-06,0.00688874309846887,0.00458397754456021,0.00924620479450323,0.0104950180221964,0.00809965948814274,0.00684613189686766,0.0118050663813379,0.00748178277631961,0.0105493387296733,0.00778083914167308,0.00774345074814784,0.0103739162867712,0.010617446114575,0.011374401249469,0.0055381453810503,0.00747974887485715,0.00913292710282075,0.0143525394791751,0.0216724138046461,0.00547941259652618
1279,2020-01-07,0.00701751845817337,0.00503767657542104,0.00908235451477215,0.0104828558954872,0.00831304499159352,0.0069790749692213,0.0120566893950183,0.00750430431287099,0.010320832254449,0.00773981857814716,0.00775679210530854,0.0106394826757834,0.0106259171963264,0.0117189362321724,0.00570078089623982,0.00743366207331733,0.00913263415675155,0.0139281701750808,0.0216719706053015,0.0055171799502723
1280,2020-01-08,0.00705486134832834,0.00505164928100411,0.00914755548279451,0.010687463275168,0.00833632576044937,0.00702072095876556,0.0123124766939253,0.00770548179511369,0.0103101218748492,0.00793269953202158,0.00791735705011377,0.0106439146456374,0.0110080463886851,0.0120232378735366,0.00570046870823791,0.00743702075433845,0.00930462111417445,0.0140057304310895,0.0226557050212464,0.00546853346460056
1281,2020-01-09,0.00745249166572159,0.00548683754873664,0.00900808095595064,0.0105458501329492,0.00831832416518199,0.00691547500626038,0.0122543344894496,0.00773826008379299,0.0103058363594664,0.00772830514287993,0.00790498392442174,0.0107350296456787,0.011003213262793,0.0126944200438164,0.0057902034518508,0.00743808147929814,0.0093163690503948,0.0157387496660207,0.0240217437460549,0.00553964553873517
1282,2020-01-10,0.00747633118550748,0.00563609328808274,0.00900640766551117,0.0105434259975103,0.00831786273822801,0.00688900962623165,0.0122173916768708,0.00765429985975608,0.0101825218459308,0.00752263050650018,0.00789003786473249,0.0105915853133791,0.0109662580538689,0.0127861081084985,0.00576064989950969,0.00739882094885258,0.00931684555109944,0.0158777560980339,0.0240443848401241,0.00556990895555479
1283,2020-01-13,0.00738188312183789,0.00549764663131843,0.00900240729960137,0.0109016460581775,0.0082305248729395,0.00688058162387795,0.0122347562703923,0.00763594415620505,0.0103002055936958,0.00760104423368239,0.00786000647958963,0.0106757081904979,0.010959233552576,0.0129523186808162,0.00572301358495676,0.00775497953166934,0.00923207199062829,0.0158951594755027,0.0240276097980164,0.00558969347792554
1284,2020-01-14,0.00730307799767628,0.00544495430579698,0.00899947221539452,0.0108939246991261,0.00826218002453399,0.00686960266125358,0.0121106001968527,0.00763196210857523,0.0101609345389619,0.00761429524192712,0.00783058636134082,0.0106737407232247,0.0109540847072767,0.012969448755696,0.00573675421851465,0.00785136880806565,0.00935103206797534,0.0160463779861579,0.0239624456066277,0.00559424750809004
1285,2020-01-15,0.00732326543261394,0.00555372344097937,0.00899045613811827,0.0109133061258501,0.00834077860028584,0.00688694808204568,0.0121381378425478,0.00772896071014636,0.0101893113155403,0.00764734658750949,0.00811782271270949,0.0106466148380834,0.0110341714843309,0.0129444588790643,0.00575896118322413,0.00790222166998348,0.00930678843436927,0.0160080567008278,0.0239852896343856,0.00565510241608457
1286,2020-01-16,0.00728705344592086,0.00551625540482348,0.00893275538028865,0.0108816886404732,0.00836104148321701,0.00688174285992048,0.0120390385640782,0.00781272707052703,0.0100757043391951,0.00762650162686117,0.00803588040387208,0.0106510029359314,0.0110542961942046,0.01291076044675,0.0057624719108023,0.00799647534019579,0.00906541086809491,0.0159895464549378,0.0238964856836241,0.00546068122554362
1287,2020-01-17,0.00722081182766791,0.0054946892768243,0.00893412569949275,0.0108914063706281,0.00838123245864578,0.00688780562328435,0.0120514618661435,0.00779201077614013,0.0099779895847872,0.00761566240338251,0.00816124760822667,0.0106330601703256,0.0110877812601029,0.0128130931092623,0.00579435355009444,0.00799621283672207,0.00905284945783346,0.0159016980179177,0.0238472284943503,0.00545670892938131
1288,2020-01-20,0.00719102081743791,0.00546274489923348,0.0089318127143692,0.0108934442632737,0.00848418094483254,0.00688846486918299,0.012210051741326,0.00779785750138326,0.00989297828609644,0.00756506913267016,0.00820462677662907,0.0105379538281771,0.0110412372228925,0.0128067044073711,0.00578644362978647,0.00803563195116493,0.0091053887579659,0.0158880042600908,0.0237662029324613,0.00575601997902856
1289,2020-01-21,0.00724463478520615,0.00553040736053654,0.0091267757326417,0.0119264213482347,0.00855438449022818,0.00709249533079925,0.012383499353271,0.00808716810398673,0.0101552496140421,0.00797108364747886,0.00964288777156578,0.0105631793410697,0.0111886231366879,0.0128117203365543,0.00594643742527737,0.00819203694356234,0.00876964859859018,0.0157731324663435,0.0237629559313329,0.0057589963659354
1290,2020-01-22,0.00727186620077588,0.00553424305797842,0.00898359816888021,0.011944705530075,0.00818235248106704,0.00705084783730172,0.012348421741539,0.00806597216148694,0.0101902229330116,0.0078538510369499,0.00965848329578784,0.0105089125043004,0.0111563446927399,0.0128133585983094,0.00594489252412522,0.00821067340929484,0.00858048263642189,0.0158232743915102,0.0236367783833927,0.00576532399799381
1291,2020-01-23,0.00740550243908676,0.00573039625341897,0.00926269083522497,0.0134333278895408,0.00831824064197954,0.00752665137689456,0.0127967402759939,0.00863363569443068,0.0108315533005291,0.00831113675213248,0.0113339388532105,0.0107012951288724,0.0115146269908029,0.0129747762251287,0.00656580681934369,0.00878460687456213,0.00856423697871852,0.0159750215542734,0.0236242119628755,0.00583484321240632
1292,2020-02-03,0.0131180053851839,0.00941821714340173,0.0125566308961179,0.0166293451049049,0.0145578867468303,0.0136917865648134,0.0173742944319088,0.0128912327893609,0.0158669785076947,0.0145502467207049,0.0159196705099354,0.01538975816998,0.0165790616678996,0.0151611483579577,0.0122922926609218,0.0111505091057291,0.0144223449559234,0.0173327615888364,0.0244338609780657,0.010725909958879
1293,2020-02-04,0.0131103066232549,0.0094161244370891,0.0125570384923317,0.0167576357423358,0.0146056343556477,0.0137978928901254,0.0176311235407087,0.0129385261911858,0.0159515104592445,0.0145907827770166,0.0160364334256039,0.015675200524976,0.0168295656076666,0.0153410234734854,0.012376932187844,0.011292208111743,0.0144116232092661,0.0174743158884718,0.0243363305587242,0.0107773929852314
1294,2020-02-05,0.013186162325019,0.00943860972477464,0.0126210994956566,0.0166171631510752,0.0147028890574589,0.013809420762238,0.0178049283059935,0.013044529511451,0.0165369027600095,0.0147669806934532,0.0160184279464649,0.0157480996552493,0.0169308079703821,0.0153302730350017,0.0124953085966801,0.0113497316966422,0.0143728203215085,0.017565142502223,0.023841476058515,0.0108592509471949
1295,2020-02-06,0.0131638592163933,0.00942125681770164,0.0127223153279841,0.0166224950284645,0.0148507798679782,0.013869659527457,0.0176016765420117,0.0130945226143685,0.0166427090538254,0.0148732032092635,0.01603768909489,0.0155288156838755,0.0168847961333691,0.0152057305724919,0.0126046193361326,0.0113779067946459,0.0144640427917196,0.0175628680559072,0.0237483901241858,0.0108519533349684
1296,2020-02-07,0.0131342379663217,0.00941691077287835,0.0126810743701696,0.0164952303270909,0.0148102917602268,0.0138112468427087,0.0175944493242923,0.0130260639343829,0.0166529203890143,0.0147715319143538,0.0160320839850353,0.0154592720264345,0.0168651741638368,0.0152067134120833,0.0125734452548436,0.011530585820062,0.0144915143266417,0.0174466097724449,0.0237851463677928,0.0107282292454037
1297,2020-02-10,0.0131736148821609,0.00941197353836276,0.0128891948534936,0.0178609098672412,0.0148162669762882,0.0140423343952419,0.0178561924363113,0.0132133894563911,0.0170461856728369,0.0150089067220362,0.0160130359411556,0.0156964284184898,0.016995989006777,0.01527814539783,0.0125867309037665,0.0121470453076286,0.0145809397731491,0.0177144282205713,0.023887506204569,0.0108427825001529
1298,2020-02-11,0.0131760795615731,0.00941002955499112,0.0129012177455056,0.0178680049805124,0.0148273923084338,0.014066251203724,0.0178397290360267,0.013209180526097,0.0170230107963743,0.014925889579807,0.0160011489077871,0.0157478596283607,0.0170061950300742,0.0153243999273757,0.0126095127766872,0.0121568007549055,0.0146293427789104,0.0177122444203883,0.0237980198495129,0.0109341114049835
1299,2020-02-12,0.0132325966662633,0.00938825721999436,0.0129532635529742,0.0179602125737651,0.0148941063977365,0.0140970741115635,0.0178299972444709,0.0132661144839505,0.0172453583146722,0.0150395067146557,0.0160010701293598,0.0158319620379575,0.0170056686564102,0.0152484133121834,0.0126306891680221,0.0121713751514913,0.0146988341652044,0.0178021184675136,0.0234188203050404,0.0109172725774322
1300,2020-02-13,0.013237121811347,0.00938643958819622,0.0129794774752281,0.0180151225217775,0.0148012208062321,0.0140719489297326,0.0178221418315936,0.013289040921485,0.0172740075780478,0.0150302070542014,0.0160761259663999,0.0158360105964817,0.0170016139036633,0.0152523520591549,0.0126036576328283,0.0125135342009629,0.014653902727113,0.0181824672700551,0.0235579114002871,0.0109382299768576
1301,2020-02-14,0.0132188573499955,0.00938768173569554,0.0129388555991861,0.0180396028529501,0.0147998373586952,0.0141726130305123,0.0178973737343155,0.0134100808565654,0.0172982211062247,0.0150427962587796,0.0161172015887604,0.0158672037754551,0.0171629934869527,0.01533846233185,0.0125981293762546,0.0127423831517929,0.0146380202537539,0.0180419381936621,0.0233514259131025,0.0112314059391145
1302,2020-02-17,0.0131462723726326,0.00938552932032242,0.0131070360637072,0.0180120971388672,0.0148534764517956,0.0142677934683397,0.0180671749813143,0.0131680258033661,0.0176068981627359,0.0152810189544321,0.0160179274078903,0.0157841416289296,0.0172965055388688,0.0149192699942487,0.0128300686065008,0.0127315889338022,0.0146221997467444,0.0178648485520594,0.0220285759073734,0.0111409632302553
1303,2020-02-18,0.013146263622858,0.00938549623832054,0.0131064186493325,0.0181745496988443,0.0148491006661841,0.0142739253720151,0.0180678605278904,0.0131226091349609,0.0175440034581179,0.015319367175255,0.0160447252082002,0.0157907672286767,0.0171696952007225,0.0148707285445941,0.01283008893711,0.0127337191901952,0.0146192122432051,0.0177641934642047,0.0220435073296125,0.0111453209623507
1304,2020-02-19,0.0131514750671701,0.0094002791891027,0.0130470417462825,0.0181851853308161,0.0148655913585648,0.0142944933919433,0.0179583941111021,0.0131076623112102,0.0176616327379811,0.0153180752265146,0.0160311788771919,0.0157253832118733,0.0171636271536536,0.0148640847024627,0.0128124774399612,0.012746161316679,0.0145867189411815,0.0176990232277544,0.0216371057389694,0.0111350933063958
1305,2020-02-20,0.0131807926377026,0.00943158572829778,0.0132099299148345,0.0180206431026071,0.0152171594439888,0.0143348553855177,0.0179456920437991,0.0131174101925748,0.0178644148696772,0.0156903982717542,0.0161048396719493,0.015809334706941,0.0172258646949577,0.0150441052857403,0.0128728046498619,0.0127489245667348,0.0145572858140482,0.0176778419101746,0.0215734730983645,0.0111255034927287
1306,2020-02-21,0.0131079381092014,0.00945487309533279,0.0131502618201718,0.0180073609483061,0.0150958289316669,0.014317205797731,0.0176943351550898,0.0130529952548012,0.0178429995330495,0.0156829556016387,0.0161553309741802,0.0157560437076689,0.0171350884058529,0.0150216493697602,0.0128518928577321,0.0126775871400394,0.0145763618944802,0.0183605203874398,0.0219445612568527,0.0111678937533138
1307,2020-02-24,0.0131457532439275,0.00949130644642284,0.0130450068944439,0.0179971461255845,0.0150418768060518,0.0143025681089807,0.0176982834646321,0.0129376273441841,0.0178622794685647,0.0156603932043025,0.0161129951984329,0.015798299181629,0.017120667966602,0.0151331191514648,0.0128644993990446,0.012710786569326,0.0146088024802975,0.018603487271945,0.0219927562919464,0.0112187730480675
1308,2020-02-25,0.0132016299744224,0.00957521589520759,0.0130675783725519,0.0180236953586938,0.015044792155393,0.0143556194206783,0.0177529180061397,0.0130351892763021,0.0177854522666054,0.0156417766147469,0.0160066631982094,0.0157773962795353,0.0172245495549437,0.0152688410329334,0.0128918020732103,0.0131131581580344,0.0145030910010854,0.0187796727800447,0.0222694772152342,0.0112209256203656
1309,2020-02-26,0.0132232817415297,0.00957517730557402,0.0129660073540024,0.0180573162697661,0.0150455536342565,0.0144165667644532,0.0176149781068284,0.0130291889669192,0.0177721349386771,0.0156368269777275,0.0160276578464224,0.0157512069301945,0.0174256441032963,0.0151666695132591,0.0128917565782484,0.0131541397505329,0.0145541642307875,0.0192812168945708,0.0224068766036817,0.0112761207251561
1310,2020-02-27,0.0132378624556139,0.00957560447549775,0.0129630134199679,0.0181305476505978,0.0150447243702861,0.0144194587298005,0.0176075020043468,0.0130455088103077,0.0177569023736352,0.0156026716335194,0.0160291845042081,0.015759708723682,0.0174244795154998,0.0151376422165945,0.0128608876671597,0.0131517688055561,0.0144856350903689,0.0192866319000527,0.0224654430920599,0.0113814794919646
1311,2020-02-28,0.0133988673587619,0.00962735834103666,0.0131037539619,0.0182873400571151,0.0153622662053372,0.0146476618200542,0.0179515265677076,0.0136168868130444,0.0188180661748813,0.0164194973933517,0.0168967768150416,0.0159939605190521,0.0177629364295751,0.0151014203545743,0.0131291891179162,0.0141548939709641,0.0153372970791736,0.0201580582489649,0.0232191692833289,0.0123461258485197
1312,2020-03-02,0.0136612556887853,0.00981163930998835,0.0129384494828585,0.0189377870027681,0.0158550385119062,0.014926904743026,0.0184514140749312,0.0143314151048787,0.0193146340553282,0.016957933946708,0.0173192321145419,0.016030132487229,0.0187761197527003,0.0155696147898742,0.0133605040446147,0.0148441678663419,0.0155559864793469,0.0203924289449657,0.0231075439377295,0.0126086633117456
1313,2020-03-03,0.013658367537973,0.00982731799716531,0.0129384945155624,0.0189586047158038,0.015850467055165,0.0149059924522036,0.0184034969804817,0.0143273150684688,0.0192970117672376,0.0169490104725608,0.0173504209071391,0.0159623726897614,0.0187869415275219,0.0155333280116418,0.01330027948428,0.01482018961138,0.0155497588309421,0.020396012876267,0.0229853061747111,0.012590862673087
1314,2020-03-04,0.0136529544344079,0.00981441978101573,0.0129260918698441,0.0189646629716228,0.0158515186383784,0.0149463162549998,0.0184193318015021,0.0144158336968458,0.0193541534676027,0.0170604500132584,0.0173822068993926,0.0160714250624084,0.0188943535693981,0.0155447556963429,0.0133321106921958,0.0148124493094079,0.0156305487366898,0.0204055011724868,0.0230312879092292,0.012584100653485
1315,2020-03-05,0.0136198508344131,0.00985535020969627,0.0128651564941729,0.0190030494724783,0.0158761986148049,0.0149002336891333,0.0184272724212884,0.0144385348353815,0.0194296130885331,0.0172391900008322,0.0174640946886875,0.016090619218925,0.0189200329705922,0.0155525331552224,0.013378904929961,0.0147621836055994,0.0156706486671829,0.020357587108513,0.0230273697465859,0.0126679248914453
1316,2020-03-06,0.0136225516440733,0.00988032379025125,0.0129641173519964,0.0192640906763274,0.0158651489281391,0.014980805318978,0.0184728592140674,0.0144851321779965,0.0195216026212553,0.017243135294604,0.0175017344460359,0.0160496473777408,0.0190536113284304,0.0156738304074197,0.0133864647382315,0.015042330502306,0.0157000191416486,0.0205141293207893,0.0227826912638692,0.0127195872062697
1317,2020-03-09,0.0140707548826544,0.00991074480394225,0.0131800890220936,0.0198054734887265,0.0159088203240665,0.0152292896554678,0.0187341213644243,0.0148582059111835,0.0197727548627335,0.0176453253945941,0.0182319141525415,0.0160333550589702,0.0195076575765364,0.0159938222090943,0.013458170338562,0.0160116610877204,0.0158773184975714,0.0209096130100709,0.0234780717664365,0.013299587442196
1318,2020-03-10,0.0141066195487324,0.0099875696722739,0.013180863542541,0.0202322284173088,0.0159515001884834,0.0153141463717954,0.0186486864885598,0.0148786553061561,0.0197916948735251,0.0178354550017603,0.0183530384805629,0.0159759883771468,0.0196576063744355,0.015922203060701,0.0134755913781468,0.0160125627978102,0.0158991762025784,0.0209236760244303,0.0234988645843956,0.0133160043118451
1319,2020-03-11,0.0141715261281493,0.0100866127594215,0.0131834691817307,0.020393719306695,0.0159208243678514,0.0153612513792166,0.0185715489422445,0.0149316523832431,0.0198489113920012,0.0178810099569886,0.0183577124786016,0.0158304627628578,0.0197580852433339,0.0157445366534928,0.0135368238372643,0.0160153525464281,0.0158895367274733,0.0208879902216009,0.0226886846468363,0.0133932563270471
1320,2020-03-12,0.0142611023093708,0.0102904673632952,0.0131840900815546,0.020517314943831,0.0158883283138538,0.0153634016739585,0.0185916979275561,0.0149835052387665,0.0199427621164698,0.0178845190728598,0.0183199823466556,0.0158077660844487,0.0197686776473862,0.0158505554946019,0.0136696286128674,0.016180790343927,0.0158778816925302,0.0211274490049129,0.022912832011361,0.0137208460854297
1321,2020-03-13,0.0144369237141332,0.0104228954642744,0.0132558443354844,0.0206238743736161,0.0159136893295946,0.0154133906412212,0.0185676818968616,0.0150503085227617,0.0201087332156745,0.0180517855294803,0.0183242009100202,0.0156085522325818,0.0197889239663771,0.0159360489520859,0.0137119953296046,0.0161773686726556,0.0158957776767703,0.0216110174536621,0.0234332062220552,0.0139377081917914
1322,2020-03-16,0.0144766673071733,0.01048496400611,0.0132349227210883,0.0209498545002017,0.0160155100068438,0.0156003568969048,0.0186417196881317,0.0152883671355638,0.0207363436473683,0.0183122085970115,0.0183439292185484,0.0156958268179712,0.0200054329463451,0.0162731756329787,0.0137235919063891,0.0167831351695628,0.0159724663275828,0.0217073274638457,0.0234063464616445,0.0142486828829411
1323,2020-03-17,0.0145577614876036,0.0105262836538929,0.0132404824498336,0.020949120272667,0.0160155494551621,0.0155863300432331,0.0186429677463707,0.0152802184358574,0.0207579060878518,0.0183131811723637,0.0183747688887034,0.0155993662869204,0.0199270352559316,0.016246295368001,0.0137352349779178,0.0166783065929979,0.0159567826080387,0.0220964361023675,0.0240299090134263,0.0147008151023272
1324,2020-03-18,0.0145962004591022,0.0105654672563793,0.0132332711376887,0.0209486765412887,0.0161256038253679,0.015596081744721,0.0187541994655859,0.0153271169038482,0.0208183641015282,0.0183068930235339,0.0185191341542703,0.0156274278192634,0.019963323396719,0.0162574926194629,0.0137558657722027,0.0167044453456003,0.0160294444944552,0.0221007315306406,0.0240210480143057,0.0147998700712181
1325,2020-03-19,0.0146327702984524,0.0106055853497994,0.014020738802917,0.0209629929881933,0.016385543798606,0.0157879740943897,0.0187465648422051,0.0153230345794657,0.0208171824081757,0.0182832122008962,0.018746835963943,0.0155617196378664,0.019879729007282,0.0163998645093094,0.0137325143681326,0.0167547762304824,0.0161312148488019,0.0220605136851511,0.0241583631444739,0.0151187239923441
1326,2020-03-20,0.0146369481158622,0.0105588993912157,0.0140163922657166,0.0211485008762041,0.016268573217134,0.0159142844423117,0.0186983527416427,0.0155382607497753,0.0208243082951838,0.0183524166362966,0.0186914451125041,0.0155660044166027,0.0200433082677978,0.0163895123355309,0.0137308318301207,0.0166589231538284,0.0161258533689256,0.022252256691797,0.0247191820635605,0.0151039259659278
1327,2020-03-23,0.0149265769289606,0.010623838992596,0.014256277728111,0.0212053327696111,0.016276809694376,0.0162682838656836,0.0188513117684743,0.0158442524275594,0.0213049526997037,0.0183705539982679,0.0190322214406705,0.0157056992546926,0.020261353433659,0.0166733481271635,0.0137581724048158,0.0169959350040248,0.0161619973219657,0.0224499776583798,0.0250871699614128,0.0169881075416118
1328,2020-03-24,0.014764090837001,0.0105874930334201,0.0142163123674074,0.0212615822218514,0.0163584175647191,0.0162865567392053,0.0186798119648455,0.0156828522129108,0.0213138362840519,0.0185116789282316,0.0190009224571124,0.0156924477216811,0.0202396885106134,0.0166766384194436,0.0136997905338093,0.0169322957241182,0.0162220640872515,0.0235689697359088,0.0269004345812291,0.0169638571569249
1329,2020-03-25,0.0148884759051863,0.0106244437106263,0.0141894391379528,0.0212614037172443,0.0164661818252814,0.0163966363212647,0.0187170347517744,0.0157508613381621,0.021378851421089,0.0185733538146374,0.0190433467203999,0.0156616503317557,0.0202602175756076,0.0168865284948771,0.0136947987942074,0.0174239876764007,0.0162441411539513,0.0239080392065192,0.0271149331250387,0.0170716641976318
1330,2020-03-26,0.015076221820569,0.0105956335678451,0.014643745400471,0.0213709146532678,0.0165089027384235,0.0165384268194581,0.0187310337945971,0.0158157754277964,0.0214664614738407,0.0185597886308827,0.0191908349720305,0.015695637938418,0.0203623740699599,0.0169026734596926,0.0136891141872826,0.0174068184079561,0.0162487446572184,0.0238976638431514,0.0271387152974191,0.0174138439371726
1331,2020-03-27,0.0150787997021226,0.0105710824040173,0.0147290814900733,0.0214478125198071,0.0166787857205073,0.0165159126618937,0.0187267132640197,0.0158159543531807,0.021487807720898,0.0185617774191624,0.0191834551841517,0.0156680212609143,0.0203628539183598,0.0169147604644248,0.0136938545774903,0.0173353480354887,0.0162464757943785,0.0238758634780038,0.0271400848651767,0.0177460129337999
1332,2020-03-30,0.0152761665143884,0.0106314458924916,0.0149346858765915,0.021445450525357,0.0167058802207279,0.0165654798743961,0.0187270153389255,0.0158411772917363,0.0215644774637763,0.0184829222441296,0.0192025401648824,0.0155507973445975,0.0204171061927172,0.0169281699158669,0.0136287282751116,0.0172837346289959,0.0161660404716802,0.0239667035932986,0.0272251198738014,0.0181035765371587
1333,2020-03-31,0.0151857479733124,0.0105703620872177,0.014969892271013,0.0214743616358122,0.0167212122005772,0.0165951610522689,0.0186114226558711,0.0157816831902351,0.0210385938124613,0.0185369482732377,0.0189909960466083,0.015551971849284,0.0203054384871177,0.0169530065078407,0.0136185806810026,0.0171585676780557,0.0161940525000792,0.0238753433611305,0.027246747298319,0.0180976581208252
1334,2020-04-01,0.0151933949675691,0.0107078757526483,0.015262587446505,0.0214602582705548,0.017317218409502,0.016610160533628,0.0186173749359815,0.0157813833243089,0.0210309971675561,0.0184900052515752,0.0189230539047055,0.0155472435644269,0.0202991331854439,0.0169452503581523,0.0136186159289509,0.0170808562737962,0.0162737785455472,0.0238868655873006,0.0272773587031493,0.018139662968827
1335,2020-04-02,0.0153434646231076,0.0110976420079082,0.0151671402679723,0.0213560268133838,0.0173102111292281,0.0166923095161699,0.0186201426339778,0.0159461081059157,0.0209598670839086,0.0186309578941959,0.018903365234027,0.0155450581856218,0.0202680114708268,0.0167326309041006,0.0136983877439618,0.0172061478387092,0.0162524425122165,0.023847083288994,0.0273467950582609,0.0181407499974235
1336,2020-04-03,0.0153145070959001,0.0111511808006528,0.0152488953323222,0.0213377727590762,0.0173964477357839,0.0166194693285441,0.0185674097498891,0.0158859850810676,0.0210242488220139,0.0184436820101395,0.0188478769613267,0.0154751801674174,0.0200172656784507,0.0166426547516246,0.0136956491485846,0.0172607568508305,0.0162483140288723,0.0238162713983855,0.027228588223006,0.0183467925448585
1337,2020-04-07,0.0153465764570264,0.0110735141654699,0.0146923750951126,0.0224809674432926,0.0173600509954395,0.0166188789701587,0.0182721714702887,0.0161763609674585,0.0212132505449072,0.0184890640407213,0.0189030378026376,0.0154752726052685,0.0199534972097022,0.01636935020851,0.0136651952746387,0.0174038285377125,0.0164798980254999,0.0252127173784832,0.0292343016168785,0.0182862476524675
1338,2020-04-08,0.0153162821444072,0.0109940049863336,0.0145887336242508,0.0222685116582158,0.0174325520570486,0.0165809201025612,0.0182475940279818,0.0161395559098676,0.0212597659663069,0.0184837737255055,0.0189854281757723,0.0154134031662341,0.0197959652997653,0.0162486726254041,0.0136123359018601,0.0171306934455003,0.0162938200151821,0.0252263888483714,0.0291938794114647,0.0184295060604831
1339,2020-04-09,0.015236467346576,0.0109102193990958,0.0145399097810075,0.0221429797434906,0.0174876930133695,0.0163918224414765,0.0182485751687973,0.0160800494044153,0.021178300894193,0.0184854537937836,0.0189954444146885,0.015379341558755,0.0197158162981944,0.0162080197639379,0.0135946784487322,0.0170598446990937,0.0161882196356753,0.0251883539688994,0.0291932424539378,0.0185853498686711
1340,2020-04-10,0.0151021790129969,0.0108460199619894,0.0145503200869735,0.0221468744057066,0.0175425817810347,0.0163299218776439,0.0182653059993214,0.0160293950397384,0.0211792501592415,0.0184817503681402,0.0190107534627431,0.0153603456983514,0.0196767456450952,0.0161991193106241,0.0135854703706763,0.0170592896740847,0.0161239244077301,0.0249804202499745,0.0288705915120119,0.0188054830635225
1341,2020-04-13,0.0151183021636295,0.0107823143552819,0.0145424260593356,0.0225340841083264,0.017550288467935,0.0163601318867004,0.0182039434772634,0.0160062334408546,0.0208992506533361,0.0184659676090187,0.0191076293710594,0.0153610236324725,0.0197131009517957,0.0160201633295826,0.0135963861654244,0.0170730048935966,0.016118337325743,0.0240693801463029,0.0273863384510929,0.0188188359117732
1342,2020-04-14,0.0151726824927265,0.0107051062152783,0.0144621423653162,0.0226153772549343,0.0175053800850091,0.0162931993298729,0.0181566972331079,0.0159631834033398,0.0210258254615601,0.0185224043550275,0.0192225790093342,0.0152132112132295,0.0197496573279495,0.0159955978761266,0.0135455660584499,0.0177261913836934,0.016100628006344,0.0242637196134324,0.027475411279636,0.0188660473536898
1343,2020-04-15,0.0150944034738352,0.010637036472296,0.0145504665402581,0.0226669085394613,0.0175073978043768,0.0163177248082277,0.0179071701325665,0.0158573917333768,0.0209778140466453,0.0184530464175311,0.0193716962500896,0.0151723589095663,0.0195397161464796,0.015661349023685,0.0135363315480147,0.0176979736619006,0.0160419122395072,0.0242096566565716,0.0266966391529625,0.0188179481387338
1344,2020-04-16,0.0149783954740643,0.0105222490036945,0.0144693794113081,0.0226234786298869,0.0174971852712014,0.0162731746410655,0.0179117605021028,0.015820358590092,0.02096436484919,0.0184531613964325,0.0193312593678889,0.0150790806934016,0.0195462195908939,0.0153255520425066,0.0135059126806153,0.0176357754781675,0.0161059136673431,0.0231236190824235,0.0255144928491777,0.0186883404559896
1345,2020-04-17,0.0149797495935277,0.0105037628840098,0.0144675259061585,0.0228919824414989,0.0175585596356375,0.0163227299045414,0.0179367446488073,0.0165163203750932,0.0210492125315573,0.0184754998953479,0.0193420094198309,0.015071749518958,0.0196347261081753,0.015284825260926,0.0135275820998243,0.017711616309514,0.0161119010306133,0.0232588425366549,0.026551328669209,0.0185332822153231
1346,2020-04-20,0.0149495389935548,0.0105650910296806,0.0144717064215546,0.0231253517256544,0.0178709986731586,0.016319961439667,0.0179405343652524,0.0168774328251829,0.0209424732118947,0.0184483826503774,0.0193648053999698,0.0150154071234158,0.0196907486138643,0.0152301954816784,0.0135348723452023,0.0177304559152355,0.0161914361837286,0.0232516749985809,0.0265594305305385,0.0184253891354186
1347,2020-04-21,0.0149426486785293,0.0105828064115233,0.0146341760498836,0.023127310182189,0.0179866746978742,0.0163144284080413,0.0179545001719906,0.0174560386017459,0.020975352003989,0.0184443609831932,0.0193119263307337,0.01503191447562,0.019785353054405,0.0152130787731415,0.0135271369343462,0.0177460782114483,0.0162482000917393,0.0231394704661796,0.0266068886580997,0.0183626586881026
1348,2020-04-22,0.0149407424339702,0.0105828825340811,0.0146957333719685,0.02313425474444,0.0179946574801226,0.016340488720011,0.0179209268108361,0.0177559962281123,0.0210895017991343,0.0184649313269328,0.0193877118839679,0.0150320153653864,0.0197492521760201,0.0152119644675535,0.0135226582901611,0.0178046371522533,0.0162564542392608,0.0231430791476238,0.0266052696888528,0.0183504241383921
1349,2020-04-23,0.0149438341756707,0.0105892314931957,0.0147042534205205,0.023204204948773,0.018117028302118,0.0163657601579758,0.0179254844995548,0.0178461669013163,0.0210892945617107,0.018482655193451,0.0194025921273846,0.0150305967439678,0.0197374444337202,0.015205346210695,0.0135231973312493,0.0179815212379892,0.0162564031230065,0.0231178639516532,0.0266002929864153,0.0183444735714023
1350,2020-04-24,0.0149730455613575,0.010571030160242,0.0148165086726357,0.0232043113326915,0.0181499969091555,0.0163664750885418,0.0179252715583289,0.0178904120586207,0.0210914662159548,0.0184818602734667,0.0194218100887745,0.0150297127099242,0.0197288467997013,0.0152046680680776,0.0135033251429995,0.0179625751804313,0.0163059791540103,0.0231132925638659,0.0265880678884141,0.0182854180478416
1351,2020-04-27,0.0149674426085468,0.0105548010210743,0.0148333034348928,0.0232066405029504,0.0180435713487068,0.0164185307538215,0.0178479366708754,0.0178646318304286,0.021072997313717,0.0184680607843005,0.019445228680219,0.0150154912760672,0.0197161829767077,0.0151578948281954,0.0135381754493805,0.0179333256008612,0.0162469631012637,0.0231374619767832,0.0265649884735741,0.0183036794560633
1352,2020-04-28,0.014995072950714,0.0106090500435681,0.0148161675635908,0.0227461155962816,0.0181360538105948,0.0163591214759668,0.0177446433611914,0.017849274380099,0.0209771227292973,0.0184604992903261,0.0190381672065414,0.0151250280260242,0.0196552687973911,0.0150016382090745,0.0134802537507397,0.0179250980547357,0.0165946756737314,0.0233563865639821,0.0266260659085897,0.0182967016246935
1353,2020-04-29,0.0149992267864888,0.0106036777554837,0.01480450778542,0.0227963818382885,0.0181983623464356,0.016389223590726,0.017782949162931,0.0179141907543005,0.0209317590148367,0.0185295673858542,0.0190730581738193,0.015135231091024,0.0196426580676371,0.0150391833259871,0.0134756451607222,0.0179756779467184,0.0165828771640784,0.0232315184216425,0.0263505775588039,0.0182783123760633
1354,2020-04-30,0.0151402474016444,0.0106478841468823,0.0147402688423343,0.0219634860007274,0.0181901867472308,0.01638857649283,0.01746069081973,0.0179475882488235,0.0209903434778221,0.018397187931126,0.0187764328968321,0.0149723142718449,0.0196479364347345,0.0146767546662061,0.0132114475099336,0.0181146680222994,0.016600600000045,0.0229070222606178,0.026392893620598,0.018636201001177
1355,2020-05-06,0.0109324737333723,0.00801902358999633,0.0125473473809,0.0196224303291677,0.0140969661170615,0.0114336495408885,0.0122901746686976,0.0154331124866835,0.0174930296641703,0.0136664007467479,0.0154547521306015,0.00967702963361971,0.0153222473289469,0.0120912440524664,0.00783844664630263,0.0172862280784957,0.0120487091771116,0.0215632321313227,0.025596147152646,0.0171798464993408
1356,2020-05-07,0.0109294142685441,0.00802171194215093,0.0125466632898822,0.019598446083043,0.0140739221190508,0.0113509760541314,0.0120438697544035,0.0153917325496741,0.0175805648609336,0.0136568627046793,0.0153173292041994,0.00935175371778226,0.0151301665166077,0.011910467283375,0.00776496715492414,0.0171216334196982,0.0121370063953032,0.0216275419126708,0.0256063276053731,0.0173352193599343
1357,2020-05-08,0.0107739135834304,0.00793611969962908,0.0123800656689178,0.0196034227711148,0.0139685161952836,0.0113525686559279,0.0118708923856742,0.0152959125725146,0.0170577899085509,0.0135478846589687,0.0154756754192681,0.00928753176907057,0.0150714556843208,0.0119069358780973,0.00765183439993808,0.0173134957250463,0.0120521205947125,0.0214536261104205,0.0254811044990308,0.0171442011412051
1358,2020-05-11,0.0107346984253473,0.00793683534566186,0.0121817494093961,0.0197267155020215,0.0137889544196876,0.011316264336432,0.0117488870501444,0.0153102873034233,0.0169316486833294,0.0134923349023531,0.0154880301347588,0.009344398124725,0.0150730818458704,0.0119174480776748,0.00752943774927959,0.0174608259677686,0.0119657328649734,0.021616190203656,0.0255000357583557,0.0171297188331901
1359,2020-05-12,0.0107252152990491,0.00792538337295395,0.0122060976704264,0.0196824854141529,0.0137657313726799,0.0113024943383217,0.0117182133564718,0.0153316351866882,0.0169367435235281,0.0135141618248966,0.0153966043884128,0.00942073684001453,0.015089326348153,0.0119602613299371,0.00753036363866088,0.0174224062980413,0.0120909137592466,0.0216534255367287,0.0254257070713951,0.0171464620864459
1360,2020-05-13,0.0106832806674858,0.00792600674935263,0.0118787172013314,0.0184695657913982,0.013680458295002,0.0110782848539923,0.0113982419241789,0.0150727349101544,0.0165367529713246,0.0133334175218924,0.015340280559382,0.00906703528690659,0.0149455925193938,0.0118230659296762,0.00748582822084996,0.0169190987672438,0.0119098989817614,0.0214596481952907,0.0253530409682636,0.016927810111682
1361,2020-05-14,0.0106893697878472,0.0079223824937881,0.011905880629429,0.0186771424435356,0.0137777127003711,0.0110837618652242,0.0113979415982183,0.0151065826218745,0.016561098057819,0.0133384443085177,0.0153457555489674,0.00886412203157656,0.0149764912886325,0.0117784447761843,0.00755457204166582,0.0169232197342916,0.0119257710309455,0.0214714682891163,0.0253465226632731,0.0167141725815249
1362,2020-05-15,0.0105723663298766,0.0079151696361268,0.0117185300117355,0.0185982513849027,0.0136486500726419,0.0110608972853143,0.0113603609961176,0.0150054124130977,0.0162850265616193,0.0132567575262807,0.015345715325841,0.00873167483871172,0.0149810935350832,0.0117110532378862,0.00756215539503375,0.0169278555786174,0.0117889333272944,0.0214157765384662,0.0253470235882622,0.0167177172669603
1363,2020-05-18,0.0105542342190875,0.00806205784682487,0.0116009197313361,0.0185509281240783,0.0136754872891798,0.0110677752882655,0.0113848522393588,0.0150374818142322,0.0162680497255987,0.0132297044260333,0.01529996235922,0.00871358850467339,0.0149724368823893,0.0116967265612584,0.00754970707186496,0.0167904670753618,0.011795022220747,0.0216795243377598,0.026007787992182,0.0167066177112613
1364,2020-05-19,0.0106290461404643,0.00806107042411171,0.0114816475291491,0.0185708421009096,0.0136544496103016,0.0109807839641569,0.0113276965817609,0.0148577861736558,0.0162354749551863,0.0132491447717116,0.0152836146803661,0.00869731161460578,0.0149655620993436,0.0117617697822283,0.00759637258007531,0.0169254227835207,0.0117291977974993,0.0222320183433269,0.0265371617693598,0.0162935074762196
1365,2020-05-20,0.0104904785036496,0.00794118330980711,0.0108621585262064,0.0185635971641493,0.0133137529868355,0.0108083575726532,0.0107860163804789,0.0147593701234977,0.0158347597971871,0.0130122737109635,0.0152733158198917,0.00826511430165094,0.0147691382946575,0.0117180080598816,0.00724681769877955,0.0169518761795006,0.011558359615868,0.0220741942625318,0.0266584634962626,0.0160560956526889
1366,2020-05-21,0.0104787912169612,0.00793483845504946,0.0108341747560272,0.0184886011726565,0.0133227891541286,0.010808624270867,0.0107928982584003,0.0148230846571037,0.015784497058966,0.0129650553212413,0.0152679745873176,0.00831510237556514,0.0147559196598062,0.0117146869960211,0.00751700351400032,0.0169882988779035,0.0115914304684392,0.0220401409767604,0.0265777901307753,0.016043337700968
1367,2020-05-22,0.0105040568789897,0.00811162657667413,0.0109324277206099,0.0189333361996844,0.013538582430969,0.0109193545860801,0.0108064071670093,0.0151383023297202,0.0157046701698859,0.0130087704308824,0.0154543714074062,0.00839642165031949,0.0148230451121497,0.011758907580182,0.00776324797265922,0.0170215267250837,0.0116224932702145,0.0221182175490559,0.0266216153297462,0.016092268455998
1368,2020-05-25,0.0104225150266034,0.00803974204454702,0.0105595861350274,0.0189324481064692,0.0129794484330702,0.0108559417265194,0.0108218632964885,0.015103482605195,0.0153823717484754,0.0126400133278536,0.0153870706782962,0.00826908404818235,0.0147477619698657,0.0116921708429394,0.00766654450577222,0.0170401153136416,0.0114052257048197,0.0222661929496046,0.026977174887683,0.0159702351263462
1369,2020-05-26,0.0104975825540824,0.00806891987215301,0.0105045796725416,0.0189344650210505,0.0129355224206618,0.0108961308011251,0.0108781195684559,0.0151246348935295,0.0155667166787567,0.0126689098543479,0.0153257424349286,0.00827966402198473,0.0147838148722049,0.011736380309472,0.00766338702639596,0.0171908964034939,0.0115171987231741,0.0215616779363083,0.0264341577795004,0.016291419205761
1370,2020-05-27,0.0104812533689598,0.00805321867190197,0.0108795389751039,0.0191352230205473,0.0129822796534353,0.010906352154289,0.010839413443578,0.0150899872037731,0.0157957629125909,0.0126510287439839,0.0153470247991046,0.00830977579144257,0.0147939919722384,0.0115778024834431,0.00780745849092761,0.0171634480518237,0.0115919108890158,0.021416047156801,0.0263431977626971,0.0160289190570906
1371,2020-05-28,0.0105050520617595,0.00800366543086585,0.0111705202969952,0.019045458774492,0.0130973004860941,0.0108412586880925,0.0106661612026935,0.0151648241067253,0.0158797109753137,0.0126119612625625,0.0153284467813983,0.00825126379148564,0.0146480395645628,0.0114143573297359,0.00812809652500606,0.0168478874657895,0.011590954055603,0.0212497728162429,0.0262175233432423,0.0159719383464967
1372,2020-05-29,0.010492695194391,0.00800091934176092,0.0111353230088543,0.0190077889503044,0.0130339219602406,0.0108347991595107,0.0106130151601732,0.0152446692585427,0.0160147236775731,0.0126012653034863,0.0153124010180986,0.00812156614043601,0.0143620249642676,0.0113913327684551,0.00803266534248454,0.0169142425096838,0.0117537277493194,0.0209241883432148,0.0260177159028583,0.016117282597199
1373,2020-06-01,0.0106175113411943,0.00810273752656935,0.0115061085382197,0.0190702876090949,0.0133037722383385,0.0109757606496172,0.0106132189992414,0.015451495100748,0.01602364915737,0.0126268493853741,0.0154055728238594,0.00824807892489863,0.0145742362829914,0.0114658414768899,0.00803974516721859,0.017277707979595,0.0117706291807534,0.0208760987771201,0.0259381337435899,0.0164763795046316
1374,2020-06-02,0.0104781154482889,0.00805084868182826,0.0116131159282172,0.0189203363963284,0.0130369671263118,0.0106736975769006,0.00994797685915954,0.0151003056265717,0.0148110171655853,0.0112543993586378,0.0144527031300369,0.00778716905679457,0.0141036328136674,0.01115858655263,0.00748465466851427,0.0164984179942613,0.0108099148272051,0.02046402921596,0.0253728337607911,0.016127450799358
1375,2020-06-03,0.00986131128704754,0.0076002291613253,0.0107901629077617,0.0173133726040975,0.0121621529853736,0.0102983590970681,0.00869595905741945,0.014214590398212,0.0142330849305607,0.0104396942843967,0.0136926025737701,0.00737927157905022,0.0126261826468835,0.0103020986439182,0.00728191740991853,0.0157768248077306,0.0105565114356854,0.0204002609018561,0.0256015129704344,0.015955944426682
1376,2020-06-04,0.00984459388967034,0.00756346633465052,0.0106816816995915,0.0172774864719978,0.0121565438615992,0.0103189680120937,0.00874705381446689,0.0142216777677584,0.0142858723221084,0.0104690575841601,0.0136479110678193,0.00738732847488886,0.0126195251097413,0.0102636202846593,0.00772527587349194,0.0157971537556395,0.0108824100382053,0.0206537457797555,0.0255997814459097,0.0158935656141369
1377,2020-06-05,0.00985195696111416,0.00756928246847464,0.0105996456509766,0.0172461498758178,0.0122765262445606,0.0102575176994151,0.00861414130021036,0.0140215339423242,0.0142454277965424,0.01035327025818,0.0136523293173003,0.00713316764877857,0.0124050068151935,0.0103250617816396,0.00782181064269385,0.0159045174256001,0.0108228254228807,0.02061097680727,0.0254308873771955,0.0159988771725034
1378,2020-06-08,0.01004233009971,0.00747734723339404,0.0107917373630646,0.0172140107447131,0.0121598833588177,0.0103114509295195,0.00830683548425132,0.013967577897293,0.0140843214597497,0.0101886631232773,0.013550273775148,0.00699904756193252,0.0123183988549327,0.0102810696644844,0.00770122283588436,0.0159192222394713,0.0108418843001897,0.0206411979122069,0.0253946850574369,0.0159997981544168
1379,2020-06-09,0.0100872592574081,0.00741984560685012,0.0109090712570431,0.01686176458502,0.0123378119744527,0.0102083590255421,0.0082140111451518,0.0140001437033624,0.0139638343262566,0.0101550717941778,0.0135058021361187,0.00702316613006751,0.0121496607111814,0.0101474924009906,0.00774197954329821,0.0157249187164193,0.0109788484826561,0.0203512077781188,0.02538720199562,0.0160551761477627
1380,2020-06-10,0.00958660391086326,0.00743590485725059,0.0108639213049348,0.0162196335582829,0.0122420876485331,0.00983112805230661,0.00765816673806587,0.0138056551701249,0.0135583869348067,0.00925552697562479,0.0125039658027857,0.0068395331168904,0.0112467395746004,0.00952272434300996,0.00769474869493726,0.0147729447228344,0.0109404889973566,0.0201893649986736,0.025024179786615,0.0159499664520752
1381,2020-06-11,0.00949492473964759,0.00742325303030762,0.0106898048266059,0.015724081370667,0.0121871426258368,0.00970747424538342,0.00755084351330477,0.0137555646131641,0.013548818805927,0.00902154216096725,0.0123100893205067,0.00681485061830564,0.0108913013759162,0.00951087002978709,0.00764110476972372,0.0147746121672024,0.0108940455018705,0.0201607879357294,0.0250488479870787,0.0159806099268265
1382,2020-06-12,0.00943291783173566,0.0073558851536544,0.0106619520303167,0.0154339286501055,0.0121748877850936,0.0096180474471084,0.00750270612838114,0.0137582521574902,0.0135240050294792,0.00886807315545645,0.0122942251178693,0.00676595484799598,0.0106195804220313,0.00947116238200779,0.00756560467672109,0.014836274455965,0.0109201669561049,0.0201847829865478,0.0250413585686387,0.0161059323153154
1383,2020-06-15,0.0093469454364959,0.00715688893453001,0.0106385443423438,0.0152388362992638,0.0123239602003772,0.00962022026271882,0.00752684084340338,0.0137520269452141,0.0136242471239635,0.00883636696952849,0.0123707558738926,0.00677259151246219,0.0105433577396393,0.00932753349565935,0.00740266901771013,0.0145092676921906,0.0110411430531036,0.0200568387988019,0.02475176693714,0.016291822787785
1384,2020-06-16,0.00916563730226557,0.00707518272834907,0.010735698099951,0.0150827706296409,0.0123479292010865,0.00951778889165297,0.00749202365072352,0.0138472530634962,0.0134510224540705,0.00833019971936852,0.0123588423139059,0.0066462307281232,0.0104527957673445,0.00914983094320865,0.00734697069786098,0.0143646242982866,0.0112119173211308,0.0197812374049727,0.0243712843149528,0.0162714889764899
1385,2020-06-17,0.00909758076840682,0.0069853055604726,0.0107347694665393,0.0144795567018868,0.0122205029995582,0.00919950232794825,0.00732972288192791,0.0136235629690937,0.0125611566500093,0.00739434057064282,0.0122530863560512,0.00647281793091061,0.00997023866707016,0.00841200946970962,0.00733169596662708,0.0133745784066281,0.0111715413559541,0.019705840047963,0.0244404521466799,0.0161860777826239
1386,2020-06-18,0.00897413519035381,0.0069746906298766,0.0107156488186057,0.0145967791456201,0.0122819800402318,0.00916890539479827,0.0073254640582152,0.0136228045844846,0.0125836471950766,0.00731342259455824,0.0121916292583421,0.00648097210805893,0.0100013980203517,0.00835369620946076,0.00731145651107658,0.0133290998193564,0.0114250255025872,0.0193589332938433,0.0239415635563187,0.0159944419155199
1387,2020-06-19,0.00885642699173362,0.00687372302625582,0.010722004629354,0.0146693258162126,0.0122244218349445,0.00915690115111244,0.0070667016309311,0.0136016005494542,0.0125457057698928,0.00716924480105186,0.0118905400361271,0.0071062129006994,0.00983680533882508,0.00834533517271207,0.00727987870222429,0.0132074938745388,0.0114762647259646,0.0193888720098973,0.0239441355943683,0.0160075589167947
1388,2020-06-22,0.00877527245657637,0.00682096857859867,0.0101385598946461,0.0145406912731294,0.0123437231729368,0.008752996784512,0.00701980772636295,0.0135983656482736,0.0125341040156309,0.00717547438760309,0.0114348631565987,0.00713221656453307,0.00981979649093605,0.00790452064555117,0.0072829785973081,0.013058334895507,0.0114733582709831,0.0195753947808705,0.0238391606793862,0.0159427298631861
1389,2020-06-23,0.00866286945276552,0.00674267156986973,0.0101599229554826,0.0143520096927642,0.0122222864221909,0.00869031664560744,0.00687988311141462,0.0133036099224136,0.0127248697728622,0.00720415996976356,0.0114468918909516,0.00713296430078925,0.00952089654878562,0.00794725532831658,0.00726410926530781,0.0129213189313733,0.0114596231352048,0.01933078487592,0.0231872925193495,0.0160060117116337
1390,2020-06-24,0.00800295758159066,0.0065048177108673,0.0100464745202596,0.0142221892506178,0.0124346138881496,0.00793920408100435,0.00646941888706421,0.0130167690486325,0.0118371015194805,0.00695790826432388,0.0105987723799556,0.00732063590511777,0.00897918072028724,0.00711523393619056,0.0072322326871135,0.0119653748277503,0.0114517180845303,0.0191491561183798,0.0228615280322932,0.014508010024358
1391,2020-06-29,0.00782191627270219,0.00641368917077479,0.00993463989059293,0.0142910222028071,0.0119818895425441,0.00788052000108211,0.00664574878069573,0.0130018394882548,0.0114503566994348,0.00694980434753541,0.0104194291899382,0.00756469558328642,0.00902752650819253,0.00707337406794446,0.00721726967890376,0.0119409516968293,0.0111443841098977,0.0176135727622362,0.0204972468614477,0.0145060762357114
1392,2020-06-30,0.00761009484792864,0.00630243106842493,0.00993385202784454,0.0143119341826906,0.0117006644410262,0.00768610237892483,0.00653481441353577,0.0128843440591523,0.011358314748715,0.0069073270255572,0.0103898405471394,0.00760745505781883,0.00905053669666589,0.00677759751446634,0.00719745147221073,0.011520001785403,0.011150138533945,0.0170425004981485,0.0200986262561024,0.0142217033187388
1393,2020-07-01,0.00708385539650167,0.00630710811206905,0.00983364808543619,0.0144650404885851,0.0116995068857052,0.00768472600548086,0.00646340284889444,0.0128568619984429,0.011196220752708,0.00711246666875728,0.0100897608828362,0.00763328497935436,0.0087664295539824,0.00670145505273748,0.00735364976305546,0.0117845133682374,0.0115724463245443,0.0170454689372373,0.02018346850338,0.0141226187561657
1394,2020-07-02,0.00708332414894137,0.00634283148808372,0.0101167515627187,0.0148440406950801,0.0115765833870604,0.00807976889434795,0.00650470918852182,0.0128574199112096,0.0112944302180016,0.00731289812563417,0.0103732544173646,0.00763363754516934,0.00909331400187029,0.00673411184196188,0.00735973750839827,0.0123577053087414,0.0122138469779181,0.0170454279571291,0.0202027569062215,0.0140010597957072
1395,2020-07-03,0.00657500296371509,0.00625759507199031,0.00997476616885829,0.0148329008699104,0.0113060105871534,0.00784354376876515,0.00648355621081216,0.012870492720419,0.0111575849204494,0.00717633355805076,0.0102170048930766,0.00771807673928599,0.0090602019206138,0.00671629396380883,0.00736661365127478,0.0118942038661193,0.0126957067036688,0.016969533490488,0.0202011689126338,0.0136441001594193
1396,2020-07-06,0.00697134551167962,0.00685852193942313,0.0107465372574188,0.0151876707944731,0.0115487650079747,0.0080937845661771,0.00667348287873123,0.0128274014598031,0.0134053182761543,0.00758034564679844,0.0107600146092938,0.00763452730649045,0.0102170934534213,0.00699838129027533,0.0074348748323808,0.0127411001914104,0.014548725331771,0.0177289545599288,0.0207367332026792,0.0139993627559053
1397,2020-07-07,0.00688075006795741,0.0066073709670923,0.0104599029570531,0.0150990889916538,0.0109423360297524,0.00804318359883112,0.00691876275865845,0.0128265981252021,0.0134252840491098,0.00763014565589404,0.0109134934708296,0.00763183412819397,0.0105840182719443,0.00703783324692848,0.00753485499136589,0.012649177567136,0.0144874765926659,0.0179186190302962,0.0210910403128858,0.0139548642166328
1398,2020-07-08,0.00649090648763591,0.00593249489951057,0.0104322671535055,0.0150939798707449,0.0111216265548618,0.00791882481402562,0.00683928171992092,0.0125044190559285,0.013760213352689,0.00758554265576883,0.0113450074958955,0.00755021904372946,0.0107856575612083,0.00704239079206063,0.0076481561544082,0.0126747489799224,0.0148632390044199,0.0182413996437676,0.021132896174543,0.0138216329226595
1399,2020-07-09,0.00647743479565808,0.00584214243040713,0.0105173521180969,0.0154293262072897,0.0111486927188103,0.00826695287674724,0.0067855661123769,0.012542878449065,0.0140768046752024,0.00762701400133426,0.0117465850342437,0.00757964953866815,0.010849338181731,0.00706841877534254,0.00772908670990148,0.0124420989222226,0.0148674307991955,0.0197475674155462,0.0226501607994663,0.0135216312432428
1400,2020-07-10,0.00671867373823281,0.00612116940417041,0.0107683651170411,0.014332581021392,0.0111365318683735,0.00838397931196342,0.00755697510498263,0.0121251042739801,0.013944231114618,0.00993509981251775,0.0123728465518115,0.00819159058141068,0.0118261916381636,0.00734340392337039,0.00764223556387282,0.0124814549508959,0.0145607808261711,0.0187427574945016,0.0209609217067675,0.0135068191241511
1401,2020-07-13,0.00680954515392012,0.00637129784256463,0.0112674726163531,0.01484653996533,0.0111925434450156,0.00857158882241818,0.00833132784765244,0.0122736303636759,0.0145793523577359,0.0107953235032198,0.0126916992723337,0.0086403949295834,0.0126850150576901,0.00738541180285134,0.00762681432916601,0.0128197096662236,0.0147294897472394,0.0191327991953521,0.0211825006983993,0.0130994048103749
1402,2020-07-14,0.00688844914863448,0.00652906829006277,0.0112278891072823,0.014848864500335,0.0110298659422517,0.00856554929592443,0.00831220182938505,0.0122281456359209,0.0148850867068986,0.0109111816478032,0.0127660034973927,0.00886657000360208,0.0127526289798454,0.00745656316996857,0.00751787911376444,0.0128111009454181,0.0146740357176618,0.0193091433897116,0.0214239975870239,0.0127032040858235
1403,2020-07-15,0.00683378098447549,0.00665544302070443,0.011204644718682,0.0150934198923267,0.0111173343247827,0.00876335369876551,0.00847897531825141,0.0123441746269313,0.0166118286236404,0.011502569923026,0.0129170059600846,0.008965087881527,0.0130786961640001,0.00743526912857476,0.00755133355177337,0.0126872408625982,0.0147688554281971,0.0193095498589758,0.0214245438543896,0.0122120549258523
1404,2020-07-16,0.00711620094239437,0.00714482795828615,0.0112877973507792,0.0150868603140511,0.0111640183068764,0.00925028333674358,0.00867849633507976,0.012494124896377,0.0173549934553172,0.0124436496390108,0.0140812535552467,0.00909279805204419,0.0138964337168977,0.00789656873771723,0.00751538816838868,0.0127540973805609,0.0153715460813604,0.0199592742364695,0.0217218753177062,0.0124315754274054
1405,2020-07-17,0.00703305225772622,0.00713991126140854,0.011345520241642,0.0152403313072531,0.011350540806075,0.00923432109161477,0.00860009213459381,0.0124167365919742,0.0173483777073922,0.0125515448423631,0.0142144666698633,0.00918312374911733,0.01405308665207,0.00762411552809672,0.00744488769788379,0.0129923897575419,0.0153149550417684,0.0194952557749356,0.0214155979534554,0.0122657878164977
1406,2020-07-20,0.00779259420927952,0.00734760227997685,0.0123296991195195,0.0166247820380632,0.0122769621241973,0.00970987951132371,0.00923621839322638,0.0129252971241305,0.018225999955851,0.0134891569414394,0.0140247832669199,0.00971590057177588,0.015472573646696,0.00884018980561408,0.00763446515227428,0.0139978301192036,0.0175118269958539,0.0205370949510307,0.0221423787418878,0.0122564242143778
1407,2020-07-21,0.0077922405128064,0.00736334432251264,0.0123316771797074,0.0168087550282005,0.0123001145498352,0.00982102944009358,0.00935135746722232,0.0129097969041539,0.0183302935778531,0.0135121288488398,0.0141953981926693,0.00972265285528033,0.0155517886460414,0.00879717066156759,0.00758789453988306,0.0139368605617795,0.0174896040941087,0.020805557025069,0.0223900032530201,0.0121449117322282
1408,2020-07-22,0.00783082475673615,0.00737893119910093,0.0123313274217161,0.0165891832049555,0.0122488870483692,0.00983390203999965,0.00934336344747012,0.0121632206507181,0.0182467323445448,0.0135067807393399,0.0144002803965134,0.00980572982664624,0.0155276214030104,0.0088125008311272,0.00755024704756491,0.0139396750191872,0.0175055256269172,0.0206648169897204,0.0212355630294002,0.012150689380121
1409,2020-07-23,0.00789197836275788,0.0073433736645889,0.0123244932863375,0.0162271639531723,0.0117728501740742,0.00986460954242362,0.00936990769126661,0.0116653587289006,0.0182606834757081,0.0136524983796051,0.0144234939660767,0.00979813061240234,0.015500683126317,0.00864542352953979,0.00755145435655474,0.0139682860324406,0.0174388232084051,0.0207895027139342,0.0212268479772229,0.012178691437467
1410,2020-07-24,0.00802366494700344,0.00744281599902831,0.01212340634118,0.0165829032498398,0.0119140717300784,0.0101360368569217,0.00995354625802277,0.0110065490544293,0.0189592955989482,0.0145428846361088,0.0149929823532667,0.0101113918218519,0.0157228640214618,0.00880315776287431,0.00769155814549829,0.0154654641484232,0.0174489486260823,0.0207863799117139,0.0215305322150995,0.0129216750717945
1411,2020-07-27,0.00801386408916004,0.00745429803104817,0.012128893738888,0.0166551007815019,0.0119188706455535,0.0101220596499979,0.00994939446955461,0.0104645656024915,0.0190442968160717,0.0145944375471606,0.0149489191294475,0.0101068173661347,0.0157987955846725,0.00886344408931562,0.00771379998505415,0.0155620334374939,0.0175646110039308,0.0229845441511051,0.022918099813911,0.0129405205601886
1412,2020-07-28,0.00812524848425423,0.00746276133320193,0.0120946778822028,0.0165287438701877,0.0117530213554677,0.0101084516025363,0.0100090739748797,0.0102572566963326,0.019068876790364,0.0146983842522479,0.0149487611776714,0.0101630612688213,0.0157160100594729,0.00887159660169379,0.00790600130744507,0.0155196887618509,0.0175928501394075,0.0234622645281752,0.0235380804005369,0.0129109306214355
1413,2020-07-29,0.00806469917415307,0.00752584968609498,0.0120012345080135,0.01654847666498,0.0117851135066476,0.0102208705347926,0.0100150584007332,0.0101620910993516,0.019241576399557,0.0147036297632261,0.0149495263551464,0.0101714250496781,0.0156830147192457,0.00886725551034334,0.00790630557558856,0.0155025755985559,0.0175510990388663,0.0235692741305055,0.0235600286625382,0.0129732932223186
1414,2020-07-30,0.0080479152376756,0.00752445841627617,0.0119062062991015,0.0165559847435751,0.0119381311162337,0.0101735672566485,0.010007018357742,0.0101338921448565,0.0193464896035836,0.0149966908810399,0.0149671006016314,0.010311889534396,0.0157800664885482,0.00887612585285145,0.00782289713987307,0.0152093173730083,0.017554244934143,0.0239338367474087,0.0238360456180355,0.0129026514294498
1415,2020-07-31,0.0078940637268393,0.00744833437316423,0.011887823466153,0.0165507043412818,0.0117960628921586,0.0101279989589728,0.00988188921143608,0.00997032834503116,0.0193105146945799,0.0147639039702376,0.0152508487339722,0.010182205793556,0.0157170549313901,0.0088315405516891,0.00782548247157672,0.0151760529190985,0.0172259040052847,0.0243008532442983,0.0239461836879405,0.0129147767698023
1416,2020-08-03,0.00789123314088939,0.00748970300857664,0.0119331714856354,0.0165198591523883,0.0116779820695439,0.0101326018167373,0.0099010978895439,0.00990408996629271,0.0203148542394499,0.0147035869564563,0.0154016885731152,0.0101644702078992,0.0157444071067429,0.0089005732687301,0.00799838972474711,0.0152070475459075,0.0172620231364234,0.0242287627355029,0.0239203344007847,0.0128620142227752
1417,2020-08-04,0.00770464532148975,0.00744056849738379,0.0120271103901314,0.0165011213908062,0.0117033925831771,0.00984484505813261,0.00974945014522114,0.00959751928105541,0.0199941567719932,0.0145945503496458,0.0154330091023395,0.0100952411615869,0.0155279173893536,0.0088660344171289,0.00788861863177342,0.0151135595253354,0.0172191683608389,0.0242527596094408,0.023952985185472,0.0126510533472385
1418,2020-08-05,0.00772162511371961,0.00743968823023745,0.0119856079514857,0.0165006646320702,0.0117077999908919,0.00987005399324102,0.00967449605171157,0.00958371179045675,0.0199378838359186,0.0145132026777937,0.0154786765176432,0.00999752286518196,0.0155225330715874,0.00897624769862418,0.00789127262869943,0.0151851126663994,0.0172173469486245,0.0252851555689283,0.0241476934946301,0.0124965322168184
1419,2020-08-06,0.00770020816457437,0.00744617238945327,0.0119407368533574,0.0164605623418159,0.0116928568004427,0.0098551857658424,0.00967243944420658,0.00949824556403312,0.0197955437864777,0.0145575539905899,0.0154583332060401,0.00999874446736725,0.0155333353866945,0.00895320909565945,0.00798080366544882,0.0151853351712494,0.0171681515223634,0.0252175191649194,0.0241612271090428,0.0124426856710952
1420,2020-08-07,0.00799188952175943,0.00763439538134551,0.0119939248365001,0.0164813020314482,0.0116809029358533,0.0100372857889834,0.00972758291573444,0.009473574759023,0.0198099438611231,0.0149410766076991,0.0155876114678421,0.010144832177512,0.015778582210353,0.00903054716344323,0.00794447152567901,0.0153224754547175,0.01719265222152,0.0255328029435092,0.0243905336317657,0.0126713665386163
1421,2020-08-10,0.00794333190720484,0.00764849286222404,0.0119824706368396,0.0163363351508307,0.0116624313728252,0.0100303637817614,0.00979575781078511,0.00930762757419461,0.0207815681182917,0.0149401680189244,0.0159796434901149,0.0101433769680226,0.0158631598355031,0.0089648462067969,0.00792560720347525,0.0152804787394542,0.0172251368435361,0.0255423422321656,0.0245015657437236,0.0126771371545483
1422,2020-08-11,0.00790300779772461,0.00764217248498898,0.0119088791594382,0.0165067480929993,0.0117466645761953,0.0100814077101529,0.00991456344984093,0.00926627222602044,0.0208633339968817,0.0151959723749208,0.0162819605787908,0.010128522278033,0.0161116766791897,0.00891972070990761,0.00804074730862163,0.0157133783485419,0.017273769079636,0.0258329986756283,0.0250506131400362,0.0126418592099695
1423,2020-08-12,0.00788040273012364,0.00763662250676331,0.0118082879976408,0.0165950768334016,0.011743226977512,0.0101089477652541,0.00987494490123137,0.00923987038181873,0.0212282589104397,0.0153249407244326,0.016597154203504,0.0101321005749009,0.0164018118682883,0.00891970827606815,0.00823002161808226,0.015929230416857,0.0172869944538167,0.0269777506900676,0.0261093990951649,0.0131332867024522
1424,2020-08-13,0.00785155070356097,0.00763298866594196,0.0115773947538172,0.0163624551236302,0.0115932170914922,0.0100785316091594,0.00992456369515408,0.00915971659280023,0.0212509902507984,0.0153295567116078,0.0165980037851489,0.0102408923131075,0.0163702582377183,0.00893347965985692,0.00818030956539944,0.0158825095460152,0.0172380203015616,0.0270085458141565,0.026110235077844,0.0131311460362294
1425,2020-08-14,0.00784651818165311,0.00763350153444638,0.0115666275941694,0.0163527299936826,0.0116018634579925,0.010074746318467,0.00994546246002562,0.00913877627059632,0.0212533866428404,0.0153272397156191,0.0165852159741242,0.0102732406010721,0.0163604250394693,0.00891984828583964,0.00816851237633857,0.0159054474155069,0.0172710805788161,0.0270107362520466,0.0261109292597071,0.0131484142708422
1426,2020-08-17,0.00796411254438055,0.00760488237691536,0.0117042003967941,0.0163252042444385,0.0120346548819652,0.0102707749638683,0.0101261680534898,0.00925805953965712,0.0212524754777993,0.0154941874281578,0.0168945549735931,0.0103712431977054,0.0168152221625324,0.00899370546011074,0.00821987762347502,0.0159346121432934,0.017708669157441,0.0270930616029832,0.0255271513165581,0.0131566852059436
1427,2020-08-18,0.00791262682319946,0.00759871877964739,0.0116522351363729,0.0162847339340914,0.0120711380883739,0.0102726812984188,0.0100778686359376,0.00922006500666273,0.0212612164132059,0.0154693078577071,0.0168688130198275,0.0104464512903767,0.0167129375394833,0.00889420192874598,0.00814206278757195,0.0158200024776785,0.017747901999173,0.0269392653583219,0.0253898066074608,0.013170099891169
1428,2020-08-19,0.00803097375459568,0.00759536130117869,0.0116499582553219,0.0162780547407658,0.0127456318486653,0.0102673931773837,0.0100781428522437,0.00926098217412673,0.0212731609110269,0.0154725754838498,0.0169581533397604,0.0104137364532411,0.0167241465820716,0.00906220949144697,0.0081433268190918,0.0160874376189903,0.0189238909301037,0.0270166876235123,0.0253242715601602,0.0136402779602572
1429,2020-08-20,0.00806293548316832,0.0075961281753957,0.0114807045985363,0.0162515707205424,0.0126910952423978,0.0102714976922693,0.0101455098354039,0.00944983489052953,0.0216877347247008,0.0155605061546875,0.0173382138353112,0.0103639469567721,0.0167546588628001,0.00976557191609576,0.00859062041765705,0.0160921189244852,0.0190145395045851,0.0274923493315792,0.0254278933563868,0.0136811308234479
1430,2020-08-21,0.00798145618625114,0.00735916550279945,0.0112180645783839,0.015660222566132,0.0123951468360628,0.0100772005105105,0.0101308247201547,0.00871516806736372,0.0217562232441304,0.0155242186742845,0.0171982078539036,0.0103142010513515,0.0167032442886711,0.00968346570018802,0.00843214084724592,0.0159285732244516,0.0191062422106007,0.0274071164877121,0.0253499183798858,0.0137228737089969
1431,2020-08-24,0.00797783296068499,0.007346191664588,0.0111964744002701,0.0156722082565921,0.0126637771201687,0.0100814255886069,0.0101037809144411,0.00858573693102377,0.0217562633373589,0.0155018255235379,0.0171717563782115,0.0102997602202415,0.0168045706248878,0.00962558743947836,0.00843865798642647,0.0159311132847183,0.0192293346152969,0.0272348919590852,0.0250116034030528,0.0137234863139367
1432,2020-08-25,0.00794818087007141,0.00733819567000255,0.0111959217501112,0.015638998096321,0.0136353884446261,0.0100509085704809,0.0100236349298732,0.00866454444857201,0.0219091880376481,0.0155051280256619,0.0172646178249202,0.0104865035312445,0.0168851256835781,0.00965748809450174,0.00844139594551521,0.0159315025259631,0.019249460181963,0.0274591099871189,0.0250041494143364,0.0137231084708201
1433,2020-08-26,0.00798420570747735,0.00735520364657157,0.0110878442534579,0.0153444788354873,0.013673962678362,0.010055971082811,0.0100162880091802,0.00872297566341184,0.0221225449976967,0.0154534253672,0.0174229129366226,0.0104264014214458,0.0169100324547163,0.00981270375688991,0.00833594274605085,0.0159915311656039,0.01933566213138,0.0273594895771779,0.0251009887237205,0.0138381962836951
1434,2020-08-27,0.00797302903948782,0.00734322822318898,0.0109827921993271,0.0153756706307602,0.0138649943658473,0.0100768123444416,0.0100933404701004,0.00861858928735715,0.0219841834394232,0.0153662856198778,0.0174318639605396,0.0104429179544306,0.0169382054814372,0.0097734642895259,0.00802017491461591,0.0160056429197791,0.0194845190208045,0.0274278205816501,0.0251490529050905,0.013842153890035
1435,2020-08-28,0.00797338932902546,0.00736159987102222,0.010836783722443,0.0153723468299547,0.0138830913086636,0.0100987348662403,0.0102419502332135,0.00851895462748878,0.0217848787912467,0.0154186780225688,0.0174575629953851,0.0105889361865209,0.0169511323431444,0.00979626007796368,0.00799389274948836,0.0159866397767083,0.0193878954903254,0.0273910226925984,0.0250473785721461,0.0140288831571866
1436,2020-08-31,0.00787441129772342,0.00727862889093832,0.0106618225333532,0.0152899939008814,0.0140120762195175,0.00995922980918791,0.0102331675909863,0.00836126976171453,0.0217451033322766,0.0153663386196412,0.0176033191562979,0.0104563369278782,0.0167564989453886,0.00977225342723381,0.00801020292899285,0.0157070246302826,0.0194550765816338,0.0273897422129258,0.0250235592885073,0.0137081097659319
1437,2020-09-01,0.00786751744576042,0.00728639875843146,0.0106689929710293,0.0152977667096916,0.0141783114197825,0.00998028128521446,0.01026659254003,0.00834879045879917,0.0217118286133925,0.0153833189092137,0.0179756330184853,0.010512205973271,0.0167832853376671,0.00980915493666139,0.00802965956770083,0.0157139150423606,0.0194547376482731,0.027153429954688,0.0250103198993023,0.0137279817251586
1438,2020-09-02,0.00790288101552985,0.00729888862574426,0.0103782614547843,0.0154473668012603,0.0146502638681895,0.00993067961782007,0.0102793763757012,0.00858288475009332,0.0218243685019864,0.0154278989203577,0.0182391687709921,0.0105122550630441,0.0168246471746652,0.00984477993963846,0.00781682577067138,0.0158268643636138,0.0193295224774924,0.0272959727513492,0.0248311294470877,0.0133632035388521
1439,2020-09-03,0.00790655026669759,0.00732528389328738,0.0103573672312826,0.0154421495055005,0.0147266558542238,0.00996006956095118,0.0102511444533616,0.00857553728745676,0.0219479498113994,0.0153859738083501,0.0182505085091428,0.0105102931520894,0.0168194016350611,0.00980189530365321,0.00737068060873246,0.0158322652018888,0.019119461942784,0.0272550724579325,0.0250585452516304,0.0133677898584793
1440,2020-09-04,0.00792567998840136,0.0073486293437935,0.0103516598948971,0.0154611641841697,0.0148578290394316,0.00996104008716076,0.0103232667917655,0.00861877097968178,0.0220960442863294,0.0155207320449442,0.0182783690719625,0.0104965483804059,0.016819601502671,0.00985419366264493,0.00716925900351621,0.0157485914950621,0.0190491716811477,0.0272638428521751,0.0250122228876374,0.0132258117509699
1441,2020-09-07,0.0077770841876208,0.00735373984045295,0.0102092429436686,0.0155031005540188,0.0149172691171325,0.00991255880179159,0.0103458597611379,0.00857978192605252,0.0220831027263617,0.0154815977532801,0.0188634864954752,0.0104203488881782,0.0167881938710396,0.00973212009109454,0.00710371380543256,0.0164923370747259,0.0189601008503921,0.0273072633733054,0.0250808487154288,0.0129866326061653
1442,2020-09-08,0.00783150496082055,0.00734310230644017,0.0102015816953822,0.0155038455602693,0.0147735017070141,0.00999355577223954,0.01034875577421,0.00854753992144251,0.0222483583916752,0.0154724957944929,0.0188871174015759,0.0105724116713448,0.0169678898676946,0.009687335182127,0.00702032631779285,0.0164975060626213,0.018846918549543,0.0274122102429648,0.0250338959830388,0.0129322010648802
1443,2020-09-09,0.00788283672169163,0.0073181668066626,0.0101988187160708,0.0156021615528047,0.0152059339771438,0.0099966519326098,0.0103125889420236,0.00873087736576553,0.0223495641074871,0.0155771777362206,0.0190848308463339,0.0105592417256296,0.0169685248214595,0.00978158540589098,0.00692648879428886,0.017190891943143,0.0189078626655585,0.0275182843292324,0.0252418061084481,0.0133999528120276
1444,2020-09-10,0.00790286600624401,0.00724398145391466,0.0099953897243647,0.0156249864528031,0.0159751068192623,0.00998892357185818,0.0103168957361365,0.0094628455478123,0.0225375101271795,0.01581840529346,0.0190850908019208,0.0120699911701889,0.0170248136441496,0.0100584140834702,0.00769703421518168,0.0172247237500263,0.0189674401676009,0.0275331845715084,0.0252131155762317,0.0135121415114632
1445,2020-09-11,0.00789229542112666,0.00721399721316848,0.00987738422153901,0.015621870485048,0.0159695224972947,0.0099953008256115,0.0102902815987447,0.00944950532023952,0.0225403045034113,0.0158661649668807,0.0190838113661308,0.01227975488288,0.0170548857529472,0.0101815481844943,0.00772241755246262,0.0171535477211841,0.0189315591524349,0.0274930068336615,0.0251340424491187,0.0133515795718519
1446,2020-09-14,0.00787956010884875,0.00717095965304659,0.00965941916892541,0.0156148203211747,0.0158714758606723,0.00997356869868061,0.0102641563071643,0.00938119079178049,0.0225062362126887,0.0158659365685946,0.019032978108441,0.0122748384736844,0.0170833500679548,0.0101563969357412,0.00776274423927672,0.0170973402947844,0.0188877390930765,0.0274381979960764,0.0251353261130937,0.0130932037094777
1447,2020-09-15,0.00783197257655031,0.00717080804890528,0.00965754043976116,0.0156071982947574,0.0158487787978443,0.00997890557455825,0.0102686953923031,0.00922086690958394,0.0225060362148001,0.0158090858408997,0.0190799454017039,0.0122352246083425,0.0170433761029073,0.0101373345633686,0.00776703956970861,0.0171218594018839,0.01884337778364,0.0274714706837831,0.0252680106437766,0.0131182388074824
1448,2020-09-16,0.00779682438687144,0.00716522550611685,0.00960529629770565,0.0155708866884062,0.0159959551189171,0.0099789246363833,0.0102938638807044,0.00921004055490753,0.0228216536869408,0.0158085988221413,0.0191418512097792,0.0122102379619546,0.0170791396783349,0.0101892089557976,0.0077751653659254,0.0171824416884016,0.0189311967522419,0.0277011192237948,0.0252513923272646,0.0133771621401442
1449,2020-09-17,0.00779070190368453,0.007141903140946,0.00956943709177589,0.0154544955917491,0.015967300095828,0.0100263314260668,0.0103074912263588,0.0092351681220872,0.0228828423683798,0.0157825950797584,0.0191399791172511,0.0121868552480813,0.0170858735178029,0.01021040447393,0.00778177768304557,0.0172164008580293,0.0188569992122103,0.0279747144274154,0.0254075205828198,0.0136125028477812
1450,2020-09-18,0.00784488877064938,0.00721700306815192,0.0101606757562605,0.0154238582709919,0.0161583870360966,0.0103191596664511,0.0109267631620807,0.00928376445551253,0.0235217009406815,0.0166343433796712,0.0211506940463207,0.0119790075636906,0.01728304334321,0.0104805544420953,0.0077881246872983,0.0172209812893711,0.0188952611270362,0.0282065962855477,0.0254970265155702,0.0135866798795553
1451,2020-09-21,0.00784591976321932,0.00720944372946879,0.0101938888632691,0.0154271014263319,0.016259697521716,0.0103128926933751,0.0109796119042919,0.0093946263632117,0.0235039990273686,0.0166455654737873,0.0212359458982294,0.0119763653490056,0.0172864433920025,0.0104758480335981,0.00785401124166686,0.0172771764941004,0.0188954274153268,0.0280862081654439,0.0254826596271528,0.0134868200339161
1452,2020-09-22,0.00791602014422065,0.00721788500700852,0.0101610518326413,0.0156885046380882,0.0164186026827894,0.0102101206945128,0.0111231888285839,0.00934406406796291,0.0236463237053736,0.0168179204578288,0.0214712903888093,0.0120227945211076,0.0174957573969808,0.0107173663374431,0.00788508967542235,0.0179445146025904,0.0189697418242217,0.0284941585264249,0.0257845141502048,0.0135577319487804
1453,2020-09-23,0.00795820700431336,0.0071976925632827,0.0101507118951072,0.0156940364178562,0.0163297447666798,0.0102186938452635,0.0111095407426014,0.0092977385766945,0.0236618495963011,0.0168471458763406,0.0214754048335527,0.0118740752300492,0.0176083699524686,0.0107526030898278,0.00789002993137367,0.0179326385690915,0.018986836738066,0.0285207303932574,0.0257871325831158,0.0136090894188984
1454,2020-09-24,0.00812807459400655,0.00720217577780908,0.0101284462843858,0.0157301139011471,0.0165633710747065,0.0102824948640287,0.0110902694227843,0.00951201449271801,0.0239303123902025,0.0170507753847651,0.0216480785937063,0.0118325060196507,0.0177576879596788,0.011074735533789,0.00810059078996349,0.0183908568666694,0.0190661321231854,0.0286381616994851,0.0259999864347812,0.0136833665301363
1455,2020-09-25,0.00813888441106846,0.0072350210136599,0.0100935343800428,0.0157306521691137,0.0166225341263253,0.0102812440908335,0.0111169188154501,0.00955244051065891,0.0239320471186503,0.017043352320285,0.0216765618842061,0.0118238552674698,0.017718954718563,0.0111370024559594,0.00811168329713102,0.0184813641237478,0.0190910970791119,0.028637736134234,0.0260010206537919,0.0136989816761369
1456,2020-09-28,0.00813720162124439,0.00722343518018646,0.0100994681077215,0.015187666233715,0.0166246869205821,0.0100680265303877,0.0111204948633888,0.00947049324976018,0.0238860556883971,0.0168081156562226,0.0215198667088083,0.01172111083441,0.0175823008542465,0.0112131238343709,0.00798804928511739,0.0181057207560697,0.0190400410187155,0.0286504603349493,0.0259034493548497,0.013523406469684
1457,2020-09-29,0.00812813767079469,0.00721833860930241,0.00999636045483865,0.0146632995835664,0.0165376693097971,0.00972876560624204,0.0110938201054462,0.00946378552584866,0.0237022630955893,0.016617677641556,0.0213252426409368,0.0117728349966858,0.0173541087797435,0.0112289490300065,0.0079711852803187,0.0176709907984607,0.0186463803640959,0.0286490963606377,0.025888841145415,0.0133488284534015
1458,2020-09-30,0.00807379045744577,0.00720421283083952,0.0100488497151691,0.0145148875939967,0.0165539846960003,0.00976515192604605,0.0111880986867645,0.00935156844672178,0.0236688617763512,0.0165262887456643,0.0213576305630515,0.0117255513949283,0.017265562576364,0.011258940019583,0.00802556947403039,0.0177167979958226,0.0183605486779745,0.028646254324597,0.0258293014934696,0.0133652509762812
1459,2020-10-09,0.00771613514245379,0.0067765778336627,0.00974944545788647,0.0138980244022564,0.0163763227772776,0.00970978873421996,0.0113252582275476,0.00943935132857933,0.0222928275031454,0.0162969226000164,0.0212865844101992,0.0119112065478696,0.0162893759537818,0.0109618557548608,0.00812478641367225,0.0170331459565057,0.0169531842559074,0.0283976275495401,0.0255759889302019,0.0133142489384372
1460,2020-10-12,0.00772767238563747,0.00679754078151763,0.00975503091484151,0.0138989835350551,0.0164240428194952,0.00985084790918802,0.0111798503716422,0.00947313440305429,0.022729752245523,0.016437978559338,0.0213984484971457,0.0120353427769137,0.0162271681754825,0.0110088206145155,0.00823660708103605,0.0174385267883611,0.0169470303533461,0.0284685916832219,0.0252966526629376,0.013580940239544
1461,2020-10-13,0.00770966903497006,0.00677222771348373,0.00976449325187692,0.0138756472265608,0.0162512843154688,0.00984611747808328,0.0111763561135761,0.00944940309918439,0.0222693091538434,0.0163010259579299,0.0210747164890104,0.011933545911892,0.0159456217452407,0.0110208572025155,0.00791119170996945,0.0174350517409888,0.0165513553483199,0.0282564062260231,0.0251640413029153,0.013501617791783
1462,2020-10-14,0.00761582799783963,0.00663958891954022,0.00966795125862613,0.0132057920575356,0.0162613318968622,0.00949129119791858,0.0112061502939296,0.00942828278182351,0.0216750477326817,0.0162056009649733,0.020564001834008,0.011958514563943,0.0156646564444053,0.0110626828648365,0.00784572266337519,0.0173432768766686,0.0165314243249321,0.0272218620383436,0.0236070018232287,0.0135597849462305
1463,2020-10-15,0.007250165174346,0.00637386455324099,0.00922766472857905,0.0129689081789415,0.016263928967954,0.00903191642514499,0.010508177510268,0.00932977552635903,0.0218482952545491,0.0153197621429726,0.0201944743556568,0.0115786088610283,0.0150085193869662,0.010921758705525,0.0078727188152365,0.0173975858899226,0.0165366969118915,0.0266211783218979,0.0228165811586571,0.0135532038986765
1464,2020-10-16,0.00711099306080409,0.00614917667141733,0.00891320419897794,0.0121135201157413,0.0161948321979296,0.00891583928498366,0.00991921851388844,0.00907194612018712,0.0210674283497995,0.0145872984724914,0.0198999131865971,0.0111597650631508,0.0139290105313511,0.0108844780174918,0.00787066367172328,0.0170786643226595,0.0163120837043988,0.0263162659538879,0.0225250701731237,0.0142086686630069
1465,2020-10-19,0.00706647206869849,0.00596500268943757,0.00901321756571097,0.0121106474367993,0.016481145747708,0.00890958078281747,0.0101415820518845,0.00909367715681961,0.021087108996348,0.0146686523258733,0.0199022137649824,0.0110581930772687,0.0145137991463124,0.0107707953201931,0.0078701005102849,0.0170434818700128,0.0163571879355917,0.0262125769782807,0.0224009806790348,0.0144022369347092
1466,2020-10-20,0.00704730167068827,0.00580957285674066,0.0089346416842885,0.0120057486646596,0.0169200443674603,0.00905552548358858,0.00993443031711182,0.00899632240013032,0.020222934803157,0.0144379336849544,0.0198428481977274,0.0110533956006586,0.0145658424364948,0.010775801851332,0.00786178237641774,0.0171721144130163,0.0163099385777549,0.0262088068631317,0.0223988930237912,0.0143996081543909
1467,2020-10-21,0.00675812093851239,0.00510233803299721,0.00863325592181605,0.0116227768619241,0.0169301867229707,0.00906040993495615,0.00984191581421063,0.00883255208747054,0.0198595872140083,0.0138812813009118,0.019351315230668,0.0111364906726168,0.0143378976198463,0.010572539732282,0.00793376991298954,0.0174137064836208,0.015886494972508,0.0258254044136391,0.0221682912763399,0.0146556868677063
1468,2020-10-22,0.00680112597346296,0.00511736070701829,0.00863097393247375,0.0111985880967868,0.0169018970656649,0.00926421548079784,0.00975426885124275,0.00883626215077592,0.0198394929128085,0.0138238382881676,0.0191894421704116,0.0109743995350843,0.0145175887319614,0.0105730637938217,0.00802486899006655,0.0165863675070324,0.0158903395737335,0.0258750318297877,0.0221664731664862,0.0147486800083337
1469,2020-10-23,0.00586191651316984,0.00492443210467029,0.00745949592830188,0.00784520394855147,0.0161625889004097,0.00888333804166073,0.00920411104646494,0.007962649249056,0.0186841410096315,0.0126413499875176,0.0190292384990321,0.0104542000910533,0.0127040048914154,0.00924034903858283,0.00785329740106896,0.0153000378223247,0.0131759603643448,0.0250852785612119,0.0213519789786368,0.0149051758322528
1470,2020-10-26,0.00586298096786038,0.00486286271626447,0.00748398366008873,0.00772317540364144,0.0162032239383214,0.00886487022441672,0.00906916770843428,0.00800260972036032,0.0186889022590613,0.0126590478174767,0.0189523681052589,0.0104556807323363,0.0130024318682695,0.00921187827835662,0.00785329601032627,0.0152833649879146,0.0131353229494044,0.0249076287995008,0.0209047503899559,0.0148975211933255
1471,2020-10-27,0.00579454065327775,0.00485124934188744,0.00756254094415376,0.00782403170997336,0.0162291740913439,0.00882741171976536,0.00904249178334256,0.00799456623614737,0.0186473920348252,0.0127238133517809,0.0188589687255343,0.0104490618710557,0.0131614103362411,0.00925924639544558,0.00785200285977293,0.0158387319848162,0.0131308989060304,0.0248728507390044,0.0208693651484155,0.0148535294866042
1472,2020-10-28,0.00578078541217081,0.00485920223161179,0.00747294602077325,0.00781016380399037,0.0162066372830097,0.00927392557523581,0.0089818607785961,0.00798839003342757,0.0186536413843945,0.0128292450067179,0.0188336407573974,0.010449698380931,0.0131571516006193,0.0093160027019673,0.00783728909371434,0.0175954615964345,0.0131536299142341,0.0247516612407874,0.0208500613303232,0.0151679518711894
1473,2020-10-29,0.00553412405635911,0.00453807459831897,0.00726402043659197,0.00734426040859859,0.0161267981285072,0.00951500892755488,0.00836451205382702,0.00776922727684438,0.0181732675749081,0.0120180429301516,0.0184096305428301,0.0103543054653729,0.0129926138725693,0.0092217282175291,0.00770203244198096,0.0169715234235748,0.0130479029884815,0.024819716675086,0.0206233589863702,0.0148662383296598
1474,2020-10-30,0.00553434413666529,0.0046112562605055,0.00734483414123233,0.00735894915797612,0.0160061657531482,0.00989510122968038,0.00849567040806902,0.00790500208058222,0.0180726125270672,0.0119179910511306,0.018489469704771,0.0105173295671849,0.0127553264492499,0.00905650913047143,0.00786724353813817,0.0167572702601417,0.0129797876440917,0.0226057598779379,0.0187681637280663,0.014856508542736
1475,2020-11-02,0.00543856421017558,0.00470133557507355,0.00744693313768789,0.00731809600334563,0.0160224445970917,0.0104600871491564,0.00843338866080222,0.0081320655628496,0.0180132337022018,0.0119809544786147,0.0185764221883967,0.0104751182901936,0.0127096629284871,0.00909112484966839,0.00767242544068414,0.0172523169593521,0.013146980907146,0.0225846154165069,0.0185145930747479,0.0155797128272415
1476,2020-11-03,0.00561404506777791,0.00467994895497784,0.00746804950109079,0.00720963166446991,0.0168107754458908,0.0104452784570869,0.00844908884473324,0.00825978426475888,0.0182095838661849,0.0122829557331595,0.0188368577303136,0.0105306181594809,0.013338002560989,0.00904598227009797,0.00797197634545754,0.0175010244162895,0.0133649257955184,0.0227515452015656,0.0193017458696881,0.0154247810055649
1477,2020-11-04,0.00560102390111946,0.00466901831124953,0.00757999157131445,0.00748546101323393,0.0165531814368418,0.0105080806045054,0.00845386119428075,0.00828601694650003,0.0182663734803856,0.011997322484122,0.0189336515417809,0.0104476965465125,0.0133350064163623,0.00904854850623217,0.00820897185112329,0.0175043508438742,0.013383951047068,0.022430245565098,0.0190647953409073,0.0155064063884898
1478,2020-11-05,0.00567956345955759,0.00466473612020793,0.00783280103332453,0.00773731066622131,0.0165583537223781,0.010505972189166,0.0084544658931934,0.00831496210631733,0.0183365070933936,0.0121053473026793,0.0188218695160405,0.0109073386056485,0.0134623177686856,0.00906567498978875,0.00830243820547061,0.0177473480942331,0.0137421824315342,0.0218455241237108,0.0187342908890957,0.0163147774319753
1479,2020-11-06,0.00579456278200637,0.00465545826618635,0.00814431620106934,0.00778141918778553,0.0177108847854869,0.0104429371369401,0.00836812617474159,0.00831114897916134,0.0168237630631107,0.0122249888224347,0.0186763567032112,0.0109412832606912,0.0135037768832519,0.00910319359824606,0.00824982365117423,0.0177675827333484,0.0136729694329426,0.0221953032678554,0.0189955404723763,0.0163036783641998
1480,2020-11-09,0.00632240066367782,0.00485015887625715,0.00827782714569278,0.00810261353725775,0.0179393070976809,0.0104972098322196,0.00845158810418769,0.00876707995912713,0.016979220115291,0.0128350567913697,0.0183740290494626,0.011433844216439,0.0140005745273819,0.00915840324094256,0.00857504805935069,0.0178042459518216,0.0141994435770959,0.0222219167692422,0.0190510037453563,0.016116187145763
1481,2020-11-10,0.00641192779199272,0.0048644671937277,0.00827788221832621,0.00819656750682926,0.017941345793765,0.0104921508617433,0.00857815968952468,0.00873005335922352,0.0169709166930655,0.0128614717792808,0.018553537619347,0.0114731583123844,0.0139883564436964,0.0092659647496044,0.00855934272767784,0.0175447476419807,0.0142768687214854,0.02129544152859,0.018922247898533,0.0161726240783498
1482,2020-11-11,0.00643664742038407,0.00485165468682642,0.00852061354527454,0.00825901039306835,0.0181546624915412,0.0104872905869971,0.00857537668247219,0.00878033248440003,0.0169908942412474,0.0128970275300396,0.0185781770781847,0.0117456454372387,0.0142566033244329,0.00932721657971637,0.00847182537964427,0.0176952859362195,0.0144771357075185,0.0212041390348178,0.0188374415091827,0.0159982541289703
1483,2020-11-12,0.006073891898248,0.00451150010871404,0.00835821553961469,0.00825637513188956,0.018105955123677,0.0104015255753876,0.0085468989328682,0.00875277442583285,0.0169899488416259,0.012483993979594,0.0184539499910562,0.0116464293537223,0.0141580497243054,0.00941427223889444,0.00856309333589578,0.0176464405802438,0.014462678895651,0.0209452562560192,0.0185928558196409,0.0159351329530358
1484,2020-11-13,0.00606048355856574,0.00453687063753989,0.00838069461805559,0.00827709670820939,0.0181231801470972,0.0104062209741641,0.00852993459302534,0.00876061888699389,0.0162108009104175,0.012487071386296,0.0181975089705355,0.0119866015623205,0.0141667523783438,0.00934849003483384,0.0085618178221307,0.0176662913954868,0.0143610260033865,0.0209241495370406,0.018520731686789,0.0160420086127738
1485,2020-11-16,0.00629948848153818,0.00460357403286708,0.00853233089395102,0.00813897518556068,0.0182834633757892,0.0106485201478886,0.00841281785026703,0.00910365735943375,0.0171585788959076,0.0127240225961623,0.0186837346445456,0.012970948220341,0.0144925227923519,0.00940222190308215,0.0085995498197228,0.0178162906146235,0.0145648034650111,0.0209599762115816,0.0182204622387173,0.016008551736956
1486,2020-11-17,0.00633693944531097,0.00473298557970504,0.00842072661633518,0.00806340845971623,0.0182788332346284,0.0108100345775982,0.00843014738898437,0.00921251909583594,0.016903811842464,0.0128164944932595,0.0190091241257498,0.0129604932685827,0.0143012439170519,0.0094320494652108,0.00846151325567932,0.0177348352914872,0.0145888435237328,0.0197800439206882,0.0167584606449832,0.0159785252906968
1487,2020-11-18,0.00630144184912312,0.00470879767502181,0.00841131447635707,0.00809185500626379,0.0181789248022736,0.0108013981799147,0.00839993871411701,0.00913520834345001,0.0168995290153485,0.0128060554873429,0.0190212208494536,0.0130280258434607,0.0143613707227889,0.00931388725964109,0.0084677101913559,0.0177496112177986,0.0145343266385001,0.0197597926755481,0.0167626201863408,0.0159571706120521
1488,2020-11-19,0.00632144288570213,0.00474667065199871,0.00841601170163811,0.00807106520531132,0.0180964294398673,0.0108247926877478,0.00840384501093053,0.00909471147106578,0.0168966612469419,0.0129650244129412,0.0191081312046911,0.0130243619899897,0.0144070228276979,0.00926048882951084,0.00854148027173644,0.017789431903235,0.0145317192994234,0.0197184789032278,0.0167662761179637,0.0158450625233596
1489,2020-11-20,0.0062447669265328,0.0046518319010732,0.00824995762315917,0.00798887701921627,0.0175690298627435,0.0105746647417742,0.00822454585594915,0.0089509547622967,0.0173549875858931,0.0128035796266919,0.0188446307491331,0.0132492029717677,0.0140086253230785,0.00902200113992835,0.00869841026900234,0.017805411668294,0.0140776163039715,0.0190922961249448,0.0165502890747645,0.0158008961144766
1490,2020-11-23,0.00629057293886094,0.00466191770324048,0.00963702542419733,0.00804269157363329,0.0175877082859497,0.0105778187008232,0.00882184344998928,0.00938726960322791,0.0181714932368458,0.0128153068405845,0.0191327452359348,0.0133728078026216,0.0142369373667313,0.00911407135472321,0.00905110531277813,0.0178208209969871,0.0142092527016185,0.0188839241262113,0.0160806903664312,0.0158185444928087
1491,2020-11-24,0.00617245913358366,0.00470485183241481,0.00962007028991995,0.0080267066891682,0.0166126612594074,0.0105719346742098,0.00885308580558813,0.00955475603387504,0.018588930832615,0.0129194265729119,0.0190536436682693,0.0134816729735746,0.0142497403634058,0.00873391983675129,0.00906577011320714,0.0177013572441696,0.0123894538553603,0.0188952514042632,0.0159666866220624,0.0155588604939747
1492,2020-11-25,0.00614413592786253,0.00474543388487927,0.00959066238959398,0.00813413967830622,0.0165765831028161,0.0110761079712868,0.00879125152907802,0.00932416288455408,0.0181993915781025,0.0132251261783463,0.0188598899366603,0.0136795361344814,0.0142840494218129,0.00830576362302077,0.00846285314070296,0.018177307401501,0.0121895420316189,0.0182109966818525,0.0157129254268269,0.0155738769009867
1493,2020-11-26,0.00616471350727089,0.00474015578881135,0.00961696299686934,0.00815642217045144,0.0173857937690968,0.0110785878221286,0.00878894714132737,0.00934427358229895,0.0182513252731358,0.0132534663073964,0.0188790294527643,0.0136888482095517,0.0142921869499238,0.00833166554718002,0.00845101074095749,0.0183984777080713,0.0122436100722428,0.0182401684985671,0.0156498690061082,0.0154978762481598
1494,2020-11-27,0.00617077842888,0.00472289363432059,0.00959683691700406,0.00818428761840568,0.0173542974568753,0.0114925137775104,0.00877496517306653,0.00933969932833915,0.018442326298492,0.0133024201306495,0.0188791418047313,0.0136785841598472,0.0144636538812472,0.00833266584739986,0.00847084103040641,0.0183888870140769,0.0121508164673762,0.0182548679627358,0.015555311645566,0.0155926855127571
1495,2020-11-30,0.00617285116438878,0.00509929027806711,0.00961442267716885,0.00822196974629319,0.0171534649847069,0.0115077423298384,0.0087450556490316,0.00932144066319034,0.0181508160722199,0.0133280751088258,0.0188561983464427,0.0135652990338446,0.0145297389537284,0.00843394967708831,0.00848802115338778,0.0184502185141579,0.0121093288601143,0.0180152306651081,0.015412997999142,0.015426502852944
1496,2020-12-01,0.00609872286056301,0.00514311349221006,0.00944944579908696,0.00821193083347789,0.0171666446308152,0.0115325739890585,0.00876617392998289,0.00936205875880284,0.0176792819593025,0.0133200440535045,0.0186909318446459,0.0135728946552147,0.0146786214820365,0.00838252621288341,0.00843414539492619,0.0184610593821568,0.0120154130785007,0.0180214434775305,0.0152637792330963,0.0154273140580622
1497,2020-12-02,0.00609562663469774,0.00532829724551947,0.00944008860137675,0.00825889453334733,0.0171154012890646,0.0116194944586524,0.00870044216625666,0.00938044054202236,0.0176991323514852,0.0133193925049328,0.0187749696208734,0.0136250514917971,0.0147888444940442,0.00853073052095764,0.00845873700522142,0.0184702186448907,0.0118318379408646,0.0179644751573047,0.015155642900825,0.0154296191322338
1498,2020-12-03,0.00622198110726234,0.00555522522302614,0.0107607017670649,0.00824539979636181,0.0171330207418872,0.0119755796961946,0.00937849952822527,0.00946094037280857,0.0179013564270938,0.0145412901701181,0.0205379376704739,0.0135558654780575,0.0151833730348804,0.0085458401940729,0.00854619181020021,0.0184161757599009,0.0117791590735189,0.0179494707531583,0.0151667531584273,0.0151374410368255
1499,2020-12-04,0.00621829015354637,0.00565064530609735,0.010826866142707,0.00826772841686973,0.0170791333939691,0.0120093487439351,0.00938380114971588,0.00945871084224669,0.0179492174775768,0.0145380028412392,0.0203505999551251,0.0135584286595584,0.0152765480108566,0.00854365026532095,0.00854289823394468,0.0185794844630564,0.0116784612458651,0.0180383773720529,0.0152271234642628,0.0152681872467172
1500,2020-12-07,0.00624778230036955,0.0057560323164626,0.0109638246107711,0.00848059503471644,0.0170260475389705,0.0120936131066939,0.00947854987574871,0.00945071316438142,0.0180207222911294,0.0146822702291548,0.0201101298297546,0.0135751597405543,0.0151765275099955,0.00855620891349236,0.00857486289656158,0.0185532038932652,0.0116902706953635,0.0178528876383241,0.0149231939903813,0.0153246323849128
1501,2020-12-08,0.00617990026652109,0.00587446109216836,0.0111607431054407,0.00835369832692845,0.0168192509773722,0.0123087166702966,0.00952241907712474,0.00932095318838099,0.0178723373709735,0.014811717139207,0.0200015347850561,0.0135859414024228,0.0151653289693495,0.0085598633660454,0.00858568028480522,0.0185978244867385,0.0116608801215612,0.0175488658392278,0.0148779004035627,0.0155683348922403
1502,2020-12-09,0.00616191914170906,0.00599345925917988,0.0113083686987438,0.0085239635125412,0.0167989803491041,0.0123696146883874,0.00952487965680945,0.00931429780864896,0.0178134868467554,0.0149835279739907,0.0204736256183053,0.0135793414990708,0.0153103569854867,0.00911501791472543,0.00861960102068306,0.0186081425730084,0.011630540055456,0.0173986246565373,0.0146442371276099,0.0155524498030403
1503,2020-12-10,0.00611039064048395,0.00607184049404718,0.0114640812642123,0.00858881365492208,0.0166931568331248,0.0123627053358765,0.00944672239963418,0.00940171898737474,0.0176011767122227,0.0147905648134121,0.0205266247152376,0.0136177365106439,0.0154524679752413,0.009165550992209,0.00860144443394424,0.0186104401887062,0.0116438199692671,0.0174747866078022,0.0146424396949825,0.0155490296059641
1504,2020-12-11,0.00604228877835242,0.00624545463071271,0.0115919715141888,0.00860107277231238,0.0167470733394454,0.0124890408734645,0.00942217442885356,0.00939655360803382,0.01795447877731,0.0149504889062736,0.0203966659816356,0.0136337254384966,0.0154112318806898,0.00937830722137282,0.0101571095084082,0.0181976239050615,0.0116025241135465,0.0174753612599686,0.0145477394478313,0.0155247707800854
1505,2020-12-14,0.00600798802785568,0.00627022039013873,0.0136140113001644,0.00865140670802441,0.0166965468393904,0.0123325468397669,0.0113689794567664,0.00943539469455235,0.017768470716516,0.0148955006027785,0.0203987504956535,0.0135203309368175,0.0157750098843879,0.00934730731576209,0.0104639076914466,0.0181580536574471,0.011568664398901,0.0173527536852611,0.0145572962718719,0.0156639245489098
1506,2020-12-15,0.00590785540340028,0.00629152850000375,0.0137569618000021,0.00851538011823992,0.0164247547179183,0.0123234692536631,0.0113674702609751,0.00929385299306661,0.0176108440368926,0.0148481162740725,0.0202508829904142,0.0135304702071898,0.0157562815562484,0.00958658133204662,0.0108529172669507,0.0176086251377029,0.0111801882610941,0.0172082634385015,0.0142020661193674,0.0152061705694464
1507,2020-12-16,0.00584798649717769,0.00633648740048845,0.0138289100787704,0.00841836987417716,0.0157860156581691,0.0123099204575735,0.0113549681607386,0.00854859402970995,0.0171908522238361,0.014661854051303,0.0203059148758487,0.012013029270482,0.0158259727957364,0.00949978671490978,0.0107508306938717,0.01759062673901,0.0110119543326688,0.0171875395448933,0.0142165839759491,0.0150838775410307
1508,2020-12-17,0.00587055374914127,0.00645062108672536,0.0141339264893609,0.00872051879719125,0.015822907590209,0.0125043995334345,0.0114653003089808,0.0092109444031128,0.0173413848189767,0.0151611805797381,0.0204838871184103,0.0119297013086399,0.0158929507139746,0.00947172913930592,0.0107523336129854,0.0176625731968606,0.0110020918924416,0.0171900497634814,0.0143988131663014,0.0150845278649974
1509,2020-12-18,0.00586439804189255,0.006443030069994,0.0148647778276824,0.00878598720077408,0.0158315752336235,0.0130587597195799,0.0120801433264684,0.00943808689684522,0.0174110139536447,0.0151653458865662,0.020495099661921,0.0120025277234283,0.0160212886788127,0.00951918022893394,0.0107451677717194,0.0176820166575632,0.0108527289394502,0.0172094031793241,0.0144475604889519,0.0149506630389474
1510,2020-12-21,0.00586660142397565,0.00640341886041312,0.0150206584568799,0.00883650552063316,0.0158394824038642,0.0131171476209065,0.0122091729637297,0.00942335679474708,0.0174052801495695,0.015191999246966,0.0205903214660249,0.0120449979925508,0.0160300953751788,0.00959295379382844,0.0107343134163881,0.0177178737586048,0.0108560228033338,0.0172134369704718,0.0144817988649397,0.0151165122586308
1511,2020-12-22,0.00637452156296314,0.00668951049713238,0.016416023579613,0.00899975178146643,0.0157696829157951,0.013532531800305,0.0134544835041917,0.00973046148787533,0.0179271930742448,0.0169814889246136,0.0235058056862241,0.0121467957235738,0.0172694973816895,0.00950317887240915,0.0110279051107913,0.0180127565592208,0.0109431798394697,0.0173866245452892,0.0148290857552621,0.0149378754425563
1512,2020-12-23,0.00636484824446861,0.00674454599593214,0.0165277945787692,0.00899693899288416,0.015821791516112,0.0134028604067164,0.0136091380036826,0.0101332253165983,0.0179553346196795,0.0173225906822626,0.0237212443186825,0.0120467934307063,0.0173082611618706,0.00976580169620422,0.0110113058377949,0.0179956634597016,0.0109337818349384,0.0168764318253795,0.0145090203598436,0.0146711727129487
1513,2020-12-24,0.00637692731108608,0.00674055234134113,0.0162030689262016,0.00884367985865592,0.015557708898057,0.0128998102507111,0.0130447210932788,0.0100935310866532,0.0172622269294032,0.0167027128043034,0.0220820225489545,0.0120431513432105,0.0170210035750088,0.00947165837992217,0.0110032382562317,0.0179846709456426,0.010831141338985,0.0164476239237565,0.0143081087531211,0.0146893458872403
1514,2020-12-25,0.00638096333863722,0.00675653552098172,0.0163061578214365,0.00893593548332292,0.0153203670790475,0.0131486986398136,0.0132563045400046,0.0103064049709137,0.0188870065913465,0.0168260533072559,0.0221934349748201,0.0124281193408016,0.0175517390166021,0.00959048162531098,0.0111165062705227,0.0182630135594851,0.0107822426754663,0.0166661448896819,0.0144383528098517,0.0148583135566273
1515,2020-12-28,0.00623496302159815,0.00684874120497175,0.0162061373698543,0.00860820588708646,0.0152977207669172,0.0131609141236036,0.0132733345076268,0.0102728591040187,0.0185579095351662,0.0166955426208006,0.0220788049790893,0.0122951653904073,0.0174107320063055,0.00945171017688297,0.0111859487238699,0.0178039703277999,0.0107086760232542,0.0159377841377561,0.0138216534063329,0.0147097448442347
1516,2020-12-29,0.00631604948915963,0.0068573909753071,0.016726558507486,0.00860252849920424,0.0153285388788785,0.0131937561269655,0.0139273477707088,0.010602583194018,0.0203373315587334,0.0174170567038401,0.0239494650633428,0.0122814614973965,0.0179144050375232,0.00946403211485294,0.0117188621417608,0.0178045636377955,0.0108750517002379,0.0160265050975272,0.0138039681638325,0.0146475771914546
1517,2020-12-30,0.00596458690212109,0.00678365182165022,0.0167244792033304,0.00850639357915576,0.0151816966584464,0.013515467653734,0.0140124959280691,0.01045230722154,0.0199542945575457,0.0171416259121751,0.0238586256529611,0.0123416867774236,0.0178911457734701,0.0093024235769237,0.0116063207254,0.0173540401219729,0.010757804125121,0.0157942830579094,0.0133121828144257,0.014714494363354
1518,2020-12-31,0.00598009133254854,0.00674549729415999,0.0168859997189066,0.00848297406573897,0.0151897702763449,0.0135752164038051,0.0140029642980555,0.0103967202208553,0.0199299805577491,0.0171583121607976,0.0238673466959389,0.0123813097696852,0.0178880307199361,0.00939184394025232,0.0116113519851784,0.0172698745386481,0.0106754555803693,0.0158731108569979,0.0133749313042055,0.0147553413479812
1519,2021-01-04,0.00603718109331726,0.00674846464968204,0.0168514910359792,0.00872627502277859,0.0152066640365274,0.0143351852794411,0.0139957593889918,0.0103651503349174,0.0206025969563456,0.0177946641571985,0.0239011977705378,0.0125489189346765,0.0180921605293442,0.00970259485364659,0.0116162713781212,0.0172852868484643,0.0103760449687513,0.0164480413332549,0.0138925572851306,0.0151354646256806
1520,2021-01-05,0.00606295810758551,0.00673468741810336,0.0170319092924107,0.00873529336657933,0.0150531467468289,0.0142610443051276,0.0140611573718505,0.0104564817174969,0.0207927272561488,0.0177996939857165,0.0238913784432606,0.0125431464558868,0.0180772876586251,0.00969368633803862,0.0119409955578651,0.0171891790705611,0.0103895855793925,0.0164457310462058,0.014133424357299,0.015355293115672
1521,2021-01-06,0.00597505154480977,0.00677878779614402,0.0169971177586641,0.00873312414070935,0.0151284162552027,0.0142740460376408,0.0140308014648863,0.0104380291285069,0.0206724241065821,0.01779315227691,0.0239311986653012,0.0123944125067345,0.0179717888243592,0.00964649200773522,0.0120974909494656,0.0171534262292241,0.0102208126711871,0.0164278905422517,0.0141397596097785,0.015322023452149
1522,2021-01-07,0.00598404549056737,0.00674939434285712,0.0172526796907472,0.00854098065307076,0.0151002527427874,0.014845633048177,0.0144837055235101,0.0103504956248966,0.0212867522024671,0.0180475006587519,0.0251835836550257,0.0123745011001753,0.0184322249387736,0.00987254208435564,0.0120108492927319,0.0173268708936047,0.0100992633466459,0.0161828580978154,0.0139322403608355,0.0150296753338372
1523,2021-01-08,0.00603821661400319,0.00687025038039361,0.0172190968178124,0.00873479791890321,0.015098757769576,0.0158645571247664,0.0144998925419151,0.0104011099698895,0.0210221441410174,0.0180041535219512,0.0250064566977213,0.0123886978268029,0.0183681189068768,0.00988764527099958,0.0119216478973044,0.0173030690067612,0.010119596950818,0.0160239921470661,0.0139321151723317,0.0148412669913436
1524,2021-01-11,0.00639047954144173,0.00751490290460513,0.0179400635465078,0.00875918261722313,0.015239445527232,0.0161446411896597,0.0161022021072909,0.0107252415281748,0.0212823830549517,0.02052901906808,0.0259245070196025,0.0125564552710095,0.0186629322278143,0.00993345984112578,0.0120467780921258,0.0172784712950512,0.0101855391860972,0.0172401727243609,0.0145821478363528,0.0150165476399551
1525,2021-01-12,0.00634188831596602,0.00771774483233146,0.0180519860900311,0.0087322521700939,0.0153314977507452,0.0164047290790394,0.0161154665504527,0.0106627715327369,0.0215702523845796,0.0207473888269268,0.0261759081875376,0.0124209109209632,0.0187185694091056,0.00996521507027447,0.0120350079313786,0.017586521616055,0.0101047618730229,0.0170462895174687,0.0145413027601771,0.0150201507592132
1526,2021-01-13,0.00640423111090346,0.00768727494189313,0.0179831126498178,0.00870227221835865,0.0155275445990001,0.0163504256757363,0.0163712681323607,0.0107512164792605,0.021678682910057,0.0215581105391314,0.0261519779049308,0.0124199101556925,0.0187460715712337,0.0100547933502856,0.0124279303475479,0.0177305876832797,0.0101115943956034,0.0170370835073151,0.0145625303272475,0.0150112906694502
1527,2021-01-14,0.00646432491013399,0.00771602534621091,0.0180634922198661,0.00872121615124187,0.0154492236540233,0.0162317747198217,0.0168242510640247,0.0110323111534754,0.0219142011129389,0.0220566666750239,0.0267482232392783,0.0122872641260797,0.018902160220597,0.00999862694900332,0.0125625948431255,0.0177619407111648,0.0100211947623743,0.0172629751418634,0.0146659721792704,0.014546826541978
1528,2021-01-15,0.00649204382672599,0.00774237290041188,0.0181076457354453,0.00870418585888134,0.0150686769615223,0.0177987084130006,0.0168545742319161,0.0114486357643083,0.0244530438074183,0.0224832268514068,0.0268148448536027,0.0121486432482467,0.0184264347310764,0.00998712845649097,0.0125669733058988,0.0177675891982298,0.0099431449075138,0.017267917841896,0.0146546907197718,0.0143944440433791
1529,2021-01-18,0.00647623648923633,0.00775701936480832,0.0181925677248836,0.00864148983917432,0.0143639950235782,0.0177785418800717,0.0168527581366703,0.0114116871056176,0.0244908587864283,0.0228589018489043,0.0267495554024908,0.0119560370769652,0.0182450436547476,0.0100043111564364,0.0125608145682525,0.0178944361459667,0.00988916326228674,0.0172707797082285,0.0146604534819691,0.0143795657577859
1530,2021-01-19,0.00647824964590393,0.00775376296040077,0.0181883243361557,0.0087440534020909,0.0143699663071353,0.018067155540316,0.0172208354906017,0.0114501406699435,0.0249017982385832,0.0236880269671195,0.0267784257702487,0.011613860414152,0.0183304851111513,0.010280052343637,0.0125328313325823,0.0175340781845197,0.00970991719746192,0.017133294782258,0.0148051661188055,0.0137982815104297
1531,2021-01-20,0.00648232610299583,0.00771955167065444,0.01819989205182,0.00876884896996547,0.0140313221207673,0.0185755639053417,0.0172402804660296,0.0114425442168305,0.0249027159976559,0.0236766750661148,0.0267589864144711,0.0117097201933546,0.0180895283305059,0.0102853768789848,0.0124891749449854,0.0177061405823391,0.00967658864462239,0.0170264206987269,0.0147507755628503,0.0136151151938548
1532,2021-01-21,0.00649884972416867,0.007664730997745,0.0182906756876448,0.00876625257267589,0.0136509164905606,0.0185462061433967,0.0172427413296788,0.0114314768649271,0.024997076365463,0.0236594020364738,0.026903466941114,0.0114916287991187,0.0178245064048072,0.0102868868730618,0.0124954251176158,0.0175287081509116,0.00964174058611587,0.0170280332610936,0.0147000528807859,0.0132712960342645
1533,2021-01-22,0.00663877751853488,0.00782306442891044,0.0185442804889967,0.00870293581319322,0.0136880264653503,0.0185711848165105,0.0178030515095795,0.0114560766653652,0.0252585831992916,0.0238965356078843,0.0269389662700791,0.0126766002402175,0.0177420352621022,0.0102893004913418,0.0125051266228928,0.0174093921087589,0.00961792293647018,0.017092096541511,0.014724553004568,0.01343372072509
1534,2021-01-25,0.00665798326905058,0.00782637334306696,0.0186556660109835,0.00866749937232046,0.0135248392748357,0.0187137158475361,0.0179126406931286,0.0114208690422841,0.0252463139447571,0.0238341791598056,0.0270125819973744,0.012708198138819,0.0182668142903175,0.0102502399649205,0.0125043472193259,0.0171627063536754,0.00967893883387124,0.0172577320580666,0.0147874813366275,0.0134208860991794
1535,2021-01-26,0.0067598357071765,0.00774033185257041,0.0186525101266995,0.00870721696769873,0.0135264681570008,0.0186459259891904,0.0179750547487393,0.0120546249921124,0.0253981323982291,0.0241090174713784,0.0275820976279007,0.01266602503252,0.0184053534844306,0.0103481221825541,0.0124894458282493,0.0159170349127828,0.00968491344846985,0.0175901940296291,0.0148470555579519,0.0147747561051864
1536,2021-01-27,0.0068089298741604,0.0077191454618393,0.0186860949758639,0.00873379766243156,0.0135474776654835,0.0185261187209235,0.0179551049519242,0.012125845998157,0.0257060331298394,0.0242214113978086,0.0276276485957706,0.0124243321210796,0.01862009185496,0.0103850304215307,0.0124752118544379,0.0152990326953944,0.00968207418938767,0.0176463325366885,0.0150765900042303,0.0144798507705157
1537,2021-01-28,0.00695253052212173,0.00761979801400231,0.0188410058003512,0.00874641487882109,0.0134945735226466,0.0185035958264593,0.0182769290027939,0.0124873663289988,0.0264512970314149,0.0243639699942496,0.0283675969389844,0.0122396873663886,0.0189353827230102,0.010407666534202,0.0124245606303048,0.0154272110544016,0.00929316507744708,0.0175318917421619,0.0147996610182115,0.0151621984774043
1538,2021-01-29,0.00695857928577345,0.00753037030363595,0.0191189045997065,0.00884513952849506,0.0133113431467569,0.0184322543969009,0.0184046538643175,0.0123830902745258,0.0264320505547804,0.02421796601813,0.0284159289787263,0.0122538554694577,0.0190636192904604,0.0103711971465416,0.0124312179536052,0.0155986934004693,0.00919754961576505,0.0172663813556812,0.0147207648697072,0.0150878327606965
1539,2021-02-01,0.00675655760795965,0.00744045714398791,0.0191255214826045,0.00885117418268257,0.0126242080448377,0.0186261433089568,0.0183608308974918,0.0122807429176254,0.0263192676237561,0.0241753183095624,0.0281462810384506,0.0123273703967687,0.0189581821261943,0.0103294277391504,0.0122516355967142,0.015436536921324,0.00907695972757715,0.0172326054550251,0.0143322160699124,0.0150805463081202
1540,2021-02-02,0.00675719964315167,0.00743952400224156,0.0190978514606944,0.00850565211856854,0.0125033461325967,0.0186438643239911,0.0185824545042621,0.0122820852641872,0.0264195034356046,0.0243113739052376,0.0281993479576308,0.0121998736850587,0.0189290897728002,0.010334168673287,0.0120497945720826,0.0155189151154807,0.00919560723163092,0.0175017739987531,0.014425138288562,0.0153356919026874
1541,2021-02-03,0.00671087325333482,0.00743956058283301,0.0189506487890483,0.008318557440964,0.0124091882031723,0.019182132314062,0.018579877958297,0.0124436922727091,0.0264233531561446,0.0243106989200551,0.0279751449277776,0.0120377313450452,0.0188752779330036,0.0103038122804873,0.0119591989939141,0.0153493087597771,0.00894858900850942,0.0173615909769938,0.0144492245443989,0.0148061047955426
1542,2021-02-04,0.0066225268782736,0.0073746570767037,0.0187623227407144,0.00807428235643444,0.0110805203229238,0.0196748363103149,0.0186769981111097,0.0124943863212156,0.0270976929400516,0.0241450379060351,0.0279712503949124,0.0122618372862057,0.0189051922932606,0.0102394425933559,0.0118431263120778,0.0154035465100592,0.00908511965614161,0.0174327547161763,0.0146239461035848,0.0147860055413876
1543,2021-02-05,0.00613768672609398,0.00711447499742541,0.0186446302952181,0.00770271021052341,0.0108098919889658,0.0198284965947468,0.0189314883128041,0.0123625490453059,0.0288832927590274,0.0235600183129883,0.0282801673522103,0.0125150048257289,0.0190316678537899,0.01016981266157,0.0115096554733052,0.0160230735460383,0.00841512804448752,0.0173905811889983,0.0147247816189426,0.0150099088442109
1544,2021-02-08,0.00610796300178988,0.00706864988412439,0.0186497911915654,0.00788105725637358,0.0107457414823324,0.0199228219357799,0.0190334450564351,0.0123606613585267,0.0292195749564559,0.0244204730640668,0.0285255382471624,0.0126984691023875,0.0191071344907074,0.0100935995023061,0.0115041029840438,0.0161331066645665,0.00831833026713773,0.0168647880382778,0.0144897768573336,0.0149959855088442
1545,2021-02-09,0.00616227967252516,0.00702359574108252,0.0184608880440601,0.00787019737799257,0.0104714463028185,0.0201843985275914,0.0191154145423252,0.0123642367546831,0.0299348922469098,0.0249674675011174,0.0290551226355107,0.0126371705310656,0.0191877877625372,0.0100623300394255,0.0115037985476576,0.0158189225955815,0.00804166382528224,0.0169070202904561,0.014652499236201,0.0151570205184064
1546,2021-02-10,0.00632425418495365,0.00710823881792656,0.0186263851076145,0.00794573658109682,0.0103747176948989,0.0201846559111979,0.0191169277330148,0.0123279470652591,0.0302340918706551,0.0250130711241124,0.0292642516894009,0.012812788555276,0.0191860375270201,0.0100714007553624,0.0115480035359209,0.0160313266438113,0.00805495247120454,0.0169206489988639,0.0147207515218883,0.0151023085871853
1547,2021-02-18,0.00710018700986198,0.00714308841019361,0.0193564913442827,0.00819362819456579,0.0100924227643301,0.0203905702065736,0.0192821772537533,0.0123310780467352,0.0303709046525155,0.025315073069216,0.0304282996341683,0.0136450968871197,0.0199763849933223,0.0102751491370208,0.0115868179838463,0.0165886715513542,0.00813179784683007,0.0169611865834314,0.015087924673744,0.0150941883861763
1548,2021-02-19,0.0069119463680632,0.00726978600588962,0.0197348058057971,0.0082297222324354,0.0100829855812119,0.020273068798544,0.0192164653455135,0.0120825956753281,0.0313026870375306,0.0248305365251948,0.0299261363815493,0.0130269186686645,0.019790427166141,0.0102372785291082,0.0116142790983512,0.0169400472409571,0.00769984935067183,0.0168040698627254,0.0148653596982557,0.0153404420730105
1549,2021-02-22,0.00717840411466118,0.00738725078862426,0.0206620356328606,0.00831041279370907,0.00997947126744587,0.0206488723036438,0.0192844546728229,0.0120043825413973,0.0315160764939654,0.0251155236914737,0.0314748680306096,0.0135396027659758,0.0207227229350737,0.0103027805621009,0.0117935960272501,0.0168673873933766,0.00829172959304253,0.0176231951552283,0.0159098056139228,0.0163155978805151
1550,2021-02-23,0.00717469222259682,0.00790744414920917,0.0207620217802354,0.00869456896475305,0.00992431897800365,0.0208544064696218,0.0197428115609786,0.0120666413144619,0.031690343913055,0.0250693685960661,0.0315457881437173,0.0135174593656689,0.0207880194897493,0.0103130193319372,0.0118088225271067,0.0170853872723532,0.00828408122073818,0.0176293295920994,0.0160102840960954,0.0173273457881896
1551,2021-02-24,0.00760085309061221,0.00819388796997592,0.0207597820624665,0.00869175426391772,0.00988566638127361,0.0212631617441988,0.019752484830095,0.0122955204062255,0.0325192916049688,0.0252499371281276,0.0322877785819304,0.0137853686305846,0.0207509490357744,0.0103258948892927,0.0117048354540616,0.0178680574920491,0.00825526915402687,0.0180366796565009,0.0164556259016842,0.0184611187738718
1552,2021-02-25,0.00754870951579239,0.00850687303939269,0.0211537091014458,0.00872966818906906,0.0100681534411628,0.0216055997474617,0.0196731773315077,0.0122108318900686,0.0322268661581024,0.0254169138024197,0.0322929800245162,0.0136783743938702,0.020698017570425,0.0103634626802797,0.0116862304934014,0.0178185547482659,0.00816209463690241,0.0178634607842081,0.0165239344251556,0.0184606217255433
1553,2021-02-26,0.00757492237344025,0.00880596129411003,0.0207261483286875,0.00895217768453257,0.0101442062297271,0.0219263563899983,0.0200092597631145,0.0120200745335294,0.0331062323685596,0.0258941666118604,0.0328963984945143,0.0143795844392375,0.0211343491144281,0.0103916175083495,0.0113188810379541,0.0178310661816705,0.0078182937646702,0.0183978501158924,0.0177080950145995,0.0188899545786948
1554,2021-03-01,0.00751767739479331,0.00868091552907521,0.0207665780590999,0.00907970600093924,0.0103005725171843,0.02250716996257,0.0199983057777794,0.0118745080010834,0.033688313750525,0.0256785565399004,0.0328970026945574,0.0143442229908405,0.0211591574054002,0.010337825681783,0.0113002268565604,0.0178149832525973,0.00785544179431827,0.0182709657081907,0.0176496128181417,0.0189481047655794
1555,2021-03-02,0.0077143233307668,0.0093920521962313,0.0208995142378449,0.00907048482260186,0.0103142534045808,0.0223976310438823,0.0200078617974303,0.0118675910789599,0.0336555906938106,0.026050826537477,0.033258474710741,0.0140229777576849,0.0212321341859725,0.0103290943978835,0.0113076797988438,0.0181366081945428,0.00823635521768515,0.0184237006699338,0.0179123978906378,0.0189689175799285
1556,2021-03-03,0.00775752731394648,0.00941540841406716,0.0212718763261188,0.00913594533067035,0.00990658187504674,0.0246308352871384,0.0203589189465652,0.0118796273854099,0.0342649063939981,0.0262568519202592,0.0333983477309921,0.0143354242664324,0.0216805054496778,0.0103859628596864,0.0115054852114033,0.0177409225948118,0.00831386041040545,0.0184591870574191,0.017910217646626,0.0189564939563532
1557,2021-03-04,0.00784957952732249,0.00961469819606594,0.0212629842338735,0.00912551621335836,0.00975479314772172,0.0244839038329925,0.0203657549316115,0.0118606733194357,0.034431992054985,0.0262565144595151,0.033526109485,0.0144198364629964,0.0215370847313071,0.0103768026126231,0.0116407393127351,0.0205603764304948,0.00831613423296216,0.0185541856015403,0.0180582745914065,0.0196863752126648
1558,2021-03-05,0.00783925717392372,0.0098626458677189,0.0216263729913829,0.00959843019697949,0.00971904444522791,0.0267022265058974,0.0206402173264516,0.011958080547155,0.0351276484142798,0.0268251006891894,0.0334454286431558,0.0145457538980055,0.022376924851016,0.0102876377960608,0.0116572218532721,0.0206792294143428,0.0082436738944809,0.0186720358406142,0.0182311645208971,0.019685887618487
1559,2021-03-08,0.00783920364475386,0.00995183282012789,0.0215969771518088,0.00963234805253217,0.00980079392180531,0.0267055558208486,0.0205544595366885,0.0126382955614236,0.0360292649320348,0.0267971879494081,0.0334889986595089,0.0164877584425012,0.0222727871381004,0.0103274813510023,0.0117570666092124,0.0228115633865538,0.00865477735555599,0.0185868802200198,0.0182610753297463,0.020464161636715
1560,2021-03-09,0.00792283991227095,0.00994489642612065,0.0215878185984298,0.00959476239322728,0.00960131370955604,0.0268161694400082,0.0206015242578194,0.0127297519084341,0.0373377469971179,0.0267997120036436,0.0335243201614783,0.0169704250334569,0.0223074870750537,0.0101884056677022,0.0117596001415436,0.0233968060877228,0.00865756662059649,0.0186518556297538,0.0183955684517378,0.0205070400908009
1561,2021-03-10,0.00797122670540363,0.00999596855004337,0.0211501098378253,0.00961084404314783,0.0096249403492742,0.0266398938851871,0.0204546646080009,0.0130258327036175,0.0375026838441202,0.0264677783070571,0.032911330810231,0.0174541898285606,0.022155924859572,0.0103022415754164,0.0118595699171412,0.0233015656281612,0.00872601040536109,0.0186933358768112,0.0183925372722418,0.0204604254039024
1562,2021-03-11,0.00819217633095006,0.0100134143829009,0.0214902801905943,0.00997187514311845,0.00993219800716117,0.028480979588212,0.0205889621203583,0.0133664373831805,0.0381403087608405,0.0279121536043728,0.0345833910528787,0.0174880378911745,0.0227728949313662,0.0106002317474836,0.0121633950916534,0.023281882878983,0.00917033673666345,0.0190781428936991,0.0187716856490434,0.0203415613407456
1563,2021-03-12,0.00819078430183964,0.0100766240616222,0.0217431429430519,0.0100086724734604,0.0100732877768852,0.0284971731313698,0.0207733163828932,0.0133703939542007,0.0382049934816702,0.0279471562975523,0.0345957816444043,0.0177623300286332,0.0228839299738066,0.0105955999371514,0.0123054077483457,0.0233649163067844,0.00924266099728882,0.0191163457347069,0.0188079937544678,0.0202454817342492
1564,2021-03-15,0.00821448723450573,0.010120519043264,0.021722232507917,0.0099966244568087,0.0100677974350165,0.0288493218154423,0.0208214721798509,0.0134259480349041,0.0385005024552632,0.0279410280012203,0.0345870585844299,0.0182273248634411,0.0229818548123954,0.0105775760590843,0.0123240811608115,0.0234905689104655,0.00922993841365237,0.0189373526641468,0.0187443054509552,0.0201934512034063
1565,2021-03-16,0.00827329594772904,0.0101782959561721,0.0217188480182569,0.00989914987529011,0.0100196510249127,0.0292091294688179,0.0210276058809603,0.0135042715653417,0.0387734707386024,0.0281661215618819,0.03481377953269,0.0183964336351805,0.0235127144838898,0.0099369232237981,0.0123833831624223,0.0236064167286897,0.00931086991158703,0.0187946251143496,0.0186438609586911,0.0202245808990886
1566,2021-03-17,0.0082942659235738,0.0102245777540614,0.0216818574089962,0.00998592429118651,0.0101592654233532,0.0293338560943591,0.0209956677652768,0.0137586173821279,0.0387466686799016,0.028254894817527,0.0350437849660543,0.0184699863579949,0.0235356586744376,0.0113470545656989,0.0124861547868627,0.0236323919513676,0.00944715963775346,0.0187542750454336,0.018647150127997,0.0202829701493738
1567,2021-03-18,0.00829724133215458,0.0102024171938084,0.0216644136080709,0.00995743735123082,0.00988882685309364,0.0293775770662971,0.0209863556431738,0.0138587548558347,0.0387676052175808,0.0282731495513861,0.0349572434428603,0.0185383542855892,0.023581454046686,0.0111494446017869,0.011424145872539,0.0236900808400346,0.00937905134764554,0.0187192404199297,0.0186741545254298,0.020206396595707
1568,2021-03-19,0.00845805528086407,0.0108095859890177,0.0205824566250849,0.010062596563237,0.00989329984043337,0.0293679422176954,0.0203335505585083,0.0138332969549611,0.0392799914117378,0.0283506152489295,0.0349592389529284,0.0190584307205621,0.0231976891785536,0.0110485063752719,0.0111785393609011,0.0250042795510156,0.00956463797961029,0.0187812243556016,0.0186658504184468,0.0202881595267182
1569,2021-03-22,0.00846137900511511,0.0108813078802289,0.020547603048679,0.0100491881094693,0.00999088818932391,0.0293340759520489,0.0204036840735734,0.0141448508863846,0.0394258867005152,0.0284391433752419,0.034976174602241,0.019290392638194,0.0233527116374154,0.0108864019509094,0.0109687086306019,0.0251409156159169,0.0102715497168522,0.0186839996612894,0.0185679256427131,0.0203834005895599
1570,2021-03-23,0.00857050333186419,0.0114455674100028,0.020897738527463,0.0101098304222381,0.0099851307708773,0.0305011118643585,0.0205002156133429,0.0142615210411645,0.0410114963134722,0.0294923654509775,0.0355592428763691,0.019862631759003,0.0247458440900101,0.0109203137796532,0.0113292948694802,0.0265390773930837,0.0111115191296539,0.0190375091651726,0.0186512319195611,0.020568162312254
1571,2021-03-24,0.0085887153638438,0.0114255806148789,0.0208843805547509,0.0101152144633482,0.0100279625350161,0.0309009045297924,0.0205248263925032,0.0137956859208459,0.0419638856365367,0.0301246190258336,0.0358573057912651,0.0203321632240316,0.0251683159316252,0.0108872054352318,0.0113262998794189,0.0276290991351597,0.011129448951252,0.019300394230604,0.0185898707841978,0.0211463484855398
1572,2021-03-25,0.00857574013062537,0.0114198911327056,0.0202732841447513,0.0100972034484437,0.010891747055319,0.0306255017622396,0.0200304425650244,0.0155035325770992,0.0417867404078489,0.030098384893132,0.0359102006820712,0.0202645883970586,0.0261972052651432,0.0117780394515633,0.0116473915829746,0.0275971019660345,0.0114283677054135,0.019300095789858,0.0185645067563483,0.021218876256094
1573,2021-03-26,0.00858997807248158,0.0113632232669179,0.020248432957377,0.0100767317223035,0.0108980737197838,0.0305964986136277,0.0201681672747355,0.0155615610103338,0.0417643163725882,0.0301508533602323,0.035722475199235,0.0202015099099189,0.0267206259054558,0.0117228301624398,0.0116517849770786,0.0275260132808723,0.011423332223147,0.0190544648012415,0.0184429368217999,0.0210650556486154
1574,2021-03-29,0.00835867022047064,0.0113319121807756,0.0193511432184042,0.0101134752465318,0.010772296456216,0.030550868265924,0.0196989359534443,0.0155169939677334,0.0416395737658411,0.0296297380411315,0.0343776875772162,0.0203243454664733,0.0264820350292481,0.0117295838372853,0.0114024562423376,0.027506962513031,0.0111973905814748,0.0186768809594174,0.0181041108493392,0.0210765596003546
1575,2021-03-30,0.00839319073879402,0.0111873739409581,0.0192361074557632,0.0101272544266307,0.0108196698110797,0.0305899679667595,0.0194756389791237,0.0155400501815193,0.0416186570698035,0.0292149127846963,0.0341379661893141,0.02035493621976,0.0271750869906861,0.0116933033773418,0.0114774952867491,0.0274878315979265,0.0112091385310054,0.0186724765358556,0.0180911801407424,0.0213388378341976
1576,2021-03-31,0.00838935555594929,0.0112555480522259,0.0192570424779067,0.0101583632093052,0.0110555018529779,0.0308249379869969,0.0194356457990654,0.0171395228547106,0.0423719885468421,0.0292649217825813,0.0340814609653101,0.0206467196131473,0.0271752433610579,0.0119582760388058,0.0119129767673017,0.0277399695202082,0.0113065994769745,0.0186917269783501,0.0182127719836723,0.0213988171414987
1577,2021-04-01,0.00835696638866031,0.0111505797532959,0.0191304571022791,0.0102919348528028,0.0112130501751036,0.0308815181454497,0.0192234068391727,0.0173825450141211,0.0410591555546598,0.0292420320737435,0.033772591180862,0.0203792216688836,0.0267824521495485,0.0121791368946119,0.0117881467967701,0.0274376740548314,0.011423372798867,0.0184567721358962,0.0180978528435941,0.0212282182464544
1578,2021-04-02,0.00838902017506788,0.0111841211593269,0.0193700398505417,0.0102833578049935,0.0114696683606871,0.0309096824581074,0.019121823835535,0.0177009623459535,0.0410045608694417,0.0290636936917027,0.0337811787108247,0.020429309116687,0.0268756208635604,0.0133288591431857,0.0117433283615275,0.0274779327916849,0.0123561059092107,0.0184265672237619,0.0180860814548707,0.0218130369330288
1579,2021-04-06,0.00830480070341861,0.0111850569384485,0.0189795301700188,0.0102843832081881,0.0113075910835442,0.0308953072108341,0.0188621856224758,0.0180041786796802,0.0410327489811408,0.0288662821936611,0.0328010932980029,0.0206857540770898,0.0265895827752198,0.0133356135220592,0.0112595665436847,0.0275408268474713,0.0121990926263723,0.0183978737603616,0.018047668373857,0.0219960594813158
1580,2021-04-07,0.00838775432453806,0.0111811853583334,0.018960188574088,0.0103953673418027,0.0113979080743834,0.0310622430757022,0.0187485743462645,0.0178416541512995,0.0419624060271855,0.0293608570362345,0.0329229248855639,0.0206398330379167,0.0265121701964561,0.0133236780825996,0.0112853806266504,0.0275480967946085,0.0122440018815028,0.0185061746530806,0.018000184802061,0.0218032289248264
1581,2021-04-08,0.00842359328475283,0.0111762819243171,0.0188648389778176,0.0104185649341081,0.0114149103651381,0.031041891370174,0.0191908320070652,0.0179381405335627,0.0421339602157374,0.0299854789517817,0.0337411927159371,0.0205384826192212,0.0265668470573546,0.0142968855550248,0.0114880622647187,0.0274022066498504,0.0125999629386479,0.0184825749350406,0.0180435895625026,0.0217492975834927
1582,2021-04-09,0.00840606400415716,0.0110882630761577,0.0188649795258843,0.0101874428448131,0.0114398412165514,0.0308394695090245,0.0192370641725153,0.0183234833090368,0.0413678374867389,0.0295004467532974,0.0336720857623309,0.0210860233782921,0.026367961651644,0.0140694539221749,0.0115311553367788,0.0273621463338381,0.0126079866088008,0.017853773392414,0.0175587773099256,0.0213768932254275
1583,2021-04-12,0.00840358646335031,0.0110829299457216,0.0189980254928434,0.0101726871804894,0.0114128991107714,0.0308616543817269,0.0195468054600171,0.018323611588653,0.0409627970077472,0.0295421703870184,0.0338075009932349,0.0215223013286048,0.0265921642182725,0.0140590504977801,0.0113193447828646,0.0281466650506708,0.0125824374650626,0.0178389658909901,0.017427655522025,0.0212930844222005
1584,2021-04-13,0.00839225930825419,0.0109092724476437,0.0190046883892947,0.0102037593435917,0.01160192871985,0.0311022784007765,0.0194873044775914,0.0188579830487834,0.0407373586621301,0.0298075451718356,0.0339387451774014,0.0215255575746278,0.026536843001783,0.01480745962738,0.0114915531205925,0.0280042492602244,0.0127990761390744,0.0179394174359743,0.0183299500666806,0.0214131026525682
1585,2021-04-14,0.00839225930825419,0.0107329845274682,0.0186506648253912,0.0105196879561529,0.0115600066923461,0.0306509624796653,0.0188480350057121,0.0188479962868248,0.039925535283889,0.0296117177308983,0.0327497669603697,0.0215442081560491,0.0260612297692867,0.0146675064740015,0.0114783491495366,0.0279822563017132,0.012810507624047,0.0179194409968912,0.0182932741834323,0.0218850282511822
1586,2021-04-15,0.00838152490454753,0.0105249928453065,0.0186928183111105,0.0103633777102736,0.0115223145312338,0.0299916838879585,0.019149486248371,0.0189555598170423,0.0398345065840494,0.0305207284592632,0.0335559083523415,0.0213781079821405,0.0260574988270136,0.0146357546001678,0.0114927856451251,0.027665186290711,0.0128999336634438,0.0179706305149959,0.0183051521845557,0.0221066104190619
1587,2021-04-16,0.00833790258277072,0.0103673116669013,0.0180517129039041,0.0107719092980895,0.0112739462944289,0.0300202690936762,0.0181009532146389,0.0190714626246688,0.0399683544033236,0.0292926151427834,0.0330634868457855,0.0214391642047267,0.0259680923213772,0.014601558346875,0.0113672268746725,0.0275506832824385,0.0128742734595238,0.0170848503930048,0.0179402433981351,0.0218974309173317
1588,2021-04-19,0.00835569075430433,0.0104523980087163,0.0179231112339389,0.0109071199952313,0.0109860125517869,0.0298717445049596,0.0180381627740943,0.0191675681411592,0.0395246387584785,0.0293768347580355,0.0334000825127985,0.0214094168242919,0.0259763671865298,0.0145032438401497,0.0113956732740622,0.0274152942260571,0.0128712832039758,0.0173735980963388,0.0177893080500231,0.0221231178537038
1589,2021-04-20,0.00833040931425713,0.0103571041924592,0.0179200682819828,0.0109569554938081,0.0107281731529746,0.0299937885077326,0.0176432039401996,0.0191793596372969,0.0401494313203266,0.0289902945462378,0.0333784651959029,0.0215589529568221,0.0259844036148643,0.0144567329435607,0.010856270346281,0.0271040810389071,0.0129069518193799,0.0173642097164927,0.0177871470412018,0.0222618937770166
1590,2021-04-21,0.00830570451154986,0.0104289171140162,0.0179905550245724,0.0109860174750503,0.0110127957373636,0.0300902953628415,0.017430513139806,0.0191418894817329,0.0401522444026916,0.0286845528820302,0.0329857414318677,0.021770567564028,0.0260049675693146,0.014601431721354,0.0109068338055813,0.0270829089904037,0.0131792872509251,0.0172224698930377,0.0179624487699508,0.0222583699586028
1591,2021-04-22,0.00833408523615533,0.0104281518586908,0.0178691380845665,0.0110953201190312,0.0110109359969965,0.0293205998989308,0.0174053894250865,0.0190758900933229,0.0395211055388096,0.0284848627743568,0.0329759484731686,0.0216459440792479,0.0259518194861079,0.0146118825397291,0.0109196873453138,0.0270650187967609,0.0131262350824536,0.0171843245781547,0.0179479574405919,0.0222660918334031
1592,2021-04-23,0.0083411403315874,0.0105146198310982,0.0177672377052933,0.0111942661135189,0.0108337864933698,0.029718624369988,0.0174054994277452,0.0190155973227025,0.0395508519265997,0.0283395676835503,0.0331690564147822,0.0215333434274586,0.0259702172116538,0.0146072418169104,0.0109294667528329,0.0267691391108549,0.0131732125756101,0.0172021711612081,0.0179687479230089,0.022344556529448
1593,2021-04-26,0.0083406543498466,0.0104486505005744,0.0177699446540986,0.0111130541951247,0.0108316864499829,0.0295865055828012,0.0171867080550668,0.0190170851676979,0.039577373948113,0.0279091711644677,0.0336641244063481,0.021483147916875,0.0259300701449784,0.0144811070506962,0.0109315243585624,0.0267928546190201,0.0131617378805908,0.0172842913503229,0.0179133612547853,0.0223714829892603
1594,2021-04-27,0.0083131336139792,0.010388365359566,0.0178018368042089,0.0110846773474736,0.0107685074853176,0.0292589034827661,0.0181396344367161,0.0190034024138876,0.0394833395414784,0.0280283429449848,0.0338802393708624,0.0211641878240923,0.0259209025358378,0.0144819648448876,0.0110785372435504,0.0264106493533332,0.0132426133795341,0.0172847864305528,0.0179417110465682,0.0222157587833161
1595,2021-04-28,0.00830541088210781,0.010355868357941,0.017676386038135,0.0111850093274387,0.0107738917271944,0.0293282969651772,0.0184258439509889,0.0190982794081232,0.0397333877601394,0.0280282007080617,0.0338387543608101,0.0210747330744725,0.0259412772191813,0.0144828114428552,0.0111875385809963,0.0263168420878086,0.0134804821303037,0.017282819653062,0.0178610744420593,0.0220986142303585
1596,2021-04-29,0.00824332056939002,0.0103504184360998,0.0174697756746291,0.0111730141859751,0.0107847896142225,0.029315679484239,0.0183084805546129,0.0191933056545585,0.0397214863026634,0.0278148820885161,0.0339511491101199,0.020913160374106,0.0258964508067432,0.0145662230617863,0.0111798527598855,0.0262005806263372,0.0134754617661153,0.0175881296969159,0.0178600007240705,0.0218186830117829
1597,2021-04-30,0.0082403977358721,0.0103366970813685,0.0173716015967837,0.0112405709018806,0.0108053745102949,0.0294220535590019,0.0187112210676864,0.0191798456587533,0.0396387228537861,0.0278183317799146,0.0339975126434588,0.020857293208741,0.0277156794699185,0.0146417476180545,0.0112997231826767,0.0259316367042319,0.0134960485652686,0.0175350150583561,0.0179475471083759,0.0218090605717679
1598,2021-05-06,0.00835199470819605,0.0103717343689605,0.017423521332282,0.0114800198519349,0.0110954711227252,0.0304044277479614,0.0186872829096094,0.0191360109925131,0.0400190553292743,0.0276972384863286,0.0339918481911107,0.0207273935169538,0.0282330258266668,0.0148879238878951,0.0113296887366751,0.025928084472601,0.0135296979822362,0.0176594620845082,0.0180311461408897,0.0212189463342695
1599,2021-05-07,0.00835337856591199,0.0105889537538478,0.0173933433110662,0.0116171795613468,0.0111948120283563,0.0304859879564783,0.0186835575489272,0.019220519679289,0.0407540050157133,0.0276723894768767,0.034149062890983,0.0207247131353179,0.0282468878875043,0.0150362747151947,0.0113245577322711,0.0258899809359094,0.0136177989503978,0.0179892611463165,0.018062277302539,0.0212493311391618
1600,2021-05-10,0.00842409136671954,0.0112445505443843,0.0175192031375577,0.0115568935935225,0.0115507109494076,0.0307463780166519,0.0187917164318945,0.0193857553879675,0.0411746192080299,0.0287529049883276,0.0350256464038814,0.0217104269011673,0.0281698914544965,0.0155192596696264,0.0112983118469254,0.0258823930646234,0.0136785477625166,0.0194091783801432,0.0184239148188552,0.0210190387666233
1601,2021-05-11,0.0084537731379422,0.0114349176247578,0.0173308038556541,0.0114574345410823,0.0115762456523912,0.0310742832604724,0.0194002690807243,0.0195565182830128,0.0412317220376057,0.0289100249172024,0.0354264890709482,0.0222344306549187,0.0286446568910779,0.0155204241102559,0.0114616329999972,0.0261600058242938,0.0137238877053331,0.0196203086447019,0.018386916230627,0.020835068599118
1602,2021-05-12,0.0084905322518143,0.0115639627065396,0.0172571715940362,0.0114392485837255,0.011451175802247,0.0309239688887861,0.0194095944735787,0.0195674733425072,0.0415062260634067,0.0288067959266232,0.035397565793707,0.0222026606578873,0.0288071200245096,0.0155448224532123,0.0114988501779416,0.0259662073639251,0.0137330499388385,0.0193555982781486,0.0180642195403977,0.0208606530746394
1603,2021-05-13,0.00852791917787407,0.0119720968935338,0.0174039687679589,0.0114327976721308,0.0114868099655358,0.0320306088396635,0.0199714508070509,0.0195201837696504,0.041773050101573,0.0305016629698072,0.0363768601518735,0.0227997102432271,0.0296583569400431,0.0158373450624541,0.0117976847383006,0.026071720972934,0.013718066765544,0.0193328982111239,0.0186689399300723,0.0204274310226306
1604,2021-05-14,0.00852995881547814,0.0118118981939912,0.0174343412781314,0.0114229843462783,0.0114616400107621,0.0319158649528921,0.0201306414064918,0.0195158882673528,0.0418485534774702,0.0304822826497067,0.0363648093224601,0.0225944533997888,0.0297657485100672,0.0158487711524265,0.0118394504040493,0.0259407379598813,0.0136325224211904,0.0193296834952787,0.0187209343098356,0.0205580520187451
1605,2021-05-17,0.00857875647861659,0.0118111245066948,0.0173864808626708,0.0114497529914752,0.0113218771588868,0.0316492478151248,0.020091018258174,0.0194996906180638,0.0418418909370614,0.0304580598148351,0.0363528952379908,0.0226939339802794,0.0299504481261721,0.0157929859661038,0.0118307728210921,0.0258387543981007,0.0135575527637601,0.019040104699065,0.0185202854708191,0.0208134357686975
1606,2021-05-18,0.00873287266080768,0.0123131725629206,0.0173242324233239,0.011407864878653,0.0113239552984426,0.0315064574789033,0.0198179843080031,0.0195794834049055,0.0411152732024491,0.030505129274757,0.0358616300236463,0.0227406815308819,0.0297561770051549,0.0158918685361058,0.0118672579141701,0.0257391642544919,0.0135457434974088,0.0190070576574775,0.0184362523276391,0.0207148784240926
1607,2021-05-19,0.00870317721448484,0.0122429576638336,0.0173238413644191,0.0113347504274887,0.0114225828323862,0.0318495848086576,0.020344719202047,0.0196623301106438,0.0407473719992136,0.0301853286220813,0.0358556762593364,0.0222356506806642,0.0318387863258884,0.015858762703742,0.0118697590261325,0.0254316739714629,0.0135399415992277,0.0188341650669352,0.0181794336905122,0.0207796065852481
1608,2021-05-20,0.00914603775948365,0.0121442342815722,0.0175818152000039,0.0113330407831357,0.0114367207428629,0.0322769918677091,0.0208776332403701,0.0196505895896586,0.0400023867448325,0.0303301225710533,0.0359280758204038,0.0220951223517166,0.0326937462048919,0.0159339506335247,0.0119148119382047,0.025158962661775,0.0136616016333341,0.0189047854761468,0.0181099687606587,0.020532762335471
1609,2021-05-21,0.00903900949370229,0.0122582454353844,0.0175097510146923,0.0113311336664259,0.011599914613741,0.0323229732126816,0.021092342838645,0.0196988628333799,0.0396419908370251,0.0304110624491436,0.0358865242286933,0.0219052839286641,0.0328221149585033,0.0159124942380053,0.0122948809309608,0.024648726882349,0.0137912319809909,0.0188795754517983,0.0179634599396548,0.0204992718728108
1610,2021-05-24,0.00848382706970103,0.012164307832614,0.0169019733909065,0.0112138553796031,0.0115817769095458,0.0322201878944381,0.0210576347389924,0.0197143113422179,0.0393699155906896,0.030303662136637,0.0351205223513612,0.0203967235573401,0.0321890493335139,0.0160082647685228,0.0122768097656941,0.0235355054195531,0.0138022432298201,0.0188568816713863,0.0177099364460663,0.0206078262399605
1611,2021-05-25,0.00845332173469284,0.0123597099818165,0.0162824583398937,0.0112619434085066,0.0114985177840185,0.0322585723357816,0.0211177978531841,0.0197106399176209,0.0386718622933992,0.0304246033455281,0.0350039489274001,0.0200356961387664,0.0319719606981937,0.0160086007625689,0.0120492093868618,0.0237565159195524,0.0137494559978035,0.0187633953714905,0.0176394123940038,0.0205966001819548
1612,2021-05-26,0.00821216462997925,0.0121725039137375,0.0150521957287646,0.0112440412116634,0.0115078709823913,0.0319764290144495,0.0211038842648579,0.0198647519205586,0.038604592487487,0.0302090403197274,0.0336135829480773,0.0187833931197791,0.03103507097412,0.0159269910160036,0.0119459504387383,0.0239438637217611,0.013465114174819,0.0176513203728,0.0162243692513357,0.0198631976608341
1613,2021-05-27,0.00821581121351126,0.012077333267704,0.0149385718726547,0.0108413447498523,0.0115329451814407,0.0319387778570029,0.0208505599121898,0.0198503055551642,0.0386484339212574,0.0302247975859665,0.0335253143937334,0.0187208396234617,0.0310352694822296,0.0159422106329818,0.0119331267903416,0.0240979932487754,0.0134577593635626,0.0177076621776347,0.0159542132704934,0.0193461864050342
1614,2021-05-28,0.00786695719083283,0.0119966465164032,0.0149421321132943,0.0108320651513179,0.0115467529497491,0.0316691399825203,0.0210118712043195,0.0197700790403879,0.038141003116968,0.0302626544574591,0.0329480082342421,0.0187700662877763,0.031022113558343,0.01607137448454,0.011950746082754,0.0240113484082525,0.0134915372481409,0.017387457549991,0.0157053173561716,0.0185251838526145
1615,2021-05-31,0.00786799316135295,0.0118781512103153,0.0143302108042704,0.0108189567454495,0.0115170302193858,0.0314105179619746,0.020912948487109,0.0200206433609354,0.0381943921705199,0.030140011150276,0.0330451137756704,0.019207078811644,0.030712373560787,0.0162540458946446,0.0117114438319439,0.02412524186923,0.0134470539091138,0.0175066807936324,0.0157200753279993,0.0188211696826946
1616,2021-06-01,0.00784476982294655,0.0120887143149522,0.0138695931352668,0.0104773085363757,0.0113921655123119,0.0312190698266913,0.0205725800324734,0.0199574345696957,0.0371558921594733,0.0298167192289937,0.0319727129155749,0.019188651732557,0.0308765176053782,0.0162086930754466,0.0117801425085941,0.0245811046312294,0.0134481024127701,0.0167848273504475,0.0146428267729357,0.0183839379600954
1617,2021-06-02,0.00783603076947596,0.0121944349356959,0.0137059868889886,0.01026036477931,0.0114056430289233,0.0308124768858122,0.0205086036513986,0.0199922804368215,0.0361858222690921,0.0298399364380563,0.0320340268801107,0.0189637827270022,0.0307815805730475,0.0164036872062994,0.0117415765186306,0.024584659246401,0.0133469804194796,0.0170818076976999,0.0145298393709787,0.0183000132324049
1618,2021-06-03,0.00765545353893816,0.011877767233045,0.0135026038550481,0.0100718798878191,0.0114095057619828,0.0309615924641735,0.0204706940753426,0.0200040169833217,0.0363763535297288,0.0293100225253541,0.0315106083023516,0.0187754150853514,0.0309098157365403,0.0164744301621152,0.0117264857054447,0.0242792260561749,0.0130958824086011,0.0168858567010962,0.0142375362219118,0.0182663776746736
1619,2021-06-04,0.00773772643824914,0.0117821297226708,0.0127790795912775,0.0100696801543117,0.010964126979352,0.0292064546564818,0.0203200639155491,0.0200081136979125,0.035544544734545,0.0293927040491783,0.0313707574302416,0.017808456707535,0.0315674258542001,0.0166064425123975,0.011454133942926,0.024229267591436,0.0129348313236875,0.0168935595991749,0.0142589514926677,0.0184305002870105
1620,2021-06-07,0.00761450728168653,0.011899484777364,0.0127791604015627,0.0100386099545842,0.0110346253553403,0.0292193740553924,0.0203210313644082,0.0200001834178353,0.035454438316261,0.0293723948819879,0.0310987777702827,0.0177785404526561,0.0315303110493687,0.0166393036272156,0.0113604767008681,0.0227987810036733,0.0129276240249263,0.0168003800694884,0.0142099919332115,0.0176381584371141
1621,2021-06-08,0.00765969216195227,0.0117377076872643,0.0121349765749528,0.00930998481887597,0.0110016335675961,0.027406308789958,0.0202636433034977,0.0199610101649548,0.0348756499389269,0.0288095761129256,0.0309186309839829,0.0178169646737703,0.0312674284320882,0.0166146305005017,0.0114044891681469,0.0228595127991665,0.0129060665221532,0.0167537250603209,0.014106302901973,0.01769580071531
1622,2021-06-09,0.00802471656995821,0.0122548838072432,0.0125926390503513,0.00918495262753691,0.0111262515620637,0.0274489804306561,0.0203815658081415,0.0193923805436443,0.0340899684168608,0.0288277287234672,0.0309784500105363,0.0172507232907128,0.0315092413774805,0.0165772454141588,0.0112776924880987,0.0215234250398724,0.0127188984423692,0.016737745751406,0.0140930701491687,0.0166798410781924
1623,2021-06-10,0.00788695492203045,0.0122863622439248,0.0126071798957462,0.00914224456017527,0.0111049642646199,0.0273779300634309,0.0203602492903798,0.0193524292346234,0.032686472955715,0.0288265814294703,0.0309787738882539,0.017198950449006,0.0314812786040176,0.016573752934778,0.0113031892636754,0.0213555137801969,0.0127382954773471,0.0166003341767824,0.0140197796831679,0.016815979217915
1624,2021-06-11,0.00774563269010978,0.0124347305238274,0.0126066700128586,0.0090504017781324,0.0112496537105491,0.027518177740983,0.0204814821148168,0.0193150849114284,0.0324469978906717,0.0292332726506962,0.0308843160306739,0.0172248647475511,0.0314776726473529,0.0165991340486909,0.0113897385011657,0.0213057141841351,0.0125668937790313,0.0166598626574464,0.0140386360067806,0.0169781357202002
1625,2021-06-15,0.00770548231910873,0.0124293702205036,0.0119521116648418,0.00891035509411526,0.0109718642593757,0.0256865644661012,0.0204241267915833,0.0189676318563924,0.0316572967919738,0.0289274028999068,0.0299153977356311,0.017214203597544,0.0306988896476913,0.0163531739386234,0.0110311430500553,0.0210771176508068,0.0122128231284591,0.0163581592904187,0.013377248781671,0.0170513906410789
1626,2021-06-16,0.00772137014041978,0.0124110871381744,0.0113369304439716,0.00886444335588697,0.0108194095658596,0.0258296955164914,0.0201110932488923,0.0189734713336152,0.0316206213597253,0.0295678722781993,0.0303975216061223,0.017581431144392,0.0307093024515942,0.0165236301139722,0.010799877888905,0.0211445284157928,0.0121212566622101,0.0163868248275818,0.0134407988676345,0.0177632849102255
1627,2021-06-17,0.00776819497647454,0.0123711394066447,0.0113451097581502,0.00875379901485774,0.0108918999077813,0.0255169213653145,0.0199850346306793,0.018981290182272,0.0312531191598563,0.0295737350462235,0.0304352350470415,0.0175605891803196,0.0304918634673031,0.0165011493291932,0.0108030021947306,0.0211067504703911,0.0121195265563396,0.0163797800285572,0.0134103909998771,0.0176230805233975
1628,2021-06-18,0.00775457557838736,0.0123989296797456,0.0113635764300288,0.00882116535952315,0.0108755034239111,0.025130837215594,0.0200538723469185,0.0188762713076438,0.0308700553260201,0.029408623504172,0.0299195438086011,0.0175664930069212,0.0307331906427725,0.0164909340190384,0.0106852083640855,0.0210963432572921,0.0120194320163602,0.0163990112415493,0.0134465353680606,0.0179806555280568
1629,2021-06-21,0.007716617848943,0.0123819296570136,0.0113732714475368,0.00957900441356217,0.0107610807180877,0.0252142176547705,0.0200245373613627,0.0188618818925884,0.0308693106410005,0.0291974489435562,0.02950109833815,0.0175596530388226,0.030788269449497,0.0157139440786491,0.0106384344452546,0.0208987551717103,0.0118917666127039,0.0166161876340672,0.0134050494845814,0.0181341252107805
1630,2021-06-22,0.00772119440374877,0.0125303856824214,0.0112965948255135,0.0095877032082786,0.0108022962156417,0.0250290356880183,0.0207349793489438,0.0187787024103528,0.0307629551497215,0.0291987489770343,0.0294165341847819,0.0175619242799514,0.0308426928854471,0.0157056117567859,0.0107071244781395,0.0206234193606304,0.0119174492681911,0.0166029540228754,0.0133324569425495,0.0182074986814646
1631,2021-06-23,0.00755254612588463,0.0120069449171392,0.011664738764035,0.00933564360278597,0.0108016656633795,0.0251521585827588,0.0213291615768513,0.0187899374897828,0.0299654127348377,0.0292045514422874,0.0294448112311802,0.0177254446332379,0.0314638473485745,0.0157429312477661,0.0108145382101087,0.019535918252851,0.0118540473338233,0.016558033614942,0.0133902940013428,0.0183850391127032
1632,2021-06-24,0.00757710711998528,0.0119227044768369,0.0115312756097901,0.00930749908367035,0.0106925915592979,0.0251392395745391,0.0212221735902819,0.0184472255726356,0.0296558019829755,0.02929313334812,0.0293791371608655,0.0177168302813057,0.0315533444877078,0.0156675748834045,0.0105896927729321,0.0196158690126607,0.0111496910961322,0.0165527371898639,0.0133186035564278,0.0183643943740476
1633,2021-06-25,0.00742701405644791,0.0112981313335574,0.0110203000331332,0.00914524446642857,0.0105940753060554,0.0239895817181069,0.021308183532079,0.0183057838714848,0.026875271216293,0.0282825499155224,0.0284067327020449,0.0177207766371181,0.0308719554134439,0.0156267707161085,0.0100182444598516,0.0182333512170332,0.010556530542257,0.0161372938132912,0.0133765562621785,0.0179058370670341
1634,2021-06-28,0.00765218160918364,0.0110995156636097,0.0109145137875509,0.00856265723512668,0.0110386882343175,0.023463213947781,0.0226349422713476,0.0182222262843432,0.0242564085533771,0.0267162969789564,0.0274169454618539,0.0174312116234808,0.0317555909741862,0.0155967677298715,0.0102658975926359,0.0166764783633622,0.0105333014997137,0.0158116929291494,0.0133511807412053,0.0171007084228771
1635,2021-06-29,0.00775399846251481,0.0111147561940858,0.0109111830262,0.00875850535530371,0.0100346088820017,0.0234966800512133,0.0226083928989235,0.0167642778530864,0.0240888955983771,0.0266487370633138,0.0274609911159382,0.0174834034135415,0.0305641612111174,0.0150869803739989,0.00999843907126263,0.0166736023434201,0.010283370242473,0.0157411347235856,0.0133316033179294,0.0171174047091687
1636,2021-06-30,0.00776691112976683,0.0111210972813808,0.0108702731421217,0.00892300873536774,0.0100184972002828,0.0234876937117303,0.02263171420658,0.0166775862833814,0.0240887327956549,0.0266604013538657,0.0274570388531,0.0177150195189877,0.0299190968750091,0.0149745759931835,0.0099816202837511,0.0166583268637378,0.010283109027098,0.0157447100143263,0.0130783263242051,0.0170953263632327
1637,2021-07-01,0.00786510451749832,0.011097346352534,0.010628129495806,0.00887543541921727,0.0100063818679659,0.0232592050855346,0.0224866385327899,0.0165944801540822,0.0238816879860594,0.0271470382218793,0.0275812565108881,0.0177122948184673,0.0293288811907159,0.0146980273059737,0.00990337588768912,0.0165568766584323,0.0103200466561519,0.0158219693243304,0.01303518470048,0.0170008882192436
1638,2021-07-02,0.00784840428496624,0.0111015037461603,0.010641146820763,0.00929759309446431,0.00990447131166756,0.0231878917037011,0.0225837537896026,0.016246319786374,0.0237193434398296,0.0271622026739996,0.0274047153698279,0.0174923093326333,0.0289241913567092,0.014691561640087,0.00990181624570188,0.0165666303797351,0.010320953179654,0.0158478686353935,0.012985051169619,0.0168492635478974
1639,2021-07-05,0.00784377945255719,0.0110360994651419,0.0106756697711896,0.00940571726991063,0.00952584981725575,0.0229062187164382,0.0230894562164359,0.0147496513866481,0.0214629467297149,0.0272669916207881,0.0275983362200088,0.017486653546066,0.0289175468207286,0.0145574535189354,0.00952172597297109,0.0170949390597549,0.0101013744640763,0.0158532007058373,0.0129685250702497,0.0166610143270924
1640,2021-07-06,0.00784982747423916,0.0110833640125466,0.0107044079462277,0.00943980404047566,0.00929483921004577,0.0226656882343265,0.022882384724745,0.014109330165983,0.0214468344284186,0.0272209850742059,0.0276625303232882,0.017666252223829,0.0288069587052927,0.0146298371140493,0.00977865786431043,0.0176857973261151,0.0100965406236126,0.0159542974685924,0.0130727958491428,0.016722301252572
1641,2021-07-07,0.00813363328272674,0.010988950815063,0.0103855922116057,0.00942729104387953,0.00874308800266385,0.0231263439429571,0.0227307003344558,0.0135858627267919,0.0214846824435564,0.0271881412461082,0.0275676330816693,0.0179037596362938,0.0288244428998895,0.0138086951153998,0.00976319723963363,0.0175349341875614,0.00902438290982967,0.0159385441505977,0.0130548752695745,0.0162730329748392
1642,2021-07-08,0.00867907024847018,0.010938326506342,0.0103952119656875,0.00957982395430061,0.0087446267786686,0.0231150588950905,0.0234826314984536,0.0129154187999375,0.0211830509922435,0.0273291086467527,0.0276281762282258,0.0177988012515108,0.0293391592136613,0.0138513623958511,0.00976428972029894,0.0175768447128575,0.00899730825594714,0.0164548107584302,0.013047301870025,0.0158015257595346
1643,2021-07-09,0.00865205365136351,0.0109672280607689,0.0108490733639385,0.00949361927874341,0.00875687866513892,0.0231085532904745,0.0242659031473185,0.013035473833525,0.0206040732778625,0.0280938199350727,0.02823147514257,0.0187534401285441,0.0294218816928085,0.0138740692328654,0.00971710906713678,0.0177220440647972,0.00899739759894534,0.0166222809615458,0.0131614717209646,0.0156478816336129
1644,2021-07-12,0.00863684023596875,0.0109669667751064,0.0110344038803357,0.00949749834633888,0.00863708929459728,0.0231163861940575,0.0236719833230336,0.0125756160329135,0.021110557550493,0.027713274130759,0.0275892506105348,0.0195072577596148,0.0297339491726363,0.0129152572250397,0.00956031124390776,0.0179114318534836,0.0086063512405414,0.0165308679803673,0.0128271364812156,0.0160364797899271
1645,2021-07-13,0.008752176726221,0.0109366138206371,0.0112894332189223,0.00959532771135915,0.00868212144639983,0.0229221381384615,0.0248775848756725,0.0121308901389062,0.0210577803247962,0.027693720344275,0.0274884178333633,0.0197638819848379,0.0299299223297116,0.0129945917756295,0.00961959737240966,0.0178178229281562,0.00864650373755812,0.0164814265978543,0.0127454529434116,0.0157067170030639
1646,2021-07-14,0.00878298786426696,0.0107096590452899,0.0111893881312458,0.00979349787913661,0.00868738913875343,0.0229165918881618,0.0264447397854764,0.0121508572465869,0.0210448380816958,0.0279236711151737,0.0272444560124578,0.0194651401095098,0.0303269029876498,0.0129928948291744,0.00952505658689831,0.0161352635809562,0.00871795875618693,0.0164394458274191,0.0126662072195153,0.0157042750098744
1647,2021-07-15,0.00879710147002622,0.0107123127441137,0.0111926703233742,0.00978766483190711,0.00811367939628022,0.022975796178096,0.0264882963573151,0.0108304717195606,0.0215108532559562,0.0280319311435726,0.0272800297241712,0.0196689430414849,0.0302819791299652,0.0121434060041433,0.00914180264343026,0.0162733977121182,0.00842967534592855,0.0163492163250229,0.0116579482056049,0.0156433374892266
1648,2021-07-16,0.00872424820655541,0.0107563593562658,0.0113629097621685,0.00968041708172164,0.00796776778313604,0.0229785930667255,0.0268378089013751,0.0108034954080258,0.0217815241731303,0.0280265728865478,0.027223081688656,0.0196631733958663,0.031061084220589,0.0121974084291335,0.00910585969055339,0.0160393112321522,0.00847798383687384,0.0163275228410478,0.011648836339107,0.0155568091597365
1649,2021-07-19,0.00872164734703144,0.0108096970278115,0.0113267848110875,0.0103180738484535,0.00782847927360909,0.0229450525785866,0.0264034113087178,0.0103591035552804,0.0218117038563533,0.0274201558946936,0.0265928918794388,0.0196600122055057,0.0310835887938667,0.0122022296669023,0.00897869087452489,0.0159783183572571,0.00837481973370503,0.0163280657038828,0.01164115598309,0.0159094077913632
1650,2021-07-20,0.00860754097143968,0.0109260048780413,0.0113776045229654,0.0100158359507134,0.00775782365481396,0.0228477408136059,0.0263850454790375,0.010288695081933,0.0218911593171501,0.0277415251265897,0.0267569426586216,0.0196024325595946,0.031083290007918,0.0145813726484637,0.00897798663372761,0.0159685233728632,0.0083782152824546,0.0164779531737008,0.0117219563854026,0.0159172511576197
1651,2021-07-21,0.00858882110358044,0.0109052113134073,0.0114421646875188,0.00992181140593858,0.00769220844973025,0.022828367519968,0.0263854214441218,0.0102624288068601,0.0230020476174401,0.0276494549903741,0.026282554125064,0.0201671648521954,0.0310383722159552,0.0155216488516602,0.00895466960714741,0.0157771218302417,0.00844763939074664,0.0162937237366995,0.0117706519715185,0.015668346556796
1652,2021-07-22,0.00900167528906307,0.0110008935632039,0.0115570472661282,0.00988434843899648,0.00767367882052363,0.0231914486829483,0.0265870476590535,0.0104120358316837,0.0232152568269494,0.0276977602106587,0.0265896206646911,0.0200458773426549,0.0311630113557619,0.0157008090971181,0.00896237271111301,0.0157135834046617,0.00843856956452028,0.0164008261853546,0.0119168596141985,0.0156129982477643
1653,2021-07-23,0.00900170085458707,0.0108123465088833,0.0113586025992046,0.00991941465195293,0.00684443571715202,0.0230846896240542,0.0266698803871584,0.010178760547038,0.0231704211988144,0.0276327325410018,0.0269044960596126,0.0197655782145801,0.0311335219744496,0.0155668383217789,0.0087228900008379,0.0157433516782003,0.00792827808309249,0.0164131757948549,0.0118414309296361,0.015680965148639
1654,2021-07-26,0.00904405140711743,0.0108823116472567,0.0115051162917565,0.0106200457299484,0.00687039262337191,0.0232079424577972,0.0267114165175739,0.0101905256166236,0.0231773631776992,0.0275760936400063,0.0269110260871542,0.0198401498081577,0.0313618896987522,0.0156318268827828,0.00869685961837434,0.0157770026210643,0.00795687027658591,0.0164083238497452,0.0120869352541788,0.0156962832907302
1655,2021-07-27,0.00933158659384474,0.0109129135454134,0.0115271506334864,0.0111460729047799,0.00687396455929304,0.0230814957143193,0.0269165482541421,0.0101200738043469,0.0240767436466547,0.0291689332681194,0.027044352369033,0.0204783224996805,0.0312897752849308,0.0157524268710963,0.00862995452801798,0.0161117559112525,0.00789294553954327,0.0163968505593215,0.0121559059080753,0.0164058504935056
1656,2021-07-28,0.00936083747090409,0.0109143461147541,0.0115306611692034,0.0111485591078745,0.00705988606500814,0.0229857790885524,0.0268607890353416,0.0101393830109279,0.0241752519077014,0.0292188762031764,0.0268581779865232,0.0205765270081307,0.031213750756088,0.0157747359258552,0.00867395949096467,0.016634465646685,0.00793243288659968,0.0171753308765626,0.0123421819703216,0.0164182092879129
1657,2021-07-29,0.0093507823167628,0.0109497220377994,0.0115091546436686,0.0112093838624626,0.00707848432609967,0.0231817881989698,0.0264373042096684,0.0100700638789363,0.0243127176709508,0.0292910042345969,0.0269998693461404,0.0211453208286186,0.0312387906621854,0.0157754405228901,0.00840720619444437,0.0177839984871942,0.00775266070280321,0.0174904011507815,0.0124160376398158,0.0163538099048194
1658,2021-07-30,0.00950491962449448,0.0109132104697139,0.0115181511370744,0.0110899616017235,0.00700677741720069,0.0236833315378711,0.0266148800137525,0.0102501961157915,0.0242798254752912,0.0302147387314253,0.0269230336405016,0.0219608079499163,0.0316388899456724,0.0157832022305937,0.00843905494753874,0.0177906728092744,0.00739136610730255,0.0175590265316116,0.012437758074534,0.0164713439132249
1659,2021-08-02,0.00951714596009783,0.0109053674450061,0.0120557700025264,0.0111252641155414,0.00704086800884467,0.0250286543736935,0.0267753439419444,0.010258117875401,0.0242830304579496,0.030185491507713,0.0267329451471715,0.0223493227027552,0.0329717042185302,0.0157125873433703,0.00858304414659069,0.0178629154240568,0.00747124140843834,0.0171165012378911,0.0124404217608288,0.0166562057057278
1660,2021-08-03,0.00962120254514718,0.010853131877407,0.0120264920418665,0.0113988866545437,0.00693684183159153,0.0250554404270887,0.0266226413440255,0.0103764493236269,0.0255491832310383,0.032223881301865,0.0275672427544346,0.0232707406413929,0.0318519741004663,0.0156483663665126,0.00837769678995082,0.018070782001902,0.00732461688130997,0.0175836006622321,0.0122861332405733,0.0165586695667338
1661,2021-08-04,0.00949129192863934,0.0108279329512102,0.0119635125903617,0.0111010020336938,0.00681493815630375,0.0240725639961916,0.0270307005231012,0.01036822638419,0.0271842223115273,0.0320330269185135,0.0271615990654946,0.0237953850661744,0.0322194576655896,0.0154897931921536,0.00837008178970855,0.0180680893436454,0.00733992399686795,0.0172336290627304,0.0119944649408212,0.0165957861906483
1662,2021-08-05,0.00944018091699093,0.0108034205498091,0.0119674959253598,0.0109974472597475,0.00702185968298841,0.0239453836694746,0.0274088459091435,0.0103408033063433,0.0265465981745508,0.031896631613258,0.0270819368892406,0.0242661018212882,0.0320197216927091,0.0153660861953734,0.00836396748815161,0.0182468324160989,0.00718816232738384,0.0166180010461423,0.0115243538976295,0.016510324920967
1663,2021-08-06,0.00923721064389974,0.0103936373238764,0.0114221672417145,0.0109398270858457,0.00679829287602129,0.0234787294578724,0.0271589945691132,0.0100051640850701,0.0260551958181938,0.0308509211625202,0.0247788680386226,0.023520117218018,0.0322282796721643,0.0149269936850022,0.00835230216967383,0.0182515293485837,0.00707083185172046,0.0147965571909159,0.0106833627150912,0.0163156869389339
1664,2021-08-09,0.00931707881990397,0.0102275860641923,0.0112544240804672,0.011442612777962,0.00684340964811249,0.0230878176901433,0.026821374353106,0.00999944157736776,0.0259688077482751,0.0309606107514105,0.0238500633545034,0.023003073889106,0.0320133641326734,0.0152294081579782,0.00809168045952052,0.017374078409269,0.006980904750524,0.0145616044586487,0.010658352269097,0.0162647696052174
1665,2021-08-10,0.00924102894058321,0.0101596900802071,0.0112596655403431,0.0114127911260004,0.00679859069836323,0.0231451015467047,0.0268625516223914,0.00983072632553453,0.0257797999317835,0.0309817221602901,0.0239368895032251,0.0230023408647482,0.0319843052668728,0.015296377735277,0.00790603955941943,0.0173886240523274,0.00691062001339331,0.0146638077619829,0.0108421976261534,0.0163791232727619
1666,2021-08-11,0.00959463576075009,0.00938719209230749,0.0113445402899668,0.0113764365386518,0.00668126782172225,0.0220466132655168,0.0283837390666015,0.0101796304705097,0.0245620606711804,0.0298865463287123,0.0226234156444016,0.0222704231157776,0.0328950460656703,0.0150296849612972,0.00753530897204272,0.0163355079148977,0.00674715253976607,0.0144893587481085,0.0102314781563167,0.0164158906445825
1667,2021-08-12,0.00960890178155218,0.00930148074357204,0.0113755785495472,0.0114212000567947,0.00669000736320322,0.0219008085526098,0.0283078881125695,0.0101854717715686,0.0246186242218478,0.0300266342936331,0.0226572126447516,0.0222530800198234,0.0328475110246592,0.0150119867448191,0.00741665888216509,0.0163808207694361,0.00682813439062313,0.0150938694635604,0.0102480962247106,0.0163390324195644
1668,2021-08-13,0.00952795924300716,0.00930613541949506,0.0113688470937093,0.0113512529472342,0.00675875072718451,0.0218688874587638,0.0283988661059186,0.0101348048264862,0.0248568357729647,0.0300418525173097,0.0225833525630087,0.022280296019139,0.0329337913736284,0.0149743542070118,0.00737172248839988,0.0164134836079826,0.00681880945028864,0.0149470341109799,0.0104199506475653,0.0162076041421195
1669,2021-08-16,0.00928129961347574,0.00896317280033948,0.0113802687265854,0.0113243387599555,0.00694670774925125,0.0218729323085216,0.0284105033211862,0.0100610509965738,0.0269302787596262,0.0300380066503398,0.0226807513493179,0.0229497326796988,0.0336628235120265,0.0153934083040953,0.00719582735433279,0.0165246905108156,0.0069110864873358,0.0149416082162382,0.0104474994422837,0.0162726979887817
1670,2021-08-17,0.00941194902463864,0.0088418068025454,0.0113999576694537,0.0114380409584746,0.00710023661090781,0.0212284169907805,0.0280909092421862,0.0101700945182676,0.0268353636978751,0.0299483936030119,0.0227807262455672,0.0230332636989795,0.0326687297640546,0.0153874940606142,0.00713419937027904,0.0165929801461049,0.00699392608472319,0.0149884028507334,0.0104303522266234,0.0162900072752642
1671,2021-08-18,0.00905056778983973,0.00867954134626749,0.0110375977061768,0.0115998875624439,0.00698245318548254,0.0201846384956532,0.0276607760699165,0.00992715028391051,0.0265981197729601,0.0294635641587889,0.0222752404962642,0.0227732736820745,0.0316680954568685,0.0155454972362604,0.00694130339893655,0.0165436215033927,0.00658224416380407,0.0149038753687307,0.0101829079515992,0.016309081286907
1672,2021-08-19,0.00918416645458028,0.00896882133803257,0.010993992970003,0.0118415715325272,0.00700399346865491,0.0203897958816849,0.0276832289652998,0.0100093002975991,0.0267298956408899,0.0297851768857035,0.0223206992280181,0.0225649189453392,0.031721522660864,0.0154581036970369,0.00644784959060476,0.0166477979464999,0.00623431241128747,0.014860241949485,0.0101762912781211,0.0161911716859608
1673,2021-08-20,0.00923603193471794,0.00897212968665652,0.0108326873706505,0.012046894046387,0.00690008336755888,0.0203342416713961,0.0275505365583289,0.00991148722042434,0.0266003721446235,0.0296640499558628,0.0223002332104315,0.0225177177049663,0.0317660745292191,0.0154285072882265,0.00631400019661442,0.0166594499618762,0.00610334632273372,0.0149326351529755,0.00978534322257605,0.0165194635351452
1674,2021-08-23,0.00923327758702054,0.00885373142675806,0.011040228085285,0.0119110656730406,0.00714188981919016,0.0202312685835881,0.0275120835805034,0.00988185825033808,0.0265935525628479,0.029548361473759,0.022301184517332,0.0227988122431951,0.0322085732253701,0.0154392508410719,0.00628549555820274,0.0166670547616873,0.00616546392048796,0.0152928552048644,0.00977988245031276,0.0165086604611397
1675,2021-08-24,0.00922363583753674,0.0088707677118294,0.0111497858345887,0.0119239023409863,0.00714853069431457,0.0203755548162032,0.0273827607049373,0.00976313431314388,0.0268195965663462,0.0296395577127005,0.0222329023945782,0.0228615378028964,0.0323007761849389,0.0153916999636199,0.00863875389104624,0.016567323401819,0.00613949772016522,0.015755845212198,0.0100780003747523,0.0165080852056559
1676,2021-08-25,0.00953915281280642,0.0089307569015517,0.011533471508966,0.0118773139555744,0.00757731743687504,0.0204583182527342,0.0280774281164772,0.00993225141261537,0.0268580478080576,0.0298890299505186,0.0227101685181864,0.0228634366796956,0.032542736294479,0.0154075026621672,0.00866665710214526,0.016540410832192,0.00620174377813653,0.0158092222033975,0.0101122636001944,0.0164136131822917
1677,2021-08-26,0.00961850738537849,0.00889260030499132,0.0118886370885112,0.0120951899263226,0.00796849323538624,0.0217747613385367,0.0285138596552595,0.00993625847968,0.0277423568222446,0.0296769685792754,0.0226833762406043,0.022930509154408,0.0327579459106598,0.0152888647837346,0.00894421172979967,0.0165354094797368,0.00587900126190141,0.0162059691280059,0.0103213534865673,0.0165267524107517
1678,2021-08-27,0.00963329351806122,0.00887755102934057,0.0118864885816777,0.0120935682719106,0.00793337594271432,0.0217719766175378,0.0285182395235269,0.00968081185471604,0.0278210399172702,0.0297505071566921,0.0225775546422245,0.022707187375124,0.0327459921317601,0.0150665589281522,0.00902363233085193,0.0164283530460429,0.00583254957092989,0.0164020140628513,0.0104185960270621,0.0163338363448988
1679,2021-08-30,0.00973018236883953,0.00881534868605509,0.0119889542744554,0.0127639688875528,0.00793445634456898,0.021946341813941,0.0284228014723948,0.0095792496565006,0.0278219051745882,0.0294805009420058,0.0226301103703742,0.0234928816902947,0.0325765707338773,0.0153111770759669,0.00947543889351741,0.0160975239361385,0.00594274888047697,0.0164811860550402,0.0104623599669645,0.0166024083431171
1680,2021-08-31,0.010076842146967,0.00887216057859129,0.012318692800137,0.0129517584344281,0.00792704995917772,0.0232155304491924,0.0288142168715219,0.00953703752851358,0.0278835058437007,0.0294601558083703,0.0226175524250061,0.0250279805926043,0.033240322828886,0.0151738844224357,0.0095632762997712,0.0159972956679293,0.00591107094344684,0.0162908628293678,0.0104102130215535,0.0166655587843453
1681,2021-09-01,0.0100370880269084,0.00895165141523662,0.0124383213508757,0.0142266584421319,0.00798973962231955,0.0230857097335603,0.0291833596762056,0.009739490431976,0.0306120505889698,0.0300401093307546,0.0233535845784447,0.0253814758993541,0.0332010108585753,0.0155782892015131,0.010578747459897,0.0159647423252466,0.0060147776004881,0.0164259844004566,0.0105353194992538,0.0167644831291424
1682,2021-09-02,0.0101855914327103,0.0090110697863699,0.012562001376358,0.0141902919988922,0.00858154855030544,0.0231114550473911,0.0289370787617407,0.00957281898173367,0.0306330302167717,0.0299538295335853,0.0235883009294296,0.0255802364692718,0.0332141745304219,0.0154928218999792,0.0106915983685005,0.0159647625166812,0.00593146172076728,0.0164666797209886,0.0106338439862407,0.0166178936454341
1683,2021-09-03,0.0102281438574937,0.00898783640173383,0.0125694025231936,0.0141110611009149,0.00909983751414948,0.0231803041673383,0.0289593030507707,0.00997550365639092,0.0322502948487218,0.0301341895347975,0.0236548992608717,0.0265360753059898,0.033232740557893,0.0155082273138593,0.0106763468380552,0.0160312873729658,0.0060192567140381,0.016605758674052,0.0108492883744724,0.0169122747230446
1684,2021-09-06,0.0101757902405897,0.00907012593533557,0.0125556548849661,0.0145280251724086,0.00912695557808977,0.0230207175454241,0.0288723855386381,0.00998088997070256,0.0322402814071304,0.0301862399946455,0.0235321606363842,0.026358819173654,0.0333895996825905,0.015508530202042,0.0109122502378499,0.0156870488457514,0.00617606782162557,0.0166491236406095,0.0110949087429477,0.0169203185157172
1685,2021-09-07,0.00995810337899793,0.00906077774888815,0.0122951452961965,0.0144592747305931,0.00939729957144791,0.0239372478602788,0.0293250262456968,0.0100068474478912,0.0323785480475608,0.0302680317098051,0.0235889064372813,0.0271198859970613,0.0334683646701143,0.0156405366764014,0.0109038165768048,0.0157185565938401,0.0060431261133079,0.0167931965661066,0.0110982940326533,0.017351520209366
1686,2021-09-08,0.0101111797555048,0.00913683198821397,0.0125097097823125,0.0144125949214104,0.00945714563855164,0.0240266555022257,0.0298555614603742,0.0100092332715386,0.0323634514061871,0.0304335101637714,0.0238027095231643,0.0271456555531477,0.0334898745847228,0.0157776533962197,0.0109269116768955,0.0156243953959502,0.0065268526832323,0.0169130531062166,0.0112410683214122,0.0171528902756951
1687,2021-09-09,0.010220268769957,0.0092256941102651,0.0129658859124087,0.0146822917587582,0.00943668157888133,0.0245348761267516,0.03060660669071,0.00970865485701374,0.0324230609498061,0.0304396903456401,0.0239815531983528,0.0276314359905923,0.0345522747209309,0.0157095059545616,0.0108757549780722,0.0156438364126281,0.00690416514745984,0.0169538412091215,0.0113068440224077,0.0169700044238328
1688,2021-09-10,0.0101330180804305,0.00925322320040526,0.0149662388091044,0.0156193577506489,0.00970680262093877,0.0245056086081746,0.0309421261858105,0.00998783424352287,0.0323824926816721,0.0296769926797093,0.0233145856705244,0.0275634568825823,0.0345624751311816,0.0160060965352886,0.0109476825664162,0.0155846095418342,0.00664319047460015,0.0168400684092524,0.0112020458455113,0.0169198269722269
1689,2021-09-13,0.0101694989671672,0.00982768235217534,0.0149739263918086,0.0167328826302361,0.00980120403316572,0.0240121541747962,0.0310422986191779,0.0100219894115379,0.0323694840319968,0.0292804911283321,0.0233193898718621,0.0270599951669192,0.0349037795529422,0.015754550879126,0.0109637719896094,0.0153798042143849,0.00613503270686357,0.0168914051353002,0.0112146349777456,0.0160905366088257
1690,2021-09-14,0.0101478308706801,0.00978318628506975,0.015285601794907,0.0174042143404991,0.0104333915550021,0.0249835391727844,0.0313041916133329,0.01073181198836,0.0323554822030899,0.0298384412182742,0.0246279272990254,0.0275838564553492,0.0354571405322468,0.0162111064153856,0.0115604660903359,0.0154387692788436,0.0062166672529749,0.0170523647024599,0.011256016382603,0.0160154488967549
1691,2021-09-15,0.0101283956995669,0.0096257502486008,0.0151828696020816,0.0182049842430671,0.0104798264828478,0.0251716483878631,0.0310694404989463,0.0107945566710033,0.0323838191932754,0.0297643147829445,0.0249594667703728,0.027859382014547,0.0348503190728473,0.0163808442569798,0.0115611113114731,0.0153361063452919,0.00632269181654598,0.0171437357498186,0.0112530160838601,0.0156008564013881
1692,2021-09-16,0.0101279390094738,0.00959640796613684,0.0151531491137483,0.0180163411360739,0.012555510152293,0.0253666992835638,0.0313970656714814,0.0110738760883243,0.0330276997397693,0.0301354840607638,0.0251760650334572,0.027904750792116,0.0348283453947278,0.016391198142411,0.0116469965247095,0.0155358389111374,0.00646560529494844,0.0169394957674516,0.0112364291552195,0.0156312528988863
1693,2021-09-17,0.0102608461819025,0.00962117491342912,0.0168810165511683,0.0179391023782041,0.0129206915122859,0.0259521767836541,0.0323188988920804,0.0114735866094293,0.0333901209635894,0.0314889120234144,0.0253362517927733,0.0290831670535346,0.0363678538719134,0.0167741915811226,0.0116801134033101,0.0157512061888279,0.00664076578902658,0.0171133991594545,0.0116258598627096,0.0155495982641069
1694,2021-09-22,0.0102815295142344,0.00975252183054719,0.0169884954076749,0.0179410765797014,0.0131920345562282,0.025911152763917,0.0336062852753269,0.0116144914233487,0.0335139622520686,0.0314603272686813,0.0253218458357693,0.029026638446509,0.0359559436141555,0.0167223081905631,0.0119417300200167,0.0157488626143013,0.00706678019909725,0.017201194016765,0.0115779709925422,0.0148189618430747
1695,2021-09-23,0.0103946955670374,0.00973561958177624,0.0170233674042275,0.0184391118438599,0.0134904303091587,0.0259027203610038,0.0336663215532417,0.0116201743419506,0.0335130429140649,0.0316019478813983,0.0258267543925014,0.0289670277114382,0.0362967202376995,0.0166451253396131,0.0134348707988759,0.0157447517764263,0.00860718713531622,0.0173656911628732,0.0116390325568404,0.0148672949367497
1696,2021-09-24,0.010618093612468,0.00995362134976001,0.0184813563328893,0.0207024365489794,0.0141576477826051,0.0269277945349434,0.0344587507047054,0.0118260675345742,0.0335142392856232,0.0320133281115743,0.0266455405922867,0.0297453233537535,0.0373434906137626,0.0180001712055492,0.013844907006012,0.0156695885953351,0.0119428946424716,0.0175229771065539,0.0115928209201575,0.0148784310641571
1697,2021-09-27,0.0104156386296517,0.0100093707155777,0.0186987669352452,0.0220307485863616,0.0154460188794979,0.027396767327617,0.0334772110058034,0.0133489838362829,0.0349293979837459,0.0338111597826127,0.028006795672383,0.0315213266931723,0.0369486456926328,0.0183729290048875,0.0181188357274913,0.0156750105036424,0.0243777070092618,0.017620409115167,0.0116159292379224,0.014659228789696
1698,2021-09-28,0.01040657483056,0.0101090311613172,0.0189067242284238,0.0221240496386909,0.0154532847190753,0.0273492330107069,0.0332868261003451,0.0133349080212607,0.0349985680609646,0.0338811605024886,0.0279459480172107,0.0314764588488133,0.0369497069680891,0.0184151514764935,0.0190759190691382,0.0156903124307681,0.0267815504869545,0.0177480411894189,0.0115012759500083,0.0146584309902442
1699,2021-09-29,0.0130282433343057,0.0121444853246574,0.0197034507530945,0.0225331534233154,0.0158387515574174,0.0282617273808124,0.033572823443406,0.0144137550983719,0.0358477642148472,0.0351236191294205,0.0286000292384885,0.0326690138457666,0.038566436615908,0.018629713235819,0.0204270358423502,0.0158484377544938,0.0302393462350063,0.0179330374763889,0.0115617917797024,0.0149474431770789
1700,2021-09-30,0.0129949074994437,0.0121951761178054,0.0196380958788929,0.0225344833354028,0.0159557372418474,0.0282660019261369,0.0334642045167529,0.0143806813662676,0.0368553834409662,0.0348747035301656,0.0285278358876945,0.0328042818516947,0.0385314693889007,0.0187509972376006,0.0204150519674351,0.0159000269823329,0.0303238524948983,0.0180553836512023,0.0115234762212276,0.0151040324992314
1701,2021-10-08,0.0129962537776644,0.0122710042225692,0.020523326399596,0.0224680210406674,0.0197182695359811,0.0284331302751153,0.0335104590484981,0.0157461564717675,0.0370253678976451,0.0349061838581162,0.028683617814527,0.0328648720669573,0.0390910397411745,0.01938102061337,0.0216849850955674,0.0158825885345593,0.035168687906415,0.0181693677314588,0.0116204292888051,0.015163923465461
1702,2021-10-11,0.0130698482115875,0.0122536146475173,0.0205105592782924,0.0224688695775325,0.0198786740184731,0.0284710709837746,0.0333480754224738,0.0157907650898195,0.0369823990964116,0.0346027926040511,0.028361151727067,0.0329147782033485,0.0393011887668485,0.0195384545488428,0.0216952842222422,0.0151391079423565,0.0354017708247682,0.0183543560018757,0.0116828968588199,0.015207212403646
1703,2021-10-12,0.0133234831948104,0.0123674165329895,0.0205338981338524,0.0223081297072923,0.0207278366664238,0.0286781102252154,0.0334787210198422,0.0160532657369233,0.0371144685684337,0.0352867055168439,0.0286184569909661,0.0335439060378863,0.0399284114599274,0.0199009939419524,0.0222565190229157,0.0146145324246376,0.0359021243570013,0.0184695756942028,0.0118802448123269,0.0150894358750294
1704,2021-10-13,0.0137861589237528,0.0129104321319859,0.0212963657128397,0.022413002528363,0.0213757263269248,0.0283342423561326,0.0352869909499245,0.0165354360431072,0.037144499869352,0.0352361741588207,0.0286273709075483,0.0334767425545481,0.0406752892412795,0.0201348008503856,0.0227263440508491,0.0146150836815055,0.0368720325929197,0.0184418989001088,0.0118999855256853,0.0149025319758195
1705,2021-10-14,0.0135210260667827,0.0128835570917509,0.0213830143275021,0.0224144761143164,0.0215861587694373,0.0283373906882304,0.0346175573529901,0.0165726038385881,0.0371386945859971,0.0352664471325623,0.0286016208433252,0.0335030491027956,0.040291859669329,0.0201305943412509,0.0228328432427586,0.0144453402671482,0.0381044611007813,0.017495807061526,0.0119060471033306,0.0149199040670232
1706,2021-10-15,0.0134640165767845,0.0128241571787631,0.0211824793299981,0.0223726204070427,0.0217164972797616,0.0280418018432569,0.0341459873264743,0.0163943241352773,0.036587271987796,0.0341278235631456,0.0278358082955657,0.0329913537555937,0.0402374594091758,0.020088584161825,0.0228329296076746,0.0139789433142971,0.0391083485011706,0.0171348614845428,0.0117238575313225,0.0149176802614549
1707,2021-10-18,0.0135782795369786,0.0130597753987363,0.021451448738525,0.0225256485329389,0.0217511199772499,0.0280752993997766,0.0341277054451264,0.0164499598268247,0.0362332285112815,0.0342528951483227,0.0280623691988531,0.0325685401888977,0.039872771664244,0.0201516607950123,0.0229596863112725,0.0137892988552948,0.0391083485011706,0.0171877178225432,0.0117291812888019,0.0142699819134984
1708,2021-10-19,0.0134459914934407,0.0130625552965165,0.0213209068470202,0.0223980963581168,0.0221594960977037,0.0280752679517438,0.0335061344298875,0.015980963003563,0.0360237026112938,0.0341792983107593,0.0280450893103042,0.0319801906576275,0.03966746506917,0.019915562182578,0.0229121739024363,0.013803584162239,0.0391083485011706,0.0173518250624337,0.0117948519850921,0.0141443444572177
1709,2021-10-20,0.013721202644214,0.0132031561964701,0.0221585171485187,0.0223857722738226,0.0233432472119203,0.0280982455978557,0.0341668955425776,0.0165004763631526,0.036178526072383,0.0340207478148364,0.0280592359851375,0.0320037033286075,0.0404894530434698,0.0204496272765951,0.0251005071446186,0.0138025204105098,0.0410765223184845,0.0171889888236242,0.0121283226002506,0.0136698723572944
1710,2021-10-21,0.0137136263325735,0.0132328851774591,0.0222217389002675,0.0223725734343246,0.0234679506386298,0.0277718653141104,0.0342941310581832,0.016756873411726,0.0355587301575119,0.0337197556286962,0.0279199081368877,0.0318684215790585,0.0407278191946333,0.0205144399534495,0.0254680716945494,0.0135998186254509,0.0398486804045421,0.0170245768947526,0.0120747057166363,0.0135672236918638
1711,2021-10-22,0.01393647514411,0.0135115442907099,0.0229625208330821,0.0225991805121397,0.0244523668965883,0.0281565462080236,0.0341456126970694,0.0173541871088038,0.0359673194849137,0.0338765838964103,0.0283989393429023,0.0320680644543514,0.0407838944410574,0.0220357244360006,0.025842865923912,0.0135262264149378,0.0401476297262953,0.0172911081248003,0.0121565743688785,0.0135008542783887
1712,2021-10-25,0.0141218764213183,0.0134861986588038,0.0230103473565152,0.0227225159997396,0.0245843042556893,0.0281583492639003,0.0343743319117985,0.0173683717277888,0.036201371165088,0.0339524914685305,0.0283297762191793,0.0321975072566056,0.0409138905433377,0.0220716597979294,0.0258423934363618,0.0135238536610452,0.0390784432907634,0.017259755885725,0.0122625934475087,0.0130933869206076
1713,2021-10-26,0.0141500925776465,0.0133574950957304,0.0230011383228405,0.0229202640577773,0.024585766180871,0.028109240621301,0.0343818283372196,0.0174805163033722,0.0360201955534483,0.0338980126712453,0.0282440046060103,0.0321928417653813,0.040975568435057,0.0213482459855847,0.0259189684687464,0.013488908873859,0.0379775773839409,0.0170920513550485,0.0121226630922218,0.0131035828645595
1714,2021-10-27,0.0142407989096198,0.0135259587519801,0.0232322489316669,0.0237584848475423,0.0255787448139674,0.0281915778210251,0.0345417981768512,0.0174825426678774,0.0349264274308867,0.0341832777094756,0.0281186275674782,0.0317367028883233,0.0415900674667816,0.0210281423705974,0.0261589553927452,0.0131620671438701,0.0378824662092469,0.0172615958936146,0.0121353262444354,0.0130293662336897
1715,2021-10-28,0.0154928587510861,0.0141282842483383,0.0240010952986861,0.0237634902519804,0.0260227242293824,0.0278801141152317,0.0347556841145717,0.0173897730068833,0.0350196224596158,0.03545350919093,0.0285174168635392,0.0323546359927246,0.0424571831953892,0.0220162325491783,0.0262430540156457,0.0131012177632729,0.0370828576815295,0.0172382375842183,0.0121216516655897,0.0131248982454301
1716,2021-10-29,0.0155165717397081,0.0142999711885852,0.0241812421633425,0.0237704470028394,0.0262845531025801,0.0277818105798695,0.0347136112193086,0.0176016416734669,0.0352251250747241,0.0354128386709216,0.0280285731190898,0.0323371415816675,0.0423899545850606,0.0225238876269061,0.0264262165874919,0.0131639083140948,0.0366454036568162,0.0172542710058438,0.0119995282245545,0.0131203025827056
1717,2021-11-01,0.0155267722455302,0.014261525522732,0.024261643849998,0.0236277661229014,0.0264739232355119,0.0277009436149239,0.0349921836505804,0.017973484721295,0.0360592337788729,0.0353939020175099,0.0281027580739786,0.0323303559870022,0.0422658885830682,0.0228344087716621,0.0264115237635399,0.0131454173301543,0.0358071902534372,0.0173783995737429,0.0117365330199212,0.0131210790179969
1718,2021-11-02,0.0159818746465688,0.0146198697403493,0.024729534317816,0.0239002669492041,0.0269312515260495,0.0278956995650908,0.0349928863514768,0.0184855439870783,0.0357588392304986,0.0350088525565706,0.0279715725113517,0.0325035452727388,0.0425241176288303,0.0232636941186604,0.0267621483106883,0.0127696062758347,0.0367842978627982,0.0175141480364416,0.0116327122240322,0.0125503856366558
1719,2021-11-03,0.0160182012317383,0.0146179809181501,0.0250376975600912,0.023918421399097,0.0272442618536703,0.0281564144523334,0.0354320716116528,0.0185249911849633,0.035791533210261,0.0350301825018242,0.0276147299087726,0.0324881568302329,0.0426933668054157,0.0231000542506395,0.0267650461178613,0.0121597075230485,0.0360135065531901,0.0156665422352256,0.0114694645776471,0.0126028980481061
1720,2021-11-04,0.0161481525063759,0.0146710649637652,0.0251790565135581,0.0239907203199924,0.0272427951983859,0.0280009128965,0.0354267226179194,0.0184816186852182,0.0354842021894968,0.0350625827161094,0.0271370677091784,0.0319023455446601,0.0426745087043807,0.0230046420677576,0.0268990639887157,0.0102185276606746,0.0353060231519518,0.015471537004754,0.0113943117286022,0.0125390209587386
1721,2021-11-05,0.0167023634785495,0.0150477681559311,0.0257904551509168,0.0240881620843336,0.0282627529129984,0.0276956320305834,0.0355060121045126,0.0189130267035067,0.0353112079812593,0.0349029607810155,0.0271441888858719,0.0313222727025669,0.042530522055229,0.0242672072023322,0.028084071843198,0.0103197411320371,0.0353060231519518,0.0157762384388972,0.0113864260651273,0.0124783696139243
1722,2021-11-08,0.0167086884898147,0.0150900181451037,0.0256060597145174,0.024021398311095,0.0282473008944901,0.0266350909575209,0.0353598558360398,0.0189208401345402,0.036529827432978,0.0349093005868843,0.0274478142975866,0.031566868322527,0.04193559925654,0.0244185587665516,0.0279937496911382,0.0100575293665256,0.0353060231519518,0.0158526956428132,0.0113715155509838,0.0121325047786216
1723,2021-11-09,0.0167011980963817,0.015091535295371,0.0256779657399638,0.0239246313854754,0.0282544461124864,0.0263888491148001,0.0355232294021418,0.0189190183216246,0.0360012441791175,0.0335791195322051,0.0267085692645687,0.0310649002376182,0.0418268971867857,0.0244062581059186,0.028049401276056,0.00993481683264507,0.0353060231519518,0.0145898844459129,0.0113973689674384,0.0123159534866865
1724,2021-11-10,0.0167148302592333,0.0151135444988253,0.0257882050388339,0.0240548524649944,0.0283521213348557,0.0261587017314597,0.0353777767365373,0.0187938977588824,0.0342425382695983,0.0333686149773159,0.0262688760033576,0.0305245260978984,0.040975619655386,0.0245273515236035,0.0280462195085078,0.00984739802354416,0.0353060231519518,0.0144478469529828,0.0112354935348353,0.0117944335372852
1725,2021-11-11,0.0167238527904512,0.0150701036214177,0.025786883767227,0.0244043563409334,0.0284582195268071,0.0262618419283089,0.0350929261680886,0.0187683625969041,0.0341997436478117,0.0333776296012349,0.0262917484630295,0.030260614796984,0.0409834987096374,0.0245722467367403,0.0280577732923231,0.00969860497089475,0.0353060231519518,0.0142884065802709,0.0112978379219069,0.011762754986046
1726,2021-11-12,0.0167055217918643,0.0150621625468357,0.025819787249339,0.0244264947445783,0.0283421709561373,0.0262955809183129,0.0350842449057078,0.018714665165507,0.0337394209137393,0.0329118565492698,0.0262331914202729,0.0302640261013262,0.0406443483776783,0.024596468511341,0.0280444645677897,0.00968453521064835,0.0353060231519518,0.0143516327067169,0.0112819108507577,0.0115487088643354
1727,2021-11-15,0.0167055283201919,0.0149188277425191,0.0257450016655533,0.0240319306015302,0.0283853363283244,0.0262947306993912,0.0350847461765642,0.0184289316053368,0.0339378641325235,0.0330514786707275,0.0262255402985593,0.0304958759160706,0.0406007114210962,0.024169748175199,0.0279863175118858,0.00971206778824686,0.0353060231519518,0.014290999051169,0.0112849203666902,0.0115251670980508
1728,2021-11-16,0.0167780578152759,0.0149088675794401,0.025762726745783,0.0241209208822419,0.0283893322570112,0.0263920904706342,0.0350804060913212,0.0184268046394424,0.0341049840332516,0.0333432921573658,0.0261690302183491,0.0305180735263441,0.040660073489588,0.0242820362136815,0.028015075552915,0.00969934125681637,0.0353060231519518,0.0139379596943627,0.0111692575474051,0.0114978975188429
1729,2021-11-17,0.0164823780087662,0.0149332129900893,0.0254912205673605,0.0241186763555418,0.0281915365722436,0.0261809126282122,0.0335693466643999,0.017949837073956,0.0339902239965687,0.0323691752310553,0.0260762191256397,0.0303631483141717,0.0393467751069051,0.024238964495247,0.0279328398135265,0.0096894593856613,0.0353060231519518,0.0140151218800349,0.0111033490302317,0.0116350269983542
1730,2021-11-18,0.016502651213727,0.0148996173852152,0.0254058354116359,0.0241433991110072,0.0280504678560842,0.0260359618521934,0.0336850570444457,0.017807312472941,0.0340224140202452,0.031892250222828,0.026063562482812,0.0303301137447603,0.0394376860185755,0.02419189956112,0.0278783937416219,0.00974334142393823,0.0353060231519518,0.0132017370885175,0.0110769164230122,0.0116327015444268
1731,2021-11-19,0.01683203634615,0.0150695874961509,0.0255238366195075,0.0241744703170638,0.0278986631441806,0.0260876400834653,0.0336372071846688,0.0177347711434919,0.0339785008992671,0.031961294970535,0.0260749735072343,0.0304231413929691,0.0393861583639708,0.0242946675809722,0.0277954754735702,0.0101010007544639,0.0353060231519518,0.0133237814765284,0.0109416899538455,0.0116469097680417
1732,2021-11-22,0.0168262548550474,0.0150628547628685,0.025532274867476,0.0241604559589188,0.0276274459042733,0.0260578595640333,0.033631650386076,0.0175715994458387,0.0331905769057562,0.0321681393903051,0.0259945866097103,0.0303135782878214,0.0390106468043167,0.0242291967721012,0.0278458772617822,0.0099063120517148,0.0353060231519518,0.0130955890834429,0.0109007615387612,0.0117192197909656
1733,2021-11-23,0.0168133802001787,0.0150720927550182,0.0256257819677124,0.0240399108421818,0.0276625201571078,0.0260895656462862,0.0336698947619167,0.0176558275027093,0.0333090460290994,0.0321847592453956,0.0259648562797931,0.0303721780906102,0.0385140929817032,0.0244766132385026,0.0278160869410073,0.00983610749295183,0.0353060231519518,0.0128643476964734,0.0109056052742076,0.0115837479473145
1734,2021-11-24,0.0168156641188906,0.0150836281528163,0.0257851976784838,0.0238957434513381,0.0275885716170004,0.0260892647367524,0.033805317497973,0.0175809490967597,0.0334429267427331,0.0318296594367855,0.0259643205519719,0.030676373114822,0.0385564383648966,0.0241773207172237,0.0277813487210276,0.00983308284773003,0.0353060231519518,0.0128461973991,0.0108493925782954,0.0116653400344703
1735,2021-11-25,0.0167815484029121,0.0148875747913469,0.0257975792349101,0.0239408742387024,0.0276060752621208,0.026025114600158,0.0336732461325977,0.0176695487781392,0.0331108591627914,0.0317431681372893,0.0258871244342066,0.0306715707024243,0.0384529715114305,0.0241414935883511,0.0277242954474935,0.0097568910122427,0.0353060231519518,0.012827013331996,0.0108479147266675,0.0116537387551319
1736,2021-11-26,0.0167847012527139,0.0149238400580528,0.0258934534707241,0.0237296680673646,0.0275867642364482,0.0259954575429316,0.0336505809122624,0.0176731405682119,0.0338747868311312,0.0317733950015372,0.0258762553603618,0.0306859786753612,0.0385814770754384,0.0237792691028239,0.0276636936043921,0.00974353998019314,0.0353060231519518,0.0128189360911601,0.0108382361361883,0.0113847333115455
1737,2021-11-29,0.0167803736724574,0.0149280000909812,0.0256962200250052,0.0237297868754791,0.0272367491824492,0.0260149655289922,0.0335878286328826,0.0177773733018999,0.0338371381544579,0.0315911917626599,0.025836052479005,0.0303706150950793,0.038106084501243,0.0238108107611528,0.0277309678180081,0.00948849498392173,0.0353060231519518,0.0123616733433255,0.0109541255172852,0.0114300908455637
1738,2021-11-30,0.0167783877707106,0.0149219384733299,0.0255536407005487,0.0238237295132529,0.027066803131698,0.0258845950712002,0.0336233640449682,0.0177455811272491,0.0333679432606657,0.0312438055020655,0.025821241256594,0.0303006226718206,0.0379537438393897,0.0238039397652074,0.0273823810421338,0.00947598567431083,0.0353060231519518,0.0116071157485398,0.0106654236684074,0.0115073740342823
1739,2021-12-01,0.0166159852560012,0.0151227385127306,0.0255299383056124,0.0238408814976985,0.0265820456232229,0.0256694905164136,0.033343721680504,0.0177288967531823,0.0333810959688323,0.0305518195740651,0.0254145839309441,0.0302586669812101,0.0376844547416453,0.0243198463469335,0.0273426214394628,0.00948185053261152,0.0353060231519518,0.0113896745712624,0.0106127197685039,0.0114925554404567
1740,2021-12-02,0.0165117814321621,0.0151732818880415,0.0253244335846431,0.0243326821542712,0.0265905300094664,0.0245028628308683,0.0328845123355019,0.017671910308187,0.0330214356153983,0.0305291072450074,0.0251468986654523,0.0303976274076419,0.0375226925269509,0.0243290613242496,0.0273416268639755,0.00950776121193548,0.0353060231519518,0.0105310907775572,0.0103753859161904,0.0116923740690551
1741,2021-12-03,0.0164724159379109,0.0152591754075132,0.0259635343879248,0.024356757689277,0.0266559370670145,0.0245050342972285,0.0335224967009245,0.0184586154627269,0.03302392050515,0.0301449127778049,0.0250563958235346,0.0303904990098567,0.0382994259701247,0.0251631855905307,0.0274696795875955,0.00950139281034131,0.0353060231519518,0.0100052977251549,0.0101843165626584,0.0115086012315223
1742,2021-12-06,0.0162946550204518,0.0151446906004213,0.0258077438321443,0.0240936111601671,0.0271429964795976,0.0241818229202333,0.0335398283491924,0.0184379193632157,0.0329466707372026,0.0300226192056376,0.0249024646849884,0.029541511764183,0.0380557303572882,0.0248275580897611,0.0276443169460788,0.00940418232875147,0.0346951239327985,0.00990867885528558,0.0101647611977544,0.0111097783560166
1743,2021-12-07,0.0159422424624066,0.0151362410383023,0.0255131553162078,0.0244255328782418,0.0274583926757725,0.0225072277329924,0.0330413104704351,0.0189894457367006,0.0328398898929995,0.0299125288122242,0.0247076054968116,0.0277952934986738,0.0371941267885705,0.025357420527137,0.0278724167410211,0.00954559972393593,0.035403865285345,0.00993718388736648,0.0101199375348197,0.0109828727584436
1744,2021-12-08,0.015886177825317,0.0150435517467516,0.0255244780014959,0.0235092494816177,0.027414367106295,0.0225420848295215,0.0327940250826793,0.0190501922964573,0.0310212253226098,0.0297327760406243,0.0241462638808043,0.0276932453152872,0.0371951456113037,0.0248147617918029,0.0276650504948156,0.0095845271238552,0.0348340814965654,0.00990532956100803,0.0100998847711586,0.0106758951968187
1745,2021-12-09,0.0156054501198266,0.0150017438700591,0.025291614260799,0.023512818949291,0.027006122197076,0.0220384378879078,0.0326656683685354,0.0197347157787981,0.0310706969836479,0.0293613189874457,0.0238826747460926,0.0273005494739505,0.0356123362222036,0.0251164851709602,0.0277932724126632,0.00962745662525532,0.035873853662185,0.00993228621724221,0.00993088522431176,0.0106427768036673
1746,2021-12-10,0.0155005121370391,0.0149040024862652,0.0252821785929848,0.0235123782889321,0.0264292176246072,0.0220019665764782,0.0326612181335405,0.0196996662898094,0.0297981692565497,0.0294111173571684,0.0238366014416113,0.0267741151971522,0.0356145681560529,0.0249726822641349,0.0277579727623907,0.00964063451912723,0.0360504063472085,0.00993228621724221,0.00966464171105012,0.0103293851749597
1747,2021-12-13,0.0154704326150557,0.0149040024862652,0.0251492109565045,0.0238202162269106,0.0263429672317191,0.0221241310322208,0.0327666002200729,0.0196480558061894,0.0298175259541708,0.0290222943554058,0.0240062503391434,0.0268435436401622,0.0350441958843215,0.0250201897751094,0.0276569553987939,0.0108367945430253,0.0360026138587474,0.00993228621724221,0.00933680477185157,0.0100466722158075
1748,2021-12-14,0.0153276990139907,0.0145646869306242,0.0251307340416999,0.0238217499938627,0.0263415790981001,0.0205613070273466,0.0322531010384191,0.0194381848630366,0.0295246204916357,0.0283950248323433,0.0237719266526572,0.0258924492226116,0.034855995188484,0.0246914436434392,0.0275939777792366,0.0107332254917491,0.0355295647814484,0.0101489936556782,0.00938684376474858,0.00887461266607519
1749,2021-12-15,0.0151542048852808,0.0145322741914373,0.0250201086078496,0.0240034003725718,0.0277769758959414,0.0206462917752713,0.031731917824209,0.0201809071261351,0.0295045120796006,0.0279198550217078,0.0234321280692244,0.0258930933504179,0.0345769482686806,0.0252458505423922,0.027886225441328,0.0110149790449867,0.0360006810549975,0.0100797697472889,0.00917472558841036,0.00872927713713556
1750,2021-12-16,0.0152244118784958,0.0146130590218979,0.0266093014460546,0.0240062915929571,0.0277265428100704,0.0200898313372777,0.031773290007016,0.0203254517376233,0.0295017142284183,0.0275435552295088,0.0233681633151934,0.02524309618077,0.0348389254029521,0.0258449416919227,0.0279445384448839,0.0112020817632034,0.0359923444842527,0.0100797697472889,0.00931168629340186,0.00872156888537404
1751,2021-12-17,0.0152276248955156,0.0145997555080217,0.0260068032496253,0.0233047062357864,0.0277490173495447,0.0200337370290903,0.0313764934666572,0.0203239344131042,0.0293773276336973,0.0274230332235276,0.0231369972603357,0.0252823875981094,0.0345164055086799,0.025926180375131,0.0280265197233235,0.0112445510802073,0.0355375110633344,0.0100797697472889,0.00904922372474464,0.00875210449867105
1752,2021-12-20,0.0150828815621084,0.0141484544680003,0.0261479341593331,0.0222704538127334,0.0277885481527331,0.0198706386171341,0.0313283577411227,0.0202383193694194,0.0294700225887766,0.0264059266299999,0.0219246393083403,0.0251445410910086,0.0338298746069077,0.0259288509300645,0.0280118466184839,0.0111507722486342,0.0352689063423468,0.00997219146174415,0.00875417884828335,0.0089087759120373
1753,2021-12-21,0.0151051677789528,0.0143521975499236,0.0261416591976042,0.0223544244301589,0.028227255862996,0.0191268052758536,0.0315625729545374,0.0206395806025847,0.0294805835667608,0.0264429343704479,0.0208229819950556,0.0249050569650762,0.0337873046922755,0.0260241769803948,0.0279269626180442,0.011151306201747,0.0347553521528066,0.00987851001406486,0.00883716106253367,0.00890913601878019
1754,2021-12-22,0.015040356802348,0.0142702682457777,0.0261698792381328,0.0220355381199447,0.0282013827622062,0.0190732182712229,0.0315371504828038,0.0206387931660315,0.0294805722077761,0.0266256356318935,0.0205621684604819,0.0248088393676445,0.0338855402212359,0.0260242119453766,0.0279181396935632,0.0112165739881318,0.0342449380263503,0.00976930628226564,0.0088623101022931,0.00894544351024487
1755,2021-12-23,0.0152083438751894,0.014512158592569,0.0263641661557806,0.0221331870333662,0.0288005454038307,0.0191626872909558,0.0311030023969053,0.0216555255745121,0.0289892678593827,0.0274988433626985,0.0205969464413697,0.0250258266635195,0.0338123185524366,0.0271143889956188,0.0285990939738471,0.0116116730743578,0.0349653678642984,0.00976930628226564,0.00889381430532443,0.00875615907604338
1756,2021-12-24,0.0152437865627142,0.0143613457865843,0.025890408067975,0.0222261556015398,0.028929028915049,0.0187026377280091,0.0303462011794399,0.0216701295512875,0.0289973301155999,0.026891332028914,0.0205865455310799,0.0246426629933016,0.0337637111210489,0.0270126638084182,0.0285361609723063,0.0112874953555443,0.0345376971611266,0.00966264400658354,0.00844393729633967,0.00893518896310826
1757,2021-12-27,0.0150864592714529,0.0142550102678967,0.0255991978586568,0.0222244123291906,0.0285662711095884,0.018701918899153,0.0281973591892725,0.021505444399721,0.0289880895033243,0.0269046965936662,0.0205233888761855,0.0246093693834607,0.0336008129762606,0.0270184542021681,0.0283434411260407,0.0113830003408304,0.034243522101478,0.00962438363947096,0.00857131823557164,0.00893707151159019
1758,2021-12-28,0.0150908202473334,0.0142581187623426,0.0256568350050168,0.0216924971011372,0.0283087906251933,0.0187041981348135,0.0282431122794731,0.0216095845925286,0.0296773524998596,0.0269852344323458,0.0201023582292058,0.0248522721050596,0.0336032017373193,0.026875659216988,0.0275644354825578,0.0112689406657009,0.0339506811995638,0.00964938628591103,0.00852579583457774,0.00890822855543703
1759,2021-12-29,0.0150496909953427,0.0141595644912068,0.0250573631601406,0.0197821733767794,0.0284251325640654,0.0174960469514193,0.0276871894832116,0.0218333707698815,0.0297204197055603,0.0266032023815347,0.0192048930445482,0.0242449787896694,0.0328632910049011,0.026353565491547,0.0274975818098082,0.0112508423174683,0.034256589373433,0.00955470484224651,0.00866447019209354,0.00893199923023104
1760,2021-12-30,0.0151647242839693,0.0140938012209666,0.0249218208325213,0.0185307539062044,0.0286203671535963,0.0167733905905522,0.0275858206865379,0.0213551466704861,0.0282794619147793,0.02524664545472,0.0173325280533281,0.0223834715912133,0.0325362091151653,0.0263202393672475,0.0254583492016714,0.0112060990275272,0.0323319405544969,0.00955285070471986,0.00866865333430241,0.00908402062699464
1761,2021-12-31,0.0151335526567236,0.0139416433864668,0.024620839442556,0.0184852654683461,0.0285153106529349,0.0168514750743599,0.0275374767486239,0.021798548949932,0.0284817000684932,0.0252985995331047,0.0173655389946587,0.0222460637851031,0.0325604074282872,0.026257586745996,0.0245733486774025,0.0112860343894631,0.0315032605355044,0.00947844843607217,0.00865466367306707,0.00937983519954971
1762,2022-01-04,0.0134751283945978,0.0123965113287328,0.0242693125696987,0.0180034138008003,0.0295795589057525,0.0155529959445933,0.0274175457155544,0.0216402577509109,0.027881950956126,0.0243134184543116,0.0165397440461649,0.0207293627903342,0.0317645762081128,0.0265250801864788,0.023987269239566,0.0110936915791153,0.0322129833996015,0.00963624754494508,0.00864279939433467,0.00932820111385262
1763,2022-01-05,0.0135276332715991,0.0123443131827126,0.0242568511320471,0.018441474479401,0.0293729611028461,0.0155159160425522,0.0278653798237796,0.0219387651891131,0.0268152848618989,0.024323074889756,0.0164786670450205,0.0203814802824611,0.0317374157557375,0.0268528437737482,0.024048690472804,0.0109084597917236,0.0321467759936403,0.0096907791355143,0.00877833057763028,0.00950563766117887
1764,2022-01-06,0.0137177908561423,0.0123161925788585,0.0238334657477335,0.0187519632364234,0.0279136884833502,0.0153029501667636,0.0278046432284325,0.0212620124590791,0.0270173242644444,0.0247382668631458,0.0162659246332825,0.0205700104162798,0.0314920338564334,0.0265523138149927,0.0230808633070554,0.0111822753791386,0.0304769893315139,0.00965334466407198,0.00881296170320051,0.00942427954173137
1765,2022-01-07,0.0137805909160454,0.012438412255583,0.0238232909127382,0.0191781919164537,0.0279997098003395,0.0154286152434117,0.0281349906610558,0.0212022679301647,0.0271216515179371,0.0250218242977282,0.0162087804455013,0.0205303995264664,0.0314013431505563,0.0267061152993558,0.023058052971448,0.0113698913880313,0.0305902754584381,0.00977801508764539,0.00882138367067975,0.0101375278154697
1766,2022-01-10,0.013763239605552,0.012343413123572,0.023870225445988,0.0192632354666905,0.0277657396474688,0.015230444165074,0.0282502433246004,0.0210171414644916,0.0270980022358681,0.024978017651113,0.0155130275874284,0.0196093330734568,0.0310717772719668,0.0263722535316657,0.0224803868860011,0.0111354558220383,0.0303473836687125,0.00984688699742717,0.00844440458051401,0.0101944620947568
1767,2022-01-11,0.0133438008096117,0.0117836295755764,0.0234000828359022,0.0190647560752265,0.027549210494429,0.015367034112267,0.0263051010694492,0.0207488003483959,0.0268879504552518,0.0254704270640259,0.0155099881881984,0.019574189932565,0.0303294284057305,0.0261778444886353,0.0220365809155485,0.0111863326285883,0.0299387006841963,0.00982950455042201,0.00881323909398247,0.0101942788123708
1768,2022-01-12,0.0135243417429323,0.0118468895773948,0.0233824195259353,0.019354860252922,0.02751838947185,0.0153536386984033,0.0263022284618606,0.0207403943526449,0.0272155023978905,0.0252859286359344,0.0163579231723199,0.0196385559865163,0.0304970884629139,0.0263088338242016,0.0220378181223657,0.0111984982472815,0.0295693540733153,0.00981014353257378,0.00924104775434335,0.010655840264784
1769,2022-01-13,0.0135602344619321,0.0118620350198257,0.0233258352544549,0.0194169015629733,0.0274799627046853,0.0153409867354551,0.0263207175074408,0.020713827903227,0.0271363572381063,0.0252793960822982,0.016432007930196,0.0197889452149276,0.0303313888336165,0.026280331250567,0.0220312975469827,0.0111911562818016,0.0291878347882298,0.00992941232410712,0.00965069135464563,0.0107300581064476
1770,2022-01-14,0.0135913200152821,0.0118299182478859,0.0228747442486214,0.0193914741457242,0.027281948131718,0.0152426801180689,0.0264135976887237,0.0207412114849097,0.0269448417594611,0.0250274342289002,0.0161040830878971,0.01977723041655,0.0306163998615085,0.0262737160291719,0.0219780096826778,0.0109631404801688,0.0288361236271283,0.009826568079666,0.00964280921264756,0.0107308358448842
1771,2022-01-17,0.0135916236891297,0.0118251211782669,0.0228830390189314,0.0194665354094774,0.0271189239562299,0.0152555863250095,0.0263304938725706,0.020736564769788,0.0269271008253046,0.0250460030780229,0.0160687550840554,0.0198567061206563,0.0306231859318473,0.026236684361514,0.0219882048443829,0.0109300181722762,0.0285623882245924,0.00965738947674987,0.00950464293409592,0.0108007109902084
1772,2022-01-18,0.0134435456200628,0.0117847712869497,0.0226348772632745,0.0198530400529899,0.0258021466506345,0.0153211609001811,0.0241826323908343,0.0212171753074638,0.0269080293880351,0.0253044572459181,0.0158566818971694,0.0197199270051275,0.0293955744816023,0.0260249926988937,0.0197934209481204,0.0109285102595733,0.0275327049485511,0.00954797770571324,0.00882694317975467,0.0110157618318618
1773,2022-01-19,0.0134031747177713,0.0117434429222525,0.0227312100375254,0.0203112341645264,0.0257884434845109,0.0155596466290758,0.0239964124279802,0.0212557447585266,0.0268966776562685,0.0252284012322985,0.0158240514152515,0.019472382891196,0.0288893212264717,0.0259969662142155,0.0193495944326659,0.0107930175538193,0.0274977071280646,0.00953485089590513,0.008872089701778,0.0110245329166924
1774,2022-01-20,0.0132684320631813,0.0113902996189801,0.0220879946515542,0.0199669110994298,0.0252213912796643,0.0148739647607848,0.0237354359542661,0.0208379520931215,0.0263312867054434,0.0248662418303405,0.0144595759055604,0.0191390747908157,0.028482843745571,0.0246870918326172,0.018837226526657,0.0108006932176396,0.0266868980564896,0.00946413900698229,0.00873935534618381,0.0109888603073559
1775,2022-01-21,0.0133751442891567,0.0114190433416152,0.0220832813901369,0.019716684134434,0.0252111018870647,0.0150574505308499,0.023486557459012,0.0208298857720955,0.0260275265701518,0.0247631307575913,0.0144972494838338,0.0188238808598739,0.0285523672502014,0.0246519933208918,0.0188601541649167,0.0107966287217705,0.0266306333090659,0.0092824202117143,0.00867579460703699,0.0110304085888033
1776,2022-01-24,0.013374680941072,0.0114206425440872,0.0220770250017943,0.0194260342349063,0.0253881926461635,0.0150404656476659,0.0234624951196943,0.0207785874806553,0.0271933624667647,0.0247096017700283,0.0146245454948129,0.0188406984190356,0.0284077055754859,0.024516121344741,0.0187365974240585,0.0108658211682797,0.0270551799655241,0.0093496323503704,0.00868959071649963,0.0110166723087938
1777,2022-01-25,0.0140206103806862,0.01156383972019,0.0219903264255933,0.0183970039833178,0.0247004448505104,0.0153202477794271,0.023575731029515,0.0212082384665625,0.0271348135067496,0.0245894022490002,0.0152127403267409,0.0191376517591924,0.0278858309809793,0.0247722758671048,0.0201090014557502,0.0108563477979704,0.0278815448512471,0.00927134948729078,0.00900955007776119,0.0110430549999861
1778,2022-01-26,0.0125498925241878,0.0107026207797457,0.0210779082291857,0.0182915262878489,0.0244572587359586,0.0150393449364411,0.0231157418586641,0.0214303045128163,0.0257939685809918,0.0233082756094223,0.0134419747644782,0.0179270032609775,0.0266826168234557,0.0240312193483532,0.0200513086810011,0.0108449257578506,0.028421371501947,0.00918589264486585,0.00875762571110173,0.0109623380838542
1779,2022-01-27,0.0128752375882114,0.0105160193159754,0.0208529068328966,0.0184999781265422,0.0243678483990919,0.0150339938069872,0.0230795338704537,0.0212371434614197,0.0256244227951427,0.0233069589773009,0.0136296385774409,0.0179558993355752,0.0268140859666297,0.0233988262980096,0.0199468527314825,0.0108478417997896,0.0281956127273938,0.0118416522652263,0.0112391793699488,0.0109291296972388
1780,2022-01-28,0.013345494603862,0.0105187170798116,0.0209436083027096,0.0185399537562992,0.0244902484013088,0.014929952382334,0.0228773237238314,0.0209158257393764,0.0242520830534859,0.0234805238046952,0.0138781296147459,0.0180151720794651,0.0270047405938137,0.0230056634075237,0.0202469648890047,0.0109129027527293,0.0282197012994215,0.0117525525761192,0.0113430009970713,0.0110112205946305
1781,2022-02-07,0.0127753824347381,0.0100717533676679,0.0206406954334005,0.0192477765100451,0.0248429968553667,0.014874005053061,0.0232992557476031,0.0207783573255068,0.0244147951225814,0.024167482321698,0.014299460449111,0.0180147715134703,0.0278817093206197,0.0227210669141967,0.0200166907246377,0.0107633168585355,0.02799963157784,0.0116632203262005,0.0114990398872792,0.0111107249217243
1782,2022-02-08,0.0127498098555945,0.0101404176408507,0.0203726316100647,0.019260091289298,0.0249774459846689,0.0147583974768603,0.0232331058121255,0.0216152984467516,0.0244161589502793,0.0254676221181884,0.0143076176808897,0.0181764652704283,0.0287423098893107,0.0227431366931007,0.0201544658380367,0.0108027826584114,0.0282498721825914,0.011915276428155,0.0114416431586997,0.0110073451486359
1783,2022-02-09,0.012711079793255,0.00992456710335217,0.0201444245973526,0.0190290355480349,0.025564360939855,0.0147638115885645,0.0232775978747867,0.0219304639886109,0.0243267023592676,0.0259887859562401,0.0149339504467242,0.0184378574199971,0.0288933003611185,0.0231000559026395,0.020101993987473,0.0106623768621368,0.0292514613344022,0.0118148078575886,0.0113910755402484,0.0109716777580702
1784,2022-02-10,0.0118945814745706,0.00912756498371839,0.0192327836338424,0.0187156099169309,0.0245239608823689,0.0144743102917873,0.0229696904322858,0.0211305265005992,0.0241626413630532,0.0246501268185585,0.014317030133188,0.0182016385742608,0.0290433944317777,0.0212308346623082,0.0180224020156505,0.0103851980763487,0.0289765006068852,0.0115260688913184,0.0114484317053263,0.0109720727758695
1785,2022-02-11,0.0121180476420457,0.0091949673194991,0.0193384439888498,0.0186073741143983,0.0245107935885395,0.0144231454573818,0.022944155234124,0.0210406770884032,0.0226145301622269,0.0246437151948985,0.0139926804739251,0.0175532178971347,0.0290779721090186,0.0211790404469238,0.0180203464234656,0.0103341843188812,0.0286504232757382,0.0115397569128637,0.0114597757300884,0.0109418984020394
1786,2022-02-14,0.0127844259783738,0.009225439681997,0.0191498594316892,0.0188637217660344,0.024852611212267,0.0148016897983589,0.0225446751340226,0.0210661753007237,0.0226097673258695,0.0247152284735493,0.0140441003967108,0.0175707056540644,0.0290551852314099,0.0213957149916422,0.0183428584815436,0.0100574000903091,0.0289366596437178,0.0117585908978716,0.0119405398058931,0.0105712372684598
1787,2022-02-15,0.0128478102787411,0.00923282838083121,0.0189169707526125,0.018473981058076,0.024783717756412,0.014673524545968,0.0222787017305146,0.0209019945226915,0.0220530998105126,0.0245240345728985,0.014018708102251,0.0175001480680738,0.0288702236843736,0.0210532927987097,0.0183282780080648,0.00992456833625696,0.0286161941882615,0.0116815027593964,0.0120354954090354,0.0106804318289449
1788,2022-02-16,0.0128393541498454,0.00923524285569614,0.0189141836053458,0.0182979316207193,0.0247080160231618,0.0145794900851455,0.0222372999620261,0.020832647454381,0.0221352694255741,0.0246734160447631,0.0139216867230243,0.0178830722502176,0.0290184191170494,0.0208848098645485,0.0181907616058769,0.00996452893649606,0.028304916055279,0.0122773194785237,0.0125938308758309,0.0107972804027565
1789,2022-02-17,0.0127870912190915,0.00915674270355284,0.0187672075908843,0.0182251348235454,0.0246946692203439,0.0144060791058246,0.0220706524176984,0.020702264714538,0.0222089786134513,0.0246781827380676,0.0139271686419554,0.0183105075100047,0.028898026760867,0.0207204989057509,0.0181284067788224,0.00995302006882973,0.0282272198012623,0.0128290891489148,0.0129341632703609,0.0107780104744808
1790,2022-02-18,0.0126959061905394,0.00917670495315367,0.0191724442284035,0.0181498095580744,0.0245251546136586,0.014401850613789,0.0223181990059669,0.0206980970855568,0.0216764326831321,0.0237902350890963,0.0140276641921293,0.0178222862331562,0.0295510610369167,0.0206002317763571,0.018060424471213,0.00995185734789296,0.0279410561870939,0.0128666905934034,0.0129277002727887,0.01076624912251
1791,2022-02-21,0.0127156488474588,0.00915994405292627,0.0195053263236694,0.0178783711406867,0.024581376782491,0.0139748417159248,0.0223050037068254,0.0203545191919782,0.0211583791168543,0.0229553122783646,0.0139583364579312,0.0176867584281244,0.0297280709423932,0.0202061447079984,0.0178325380762143,0.0099435558472229,0.0276584902682702,0.012842783276355,0.0128854672271142,0.0107156891928436
1792,2022-02-22,0.0128545870587745,0.00912090202435259,0.0195207661391922,0.0178895493458397,0.0246724423614767,0.0140559717671346,0.0223088665642489,0.0204562313026252,0.020922388662632,0.0233707558294317,0.0139691031948954,0.0177406995860322,0.0296300027613824,0.0202991422061671,0.0178133645557833,0.00993012005543801,0.0276584902682702,0.0128228689650978,0.0131551906050267,0.0106490601319221
1793,2022-02-23,0.0128172171213686,0.00919169894782042,0.0198514862625976,0.0176937803733012,0.0246737214718899,0.0140370772809148,0.0222996819041579,0.0204989178328259,0.0211020673630785,0.0232066669860436,0.0139576403826986,0.017843833612649,0.0296066302057978,0.0202501028164881,0.0178293390016438,0.00992504493437227,0.0276584902682702,0.0129181777912896,0.0132523955771603,0.0106261706709911
1794,2022-02-24,0.0124112476028765,0.00908425023069974,0.019856714859907,0.0179045677200022,0.024957191358081,0.0141891393356876,0.0223011834843091,0.0204906133158553,0.02114884154295,0.0233336851906212,0.0140673717728107,0.0178329851561543,0.0296107328317639,0.020245199280112,0.0178580155173129,0.00963701068868479,0.0276584902682702,0.0139272430387497,0.0147065211556398,0.0107617434172108
1795,2022-02-25,0.0125420627732152,0.00917707121989991,0.0203702446675581,0.017736418297577,0.0256179901254887,0.0142253175325975,0.0225051532014239,0.0216133122577652,0.0208980635221896,0.0233132732260079,0.0140825994001582,0.0175863276493116,0.0298356930649456,0.0211246765236628,0.0183096689384583,0.0096173173508326,0.0288494833041031,0.0143691493517878,0.0150936690461245,0.0107354015769048
1796,2022-02-28,0.0125272471392098,0.00919927186887977,0.0203259010256459,0.0177310226436826,0.0255856315605113,0.0142163555720749,0.0225726784536401,0.0216130537605074,0.0209113949474622,0.0233961471572104,0.0140555395215438,0.0176534130382521,0.0299679766874215,0.0210340517587716,0.0183117690892688,0.00960805309343614,0.0285711852653014,0.0143564833821563,0.0151284633530466,0.0106232597108794
1797,2022-03-01,0.0125356731123593,0.00920453635149433,0.0202756876441317,0.0177289064198509,0.0255606877029637,0.014394224331053,0.0224866429577988,0.0215944939670103,0.0209223330373443,0.0235326055744662,0.0140465384024736,0.0171554829422423,0.0308410213840224,0.0210358635137611,0.0182876044022773,0.00965226332045356,0.0282958111587192,0.0143819088590214,0.0152503230564524,0.0105098274305318
1798,2022-03-02,0.0125349975565189,0.00913749664464374,0.0204210600522965,0.0177332543903224,0.0255105966868275,0.014164617566508,0.0230139319047137,0.0215954268816387,0.0209510037359619,0.0236195677987553,0.0140426901454,0.0173500083701991,0.031181286823326,0.0207766630096409,0.0182801564502431,0.00965345426149104,0.0280959970916885,0.014401949253121,0.0152774568119355,0.0104982517988254
1799,2022-03-03,0.0125352793452394,0.00905299174805621,0.020142422340065,0.017721999742539,0.0254567926856013,0.0141482700689947,0.0230575937987471,0.0215516876980292,0.0199846030620416,0.0237399894861359,0.0142073779452927,0.0173819442227598,0.0307991707356478,0.0207553472991158,0.0181379617430832,0.0095580754633039,0.0278596443185158,0.0143460887931311,0.0152212239121235,0.0107438805851592
1800,2022-03-04,0.0127604169853312,0.00908426256248395,0.020127861836623,0.017891616980836,0.0255567020809409,0.0141935350706525,0.0230587469811014,0.0215216546898072,0.0200290799797348,0.0236092254571629,0.0142178022595676,0.0173787400056601,0.0306409440645674,0.0207446145759141,0.0180581815322279,0.00950469160587472,0.0276334305887614,0.0143515909917677,0.015198720139561,0.010639686761652
1801,2022-03-07,0.0127574905283384,0.00906270238859411,0.0201284579163716,0.017492271860387,0.0256239408238784,0.0139421583726322,0.0230928242118713,0.0214793936632964,0.0199690212845671,0.0235329046414112,0.0142753079926924,0.0171690752185944,0.0305497877736634,0.0205944618271844,0.0180429396853874,0.0101459254401646,0.0274027923662657,0.0145976656868062,0.0152553348222571,0.011301469222916
1802,2022-03-08,0.0127405607430004,0.00908842909600882,0.020699143905705,0.0176603724057994,0.0267225216636551,0.0142045848816864,0.0232381480551105,0.0216883236690501,0.0206063519555755,0.0251168879258941,0.0156832226714249,0.0172373708697493,0.0317293530485684,0.0207477949649679,0.0184748603868436,0.0105012165514243,0.0275166969713087,0.0145711754082141,0.015320896890938,0.0119234973440243
1803,2022-03-09,0.0131733857114802,0.00926692122104481,0.0206450281672891,0.0175475777764419,0.0267581134946319,0.0141199235964174,0.0231002895570501,0.0217631564293782,0.020603679145079,0.0257174441573851,0.0164754343406558,0.016903172818416,0.0317482651003924,0.0208245872006708,0.0184716648761134,0.0105540699368757,0.0273359742655276,0.0146191941792675,0.0153502132993948,0.0119808549776463
1804,2022-03-10,0.0131628847107443,0.00920076059343443,0.0201347854600254,0.0175995069428184,0.026685854382508,0.0141486202473325,0.0223201566089517,0.0214951097908129,0.0209109974318412,0.0256756855285299,0.0166749275077014,0.0170941219224636,0.0311410533501648,0.020327965024502,0.0184049359098413,0.0106542714917765,0.0271622258023501,0.0148384968186502,0.0155706731857275,0.0119993645778387
1805,2022-03-11,0.0131717556340782,0.00913910528837994,0.0201446914052588,0.0175778569127514,0.0264834278079961,0.0141924441106563,0.0223287915350053,0.0215538245377306,0.0208988987737623,0.0258350657785276,0.0167262317159382,0.0171452439066356,0.0311078601344565,0.0204414848211872,0.0183746069339584,0.0107051774059988,0.0274440858462982,0.0149442952953942,0.0156716592213991,0.0119800153129115
1806,2022-03-14,0.0134302706814136,0.00926666462572776,0.0201521397905721,0.0174125741817787,0.0268230255903827,0.0146978941551156,0.0227583384583777,0.0217178761919599,0.0207302386452568,0.0277315995719734,0.0173398207769,0.0172314478890723,0.0317670618824615,0.0206981407323023,0.0189474756774448,0.0107738678189086,0.0273369929149636,0.0155082277839862,0.0159180713952794,0.0120506621298178
1807,2022-03-15,0.0159522401423159,0.0105404801351391,0.0218393592321704,0.0187786887009637,0.0280516667843086,0.0169544659165699,0.0248607991493762,0.0239686694611388,0.0206803267873663,0.0305006447606633,0.01987329389245,0.0186802739275059,0.0334046702398647,0.0220911322778035,0.0209601340181762,0.0120612167153604,0.0288877703003389,0.0196622195624707,0.0188425942359106,0.0123617120915597
1808,2022-03-16,0.0159539185146741,0.0105369946224154,0.0218397021665945,0.0187800134711738,0.0282794578361558,0.0172602097394223,0.0249031230807526,0.0240877154693,0.0209923328398706,0.0307459890198711,0.0200337329944978,0.0188702071345296,0.0334723533062614,0.0222399599303261,0.0213426594730601,0.0121372536772918,0.028972725465991,0.0196268028007416,0.0188491964119248,0.0124183662810831
1809,2022-03-17,0.0160640994331476,0.0105446671916079,0.021814760097386,0.0189276654158866,0.0282278399811885,0.0173450105352814,0.0249669370028473,0.0240344532218399,0.0210565565165913,0.0307815657025493,0.0200372385288941,0.0187193416105457,0.0334029224755381,0.0222460752565025,0.0213422951802802,0.0122151343729241,0.0289579038756102,0.0195618665670976,0.0188167844546022,0.0124321812801696
1810,2022-03-18,0.0161493867590473,0.0105932603371874,0.0218741877872943,0.0184580751496717,0.0282575017455298,0.0172884538989636,0.0252421540522727,0.0241206808768668,0.0211638002798337,0.0312115751107503,0.0200181943957581,0.0190364003207282,0.0336137747194268,0.0223935274483643,0.0215171358722033,0.0113728261099468,0.0288657960625843,0.0194616847095837,0.0187694186963849,0.013296162324623
1811,2022-03-21,0.0161411947392009,0.0104508305645528,0.0216077564783494,0.0183365425384591,0.0283331109544088,0.0172542170084892,0.0252124626702474,0.0240850193458807,0.0210762415294249,0.0309968185807678,0.0196414865165711,0.0184870649146982,0.0330109417069232,0.0223384843875478,0.0215116237062492,0.0113692124803321,0.0287836922951221,0.0193070913354291,0.0186856971788697,0.0132894267105637
1812,2022-03-22,0.0160532970718673,0.0105002822165277,0.0215054100109928,0.0182604537249114,0.0266028797235518,0.0173385633278521,0.0252603020362712,0.0237257483887387,0.0211729991840075,0.0310118018359319,0.0198933119843094,0.0184642244824235,0.0332033424182101,0.0217657810355511,0.0212916655366875,0.0109653071298351,0.0283751969007244,0.0195066409706969,0.0187133624022201,0.0133595416044375
1813,2022-03-23,0.0156992369661067,0.0102118036159702,0.0194883044220447,0.0181267253618259,0.0266301026341656,0.0168930216105394,0.0241410093862688,0.0237708895101431,0.0211976879961345,0.030715744989902,0.0197366384001026,0.0183293427981944,0.0319211590210363,0.0213721885747495,0.0213502846258238,0.0108639481631567,0.0284901681905737,0.0193654606949143,0.0186867279404345,0.0134001547109929
1814,2022-03-24,0.0157421363214181,0.0102151353317206,0.0193490038978157,0.0181849511586954,0.0268856950682728,0.0168864863163155,0.024086801007177,0.0237989598137522,0.0211452818005817,0.0305993303979326,0.0197610987254678,0.0181312621718735,0.0318045473803611,0.0213843263286444,0.0212884394864575,0.0108473057036373,0.028620212300122,0.0195764375133947,0.0188250263911841,0.013754596522999
1815,2022-03-25,0.0157485284928861,0.0100952427738302,0.0190745996101962,0.0180720894316201,0.027308273178551,0.0167723111940503,0.0239709635931843,0.0238526326926227,0.0208795281546808,0.0306591132715552,0.0196658594748562,0.0181278534988758,0.0310872071679711,0.0212445558239563,0.0215040696474161,0.0109715567587138,0.0286054364277896,0.0195843717897995,0.0188480813106312,0.0142579063583509
1816,2022-03-28,0.0160186364796821,0.00993419156804413,0.0190622324992269,0.017844677830549,0.0268016598080695,0.0168194164587784,0.0237666907332539,0.0236290679380849,0.020810900089043,0.0309085148545192,0.0196770175711056,0.0180454799688508,0.0311091151734432,0.0211808501625235,0.0215369866627511,0.0109708495755861,0.0288610905909444,0.0195654819851842,0.018895396513827,0.014328808656786
1817,2022-03-29,0.01593798196285,0.00993516268956894,0.0191573059107034,0.0177692422593676,0.0268663732973409,0.0168180579883115,0.0238336748652121,0.0236107470911067,0.0207875447239514,0.0309377502961527,0.0196913203359622,0.0180687915789888,0.0311766465531502,0.021223936059703,0.0215315566754211,0.0109487129154231,0.0291268145182373,0.0195626903521527,0.0188959954942683,0.0144356488457055
1818,2022-03-30,0.0156676626289136,0.00967462321643217,0.0189830123897837,0.0184017574772746,0.0259110563714544,0.0171679444200025,0.0238381932227452,0.0229441830627794,0.02090535463831,0.0307819335963626,0.0197015300133355,0.0180124428039904,0.0314069958901734,0.0204431982311245,0.0206917861720728,0.0105631797638544,0.028549950968296,0.0194082740067462,0.0189069030623098,0.0144114808229939
1819,2022-03-31,0.0156620017333495,0.00962160802544937,0.018820382751119,0.0184304488427108,0.0257099528703376,0.0171055145383771,0.0236452799537702,0.0229248817021451,0.0203130354289162,0.0303678020431914,0.0194865467288267,0.0169077086818393,0.0299035054839884,0.0204170309145225,0.0207376741360986,0.0105622313558277,0.0287545009250082,0.0194075788955771,0.0189680409846319,0.0143285552044262
1820,2022-04-01,0.0156275886122784,0.00960024542267682,0.0187776123242028,0.0185575656230709,0.0257246732321953,0.017175924148897,0.0236527957796441,0.0228092258688182,0.0202673049669321,0.0301502812089965,0.0195082585155827,0.0169546109703878,0.0297960168178126,0.020419035478356,0.0207312977317039,0.010510853430511,0.0289728764776235,0.0194004385749136,0.0189604958597155,0.0143657856602396
1821,2022-04-06,0.0157061509144463,0.0096157542189994,0.0186870939753407,0.0185427849540744,0.0255620816517195,0.0175814049019895,0.0235831323832336,0.0224133730263504,0.0195798954645044,0.0301869737586441,0.0196753793987275,0.0170168292911583,0.0293123093431352,0.0204258802989039,0.0205477865188035,0.0106662541146218,0.0288989676565872,0.0193233653168839,0.0189537659181299,0.0143610600864439
1822,2022-04-07,0.015684859342531,0.00960315097308582,0.018539062298187,0.0185188999378152,0.0255087173615841,0.0175719052425906,0.0232505281941665,0.0219578277950766,0.0193874103899084,0.0301555814890401,0.0197168176102894,0.0168908276264608,0.0290872960968321,0.020150879750609,0.0205457540704048,0.0106710954098578,0.0286974002391029,0.0193721776435048,0.0190363118236009,0.0147261341186995
1823,2022-04-08,0.0157218679877119,0.00958389179512186,0.018543350498085,0.0184982634795218,0.0247436596762709,0.0177224564128733,0.0232437271471629,0.0220279143675247,0.0194105125991432,0.0302151068867661,0.020252077727333,0.0171128586179616,0.0289766631771982,0.0201102864516632,0.02042077175047,0.0109085356778967,0.0289383510288753,0.0195635812232362,0.0195081711902453,0.0145611778141882
1824,2022-04-11,0.0155821123604248,0.00963807327592472,0.0187437039200118,0.0185538061477657,0.0250114596340375,0.0179998957712036,0.0232487839630897,0.0220316449306615,0.0205374023811629,0.0306733053179472,0.0204603003332197,0.0173677889869564,0.0291881562565966,0.0201831107833121,0.0206009389107662,0.0111024510998462,0.0288519541882741,0.0197318360954452,0.0195062443504378,0.0152198557545042
1825,2022-04-12,0.0156201120771955,0.0096792785895347,0.018780689184826,0.0185536348592541,0.0239683740714142,0.017994504927157,0.0229439806622298,0.0215232629133402,0.0201467535372992,0.030684332296263,0.0203990870498531,0.0173769854769094,0.0290605878127584,0.0194711616117663,0.0202004630167894,0.0110404863110803,0.0275679956777633,0.0196701898646524,0.0195371204500372,0.0149710018334986
1826,2022-04-13,0.0156794268421003,0.00972963292883403,0.0192798983114312,0.0182986489951057,0.0239129362766735,0.0179088697288001,0.0225065056880386,0.0209419078673219,0.0193900621971599,0.0307121547241612,0.0208058462429876,0.0171775946751535,0.0290052116420992,0.0186946463835106,0.0200830740756414,0.0110185493759724,0.0275806540152546,0.0196375002443717,0.0195306261065585,0.0145742445900011
1827,2022-04-14,0.0158897316648988,0.00977381214388023,0.0195044828765365,0.0180906744714805,0.0238790834692689,0.0179639318244773,0.0228199138170259,0.0209064031371767,0.0191735839108173,0.030745488568461,0.020881953896366,0.0173146967400145,0.0294069287363551,0.018706686363203,0.0200851448409292,0.0109811981775088,0.0278276917188798,0.0196282999726138,0.019530784550465,0.014676859421178
1828,2022-04-15,0.0158363056938215,0.00977836998087344,0.0198493857372188,0.017764199174702,0.0239505129965359,0.017916374221455,0.0221348162012515,0.0208769051450455,0.0188108702723444,0.0307555916443957,0.0209834228706535,0.017308739406283,0.0301008264248387,0.0181198286065337,0.0202262181408464,0.0106060587317969,0.0278720252801863,0.0197801741280829,0.0200240470173462,0.0140559879939994
1829,2022-04-18,0.0157192881088409,0.00977670876150933,0.0201291842653758,0.0177580820517499,0.0239901301628272,0.0179953860067519,0.0219399446877653,0.0208751863230737,0.0187573588066916,0.0308113182124813,0.0210302825532087,0.0173099500590291,0.0308332720421029,0.0180694089926334,0.0202719543756238,0.0106053906908265,0.0280881601189579,0.019763393623615,0.0200396121868177,0.0139101527308619
1830,2022-04-19,0.015816443832768,0.00994093538680175,0.0202369228964521,0.0177562234063128,0.0239910295230538,0.017951285997489,0.0220113111812325,0.0208367370865677,0.0187565417954626,0.030854736195233,0.0211409320241194,0.0173423733162489,0.0307954491573324,0.0180661113118146,0.0203167219636985,0.010566925355006,0.0284201250533219,0.0197692907060378,0.0199566176443265,0.0139098160270656
1831,2022-04-20,0.0158469328025599,0.0100228289723159,0.0209601637094534,0.0174716601393979,0.0242331375024151,0.0184076901869974,0.0228953107434451,0.0212633737877526,0.0187443483486043,0.0315879170079182,0.0210649038448878,0.0176274166712335,0.0321271908437622,0.0181305992942473,0.0202036193504065,0.0108715044138414,0.0287731143202995,0.0209318567569821,0.0205879181375784,0.0134681213807219
1832,2022-04-21,0.0160261327295365,0.0100516284200128,0.0210455666463376,0.017614840223003,0.0249799721159363,0.0186934817972755,0.0231579402013804,0.0215672541409123,0.0187249582888891,0.0318489539224272,0.0213941999333588,0.0175707744092282,0.0323962187866628,0.0183553506701944,0.0203673883980165,0.0115144582768856,0.0291135665766023,0.021701727407528,0.021337318955372,0.01335001203334
1833,2022-04-22,0.0160787359023211,0.00976083352047031,0.0209552410979844,0.0178160934636117,0.0253511014892727,0.0189659855632945,0.022925525251169,0.0218748766204815,0.018617173829102,0.031702400308462,0.0214386472862781,0.0175243586972132,0.0317022290559226,0.0184565176270488,0.020972909535128,0.0115190234303317,0.0293726764289971,0.0217028324914157,0.0214854706789366,0.0133271825438881
1834,2022-04-25,0.0169211659882814,0.0102660195695237,0.0216697383519787,0.0179489614527116,0.0254239617218864,0.0197058104804457,0.0240496435342592,0.0223103277276903,0.0208265330835717,0.033610290843425,0.0229199162061978,0.0190171569122891,0.0331116936590042,0.0184627308755504,0.0210745566477356,0.0122361516242415,0.0298774812937921,0.0242018466235687,0.0230660936356218,0.013301214901451
1835,2022-04-26,0.0170293949577558,0.0103275731321942,0.0215505003556912,0.0178015902383418,0.025099807770524,0.0196202216725051,0.024488775439105,0.0218811652594326,0.020758189867348,0.0345615868827306,0.0234144580439208,0.0193105115467492,0.0339492778650462,0.0182736898589316,0.020910173050578,0.0126368237548792,0.029437554623293,0.0247619137277087,0.0236003328697766,0.0132783555870352
1836,2022-04-27,0.0178336173177498,0.0104438898623422,0.0215376158020512,0.0178038853916474,0.0255130809675193,0.0198257170821332,0.0250248226024824,0.0221576141021072,0.0228602652091611,0.0356497906720658,0.02419761509338,0.0202371999996772,0.0345405836010004,0.0182971307273172,0.0217205898335981,0.0130173694674667,0.0302404619220503,0.0251500251857317,0.0237630125591286,0.0149512865488371
1837,2022-04-28,0.0184233603163381,0.0104779574918113,0.0218105148769732,0.0177971708566637,0.0255304518460082,0.0198074396562968,0.0254430064900744,0.0221940643828365,0.022734282711582,0.0356655437036563,0.0241797869269895,0.0200994912720901,0.0347748704882513,0.0182980309251386,0.0218210434516311,0.0130180419817619,0.0302721007788271,0.0250395142076193,0.0238335586918331,0.014802883491367
1838,2022-04-29,0.0183892697153142,0.010401431656255,0.0218136194287933,0.0175757582344583,0.0255303220108457,0.019743384512922,0.0254152909186532,0.0221713869155573,0.0231274780911059,0.0358306914982563,0.0242344294066446,0.0209746411845906,0.0347960339220441,0.0183895459908229,0.0218035922729517,0.0133866223120796,0.030269847718004,0.0252798713722565,0.0242000606014568,0.0160553350428589
1839,2022-05-05,0.0183805896461984,0.0103984408801435,0.0218125056146572,0.0176204956783091,0.0252481102945746,0.0197547190193518,0.0253911683292624,0.022170802583017,0.0220739560525529,0.0357753458446476,0.0241664380677996,0.0209766407731299,0.0348989558684077,0.0183824509352282,0.021793746550669,0.0133758726840497,0.0300673717369715,0.0252761682680997,0.0241855676323278,0.0166875450040337
1840,2022-05-06,0.0181446363888213,0.0100527641788687,0.0217093741114479,0.017520993359266,0.0249870285482645,0.0199423757554005,0.0250495702440209,0.0220246867121546,0.0221990919398962,0.0360341779334066,0.0241955233605567,0.0211497211719639,0.0347500885321582,0.0177791573609648,0.020565453335597,0.0133734125607957,0.028613848418608,0.0256956520074104,0.024333207445206,0.0166018988993275
1841,2022-05-09,0.0181446421112576,0.0100258102558204,0.0216734292050638,0.0174967821476632,0.0249698875271759,0.0199470857241178,0.0251655490468516,0.0218434311796581,0.0222362328472144,0.0357757542030526,0.0239140993450066,0.0212101492419634,0.0347466526897018,0.0174046065126952,0.0205053480624273,0.0133838300184256,0.0282433660759819,0.0257086073567221,0.0243329643029694,0.0164133556897722
1842,2022-05-10,0.0180640674051164,0.0099392569814379,0.0217748474455861,0.0172535955476404,0.0258637881904047,0.0199415005848745,0.0255159315916198,0.0218307684189636,0.0222674461368669,0.0357605245430554,0.0238150149223481,0.021076668706643,0.0347905889249817,0.0173990782750201,0.0203370239614427,0.0133805090591703,0.0283286029952219,0.0248433389960947,0.0234258901910518,0.01652412669106
1843,2022-05-11,0.0179050736122592,0.00995643589255411,0.0218644706954014,0.0172200966965968,0.0262419123198611,0.0199061007448806,0.025284337186985,0.0217513341418247,0.022352430560022,0.0356193249790494,0.0237740748258882,0.0209237958287999,0.0347362254312033,0.0173939709572321,0.0200058884985902,0.0133435339777113,0.028233092946987,0.0248338946135656,0.0233733976503953,0.0169543300611926
1844,2022-05-12,0.0179463391413555,0.00975677892846219,0.0215381505606082,0.0155970821339174,0.0255245972379838,0.0191797815430446,0.0248492189664319,0.0215658572350638,0.0222756640068307,0.034875791527751,0.0235000313825765,0.0205177300430583,0.0340291778855411,0.0171254691509322,0.0198139378715456,0.0133431158963087,0.0273500013189776,0.0248208444994748,0.0232980171651352,0.0166101931995066
1845,2022-05-13,0.0180224883446807,0.00970954249495523,0.0218536400349639,0.0155574223925842,0.0250289460354439,0.0189858868839488,0.0248048832916554,0.0207872137373461,0.0222860015561329,0.0340386428034171,0.0235552893573535,0.0204918233287427,0.0337330612527126,0.0169540995504272,0.0196759656000777,0.0133328300226241,0.0271521655312407,0.0246521597415747,0.0232205102681037,0.0166804054760018
1846,2022-05-16,0.0182182943675042,0.00978656685764681,0.0221015270633039,0.0155635611333677,0.0241692558007822,0.0189745205930964,0.0251014461321197,0.0204397972209408,0.0222496003681584,0.0334222092635316,0.0230871330451896,0.0204004364620914,0.0339153758634417,0.0164966661181532,0.0195792153638679,0.0133484585915223,0.0260622734563234,0.0246377747421215,0.0231446541655389,0.0166547166504141
1847,2022-05-17,0.0182226504314985,0.00980287491149744,0.0222218538077231,0.0156092183514835,0.0240124708653737,0.0186791746023997,0.0250954332090792,0.0204048438408126,0.0227618380917132,0.0332248581615189,0.0231296942052454,0.0205371602941913,0.0338932124606569,0.0164483114560663,0.0195719983486602,0.0133714917943531,0.0261432022137147,0.024646764993212,0.0230823611974948,0.0168703134305883
1848,2022-05-18,0.0181703618670042,0.009705903305353,0.0220723397455343,0.0156154295634346,0.0251015043273844,0.0186249712802179,0.0251448996522711,0.0204045442542025,0.0227536924167149,0.0332248962383042,0.0231279216607464,0.0205346925693462,0.033631949115959,0.0164939932628748,0.0195719937840018,0.0133894463031396,0.0262362613091998,0.0246899441822181,0.023082431118815,0.0170755959348559
1849,2022-05-19,0.0178454437712754,0.00969348380694022,0.0220615589583629,0.015300100393802,0.025493241447364,0.0184017499370446,0.0251275814814419,0.020383743804273,0.0228901994565418,0.0331561933220216,0.023147675566039,0.0205934277992094,0.033627328433508,0.0161700237087307,0.0192845904248064,0.0133542828069986,0.0254312121198463,0.0244647357664163,0.0227388921152118,0.0171636908306715
1850,2022-05-20,0.0182612338528078,0.0098884858852048,0.0224875659777506,0.0153050514541384,0.0255177555501448,0.01855969453264,0.0261145999560949,0.020419305058741,0.0230173304538384,0.0341042382651885,0.0240308137293268,0.0208653337495051,0.0348252399435298,0.016200517986747,0.0192735157274872,0.0133939266219363,0.0254458678513367,0.0246443938011071,0.0228661892753121,0.0171710452360422
1851,2022-05-23,0.0183518281094425,0.00992254132031992,0.0225458042782919,0.0152514441811875,0.0254648300048344,0.0185222172337016,0.0261387539182117,0.0203035387610436,0.0240622013211459,0.0341622604672084,0.0243497221592142,0.0209463829747167,0.0348427162867009,0.0161558685590908,0.0192635273001075,0.0133197685792629,0.025523018753616,0.0246741034149555,0.0226425386754269,0.0173961469618941
1852,2022-05-24,0.0184362797268016,0.00996123333842912,0.0225461423893435,0.0152261394060004,0.0254653762073722,0.0187815426529063,0.0262056436656277,0.0205200627985897,0.0244607617836999,0.0344197033587992,0.0245673299049568,0.0208515448049219,0.0348663286139489,0.0161855574994768,0.019509518509489,0.0137180738630477,0.0254849840250877,0.0244570507604947,0.0225510691359659,0.0173867818132131
1853,2022-05-25,0.0184645042287553,0.00991716389332898,0.0223089194290687,0.0151955227343787,0.0273876012593457,0.0186992454581884,0.0262904692848982,0.0206607365446847,0.0244373985256299,0.0342865698680689,0.0246035737703263,0.0208303634689568,0.0345925704919888,0.0161844772370554,0.019771755522639,0.0137173258124891,0.0256196378224065,0.024470570904083,0.0226027233988757,0.0174272443719861
1854,2022-05-26,0.0185723273795695,0.00994038413522135,0.0220192149927996,0.0151725428789548,0.0273720354146511,0.0187601398501486,0.0264026711135611,0.0207103922193092,0.0244671957218339,0.0343582780922057,0.0247087023097024,0.0208631633157384,0.0345330860951938,0.0163538906125713,0.0197809380148817,0.0137431069361358,0.025652090117259,0.0246776871176084,0.0226391086884483,0.0175490966840027
1855,2022-05-27,0.0186004623181123,0.00992627406116349,0.0220821930375511,0.0151267206280319,0.027400293293819,0.0186969367010637,0.0264899771221282,0.020647580812646,0.0244350808580445,0.0340437532171557,0.0247100613494586,0.0208531538388103,0.0346042430112474,0.0162392292551346,0.0197652779627612,0.0137446027007303,0.0253328686359845,0.0247260110769729,0.0222133322611994,0.0175742524457699
1856,2022-05-30,0.0186054682928656,0.00988277989446271,0.0218980575404779,0.0151424150381607,0.027619345515713,0.0187109962724853,0.0264188408352513,0.0206427734694619,0.0243578791241989,0.0341090738057834,0.0247124566678978,0.0208282590941732,0.0345937990102799,0.0161916798053537,0.0197243102222089,0.01374305160724,0.0250691878136003,0.0247260110769729,0.0221981828854013,0.0174987986663364
1857,2022-05-31,0.0185700859851993,0.00981713399710173,0.021883969561217,0.0149996802390563,0.0277362838260603,0.0185844682262758,0.0264188350167275,0.0206953012950224,0.0243446140962144,0.0340407196374238,0.0247118540852207,0.0207542766719817,0.0346163836261131,0.0162099739549316,0.0196930447434568,0.0137567402590528,0.0248780282038871,0.0240616035386178,0.0209513810849945,0.0179766824813658
1858,2022-06-01,0.0184820601419631,0.00974327271633009,0.0215282202396563,0.0150195016145208,0.0269084610535774,0.0185474027605017,0.0262138915412673,0.0193539116303075,0.0243767780866718,0.0340725696656802,0.0246938457311815,0.0207481324358366,0.0344198116338524,0.0149633829658912,0.0191558608308533,0.0137288025084278,0.0227437191485638,0.024168090677102,0.0208072247982624,0.0179596173831004
1859,2022-06-02,0.0184616531743463,0.00970616011186996,0.0215051763755181,0.0151475800044358,0.0272119863037315,0.0186176623504893,0.0262920455527752,0.0193390208416606,0.0245809462543208,0.0340304584872814,0.0246837283550705,0.020796865938275,0.0343891325518947,0.0150081174961857,0.0190872761617245,0.013688760088738,0.0227341268079228,0.0243565777946465,0.0208193435039259,0.0179915885619813
1860,2022-06-06,0.018678513435503,0.00973266082501425,0.0215722611860927,0.0152490402870605,0.0274335665014738,0.0185056233692543,0.0264250654198707,0.0192684000486076,0.0253807054525242,0.0341579351566574,0.0249399418026549,0.0209834173812538,0.0340324355286809,0.015104443376479,0.0190871182188045,0.0136557526760524,0.0227638050414859,0.0245843133052446,0.0209251807447073,0.018135986382834
1861,2022-06-07,0.0186784490500965,0.00968893835796019,0.0213289399804876,0.0153241705261121,0.0276822386368085,0.0185066473213908,0.0260320035629469,0.0192469027629569,0.0253868545364019,0.0338638509152918,0.0249284228541311,0.0209163493582091,0.0336709657604542,0.0151314403476967,0.0190873734725846,0.0136252743389472,0.0226968098823868,0.0247334284677778,0.0207627677691397,0.0181812994991904
1862,2022-06-08,0.0188307643346204,0.00965887553709359,0.0219372177020449,0.0152662388987153,0.0279025361951996,0.0186014554990752,0.026114001671224,0.0191445632331244,0.025443484103723,0.0338083603033772,0.0249373901800245,0.0210931792184762,0.0340298252702494,0.0151384257031432,0.0191200986034522,0.0135918030767109,0.0226980697847524,0.0249323117613713,0.0210068496472435,0.0180485931255904
1863,2022-06-09,0.0186803216312324,0.00964709178951832,0.021950051708274,0.0152049927791744,0.029247501751991,0.018484046108197,0.0261180295301275,0.0191630460710036,0.0254362123126284,0.0337914721032809,0.0249137883860628,0.0211092012031538,0.034022793944999,0.0151259167202269,0.019235395833488,0.0135822565180974,0.0229794458850235,0.025177842908679,0.0209673138812969,0.0181235511684649
1864,2022-06-10,0.0187229746402082,0.00967672492221279,0.02200380180766,0.0152472081863108,0.0294132859050151,0.0185050949823193,0.0261210928123856,0.0191867380630409,0.0257858114338109,0.0337498121747291,0.0250361640900842,0.0211560724973241,0.0340130254090202,0.0150228494407011,0.0192268431037788,0.0133661813339343,0.0229940445044167,0.0250289013195888,0.0208465775703549,0.0177828545295792
1865,2022-06-13,0.0186932318749561,0.0094883053851531,0.0214420235312026,0.0151379973000738,0.0288047485113274,0.0183695496820067,0.0256161817188781,0.0190161757058209,0.0252937798145353,0.0327029135715474,0.0242235740360898,0.0210196201648496,0.0329439433250856,0.0146500893040448,0.0189936748245301,0.0132062341467374,0.0228597850908243,0.0252239301061343,0.0208444099266315,0.017457939653191
1866,2022-06-14,0.0183236527535441,0.00932363041893768,0.0215649349379053,0.0149361897728253,0.0292648187859851,0.0182831108325781,0.0256203443744785,0.0187719224052857,0.0252764904747357,0.0323026162425613,0.023684340491767,0.0210733720328066,0.032984028521132,0.0144956709475682,0.0189788843110243,0.0131922527078173,0.0228211050652146,0.0253128478110331,0.0208597308056867,0.0174029008102638
1867,2022-06-15,0.0184655006952497,0.0093242156876029,0.0214506193674282,0.0148582140397354,0.0291702095617708,0.0182831685311001,0.0258167504712349,0.0187466723422268,0.0252087445374036,0.0323019382352787,0.0235139889858816,0.0209952242015152,0.0329934081183609,0.0143003520627031,0.0190035413051275,0.0131120931794799,0.0226784959685702,0.0255450050889856,0.0209099876165658,0.0175134139537941
1868,2022-06-16,0.0186377168272709,0.00933345007434671,0.021640556269712,0.0148648838477282,0.0290736666405135,0.0182430733441193,0.0261964663796344,0.0187258239395918,0.0252304726159554,0.0321122160487596,0.0234593156190321,0.0209738294231594,0.0333395378412095,0.0142157634127604,0.0189858512450113,0.0131212808668705,0.0223633514936309,0.0258181304130848,0.0208932264457494,0.0175329660303178
1869,2022-06-17,0.0183897286854489,0.00917189566650513,0.0216023944986255,0.0148102319167893,0.0285536473813916,0.0178295646113675,0.0257659872895773,0.0184033114004323,0.0251430696288253,0.0305640238059294,0.0229133822445485,0.0208002222523476,0.0326706219109717,0.0134595913764305,0.0183077364078108,0.013055825944465,0.0215304344818643,0.0256259154275511,0.0209380527680187,0.0176785523293436
1870,2022-06-20,0.0173253155767241,0.0078080964877758,0.0203023568526703,0.0130626924340554,0.0301941268065045,0.0155651885177941,0.025188108560166,0.0158772180002043,0.0250559255430782,0.0278782331189517,0.0204992634285393,0.019097552546163,0.0319332354685605,0.0110273006929836,0.0160387352543184,0.0119256852102832,0.0203732902714843,0.0224515257106664,0.018684127997395,0.0178986814430961
1871,2022-06-21,0.0173255381569833,0.00780503131630093,0.0203132482263894,0.0130895496874599,0.0298146545317125,0.0152918136318775,0.025158323286994,0.0152099749206748,0.0263514606292601,0.0276138759321359,0.020469678164963,0.0196277985971322,0.0318386730010131,0.0101430554226886,0.0153723707207456,0.0118312262470532,0.0186490743329579,0.0224117419504622,0.018845701830385,0.0178508108542906
1872,2022-06-22,0.0173387215290858,0.00777431568076236,0.0203513005085837,0.0129324200077573,0.0302090805377201,0.0151922126425834,0.0252456816281507,0.0151894685668414,0.0268695274206967,0.0275840242763551,0.0204762213305451,0.0197593435617377,0.0318766286770278,0.0101371642848402,0.0154121294780983,0.0116977429031485,0.0187341803512565,0.0221943833913062,0.0188537136827287,0.0178378428545619
1873,2022-06-23,0.0172882892011118,0.00762145817711543,0.0202963016496821,0.0128789817455556,0.030308526463381,0.0151699118947346,0.0249485464447139,0.0150053033290031,0.0270323608655096,0.0270620275500528,0.0204465685453845,0.019558605140225,0.0318442696356866,0.00991308719201013,0.0151559721981762,0.0117169572015729,0.018742621686532,0.0220898051180872,0.018857931636754,0.017215469332848
1874,2022-06-24,0.0173624285621579,0.0076217319421005,0.0202750933261988,0.0128786844080413,0.030526018884008,0.0151491003918563,0.0249330205134931,0.0149862429310836,0.0270346118661183,0.026937594295645,0.0204564319264453,0.0195898385932758,0.0317242198652525,0.00987313775532828,0.0151874555076627,0.0117702152754447,0.0186875939388137,0.0221625386277295,0.0187809531532098,0.0171940706652609
1875,2022-06-27,0.0174393101465367,0.00751163202857534,0.0203972899359871,0.0129221527984006,0.0305227513737869,0.0150652569926124,0.0252930152401924,0.0149507583799515,0.0269938237629957,0.0269730992944334,0.0203832031999694,0.0197190668352498,0.0321174618372926,0.00997783136444624,0.0149758901462246,0.0119787052720814,0.0188287858901537,0.0217980104953095,0.0187970101805337,0.0171394163231604
1876,2022-06-28,0.0178237470945513,0.0075294216040647,0.0201774259219084,0.0129382645301733,0.0305108169815345,0.0150441385095192,0.0255917361120915,0.0148701487582565,0.0270156388913654,0.0272011116853163,0.0204771277884851,0.0201783715457822,0.032508227121676,0.0100637572305014,0.0148538533929086,0.0120262748429451,0.0184838643614807,0.0219324450002036,0.0188017474947033,0.0170885362825815
1877,2022-06-29,0.0179270390842353,0.00764220384709496,0.0201900638566749,0.0129353849816166,0.0303358221945804,0.0150116283849741,0.0255904367960013,0.0148646092017048,0.0288625254006705,0.0274711397333801,0.0207328355123579,0.0214678714758839,0.0325360257968746,0.00995113086128058,0.0148752709172556,0.0120746123466369,0.0183867561417495,0.0212367721481847,0.0186188008776026,0.0170233500176628
1878,2022-06-30,0.0179479718960603,0.00764480179396575,0.0198330775365657,0.0131711473324361,0.0297991866411165,0.0149010224204621,0.0253630451781456,0.0145036441101764,0.0288541559689855,0.0271933483865466,0.0206882426347277,0.0214546925272733,0.0325452917724439,0.00985747612934229,0.0145472980907422,0.012006265290263,0.0182452071147704,0.0214664651274418,0.0186207188610483,0.0165215597809187
1879,2022-07-01,0.0177394056592338,0.00762048181922863,0.0198417921861205,0.0131457609908351,0.0297456123958113,0.014809374748651,0.0252166813166746,0.0145021195475252,0.0289178306967755,0.0268917253382085,0.0206889391987849,0.0214782202161839,0.0325166461422216,0.00992831753438074,0.0144326103613412,0.012132158188986,0.0181021709457491,0.021627926997356,0.0184837362324588,0.0164243522436239
1880,2022-07-04,0.0177404403086739,0.00761230271785107,0.0198014995409347,0.0131831092357556,0.0311168942187979,0.0148758874337165,0.0251851329402207,0.014987475970411,0.0289006119399102,0.026927420291271,0.0206929069018008,0.0214884857621525,0.0324627307321854,0.0101055189566395,0.0150816028402973,0.0122467319141291,0.0184150901869627,0.0218377098228951,0.0185962157621601,0.0162700485600517
1881,2022-07-05,0.0182223568375022,0.00784642976224377,0.0197703487702594,0.0125395516186678,0.0312890584291047,0.0145376889074076,0.0253553368713916,0.0155480384165877,0.0288575161702303,0.0268290804042925,0.0207174459235319,0.0215218896145447,0.0325499700653078,0.00978103580529563,0.0154987383948848,0.012155631510133,0.0183855899020379,0.0219997625010937,0.0186420873675497,0.0162515321605625
1882,2022-07-06,0.018633083350576,0.00796691477764415,0.0204642737927671,0.0125432798842032,0.0313973837278835,0.0145952076543862,0.0265777537026004,0.0157357049384475,0.0289194518864677,0.0269829737397064,0.020957883735012,0.0218746673155947,0.0331380397443838,0.00984595724496285,0.0154269360524941,0.012296654881385,0.0181975174956501,0.0222515852029446,0.0187596625963837,0.0161858312575442
1883,2022-07-07,0.0186400419232128,0.00800824999350828,0.0204365585231929,0.0123657491115422,0.0318424648285895,0.0144933394199803,0.0266557492561081,0.0160531420341299,0.0290154273046738,0.0270781254321094,0.0209576460224388,0.0218317147017882,0.033131246642436,0.0101421094812745,0.0154845805516892,0.0123170710121556,0.0181660433866888,0.0224777075157468,0.0187791606178364,0.0161610953935051
1884,2022-07-08,0.0187220830448743,0.0079915560312632,0.0203625388467576,0.0121663785132638,0.0318421098787512,0.0139995655283875,0.0265803520722486,0.0162255425725673,0.0298097204658811,0.0271614577657114,0.0209019046468706,0.0217488362949453,0.0330927881266352,0.0101775271903187,0.0156728674947156,0.0121714635418944,0.0179999702122261,0.0226274687398049,0.0188780740396767,0.016222367506474
1885,2022-07-11,0.0188391782514243,0.00799731472819165,0.0212557166008119,0.0122431177425257,0.0317361774663979,0.0139879249002251,0.0269807214345356,0.0163885869211595,0.0310759056988957,0.0272287892623468,0.0211000509127644,0.0218289084922291,0.0331733845511132,0.0101082608645142,0.0155961126620197,0.0122039850553386,0.0178467014837009,0.0229312049491747,0.0188590406025069,0.0159286064772701
1886,2022-07-12,0.018759541135921,0.00799623687097713,0.0213294144658309,0.0127806051328649,0.0317640808993418,0.0138249787264942,0.0269561515031681,0.0162897996266874,0.0314018544073708,0.0271223385784987,0.0206417842099638,0.0219823195008158,0.0333751758436794,0.0102098807228743,0.0154056337440334,0.0119537440776794,0.0177116740154853,0.0225713450706931,0.01813705357551,0.0159906792056102
1887,2022-07-13,0.0187563326974396,0.00790894693279488,0.0211027515334163,0.0127086263676321,0.0311896485215216,0.0134487984283508,0.0269340019494658,0.0158797222733668,0.0305750961529964,0.0266772753524592,0.0204011127375785,0.0217551105918893,0.0331897818247036,0.0100285881120549,0.0151084155822014,0.0117212851963806,0.0176892127466039,0.0228468738290106,0.0180595853953466,0.0149520945000715
1888,2022-07-14,0.0187478606975917,0.00785759435424369,0.0209680554716371,0.0128805306028859,0.032729502486993,0.0134750082492729,0.0269385398173136,0.0159388952386633,0.0303307039590294,0.0266314112955054,0.0204287520956208,0.0217238828881332,0.0331828623101862,0.0101072692710373,0.016803558564684,0.0117320906417796,0.018360358898361,0.0230507685039317,0.0179458150458258,0.015069973048195
1889,2022-07-15,0.0186183680062617,0.00776831676220611,0.020532430998699,0.012890424232686,0.0327292464766583,0.013669735259489,0.0266520776528014,0.0159334733825125,0.0305883770510885,0.0262848337780045,0.020067764906972,0.0218527623761273,0.033112749160276,0.0101246882776412,0.0172276258206041,0.0117160668303344,0.0182486725075612,0.0232544487550654,0.0179288234213497,0.01505508191429
1890,2022-07-18,0.0184296669651819,0.0080016516961732,0.0205201604537119,0.013395014142609,0.0329296133251202,0.0137186065210974,0.0262760747485911,0.0161551814430624,0.0305117446777648,0.0263896086840577,0.0203957221273672,0.0218022583256955,0.0332367876257231,0.0102721770232622,0.0173453883542944,0.0117847169358481,0.0193132964864605,0.0234980062905893,0.0182919347326406,0.0147928521336775
1891,2022-07-19,0.0183520556208704,0.00785370281268293,0.0201529699808655,0.0133933398584044,0.0328111521983878,0.0136684182710083,0.0262731926012303,0.0161245545374828,0.0304739553732719,0.0263866037859145,0.0202802878493737,0.0218048408800993,0.0325822162202142,0.010291033663674,0.0172037015473669,0.0117867103737738,0.0191518615232099,0.0237873939032774,0.0179508308704379,0.015068260514095
1892,2022-07-20,0.0182769133937675,0.00783255303267898,0.0198307908134223,0.0133408152002557,0.0326248112884781,0.0135142855143034,0.0260732818952377,0.0161174780940644,0.0304697105471892,0.026146788852701,0.0202116775669323,0.02180480301718,0.0317681325642468,0.0102934957717617,0.0172352972299794,0.0117867992485601,0.0189889093417666,0.024179466078846,0.0178848184560921,0.0149893901173844
1893,2022-07-21,0.0183359353418142,0.00764007666680475,0.0204217123052837,0.0133413464759597,0.0331856805263263,0.0135257233930831,0.0264088941412248,0.0161268924125296,0.0307156473594267,0.0258709079792984,0.0202330299422538,0.0217779195765327,0.0318742291898568,0.0102942515210131,0.0178007750814755,0.0117987079916358,0.018942877003073,0.0244317074546699,0.0178847155840619,0.014985744023113
1894,2022-07-22,0.0180371962505442,0.00741062973388493,0.0199108244998724,0.0132154030022365,0.0329050139684159,0.0129300848314538,0.0257841593118596,0.0155323634401651,0.0305944182251699,0.0249927414940033,0.0196663120519202,0.0215264434953412,0.0303373400427583,0.0100920740657859,0.0180041286575998,0.0113363349506877,0.0187872260727107,0.0233691136809677,0.017275621715956,0.0147190865981267
1895,2022-07-25,0.0177114462778726,0.00732179763118125,0.0197358956057221,0.0129461302187392,0.032338857441135,0.0124785787945871,0.025582431279093,0.0153182739560576,0.0304211771206261,0.0246462193133112,0.0191593683197991,0.0212772501855088,0.0299323146264805,0.00952449817179232,0.0183009623987212,0.0106632827630468,0.0189724860690568,0.0226065553742468,0.0165785210950935,0.0144755329493049
1896,2022-07-26,0.0176990985914921,0.00731821677077449,0.0197658657525874,0.0126131588778396,0.0322553652210412,0.0119645083836216,0.0255883755521296,0.0145384475024278,0.0305437470148242,0.0246879328406655,0.0192089414771562,0.0212644565932773,0.0299800100266862,0.00902145961245576,0.0173308944394446,0.0108817030122589,0.0186472721642178,0.0229761257414804,0.0165131097546642,0.0145355385048758
1897,2022-07-27,0.0165466831252525,0.00652813499081241,0.0188190667956705,0.0123848644295797,0.0320825122200669,0.0106728102488898,0.0246018938024219,0.0139223534979053,0.0292302933897401,0.0219344466355405,0.0170659729191576,0.0197033626747123,0.0279666084977489,0.00894956039616976,0.0174544638111418,0.00974829436977647,0.0181284032121707,0.017297642118553,0.0142951615972736,0.0140837660866805
1898,2022-07-28,0.0161852174518334,0.0061521948025381,0.0182160997540321,0.012259441217598,0.0320906663532466,0.0107356317433263,0.0241258143297003,0.0135168576176041,0.029151233562678,0.020170897361855,0.0161227103433691,0.0195153423157387,0.0266487897312197,0.00884252933422478,0.0173400258857767,0.00891913923430976,0.0180977884215631,0.0154058991136512,0.0133797178251982,0.0141090782871945
1899,2022-07-29,0.0156273792236869,0.00603072530926093,0.0183205941329011,0.0115066560483377,0.0320243614058362,0.0101296256517124,0.0239378830589846,0.0130163625289046,0.0274064578808258,0.0184181828756215,0.0152431747198269,0.0186017367611737,0.0263277850914253,0.00885303443149078,0.0160330337418318,0.00858037885617017,0.0175096658803992,0.0137599575367457,0.0131130906109981,0.0131079131253331
1900,2022-08-01,0.0152400206363178,0.00597981395954618,0.0180803584583262,0.0115066994803631,0.0320523127759967,0.0101607271332365,0.0235298081147956,0.0129979436160605,0.0274008954950541,0.0184145400800552,0.0152774151385942,0.0185893883074225,0.0260376823474779,0.00886359926504959,0.0157383685965835,0.00858015661346113,0.0174797421642314,0.0140020876786172,0.012871944569867,0.0129596948468236
1901,2022-08-02,0.0151594116383754,0.00606468963958381,0.0183712456048643,0.0117314403052628,0.0336091298014963,0.0100600955893964,0.0239070809457715,0.0138665458915927,0.0271501764267488,0.0186400807598229,0.0157532559115943,0.0177597755518424,0.0258111328742547,0.00873079924193483,0.0160016709084318,0.008493151910348,0.0177476510065669,0.0126002408453047,0.0122256597174082,0.0121694035259401
1902,2022-08-03,0.0151817334165767,0.00605900688619881,0.0184272598548403,0.0115943711330682,0.0337393709834662,0.0110238937896605,0.0239205897971437,0.0138636749268813,0.0271714259015948,0.0186631963421072,0.0158795645821441,0.0178301548800938,0.0255078726594025,0.00864978168502932,0.0159697201460856,0.00852641955993445,0.0177098572030402,0.0128967062518763,0.0122254591515181,0.0118315806922583
1903,2022-08-04,0.0149585164500727,0.00596515217033552,0.0183932052929692,0.0112629819642529,0.0333462625766828,0.010054709206376,0.0238029248064825,0.0130644023252981,0.0270529028553154,0.0175213317279171,0.0150574098207999,0.017061504339377,0.0249557325710385,0.00876316535455277,0.0160593698674378,0.00834305775384995,0.017681786921109,0.0105729139261831,0.0113857583073093,0.0118112351185255
1904,2022-08-05,0.0149561631333637,0.00607283428621209,0.0183737565422712,0.0113329001839609,0.0333419599304478,0.0102163133198056,0.0236674770380721,0.0131197894027634,0.0270549708195764,0.0176254974395273,0.0149989971432809,0.0169815661591206,0.024852936081126,0.00895011936239548,0.0160612190739949,0.00834162188911194,0.0177245080065497,0.0106191946928044,0.0114235898148104,0.0118496739705096
1905,2022-08-08,0.0149758750536532,0.0061159780731787,0.0186941107713633,0.0114135025065703,0.03324622459906,0.0102408526414484,0.0234462499217626,0.0131200953807821,0.0269142577749232,0.0176518060568345,0.0150884754192807,0.0169883452865792,0.0244730184876859,0.00912913726382573,0.016265409611079,0.00836894740937661,0.017931589409393,0.0107523297529865,0.0112681552103186,0.0119561671203367
1906,2022-08-09,0.0151971090132288,0.00619013402511189,0.0187750863943201,0.0113921367043783,0.0333705021126961,0.0101866847443312,0.0238677055614817,0.013266166057024,0.0266595824506386,0.0174897219333583,0.01503176702589,0.0169029011388543,0.0245071903882109,0.00911330255889455,0.016220027011837,0.00840151937582272,0.0179404435312167,0.0110378934454188,0.0112176446244582,0.0117186435412116
1907,2022-08-10,0.0150475904156939,0.00621087330748901,0.0187819468302069,0.0112609869258329,0.0335069946085116,0.0101908214980652,0.0237548220339647,0.0132868769915828,0.0266650117081697,0.0174480693935522,0.014894907231508,0.017009608582265,0.0243531142490386,0.00911117979560239,0.0162175570596057,0.00839974684648278,0.0180384318297801,0.0109211759577737,0.0111081438603865,0.011686057835965
1908,2022-08-11,0.015022499195553,0.00628782464469365,0.0185719631857116,0.0115961278455236,0.0338396279207704,0.0101110154848142,0.023437983792119,0.0133538648069054,0.0266663868863971,0.0174845610510963,0.0148712364190175,0.0169859886353164,0.0239995200219648,0.0091434785117833,0.0163919037288571,0.00841540791095308,0.0180328409778581,0.0112572889824902,0.0111087785665046,0.0116617624646041
1909,2022-08-12,0.0149530651682612,0.00633771839442276,0.0187834274605269,0.0118136912425454,0.0346787437041424,0.01003340905606,0.0232052068205442,0.013627341833498,0.0266631384861458,0.0173898557822659,0.0148109960323073,0.0172426383219057,0.023847240545564,0.00944459124607453,0.0166985097495591,0.00846065074111523,0.0181211223677332,0.0116009882120375,0.0111093914738431,0.0116226530918723
1910,2022-08-15,0.0149770499465647,0.00633427926887651,0.0187617043373214,0.011732301206088,0.0350157052353516,0.0101074708885268,0.0231450413540591,0.0140428663995211,0.0264172550546538,0.0173603751934144,0.0148252117479216,0.0175288698412919,0.0235704264188041,0.0093635927141311,0.0168688930360486,0.00845157329669761,0.0180105886909869,0.0119782104665493,0.0111119172090107,0.0115407061270046
1911,2022-08-16,0.0148916111931623,0.00627107459720315,0.0188686627163949,0.0117943913272078,0.0349901962886313,0.0102372962799462,0.0230502121863918,0.0145401995919972,0.0264139719374334,0.0174479174468166,0.0147939524228415,0.0175430590477164,0.0234955390432072,0.00937717310869841,0.017036647613552,0.00844990263119656,0.0180749540033933,0.0116463015572129,0.0111089145889966,0.0115360365906666
1912,2022-08-17,0.0148915587392346,0.00631013194366341,0.0188734053927694,0.0117802177848012,0.0348569775108589,0.0101439321550273,0.0230512728059182,0.0145655556994786,0.0262508595292238,0.0174590413796862,0.0148470355442295,0.0175231411685726,0.0234909835904349,0.00943925335175986,0.0172217668487358,0.00839329844973711,0.018066924419928,0.0119597435789552,0.0111052712062453,0.0115285360235099
1913,2022-08-18,0.0144525615728634,0.00597488460795194,0.0185136323188615,0.0121279442880848,0.0350171096306988,0.00987297934272601,0.0218819287046324,0.0149521698121766,0.0260586363874881,0.0157465801304736,0.0136618036646794,0.0171365149685633,0.0222185887633743,0.0094636874355414,0.0194898078597542,0.00839496471708646,0.0183595336438473,0.0119597435789552,0.0107970991374499,0.0115490339978352
1914,2022-08-19,0.0143944031034659,0.00603149228837958,0.0186911641611875,0.0121352304823267,0.035998048572992,0.0100069868974121,0.0219670119004523,0.0157218878725981,0.0249497715688324,0.015609238472217,0.0132866234325968,0.0169739996761258,0.0225772628328832,0.00989316069520852,0.0196851510801449,0.00853830446210239,0.0185118435592767,0.0119597435789552,0.0108131453806486,0.011487054298502
1915,2022-08-22,0.0145506901419051,0.00605987655499278,0.0189404085501365,0.0119720606531689,0.0359130621040835,0.00961426572578377,0.0223971282999629,0.0154759722517097,0.0250896444193843,0.0148125322625016,0.0128021932103602,0.0170292362139714,0.022850726410801,0.00973285572937077,0.0204437522661425,0.00767993427504572,0.0186662749401925,0.0073928823196656,0.0102255725313779,0.0119187823539925
1916,2022-08-23,0.0145842635201786,0.00608439064868424,0.018744923347882,0.0120002483824141,0.0353002060043539,0.00960400057014559,0.0221088630475194,0.0157301337654371,0.0251710594791746,0.0147594642188546,0.012555632926473,0.017092770314884,0.0228002267148563,0.00973039334454311,0.0200764773061683,0.00768613745811832,0.018628867215431,0.00774240893802674,0.0102001121894024,0.0119228641420903
1917,2022-08-24,0.0145592015375205,0.00606446264816245,0.0185716403887798,0.0123526230914791,0.0353434793749526,0.00948057557098693,0.0219018804080868,0.0161815321378323,0.0250728697068548,0.0147507694497595,0.0126342166774494,0.0170485494504538,0.0225808378418639,0.00965106862013201,0.0217897874768133,0.0077075871832835,0.019307207331317,0.00774240893802674,0.0101770939974269,0.0118980143755975
1918,2022-08-25,0.015007311163971,0.00619194493072166,0.0197218880098436,0.0125262073141233,0.0356424329857385,0.00998639196867274,0.0232668094966214,0.0161824282806655,0.025109736363322,0.0149002806787723,0.0126607045670513,0.0169966017756226,0.0234472526740463,0.00975215581013821,0.0217836980280617,0.00788342452238904,0.0193663609074404,0.00774240893802674,0.0102296034929332,0.0120066274641754
1919,2022-08-26,0.0150473094186606,0.00618330135528599,0.0199100955708543,0.0126004615500361,0.0355941740263275,0.00997663664126278,0.0232949870353574,0.016109408724314,0.0254810831650603,0.0148118804131092,0.0126610153327859,0.0172799437024979,0.0236030665549465,0.0097083714951354,0.0226076434996501,0.0079405469013265,0.0195658437269405,0.00774240893802674,0.0102413556072096,0.0120311539179132
1920,2022-08-29,0.0151208204444387,0.00623364841260734,0.0202503387901088,0.0125790690543433,0.0355206899480076,0.00998692160563975,0.0234569135626321,0.0161271940457269,0.0253464673634503,0.0147657264284059,0.0126150681617481,0.0172688178816085,0.0240926096716414,0.0097193372297899,0.0225461386465835,0.00796955411128621,0.0195113885894148,0.00740284959210528,0.0102427456125824,0.0116619503694431
1921,2022-08-30,0.0153553205233665,0.00616944331414526,0.0212206556546616,0.0131872053324145,0.0354613665635365,0.0100134991204845,0.0240393876221681,0.016441115081555,0.0254223901383735,0.0146801710685239,0.0126264908083211,0.0172815984662115,0.0247494219937886,0.00963883478578452,0.0234770995848627,0.00808355741754739,0.0197370006866926,0.00740284959210528,0.0101833999796191,0.0117169083363801
1922,2022-08-31,0.0153900664546734,0.00615415446018506,0.0212746235849428,0.013349651165888,0.0355076678117429,0.00992607913110966,0.0239742417302231,0.0165844763690858,0.0250569246668024,0.0146575854898485,0.012665968324411,0.0171356150521827,0.0246812841444162,0.00937345751131,0.0234678070960756,0.00811833950169128,0.0197678315348541,0.00713205847492458,0.0101021303596002,0.011722850203404
1923,2022-09-01,0.0152683681678985,0.00613536461512871,0.0211369354147446,0.0131937979807439,0.0355331709558646,0.00997205785124266,0.0237853246354517,0.0166966083455979,0.023819447633032,0.0141125406619603,0.0122446563190744,0.0168984766369718,0.0244659008292373,0.00901872258930593,0.0234530681688673,0.00810198884217133,0.0197526006889592,0.00689350741201897,0.00993677625289265,0.0118311409758343
1924,2022-09-02,0.0153029105417782,0.00611749391242535,0.0211735997657929,0.0131723970452444,0.0355908673999827,0.00998294975293301,0.0237858127523598,0.0167380756359682,0.0237974422086243,0.0141114652582489,0.0122458826785184,0.0169692957499375,0.0245341438058416,0.00878645482677394,0.0234518988351234,0.00806500984448269,0.0197948947546888,0.0066446485005031,0.00991958516859706,0.0117643310198932
1925,2022-09-05,0.0155536315855075,0.00622397636088951,0.0219648317425666,0.0131528844644931,0.0362265116118322,0.00989986417441103,0.0242477531396531,0.0167687682865629,0.0238216428998082,0.0141586998474145,0.0120533732164075,0.0170418265485422,0.0251712261568568,0.00865323720411033,0.0236934333687044,0.00842540697429742,0.0197931046421556,0.0066453959199835,0.00950012764707948,0.0117413757511611
1926,2022-09-06,0.0156439268013829,0.00631179694231881,0.0221755251361612,0.013056078012348,0.034688277731032,0.0100400733941214,0.0245703639783307,0.0167702477804142,0.0248436857654452,0.0142075430209183,0.0125369028445809,0.0173164094791284,0.0253567331793839,0.00858042943788093,0.0237865860495786,0.00843618325639527,0.0194073601435624,0.00757278513824339,0.00942680493492392,0.0119170319609937
1927,2022-09-07,0.015607917848115,0.00630456324970931,0.0221216122265025,0.0130555333917407,0.0349792708836749,0.0102056786725044,0.0245691025738775,0.0167614039289137,0.0240763857370716,0.0149209516991133,0.0124923898574589,0.0172682545493681,0.0253585854306995,0.00858111585344951,0.0238046048534927,0.00834087546018979,0.0194085168387668,0.00757278513824339,0.0095686044738006,0.0122437230991109
1928,2022-09-08,0.0154464868253687,0.00617560735123939,0.0221394009257304,0.013065997746601,0.0345406154964119,0.0101380374592846,0.0245014212424222,0.0168095650194575,0.0234408196690689,0.0148485938521833,0.0123724290495966,0.0173136068522863,0.0252915586905785,0.00823529699961009,0.0238161881525952,0.00818144737272368,0.019048633956986,0.00757278513824339,0.00952367987548467,0.0122085589594497
1929,2022-09-09,0.0154895228803184,0.00614554988709282,0.0220883477257573,0.0131186958069922,0.0338168652017181,0.0105449702110373,0.0246002746463611,0.0168429561589116,0.0236556332639779,0.0148421228835957,0.0123785156702518,0.0175579326065246,0.0252643420261408,0.00819979974269351,0.0237784891955834,0.00815961010449321,0.0190281976793312,0.00757278513824339,0.00942303579065859,0.0119581752527432
1930,2022-09-13,0.0152702579450595,0.00608640100541106,0.0220629150619826,0.0131073487165742,0.0339647662148918,0.0105212542235593,0.0243984756958525,0.0173162614529113,0.0239000818416782,0.0148667280127615,0.0123934107803339,0.0176141275473256,0.0251502851723878,0.00817689182667916,0.0238192172915587,0.00811015615703231,0.0194776796553853,0.00739240677396507,0.00882470104844748,0.0120631782546594
1931,2022-09-14,0.0150013394987168,0.00602943504450999,0.0218318080523491,0.0131811399498632,0.0339522861580546,0.0105072156846828,0.0239404615431411,0.0173446316568212,0.0237766532918185,0.0149614679090779,0.0124198055252775,0.0176096689137944,0.0244153671163473,0.00792099545098088,0.0238251214065612,0.00804786291809118,0.0194562865790727,0.00739240677396507,0.0088171763571426,0.0119258421385996
1932,2022-09-15,0.0151706992882335,0.00601993983776263,0.0218310899449462,0.0132133455501144,0.0340544709255247,0.0104778931803939,0.023986229089414,0.0178477462974347,0.0232282470989375,0.0150399595277553,0.0125046251139181,0.0175555553613687,0.0243885571554453,0.00787944226867853,0.023884954060723,0.00801435287008672,0.0201877826501006,0.00775251664831189,0.00869454597837617,0.012148558063154
1933,2022-09-16,0.0136338482976367,0.00603527489874576,0.022452840184387,0.0136176217406333,0.0322336279296072,0.0107276910476593,0.0226948390914564,0.0185078482075008,0.0232606973536893,0.0155794265878578,0.0130290118303528,0.0175436091635635,0.0231307112023623,0.0083000846550566,0.0243920269770609,0.00818775668364032,0.0187683540196868,0.00990929789167136,0.00923281853481234,0.0118185358536285
1934,2022-09-19,0.0137017895745151,0.00598929770498812,0.0224604206711162,0.0136483408230157,0.0322295941009649,0.0107470710951838,0.0227646258753859,0.018582223763187,0.0222686838367308,0.0153782144105962,0.0129193069269251,0.0169803969745924,0.0231809861532877,0.00833245592969303,0.0242957557277498,0.00822588525216415,0.0187310299912615,0.00971042209811342,0.00869582557286847,0.011778261413956
1935,2022-09-20,0.0135951503258511,0.00590156583095033,0.0224430530946075,0.0136915149067733,0.0319808518164909,0.0107478746313941,0.022698023491685,0.0186044053398561,0.0219715349973269,0.0154278251749983,0.0129522025487482,0.0171632773906986,0.0230082245315054,0.00823743204231863,0.0243101356348382,0.00815317699605695,0.018554544585608,0.00990645203433079,0.00837706969487607,0.0117773638243149
1936,2022-09-21,0.0135460360804776,0.0058858508624769,0.02246680126812,0.013674272991231,0.032121469169239,0.0107413105975861,0.0227071591115457,0.0186030951265029,0.0219208756340326,0.0154688858990725,0.0129355097681975,0.0176781345354033,0.0231059043835105,0.00821795201280041,0.0244599401643865,0.00815840925395653,0.0185535428586368,0.0100155791457201,0.00833306211315934,0.0117751563305464
1937,2022-09-22,0.0133775683687784,0.00589774623885266,0.0225019799352558,0.013720607685302,0.0319917428361094,0.0107660798897521,0.0229126108966633,0.018649070059976,0.0219401614683448,0.0154590791938843,0.0129506234148429,0.0176336935760536,0.023460003574353,0.00841867235240589,0.0244606991647158,0.00814105686053424,0.0185453169800748,0.0103755760429107,0.00834255542765477,0.0117906453459008
1938,2022-09-23,0.0133631203896157,0.00591421412404633,0.0224464841866842,0.0137625367447387,0.032355987010584,0.0109854673938686,0.0225156870653116,0.0189176009421802,0.0219139628054515,0.0154482146675513,0.0128050674669475,0.0174422378565494,0.0231902570610616,0.00866518774909618,0.0245192873349789,0.0079692982412675,0.0186124609512705,0.0104826881711762,0.00824462534310269,0.0118260047666968
1939,2022-09-26,0.0144769510221453,0.00670218415717611,0.0225421094911458,0.0137389885231043,0.0324045761470797,0.0115332290950956,0.0226642232195349,0.0189910229631366,0.0219139437353795,0.0161356106929109,0.0132382646827307,0.0168384380968888,0.0230052413451966,0.00877561830925191,0.0244839150647753,0.00800379984011946,0.0186239934769147,0.0139535565453653,0.00918039734391802,0.0118067131106292
1940,2022-09-27,0.0142715289059499,0.00645432811398443,0.0226095236991451,0.0136340183539063,0.0322359206020068,0.0116936580884252,0.0226665683537332,0.0189906195080637,0.0199716826747711,0.0156260998798548,0.0128927893863698,0.0152548788216017,0.0230255313847126,0.00881273205024708,0.0244834950874018,0.00797793804915337,0.0185773078721805,0.0135404098567302,0.00887622346859948,0.0112149789990579
1941,2022-09-28,0.0142528185341688,0.00656355254244762,0.0226094402586627,0.0136208097629346,0.0322919984782041,0.0118115443501034,0.0226422925184044,0.0193403529242756,0.0201052160523462,0.0158857893419204,0.0130330316422549,0.0153589652637929,0.0229082081190298,0.00892737273937018,0.0245795478354919,0.00797600359950739,0.0188963154173037,0.0138781573074909,0.00889853937633913,0.0113065117533288
1942,2022-09-29,0.0143615470171944,0.00656158593493729,0.0227703272338455,0.013705155184971,0.0323761937879292,0.0118153903714737,0.0230677883721541,0.0193623028567772,0.020131380908539,0.015784675255794,0.0130556825119384,0.0153312391163868,0.0231385561345297,0.00892768273081768,0.0245555700736219,0.00791901216841484,0.0192728699080754,0.0138206800525802,0.00889428054589484,0.0112502277333723
1943,2022-09-30,0.0144970380386481,0.00656563181947786,0.0227565951423901,0.0136952099366684,0.0311788495256309,0.0117494964815037,0.0231847909066714,0.0189256820619898,0.0201284521967708,0.0157373330191314,0.0130655663783863,0.0152128584956545,0.0231078571285666,0.0088431631403984,0.0238198682061837,0.0078944387584428,0.0190324564437881,0.013866342104432,0.00874921982612143,0.0112641880096228
1944,2022-10-10,0.0142814177637608,0.00667345753800238,0.0228337599929303,0.013427418121654,0.031085104535774,0.0115345614531741,0.0229977972366339,0.0183675791422649,0.0201696884234824,0.0157156277673976,0.0129555000490622,0.0151194970281091,0.0227831371474287,0.00884057368360784,0.0231931838843063,0.0078753012187615,0.0188762936720004,0.0135335747114241,0.0087289476450935,0.0113553034206134
1945,2022-10-11,0.0135744495975376,0.00638056636536735,0.0221311222345704,0.0133713188636003,0.0315544343927342,0.0114652296819116,0.0214091705783418,0.0188901795725898,0.0204644892362968,0.015344087139561,0.0125578081457717,0.0146159400058282,0.0214942192509375,0.00893514341364058,0.0243240184683166,0.00761408804444708,0.0207208681689094,0.0132297704756335,0.00826507921149264,0.0112345754773682
1946,2022-10-12,0.0136121193567153,0.00638737525837055,0.0221240406271501,0.0133972544061323,0.0312250869421332,0.0117026552940295,0.0213397229901291,0.0185824158985512,0.0205149997742463,0.0154151382493407,0.0126254366014756,0.0146771708980794,0.0214613181713477,0.00873601099770792,0.0243269757595816,0.00761101279768019,0.020646196645539,0.013117033081544,0.00822183082121855,0.0111948987428092
1947,2022-10-13,0.0137350362365505,0.00651772736823158,0.0235258079955573,0.013381217263812,0.0312129104829425,0.0118097289390106,0.0228696162418539,0.0185444066304499,0.0194527683215195,0.0151951927801934,0.0125512832101626,0.0147428631624188,0.0220894111656272,0.00873022065389201,0.0248114753752569,0.00761418865968085,0.0214434334556914,0.0128411917037841,0.0081090771517129,0.0110192295390097
1948,2022-10-14,0.013530550701627,0.00648864048827431,0.0227128888269826,0.01332555375839,0.031156610687986,0.0121424361897698,0.0223481812349916,0.0183773789807817,0.0179131639030465,0.0148271983960381,0.0122043389464492,0.014607677215066,0.0218833428554678,0.00873075859596601,0.0248707942239025,0.00755089276682147,0.0214158592038666,0.01314947911083,0.00809091435167144,0.0106055866034499
1949,2022-10-17,0.0133677210966556,0.00650085551965702,0.0226954121093135,0.0127252787126005,0.0311449935854839,0.0122123247997187,0.0224280393992752,0.0184225370098047,0.0172848301126462,0.0148245685562051,0.0122041960406647,0.0139679510122016,0.0217506366214133,0.0087158964452218,0.0248537267374922,0.00755441362832306,0.0213850259468768,0.0129010768671973,0.00802211675031335,0.0103943570989879
1950,2022-10-18,0.0133475701666563,0.00652722166888775,0.0226953735931357,0.0127263361526381,0.0311790300312765,0.0122240968209335,0.0224691082460055,0.0185643871417644,0.0172175352835309,0.0148339335871576,0.0122018804554358,0.0139675717159257,0.0216651494638353,0.00866192608395332,0.0248665562817485,0.00757344737195355,0.0214254230363064,0.0126608534072027,0.0079727690691699,0.010398795759723
1951,2022-10-19,0.013347036928284,0.00658545367538176,0.0226825639175679,0.0126404386773547,0.0295654586576286,0.0122157838827455,0.0224642921993076,0.0186139748658007,0.0171909141552624,0.0149004305023943,0.012140944363554,0.0139279625461568,0.0216263989450928,0.00851010154274279,0.02423915293187,0.00832167882743094,0.0211368186560591,0.0128647372743454,0.00809155936308122,0.0103449100150835
1952,2022-10-20,0.0133538269733091,0.00653788908632359,0.0227227559833361,0.0126852654357374,0.0295667123352931,0.0119822520124265,0.0224086926319251,0.0187730074274194,0.0165428648749968,0.0148266478391073,0.0121306088784701,0.013470037867241,0.0217029734255585,0.008756473772666,0.0243545381117348,0.00836449874297308,0.0216646241476345,0.0126520914615163,0.00808435225468808,0.0103289960297004
1953,2022-10-21,0.0134404991830781,0.00633251922263716,0.0226449045416504,0.0121204815403555,0.0294047035882119,0.0118778588203286,0.0223285173753604,0.0186129784176535,0.0165223275300343,0.0144109799410641,0.0114212062702765,0.0133858307067082,0.0212721903504598,0.00869720048124438,0.0242309280067775,0.00803586016197113,0.0206079051390522,0.0124395151211557,0.00752595758501392,0.0103521767805496
1954,2022-10-24,0.0134458448694743,0.00638435852596159,0.0227542324064009,0.0127016147391411,0.029226488828382,0.0120073592145705,0.0224379640902446,0.0188670348209373,0.0165093618432723,0.0144265412642268,0.0114281105847209,0.0133271632056713,0.0214575492947067,0.00883029858326639,0.0242221661463271,0.00834618349881572,0.0214521835140322,0.0124073336181509,0.00749408605753134,0.00998995194179047
1955,2022-10-25,0.0133187206385225,0.00645590012491977,0.0227162431809942,0.0128602202170583,0.029209508614381,0.0121233617579186,0.0226007389518798,0.0189267950491915,0.0165781793336123,0.0144271142938717,0.01140845842446,0.0133381147016614,0.0214766054429888,0.00883341728311266,0.0244610037492933,0.00852676481269531,0.0214943943507816,0.0123520055238098,0.00749331980742202,0.00998862801361979
1956,2022-10-26,0.0129151420798279,0.00643912076452788,0.0222352185014326,0.012940932908023,0.028457950892591,0.012091826880045,0.0220736311380001,0.0189283607267601,0.0158980300072241,0.0144575223910305,0.0112244758857544,0.0132949947706404,0.0213570176621024,0.0089508049534895,0.0242011674696493,0.00848005907319003,0.0215519249502198,0.0123994854897283,0.00756176300521617,0.00999862884424544
1957,2022-10-27,0.0127368393007154,0.00642786372973231,0.0219484088326746,0.0130055319402219,0.0299968835357039,0.0120677254564083,0.0219716109727144,0.0217504867123654,0.0159242314242042,0.0145602043661596,0.0112252003874019,0.0127567465678324,0.0214217266169993,0.00957276596617799,0.024516356678961,0.00847777165531317,0.0259428808262652,0.0124005191374793,0.00766852915799403,0.0100010611160519
1958,2022-10-28,0.0127301794286536,0.00657114140792677,0.0219938944852955,0.0144532153936081,0.0305195958548499,0.012130764943869,0.0220074330725416,0.0240668439982765,0.0164422827281009,0.0147360905461465,0.0113765762167384,0.0129365393635255,0.0214329522892695,0.00997333995667695,0.0247407963322136,0.00847804326677946,0.0273086322419067,0.0122926829766445,0.00728549040760213,0.0101692326740369
1959,2022-10-31,0.0140367869337849,0.00870821999358843,0.0223568597245216,0.0149377970013129,0.0305190600566586,0.01230616036372,0.0222520824467877,0.0261604944385192,0.0163052986250929,0.014725291242107,0.011216580445548,0.0129271655779872,0.022478969841753,0.00996341528679616,0.0247811746385737,0.00821490771712131,0.0280945322184127,0.012232463709732,0.00716916024171789,0.0100964865154154
1960,2022-11-01,0.0141902463725681,0.00875364384521488,0.0223539501113482,0.0164955838659425,0.0304721659415268,0.0128121208612044,0.0221992268389881,0.0262092331199775,0.0163085786394655,0.0150522157171085,0.0118831141711466,0.0136204862424135,0.0224900545896962,0.0100732925966557,0.0247337889033631,0.00819183706938978,0.0283631478820278,0.0126146377577075,0.00749336087788969,0.0106179020718586
1961,2022-11-02,0.0142816898943938,0.00876121245373597,0.0223489356262718,0.016439035539954,0.0305535640579645,0.0127667821000224,0.0221959353849506,0.0262907243272569,0.0163055958799426,0.015100551115228,0.0119915596820767,0.0136478546000583,0.0226148249952163,0.0100648212569553,0.0247703011867175,0.00819711099326737,0.0283608736345859,0.012520221645184,0.00746482189898828,0.0105605192512546
1962,2022-11-03,0.01417529258932,0.00878562246341353,0.0221376202428673,0.01643753746932,0.0305749754329174,0.0127486239295374,0.0217300297467508,0.0266256233749265,0.0161463600698223,0.0151091026603238,0.0120396525831346,0.0136751402190153,0.0224381741589142,0.0100638254964319,0.0247687177241354,0.00827271474371786,0.02862049685547,0.0123738380431177,0.00746261229978602,0.0107377429620521
1963,2022-11-04,0.0142629551980495,0.00881770853934244,0.0222340893001413,0.01703022306772,0.0305353119267748,0.0131438021856713,0.0220777716431154,0.0266281863044657,0.0168018987510505,0.015745577725455,0.0126519810425107,0.0135568563993715,0.0227431336892065,0.0100605087362547,0.0249868200959408,0.00844869671513493,0.0285881248213632,0.0123172234842011,0.00782118525471239,0.0109816052984002
1964,2022-11-07,0.014382570865281,0.00879909715155707,0.0218925263199976,0.0169321381594829,0.0289208998518928,0.01310519971771,0.0217400868323528,0.0266874187288718,0.0163935728716533,0.0157687524879626,0.0124744097222098,0.0129628208796034,0.0225340640709462,0.0100305066846212,0.0250920458119946,0.0081393933910454,0.0292097256491431,0.0124668251456004,0.00841578499544788,0.0107682438863923
1965,2022-11-08,0.0143911999064378,0.00879156352412179,0.02183124656115,0.016919774916387,0.0287483326101943,0.01215828908861,0.0216476153512056,0.0267640856409979,0.0163049016826443,0.0157729106423836,0.0123423056616697,0.0129660215874195,0.0225161614526591,0.010022295028255,0.0251315698630398,0.00812296191978212,0.0292044247824019,0.0123385003876684,0.0084949211120799,0.010647382037546
1966,2022-11-09,0.014325716834877,0.00881681499650184,0.021842384669401,0.0169400707458544,0.0286564169163356,0.0120147668955766,0.0216334466222871,0.0270493757843426,0.0161603476436031,0.0158127648650519,0.0123595646596073,0.0126934823354673,0.0226057779077868,0.00973634426858119,0.0248267858524815,0.00813124083952589,0.029031578494234,0.0127162244925731,0.00855653320190063,0.0106627728219941
1967,2022-11-10,0.0143032784494664,0.00884102813963377,0.021853631209093,0.0168742806808971,0.0287758697632823,0.0119062160638267,0.0216183175356975,0.0275397538942073,0.0164565234881778,0.0157073593382188,0.0123591530961457,0.0127592799880365,0.0224352297374177,0.00955932165010354,0.0249649153379196,0.00818590389246113,0.0289774838584816,0.0126287239120351,0.00855284361638089,0.0105105290475404
1968,2022-11-11,0.01438951156785,0.00897415212964325,0.0216719697302941,0.0180423426096455,0.0286831703410131,0.0118517061774644,0.0217306123507544,0.0275872808728219,0.0165741176223208,0.0163070252581391,0.0130988290738716,0.0129479620147885,0.0225630371127573,0.00954325225983409,0.024717432110532,0.00926478866013957,0.0284953292139208,0.0133727148486095,0.00944013967320755,0.0105076083095095
1969,2022-11-14,0.0143032225651094,0.00897840851697537,0.0217873157452097,0.0181893769270519,0.028338192916507,0.011803694391211,0.0215093590066655,0.0291984233991391,0.0167254820404038,0.0163177745545214,0.0132200570779165,0.0134532369325618,0.0232555733478521,0.00953117085664807,0.0247201837501166,0.00925599977034312,0.0287752934089315,0.0134439265832152,0.00970443644709781,0.0105148279110977
1970,2022-11-15,0.0142849889644619,0.00896615356628435,0.0217491528829153,0.0186800254968298,0.0282295893436571,0.0117344249158833,0.0215540700671901,0.0302665511476831,0.0167219870700652,0.016426865058971,0.0133066725167296,0.0134392890730134,0.0230561880445005,0.00977341172841439,0.024723858897778,0.00931721408219518,0.0289687783332919,0.0134191169368995,0.00985686729033692,0.0106716237175306
1971,2022-11-16,0.0143061422195983,0.00891338022933204,0.0216970462328614,0.0184530026599453,0.0278071833372155,0.0117351977687984,0.0215490538041956,0.032095986414011,0.0168564217994418,0.0163926025712948,0.0133562734076534,0.0136549546661444,0.0231417154282501,0.0097917237186559,0.0245736592744907,0.0093250678033251,0.0289017388129536,0.013287202388524,0.00987063616926856,0.0106427784105206
1972,2022-11-17,0.0143289432449197,0.00888009008677889,0.021753393093007,0.0182850354515773,0.026748557113255,0.0117379263031686,0.0218309237756352,0.0345468069258675,0.016798081497432,0.0163883638081332,0.0133789057846818,0.0136650509439245,0.0239294271901833,0.00940842457443659,0.024178564770653,0.00956198580885827,0.0289093148437094,0.0131873979396407,0.00989156628087743,0.0106257307936263
1973,2022-11-18,0.0143489218439922,0.0089108959450939,0.0217205246340387,0.018252393546944,0.026145395919169,0.011740995787362,0.021825989543266,0.035432668229499,0.0167517791117116,0.0163887129115931,0.0133659345975372,0.0135988607229846,0.0241598354031038,0.00979301931895697,0.0242337482417357,0.00967901691341317,0.0286706579401207,0.013105991659514,0.00987685990195191,0.0106706692172652
1974,2022-11-21,0.0143456664115009,0.00892303653988741,0.0216321382747272,0.0181647928619165,0.02589929768895,0.0116870199417908,0.0218325031678925,0.0351597246987,0.0167023651423745,0.016257879131173,0.0133663192248113,0.0135541109972682,0.024262198517144,0.0103311729124556,0.0242211380995544,0.00982126654809892,0.0290662484377192,0.0130109023644302,0.00985813477521421,0.0106372946107525
1975,2022-11-22,0.0146220268884892,0.00903688702263715,0.0216696698211275,0.0181637771309431,0.0258657210501553,0.0117527411924457,0.021949561353437,0.0349445370518344,0.0164933247146492,0.0163961841721657,0.0133133521437746,0.0133347221711965,0.024310395979066,0.0107466477606817,0.023997259195757,0.00982508745616289,0.0292019412273565,0.0128998144290346,0.0098922042781058,0.0105992558127409
1976,2022-11-23,0.0148035193075288,0.0091414679235468,0.0217044675803212,0.0180572712501086,0.026408556578671,0.0117323624712452,0.022056344518417,0.0349426328439864,0.0165034005264213,0.0164214035500941,0.0133267315922125,0.0132872652104626,0.0243497585109005,0.0109239529488025,0.0231954585933069,0.00980851819978296,0.0297214684695798,0.0127727299084161,0.00990464853589261,0.0106493271892749
1977,2022-11-24,0.0147934791622357,0.00912585129871549,0.021560563647924,0.0179843995910423,0.0254588610231589,0.0117563965181584,0.0220213635682377,0.0340190842125794,0.0158885793277845,0.0162884455193007,0.0132874911097161,0.0133358787615613,0.0239791865321144,0.0106306949939926,0.0235752804708352,0.00971007320930995,0.0293721478478961,0.0126645269178225,0.00990572947958834,0.0108738039047255
1978,2022-11-25,0.0148756426150073,0.00910086550373373,0.021528808867015,0.018054505526983,0.0255932236090036,0.0119800267082278,0.0219013166003081,0.0340049241737648,0.0156335688604814,0.0162473653167142,0.0134036450247427,0.0132397514971041,0.0240816521593837,0.0107082191001576,0.0234596287645414,0.010018936007556,0.02970230777693,0.0126897154203585,0.0100633667477664,0.0104945730987905
1979,2022-11-28,0.0150134922995338,0.00910813663450944,0.0215608524951583,0.0181032656807051,0.0258239804649233,0.0117979536120965,0.0219081903824714,0.0339281096316712,0.0156171514632769,0.0162438760083045,0.0134108366643315,0.0132214062400009,0.0238416915710972,0.010715702501104,0.023937802021822,0.0100614168842865,0.0302602750640653,0.0126012416503015,0.0100555407408241,0.0105005366865499
1980,2022-11-29,0.0152767698492895,0.00915142588194928,0.0216012593956163,0.018152742609614,0.0263623760950207,0.0121777702346054,0.0221628906259448,0.0342730900244248,0.0157780150123569,0.0165865430021574,0.0132324001494942,0.0131754096084616,0.0238531015397053,0.0106743362651015,0.0224317460463324,0.01022504162197,0.0303266937167245,0.012487242288801,0.0101496383069751,0.0109021013953555
1981,2022-11-30,0.0149982947051821,0.00911080894126642,0.0205115247936364,0.0181135324937164,0.0258982572588598,0.0118483565919867,0.0208963169750034,0.0341300516765269,0.0158280492213056,0.0165404301563097,0.013231478622692,0.013186048722356,0.0230538814959918,0.0104533037075831,0.0225321757211806,0.0102321703110307,0.0303287376904911,0.0123763267729809,0.010118562756263,0.0108479149452319
1982,2022-12-01,0.0148677164698089,0.00918631013790743,0.0203695215201174,0.018072160412678,0.0259385805758391,0.0118461981918726,0.0208251408613737,0.0339252016418449,0.0155113833241519,0.0165741199618712,0.0133194871349902,0.0130070779313943,0.0229051385521053,0.0104593755699546,0.0216931027437359,0.0102035897753755,0.0303048193966334,0.0122803553427136,0.0101857943031344,0.0109516109138471
1983,2022-12-02,0.0148898923346452,0.00914295702059181,0.0200061584981871,0.0180717511994621,0.0259981174329971,0.0118534241699817,0.0207249934658679,0.0338653149818629,0.0154517814787279,0.0166603486160001,0.0133696022144358,0.0130627889805287,0.0223827078346148,0.0104917915892217,0.0216990553400438,0.0101906646161069,0.0302821527082399,0.0123137996772536,0.0102361306740957,0.0109443335558437
1984,2022-12-05,0.0149444432986616,0.00932723919490521,0.0190037126780108,0.0180683208814393,0.02600644874482,0.0129029238005844,0.0200201729081545,0.0344957732901928,0.0156894917797294,0.0176705462928067,0.0138934669479616,0.0131343416226985,0.0218987620760955,0.0106160816556489,0.0206870654671114,0.0102660157227756,0.0305365287025262,0.0123651731726064,0.0103321310501454,0.0113940048188996
1985,2022-12-06,0.014794713491859,0.00936998469794008,0.018943608181061,0.0178319191209642,0.0258221494736561,0.0128742191601516,0.0198235348565643,0.0347991283221589,0.0156704920805995,0.0175996913560134,0.0137933403232842,0.0130795806454852,0.0217413193887808,0.0106161744957262,0.0210942229241609,0.0102259370712493,0.0306395088480639,0.0123832383668421,0.0103220597651183,0.0113938415686389
1986,2022-12-07,0.0149722705207782,0.00950858743743252,0.019001503186529,0.0179528075921243,0.0258013693009776,0.013014664913534,0.0199981384839655,0.0347854793585969,0.0152406977494946,0.0177662961199085,0.0138571041915704,0.0130951626415561,0.0217785817330731,0.0106218423903284,0.0210583719000763,0.0102688805809627,0.030679741300811,0.0125349830836139,0.0103291916878189,0.0113102278588972
1987,2022-12-08,0.0148753649372334,0.00953038513061457,0.0189401995256026,0.0179053983238488,0.0255821314427097,0.0130230108052513,0.0199359454669843,0.0344958675502819,0.0152406961872613,0.0177455136985232,0.0138543193717142,0.0131006823606011,0.0217022885600925,0.0106163327008847,0.0210647294810686,0.0102695050502675,0.0304817075884947,0.0125340795703639,0.0103271939346688,0.0112063072895624
1988,2022-12-09,0.0146648935363913,0.00942487723808077,0.0173492225398525,0.0180620188865493,0.024604268478165,0.0131343209365935,0.0193931766352668,0.0341238260559221,0.0155698054801993,0.017987920646886,0.0140562008557863,0.0129192209740385,0.0206377238145656,0.0110870896272633,0.0206920771337872,0.010262136582161,0.0304386722342235,0.0125535639463041,0.0103866282296791,0.0114743897677052
1989,2022-12-12,0.0148042909466539,0.0093933214717633,0.0172794871238023,0.0183177061271988,0.0244039929369093,0.0132552320914906,0.0192614904732846,0.0337465343319171,0.0146603996720341,0.0183614012721638,0.0144939235819987,0.0127801212244655,0.0205975598920579,0.011093386587883,0.0206374529695318,0.0103439151066083,0.0303762685076028,0.0134181189165152,0.0124469220624817,0.0113100263090145
1990,2022-12-13,0.0147800275784646,0.00940083358300207,0.0173152755862195,0.0183206445666195,0.0237144893257596,0.0132268754671174,0.0192427274622487,0.0339488590794253,0.0146883494571103,0.0178889994064782,0.0144144613465048,0.0128411925098195,0.0206526991515949,0.0110270195518614,0.0206219588590495,0.0103654931634365,0.0303564771579707,0.0133773234845348,0.0123815095700186,0.0109873443730616
1991,2022-12-14,0.0147824615231206,0.00939640364432077,0.0172483368110839,0.0183085607144084,0.0237704496263709,0.0132364504258539,0.0193799505737149,0.0340984147156031,0.0147199156556647,0.0178812749433046,0.0144035876413531,0.012853558593743,0.0207386752012618,0.0110245346555874,0.0205883451060879,0.0103933301588118,0.0304195782000157,0.013273964599017,0.0123934891224078,0.0109862138130119
1992,2022-12-15,0.014900362368728,0.00944989584833033,0.0172508960779897,0.0183538469735118,0.0235923486632214,0.0130527743841845,0.0195056290942255,0.0341277205907369,0.0146533778031547,0.0178938695537682,0.0145039744969223,0.0125670425374772,0.0207370600172058,0.0110773556670811,0.0207728532850239,0.0104203497391953,0.0305863052892769,0.0133704475156953,0.0128613728519934,0.0109550305356662
1993,2022-12-16,0.0149016226122091,0.00944566029137136,0.0172967631726989,0.0188039200395166,0.0235732016592136,0.0133116348461992,0.019519136414337,0.0347876121224831,0.0145470115158402,0.0178844916209315,0.0145076282692934,0.0125792943459963,0.0208007138210675,0.0111501290972484,0.0213227591197589,0.0105512783674736,0.030722948847687,0.0133638483511393,0.0128758289844724,0.0108225946121418
1994,2022-12-19,0.0151327049463857,0.00970768327672089,0.0173346996881557,0.0190318322530529,0.0237476347073245,0.0134755573440477,0.0196105499050797,0.0347819009471549,0.0145547381542001,0.0180162680748001,0.0146042244145885,0.012655328987885,0.0208539030697296,0.011169292490661,0.0213096869253426,0.0105113552590265,0.0307115216634538,0.013402336906069,0.0131493536982827,0.0106997831577388
1995,2022-12-20,0.0150574389092871,0.00973042316814813,0.017333030221236,0.019088672653388,0.0237416061836002,0.0134677054122509,0.0197218004741489,0.0348299493066681,0.014708972205304,0.0178837258787479,0.0144889429922004,0.012670945579015,0.020854263582573,0.0111351261588487,0.0212777574004961,0.0106675886612377,0.030565634818094,0.013337680671382,0.0132092500915865,0.0103488039808522
1996,2022-12-21,0.0147522164602655,0.00959287431984459,0.0159997438337948,0.0187738988025622,0.0237047107918563,0.0132160847758463,0.0190437770093238,0.0347817148489194,0.0144304308084854,0.0169443511082083,0.0138263112142999,0.0127870257497925,0.0201300815365513,0.0109834641182025,0.0204144216029502,0.0107494706867865,0.0305656841281479,0.0129189955345852,0.0128210889657546,0.0103005747098798
1997,2022-12-22,0.0147389825039212,0.00958632798567042,0.0160505641079786,0.0187378047659676,0.0237061309970319,0.0132156186689218,0.0191149486290479,0.0347651949742121,0.014518148707285,0.0169522828074275,0.0139609318963213,0.0129420477466314,0.0202195871317719,0.0111040938620716,0.0204637877109356,0.0107253681239272,0.0305859087548492,0.0129531547800631,0.0130928608690892,0.010335052388053
1998,2022-12-23,0.0147358578353927,0.0095375034226264,0.0160149083109262,0.0186406251597866,0.0235665088672021,0.0132187806008526,0.0190108079425971,0.0348272856550259,0.0144554447178488,0.0169255740461016,0.0139607035084774,0.0126332183316548,0.0201526942986192,0.011335741923806,0.0205763189886302,0.0108808163711278,0.0308230819528099,0.0129168557087598,0.0131404368542072,0.0103212847559703
1999,2022-12-26,0.0147355549496044,0.00953142238431404,0.0160251708323928,0.0186418265155989,0.023730137078318,0.0132964441838583,0.0189940683403334,0.0352626861828914,0.0147859310847165,0.0169221751126825,0.0139826007408579,0.0121253551233092,0.0200644628086779,0.0114791078812159,0.0209087345102538,0.0109809914255111,0.0314182806994686,0.0128910395380168,0.0131416802928354,0.0103801174855502
2000,2022-12-27,0.0148443628200586,0.00951795824010695,0.0159968873932365,0.0186243375460082,0.0237065969707039,0.0133780327401268,0.0187777075680721,0.0353054275444552,0.0150408588403352,0.0172629908301233,0.0143020369582678,0.0122647373196377,0.019745175297537,0.0113815123158796,0.0208656336323061,0.011089254357592,0.031529264737167,0.0130013384626656,0.0131655580831602,0.0103741164420346
2001,2022-12-28,0.0148931924410113,0.00957507359730217,0.0159075487499634,0.0185449179449726,0.0243279276826513,0.0130648857854084,0.0187392444688463,0.0362851047705237,0.0150690535105065,0.0171179359562254,0.0141371279550049,0.0122668228268252,0.0195036966485465,0.0116363066035683,0.0212189701541562,0.011215357815233,0.0328114742480315,0.0129614055299109,0.0132529349034485,0.0103409869808369
2002,2022-12-29,0.0131731779948062,0.00933309577706787,0.0157019437675846,0.0187707798376429,0.0243041577504452,0.0125828647692336,0.0183945887483714,0.0363651609075789,0.0149904581099319,0.0160472370222935,0.0132462518555702,0.0121903716486163,0.019354707367065,0.0115619115752516,0.0211912316672731,0.0112904617963577,0.0328599319298863,0.0118550130639766,0.0125880972156844,0.0103184917854833
2003,2022-12-30,0.0132150454367761,0.00933180859028925,0.0155632886947426,0.0188455928057111,0.0245591126405504,0.0125429626803566,0.0183881051028073,0.0368348518239725,0.0149759923808609,0.0160493153140459,0.0132346439218378,0.0120821443859579,0.0193649612457569,0.0115820418287842,0.0214017854530789,0.01131636929451,0.0334218004232337,0.0118593561063856,0.0125886408576993,0.0102835380122634
2004,2023-01-03,0.013163954120263,0.00930789737141007,0.0157193369066231,0.0186174915572777,0.0256758981513928,0.0123693306668108,0.0183658797965265,0.0375135499938736,0.0153433498698749,0.0155696507749522,0.0128339597035283,0.0120222333435097,0.0195453981068865,0.0115980660703166,0.0215108635469043,0.0115709486296042,0.034089302105213,0.0115379940400844,0.012478350347575,0.0102204886204655
2005,2023-01-04,0.0131229568574517,0.00928397837017516,0.015502225643705,0.0187400353778244,0.025600764310557,0.0123606012701383,0.0183813782317992,0.0378396854328757,0.0152989736653813,0.0156483793856369,0.0128939791056587,0.0120827833751005,0.0193974984806735,0.0117460210410581,0.0214923437616913,0.0117053707760635,0.0339706748468052,0.01149310213928,0.0134648219704097,0.0102122668863737
2006,2023-01-05,0.0130535231342573,0.0092461785592378,0.0155083928035832,0.0187990467574349,0.0256084126934177,0.0123702114418976,0.01824159082836,0.0380450219662668,0.0156844829752276,0.0156977213228595,0.0129150673879754,0.0121247907728634,0.0193857295056428,0.0117668599834426,0.0214849830406744,0.0116497031590205,0.034109115873364,0.0114318914203198,0.0141676941355965,0.010213271865252
2007,2023-01-06,0.0129204378501516,0.0090096518619096,0.0153310996901617,0.0187588305252039,0.0255158737469371,0.0123530523502762,0.0181222583191011,0.038107997334065,0.015907899816778,0.0157036062194466,0.0129153183323807,0.0121916041901859,0.0196716153941162,0.0124540681811868,0.0214511122415933,0.011736631924901,0.0342311823019831,0.0114354985746935,0.0142342921003489,0.0100741144075683
2008,2023-01-09,0.0128968989020345,0.00901447625333074,0.0152459618448628,0.018756587431057,0.0247289767410418,0.0123582125366235,0.0181584031311096,0.0373814363134857,0.0160481332897318,0.0157438813932958,0.01334827173352,0.0122995893979605,0.0198247098762225,0.0127025890847785,0.0211031039358452,0.011764231150884,0.0330908247305685,0.0116946397356807,0.0142471318227605,0.0100632925272493
2009,2023-01-10,0.0128930981897831,0.00897796718011087,0.0152503695606972,0.0187696073141418,0.0246926060375625,0.0122751185113418,0.0182226060930462,0.0372426428256579,0.0160083208827119,0.0157495816650041,0.0133451101552329,0.0121694358670639,0.0198404167567601,0.0127185470398716,0.0210297538681688,0.0117922379694315,0.0330134361042612,0.0116580824068329,0.0142874775192037,0.0100668448856311
2010,2023-01-11,0.0122789071321498,0.00902024500446657,0.013931476071985,0.0187703695503125,0.0247190704153427,0.0124426684778,0.0170046383714226,0.0372004393643223,0.0160695515167605,0.0158127724542929,0.0134722658665727,0.0121044807891588,0.020559645792714,0.012804769007678,0.020740978491144,0.0117981621139817,0.0322371524567972,0.0116724236749274,0.0142865793782945,0.0101445955411388
2011,2023-01-12,0.0122486059850106,0.00896725019923547,0.0139243561584014,0.0187730670248554,0.0247638259382894,0.0122402650928719,0.0170071312182254,0.0370754988967914,0.0158901103753855,0.0158260769007874,0.013468165239295,0.0119636497328945,0.0205259280367563,0.0127958545439723,0.020692939455383,0.0118517144801845,0.0322112828434286,0.0115054693952537,0.0143316351540548,0.0101447888357908
2012,2023-01-13,0.0122827142133779,0.00901856449462878,0.0137972072254391,0.0189923157507461,0.0247786798419257,0.0123548763310548,0.016894367094154,0.0372617075001527,0.0160970923157893,0.0158433001271062,0.013435640014056,0.0118777840644249,0.0205039543103266,0.0127776891276317,0.0206218129302434,0.0122907826088806,0.0322362800785086,0.0115169980911806,0.0143597948717711,0.0101328717465258
2013,2023-01-16,0.0123018334083735,0.00906756074573665,0.013793887288261,0.0190955997987183,0.02472244305176,0.0122862621916132,0.0168219919949279,0.0370499325758643,0.0162681109027158,0.0158107220591355,0.0133941789263321,0.011875790844736,0.0205006833577734,0.0127795371461666,0.0206125698830052,0.0123013380902256,0.0319575862178285,0.0115173845985442,0.0144675823674212,0.0101327692151118
2014,2023-01-17,0.0122856266629456,0.00904558133197555,0.0137924633750789,0.0190073439118734,0.0246218170915846,0.012159244612531,0.016832400153462,0.0370629981205317,0.0163215241618765,0.015642250950233,0.0133281155612383,0.0118580153944811,0.020506427182086,0.012806780692072,0.0204510118122904,0.0117830647484582,0.0319329462656969,0.0112862587552849,0.0144974947006188,0.01002877894808
2015,2023-01-18,0.0122982071525872,0.00907896513901181,0.0136881583655303,0.0189160853881066,0.0246884336360457,0.0121853404865506,0.016726146439522,0.0371724514547488,0.0162351368805584,0.0156750544481146,0.0132676961102614,0.011824704900401,0.0204074475761917,0.0126460319189635,0.0199347283447045,0.0117454201173359,0.0317982876837662,0.0112862119920296,0.0145023759668042,0.00991576568138493
2016,2023-01-19,0.0122122218565178,0.00908327411570488,0.0136011518057257,0.0189201559383827,0.0246311774590758,0.0121885698555409,0.0167484675352497,0.0369229205824574,0.0161474194579045,0.0156574104742561,0.0132493971965208,0.0118434797287367,0.0202940415694163,0.0126271105885781,0.0199001363925576,0.0117446974987403,0.0316248693217298,0.0113328054138588,0.0145200565557607,0.00986781412462022
2017,2023-01-20,0.0123023523244458,0.0092488152390544,0.0135078149372088,0.0185000284985457,0.0253222654978817,0.011956457283585,0.0166833271628207,0.037106148580453,0.0166622502351151,0.0158433677596248,0.0133764274372351,0.0121968991530561,0.0201536074274174,0.0125966561042893,0.0201350321963329,0.01149857821815,0.0314560831211163,0.0116079407801581,0.0147117138251573,0.00977829184759451
2018,2023-01-30,0.0123032983437025,0.00925299210172652,0.0139878650297728,0.0184584846817678,0.025327914479436,0.0119685706145322,0.0168880869733082,0.0369146463392759,0.0169919889466035,0.0158487298967453,0.0133501801294011,0.0122531097867431,0.0209779749896934,0.0126842338204512,0.0201045973601519,0.0113349943509242,0.0313766844231046,0.011502136250392,0.0149232967408843,0.00977119060916503
2019,2023-01-31,0.0123026868006588,0.00926126504161386,0.0136211929173082,0.0184455446670603,0.0256269168898856,0.0118371654641127,0.0166944793216897,0.0372128857110707,0.017019150531478,0.0158440153275759,0.0133377358545426,0.0123216972496749,0.0207494646187972,0.0125878112235973,0.0201101667386938,0.0113287722989671,0.0316941868886394,0.0114136410032626,0.0148735150507083,0.00969904157912045
2020,2023-02-01,0.0122464621431269,0.00929599644193339,0.0136072916602153,0.0184020280727136,0.0235703316842396,0.0117370076417496,0.0166697258205223,0.0363316007136315,0.0173682917522771,0.0159146686507989,0.013444540746366,0.01301757958998,0.0207951701424257,0.0121927417628206,0.0194193459399719,0.0113288529534847,0.0285757941178445,0.0114578324956428,0.0148819625730308,0.00972221787956307
2021,2023-02-02,0.0122413919351094,0.00926336615097366,0.0136616999797392,0.0169401539334896,0.0226182068384248,0.011533515013597,0.016652821548813,0.0353768112979658,0.0164774995278787,0.0154048501670157,0.0131376797469194,0.0125794947289605,0.0207897513336771,0.0118179496662223,0.0188425305512831,0.0112402682071726,0.027419534836243,0.0113997291527369,0.0149153246555563,0.0092339732689839
2022,2023-02-03,0.0104277119957083,0.00741186138949188,0.0129844950959825,0.0160444873648815,0.0226244889763247,0.011529456910843,0.016283171917499,0.0343205890201675,0.0165445798597699,0.0154298514422682,0.013360612727057,0.0125780624917387,0.0197539710388931,0.0117783291973439,0.0186174794879401,0.0113414578002937,0.0267173379793059,0.0114623061153874,0.0150014674729862,0.00938258862697614
2023,2023-02-06,0.0103506519332067,0.00735954067978492,0.0129581164902311,0.0149134531757983,0.022460222748687,0.0113429311261244,0.0162919173090121,0.0344190973872484,0.0164367972392395,0.0153501152836619,0.013231364085139,0.0117631514905991,0.019848588064214,0.0116585861526319,0.0185895222238637,0.011368658559721,0.0263392685717354,0.0115433646048903,0.0153087564261573,0.00901559042101675
2024,2023-02-07,0.0102856180151167,0.0073487542281035,0.0129908171759369,0.0148761195749184,0.0224920628975217,0.0112530051056749,0.0162768644809837,0.0346202279834006,0.0163939659357306,0.015292996448783,0.0131693194612012,0.011643535547508,0.0196181635398524,0.0116656478531671,0.0187401455668402,0.0113484466975443,0.0265195536452592,0.0115062909383169,0.0153462167901273,0.00902033983596363
2025,2023-02-08,0.0102714957176911,0.0073284873829857,0.0129939827211877,0.0148523375400812,0.0224074171583575,0.0113323275743526,0.0163437706904802,0.0345345585392038,0.0164040926723945,0.0154667185006613,0.0132944548972245,0.0117646788615243,0.0196964952231163,0.0115872416384582,0.0187121135739527,0.0112450591264018,0.0258290874608238,0.0115521917133271,0.0154870123791899,0.00902601614050538
2026,2023-02-09,0.0101945404991212,0.00728167502663696,0.012816193761408,0.0144456403351061,0.0224218093194256,0.0110299075506568,0.0158871377542665,0.0346028154462238,0.0160585513747984,0.0150540703178804,0.0128544706503403,0.0115622419405254,0.0193295709303322,0.0116493734136155,0.0186290416666647,0.0112539867838004,0.0257969478957849,0.0114898941383637,0.0152773810334148,0.00879354413092289
2027,2023-02-10,0.0100862987090779,0.00714736367404033,0.0127947130873741,0.0143726101959723,0.0223181997998079,0.011082895185246,0.0156934741772389,0.0347441525813556,0.01609170551562,0.0146613982166846,0.0126390235755038,0.0115411881523412,0.0192800514103587,0.0118979549797627,0.0180174040996623,0.0112830153462693,0.0250216091472545,0.0114537495531783,0.014978185303062,0.0088025576823821
2028,2023-02-13,0.0100894156540224,0.00714902701739495,0.012791657681299,0.0146311495415892,0.0224618791833409,0.0111468037796168,0.0157003246262355,0.0347462750950008,0.0161193253427962,0.0148162295514012,0.0126560907506053,0.0115412559370151,0.0192523332862187,0.0119435551253493,0.0181167309783819,0.011413191462041,0.0250256005662703,0.0114339546145683,0.0148995691828355,0.00877825066431521
2029,2023-02-14,0.0100893123760343,0.00714100860581656,0.0127585540640956,0.0146392637368059,0.0223646591183336,0.0110783504184679,0.0156939085712158,0.0346121719414035,0.0159419875360987,0.0148237496577975,0.0127318583374757,0.0115355245462925,0.0191565818955427,0.0118519399373497,0.0179338299572194,0.0114583463205177,0.024584891276656,0.0110137133170986,0.0150036324673923,0.00878652914478672
2030,2023-02-15,0.01004482829172,0.00709478379918614,0.0129534215663458,0.0146317520719437,0.0222764279203702,0.0109029824866149,0.0157123886079921,0.0342956843325019,0.0153776566353417,0.0148379047994549,0.0127142141313363,0.0114856717335565,0.0191320274615112,0.0117949176347158,0.0173677024608779,0.0114526798821879,0.0242792366168055,0.0109849544260291,0.0149579568554431,0.00874165626544449
2031,2023-02-16,0.00992291019194567,0.00689781877290646,0.0126121653518241,0.0135141685517141,0.0219119254250762,0.0110484742294709,0.0156171202477134,0.034208502471731,0.0156968933794231,0.0148103659520413,0.0124514935114484,0.0114893748233549,0.0189594873971185,0.0117131019973755,0.0173190154965456,0.010676098688057,0.0238958565218524,0.0102579773163442,0.0145316877981597,0.00875167162056037
2032,2023-02-17,0.00988313935202843,0.0068644615892204,0.0121379769100547,0.0134288501175366,0.0219570551907996,0.0110190967792983,0.0154805957431961,0.0328626566703482,0.0153075591138183,0.0148470492219179,0.0122927394830841,0.0110320443816924,0.0179509004817726,0.0117795573937968,0.0171316919727282,0.0107029945131438,0.0231959540839854,0.0101147208241623,0.0144253358804287,0.00886627314549509
2033,2023-02-20,0.0101583531000641,0.00696837772933553,0.012184186303006,0.0148531482536896,0.021747288347411,0.0124245146641852,0.0158400770476204,0.0318987654870538,0.0155734623022753,0.0156357587386193,0.0128554926524193,0.0115215929341785,0.0183549929604896,0.0117081356663155,0.0171004775785275,0.0112464290807394,0.0226431375776067,0.0102918460780024,0.0146561970054503,0.0088801726269703
2034,2023-02-21,0.0101956879832414,0.00697261887308555,0.0122437588659671,0.0149312273145852,0.0216771447707885,0.0124800716096699,0.0161320327299127,0.029647471470437,0.0151328677376999,0.0157410923417214,0.0128672840217254,0.0113225550034181,0.0183862025115214,0.0116950868624139,0.01709885693393,0.0117250356913373,0.0225727268344104,0.010331641742345,0.0147053935955764,0.00891256800983611
2035,2023-02-22,0.0101056807207379,0.00694919318486937,0.011352130600374,0.0149371859670054,0.0215733851642946,0.0125264903427175,0.0156385861349436,0.0255306140812274,0.0149789505548291,0.0158236450639731,0.0128652615571725,0.0111888834044191,0.0173658171625611,0.0116952302197951,0.0171092101880263,0.0118052226105781,0.0216845971248128,0.0103091164613671,0.0147157603173038,0.00889550629835916
2036,2023-02-23,0.0100547128842315,0.00690355688798037,0.0113563879975206,0.014913363842896,0.0215853018442083,0.0125310109266503,0.0156407094588232,0.0224928580795616,0.0143797088643352,0.0158236450639731,0.0127997254251224,0.0108025616110946,0.0170175558635448,0.0114310281546679,0.0170071060609637,0.0117200233105963,0.0216902005751626,0.010272463977123,0.0147394251801267,0.00884845256358971
2037,2023-02-24,0.010079020973255,0.00689912086457724,0.0113565763006238,0.0150484846904344,0.0214191208468633,0.0126344996121963,0.0156249520957955,0.0212600275026809,0.0143450078459497,0.0159344197379783,0.0129230775107637,0.0107394934551314,0.0168525167923232,0.0110545123548246,0.0169618165684001,0.0116190010024719,0.0212624284626435,0.0103297407978042,0.0147372312406208,0.00885207992805868
2038,2023-02-27,0.00975509454729825,0.00672173776852208,0.0113577136393135,0.0150744387568696,0.0213280059809851,0.0126631325201038,0.0154553600482219,0.0208324793902161,0.0143438093925002,0.0159131472899545,0.0129322869053051,0.0107365994883611,0.0168069711258755,0.0106490923524437,0.016661087430895,0.0117132952291375,0.0212222889956298,0.0103465598053871,0.014718986292046,0.00883584865158708
2039,2023-02-28,0.00945227407324068,0.00657962766479786,0.0113243029239447,0.0150492165004875,0.0208582986085226,0.0126689465855414,0.0153086773982124,0.020746971593132,0.0143219021065577,0.0158708947838372,0.0129349501013702,0.0107057998597953,0.0167537012258479,0.0106952587791888,0.0163866182947782,0.011712708936857,0.0212463980922416,0.0103643772083788,0.0146849454110511,0.00876980612362557
2040,2023-03-01,0.00951211900733631,0.0065833467523245,0.011317271391488,0.0152811095081744,0.0204794092269828,0.0127523891240313,0.0152201354154461,0.0207527257412429,0.0143653702262177,0.0161574003614392,0.0130921663544478,0.0105896876671778,0.0168117413576554,0.0106108610644921,0.0162009512692361,0.0117006178724253,0.0212949340526739,0.0103808073959844,0.014651907986982,0.00850893271803227
2041,2023-03-02,0.00920336913233804,0.00654842771367672,0.0110670406596856,0.0152722237506297,0.0203296844591197,0.0125825623328156,0.0148509550844595,0.020538795902472,0.015052153792043,0.0160956716310308,0.0130071355022695,0.0106655635693775,0.016434455932,0.010545712400366,0.015985754604842,0.0116567763663016,0.021122811937996,0.0102072660354817,0.0144578829284994,0.00847161815374472
2042,2023-03-03,0.00893056141432974,0.00655080939832396,0.0109600115985405,0.01509713188478,0.0199591479173662,0.0125527867373963,0.0148371516592108,0.0205527080781493,0.0149918556738081,0.0160488946155635,0.0129819088834054,0.0106404306155379,0.0164685880449281,0.0106052924165075,0.0155499105280089,0.0116064139486344,0.0208240934399188,0.0101950598266976,0.0145494313968391,0.0084673849305563
2043,2023-03-06,0.00853412606568881,0.00649343123745336,0.0109603121809295,0.0151650069195482,0.0191774747004615,0.0124797757641884,0.0145859208314484,0.0190678510123959,0.014992918160117,0.0158696909134094,0.0129581415618648,0.0107463500664953,0.0166635281093071,0.0106778042966733,0.0153341512733987,0.0114683764416492,0.0200934882209335,0.0101985786229413,0.0146223605605078,0.00795623783656778
2044,2023-03-07,0.00859076347482511,0.00644753210057275,0.0111065022195096,0.0149221049835055,0.0191693927519695,0.0125311538083923,0.0144019853654084,0.0189125196187403,0.0150790916246903,0.0158860146062873,0.0129552868814925,0.0107354441630461,0.0165636369841701,0.0106786035545893,0.0153003844046433,0.0113358959667361,0.02006041193323,0.0102016328987481,0.0148100550103684,0.00800097559258743
2045,2023-03-08,0.00861924757545722,0.00634202658790386,0.0110002147542459,0.0149310700559562,0.0190020712175835,0.0126451103675442,0.0144732249735741,0.0187376700626807,0.0150859512431229,0.0159071579591847,0.0130260374760003,0.0107259717564338,0.0166227501334767,0.0107607505101993,0.0153142592366638,0.0113223047577172,0.019951331684467,0.0104124525300836,0.0148149186317211,0.00787760123389124
2046,2023-03-09,0.00853587427091498,0.00634292846015063,0.0109505849044054,0.0149426166813485,0.0189990213165087,0.0126771770765542,0.0144651091206035,0.0185765550269204,0.0150478465126477,0.0157623483876873,0.0129736702226503,0.0106428266631797,0.016576638092001,0.0107929675266459,0.0153105622825414,0.0113146585001227,0.0199095755699442,0.0103946203329587,0.0148256772664043,0.00786697443304341
2047,2023-03-10,0.00791988860467726,0.00626608268110234,0.0109704648517971,0.0147083098777984,0.0189059605582149,0.0118964176167076,0.0142788270659001,0.0182975320679952,0.015092396899602,0.0146797095905393,0.0125680742072342,0.0106110871497573,0.0164873898222876,0.0107625955980264,0.015257322041738,0.0114086778898148,0.0198937471286904,0.0101661248712375,0.0147044963448518,0.00748281040393371
2048,2023-03-13,0.00851776288537246,0.00634435766587322,0.0110761602604054,0.0146309744319007,0.0187587764799051,0.0119826604373437,0.0143351384714054,0.016520119134889,0.015101726154953,0.0146351027641438,0.01265995591829,0.0106376516383025,0.0165590383413894,0.0108667962378364,0.0143844728092126,0.0114102500080536,0.0193817862680956,0.0103975274676163,0.015293882926309,0.0074876331749233
2049,2023-03-14,0.00836400312674185,0.0061204391392318,0.0108914199739121,0.0145086691402661,0.0186284790589069,0.0118133444212576,0.0141825830118086,0.0160639809622285,0.0151030259392365,0.0144927782160057,0.0125247292855941,0.010592613050909,0.0164668317072427,0.0109518087677192,0.0143910488462102,0.0115274386732078,0.0190656294853677,0.0104948590086708,0.0153684436340418,0.00749805225184705
2050,2023-03-15,0.00824795507961772,0.00612723588361642,0.0108951253692453,0.0148005359074069,0.0185644883029353,0.0118180228225887,0.0141886820000165,0.0155937461047569,0.0150709219871498,0.014646788518644,0.0125550805397639,0.0109313698738069,0.0164659528277551,0.0111144403655573,0.0142658101607031,0.0116000913078402,0.0193066891173192,0.0105027115446472,0.015351320495163,0.00755168694130644
2051,2023-03-16,0.00886812906521187,0.00645908729445727,0.0111300269792178,0.0149658087339077,0.0177821346153878,0.0121195938021805,0.0145046722922188,0.0153800498358391,0.0151890747603086,0.0156402326756834,0.0133535726205656,0.0110064270907569,0.0167061899388188,0.0105827529365631,0.0141167723359248,0.011781221111786,0.0188122715862688,0.010477050130977,0.0153757450726516,0.00729324481372691
2052,2023-03-17,0.00858394480983003,0.00645687242851489,0.0108705557907682,0.0145258035378204,0.0176368543914989,0.0119716205313417,0.0144030077979125,0.0142945056959358,0.0149633960846485,0.0154948830293154,0.0126385819269578,0.011049431311925,0.0163643555959644,0.0106090286502677,0.0139118344356367,0.011695332075047,0.018633417730148,0.00933572149362071,0.014142039198929,0.006781353795183
2053,2023-03-20,0.00861853950897675,0.0064508204117888,0.0108569561824373,0.0145260424513003,0.01784964732927,0.0119792227956796,0.0144087597334156,0.0144516671020392,0.0149685154412555,0.015527369668898,0.0125931711556605,0.0109709520118627,0.0164010894960971,0.0106086895266142,0.0140393581755566,0.0118568580582642,0.0191090850722105,0.00983237288105441,0.0148693649620729,0.00710211617360412
2054,2023-03-21,0.00868521062228818,0.00655993622331561,0.0108194767517552,0.0145112715553849,0.017500801862735,0.0120816901755594,0.0141571198178376,0.0144611578919722,0.014971809471777,0.0155431758523166,0.0125989495902546,0.0109862590820544,0.0162919406649519,0.010616847680757,0.0140539170187129,0.0118500008438386,0.0192178220430634,0.0100100527645566,0.014837808561521,0.00717322200263797
2055,2023-03-22,0.00851259797672626,0.0063976849385912,0.0106031335743976,0.0142499264281569,0.0175193894904262,0.0120222517867096,0.0139854715121919,0.0144753932409197,0.0149710854457163,0.0158069799499702,0.012525859615349,0.0109996601446126,0.0162313780636097,0.0106184452705491,0.0139785578931866,0.0118045841270975,0.0192355405205379,0.00978381276890451,0.0145230973677836,0.00715576566285608
2056,2023-03-23,0.00850217024696319,0.00654212864841652,0.0107760050892035,0.0138487996143834,0.0175189582193884,0.0117836916428922,0.0140441223128813,0.0141593645781525,0.0149384076307088,0.0157357093933066,0.0128041516448011,0.0109319248241085,0.0162254532045577,0.0106178504896463,0.0134734949336498,0.0116207378220986,0.0192964434570769,0.00997798054866279,0.0146112527864048,0.00710051923557331
2057,2023-03-24,0.00818026505635466,0.00686978566257108,0.0106164413709586,0.0132965101535975,0.0167749633947144,0.0116332431405313,0.01530676042501,0.0128122965302041,0.0147813147787097,0.0154416630151293,0.0125930421327288,0.0107697205233968,0.0161916359952686,0.0105609150179996,0.0134441734061642,0.0118935769932695,0.0186941625926093,0.0097872785631559,0.0143961853213074,0.00707362193494576
2058,2023-03-27,0.00842959185511553,0.0075879680473469,0.0110984437088875,0.0132512211259076,0.016772338195914,0.0116537718604766,0.0151673392212589,0.0129799779544459,0.0145080489217229,0.0156177024966031,0.0125687920765356,0.0107644394321905,0.0162187311963532,0.0105899851409823,0.0133968823474088,0.0117609842244735,0.0187684175472891,0.00978274216928681,0.0143961838261312,0.00702602929625169
2059,2023-03-28,0.00843342494646754,0.00756818010440277,0.0110883347652549,0.0132489779209307,0.0166865543025994,0.0116149308226899,0.0152188285885706,0.0127919153826624,0.0144491856470806,0.0156530672315607,0.0125852593635907,0.0105030238367242,0.0162071033477999,0.0104895326174972,0.0134668606109515,0.0119018749237446,0.0186602341155273,0.0100756575714787,0.0144355067080117,0.00704341618157783
2060,2023-03-29,0.00853092752832888,0.00767109149045231,0.0108582854106856,0.0132749321424282,0.016480163382602,0.011671553804023,0.0152913993355086,0.0124172151693611,0.0142291972026625,0.0157207892949209,0.0124093343078364,0.0100684583946324,0.0160423198204533,0.0104237897285325,0.0132365142375661,0.012208924431316,0.0186398954077011,0.00999658601265183,0.0142175687221361,0.00694890645476327
2061,2023-03-30,0.00857577484914249,0.00818384499734716,0.0111014699929146,0.0133172114055293,0.01648043535934,0.0119720386149584,0.0154239937743555,0.0124083076201351,0.0142141429267955,0.0158520303133479,0.0125310179359259,0.0101048378940652,0.0170294712625744,0.0102817700896114,0.0134603782873288,0.0121709250231484,0.018694454888991,0.00999846140813445,0.0142252098764188,0.00696842493525912
2062,2023-03-31,0.00864701611119351,0.00817563854043088,0.0111101984728673,0.0133140074886406,0.016221463840717,0.011868667716689,0.0154062066199068,0.0120905537898482,0.0142041973872073,0.0158611731040152,0.0125210081216116,0.0100678594892275,0.016846509736017,0.0101761187309313,0.0130806228710573,0.0120967607339096,0.018239794140316,0.0102071950308018,0.0146813665606291,0.00691486925106647
2063,2023-04-03,0.00848443069945808,0.00820462537610414,0.0111034873451895,0.0133160813896788,0.016733216078484,0.0116976965383851,0.0156540734980364,0.012226114113379,0.0141803146525443,0.015430947752975,0.0122055488638611,0.00999546515217251,0.0166046812023922,0.0101687593795155,0.0130451000651069,0.0119984174330875,0.0193918660002416,0.0104148889606895,0.0146742584335636,0.00712364378005169
2064,2023-04-04,0.00843142741712947,0.00827565551669031,0.0111402555435698,0.0133166374115749,0.0159723037781519,0.0117933727401156,0.0157217188008417,0.0113237562237018,0.0140479040559283,0.015429030449393,0.0122056422037406,0.00998414769120608,0.0166922788679505,0.00981203093099402,0.0124260294177642,0.0118784159010355,0.0180668071619372,0.0114299568603514,0.0150099484618347,0.00730815947632423
2065,2023-04-06,0.00826209475669223,0.00808992622767202,0.0110473939277543,0.0128296197321703,0.015930626784308,0.0115669478518879,0.0154553588084721,0.0112952477178084,0.014085897100085,0.0152155226932726,0.0121322124552319,0.00997725265774693,0.0167327673734621,0.00980426572482457,0.0124221979785392,0.0117862475881606,0.0181135598626724,0.0131171590693133,0.0154558221641421,0.0072892136358515
2066,2023-04-07,0.00823801662886587,0.0082202114112206,0.0110902423621767,0.0127956007845182,0.0157950755602147,0.0115553182025601,0.015537036577575,0.0110064572384642,0.0141002743257151,0.0152211612664754,0.0121326808192481,0.00983045596218584,0.0168000840635621,0.00980176243274741,0.0121503410194273,0.0117540106806311,0.0176431763125812,0.0131389674237403,0.0154755829247803,0.00729255204301287
2067,2023-04-10,0.00822113185155395,0.00827101250941356,0.0109948215159659,0.0128053434032983,0.0148788669750536,0.0116108870416523,0.0155282124622214,0.0110026568680788,0.0135413421320535,0.0152814564496225,0.0121299584667263,0.00965673388573951,0.0166015030250651,0.00976719649548756,0.0117295711117431,0.0114688274208891,0.01731872325982,0.013114503833437,0.0154565846745269,0.00724849507547539
2068,2023-04-11,0.00822973499351541,0.00825603987244006,0.0109410445444671,0.012626731216613,0.0148622125794163,0.011681356294899,0.0149548881391155,0.0108213397201296,0.0135522110253787,0.0155668497029043,0.0120612227366559,0.00963812050964945,0.0164351186156317,0.00954161500589051,0.0117302039368854,0.0112989463207206,0.0172773168968928,0.0137907269323477,0.0151562045362687,0.00725223031019384
2069,2023-04-12,0.00822880321021237,0.00843350965696682,0.0109331075154876,0.0125546476425698,0.014961770111365,0.0118243063122103,0.0149400375908694,0.0107632689818487,0.0133486381358521,0.0162129262058606,0.0121219360558425,0.00972241078796581,0.016447649540094,0.00946089898750736,0.0116077492211697,0.0112768666102021,0.017209734842665,0.0138641388127962,0.0146316332173922,0.00724049345055833
2070,2023-04-13,0.00837733222755885,0.00850510189168337,0.0109006706928293,0.0125928258380437,0.0150415062619665,0.0118425027178647,0.0149264495212627,0.0108499556888767,0.0130282804344373,0.0162212292342772,0.012204743629128,0.00968733754568376,0.0161138803634836,0.00840788689772867,0.0115823018483591,0.0111704379312557,0.0171933352702376,0.0138947750141853,0.0147600918141282,0.00724288859504306
2071,2023-04-14,0.00842414217842958,0.00855084699816765,0.0108978214871786,0.0125821556218386,0.014475001636347,0.0118579582235276,0.014862481212679,0.0108673826706617,0.0128571235366214,0.016482380321528,0.0118330959779315,0.00952627891767867,0.0158830102127826,0.00771998527396991,0.0104839962410224,0.011292788521254,0.0168574299427722,0.0139455319528157,0.0148333252059558,0.00729529729480298
2072,2023-04-17,0.00847605792127405,0.00940337642038383,0.0110144743027016,0.0124624424425305,0.0143800501338672,0.0123169581124929,0.0150447097606052,0.0108898683288722,0.0130733929512604,0.0166849414107661,0.0119729502476785,0.00954679088708239,0.0159636362757645,0.0076318863644097,0.0104142935347019,0.0117538941130281,0.0165679289026077,0.0140328463095834,0.0148265993865304,0.00767792884898905
2073,2023-04-18,0.00838729674591552,0.00936538021600692,0.00989823836023081,0.0124309162068584,0.0147369543933474,0.0121140890221958,0.0140718767560253,0.0109498577512756,0.0131144295054124,0.0166395386892667,0.011826130646349,0.00953214331827545,0.0140993340997119,0.0073526562206963,0.0103124617448809,0.0117583070935225,0.0165586078722108,0.0140393452277688,0.0148621588941645,0.0075809063594617
2074,2023-04-19,0.00849209196554988,0.00948726087122673,0.00988650168615642,0.0124469080324741,0.0147410599863006,0.012165049900932,0.0141212698778703,0.0109347692593744,0.0133677817102365,0.0166634053270082,0.0118341099661632,0.00951845388777623,0.0140913572380936,0.00736002629774042,0.0103083179658318,0.0116214559590787,0.016354794170219,0.0141714653902197,0.0148077411738518,0.00758314748773809
2075,2023-04-20,0.00839942143976509,0.00947226925118924,0.00989238678945668,0.0122271970428982,0.0145132556692086,0.0120051844407628,0.0141282561292417,0.0109202757341836,0.0132690929433466,0.0167596917225045,0.0119016978877755,0.00951554244182167,0.0140308654614765,0.00729747737933421,0.0103213988043552,0.0112274220311677,0.0160158827799531,0.0143780724959189,0.0147934474887068,0.00780585341045025
2076,2023-04-21,0.0085142820289806,0.00953919978457071,0.00996644472092832,0.0123223859373475,0.014448623193878,0.0121534769716851,0.0142727854194727,0.010918192535474,0.0134042141994471,0.017280108081883,0.0121547568269073,0.00962057767021572,0.0140133151772534,0.0072526382562758,0.0103578549046017,0.0112856938253621,0.0159373775977991,0.0146268965885832,0.0146697459469997,0.00785290511580323
2077,2023-04-24,0.00868733009292091,0.00957549321726117,0.0100181516696489,0.0123761844186719,0.0145250665428508,0.0122210786579688,0.0142822074780828,0.0107701167895726,0.0133215121252862,0.0175755751742317,0.0125907042469922,0.00964586643849096,0.0140907516908797,0.00710779975735677,0.0102139851987882,0.0112966813509003,0.0157668164511775,0.0150212593765317,0.014675543965421,0.00788447632224792
2078,2023-04-25,0.00864091187045054,0.00996603680201767,0.01000299155875,0.0132540507764085,0.0147112029336747,0.0121889508848305,0.0142715921271535,0.0107958512560642,0.0133624347582393,0.0176407373167579,0.012539110744861,0.00974063965906459,0.0139070081215914,0.00712605071254819,0.0102234693953784,0.0113422563776934,0.0158661069624815,0.015029680781124,0.0148765485095877,0.0085177001558644
2079,2023-04-26,0.00868123375208094,0.0100425326851706,0.00998514778581967,0.013266984911987,0.0147315716782917,0.012197141096201,0.0141882775108732,0.010823964636047,0.0134044381579101,0.0176241526647971,0.0125496740415194,0.00980510889907835,0.0139234927387521,0.0069732302340876,0.0102609198299311,0.011444206453518,0.0165953329492933,0.0150761784958052,0.0148408964598746,0.00876297365884562
2080,2023-04-27,0.00847431845175234,0.00990132796694265,0.009832682081561,0.0131415871382235,0.0140900328300566,0.0121383183267635,0.0138927425852195,0.0108655670051342,0.0125428038622585,0.0172236340559176,0.012165508356684,0.00948004273441253,0.0137246161606731,0.00690461901430621,0.00986449789082003,0.0114571486987904,0.0165669862637038,0.0149673022409087,0.0151660391811588,0.00878268468784829
2081,2023-04-28,0.00847504601322419,0.0102118181234329,0.00912638858697968,0.0131107959993397,0.0140567501067183,0.0121648799327948,0.0134049571968951,0.0114131556531097,0.0120913039218255,0.0173556308658505,0.0122098015225545,0.0093691711235709,0.0127549308524063,0.00660401644399257,0.0106128590391633,0.0114572047007568,0.0168651620384813,0.0149823870737971,0.0148905827204902,0.00878205425831017
2082,2023-05-04,0.00848082318323731,0.0102046030121678,0.00934729761240595,0.0131068453240156,0.0138462477382533,0.0121578888100678,0.0134552425823476,0.0116997554153629,0.0120396551556842,0.0173280696923128,0.0122594149058841,0.00929166469114759,0.0128223558727719,0.00651239420993709,0.0105599931704213,0.0114998792525774,0.0167772779294945,0.0151873754139131,0.0153500375982534,0.00878233345157098
2083,2023-05-05,0.00858345697174311,0.0102815381241655,0.00939775082484082,0.0130547185308851,0.0139036162474286,0.0121642377110587,0.0135366569058383,0.011711511992,0.011561547202198,0.0174303627845441,0.0122370379818348,0.00847833270470161,0.0127207098856905,0.00593429037156337,0.0103728573531213,0.0116460734324386,0.0167875219691691,0.0151567758737418,0.0153139682510599,0.00872790101402388
2084,2023-05-08,0.00888613715872576,0.0110738482643789,0.00976241257744771,0.0130683336048393,0.0135108804259675,0.0124371640415661,0.0136535166201523,0.0117685755199848,0.0116028949682455,0.0181085135837823,0.0124198462276299,0.00849622534624362,0.014126389541447,0.0059320119688834,0.00994917112521707,0.0116732378741049,0.0167980133315473,0.0151519940381558,0.0152967578021305,0.00877073206315796
2085,2023-05-09,0.0108577971599404,0.0118621548148949,0.00960129782216673,0.0129544289321655,0.0136553065907565,0.0122781105836506,0.0136667357736067,0.0120108348066096,0.0114701367460402,0.0185599596579398,0.0125167784789269,0.00843351870165972,0.0138649773581989,0.00596554000055384,0.00995906107528617,0.0115908341328852,0.0171764074417116,0.0154000405068592,0.0154205448646832,0.00863150284489875
2086,2023-05-10,0.0115340431367491,0.0131296048923916,0.00958751172077008,0.0129187564136597,0.0137323770660725,0.0125908754423394,0.0139201905794627,0.0120859236768813,0.0114975405738048,0.018604216963002,0.0124104421697391,0.00836736334410723,0.013785486263318,0.00600059634278311,0.00997413459396942,0.0115638329066793,0.0171925926927179,0.01526956713977,0.0148127695295542,0.00861827829188254
2087,2023-05-11,0.0116647735068761,0.0135118380699167,0.00979731763605484,0.0129374592210275,0.0132758426888977,0.0127048183364869,0.013989611946173,0.0121112512543177,0.011514059127715,0.0188975806694053,0.0126609399002081,0.00824919069896654,0.0137933043255266,0.00600044233192016,0.00974317531294082,0.0115917420026021,0.0170296740481994,0.0154402806671507,0.0148784618876703,0.00867693268575234
2088,2023-05-12,0.0116959484702849,0.0136816629386572,0.00985735148597088,0.0129475859301784,0.0137681392410255,0.0129742983424639,0.0140347058921723,0.0128144522693377,0.0116368322194415,0.0192985187009176,0.0133633353804553,0.00803221011906595,0.0137998707719151,0.00599816262155449,0.00980662644634048,0.0116352420448565,0.0178451073531936,0.0163786733525194,0.0150275697298383,0.00852588359285502
2089,2023-05-15,0.0116910495395583,0.0139518484848015,0.00987994427992377,0.0129042379361689,0.014884170807204,0.0129987747183609,0.0143709235630595,0.0130733616952116,0.012113812706399,0.019238703782903,0.0133400714155603,0.00805669122202189,0.0138276604481388,0.00574535596088315,0.00984964873151081,0.0117119915281323,0.0178211300702724,0.0163758409739999,0.0150313383098802,0.00892954357903885
2090,2023-05-16,0.0117031480376343,0.0139517890226088,0.00984429422235556,0.0129165372107283,0.0145542752882057,0.013032263321861,0.0143928789477472,0.0129041111293021,0.0121067031599428,0.0192008914831332,0.0133211614019105,0.00802441105096179,0.0137371810927614,0.00542771287847302,0.0098408663394441,0.0116903258848463,0.0177329813137537,0.0163595492270708,0.0149629201000552,0.00888356769601767
2091,2023-05-17,0.0116681692271173,0.0139661317847015,0.00985076616052319,0.012613600921784,0.0141574577267854,0.0129474196281793,0.0143983142715302,0.0129390183900323,0.0120499565666039,0.0190403285778041,0.0133238371563476,0.00799976696927629,0.0137378321248488,0.00516733194710896,0.00972176999420766,0.0115969693192755,0.0174268770122739,0.0163836801576115,0.0149583927296785,0.00888602118744823
2092,2023-05-18,0.0116928722940033,0.0142038145321313,0.00986538758105448,0.0126217222241351,0.0142100159692157,0.0129166734397287,0.0143878029943811,0.0129437799365596,0.0120766886600087,0.0189646932684127,0.0131853520271697,0.00799635497830531,0.0137607648839926,0.00515521447409684,0.00964642420265631,0.0115366535485971,0.0173420008794049,0.0164542793701327,0.014875807530125,0.00885517717480768
2093,2023-05-19,0.0121336390187646,0.0144731560275161,0.00956251621582312,0.012613592765796,0.0140800987076804,0.0130068850293968,0.0143913626925845,0.0131028805013699,0.0120652350513295,0.0190108151409022,0.0132416669310418,0.00798952328471157,0.013793223529894,0.00524534142566401,0.00967601383895104,0.011553865091119,0.0176796690984046,0.0164553721205945,0.0148497883244545,0.00884774629381826
2094,2023-05-22,0.0121280227552292,0.0144799418194877,0.0094439541231295,0.0125263824203646,0.0142887317117677,0.0129567877639586,0.0143033720324158,0.0134335168453425,0.0117112921979264,0.0187584650409154,0.0129603382093709,0.00765417451117471,0.0137729674078098,0.00521734713405726,0.0100451511639602,0.0118678664954625,0.0184460754486766,0.0163713729254891,0.0144539393320309,0.00878064102824341
2095,2023-05-23,0.0121334825426124,0.0146482307385426,0.00933848151725595,0.0125235687532941,0.0142358322765924,0.0131192498558155,0.0142479134444749,0.0135797396032948,0.0117538724808881,0.0188235378833926,0.0129422539802619,0.00768969092132043,0.0137941591597207,0.0049770059191344,0.0100785969963456,0.0119226180124958,0.0195912392698371,0.0167332739233099,0.0149578912271461,0.00870036753898156
2096,2023-05-24,0.0117457812034955,0.0146878718279611,0.00956644728016938,0.0101261820555944,0.0142506700600451,0.0114735141271544,0.013477935148033,0.0136800451279974,0.011178408584743,0.0179075769182189,0.0121860121621168,0.00714146772887623,0.0133527511246954,0.00471975674594692,0.0100933539261357,0.0113445826569792,0.0197159664078844,0.0166280942316845,0.0147673640623756,0.00848374789736663
2097,2023-05-25,0.0116081454130656,0.0147204112182092,0.00955016030630314,0.00987636336030537,0.0142917863163653,0.0112896041893267,0.0127669398350452,0.0136652846265165,0.0111269557911721,0.0176978210677858,0.0121501445476979,0.00701102514294761,0.0132032622931521,0.00465349027168354,0.01026778676693,0.0107723234061086,0.0198131290226507,0.0167977137356701,0.0148020562035325,0.0084617076906489
2098,2023-05-26,0.0116155781463224,0.0147212096684828,0.00973608892268845,0.0100324887576208,0.014841857217309,0.0114459708590757,0.0133709364834496,0.0140720259699019,0.0111729388858827,0.0179848593638775,0.0122361731368857,0.00697216527097545,0.0137034228943166,0.0047244942942505,0.0107128180977985,0.0105800715100227,0.0205847571851288,0.016861087313144,0.0148759064575729,0.00845951934811467
2099,2023-05-29,0.0123638795810798,0.0161893491320057,0.00990480205817218,0.0101398587426826,0.0159907670759221,0.0114730820673174,0.0133147602735782,0.0152709487697294,0.0111807032172927,0.0184680375333252,0.0122275816087637,0.0069704246310114,0.013735198273874,0.00520430727572595,0.0117555722312387,0.0107193022179111,0.0216910552883622,0.0168699500135994,0.0147901724544012,0.00846809737355495
2100,2023-05-30,0.0125541525395047,0.0161874781452365,0.00990469787827513,0.00999642592077049,0.0159952734900183,0.0114288896004706,0.0133433421596983,0.0152635423614026,0.0111737219186862,0.0184495121138645,0.0121724829826594,0.00694135583646583,0.0137412755438288,0.00530154809337612,0.0117214051533321,0.0106943199045661,0.0218009370047411,0.0168585570390777,0.0147390250784502,0.0084671522084612
2101,2023-05-31,0.0126103181008128,0.0162102067169246,0.0102733267214796,0.00998939697049333,0.0159705991069246,0.011500615462682,0.0139979938118203,0.0152235578275859,0.0111682661185947,0.0184394812472641,0.0121769359519831,0.0069408851899577,0.0162806282224761,0.0052357172901862,0.0113901684841259,0.0106152514158936,0.0217767501783969,0.0168585099222095,0.014983629994483,0.00848688848963712
2102,2023-06-01,0.0127547214178115,0.0162466208331978,0.0102748356512159,0.0100116640241272,0.0159966065649709,0.0115080692468401,0.0140410029658039,0.0152998972600455,0.0111473140231571,0.018591840071748,0.0122013744016524,0.00694016373755296,0.0163107910867178,0.00685222252689707,0.0113533138894285,0.0105956921691927,0.0216269886788571,0.0168424799490181,0.0150445847109325,0.00850906531618153
2103,2023-06-02,0.0126343702508651,0.016311438770537,0.0103241252905935,0.0101424516725926,0.0162345678201237,0.0112880960688325,0.0139558245323549,0.0154469464253253,0.0110336730430437,0.019346816693107,0.0125732938094454,0.00698031426921303,0.0161709125009273,0.00705175863743906,0.0112949050844334,0.0108264517146736,0.0216915416613288,0.0168867609604774,0.0151924287013422,0.00873135158124032
2104,2023-06-05,0.0128270686820644,0.0162869734255499,0.0104110949189884,0.0101291301890178,0.0161990268952741,0.0112853192731431,0.0139538022382154,0.0154019798994759,0.0103829421211989,0.0194656250199764,0.0125990869945306,0.00682118603654911,0.0163158487372209,0.00706490527395477,0.0110958692885142,0.0105444385231534,0.0216881448847341,0.0174384689045886,0.0156776959009421,0.00885013064014709
2105,2023-06-06,0.0127712477671708,0.0163297857492995,0.0103894804844277,0.0101282720529868,0.016483078996685,0.0112786750826309,0.0141038643065608,0.0153934015788068,0.0104464310017021,0.0195898580350676,0.012606145770167,0.00696425918676792,0.0163115074043401,0.00733078812254834,0.011345220444507,0.0106392827614186,0.0221232248972216,0.0174410168391353,0.0156588036276125,0.00882201932927394
2106,2023-06-07,0.0127740516545382,0.0163343574470309,0.0105127224564325,0.0099194176015282,0.0162214973859504,0.0111544394435602,0.0140163928746518,0.0154313215119019,0.0104401732675334,0.0194810719770581,0.0126296119511796,0.00671077305810429,0.0163524277027348,0.00743378015071989,0.0113977921614521,0.0106394652450422,0.022097116589012,0.0175098147819416,0.0156728560115288,0.00881971503325324
2107,2023-06-08,0.013243123389154,0.0163424007415038,0.0105392867765238,0.00992392251614768,0.0162426997527524,0.0112387392084429,0.014214615389081,0.0155240874843486,0.0104265740543824,0.0195507415434589,0.0126518363691613,0.00669264647166387,0.0162882095524957,0.00742881386390016,0.0114463814115796,0.0106291480214095,0.0221315217658039,0.0175176599551466,0.0156675475074796,0.00883515831476746
2108,2023-06-09,0.0133983332403534,0.0163555266241758,0.0105332811179897,0.00992356083792733,0.016430382295611,0.0112124099727412,0.0142134247293399,0.0155205946827496,0.0104254771637886,0.0195485998898084,0.0126303872249275,0.00671273355625225,0.0163693375382095,0.00741948839517139,0.0114242337031885,0.0106542740914032,0.0222051822980217,0.017466070426087,0.015464955859153,0.00883231228075538
2109,2023-06-12,0.0135076454557339,0.0164845620840195,0.0105992740923949,0.0100321076241735,0.0178776619761287,0.0112009111282712,0.0143566274012546,0.0156843555464294,0.0104849027538556,0.0195883488335956,0.0126768481266445,0.00669175267112973,0.0163925250347795,0.00773189240038568,0.0117073545233097,0.0109138323136094,0.0227424705772817,0.0175575548527572,0.0155699685041813,0.00887051599854198
2110,2023-06-13,0.0135012344868997,0.0166158158395495,0.0107800294502988,0.00997410098488747,0.0181551454812955,0.0110054478671138,0.0142915261009958,0.0156423794622711,0.0104062647955885,0.0194537689314829,0.0125240251198757,0.00656339238758316,0.0166318187285749,0.00771712292055912,0.0118368644413272,0.0107441584361587,0.0226121450678362,0.0175465357871008,0.0155940270446419,0.00852471079087733
2111,2023-06-14,0.0129384321125862,0.0165535063885498,0.0107033301581636,0.00996085658776943,0.018776557325818,0.0108033781723339,0.0142485959140278,0.0159456148159671,0.0103730831805327,0.0194383402657149,0.0125031747179526,0.00652538070048226,0.016489954145787,0.00782164370312519,0.0118694487735495,0.0108239284060253,0.022799576313773,0.0173846723524149,0.0153361124387088,0.00854802203654899
2112,2023-06-15,0.0129002562898208,0.0166782852279515,0.0107058865078563,0.00986303217401437,0.0187659383700455,0.0107929715656343,0.0142498102487164,0.0159054355580199,0.0103891886968769,0.0194041360081092,0.0125289822697136,0.00659355018941681,0.0164487647637583,0.0077926918136488,0.0119119768550174,0.0107374878432682,0.0228609706030377,0.0179566699122337,0.0165608826249836,0.00875644535043274
2113,2023-06-16,0.0128683200658817,0.0166359270098855,0.0106573153483032,0.00933098866223438,0.0192130006429258,0.0108629297218963,0.0141683226195992,0.0157109235726087,0.0104793020773409,0.0193245425447605,0.0126027364349472,0.0061960431689391,0.0164580756169676,0.00827109003816032,0.0119791100442234,0.0107126221125296,0.0227897592966059,0.017993307599855,0.0165661057658789,0.00878662155132599
2114,2023-06-19,0.0126663392090424,0.0165656795280116,0.0106543430579226,0.00919962145570759,0.0196582331099887,0.010587219873231,0.0138677998458947,0.0157921478492728,0.01013316683859,0.0187087979551404,0.0118693483465192,0.00598485832270549,0.0165166279165805,0.00829110418733001,0.0120703484109787,0.0103101957236122,0.0231737722489518,0.0180434213136675,0.0167288258445023,0.00848782728602429
2115,2023-06-20,0.0126383461602238,0.016631016598277,0.0106560231172983,0.00923638637464072,0.0196605826690053,0.0106253783040149,0.0138205404879812,0.0157958455928883,0.0101992542024265,0.018581509468405,0.0117148724197736,0.00574913401845092,0.0166084857061567,0.00849551000489173,0.0120539264863084,0.0102962767412652,0.0231812073501235,0.0180540986175995,0.0166930876627063,0.00843826035466482
2116,2023-06-21,0.0126423920442742,0.0167624487920743,0.0106893522946797,0.00938604611425845,0.0194539040799362,0.0106136820702128,0.0138211129760254,0.0155802485646705,0.0101843217099247,0.0185936257945819,0.0117681591620564,0.00579049943569618,0.0166049642269253,0.008608169057695,0.0119276183509474,0.0100524158097384,0.0227722148459649,0.0178425101310824,0.0166634205738557,0.00829585503809632
2117,2023-06-26,0.0127320444928031,0.0168278480653498,0.0107201033839569,0.00938840796933478,0.0196240629586516,0.0106411386305139,0.0137960315423294,0.0160473305422908,0.0101858243919566,0.0185956717361456,0.0117524366186189,0.0057223099896828,0.0167882850984656,0.00897592179044711,0.0121582190044414,0.0100991192936272,0.0240134552919904,0.0177884039422627,0.0166649472004121,0.00832112024717506
2118,2023-06-27,0.0139843201162653,0.0170336099116609,0.0109818762359886,0.00941080547240931,0.0196441907662737,0.0107092417948367,0.01373985118095,0.0159928496446306,0.0103271318428864,0.0187994073683978,0.0118958772476235,0.00574070815722602,0.017374935131766,0.00899999870250887,0.0121562854038673,0.0101581778764494,0.0239938655330935,0.0178789261260109,0.0169813070930156,0.008367261414348
2119,2023-06-28,0.0140749388721037,0.0169380706393501,0.0107572287580014,0.00940385051491741,0.0196400094523729,0.0106597068269228,0.0137796446846769,0.0160230106016601,0.0102676851928842,0.01879574834106,0.0115356986861958,0.00573507096975807,0.0174393273359339,0.00900218725393105,0.0121719774851554,0.010134510333178,0.023935996107034,0.0177033473699286,0.0170131370994045,0.00835560966813717
2120,2023-06-29,0.0140496023811934,0.0167355046119925,0.0109046774439541,0.00943321393906521,0.0196527609208368,0.0106431213900673,0.0125124666192399,0.0161056466684454,0.0102666684639763,0.0188337987999112,0.0115365879671464,0.00574384308762509,0.0175116318220101,0.00930036490340059,0.0120807662102123,0.00975733730497999,0.0241853677630631,0.0177029274204136,0.0170183628897136,0.00835467757872465
2121,2023-06-30,0.0140567044557817,0.0164869345127824,0.0107172740883488,0.00930355403502015,0.0199810525239071,0.0106691794465878,0.0129214845618105,0.0159187790460496,0.0102897977187195,0.0187242887642108,0.0116130912286433,0.00585996491385423,0.0178523678434979,0.00926820186390362,0.0120883673718304,0.00984512698008351,0.0241049127930888,0.0177214990497821,0.0170327602349622,0.00841048248532417
2122,2023-07-03,0.0140839433249222,0.0168900255164169,0.0109887653483317,0.0094780740905227,0.0200153338019449,0.010898974565298,0.0130682953049418,0.016001798276392,0.010324405352699,0.0189566032147069,0.0117010116859464,0.00589697573800187,0.0180738516030642,0.00924505021258293,0.012212667689125,0.00948036372395351,0.0244676335489125,0.0177634664907947,0.0170194735935918,0.0084102512850342
2123,2023-07-04,0.0140688665579643,0.0168941810328168,0.0110335185736094,0.00948006252388312,0.0199752954720858,0.0108897824111932,0.0129961758405401,0.0161444327154134,0.0102975414767525,0.0188711962152501,0.0117067601288,0.00589548161910877,0.0180346718830234,0.00941901201278452,0.0122385913770339,0.00899770913430983,0.0244724163695929,0.0178222567134888,0.0170553375568226,0.00840544326236064
2124,2023-07-05,0.0139875263976713,0.0165860075252222,0.0107531518764754,0.00934067617644353,0.0199452379510425,0.0106144438277834,0.013021633344694,0.0164116565001481,0.0107977717852276,0.0188066565703434,0.0115807381641246,0.00627970551167521,0.0168871947812424,0.00961449709896206,0.0119756560771952,0.00890050426210873,0.0243973703166686,0.0178188475667843,0.0170594752429335,0.0084054180224791
2125,2023-07-06,0.0140189268285036,0.0166297299426875,0.0107665716058969,0.00942562351397721,0.0202836836270646,0.0106206476261561,0.0130888042742352,0.0163990705262348,0.0115467088918212,0.0188384833471348,0.0115801042162403,0.00686001063717399,0.0169219181967274,0.0096509519503719,0.0119809022460237,0.00889198505147517,0.0243961353806396,0.0176844276031282,0.0166866704673589,0.00841326318772626
2126,2023-07-07,0.0140586495016972,0.0166344906935375,0.0109119351592939,0.00938054536037562,0.0199104037417951,0.01072444710637,0.0131301028972421,0.0162852930271938,0.0112243393313137,0.0188450529718553,0.0116297247990742,0.0068612431887924,0.016987427053172,0.0096675261784046,0.0120722293544219,0.00889211613111854,0.0234925245523726,0.0175183138700172,0.0167058415020113,0.00828929509345887
2127,2023-07-10,0.0140666328316947,0.0165715220483508,0.0108677695836589,0.0093766954421452,0.0199201679807542,0.0105700764386592,0.0130828229590004,0.0162631148167803,0.0111882195189905,0.0190518532579435,0.0116268164276906,0.00680092870288391,0.0168274998645597,0.00971182654906371,0.0122578199887292,0.00888177862527473,0.0234938865873118,0.0167505733043094,0.0163095511101546,0.00796435628055687
2128,2023-07-11,0.014085316510364,0.016481401979704,0.0108642451058233,0.00939342440343464,0.0199085516987276,0.0105760893399002,0.0135865733744907,0.0163450661560037,0.011031578414414,0.0191320050625454,0.011648014558571,0.00679894657867093,0.0170948183784957,0.00971684912068215,0.0124992584024765,0.00897405980692857,0.0235958708501869,0.0155547987375272,0.0158957114283415,0.00792312810176957
2129,2023-07-12,0.0141892979410688,0.0165236087316339,0.0109035279696221,0.00932328843464231,0.019868963195623,0.0105855181799835,0.0135137014137182,0.0163219924142933,0.0110302246214059,0.019128870454347,0.0116397987633333,0.00680972491002613,0.017147790711509,0.00971461710135872,0.0125009134582367,0.00940716649808992,0.0235426799016023,0.015572499960309,0.0158794151267301,0.00795140867002103
2130,2023-07-13,0.0143519243923042,0.0170214676844453,0.0111131923831639,0.00924074242436761,0.0195128369739025,0.0104915487963618,0.0138037608046048,0.0158769806795151,0.0110270120849326,0.0196535630799568,0.0117700418107077,0.00687598071388931,0.0173461356056785,0.00965359549743834,0.0124215199344866,0.00951004193792195,0.0233953800314545,0.0157815903261272,0.0158899912225507,0.00796966527968715
2131,2023-07-14,0.0143821364890889,0.0169791401251854,0.0111430625989894,0.00910486053751391,0.0197225612923724,0.0104628698501549,0.0138452812327422,0.0158761230976545,0.011035110476816,0.0193651377642073,0.0117889575134517,0.00686917348277109,0.0174401623031808,0.00972485085984807,0.0123857655354289,0.00955141855561126,0.0240098889031761,0.0149424444915311,0.0153467372098509,0.00797915252796411
2132,2023-07-17,0.0143915467543838,0.01688958624041,0.0114101342937376,0.0091670621052257,0.0196718844672695,0.0102821370409078,0.0138773517065063,0.0158748272406548,0.0113599100429683,0.0188840934853907,0.0117091694573069,0.00704711458905232,0.017746844324145,0.00970355996120161,0.0123611063583714,0.00969382722899589,0.023938926646215,0.0147058474795629,0.0151734508896009,0.00791003595830962
2133,2023-07-18,0.0143546037187972,0.0168886752860327,0.0114111880148336,0.00916487936473237,0.0196415925885542,0.0102815447946584,0.0138102482328874,0.0158361235891966,0.0113954465069464,0.018969664729019,0.0117078529183845,0.00706231071896757,0.0176965694578511,0.0096804946618764,0.0123504730732937,0.00970418108887786,0.0240259437203165,0.0147059889268607,0.0150222976946991,0.00781212306946931
2134,2023-07-19,0.0145513811102792,0.0168297470305601,0.0113717643548728,0.00906372136506937,0.0196114284484333,0.010175735074565,0.0138786701623266,0.0157638507179158,0.0112882066426591,0.0187064168373852,0.0116163998622355,0.00702293746548673,0.0177035149610013,0.00970007751361283,0.0123606419268511,0.00953903009174108,0.0238851977510928,0.0142808387571702,0.0151664303574879,0.00779986115087072
2135,2023-07-20,0.0145705890499727,0.0162649573468116,0.0112043430114386,0.00897897147190548,0.019736885488547,0.00943849665180229,0.0136297186747974,0.0157450311473015,0.010909617928912,0.0184198659959222,0.011385897272681,0.00686275356997554,0.0176700186203067,0.0097069807916574,0.0123955917201304,0.00898923873659455,0.0241349619489129,0.0142761749606438,0.0151824250291242,0.00759463892073912
2136,2023-07-21,0.0145618750984373,0.0162508921956814,0.0111874509969893,0.00901352773686223,0.019562193597253,0.00944222443397999,0.0136788435944683,0.0157158711610017,0.010853819644747,0.0184678436406996,0.0113765906166965,0.0068628903734903,0.0178792787424215,0.00971241741770555,0.0123971787696639,0.00899801708877872,0.0240306858541872,0.014296284106328,0.015163506865981,0.00756637671379193
2137,2023-07-24,0.0145527117277266,0.0162379236822949,0.0111948145825025,0.00906714195973419,0.0197383860265843,0.00941595204136927,0.0136601350350999,0.0157146062356922,0.0105748887243319,0.0184709060160226,0.0113964431645297,0.00683707464980638,0.0180475948659217,0.00972237622359779,0.0124053253284367,0.00899940388999849,0.0241645879685907,0.0142531578691606,0.0151473874149206,0.00753088669892824
2138,2023-07-25,0.0147966423542834,0.0162364138176969,0.0115589962875293,0.0105598893108328,0.0208958383268774,0.00994383840505297,0.0139195300750599,0.015801393558551,0.0112216391915995,0.019951072656884,0.0115581525015397,0.00746544236811618,0.0186598880839264,0.00984850544206563,0.0124016751212531,0.00997240632276681,0.0245356466072685,0.0141762345025676,0.0153025555401674,0.00710559451828412
2139,2023-07-26,0.0148622694226762,0.0164152227008339,0.0115427755355684,0.0106365007676219,0.0209462763856237,0.00983388931738114,0.01377981792758,0.0157921603098636,0.010930442875154,0.0195362567395536,0.0113346546866385,0.00735254258229595,0.0187249962586056,0.00983866787994278,0.0123810203563566,0.00985768659707149,0.024508753382873,0.014429944269827,0.0153364766689753,0.00692783564432628
2140,2023-07-27,0.0148083451311342,0.016430779470671,0.0115039843562176,0.0107651618411168,0.0207393762341017,0.00980741555217826,0.0137564212331322,0.0158511811942661,0.010863849278357,0.0193016873860631,0.010887123155695,0.00727925101131389,0.0186894286243907,0.00977688448167138,0.0123287484137924,0.0098278503421486,0.0246654009494148,0.0142024440602015,0.0152582562728836,0.00678049691163292
2141,2023-07-28,0.0149462629041784,0.0161401620012319,0.0115838845362559,0.0103988351796092,0.0205656383639543,0.0101182975533377,0.013874463623958,0.0158454384465124,0.0110377124746394,0.0193203913644278,0.0109579173290116,0.0073712547483991,0.0188397240625139,0.00978449744074507,0.0125163018081578,0.00980622257917907,0.024641406115525,0.0143235895948151,0.0152704008677759,0.00547868572421534
2142,2023-07-31,0.0149464376226848,0.0161336650141255,0.0115618399778462,0.0103564941635652,0.0206450102093406,0.0101169456723776,0.0139370525136616,0.0157774297535032,0.0110392622623515,0.0193732601684256,0.0111900404968685,0.00739471149946137,0.0190825566428519,0.00975791366101755,0.0125841923926454,0.0098401013734064,0.0240721863754419,0.0143485950507663,0.0152667491064256,0.00544399067721461
2143,2023-08-01,0.0152114557391476,0.0162154049576981,0.0115427459816646,0.0103484616450142,0.0213655126808896,0.010134058508013,0.0139352369701683,0.0158988287487049,0.0111318640193047,0.0193634319183065,0.0112903098009276,0.00744019606209381,0.0190211127373916,0.00988599508151122,0.0126135155162,0.00984620396309394,0.0245968311759588,0.0141684536905789,0.0146640204019986,0.00542371280691365
2144,2023-08-02,0.0163087736428821,0.0164784746419642,0.0114356359140777,0.0103234938668825,0.0213979284917093,0.0101244701722013,0.0140179760810032,0.0152715589827947,0.0112331486793978,0.0192584085887363,0.0112626199434582,0.00744279545911936,0.0191026873137596,0.00993925528603954,0.0116128712126827,0.00986030730260951,0.024246733540891,0.014179138768038,0.0147165272955461,0.00535338185158204
2145,2023-08-03,0.0163129663030895,0.0164505900059475,0.0113105429071545,0.0103192484694574,0.021424894504356,0.0101388807913133,0.0139752881181445,0.0149308224501839,0.0112263382628354,0.0195400100837805,0.0111947219213367,0.00745012506779971,0.0190941461901327,0.00992577565208094,0.0116221551044498,0.00977391729150591,0.0242001162593637,0.0137761723073718,0.0140109990794118,0.00531031433865454
2146,2023-08-04,0.016344348017738,0.0164551570480094,0.0112956559870908,0.0102001421701034,0.0212006867688059,0.0101629954462174,0.0138464575325317,0.0149142586244489,0.0110691162211376,0.0193102265553659,0.0109784674805365,0.00740192067676148,0.0191029005272771,0.00990922401880641,0.0116094442664201,0.00949889120694044,0.0242368301823119,0.0137903939680734,0.0140155678049093,0.00522776741290198
2147,2023-08-07,0.0163144946768882,0.0157298724267621,0.0108320859274274,0.0101228107828263,0.0212022021460939,0.00982001104858684,0.0136946333302381,0.0148565941188272,0.0110640088330014,0.0186977494009582,0.0107851036378545,0.00741158161444976,0.0178203921522022,0.00984594154004765,0.0116412132993253,0.00949567589845826,0.0242915056856652,0.0137762622633757,0.0142490332974891,0.00527831647987795
2148,2023-08-08,0.0153238909902279,0.0154516490651173,0.0109605514430381,0.0101236367786842,0.0211904151890611,0.00972122781591132,0.0137574872593524,0.0147211815081502,0.0110284398209948,0.0181419447163935,0.0104812526621899,0.00741531463373305,0.0179584474892961,0.00990399205299386,0.0116304427183087,0.00938209001148545,0.0241454963196297,0.0140025044445416,0.0142498569836788,0.00510857121474476
2149,2023-08-09,0.0148253454739827,0.0146449711907774,0.0109574213308241,0.0101718748825986,0.0211936480912385,0.00925699010391186,0.0134596336441265,0.0147031911405245,0.0110363090030199,0.0181716797077605,0.0104992056877768,0.00740565088014047,0.0180036847785595,0.00990546302583945,0.0116251075729184,0.00937577451132161,0.0241806743187398,0.0139571436686414,0.0142458657629645,0.00515726715732296
2150,2023-08-10,0.0146962338398055,0.0144727599613418,0.011123825416583,0.0101797561310102,0.0212043565150322,0.00911794953220224,0.0135373214100325,0.0146132878533475,0.0110292259967578,0.0178442745267515,0.0101911780558683,0.00737897805170591,0.0185380474040564,0.0102868551883286,0.0116385538988364,0.00929485717112109,0.0241890026762596,0.0138662792510389,0.0142452228930943,0.00513904457345995
2151,2023-08-11,0.0148636944113852,0.0144170215550825,0.0111582546980614,0.010228188505395,0.0207597415435734,0.0087531698218332,0.0135298184280067,0.0140319028527211,0.0109319046173214,0.0174258503190823,0.00923006968209913,0.00738648153441605,0.018475403771535,0.0103172288823876,0.0116956470968401,0.00922410471857247,0.0236586296125728,0.0131329393497284,0.0140654288352145,0.00539161827892541
2152,2023-08-14,0.0148630271844264,0.0142351166390405,0.0111784804264784,0.0102957478612795,0.0201724443193228,0.00869402439478768,0.0132667412869672,0.0138970614084441,0.0104302921040266,0.0174212671356558,0.00922997543823242,0.00737767794073684,0.0184006327862511,0.0105100855548712,0.0115919895172374,0.00908414262799271,0.0241880678946922,0.0131545994635368,0.0140417245486461,0.00502680199892591
2153,2023-08-15,0.0148476706668395,0.0142431232782493,0.0111795922802207,0.0102899691814777,0.0202592945170664,0.00860064849261959,0.0132006914926948,0.01388403769838,0.0103904925134861,0.0174168704379557,0.00920974111726299,0.00736209574046387,0.0184686722585256,0.0105955041743493,0.0116095764178167,0.00907688944517889,0.0244250424142737,0.0132279373102488,0.0140087245363626,0.0050246987165923
2154,2023-08-16,0.0152510702668932,0.0143325695816594,0.0111787593606041,0.0102913371845491,0.0203150687860987,0.00854461871142926,0.0131359609169241,0.0138460237024448,0.0103875433471312,0.0173369517302489,0.00908715079454083,0.00739105109845614,0.0184834020612912,0.0105907727184172,0.0116059243172201,0.00892783037927502,0.0245062991674547,0.0132593307667846,0.0140616311640162,0.00500814985956621
2155,2023-08-17,0.0152569224687219,0.014009499619009,0.0111788851346895,0.0102908132884996,0.0203062112878516,0.00851779659946645,0.0131393803347283,0.0138664933544794,0.0103262564489193,0.0173450663435267,0.00908688789830684,0.00740648138559093,0.018463141291523,0.0105782324023349,0.0115751374529765,0.00889939145042604,0.024581387684395,0.013074088753338,0.0141829066939502,0.00497386884628568
2156,2023-08-18,0.0148599064974913,0.0138320414385738,0.0112228814315772,0.0102998989130748,0.0203088789522081,0.00842263428352066,0.0131346275048531,0.0137688443960844,0.0103316647483401,0.0172613068952707,0.00898998941931216,0.00739994752098716,0.0183935993099784,0.010604140651316,0.0115211049031306,0.00890973349562901,0.0246171476301988,0.0132172615067509,0.0141885087804787,0.00495505270261723
2157,2023-08-21,0.014885872721923,0.0140368252470376,0.0112480229357034,0.010294805691155,0.0203902887106971,0.00841981238560616,0.0130866633850461,0.013260155027383,0.0103356533961301,0.0172574558505948,0.0089303802964729,0.00741419192392486,0.018411543034171,0.0105724841509394,0.0112439084461962,0.00863430076707449,0.0241248435817485,0.0131808540671917,0.0141361452956694,0.00496502138116365
2158,2023-08-22,0.0153014317898776,0.0139683971750718,0.0112329635359873,0.0107043068236581,0.0204208826867396,0.00812278193023956,0.0131100463413053,0.0131642783555587,0.0102534863006174,0.0169338396496809,0.00878102290187635,0.0073514461357087,0.0184195480675782,0.0105677065338735,0.0112092441475757,0.00850125758721968,0.0232867361886112,0.0131067987391636,0.0141911787260941,0.00496119923671278
2159,2023-08-23,0.015254912066971,0.0138915266187444,0.0110481515115572,0.0106703922106132,0.0205240903440716,0.00805259287991177,0.0133547048831154,0.0131975087913204,0.0106024444989736,0.0169494884552914,0.00874351381078252,0.00753569733264935,0.0186146844272929,0.0106299689362559,0.0114061839903273,0.00842343102020036,0.0237120073455378,0.0130685843760703,0.0141969533953117,0.00504919313539147
2160,2023-08-24,0.015258042644639,0.0139633699400225,0.0109765136838533,0.0107234802517502,0.02046269034238,0.00804074537234311,0.0133721680847283,0.0131582094390181,0.0104906078873136,0.0169639521197523,0.00860645744164395,0.00752046231607583,0.0189296052697409,0.0105494846256279,0.011306255965776,0.0084143130353059,0.0236131853477627,0.0137783975215983,0.0151400466411251,0.00501902652953214
2161,2023-08-25,0.015280785839411,0.0139567517231279,0.0108173160798332,0.0105416421982315,0.0199440193262239,0.00793230890806096,0.0126821871474243,0.0126548661118058,0.0105355668756209,0.0169072431642402,0.00859024988129225,0.00753864554552304,0.0186797645536781,0.0104384967344079,0.0109121294873782,0.00843447307863291,0.0228473628278608,0.0136798765785104,0.0150565421448605,0.00501325936720283
2162,2023-08-28,0.0149492160909784,0.0121106069118426,0.0112449321308191,0.0105683779047028,0.0188348885817067,0.00807121041779329,0.0131445294747529,0.0107783299957928,0.0107249566166527,0.0168035915174344,0.00865091961826484,0.00774515047055717,0.0195497742685001,0.00982947742768048,0.00982781213961749,0.00817508271695666,0.0219733465816064,0.0136878873754263,0.0150186315302689,0.00500880603390715
2163,2023-08-29,0.0147242178332787,0.0122260641129225,0.0112931885665199,0.0106102573815393,0.0189171938398159,0.00842526248560583,0.013029321289076,0.0107725810440317,0.010721508082267,0.0168436996947695,0.00867539795590337,0.00782796380891948,0.0195536035227142,0.00983260123695645,0.00980854956921857,0.00824725985051924,0.0219333083295956,0.0138175866771163,0.0150057291573512,0.00501365517757567
2164,2023-08-30,0.0146251926457831,0.0122215559270719,0.0109175451157215,0.010606739409603,0.01885850201241,0.00841475689318643,0.0119180551154443,0.0107147688440996,0.0107936795097853,0.0168600711026308,0.00861691981512875,0.00782229720374896,0.0176798131541279,0.00983240967665949,0.00985456791493501,0.00825691750234632,0.0219725555795139,0.0138438343973333,0.0147845365356853,0.00489552544174192
2165,2023-08-31,0.0145205257415691,0.0121159128214797,0.0109037618451303,0.0105949940111238,0.0188995290784208,0.0086048445884988,0.0117066663829565,0.0106541189845245,0.0107985761200343,0.016770030836817,0.00860808903117069,0.00781428600716939,0.0177442913417727,0.00915862312894376,0.00987271485500796,0.00824245962937857,0.0219591626385894,0.0138445180524073,0.0148167317037687,0.00493666013134712
2166,2023-09-01,0.0145740424982891,0.0120818731035897,0.0114945719860662,0.0112281724172521,0.0190783056678029,0.00894313606599097,0.0122379018434724,0.0105339375581137,0.0110810440770573,0.0177099146842496,0.00825619700532778,0.00789907847363975,0.0191452365450147,0.00921921567210611,0.0100013479048054,0.0082285043451291,0.0219363247676853,0.0137318624864827,0.0146712357231467,0.00485621556396405
2167,2023-09-04,0.0150495959036032,0.012252233126925,0.0116604309423973,0.0118884165997347,0.0190641727747967,0.0094203471973428,0.0127346743247401,0.0105320154425023,0.0116485899204877,0.0178566087333719,0.00851339027580806,0.00818951917232859,0.0200337062824166,0.0092315715996901,0.010386790205209,0.00831796834879846,0.0220202019112911,0.0131174987261098,0.0142255515187927,0.00482302082810619
2168,2023-09-05,0.0150705493793862,0.0121994435989689,0.0116470724195058,0.0120755616029918,0.0194418618749957,0.0093849770627043,0.0126828533835971,0.0103001376874258,0.0116315636242778,0.0179100804629387,0.00851577456091035,0.00798884754317545,0.0201195578520072,0.00921446540638959,0.0100943867568022,0.00830680349796567,0.0217703878801369,0.0131026454927372,0.0142393045776324,0.00476291094481125
2169,2023-09-06,0.0151391717976713,0.0122193914555422,0.011491710460423,0.0121035263494639,0.0194474121753637,0.00944133552388932,0.0126180907651719,0.0102455431205287,0.0116313874399967,0.0178220678758306,0.00841779743388927,0.00799125101196947,0.020012914178961,0.00925162291482504,0.0100211271630502,0.00828533497198842,0.0217698539869214,0.0130717591266686,0.0143090522482523,0.00471362848896708
2170,2023-09-07,0.0147347015662445,0.0122387395308564,0.0113439687148404,0.0120706932898527,0.0193815973406387,0.00937800635053096,0.0125728797070523,0.0100882422457437,0.0117473680138986,0.0178442270997659,0.00844713523215488,0.00805258981242358,0.0201063380020973,0.00925023586134577,0.0100334937788458,0.00828699494905809,0.0217268810711613,0.0130813000178573,0.0142754875669966,0.00471930832192371
2171,2023-09-08,0.0147234717097884,0.0123925088156941,0.0113898575014002,0.0121137389620656,0.0200886058817403,0.00954268063783759,0.0126169449445069,0.0105123220887633,0.0117715025307537,0.0179709625822496,0.00849596697068821,0.00805154439546065,0.0200647573393639,0.00940033880115759,0.0102548427949234,0.0081741650672936,0.0229773032485657,0.0131107751037182,0.0143921702242024,0.00489138208160053
2172,2023-09-11,0.0146054053912973,0.0122646988940662,0.0113242082347909,0.0120204931094556,0.0191055286179988,0.00954640420132707,0.0126895366280295,0.0102603324844395,0.0118745456365389,0.0179736298039444,0.00852462520704781,0.00809728506358283,0.0201290787449355,0.00926120524195086,0.00993877441465171,0.00807875555487429,0.0225516424205945,0.0131004300313051,0.0144143289110512,0.0049255778215442
2173,2023-09-12,0.0145114874349957,0.0121008727271139,0.0110849212143209,0.0120004736037707,0.0190086778418958,0.00956423117922539,0.012636863372634,0.010321611549809,0.0118910278984975,0.0181092922558187,0.00852670966890381,0.00811638967688817,0.0198094381992419,0.0093230945721597,0.00975329995747182,0.00810876093744317,0.0227776366236094,0.0131013223448754,0.0144069201211737,0.00492455378632091
2174,2023-09-13,0.0145002229667339,0.0122171538179801,0.0110365810221729,0.0119810027822467,0.0185426252572036,0.00955521593247003,0.0128970689548722,0.00992282406505382,0.0118947586712988,0.0181421401744974,0.00846802595617598,0.00811310851793939,0.0199637201126776,0.00926692904608709,0.00963568735064635,0.00809262709954239,0.0226322346292487,0.0130979609956365,0.0143875730389582,0.00493027563661978
2175,2023-09-14,0.0146024580613395,0.0122162207487622,0.0111918271894131,0.0119716674367688,0.0184973307110844,0.0096350791547331,0.0132366014028489,0.0101194583061614,0.0118625490018072,0.0181389774923364,0.00860660611401749,0.0081392661557113,0.0203408683312444,0.0092177161005919,0.00957672404794705,0.00807010553440322,0.0226848264621874,0.0122314185444001,0.0133442349061655,0.00453302000278204
2176,2023-09-15,0.0147474688771025,0.0122516528261644,0.0111867770251052,0.0120215517083571,0.0180622150267571,0.00957870459599455,0.013198743574997,0.0102679617265263,0.011788231180746,0.0181444612991867,0.00851503427422604,0.00807941100377662,0.0203324940772884,0.00948135919541731,0.00944476500160189,0.008075717936662,0.022721806341686,0.0122036802946803,0.0133427789884899,0.0045086401539021
2177,2023-09-18,0.0147387623437659,0.0122558355687807,0.0108932222103666,0.0119029448991369,0.0175314990974442,0.00948292649485432,0.0131948846012788,0.0101112704056706,0.0117995278542927,0.0176345327972552,0.00800700060002539,0.00798062283096359,0.0200488715712657,0.00957686915553954,0.00933878614667305,0.00784853001411656,0.0221922303023981,0.0121260528134303,0.0128838522262527,0.00449297703220027
2178,2023-09-19,0.0148416883662949,0.0120938585145348,0.0104331634079938,0.0119063096915919,0.0175155194342828,0.00941520739605899,0.0129236840799622,0.0101055288360036,0.0117609066558945,0.0174844263122649,0.00799370990159034,0.00794711334428498,0.0199098805293576,0.00937818002720314,0.00933326003844383,0.0078301218007933,0.022190659320162,0.0120839012686278,0.0129042442434108,0.00451607299508976
2179,2023-09-20,0.0148395831055679,0.01191140151073,0.0103458233313241,0.0117549664211435,0.017512568841216,0.00937545206277886,0.012910748603442,0.0100738141853095,0.0118208470556321,0.0174151846005953,0.00780201667510835,0.0078855589600641,0.0198447799711519,0.00944195209913693,0.00932746034257966,0.00778788816017486,0.022243819650193,0.0117015531050871,0.0121241990769304,0.00451555407176271
2180,2023-09-21,0.014722860130262,0.0118487805384709,0.0102483276720763,0.011638173223955,0.0170999493922231,0.00933475269073772,0.0128234339344009,0.00920132643638623,0.0118288520240712,0.0173556575200392,0.00795156478676466,0.00798743424323897,0.0195775329650846,0.00900457695063504,0.00892917375074356,0.0075592325863084,0.020601577782677,0.0117649536118504,0.0121254326173,0.00449232788586289
2181,2023-09-22,0.0138957762742756,0.0116357134714973,0.0100383436662734,0.0116644714993189,0.0170905688810355,0.00930576090596113,0.0128409932422303,0.00922375715141196,0.0117462104733344,0.0169977918180934,0.00779711289820553,0.00800044141498539,0.0192376910372836,0.00899222508891249,0.00893231098736563,0.00759558777483094,0.0206539933316237,0.0117483995748965,0.0117428971915192,0.0044158805139249
2182,2023-09-25,0.0139614203469214,0.0116698522579981,0.01004502158579,0.0116464845713178,0.0170656857399042,0.0093043436113954,0.0127833988861306,0.0091495590158396,0.0117707020259767,0.0170865489819521,0.00780453781658248,0.00803343697943221,0.0191494853075156,0.00893202206086338,0.00886658838854143,0.00759767793018864,0.0206220480365112,0.0117347201392074,0.0116012655256759,0.00442270233999794
2183,2023-09-26,0.0139144504548811,0.0116273027533462,0.00971257047044546,0.0116026738086081,0.0171352875484674,0.00927012291911406,0.0127668556375862,0.00906971600518707,0.0117772974435668,0.0170292817245854,0.00775890536320864,0.00799041237612954,0.0190051340605371,0.00869413932147505,0.00876049153235005,0.00761679732361457,0.020414316851428,0.0117340976658299,0.0115974999272348,0.00462823937421879
2184,2023-09-27,0.0139046769767202,0.0116119704040978,0.00962322149573443,0.0116030367407974,0.0168297258952323,0.00942274132741634,0.0126030876509867,0.00904989256509911,0.0117352778372329,0.0170114254453452,0.00771849594771083,0.0079645685776931,0.0188193070253119,0.00871290996997589,0.00881961365811116,0.00775826079575911,0.0204150020216452,0.01168970132033,0.0114861772616044,0.0047072700817599
2185,2023-09-28,0.0138909053529947,0.0109590505134652,0.00946875646266756,0.0115069414083864,0.0167531890333757,0.00915976387771229,0.0126041177740352,0.0088253722825877,0.0117303618821119,0.0167661707730382,0.00767109350348244,0.00796944757825214,0.0187173882694348,0.00878395152335026,0.00864838017307424,0.00783046586151137,0.0198347512610006,0.0115322497704058,0.0114477311562915,0.0047862953310367
2186,2023-10-09,0.0138750205703247,0.010928722641227,0.00946059611737323,0.0115193798832233,0.0168691572517124,0.00915639918383995,0.0126677761279619,0.0086306602271185,0.0117511135907467,0.0167594941633654,0.00795596934632301,0.00803701830150333,0.018787395793401,0.00864334047911991,0.00860557535198902,0.00787761406046998,0.0198522242620194,0.0115095813963453,0.0113679633532944,0.00476480739355704
2187,2023-10-10,0.0142708501792539,0.0110414111536851,0.00950455029365883,0.0115678562274045,0.0168349567508159,0.00909403646252706,0.0127026163087593,0.0082676017763688,0.0111687256373095,0.0167755681864273,0.00797164508434379,0.00774706532607094,0.018949220730113,0.00842255104869936,0.00860041143840702,0.00786936324015022,0.0199166366971861,0.0115128552602391,0.0113920616892642,0.00476411761942926
2188,2023-10-11,0.0144890997112449,0.0110780919107258,0.00952175856020583,0.0114701954731611,0.016474726577562,0.00912062388368525,0.012763784602957,0.00826366211178167,0.0103132454220623,0.0167067690316441,0.00794798897705035,0.00710524514001762,0.0189069935957979,0.00837560557246944,0.00859253856331815,0.00790394481311749,0.0199313253422629,0.0117876089641694,0.0116381107268018,0.00478145125414347
2189,2023-10-12,0.0145266795316077,0.011072166745763,0.00944649443308176,0.0114650021460044,0.0165157809859241,0.00907448620144835,0.0125427524606563,0.00820422890138735,0.0108515984313892,0.0167114319291276,0.00799935125358542,0.0072951668174216,0.018885031220159,0.00845687094353804,0.00857431377148152,0.00787094539790064,0.019977822773249,0.0119876502682091,0.011572332278524,0.00480321129543474
2190,2023-10-13,0.01441420687098,0.0110423872597257,0.00944059625453102,0.0114543871505361,0.0166359658650523,0.00905599495942158,0.01253738044983,0.00824995215319179,0.0110727556028086,0.0166784276400472,0.00805838810618747,0.00733110428181072,0.0189469555995291,0.00837671714482613,0.00834709784194486,0.00807841713370093,0.0198438675082272,0.0119852146542201,0.0115639934946271,0.00483001592005849
2191,2023-10-16,0.0143582284538278,0.0111473310873371,0.00944078873110374,0.0113957919107861,0.0166383767699608,0.00902006040076143,0.011709970301209,0.00812869205335077,0.0111534795017476,0.0165724791477748,0.00807655432045401,0.0074425046926662,0.0185462637049962,0.00845853559447318,0.00800477986813674,0.00812123613894308,0.0197245676496778,0.011490766663148,0.0116920044582797,0.00481815915847487
2192,2023-10-17,0.0143896147210506,0.0110784893828139,0.00942366585870859,0.0113819036649138,0.016752410002396,0.00902353014339997,0.0116817665728112,0.00815785104618589,0.011222538357126,0.0165644296036945,0.00807323619492123,0.00744417363758002,0.018394649618289,0.00844182806244254,0.00802287391893322,0.00785503696281233,0.0197219704825946,0.0114829332525242,0.0116965735825253,0.00478577562221586
2193,2023-10-18,0.0142795166330635,0.0101270823346561,0.00925379029267737,0.0114103651404323,0.0167960449475672,0.00896393725417432,0.0115342499112139,0.00833971218457547,0.0113631454211302,0.0159319621787889,0.00817444343942087,0.00805160795201202,0.0183032238544317,0.00858688366700045,0.00839229719543999,0.00788287238290208,0.019763202060226,0.0112853081284255,0.0117033952458723,0.00481702235979308
2194,2023-10-19,0.0144816305658364,0.0103863818196785,0.00938904118132728,0.0115434595472278,0.0165854907543992,0.0110348226912322,0.0117379589996175,0.00840014249687123,0.0112948077873372,0.016043683716085,0.00855286997576396,0.00835584239597908,0.0184037322595697,0.00863454644541173,0.00862462762864107,0.00815360166494532,0.019214148135594,0.0112545283979979,0.0116740131444844,0.00534357470575126
2195,2023-10-20,0.0144645415886289,0.0103130915023772,0.00890471217022838,0.0113960069168435,0.0165935049236224,0.0109934227542919,0.0115847246027631,0.00842451121939512,0.0108422120145597,0.0158102659080082,0.00844036725512781,0.00799788351432136,0.017878917054809,0.00870003761737723,0.00867097196720868,0.00812498633356604,0.0192147679706229,0.0112551798897321,0.0116607606618964,0.00559065053486352
2196,2023-10-23,0.0146745301723535,0.0103745018200309,0.00895468537272103,0.0115079350824443,0.0165136907445506,0.0114935324253644,0.0117678845721798,0.00874387334935231,0.0114896902254457,0.0161458510365138,0.00890192979155783,0.00909213453113785,0.0179355963129292,0.00892169254367298,0.00937320895492292,0.0087425959629288,0.0191593220871384,0.0113260735172421,0.0116603213181805,0.00582074968804497
2197,2023-10-24,0.0146271737944837,0.010578951730141,0.00893784147252098,0.0115422447470951,0.0164871108539612,0.0114935942131034,0.0119925542495785,0.00873697268458842,0.0117023057734473,0.0160898336510062,0.00889784690105726,0.00911903698302051,0.0181773008788896,0.00886513786044471,0.00937810130380964,0.00875790348573434,0.0191461742430014,0.0114449433885864,0.011536948771356,0.00596105817345906
2198,2023-10-25,0.0157185458780293,0.0108031922555272,0.00893551207952851,0.0136305006860677,0.0163516353517437,0.0115288288037988,0.0122037072198716,0.00874189338937704,0.0116960041831616,0.0162008613813651,0.00902602724292734,0.00912399295070789,0.0183275022045381,0.0089100183661253,0.00935110276314194,0.00882373143843895,0.01888099812303,0.0114622226735491,0.0115769610201184,0.0060003392450177
2199,2023-10-26,0.0159631162996422,0.0108387084554188,0.00886990584507304,0.0138741521531134,0.0179057929721671,0.0122303264087479,0.0120925621861459,0.00887143557034898,0.0118523010609685,0.016176184766758,0.00899279480298887,0.00912702260195234,0.0195407096388268,0.0095373430684561,0.00933220731911827,0.00894690525492212,0.0199442806824949,0.0114160284784683,0.0116923931684288,0.0064072038265184
2200,2023-10-27,0.0159432857597228,0.0108298684941751,0.00881075158976514,0.0137804147322767,0.0181200011264438,0.0128684383277611,0.0119790379275738,0.00923925284268927,0.011886730927503,0.0161305233135402,0.00914423206669678,0.00941977644582389,0.0192430763371414,0.00948946070882275,0.00976250121450101,0.00887822697330115,0.020224891629246,0.0114097648942535,0.0116700177582658,0.00647170413521218
2201,2023-10-30,0.0167528748641548,0.0113963282403367,0.0086989524442158,0.0129032750317033,0.0166991194406222,0.012543410535119,0.0118860782279334,0.00910773153118477,0.0113363025500783,0.0143975609723091,0.00901731095284379,0.00903037012857093,0.0188634273375519,0.0098720348179595,0.00989613366645231,0.00791109773736479,0.0197971092802219,0.0115082000035434,0.0115811597801142,0.00665170523855689
2202,2023-10-31,0.0166465423387145,0.011144361323915,0.00874959976871212,0.0128304307718643,0.0166846575169146,0.012542419911772,0.0119980232854337,0.00911378229349881,0.0113199958161894,0.0143891435642126,0.00901400845018407,0.00902651273329983,0.0189244521083472,0.00988438683417224,0.00998127075372625,0.00792071423783098,0.0197661260179583,0.0111418246902868,0.0114669088608188,0.0066949827514331
2203,2023-11-01,0.016643512762047,0.0111164078647817,0.0087383226653394,0.0127745183847419,0.0167509162607911,0.0125368956973228,0.0120049006585139,0.00893247599549745,0.0113302833895339,0.0143853449009968,0.00904777309210765,0.00907993314448659,0.0188727325900291,0.00995173273701731,0.00997234265620368,0.00860505402598186,0.0194067172207123,0.0110737800981675,0.0115102815503868,0.00673824289536585
2204,2023-11-02,0.01659744016685,0.0109635010139484,0.00869394712232575,0.0124710570093257,0.0166288335467171,0.0122328068932463,0.0119346450083215,0.00892434610816217,0.0112174744591499,0.0143180322691321,0.00902766284405943,0.00894990800932166,0.0187909101614272,0.00988639955798743,0.00971491721773084,0.00950073178783362,0.0193430324572994,0.0107885032330592,0.0109490279238953,0.00675032024675065
2205,2023-11-03,0.0165938394472505,0.0109593623324885,0.00870231787901855,0.0125153967791345,0.0165011818724884,0.0122385615871924,0.0117733618458842,0.00882497212236806,0.011161230712145,0.0143060693041619,0.00876817684147622,0.00890351345433595,0.0182960202066306,0.00994844774870969,0.00975550258598034,0.00991811747058212,0.0193372432900842,0.0106873999446094,0.0108497053398749,0.00660391430268863
2206,2023-11-06,0.0170012841430297,0.0110086214774882,0.00913060379184677,0.0124984890989175,0.0157078478143419,0.0122010348883044,0.0119557482621086,0.00856915360077597,0.0110733165673995,0.014473335805896,0.00865054520910367,0.00896030076617278,0.0183697778817821,0.0100473974057353,0.00973755149131869,0.0100820607572384,0.018624081016514,0.0105974767355379,0.0108544920300026,0.00660511231345259
2207,2023-11-07,0.015921072540914,0.0100670959207979,0.00911904164258847,0.012493437697929,0.0155436414584234,0.0122245601814672,0.011758965419993,0.0085608410422242,0.0109559131930665,0.0144933389403914,0.0087502710730888,0.00895767213340984,0.0179690103846394,0.00993112257043284,0.00981596449247667,0.0104683450080653,0.0185636437915695,0.0105621388225545,0.0106182677812025,0.0065616714260336
2208,2023-11-08,0.016039290158595,0.0101034971470836,0.00921687243765487,0.0125130263028989,0.0155527437945583,0.0123570638006433,0.0118037380041216,0.00853416193257715,0.0109506976709146,0.0142615282221949,0.00893367954702025,0.00897615893650821,0.0179782190371309,0.0101521009245265,0.00984906690281464,0.0111613265713838,0.018519736021822,0.0105716548441277,0.0104891232971959,0.0065403168788743
2209,2023-11-09,0.0160063391466514,0.0101021236389884,0.00931404192579096,0.0125291384472727,0.0156535610533775,0.0124562684360217,0.0124495803374901,0.00853497992850178,0.0109792470961939,0.0142517304901421,0.00899183474161316,0.00898615486476036,0.0188686590534861,0.0101502139225399,0.00985017870057085,0.0114574155282638,0.0184617402963561,0.0105700152961081,0.0104813997764582,0.00655269161032241
2210,2023-11-10,0.0158406929759567,0.0100138161000087,0.0093113832009097,0.0125298186800178,0.0157120934741361,0.0124750030619966,0.0125822205127407,0.00853772000517941,0.0109739946070674,0.0142765092314127,0.00923123848279673,0.0089851382143047,0.0189510836943152,0.0101005250445522,0.00977237066597352,0.0120968060553989,0.0184052153327795,0.0105804112437824,0.0103494677420522,0.00656592736175292
2211,2023-11-13,0.0157696071624782,0.00984907845018875,0.00924240033544173,0.0125435189337633,0.0157521570773775,0.0125429823361429,0.0125500630557796,0.00850976691943096,0.0109906621901449,0.0142564820599456,0.00917927213689264,0.00898409655977671,0.0189521773538185,0.0100357855785534,0.00985418294349516,0.0126032176430674,0.0182772385871256,0.010137679015247,0.0102829399390479,0.00656404010287066
2212,2023-11-14,0.0159622415730805,0.00982734909643414,0.00934594765074829,0.0125386166947564,0.0157759471289739,0.0127250416676899,0.0126380899369315,0.00846167935548878,0.0110409439976824,0.014218750114073,0.00915003819809654,0.00898867649094592,0.0190113215868397,0.0100696867541995,0.00990652590799601,0.0128535290490132,0.0181576985297867,0.0100891333984995,0.0103602485257403,0.00657828141724766
2213,2023-11-15,0.0159594588397686,0.00970309669165355,0.00907258559067101,0.0125917011354253,0.0157642925706304,0.0127009539168058,0.0126344142310031,0.0084757672502125,0.0112553365342049,0.0143848703994905,0.00912089686562591,0.00907876048706908,0.0187939746254271,0.00958716953999096,0.009970122963629,0.0130141703557365,0.018139193967782,0.0101367952733456,0.0102174939128531,0.00656904642633593
2214,2023-11-16,0.015793013645053,0.00967690210171759,0.00891209472035949,0.0125438821521695,0.0157628572490805,0.0126883596835158,0.0123991643233551,0.00827493983883904,0.0111763907655509,0.0142643080258103,0.00902722455925494,0.00904826155009088,0.0187761317652097,0.00957569696519139,0.0100366020958446,0.013319081378324,0.017982560248335,0.00983467526098301,0.0099620372369251,0.00645621456877912
2215,2023-11-17,0.0158018622641723,0.00966388174935092,0.0090154581295525,0.0124183619490533,0.0157653917832337,0.0127361034057962,0.0122574111077132,0.00836553468306349,0.0112577355340146,0.0142652577539986,0.00902666660710599,0.00905093634702004,0.0187542712819493,0.00936473624282037,0.0101061933633282,0.013659717245306,0.0173138792056096,0.00988255092607428,0.00997660776577053,0.00645728476050411
2216,2023-11-20,0.0158228022190601,0.00968059717203804,0.00905140059508576,0.0123723453886181,0.0157015835187217,0.0127122991996783,0.0122331027749006,0.00836618548992417,0.0112667117361554,0.0142675337394071,0.00902723250943022,0.00905798684589798,0.0187564672419095,0.00918729990674893,0.0102441909077201,0.0138920659145902,0.0169180599978132,0.00973483306541884,0.0100013193487058,0.00649010182871238
2217,2023-11-21,0.0155428475489978,0.00966219969924871,0.00904134304100619,0.0123658644754333,0.015390892721658,0.0126985230467511,0.0121095584784399,0.00829843734696079,0.0112812952683136,0.0142744870427035,0.00903497526002749,0.00906062227361626,0.0187857736576658,0.00916788353501072,0.0102510479100166,0.0141316195443131,0.0167753298176378,0.00968318400856757,0.00975884674110286,0.0064973773652704
2218,2023-11-22,0.0155072511360729,0.00967820258376689,0.0090286889133251,0.0124268231569534,0.0154172013922626,0.012873386496902,0.0121369697042189,0.00825405738735894,0.0113445267962541,0.0144118803946777,0.00906512381613419,0.00907444413766364,0.0185800429994592,0.00917012997385136,0.0103236104711611,0.0145811857202948,0.0166639666363489,0.00968936017643974,0.0096999776352802,0.00641893758207226
2219,2023-11-23,0.0155540325123022,0.0097447730169601,0.00896637497715363,0.0125032855893942,0.0154301048905852,0.0129371400350199,0.0120905286340293,0.00837918017667479,0.0113901493869636,0.0144962381299644,0.00906825043310796,0.00913923121006965,0.0187153368039998,0.00923586038799325,0.0103310596016865,0.0146604813391912,0.016280292371609,0.00939882152966218,0.00959755910639884,0.0063273126248621
2220,2023-11-24,0.0155394019183998,0.00955028254341128,0.00893481851849971,0.0125287682449754,0.0148503834296174,0.012943684277768,0.0120816588450228,0.00829020684633644,0.0114039142228064,0.0145023088556583,0.00906672971772036,0.00919006866403441,0.0186563208013753,0.00925068143239435,0.0103027838133267,0.0148143347695954,0.0159761584454089,0.00934386229488457,0.0096034946632492,0.00633059704888818
2221,2023-11-27,0.0149911507936267,0.00945073189001997,0.00896558284386234,0.0122875718742881,0.0148005387904965,0.0128479418976395,0.0120157461219168,0.00827196101401651,0.0114496353627121,0.0144918433357456,0.00901018032389042,0.00920015508671238,0.0189306227411742,0.00928101134672421,0.0103247294841383,0.0148651900541373,0.0159522044913596,0.00922515221104499,0.00958351636023714,0.00631720595394167
2222,2023-11-28,0.0149891255498308,0.00950155594801082,0.0089649051436998,0.0122914780059775,0.0145484224491114,0.0128559369575033,0.0118717000886296,0.00796485959256264,0.0110349298624702,0.0143883947688073,0.0089750009753154,0.00909466055334916,0.0188915890091146,0.00925865825545172,0.0101646372323126,0.0148699881119855,0.0151060830453959,0.00918820823528792,0.00958902536652056,0.00628902812347339
2223,2023-11-29,0.0149956915179626,0.00936756326092953,0.00892451118180158,0.012296573722728,0.014475176625891,0.0129222465133928,0.0117786127067428,0.00795759153622173,0.0110282782420292,0.0143311283146019,0.00890603393811816,0.00908612667611444,0.0181799825991156,0.00925385703169946,0.0101640025301892,0.0149135523618509,0.0151228948853472,0.00819061436238971,0.00853596508140513,0.00625374698253428
2224,2023-11-30,0.0150027803579544,0.00960758852990484,0.00891502781275537,0.0123393113419572,0.0146620094632265,0.0129255804167782,0.0114591656456935,0.00800924063669889,0.0108210143674521,0.0141993761281643,0.00890273379399027,0.00908768916214302,0.018138618692395,0.00954344279266752,0.0101888854824912,0.0149447331630031,0.0154645719679555,0.00811418001043109,0.00833820310461582,0.00620273893844112
2225,2023-12-01,0.0148020908124276,0.00950076341657321,0.00826761936686684,0.0122568278988838,0.0141707006104168,0.0127041243293034,0.0111428522272955,0.00794779948101195,0.0106301833090654,0.0137818364970321,0.00879720346484287,0.00892353090262466,0.0177328353749975,0.00956307304649912,0.0104304205559698,0.0148510752331488,0.0147264395999278,0.00811553838283176,0.00831646544538918,0.00620695445778886
2226,2023-12-04,0.0149109640747335,0.00935699987181396,0.00818161910956311,0.012255675374758,0.0138740797581565,0.012614719830051,0.0111378030978001,0.00795064872349571,0.0106251362124698,0.0138151946526396,0.00875592610840641,0.00889433014191193,0.0177269822320467,0.00956275111558476,0.0105148108382003,0.0145597188731666,0.0147276106301923,0.0087279006850825,0.00838462691164709,0.00616086333609852
2227,2023-12-05,0.0149394130685605,0.00943288538503188,0.00822984796203664,0.0122831320239576,0.0137480903722951,0.0129975760149622,0.0112369583372375,0.00796475124580662,0.0106147058318192,0.0141901318253817,0.0091530633503122,0.00890910334639597,0.017754994441639,0.00956317888931406,0.0103645385829461,0.0146409019091469,0.014595765742093,0.00914244264816645,0.00870925515970017,0.00607374335416877
2228,2023-12-06,0.0152612927610123,0.00966087915280594,0.00822897630415454,0.0122827700794186,0.0137484824742814,0.0130512421751098,0.0112056770505073,0.0079908233249233,0.0110529757437354,0.0142074421201185,0.00915314277572524,0.00898320376604036,0.0177578133970412,0.00947624721096263,0.0103456040569967,0.0146723043139343,0.0145918901185188,0.00913016903977295,0.00878296494716817,0.00594998411547446
2229,2023-12-07,0.0152241932014785,0.00964530229386253,0.00740069793054621,0.0111973526942737,0.0130485842276326,0.0126325784836234,0.010770823950609,0.0080267729964991,0.010799853223766,0.0111637264493329,0.00871706419018181,0.00883997547767982,0.0167451747405836,0.00955461771487585,0.0102607001683712,0.0143530819220485,0.0145502449454065,0.00910608952556017,0.0087068697436403,0.00567177202171944
2230,2023-12-08,0.0145506736202089,0.00954929695412036,0.00695977448387226,0.0104489078127459,0.0128743265025402,0.0120850409657087,0.0102820600773983,0.00804589776971066,0.0102021164326364,0.0104136562084236,0.00817554575228286,0.00857754965574518,0.0159098574446751,0.00970367381980281,0.0103494110171025,0.0139214911948974,0.0143081816922505,0.00911776536006989,0.00871478272768653,0.00555669835143752
2231,2023-12-11,0.0145016927532505,0.00963689108761811,0.00707121190760777,0.0102154984501866,0.0123581673674756,0.0121655404663207,0.01054359625936,0.00795807223953045,0.0100883252246698,0.0102751357128288,0.00819450045153953,0.00865351194161695,0.0162076925180405,0.00975501180440841,0.0103935459732768,0.0139600220112114,0.0142521975891375,0.00956315031847899,0.00907471622550682,0.00556190393107016
2232,2023-12-12,0.0144948736186694,0.00966480964622148,0.00712093436886721,0.010294388687412,0.0122427465053962,0.0121700238035892,0.0105749595881177,0.00798322716873632,0.0101000706588303,0.0102430531591162,0.00824462573399179,0.00865718045678508,0.0162730922735311,0.00983895070869506,0.0105139339248708,0.013793490758327,0.0142337809741571,0.00950487754874253,0.00884157163344327,0.00559222086599141
2233,2023-12-13,0.0145028506120194,0.00973597227030414,0.00714852340755391,0.0104001552522974,0.0122366164250392,0.0124650313891919,0.0106492965222277,0.00788123760018686,0.0100426967436437,0.0105585182283642,0.00837813848312358,0.00888848793416295,0.01636799507342,0.00983931966073228,0.0104721202983328,0.0138446217302075,0.0139802556507533,0.00969355771761753,0.00897070981436122,0.00559722671815782
2234,2023-12-14,0.014492212728145,0.00951186779630575,0.00711059473683606,0.0103713798676916,0.0110651817558648,0.0124428441612148,0.0105372810284292,0.0074285288630816,0.0100388920083723,0.0104389270849104,0.00838059371102721,0.00890103143119776,0.0161681652496247,0.0096495232424432,0.0102991553660467,0.0138234888110182,0.0119591425062113,0.00963246499336687,0.00871506056410079,0.00561958356995818
2235,2023-12-15,0.014659066445314,0.00950770972778372,0.00705890129764923,0.0106564754979017,0.011044179279698,0.0124297131383013,0.0104679831804584,0.00742293038639386,0.00987038989212847,0.0103979663414975,0.00830876562369237,0.00882599851335862,0.0161282922125943,0.00967944184070911,0.0102804821194731,0.0135511395217125,0.0121102301077719,0.00971992787493864,0.008682118934307,0.00575605448297334
2236,2023-12-18,0.0148060188527434,0.00946937849388332,0.00704384071722716,0.0106775111014485,0.011027696568029,0.0124443127802815,0.0104218219097029,0.00733809505319525,0.0101808051735394,0.0102810224497811,0.00835417882200678,0.00904668042506541,0.0161252181717817,0.00964262649841932,0.0103588302294951,0.0132959754515181,0.0117691599144179,0.0098163212155763,0.00877006431122609,0.00579616092994817
2237,2023-12-19,0.0147946517262307,0.00927880940414908,0.0069526862909982,0.0107178530153228,0.0108739869752234,0.01258912423721,0.0101793538992635,0.00732744345178934,0.0102732737547254,0.0101285839383656,0.00830661625441156,0.00914344558475033,0.0160231317900078,0.00962824232031472,0.0103575415032132,0.0133241422317145,0.011772816830975,0.00982357978877148,0.00872873331202545,0.00579798843156267
2238,2023-12-20,0.0145837048063112,0.00902532578244479,0.00661995755068431,0.0106976003816869,0.0108741018046956,0.0124025015192283,0.00977454305753547,0.00724395831204361,0.0103807205627028,0.0102605381779155,0.00805500271062666,0.009142193895602,0.0157201202313328,0.00979988419147954,0.0104006317435838,0.0132633033809846,0.0118477143953487,0.00963895141317883,0.00831874846451514,0.00579608735658472
2239,2023-12-21,0.0145101711039339,0.00900627881213916,0.00660973312797434,0.0107184041570246,0.01048467088532,0.0125163993137344,0.00974413906461721,0.00693454221973124,0.0103872319575964,0.0102760832196127,0.00805143175714666,0.00911712768936289,0.0157066191311817,0.0092259426679688,0.0103977360439044,0.0135067611191905,0.0114038900015043,0.00962157723507572,0.0083196287154924,0.00579045990486785
2240,2023-12-22,0.0146924479388299,0.00903134540349526,0.00659372805781834,0.0107447589844251,0.0102122370073764,0.012804462376518,0.00985597103254508,0.00698733377517593,0.010382080575777,0.0108629660195517,0.00809337874493469,0.00907128035497447,0.0157746140654203,0.0093170874057052,0.010411063461574,0.0138218378597159,0.0113213166565416,0.00962042878440996,0.00831274538538827,0.00587542282576024
2241,2023-12-25,0.0144873987883201,0.00901409668517413,0.00644501143532218,0.0106449066678256,0.0101485437603233,0.0127047336201285,0.0098470868009497,0.00701847931966558,0.0103803464760886,0.011054561303086,0.00805571677559242,0.00911995459226508,0.0158737653060256,0.00944442850358584,0.0104985824371413,0.0141272836983912,0.0114013146464872,0.00964700927319191,0.00833127482347881,0.00587464072324769
2242,2023-12-26,0.0146108228067807,0.00917608194429618,0.0064588985589636,0.0106495776991869,0.0100698009221573,0.012663857892238,0.00981372982128204,0.00700030043510788,0.0103127224869419,0.0110623652174061,0.00805154812301109,0.00912493584770777,0.0159571128910019,0.00939203972309883,0.0105093418287165,0.0140469461933341,0.0113248076469153,0.00983110119915457,0.00836805897503887,0.005863068555355
2243,2023-12-27,0.0151548256821625,0.00926972750905688,0.00665844499097955,0.0106333685568279,0.0101168264311944,0.0127872600896801,0.00980009560166855,0.00713278404337475,0.0103062158122496,0.0119129304101034,0.00832032936659128,0.0090912676135283,0.0160038653766955,0.00991706291694358,0.0107298330210207,0.0140537597275342,0.0113555369544018,0.00977019068535317,0.00848552445874678,0.00591954494140927
2244,2023-12-28,0.0149692054029873,0.00908986263045559,0.00666497411655877,0.0111797971010289,0.0101715721718427,0.0127861935374514,0.0103808289820137,0.00712831470252316,0.010433210707725,0.012228506544139,0.00865348316313048,0.00950916876612419,0.0159885939685977,0.0104010273534231,0.0109918859028131,0.0138960161515735,0.0113580850709643,0.00974796777988549,0.00864570304541589,0.00612467449266204
2245,2023-12-29,0.0149773125011051,0.009065211789474,0.00684955402826145,0.0111952071372247,0.0101878268253313,0.0127904399516468,0.0106339406951823,0.0070662689722311,0.0105030435878752,0.0122256395622098,0.00880801301456355,0.00952905490542903,0.0159862280745878,0.0104050578719431,0.0109762066754215,0.013905058482544,0.0113765958028059,0.00978700804880445,0.00864550601802646,0.0061330918436146
2246,2024-01-02,0.0152815243724213,0.00909698662201536,0.00735602284173527,0.0111970252830357,0.0103437376616535,0.0133348579012409,0.0107197936211993,0.00716370345863196,0.0105401272027708,0.0122969987702802,0.00900650570833355,0.00956814902183516,0.0161633294087743,0.0106104869231839,0.011136350784259,0.0139064812267733,0.0116031229345423,0.0098184383932908,0.00874478946639494,0.00650055455608292
2247,2024-01-03,0.0153669873999969,0.00933895691562443,0.00749619602777574,0.0113072175820366,0.0103715128366719,0.0134358981504996,0.0107498999680267,0.00725490131462844,0.0105138636507404,0.0123108549297721,0.0090548476234485,0.00956999652090523,0.0160810670627799,0.0106544474518556,0.0111095104465271,0.0141311810660886,0.0122836944370593,0.00980478487309018,0.00874618559705932,0.00686399655948058
2248,2024-01-04,0.0154596139907158,0.00940150033246184,0.00765850194081522,0.0113004691017955,0.0103151245871704,0.013594351444219,0.0107191471397918,0.00726069185078624,0.0105494037458879,0.0123231966192644,0.00907508755957923,0.00972766464217805,0.016076105646894,0.0106110151124355,0.0110643540456511,0.014307277857609,0.0123261235909476,0.00979538227921217,0.00874887741276645,0.00708462219227468
2249,2024-01-05,0.0154549756762708,0.00940593346016441,0.0077375032720376,0.0113098208244837,0.0102948864207071,0.0136530815568858,0.0106440154590345,0.00725385105647432,0.0105356697979846,0.0123297390254307,0.00890517699457229,0.00979770262056698,0.0160436007199263,0.0106105095097902,0.011085365427007,0.0143012001578876,0.0123260343383627,0.00970184876866022,0.00879037194193876,0.00724129755160819
2250,2024-01-08,0.015161740767939,0.00934333116358737,0.00769777999809877,0.0112282247939308,0.0101794469464548,0.0137266842480988,0.0106058679961311,0.00716706509005746,0.0106042267914906,0.0122764774563514,0.00892434493874847,0.010087161543954,0.0157659946150973,0.0106114616858659,0.0112123572633466,0.0142725900797378,0.0120596620845889,0.00982477706833068,0.00887868065910064,0.00733501705803603
2251,2024-01-09,0.0149417513851354,0.00934790045924237,0.00780002318021422,0.0113066465859901,0.0101800811620261,0.0137269491681669,0.0105611980857598,0.00720493489081268,0.0106632289726611,0.0123282088573447,0.00906926103491382,0.0101225459657881,0.0156591428573414,0.0106018572638192,0.0112163515705885,0.0142491099015044,0.0118793435666712,0.00932735288560128,0.00855527669561036,0.00735327448991362
2252,2024-01-10,0.0148983761872698,0.00935524859793886,0.00779651863811996,0.0113355591846261,0.0101722015780859,0.0136972157549176,0.0106616138732839,0.00719974761615316,0.0101346370481026,0.0122800797527019,0.00900171477241031,0.00988725716427275,0.0156668843789331,0.0105183187224506,0.0111527083474765,0.0140980377790732,0.0116925546339058,0.0090402249983328,0.00852066428049187,0.00730989379508642
2253,2024-01-11,0.0150623565464611,0.00958274796879186,0.00790057845500613,0.0113447015840539,0.00984965627362972,0.013750525758826,0.0108535877600322,0.00699698291863326,0.0102985540134798,0.0120104299846116,0.00896804891746654,0.00993597580224797,0.0156077801181523,0.0106525754391816,0.0112816014318163,0.0141061381434309,0.0117101790207452,0.00908728507843647,0.0086349459327577,0.00730622457106589
2254,2024-01-12,0.0151067991589712,0.00945091720565585,0.00796293838588038,0.0113884248027983,0.00987893719767759,0.0137681635402798,0.0108393838264838,0.00698948280692829,0.0103224730166128,0.0120158782260289,0.00900346216974263,0.00990663986610818,0.0156021817842596,0.0106590925290936,0.0113886908933697,0.0142195235461916,0.0117452792087393,0.0090962361118745,0.00841713458859603,0.00744800314101239
2255,2024-01-15,0.0152110468135784,0.00951592958837315,0.00806263968910136,0.0113903575717305,0.00991657706897783,0.0137955307158775,0.0108386904639289,0.00699469894332356,0.0102683274176453,0.012013177685949,0.00902361506701301,0.00988066847493229,0.01560093945963,0.010658475289346,0.0113784244958015,0.0142512477718725,0.0117546341586319,0.00914200648761308,0.00842530447337199,0.00745135399064538
2256,2024-01-16,0.0152077471454398,0.00951633212601454,0.00811531112325585,0.0113944002977972,0.00961605670282953,0.0137982337144842,0.0108213419873682,0.0066718809843959,0.0101276498572133,0.011999120244633,0.00885087776074716,0.00952588656251182,0.0155634987554372,0.0105329235566523,0.0110617180617073,0.0142300878016369,0.011290177251995,0.00920187883309076,0.00849701746724753,0.00754382986073665
2257,2024-01-17,0.0150591941006851,0.00946995196777098,0.00793794200756167,0.0113130884294744,0.00962290921405452,0.0124832202066248,0.0105410864682383,0.00675617033461811,0.010547758572718,0.012263917736257,0.00881813063962372,0.00940925740053343,0.0154488696650036,0.0104228777260489,0.0108515086901562,0.0147176079143116,0.0111980969220844,0.00995092125140502,0.00937197571643744,0.0072583492032044
2258,2024-01-18,0.0151027635089839,0.00945414366715795,0.00793470597952859,0.0113553041704023,0.00964487265289321,0.0125019204788299,0.0105402504469235,0.00735332836594067,0.0104911811658158,0.0123417945628769,0.00879156803663344,0.00942261821814921,0.015443628854999,0.0103557897346195,0.010787202309978,0.0149385573490812,0.0113386599580434,0.0100357191760196,0.00941536396540922,0.00713085834585093
2259,2024-01-19,0.014954480128612,0.00936954706016503,0.00816508721542735,0.0112008604432072,0.0100152742974647,0.0122167238463989,0.0102989606572488,0.00722328661204681,0.00991288479683849,0.0118176628497739,0.00837673646361457,0.00852938193793757,0.0154120939795543,0.0102786371201697,0.0101172851961834,0.0148825018173378,0.0127202581497714,0.00997953044605342,0.00942749871976184,0.00698760412707846
2260,2024-01-22,0.0148236601681,0.00921375630124324,0.00822300715102053,0.0113451245688554,0.0100566207753576,0.0124199158517671,0.0101095597079691,0.00810849838486434,0.0102297154736977,0.0129686061406354,0.0094646987669229,0.00883881526482561,0.0154956714192954,0.0104474860008199,0.0103638728585042,0.0151540080750053,0.0131350616399273,0.0106256148595443,0.010137573941221,0.00692841916016084
2261,2024-01-23,0.0136290898540914,0.0088111307816771,0.00872704533399757,0.00884788721301038,0.0101270906351587,0.0123565671136693,0.00997820492246248,0.00816726077183195,0.0103786815084857,0.0128169054803477,0.00939132908962498,0.00890637875223363,0.0155131997225045,0.0105907371673832,0.0105787649665067,0.0153809866096931,0.0132845427707835,0.0105885269166547,0.0100591826443352,0.0070549144909527
2262,2024-01-24,0.0137893429742332,0.00906313114048542,0.00922621329486896,0.00842346111805434,0.00816125060156006,0.0120521721930708,0.0101157825887318,0.00822414985874708,0.0103358675601615,0.0133930417408135,0.0100772313202548,0.00901768611413408,0.0130503176485129,0.0101944125612525,0.0108928678499003,0.0158153741865154,0.0121167796789419,0.0106696515558185,0.0101085058482385,0.00674774516270806
2263,2024-01-25,0.0146481165093636,0.0109504155243845,0.00957900436176558,0.00923008575332997,0.00774860118443401,0.011826552924231,0.0106802789901637,0.00821845232432913,0.0109144515168173,0.0145698321074585,0.0104008094647123,0.00887304155843394,0.0140666947429303,0.010483071954693,0.0111955802580935,0.0169788120138887,0.0120138221696687,0.0110040079904816,0.0106463633361926,0.00669142896747235
2264,2024-01-26,0.0135670404623981,0.0102725749283705,0.00942654900302878,0.00936507547570454,0.00785195057329244,0.0117122911283256,0.0106667823937655,0.00821877499985295,0.0109059375152968,0.0145884009798714,0.0104562115446446,0.00885958636738344,0.0140397859007451,0.00997472419511242,0.0111149311470189,0.0169412226147507,0.0120570651564292,0.0109234502007973,0.0104718494291099,0.00664726523373015
2265,2024-01-29,0.0135379494465978,0.0102524747362083,0.00940111132523775,0.00940049496289228,0.00798787236728061,0.0117291621145053,0.0106415953134941,0.00819952078760956,0.0109301584925985,0.0145883072188665,0.010457871959958,0.00888337181697973,0.0140177052585769,0.00999826127083285,0.011047469283802,0.0169159888821715,0.0120400066206797,0.0109229660715769,0.0105165366028848,0.00669108268157052
2266,2024-01-30,0.0135566920640474,0.0102543573806114,0.00950308525649523,0.00941502535907539,0.00811927566972089,0.0117107360353221,0.0112303622943184,0.00852388835266778,0.0111752901771851,0.0147199570819211,0.0104847895150601,0.00889221050320923,0.0140622128347581,0.00990760566467279,0.0110201356984191,0.0168360057143833,0.0122630729354754,0.0109657781312154,0.0105354805482469,0.0066459788544999
2267,2024-01-31,0.0135172464113181,0.0102524733297815,0.00955365103019031,0.00947318026414299,0.00818755084864391,0.0117658480092971,0.0112490712608847,0.00854451577864124,0.0112609334778074,0.0145917902630345,0.0104619127527418,0.00897180810219612,0.0140778167031684,0.0100668701809267,0.0108982617122735,0.0166511863584822,0.0123173339104926,0.0109689296166711,0.0105887982997685,0.00654785811006111
2268,2024-02-01,0.0136616983317497,0.0103107908473402,0.00977248720369801,0.00937859949212524,0.00870494317452946,0.0117450397471032,0.01160238611611,0.0089143712838356,0.0112622501344599,0.0145461226125696,0.0104951344498208,0.00892459188044265,0.0142635037115012,0.0100748798149768,0.0108829585115047,0.016526618515104,0.0127972772110271,0.0109826752171894,0.0105751129742585,0.00659026475466732
2269,2024-02-02,0.0128341015646933,0.0100131689294513,0.00929309613187843,0.00940127302254564,0.00876560627706412,0.0117424383025981,0.011427229468966,0.00894795128599781,0.0116914177134133,0.014405325273649,0.0106998433028278,0.00897341042710587,0.01397313353273,0.00974552971437276,0.0105654777939204,0.0165975879603602,0.0128006003206439,0.0109788695889235,0.010579027465859,0.00658352901157789
2270,2024-02-05,0.0128035593663248,0.0100048744453992,0.00946920233059669,0.00939082954734573,0.00876347911620574,0.0117991414980992,0.0114354241847292,0.00926900409421732,0.0121094291957128,0.0143746537904924,0.0106808705883864,0.00898813286103966,0.0140892326655298,0.00976879892055469,0.010360966033086,0.0165988729519649,0.0132368610906641,0.0109781103992931,0.0105807448221183,0.00689345772508819
2271,2024-02-06,0.0127597301087055,0.00992355922495776,0.00962691666956373,0.00987324591396488,0.00878094102256014,0.0116648751133537,0.011779519137125,0.0095963418968815,0.0148184610402405,0.0147874420995802,0.0117766587116269,0.0114368319926302,0.0140274939941445,0.00936936740060156,0.0100945650155441,0.0175855195539857,0.0132717888433862,0.0112998526045832,0.01084338226669,0.00742187211978331
2272,2024-02-07,0.0129184864375702,0.0100061818779289,0.00961953341234244,0.00998818451090391,0.00873123115035455,0.0115699081170805,0.01111926786205,0.00959644637555561,0.0153205668374639,0.0150742072599566,0.011914616070784,0.0127041066809993,0.0131703927629344,0.00930091899703745,0.0100498783810877,0.0178149070433481,0.0134190304829906,0.0113614886578646,0.011044043086843,0.00788296355708919
2273,2024-02-08,0.0129200407407227,0.00999116518811396,0.00964395838238148,0.00991292523903388,0.0086984014655165,0.0115624066771562,0.0110047234077511,0.0096634236867805,0.0153127722715232,0.0150132998865288,0.0116849770725654,0.0126985644148726,0.0131671959063947,0.00931096393818972,0.0100579557471472,0.0176154040132035,0.0134031198558756,0.0113839279546383,0.0110564264478734,0.00786147520829194
2274,2024-02-19,0.0133134861704111,0.00999919293297234,0.0108881222610105,0.00985461535334672,0.00942320181555788,0.0119663021725208,0.0126671141938486,0.0099097536350054,0.0153031685259772,0.0152121245382669,0.0117240951885757,0.0127572312154593,0.0138997969618128,0.00963760750640514,0.0112362236543124,0.0175193608182426,0.0138400958192389,0.0113556058884006,0.0112249368688504,0.00788320911285821
2275,2024-02-20,0.0130285329108859,0.00997400674772614,0.0107326450705044,0.00987107350869345,0.00938431687633869,0.0118277413865764,0.0125327724870021,0.00992787773948381,0.0152425367300769,0.0151953351911509,0.0117324200248512,0.0127583944226229,0.0137399186799744,0.00951437504213473,0.0112360878599638,0.0174081729738139,0.013860041252158,0.0113632532253664,0.0111953017802718,0.00799813625499762
2276,2024-02-21,0.0130566370220729,0.010014215218498,0.0108081119085458,0.0101112272961145,0.00944237119251977,0.0118385603059348,0.0126375558850221,0.00999825657108986,0.0150694845641001,0.0151837984046933,0.0117881605213977,0.0128275634892669,0.0138314070041071,0.00959786988080417,0.0113059359322503,0.0173902506849324,0.0140026667088282,0.0114011161619083,0.0113796989445284,0.00818232708828125
2277,2024-02-22,0.013142582245973,0.0100302724337752,0.0116946362811586,0.0100553184730505,0.00973395891451744,0.0121114564536675,0.0133500935851671,0.0101563319431363,0.0150634630131756,0.0153226226392315,0.0118304143350937,0.012893481533523,0.0145375468372967,0.0096692749660284,0.0114062987443817,0.0174839484429039,0.0142066344496892,0.0114366068573742,0.0113568748046827,0.00818203087541765
2278,2024-02-23,0.0131436181228747,0.0100087451405907,0.0117352130350271,0.0099857578192535,0.00971163169857918,0.0120792182371707,0.0137566206539317,0.0101194981257446,0.0149932122190055,0.0153202503316618,0.011828733614798,0.0129375755625528,0.0148021111066641,0.00969866163952812,0.011388043836202,0.0172480214727375,0.0142561572457398,0.0113820563126012,0.0113426918527283,0.00830816902930842
2279,2024-02-26,0.013330529730166,0.0104103735049244,0.0121595853650894,0.0100908012620703,0.0105643453119901,0.012139564834972,0.0147991701584204,0.0107050935563248,0.014974246729031,0.0156529981025379,0.0121301202939469,0.0129373013229079,0.0152233165886585,0.0102085341683495,0.0118732260254925,0.0170805956708803,0.0151530277000419,0.0114769529834326,0.0114023830218314,0.00830158227541435
2280,2024-02-27,0.013183363386645,0.0104016777271347,0.0122014231958866,0.0101046857684573,0.0105465028309451,0.0121551888484138,0.0148326367287197,0.0107512241870984,0.0149954759421873,0.0156535720322444,0.0121406431756891,0.0130179492944579,0.0152230523860791,0.0102169518053844,0.0117998532793737,0.0168785849476223,0.0151824043111822,0.011453528920723,0.0114061014504071,0.00830225499626707
2281,2024-02-28,0.0131790756805883,0.0104218008690348,0.0121958027305167,0.0100179114051101,0.0105321489001626,0.0118177910167734,0.0149290511401499,0.0107782372264521,0.0149565792997845,0.0155612394366717,0.0121477823701297,0.0129812774887386,0.0152628601737204,0.0102046532046733,0.0117925339056986,0.0164214828271286,0.0151983750133389,0.0115153651250019,0.0115671744291972,0.00843636058038618
2282,2024-02-29,0.0131270455801209,0.0104093014205321,0.0122495868483784,0.0100336749463919,0.0105311310954481,0.011819755822717,0.0149047287072823,0.010643581900724,0.0151242691870515,0.0155979993479608,0.0123066360499883,0.0131173669868691,0.0151732253343211,0.0101787385843211,0.0117910202436461,0.0164045255157479,0.0152389407174167,0.0115281901621079,0.011572922968809,0.00846800595355796
2283,2024-03-01,0.0131333582486294,0.0103644676656754,0.0122751787361156,0.0100284058599643,0.0106020374437428,0.0118201868440245,0.0150957888492641,0.0107046948747498,0.0151270993814025,0.0155733304538885,0.0123002967751091,0.0130811751331369,0.0150423892628898,0.0101907172590282,0.0118766031361134,0.0162304938398594,0.0153643584204747,0.0122296244445731,0.0121422650504362,0.00857873444428971
2284,2024-03-04,0.0131023213206967,0.0103655783177665,0.0124770331745455,0.009983559759196,0.0108793380273321,0.011819171829783,0.0151627636582438,0.0109143058573448,0.0150995166291914,0.0155912078505686,0.0123071872066937,0.0130835424153458,0.014729925607447,0.0103166695590227,0.0122271643460458,0.0160838713808269,0.0155511756342823,0.0123126590913226,0.0118047793051118,0.00873579085180338
2285,2024-03-05,0.0131012425597076,0.0103406169404769,0.0125750813598709,0.00994261405969224,0.0108794228342947,0.0118274053369107,0.0151649014897072,0.0109188955025402,0.0150925041595299,0.0155914226533321,0.0122950975817311,0.0130591428037433,0.0147243508820976,0.0103564689827954,0.0122203720264744,0.0160663291007364,0.015608025324491,0.0126931883516299,0.0118667126568863,0.00883188119345242
2286,2024-03-06,0.0130693253143006,0.0103821961080797,0.0125767088626628,0.0098403273282075,0.010840225139463,0.0117094715661478,0.0152003279168855,0.0108992743609137,0.0150921158780469,0.0155720027567464,0.0122660809935612,0.0130608354155339,0.0147040954163738,0.0103207733536796,0.0122159013006532,0.0157351793879907,0.0155903701830964,0.0125763652999264,0.0117295246649794,0.0088973531454805
2287,2024-03-07,0.0130561242853627,0.0104445604108127,0.0125598690088597,0.00984855661182924,0.0107479039568391,0.0117885138033493,0.0152547277876758,0.0109972341110011,0.0150949061808039,0.0159464130597478,0.0127730078438041,0.0131678626615805,0.0147176870753675,0.0102075915842748,0.012327507142014,0.0154821066852584,0.0153438079248909,0.0127793047960222,0.0117865451702213,0.00892510436167956
2288,2024-03-08,0.0130435100856255,0.0104729226995115,0.0126756517687422,0.00984211848966305,0.0107504249670821,0.0118381561318107,0.0152909376206292,0.0110582711770184,0.0150863457101046,0.0160178535924341,0.0130060370022675,0.0131682463668432,0.0146803821267396,0.0101027421479688,0.0122422369026851,0.0152138837979192,0.0155927147775048,0.0127772671691095,0.0117848502075216,0.00892585626724017
2289,2024-03-11,0.0132550476906387,0.010642700001266,0.0132601130835383,0.00974762739010387,0.0109299526499364,0.0118813224674712,0.0160068565363445,0.0110662567466601,0.0151987238810329,0.0158871595769332,0.0131896026625833,0.0131752715910411,0.0152494955098242,0.0101444367746393,0.0125575687727699,0.0152242208836809,0.0156240542970581,0.0122485851838756,0.011683792586454,0.00914513488400226
2290,2024-03-12,0.0136427138928255,0.01111496556481,0.0139049412422835,0.0096209977158365,0.0117670537271796,0.0114314664651693,0.0167145190810445,0.0118008610602115,0.0151547419827676,0.0158490493692802,0.0131029554027413,0.0131536526540295,0.0159892019034878,0.0109165105754955,0.0135845223607075,0.0146745202485757,0.0166822820958725,0.0122861414842671,0.0116215729533434,0.00916263725669067
2291,2024-03-13,0.0131613776375024,0.0108941625172793,0.0139088310197844,0.00993944599588272,0.0118304163055932,0.0114506855156935,0.0167299040332912,0.0118071539573018,0.0147801216069015,0.0158883944069733,0.0131158415207426,0.0131211644618385,0.0160203493351511,0.0109514175926817,0.0135715375570556,0.014666699350386,0.0167014417039603,0.0122926811751812,0.0116331528469399,0.00918005508839741
2292,2024-03-14,0.0130233871054308,0.0110045169019947,0.0138914576683685,0.0100446935636692,0.0118958081631549,0.0115228838693116,0.0167423865691613,0.0117532510018568,0.0147910935303082,0.0159323166620606,0.0132798058431764,0.0131225277683935,0.0160118419357398,0.0109152812104041,0.0135713097341093,0.0146698953888365,0.0166718912446312,0.012296025792666,0.0117532525487481,0.00917250084523083
2293,2024-03-15,0.0130056712257483,0.0109478316984503,0.0139710654470977,0.0100775477678761,0.012004198273498,0.0115152899287364,0.0167501298866963,0.0117746007595197,0.0148250410631062,0.0160768168295919,0.0134595002762788,0.0130991920036891,0.0160512934660874,0.0108854987418671,0.0132968719581324,0.0150827911682313,0.0167957167944852,0.0126955440696641,0.0118953112030114,0.00920255556874848
2294,2024-03-18,0.0131117822634225,0.0110845555366907,0.0140932025401498,0.0100567975837516,0.0120371354657871,0.0115320633952504,0.0165804253890058,0.0116970947216079,0.0148248683417503,0.016037409396599,0.0135216720950586,0.0130255840943497,0.0159097968143318,0.010836288211078,0.0132966668183511,0.015100175667147,0.0168134091616169,0.0123373699046788,0.0116690867948922,0.00920827031199459
2295,2024-03-19,0.0130411003108819,0.0110501505221518,0.014073339268813,0.0100024754912418,0.0120629593366854,0.0114564455454827,0.0165044711998224,0.0117987363541628,0.0148528380718305,0.0160488560736397,0.0135709977180564,0.0130168233094575,0.0158360639151957,0.0108658288606757,0.013400322845535,0.015053454257357,0.0168982923767728,0.0123255710390974,0.0118114898539036,0.00929335627566056
2296,2024-03-20,0.0129226306307319,0.0108900535241726,0.014026778411606,0.00993121881575523,0.0121083082653247,0.0108155625098515,0.0165151261855993,0.0118084030337456,0.0148217100987852,0.0155852702165699,0.0133853524118513,0.0129175772881524,0.0157142845440115,0.010858960737757,0.0134103078053299,0.0147862390419828,0.0169018343745518,0.0121273570729997,0.0117280357814223,0.00927050086366345
2297,2024-03-21,0.0128492844704067,0.0109163904086244,0.0140391362094294,0.01009972308148,0.0121759946005047,0.010809038068378,0.0167348853155872,0.0117814296017649,0.0148559797615773,0.0156024867798801,0.0133986749724519,0.0129293123393655,0.0156949198088244,0.0108931431300106,0.0133825921069604,0.0148574109970954,0.0169303241547571,0.0121651924883475,0.0121202368631155,0.00938361644502276
2298,2024-03-22,0.0123809704514018,0.0109439595243757,0.0140293415917389,0.0100657634771477,0.012080205969911,0.0106469321204067,0.016780249018409,0.0118605996874194,0.015018330905408,0.0157290584582681,0.0138134694732488,0.013080417545627,0.0156941426021752,0.0108100282810344,0.0134083726457261,0.0148422026216136,0.0168682578777268,0.0121764037730288,0.0123749514826794,0.00914779520060752
2299,2024-03-25,0.012351411828375,0.0109742918631963,0.0140362001114571,0.00992503741652423,0.0120812781045521,0.0105139198645937,0.0167773595368178,0.0118854003820519,0.0148306971521034,0.0156524700480702,0.0137175103012099,0.0128441493268677,0.0158295285021736,0.0108611442230596,0.0133802214643566,0.0148265828045271,0.0168717099218529,0.0120690801707482,0.0123172953190816,0.00906861050020927
2300,2024-03-26,0.0123749880490459,0.0110477926155588,0.0141395754882607,0.00992342552960818,0.0120909540359619,0.0104927481828682,0.0168115754368902,0.0119121209362651,0.0147826592180878,0.015679404266067,0.0137303909480308,0.0127369752869879,0.016172986540542,0.0108096964117918,0.0133786652096389,0.0151093862617873,0.0169911796973286,0.012114861523084,0.0123253510183504,0.00902328602404839
2301,2024-03-27,0.0123766990808842,0.0110674382754803,0.0141706382136255,0.0101803491730743,0.0120965939449763,0.0104809473293512,0.0168878428459121,0.0119259245660771,0.014845698990952,0.0157822435077767,0.0138434097207986,0.0126556130688921,0.0161650168493853,0.0107673137051918,0.0133546470957768,0.0151624388124375,0.0168558510055667,0.0121443116203727,0.0123265555158281,0.00903212949154704
2302,2024-03-28,0.0123960571623004,0.0110543529673092,0.0141681192856415,0.0101592276510293,0.0121008715906735,0.010462201139877,0.0168767492496492,0.0119329582111144,0.0149078530786544,0.0157768703892295,0.0139279160808003,0.0126784888996802,0.0161704525728298,0.0107668315386881,0.0133553207300445,0.0150880655224902,0.0168562811776133,0.0122190028741969,0.0125816191463206,0.00915324658638521
2303,2024-03-29,0.0125649641446351,0.0111712973028688,0.0142534616133462,0.0101437415821636,0.0122228765209332,0.01044459558538,0.0168172153239142,0.0121690540202841,0.0148874967015069,0.0160459785112186,0.013982984104583,0.0126777007282974,0.0165285758106287,0.01072044642293,0.0135240898636864,0.0148015294749305,0.0168886323503605,0.0136198576658756,0.0139515706598249,0.00917268864342995
2304,2024-04-01,0.0126640610901048,0.0112975834753041,0.0143140570264004,0.0102120828018614,0.0123147055324414,0.0103955020231523,0.0170246181019173,0.0121858181389186,0.0149523865183612,0.0161730632967574,0.0139876859155433,0.0127861155149081,0.0164228458074338,0.0107349359069473,0.013576884110484,0.0146731264132031,0.0173216953159776,0.013774713335666,0.0139552877912426,0.00924476284384378
2305,2024-04-02,0.0126035952783563,0.011254277555465,0.0143010902974154,0.0102504767192976,0.0123797449384846,0.0104097731095603,0.0170674602998676,0.0122357547706078,0.0149400177816297,0.016187724725926,0.0139801573481582,0.0127634095740897,0.0163283430210041,0.0107066569150683,0.0135559221383306,0.0146938313095498,0.0172202267323865,0.013700438662589,0.0139752967912852,0.00928205778325885
2306,2024-04-03,0.0122120605193394,0.0112518621539453,0.0144705811135896,0.010232265622159,0.0123379662008316,0.0103869575980346,0.0172353119391717,0.0124474245783369,0.0150984044576376,0.0158060305219796,0.014153050279879,0.0128103165729993,0.0167082940940122,0.0103222292157056,0.0134344667019497,0.0147569602521926,0.017102753798858,0.0138250266176044,0.0139842873568024,0.00931426578964788
2307,2024-04-08,0.0121784014614678,0.0112974600297323,0.0144562251573784,0.00992271706550729,0.0123410642638662,0.0103602260024733,0.017035801884094,0.0124470029433756,0.0150576721484586,0.0157856856216096,0.0140779521669179,0.0125737727541056,0.0166400046107868,0.00995736254880355,0.0133200212302187,0.0147687503826952,0.0176986531998217,0.0141351986292835,0.0141106026573571,0.00904464430722056
2308,2024-04-09,0.0121644213296693,0.0115230181106288,0.0144214349639471,0.00992442834945631,0.0123241922615082,0.0103737259011009,0.0171217350301421,0.0124318499468862,0.015032113084662,0.0160632292725042,0.0140486536597028,0.0126075930042161,0.016661075714803,0.00995590064809798,0.0133307998314019,0.0147659939298825,0.0177723962452163,0.0143271149975169,0.0146169713348417,0.00905351097016184
2309,2024-04-10,0.0119135564249826,0.011658203501691,0.0143111731757268,0.0101083432991746,0.0121952235676022,0.00996582771551363,0.0172423208214789,0.0124035317133325,0.0155017056900217,0.0160261068001876,0.0140020568955492,0.0129885928627794,0.0166824910286394,0.0098168248508402,0.0132718953263469,0.0147722291055567,0.0175834104439017,0.0143194670916389,0.0146038599079475,0.00890017855565722
2310,2024-04-11,0.0118036397145979,0.011531706327751,0.0142700756221957,0.0100467934843386,0.0122706746807934,0.00991601912003704,0.0175742660598894,0.0123608910359762,0.0154697784650527,0.0160312232079388,0.0144594743018202,0.0129753218299345,0.0167986334408267,0.00980539504864071,0.0134373178265125,0.0147455008747277,0.017047873952612,0.0143488805631222,0.0146038315827942,0.00870775352411654
2311,2024-04-12,0.0117275249721696,0.0115546487682094,0.0142184799035819,0.0100864127688071,0.0122682035041881,0.00982171102440937,0.0175516284446016,0.012360767299503,0.0154537445716472,0.0160311340602292,0.0144598851364825,0.0128046472700218,0.0167899458269218,0.00980667274884656,0.0134040912322476,0.0147099368278126,0.0170085199531115,0.0148260166883183,0.015518861917718,0.00859694934988127
2312,2024-04-15,0.0118950516275129,0.0115755736323109,0.0142358984826133,0.0102377468730858,0.0123437056186917,0.00950246691362009,0.0177428745090914,0.0125092180287881,0.0154404814304939,0.0161896702099491,0.0144410115058054,0.0126769965367403,0.0170714147193404,0.0100377660475218,0.0134362340964011,0.0153163581242063,0.0170109821613029,0.0151955854758181,0.0162193041711004,0.00861830467113492
2313,2024-04-16,0.0118624985543248,0.0115198915758395,0.0142327921707021,0.0102545911571005,0.0126190599350402,0.0092704430501256,0.0177126078341309,0.0125991341998474,0.0157803331095427,0.0173219233976058,0.0159272886896541,0.0124137607689646,0.0170867879544731,0.0102841525199085,0.0137090929570138,0.0151167612867578,0.0177787817838964,0.0161838037091932,0.016838831537913,0.00861134274628581
2314,2024-04-17,0.0118503487290027,0.011453032406514,0.0141814037851859,0.0102323529504314,0.0126865001664011,0.00925557943875238,0.0176017385060462,0.0126345580516402,0.015916369994356,0.0174166377608151,0.0158906545409845,0.0126564296211752,0.0170877447934166,0.0102856528066519,0.0138161773878632,0.0152233932939736,0.0178827981000842,0.0162152697955112,0.0169785381644064,0.00861610407398393
2315,2024-04-18,0.0120588969401734,0.0114595454631373,0.0142019153454116,0.0102279187623593,0.0135170407294617,0.00895132433081684,0.0176776063640533,0.0128238134047416,0.0158808087192069,0.0174098096995399,0.0159071171932856,0.012670020777319,0.017064556637667,0.0104739156028345,0.0144085125968455,0.0153111257553472,0.0181560307460246,0.0162321989157682,0.0170162108481974,0.00871992902081251
2316,2024-04-19,0.0117946943682162,0.0112380485773524,0.0141459499288906,0.0102209525085371,0.0133568219345967,0.00862121221837065,0.0176782181052809,0.0128551908662565,0.015650842998518,0.0175216062093097,0.0159397425688204,0.0126853993782645,0.0169366447691342,0.0102696643527217,0.0142436622553487,0.0151844931350054,0.0180589519807805,0.0161301061414886,0.016959749959845,0.00870766093209572
2317,2024-04-22,0.0119918638156958,0.0114239204209379,0.014654118907161,0.0101964411443272,0.0133341590098994,0.00876882333520728,0.0184779257104991,0.0129719215012745,0.0156304705395016,0.0176769660645951,0.0163543669336922,0.0126852079475185,0.0183708149092272,0.0102903670221518,0.0142067098254492,0.0153521705240927,0.0180301870130498,0.0165760171437756,0.0172336037091906,0.0086436158223206
2318,2024-04-23,0.0119653201818965,0.0117839909468713,0.0146442055183333,0.0105947674329607,0.013563057373277,0.00906859904630094,0.0188222285531935,0.0134604458363253,0.0161346932604023,0.0188827944181304,0.0180305360143046,0.0133536081482136,0.0185950786130828,0.0104578965295285,0.014466811365342,0.015164958905744,0.0183701809422916,0.0174624110041638,0.0178518349808016,0.00867355035695734
2319,2024-04-24,0.0120066587207243,0.0118231721346754,0.0146179850526321,0.0106114954713632,0.0138404562604596,0.00906128951413573,0.0187729643655347,0.0134593592769657,0.0161359015200681,0.0188961896659472,0.0180767820034741,0.0134064369442134,0.0186398488461322,0.0105950657230805,0.0146544601374155,0.0151053371891545,0.0187675382743901,0.0173837177289077,0.0179794184472263,0.00872285455929253
2320,2024-04-25,0.0120509542092655,0.0116074466912945,0.0146734964831831,0.010500708866448,0.0139991572073145,0.00900755719746717,0.0188641133338137,0.0133926931473038,0.0158776750621078,0.0185634739854257,0.0178943022578112,0.013312926437576,0.01864544497738,0.0105991443230068,0.0146755050611834,0.0140913961426414,0.0188027893416134,0.0168629331805172,0.0174983692611421,0.00874004985559228
2321,2024-04-26,0.0119403447966024,0.0116129755630968,0.0146939316643915,0.0104808673944474,0.0139907246026362,0.00884033756430692,0.0189547055123634,0.013135393410248,0.0158957842695407,0.018509685000375,0.0179677972874965,0.0133617476311225,0.0186321346927123,0.0105998076468167,0.0146506444962903,0.0143908245411581,0.0188047768812068,0.0168537441412768,0.0176334006605244,0.00875390392966068
2322,2024-04-29,0.0127675567436874,0.0123376165482916,0.0145614859965968,0.0104884910338147,0.0138060066254562,0.00886480222442885,0.019149025888615,0.0129428483875459,0.0158518203641134,0.018612956580448,0.0180447966145854,0.0133829082497489,0.0185669275107364,0.0104560043784522,0.0149372053598426,0.0144013091361203,0.0181100719328699,0.0170532434790019,0.0177576250964062,0.00874825581811546
2323,2024-04-30,0.0127571658616765,0.0123130456446864,0.0145439909278918,0.0104497640502104,0.0138910521281077,0.00825698481806248,0.0198115036268317,0.0124941722923885,0.015582956281317,0.0176986009160632,0.017407719540718,0.0133063128415337,0.0183216313203719,0.0103859546187658,0.0148755684559743,0.0135434097143682,0.0181585610804249,0.0164702729419051,0.0172811614935396,0.00871882541739346
2324,2024-05-06,0.0129290852075523,0.0123099890346116,0.0142416160484971,0.0105508540796485,0.0138558982027,0.00836240364273788,0.0196835235803748,0.0124777870718713,0.0156220288454748,0.0176878864557609,0.0173921072936601,0.0134090573676523,0.0182040902030797,0.0102381420251923,0.0150465559544238,0.0136298016104639,0.0180458157284216,0.016469505398996,0.0172904282986762,0.00862596638785614
2325,2024-05-07,0.0124411412165483,0.0120976951982846,0.0138666485850607,0.0104694171627215,0.0138856659411343,0.00830222115435081,0.0194436620349074,0.012379732709391,0.0155135940811072,0.0173356514824964,0.0171020684270309,0.0134454273620926,0.0181423004744964,0.0104562850857594,0.0148985186300757,0.0135748529647976,0.0180157283169476,0.0164419873773535,0.0171924916047565,0.00862704553310763
2326,2024-05-08,0.0114857843209546,0.0103484737575451,0.0137410507163778,0.00987513844854239,0.0138224179073499,0.00808294477898069,0.0190922642844402,0.0121446606029261,0.0152474172074386,0.0165035034791876,0.0169201693949504,0.01340073088264,0.0174592560334974,0.0102089467126421,0.0144561005488458,0.0128465636768806,0.0175338197373147,0.0162921036754318,0.0169878014744245,0.00873566064835017
2327,2024-05-09,0.011410345208528,0.0103506656253778,0.0136446733974993,0.00977456904208699,0.0138166685257161,0.00808560040832675,0.0189412640692001,0.0121649400425827,0.0152937337172394,0.0165549747506876,0.0169702288686565,0.0134556214105399,0.0174116709346727,0.0101987668990741,0.0143559402558771,0.0128524816344889,0.0174895434955444,0.0163267697954278,0.0171100295166288,0.00864797926557876
2328,2024-05-10,0.0114434618829649,0.0104226843625602,0.013660466033276,0.00972845066595699,0.0139012041045027,0.00809013735937775,0.0190624856176656,0.012174749498354,0.0152759923936836,0.0165693366315655,0.0169844454578747,0.0133970919093185,0.017414453408936,0.0101747436671026,0.0144046908532099,0.0128670118556006,0.0176055373965989,0.016314647003159,0.017378609469995,0.00861067160977752
2329,2024-05-13,0.0114367137743307,0.0104398412048747,0.0136236262654096,0.00967523097922112,0.0138977924399909,0.0080934574509598,0.0188930974851724,0.0120646270258094,0.0151773844174901,0.0164237091902468,0.0170628562473571,0.013344792598546,0.0174263896870768,0.0101708220354907,0.0146593217389266,0.0128118671015889,0.0176642090616356,0.0162711329735111,0.0173441940372666,0.00866184756699964
2330,2024-05-14,0.0114049349525497,0.0104327085122801,0.0136046653098312,0.00956204721549506,0.0138449621245754,0.00829134232654984,0.0189612832733102,0.0120524464111482,0.0150566191758527,0.0164066204521071,0.0170689115727555,0.0132021135192559,0.0175006621956492,0.0100195837163247,0.0146535767362924,0.0127190476411804,0.0177113597285384,0.016261308494582,0.017362292227725,0.0086801011435208
2331,2024-05-15,0.0113299448780243,0.0103984812986307,0.0134988933079409,0.009568788218864,0.014154344573909,0.00842717885287424,0.0188743649042602,0.0120759228962939,0.0151159138615548,0.0166114460067517,0.0171111529077997,0.013231894319644,0.0173940809507089,0.0101101138175841,0.0150639518555694,0.0126456922723958,0.0175736916050321,0.0162734794273631,0.0174562465891749,0.00878984296321455
2332,2024-05-16,0.0113226819153309,0.0103881726193139,0.013508989325767,0.00962759959111516,0.0145543158358814,0.0084325734006104,0.0188678491396524,0.0122640790792067,0.0147009561065774,0.0165256744945012,0.0170977067555872,0.013010321817904,0.0173793609211663,0.010232618672589,0.015252194467628,0.0122681226409811,0.0178159400469288,0.0164633592324468,0.0175587657877991,0.00883257395680947
2333,2024-05-17,0.0113122475684396,0.0103958134554695,0.0132235148521898,0.00970285226029702,0.0146522549798441,0.00840694645659257,0.01891898381625,0.0120365400092283,0.0145032218921855,0.0165079731261206,0.0170326733244241,0.0129652077755264,0.0172334713143567,0.0101899980682193,0.0152453609511878,0.0122690782128294,0.0175877504123124,0.0164496972647024,0.0175913726546875,0.00871583525624651
2334,2024-05-20,0.0112871570000092,0.0107838667504352,0.0135065149499298,0.00924106018252121,0.0146591406133255,0.00841552908928099,0.0199429301013708,0.0119366890550319,0.0118880354876557,0.0163965211145226,0.0170536148263399,0.0112898167906486,0.0181001952981036,0.0102305021620376,0.0154360853100927,0.011291619518485,0.0176201749917789,0.0167688497823507,0.0176937537318512,0.00830357911338032
2335,2024-05-21,0.0112885253066135,0.010667142380425,0.0134930081411782,0.00911326499282738,0.0147868000178727,0.00846857375666613,0.0199327550009091,0.0119467551002777,0.0112845128664637,0.016326324577533,0.0180290974930734,0.0101407160224022,0.0179273649989458,0.0102473405961697,0.015445594609127,0.0111449726822257,0.0176271857659306,0.0173908045489331,0.0185300851346061,0.00781087352891405
2336,2024-05-22,0.0113024647599664,0.0106585923942579,0.0134727282029064,0.00898432253869276,0.0148339635964757,0.00846827482519934,0.019933030624779,0.0118862457460497,0.0112851870064073,0.016380050056816,0.018318560485981,0.0101407071379694,0.0179739993985737,0.010285676902372,0.0154462062048214,0.0111448797385659,0.0176310800848537,0.0174236598378442,0.0186045949539602,0.00782163101692844
2337,2024-05-23,0.0107126238639125,0.0106669365146838,0.0123030712217501,0.00905987849349804,0.0144753703742631,0.00822318615985067,0.0187686136043336,0.0118255684705564,0.0117995353989177,0.0167167130788402,0.0190240893176143,0.0102958952064352,0.0173306467109087,0.00985345696908854,0.0145770194594979,0.0112312073805894,0.0173355366269224,0.0176257765271301,0.0190149134185082,0.00778320930536638
2338,2024-05-24,0.0106993564419496,0.0107353145681728,0.0123078117096578,0.00907942874403298,0.0147512079713122,0.00820078366604846,0.018883464206612,0.0122018950733673,0.0118224864370194,0.0167169229352915,0.0189930124594735,0.0102962810847977,0.0173037726229925,0.0101978230306404,0.0150138310315261,0.0112463487359876,0.0177620160483947,0.0176295528147201,0.0190260310476062,0.00758263980893819
2339,2024-05-27,0.0108596733143129,0.0108948059403662,0.0123658662039043,0.00868886107147571,0.0147483682303592,0.00812825433626701,0.0192705514140312,0.0123642878826008,0.0118436789463247,0.0167358890863772,0.0189453539293124,0.0102045344142631,0.0173442023138346,0.0102024570402911,0.0153055616899262,0.0113048309082356,0.0178510811823802,0.0176545487765718,0.0189412260544824,0.00745773301626811
2340,2024-05-28,0.0107629547610747,0.0109676767801068,0.0112904076883692,0.00867965986739817,0.0144872079185031,0.00784675617142029,0.0186780121454501,0.0122117171118675,0.0118244519678499,0.0165162129917961,0.0188024200561183,0.0100518854460485,0.0166068810046934,0.0100269257922004,0.0151819950615237,0.0111669865657918,0.0176344522047815,0.0176664424951143,0.0189747439759511,0.00743819458993972
2341,2024-05-29,0.010952490263256,0.0110372975420269,0.0111365756737805,0.00869951779746131,0.0144728563714065,0.00779409666227267,0.0189583744660177,0.0122161292087072,0.0119271329476212,0.0165589593728138,0.0188762605621869,0.0101215783405273,0.016546313257591,0.0100136627719886,0.0152099749892995,0.011142396182655,0.0176264549314833,0.0176753107886298,0.0189580778664984,0.00722055155868109
2342,2024-05-30,0.0110137546020047,0.0107755055048379,0.0110914529421832,0.008670078366468,0.0141285949966954,0.00762414908419717,0.018403331959762,0.0118704839881383,0.0119991988603114,0.016742003538384,0.0192775510745836,0.0102156204283589,0.0163666875999816,0.00955654820799946,0.0151851097884153,0.0109906443108975,0.0173201064577748,0.0179617228306918,0.0194932153279628,0.00718390014397095
2343,2024-05-31,0.0110959390156728,0.0107710028500983,0.0111327755939153,0.0087280998165453,0.0141340107163846,0.00761281576881061,0.018414508217308,0.0118302094143988,0.0119573322044261,0.0168018836020414,0.0192691482799105,0.010109040458688,0.0164350847902739,0.00961509752460047,0.0151939259899548,0.0110015894568262,0.0172967633111512,0.0179616364835282,0.0194924794490381,0.007171512154003
2344,2024-06-03,0.0111746706450387,0.010767393747665,0.0112118233135304,0.0088200581435096,0.0141934848761985,0.00761143391343826,0.0183714808355962,0.0118016580654024,0.0123937506435229,0.0168270348354609,0.0194805650777536,0.0105966982788849,0.0164152980898271,0.00976567114888799,0.0152300945328407,0.0109910570035506,0.0172693418659737,0.0181230676529133,0.0195216599807625,0.00691227746378161
2345,2024-06-04,0.011200468130852,0.0108051500174045,0.0114413156845911,0.00866242819077112,0.0144843510972585,0.00782275670610092,0.0183719977810658,0.0119715840137066,0.0120980889170968,0.0169147689378753,0.0193852363169634,0.0103772307430263,0.0171601135371621,0.00981144362132606,0.0153977065610431,0.0109614884297244,0.0174519450194852,0.0182295202417183,0.0195198915433804,0.00691033332340438
2346,2024-06-05,0.0112810766411869,0.010814610648481,0.0115901085703192,0.00869733908725357,0.0144147147934515,0.00785151153374733,0.0182831691143467,0.0119163405715214,0.0122236410747544,0.017315964225813,0.0196393797941254,0.0103948837647588,0.0171994162362087,0.00983503645023599,0.0153564119306237,0.0109626399202237,0.0173334127444861,0.017932607104954,0.0192736514759552,0.00667702655755402
2347,2024-06-06,0.0113529512454501,0.0110940771066564,0.0112300803826563,0.00869554348651409,0.0143551372682668,0.00790175273779413,0.0181406366367694,0.0118416873194418,0.0123416115872859,0.017452615541301,0.019702557070589,0.0106601027182502,0.0170423708547023,0.0097416551210611,0.0151881124456278,0.0106022811418175,0.0172808736485557,0.0180389088190777,0.0193361043410393,0.0063744721444066
2348,2024-06-07,0.011351210670818,0.0110980505415979,0.0112001264605682,0.00869169313632487,0.0144292640928652,0.00790156802287838,0.0181706085968756,0.0118896595217338,0.0125342004088165,0.0174536369059943,0.0196933872831485,0.0106789695178723,0.0170718821665525,0.00971787888626582,0.0153088786799283,0.0106053160337217,0.0173298156701475,0.0178132477923863,0.0192948244508825,0.00613760187072299
2349,2024-06-11,0.0115413169816874,0.0111286710643718,0.011396799327842,0.00881192824271957,0.0144779093228786,0.00802486830332525,0.0182214019251334,0.0121088828218182,0.0125823923856491,0.0176120661217911,0.0199139087438085,0.0106955641403858,0.0172495563296239,0.00976579717364455,0.0153689270973416,0.0104985354216672,0.0175142911328236,0.0182190409699951,0.0199840696466098,0.00611426589252593
2350,2024-06-12,0.0115393885837526,0.0109293319720301,0.0114202695278879,0.00851331464090898,0.0143926455654354,0.00797363881367068,0.0185457279494666,0.0121228881958008,0.0126868634972094,0.0172455766584103,0.0194480337879858,0.0105438028003942,0.0174316523376643,0.00972285091084983,0.0152633948375425,0.0105369534036758,0.0175694301243384,0.0181229797018575,0.0200615264173124,0.00613875041865272
2351,2024-06-13,0.0115573950989007,0.0108972702441572,0.0115332338283402,0.00871788796148245,0.0143900638567318,0.00795191108844442,0.0186344866102022,0.012076218093144,0.0127330308627348,0.0173261499124306,0.019246519748239,0.0105742881295624,0.0174282509450926,0.00971810038316891,0.0153158326618054,0.0104738908667399,0.0172711401821803,0.0182331362539441,0.02020715118786,0.00612704816444439
2352,2024-06-14,0.0113728938595641,0.0107710574345356,0.0111044419303371,0.00879763699840817,0.0144297319729637,0.00790516839072478,0.0181264802469442,0.0121675282683159,0.0125510874692608,0.0173550696481921,0.0192151360814935,0.0105096563356709,0.0170344935034505,0.0101965031660947,0.0153209344062928,0.0102707552904124,0.0174700738667552,0.0182244462455935,0.0202059548924879,0.00555510808150796
2353,2024-06-17,0.0112482535117464,0.0104120144077719,0.0106753996562319,0.00875957385845748,0.0140061161657374,0.00894933971742498,0.01782263508061,0.0118589834733202,0.0125462747782588,0.0176543294411713,0.0192450768557658,0.0105180343584235,0.0163739935162985,0.00944325461401254,0.0146021166261311,0.0102626613787561,0.0171522485868695,0.0180129659455816,0.0201111082352661,0.0055301058241241
2354,2024-06-18,0.0112623320977987,0.0104409239129821,0.0106675101025746,0.00856155152221173,0.0139494311413194,0.00888757529101765,0.0178046183358419,0.011836021749887,0.012647112349499,0.0175551301292409,0.0192444977699687,0.0105625774418004,0.0163469983727055,0.00937755553445797,0.0146091010640155,0.0102434344456183,0.0171122651245019,0.0180354605638909,0.0201041590378598,0.00553411167928992
2355,2024-06-19,0.0113153560610357,0.0103838200713388,0.0105668963993741,0.00855841493503352,0.0138595880481275,0.00877601707265307,0.0178108794130859,0.011853002437782,0.0126417710106096,0.0174524850396847,0.0190547218834414,0.0106768630310748,0.016334648392732,0.00934734753642539,0.0146199786536815,0.0102035007546568,0.0171304962017233,0.0181464718963691,0.0201007499246173,0.005580622581884
2356,2024-06-20,0.011512686176851,0.0105182958315596,0.0105240670474952,0.00844786038327455,0.0137636723692319,0.00876847005383479,0.0178067649143464,0.0118043072606242,0.0126824456502999,0.0171808044993908,0.0187667153047011,0.0108180852718634,0.0163672704081317,0.00929472871705824,0.014673866666675,0.00976003223191126,0.0169522872236812,0.0178601410976125,0.0199950566162629,0.00559709550217073
2357,2024-06-21,0.0115386890740397,0.0102785068920965,0.010505572270255,0.00839997758719854,0.0137314543003746,0.00874922093054285,0.0177618044430808,0.0117934254151642,0.0126831153839989,0.0171617862062204,0.0187670128816836,0.0108456739154837,0.0162614873988967,0.00929104402446335,0.0146675321639617,0.00971778595553659,0.016907324692074,0.0178621318917817,0.0200061499151139,0.00562761282972544
2358,2024-06-24,0.0115363466447722,0.0102794617547184,0.0106499612067401,0.00843706071001478,0.0137278285880155,0.00889621213496117,0.0178621510925145,0.0117331919166087,0.0127207076325699,0.0173236328900868,0.0187942414371708,0.0108552472295543,0.0167877448395321,0.00923722248107485,0.014547686732036,0.00969782679492116,0.0168828322137642,0.0178938589931195,0.0201099592306161,0.00557524957117168
2359,2024-06-25,0.0115335417782146,0.0102836583666239,0.010654487566498,0.00834102932673124,0.013726669722935,0.00899817446155346,0.0178439467656434,0.0117146362724325,0.0127308679074286,0.0172858278514654,0.0188490305867141,0.0107708686989469,0.0169413264522921,0.00923665024051699,0.0145350962403533,0.00971033282798856,0.016996228014035,0.0179165254572794,0.020229972681426,0.00563118852815561
2360,2024-06-26,0.0114451588058954,0.0103894603120188,0.0106969862390327,0.00829020864529286,0.0136970833589766,0.00905011259547545,0.0176070544985294,0.0117259503776054,0.0130517183751328,0.0172487130665041,0.0187927529096646,0.0109042194943448,0.0171315495243864,0.00921786163107622,0.0145416536364626,0.00952330987455086,0.016982160984547,0.017866000699524,0.0199459298239961,0.00555169324419354
2361,2024-06-27,0.0114488865601632,0.0103575535494611,0.0107556481784149,0.00836599916107656,0.0136556636462517,0.0091503466595962,0.017584912576877,0.0116987797837673,0.0130911025096075,0.0175542155560575,0.018792384165348,0.0107983163561737,0.0171553780407022,0.00921524549377263,0.0144944816899861,0.00967833923531381,0.0169849918285308,0.0178508080045343,0.019996552734335,0.00563309446739053
2362,2024-06-28,0.0119705717930573,0.0112383651843083,0.0109518901042751,0.00826581344857951,0.0146171589716665,0.00914949381012779,0.0175969585442103,0.0120693001370102,0.013066795017454,0.0175858373370116,0.0191248671257093,0.0108076629990614,0.0170637006070658,0.0092989489638099,0.0150945398694344,0.00989604053921641,0.0174118480050025,0.0179205669182587,0.0202925789747759,0.00581046370688186
2363,2024-07-01,0.0121634993136641,0.0112275652970599,0.0109554573627314,0.00822520370104638,0.0148677069982932,0.00974309242318464,0.0179703978918298,0.0121912430548205,0.0139340867213946,0.0180126564376442,0.0194849786406536,0.0115406756457971,0.0168492444565256,0.00933013427106647,0.015201910712651,0.00966545695182373,0.0174894001089522,0.0179369469293534,0.0202862185220338,0.00589166535313951
2364,2024-07-02,0.0122051996152765,0.0112989036983206,0.0109509008072636,0.00809118617002432,0.0149423781757921,0.00974477007381922,0.0179059551466767,0.0120558120646919,0.0139220390393914,0.0180468874608072,0.0194763518204908,0.0116660991078318,0.0168700892632076,0.00943002001674063,0.015195990680064,0.00977813720090978,0.017437479496445,0.0179247840072225,0.0202647639878398,0.006060805337576
2365,2024-07-03,0.012193608352845,0.0113689270955595,0.0109528392518285,0.00812618450213407,0.0149355148603206,0.0097492502931531,0.0180066972544613,0.0120226854451642,0.0138119676064379,0.0179422795944686,0.0193081788236865,0.0116372956417088,0.0169339689999916,0.00950671365658959,0.0151980482322447,0.00986963897156747,0.0174610746401925,0.0179050142861518,0.0200694664191709,0.00603589251190398
2366,2024-07-04,0.0117925364035687,0.0112669344149418,0.0108579148156014,0.00809600925152752,0.0148217458825422,0.00959927154806323,0.017976572047433,0.0117923089922484,0.0138643547052776,0.0172407072161604,0.0191739830752853,0.0117855014420974,0.016508648974186,0.00945316901117369,0.0151004177323595,0.00986818356253372,0.0174292161988042,0.0168050023551678,0.0190279244446895,0.00583672923979158
2367,2024-07-05,0.0117052888152684,0.0111269071222197,0.0108173746154706,0.00800545931955504,0.0147588993705078,0.00970035269846692,0.0176448079742174,0.0117616824508335,0.0138725095860133,0.0175689421296515,0.0194038624530472,0.0116714653577226,0.0165077360455396,0.00947926955200828,0.014997659653951,0.00991980695121174,0.0169759293860822,0.0172532560663618,0.0205335584240411,0.00579665598379532
2368,2024-07-08,0.0118435559641557,0.0112345337168082,0.0107510243543675,0.00800985118965322,0.0147942399557014,0.009682822198465,0.0177177869286417,0.0117224087809088,0.014036381949617,0.0174679551279998,0.0193653349517811,0.0117297751765222,0.0165814061000102,0.00948560582433103,0.0150218062855945,0.0100027478092924,0.0170449717736633,0.0173429881858355,0.0205522466662707,0.00578887204912377
2369,2024-07-09,0.0117329018493051,0.0111745356336059,0.0103948479106237,0.008122985305535,0.0148580751685674,0.00970882359606763,0.0175857765814553,0.0115002376295714,0.0138188920496462,0.0175679681866565,0.0192683658408054,0.0116752968125455,0.0161232922463668,0.00949841649728865,0.0150117450051737,0.00982486010933218,0.0170947427022257,0.0174089984661663,0.0205536197187692,0.00579450816091693
2370,2024-07-10,0.0121417203487876,0.0115147553457645,0.0109616026859417,0.00804784530497073,0.0153357509452684,0.0098186127464485,0.0182611934042483,0.0118154405584546,0.0137968597650088,0.0186269990267061,0.0195260223213748,0.0116771269410782,0.0176712514221223,0.00951798164911086,0.0156900554251161,0.00973656227252929,0.0176180012181776,0.0170381864530323,0.0203145919077367,0.00579801575266942
2371,2024-07-11,0.0121448230317323,0.0112906597732012,0.0110337550629904,0.00841168258345455,0.0153873112219307,0.00998273443559288,0.01809607632512,0.0118182839889045,0.0144197391441437,0.0191179474967631,0.0200374930332835,0.0118131136998555,0.0176602331503938,0.00952484527010045,0.0158779048655387,0.0098569840672592,0.0177370038354533,0.0170430908809927,0.0202562798384602,0.00580931084193894
2372,2024-07-12,0.0121031663583375,0.0111715423895492,0.0108275989333293,0.00838280198998384,0.0155969527357286,0.00995538251965474,0.0182102513735412,0.0118046810625371,0.0141606737173063,0.0192607013760716,0.0203421011337721,0.0114569748802892,0.0177294502323889,0.00950309140697376,0.0161045989011532,0.00982963282173542,0.0184118097454713,0.017339717750948,0.020664184913251,0.00569783875596627
2373,2024-07-15,0.0121814969969851,0.0112335840695715,0.0113710184394689,0.0084216178620706,0.0154006728732812,0.0102179183711121,0.0181344295332855,0.0117789259234398,0.0141606709300421,0.0192537683454767,0.020245724565783,0.0114662280026523,0.0177307390487264,0.00954205288902328,0.0159957681784764,0.00989738895972943,0.0184771432445126,0.0174361234847404,0.0206620032914867,0.00565254028946405
2374,2024-07-16,0.0122065668816985,0.0112101214702554,0.0113780588847637,0.0084783162883321,0.0154006296072612,0.0103083786588878,0.018058701090876,0.0118165459330558,0.014158303268232,0.0193114075180371,0.0202146088147542,0.0114286293847033,0.0177693910517273,0.00965398867735448,0.0159819036091719,0.00983802666053903,0.0184610253356198,0.0174064432372331,0.0198098339780936,0.00579421773126067
2375,2024-07-17,0.0124950492101863,0.0114305934805666,0.0113893586049953,0.0082601929439992,0.0160483508848542,0.0103148787943058,0.0179405710004966,0.0120518290663852,0.0141660693456255,0.0204136621581132,0.0204842587172089,0.0114339792415171,0.0174706336615651,0.00958338035663345,0.0163325319557317,0.0090057730874826,0.0191058398988276,0.0171586931080171,0.0195478672547917,0.00539791498125946
2376,2024-07-18,0.0124782007738899,0.0116280012650221,0.0114634862540045,0.00827318279203939,0.0159882383306308,0.0103631032318736,0.0179929535527654,0.0119588268816834,0.0138086273870129,0.0197999177933301,0.0196273256117129,0.0114114667055663,0.0174057108971194,0.00936988679116577,0.0161276453671826,0.00890526896013995,0.0184875620611999,0.0162511398753702,0.0191214354759932,0.00521440077240507
2377,2024-07-19,0.0125090142293781,0.0116375110850202,0.0114508101577047,0.00820887866991644,0.0158767833146187,0.0103434168948132,0.0179913564813472,0.0118748360349151,0.013537547963547,0.0196178230905753,0.0197194762784114,0.0111144097626571,0.0173781097453831,0.00946277298265415,0.0160144393674414,0.00876827187268874,0.0183565191389495,0.0163068004573447,0.0193110344213995,0.0052037965012696
2378,2024-07-22,0.0126375411188437,0.0116272342931469,0.0114507335542696,0.00828159264259603,0.0155578840107339,0.0103553932354067,0.0178865483509223,0.0116832322234866,0.0135443370676134,0.0197019887704648,0.0195967896042866,0.0110822721213076,0.0173301025536853,0.00943986111822561,0.0155076482450653,0.00861055490033925,0.0182117505250845,0.0163322842144805,0.0194451601246143,0.00514002126580263
2379,2024-07-23,0.0131422849784654,0.0117059540532576,0.0115520121719859,0.00846907326879736,0.0157740009562554,0.0105596045952191,0.0179812118557348,0.0116867717480684,0.0142785574037436,0.0208254967495456,0.0203723578862479,0.0110922561946367,0.0173942445073526,0.00954117238094825,0.0154670983206722,0.00874220410640205,0.0182757185750299,0.0167953163099525,0.0203886992616166,0.00546141732123467
2380,2024-07-24,0.013035912096686,0.0118073295657678,0.0110049006148513,0.008476500443283,0.0158142367166377,0.0104749138386083,0.0170836035004975,0.0116056080596937,0.0142613523754249,0.020794228760795,0.0202094481590668,0.0110914240455598,0.0161251937440502,0.00950280563569627,0.0155400364925228,0.00847875974594711,0.0182936001747835,0.0165139224209155,0.0203071405988153,0.00546553047814922
2381,2024-07-25,0.0134627566221362,0.0113926849871569,0.0110121960217387,0.00813540295354753,0.0157459950489617,0.00995095131130687,0.0166040342278012,0.0109977509091125,0.0137985511783894,0.0201926349581981,0.0192093969256936,0.0103622404499881,0.0160443150184789,0.0105414921962454,0.0153420820903446,0.00828893420226156,0.0179313384068346,0.0171216932943188,0.0205013595054433,0.00565410316288524
2382,2024-07-26,0.0134295189909854,0.0113713887334435,0.0109717303111442,0.0081867636372705,0.015534893572347,0.00985169127027398,0.0166332439700661,0.0110085943310173,0.0139813037858959,0.0204128214387959,0.0192240433669746,0.0102749756996684,0.016064487086881,0.0106212881919341,0.0151642179685619,0.00828371202888358,0.0175318556058283,0.0171140492229762,0.020344453787417,0.00564143250174874
2383,2024-07-29,0.0132759860227438,0.0116200114344969,0.0108521207417937,0.00822017672044903,0.0154605678751798,0.00984743798265948,0.0165681826469048,0.0110436923582299,0.0140220650562746,0.0203927317150209,0.0192696648311687,0.0102306750657056,0.0159090054885082,0.0108245293182001,0.0151363805743463,0.00838399992912523,0.0175850058056383,0.0171250278221189,0.020417597642212,0.00758741878532223
2384,2024-07-30,0.0138876776952457,0.01205847401519,0.0110074762946772,0.00817637607920101,0.0156656587709259,0.00998262398029707,0.0166437974137584,0.0111881768527897,0.0139774123461394,0.0206607965307413,0.0191098368452996,0.0101321155279227,0.0161380643119715,0.0111672054607159,0.0152480978298634,0.00815807858607588,0.0177695803010157,0.0170114512591413,0.0201095647091146,0.00760216230814264
2385,2024-07-31,0.0133819710296925,0.0113036633173594,0.0110705143844957,0.00823081064653595,0.0158276803363441,0.0100257534100853,0.0168446184067136,0.0111912383889103,0.0145591155199763,0.0220188646991745,0.0200305550468246,0.0101699165401285,0.0172151919580968,0.0111515289855846,0.0149887316809831,0.00800895012392746,0.0180066024651641,0.0170583155917263,0.0203716046004087,0.00770377229731039
2386,2024-08-01,0.013386814835763,0.011221948913824,0.0110054750919247,0.00820606649681992,0.0157724674793157,0.0102620300465549,0.0161874347947887,0.0111493715570545,0.0144404124758296,0.0219523281253817,0.020051559896927,0.00987902815922253,0.017181857491737,0.0109750169977952,0.0148372266228966,0.00890294208748479,0.0179897134480275,0.0170458149864859,0.0203797770357688,0.0084514762681505
2387,2024-08-02,0.0133421020205851,0.0113495456812605,0.0110397370423001,0.00800370830959432,0.0158581526089247,0.0101606179414127,0.0164269149233546,0.0111230819451502,0.0142407980551052,0.0221232401218143,0.0201791458049723,0.00966809583113449,0.0171024251027983,0.0110008842537574,0.0146103430580509,0.0088476885140689,0.019028230725403,0.0170778397165157,0.0203826528647629,0.00828448791197414
2388,2024-08-05,0.0141228980537553,0.011901223819096,0.0110923829737276,0.00810527422097073,0.016298977714543,0.0104640067354992,0.0166650634365916,0.0113812361948332,0.0142391404953418,0.0224112856390339,0.0202497814940074,0.00951458304212212,0.0169684596754025,0.0108791871200818,0.014624663725063,0.00927697849495749,0.0195198417071422,0.017628536373659,0.0207128425878641,0.00834928635381633
2389,2024-08-06,0.0140590903009811,0.0118959986559785,0.0107800815857484,0.00806512309332577,0.0163156358104467,0.0104578997318698,0.0165074124045505,0.0114329924819654,0.014245330499714,0.0225206368691999,0.0202710650765175,0.00950685736745431,0.0168546336853757,0.0108823503461017,0.0146478457948288,0.00933707182363033,0.0196593801441012,0.0177835592499078,0.0207170667905225,0.00832307971905404
2390,2024-08-07,0.0140887565800296,0.0120316560403896,0.0108082084870926,0.0079987118393905,0.0162915419339064,0.0104413493414231,0.0165546151258084,0.0115491390322427,0.0141819844007734,0.0224784436916976,0.0201282153591492,0.00937026404455717,0.0169565026442279,0.0109029441337614,0.0147581365083877,0.00928069066658554,0.0196023431714571,0.0177481483027713,0.0205486842494231,0.00856409091615532
2391,2024-08-08,0.0141847551317054,0.0120169720002711,0.0107447416213931,0.0080004776349351,0.0161791981540602,0.0105404721667584,0.0163350048015094,0.0115345019885743,0.0141842641627152,0.0224255637527185,0.0200702476859434,0.00941308518716958,0.0170066651537061,0.0109468823948378,0.0146426243430547,0.00914383452929511,0.0195343826123603,0.0178329986250801,0.020139856840938,0.00857255876792298
2392,2024-08-09,0.0141848360993848,0.012090717513671,0.0107917647267517,0.00800427660633885,0.0161893680714692,0.0105682349362702,0.0163582385709741,0.011440389427213,0.0141273967358463,0.0224552494124565,0.020095630813618,0.00940395916314721,0.0170391288645089,0.0109179781964711,0.0143511438924931,0.00912202677494683,0.0193493321275141,0.017848816716873,0.0201418277692168,0.00855775855151402
2393,2024-08-12,0.0141712963007563,0.012072098601937,0.0108259436067934,0.0080254673111422,0.016176273933978,0.0104639703265726,0.0163327797486675,0.0114413604436866,0.0141204737797631,0.0224542563404323,0.020037968127174,0.00945640127997679,0.0171660291158809,0.0109696737795384,0.0143101270679355,0.00909986240087166,0.0192617528050908,0.0178023095947355,0.0199950321222905,0.00871301161710669
2394,2024-08-13,0.0141603537709184,0.0120830207793466,0.0107869266873574,0.00797457262609529,0.0158622590461158,0.0105002844857226,0.0163492585939372,0.011216768069239,0.0142837565495897,0.0223833924353069,0.0200729551884097,0.00945677014181401,0.0171996885588446,0.0110186678388152,0.0138703101655139,0.00918678659765118,0.0192221565141047,0.0176909320430979,0.0198983280511822,0.00867719694384974
2395,2024-08-14,0.0142540014960272,0.0120664951449012,0.0107891308410205,0.00788326480327316,0.0156145434779596,0.0106903154783968,0.0163573310068667,0.0112100214029494,0.0142694767878603,0.0227022193161291,0.0200574333567182,0.00939184036111473,0.0173423005988369,0.0110074483876445,0.0137032125248527,0.00914283626414107,0.0190726527981246,0.0176063248943732,0.0199747102789274,0.00868284384166267
2396,2024-08-15,0.0141878764195696,0.0121155126034832,0.010818283217507,0.00768942241236897,0.0155799084502436,0.0106637718243241,0.0165463091457165,0.0115145456881505,0.0141734594931908,0.0226786255143736,0.0202013560168776,0.00931833348697064,0.0177805087933338,0.0110161456715465,0.0137273778518386,0.00912162963601296,0.0191306958132748,0.017606078853728,0.0200575925668071,0.00862850916124113
2397,2024-08-16,0.0140437721247009,0.0118992401484763,0.0101246118886631,0.00767590775053185,0.0156538641013859,0.010770485927843,0.0152213817890778,0.0113860340199757,0.0141560870134913,0.0221769398226188,0.0192690570408418,0.00926237091130654,0.0167184522764893,0.0109647289312874,0.0135526809369815,0.00912391294859829,0.0190599556623969,0.017038028576246,0.0196364975774856,0.00861118342678453
2398,2024-08-19,0.0140137006162945,0.011893832679588,0.0101478649841889,0.00768315741610807,0.0156469873653646,0.0107399670247053,0.0152683115960596,0.0113793054198262,0.0142396904639987,0.0223801400436246,0.0186366648662912,0.00926184922483043,0.016745667446702,0.0110119393224384,0.0135585805280451,0.00911867560706778,0.0190773090072611,0.0169726753971108,0.0198148461956637,0.0086401341619448
2399,2024-08-20,0.0141979560627022,0.0119732716917775,0.0101889950339493,0.00769037527594022,0.0158912661541353,0.0111149523085021,0.0155217086373582,0.0115146984405656,0.014280030920955,0.0228184092211984,0.0185047346459895,0.00925196090963008,0.0175326345763818,0.0110607244442877,0.0136022980635,0.00916789250468561,0.0195623005596052,0.017005732213364,0.0197922799660235,0.00863712083124094
2400,2024-08-21,0.0141906861104279,0.0119352740156853,0.0102084079006148,0.0079262785294339,0.0158782865545966,0.0111610778390778,0.0153408967661729,0.0116215925879849,0.0140103316384574,0.0226498636596745,0.0179005604860518,0.00909579959094684,0.0175638689569327,0.01108965803011,0.0134960464303013,0.00915377579922561,0.0198105807520304,0.0170157057725816,0.0197688991667008,0.00859613051003297
2401,2024-08-22,0.0141998591756141,0.0119088985364198,0.0103780401249032,0.00820918726538235,0.015514498477693,0.0115919834128782,0.0152411900747287,0.0112546747881625,0.0139984178319278,0.0226478484841968,0.0179364868263774,0.00911174511175367,0.0175308086392012,0.0107488808262011,0.0130587455704808,0.00915389540362025,0.0193209002928955,0.0170616412239109,0.0198077002316258,0.00858422424329601
2402,2024-08-23,0.0139740619857824,0.0118402728320693,0.0104151611568764,0.00820763866674642,0.0154902789477021,0.0115846957141768,0.0147473327382957,0.0110182361484189,0.0141245779039108,0.0224655417316263,0.0179016661364618,0.00906088481020363,0.0173980494186852,0.0110214459805091,0.0127319401597293,0.00961516780695819,0.0192066030494843,0.0170065624068356,0.0199327826486875,0.0086498233215251
2403,2024-08-26,0.0139033285136261,0.0118913339668221,0.0104562282238005,0.0082225864386403,0.0154742229709122,0.0116531696752112,0.0146432394054633,0.0111475645513274,0.0144866723215291,0.02261321325659,0.0179351713304283,0.00920754791092623,0.0173484401919215,0.0110087558026591,0.0127402357621621,0.00962335663416597,0.0192199030651588,0.0170075097528366,0.0199399302444134,0.00866868264887298
2404,2024-08-27,0.0139953480172855,0.0121104972487881,0.0108768777069441,0.00827836188968258,0.0154668261530557,0.0116260571989978,0.01429297659414,0.011146607265256,0.0144315221376479,0.0225363835394882,0.0178931115322684,0.0090707179939775,0.0173202576649316,0.0110062455640086,0.0126975058432967,0.00978839643334408,0.0192841117068581,0.0170802038674037,0.0200503821108244,0.00865441614740905
2405,2024-08-28,0.0139100613537957,0.0120718747840525,0.0105993006813874,0.00848257809406219,0.0154161249926345,0.0115957105765103,0.014237247772109,0.0110913453210706,0.0144311654368717,0.0223705855723188,0.0174250537471962,0.00899531885608179,0.0172942977456474,0.0112713463698097,0.0123653380195793,0.00991478113667787,0.0195272442399263,0.0169217050700945,0.0196889432698913,0.00866795079482843
2406,2024-08-29,0.0139955239385817,0.012457653723142,0.0105963930135975,0.00857276170489113,0.0155637811509049,0.0120307893242703,0.0142392941002935,0.0112850676891453,0.0145092357040726,0.022452106221793,0.0174373574011571,0.00901425841189023,0.0171421627843078,0.0115812312733341,0.012446637840539,0.0100958064197329,0.0195136842246002,0.0170486326533598,0.0196891112473285,0.00874100182547484
2407,2024-08-30,0.0139853876062731,0.012459041086216,0.0105464863857589,0.00851299017146726,0.0155299579841925,0.0120395151911908,0.0142458325856681,0.0112543633279298,0.0141279983018074,0.0225304852754453,0.0172100940046458,0.00849822682637527,0.0174427949732329,0.0116524211755511,0.012412245241287,0.0108611860933711,0.0195400508525837,0.0180465019582702,0.0199845056828308,0.00880385804908207
2408,2024-09-02,0.0140377583726181,0.0124837499391926,0.0107256820295483,0.00876190192881307,0.0150776277444737,0.0118760028189608,0.0145897427691388,0.0110782430779114,0.0144116991486342,0.022282967016223,0.0172499819736469,0.00852228899256597,0.0169926614166375,0.0117235850467852,0.0123562586208975,0.0109759584321531,0.0193185946916227,0.0180389977456677,0.020119870358471,0.00912324610893842
2409,2024-09-03,0.0143545042350155,0.0132821011719238,0.0106838721033067,0.00878756425152353,0.015132746376367,0.0121538951990914,0.0147218619240747,0.0112732766790284,0.0144754331205546,0.0222254704702202,0.0169924274189211,0.00852112030500873,0.0169801761894867,0.0123084951429521,0.0123798857135721,0.011030344171128,0.0193313163268788,0.0182831857519315,0.0200728812175096,0.00936496958618822
2410,2024-09-04,0.0148401363802332,0.0135078410991641,0.0107039672061021,0.00883608444049916,0.0147968366041708,0.0124260099637021,0.0146442580029945,0.011115256274929,0.0143302866041004,0.022083176947387,0.0171202237799473,0.00815660571641832,0.0170854940024044,0.0122050899480311,0.0121321016136636,0.0110145707883611,0.0191337144352878,0.0182005622300666,0.0200150767585792,0.00927290284838222
2411,2024-09-05,0.0150081151510473,0.0136167674966889,0.0108352925950137,0.00884551423067762,0.0145971114318595,0.0124099122423891,0.0146258364076258,0.0110196527158287,0.0142322206824342,0.0220658262352081,0.0172043735648626,0.00810041282102139,0.0171192567305551,0.0122235456849112,0.0119346319603146,0.0110251169444831,0.0189212984475733,0.0182765750341105,0.0200043441738004,0.00953930726981347
2412,2024-09-06,0.0149674831453077,0.0135278391270374,0.0106699082753174,0.00887862287642468,0.0146054254610262,0.0123780166292231,0.0145628492507494,0.0109852228911271,0.0141797826939022,0.0220125539903293,0.0169719438369235,0.00806816994453936,0.0170824474628654,0.0122195611308642,0.0118707216698105,0.0116076137025175,0.0189109938418783,0.0179941173342999,0.019463525430884,0.00986317197695572
2413,2024-09-09,0.0155275616439694,0.0138645648496093,0.0109216021901973,0.00890275220299984,0.0147411465434429,0.0124319357660603,0.0143525438767042,0.010927071373958,0.0141355208579757,0.0219108367533616,0.0169866106533644,0.00803580482706232,0.0175112942898018,0.0122713361211048,0.0120151287788117,0.0116222052293107,0.0187308891130038,0.0186690176490912,0.0194698318627814,0.00986298891092556
2414,2024-09-10,0.0155360197191815,0.0138547844719785,0.0107704246699668,0.00899115658561543,0.0146551534685897,0.0124861835184382,0.0142666418514076,0.0109338660848856,0.0141054708884041,0.0218370894015312,0.0168874067880958,0.00796147150283962,0.0175398877784639,0.0122552695277855,0.0119183616356587,0.0116496475259887,0.0187042124367113,0.0187000482342462,0.0193673394336007,0.00987246137213465
2415,2024-09-11,0.0159149930423852,0.0141822019702166,0.0108981277686468,0.00891019081291645,0.0147264869718999,0.0126598361486555,0.0143087584789137,0.0112281095075789,0.0144285137740201,0.0218388743988725,0.0168768563525042,0.00794612672171947,0.0176284352254446,0.0122794041894893,0.0122026747711897,0.0116456936727623,0.0192401019785474,0.0187064972978407,0.0193892308320119,0.0105466394983736
2416,2024-09-12,0.0159128480646914,0.0140716901431161,0.0106697585548858,0.00899143579239751,0.0146976025630677,0.0119619672099535,0.0140685369061962,0.0110266660644864,0.014357881008715,0.0217723684099173,0.016729065492135,0.00790676615013325,0.0175980583768763,0.0122796724482685,0.012038528598789,0.0117036123109464,0.0189339454821558,0.0186965319418286,0.0193650989495578,0.010542562325745
2417,2024-09-13,0.0159193892162171,0.0140845934633614,0.0106858237910176,0.00905324212720641,0.0147594583282507,0.011949620733901,0.0140797291273679,0.0110678437647595,0.0143277071946351,0.0217913481147676,0.0166610785334902,0.00787449075026677,0.0175968527377902,0.012522189524621,0.0121322073914412,0.0117814991720456,0.0189338161013909,0.0190416467664859,0.0195352509855415,0.0108518171839351
2418,2024-09-18,0.0160989636138429,0.0141275995860768,0.0108267784368923,0.0091261351532077,0.0147745422359241,0.0120491643938646,0.0145689086766185,0.0111535655789947,0.0143322318555803,0.0222788124419562,0.0166562434783488,0.00766996967484931,0.0186156213845255,0.0125111553706544,0.0121353381264983,0.0122207062871666,0.0189357186400532,0.0188421967606901,0.0194037373070975,0.0108534066054
2419,2024-09-19,0.0160294591266034,0.0141133296564925,0.0108361254837577,0.00910456846773173,0.0145871152852654,0.0120360793984042,0.0145915351904462,0.011345537763313,0.0145667507407403,0.0233906406463219,0.0171144094395907,0.0074164712683489,0.0185450865659162,0.0127331063690455,0.0120042829281063,0.0127103351033651,0.0193849114067836,0.0189482152878436,0.0195389439733694,0.0108578697930301
2420,2024-09-20,0.016317259297507,0.0141086777517314,0.0107570051420797,0.00929381020797023,0.0144972177721849,0.0120499354965948,0.0146128038520446,0.0113574775219251,0.0145510783813051,0.023657462787095,0.0172496700802099,0.00740132038634604,0.0186322699625817,0.0127855960950952,0.0120160119477308,0.0127877309627281,0.0193305510628578,0.0190867266271613,0.0199454383111647,0.0108896950951219
2421,2024-09-23,0.0165531583524836,0.0142890555919444,0.0106257259197457,0.00939025507852881,0.0146831715581178,0.0120026508967139,0.0146817640505474,0.0115716880312014,0.0144541965969467,0.0235884063395676,0.0172191807016432,0.00735703346276526,0.0187275699235013,0.0127982861364807,0.0124096189031556,0.0127886855688777,0.0199352549386513,0.0190824478571323,0.0200428678561382,0.011032562657358
2422,2024-09-24,0.017638312104378,0.0147451364008361,0.0110280645484181,0.00982247359123906,0.0149008717340192,0.012798400135612,0.0156264674251393,0.0127734406133154,0.0148817587870006,0.0244591359760171,0.0176097298736011,0.00736749285227447,0.0200012431118021,0.0129343501574448,0.0127797994198249,0.014164089334362,0.020290534796796,0.0191822850196881,0.0202053150109382,0.0109478119830672
2423,2024-09-25,0.0176581545199284,0.0146206346188866,0.0109786237172767,0.00984122181029399,0.0148286711142241,0.0127417029193389,0.0156897069508413,0.0127979364372831,0.0147593508772218,0.0244421135940029,0.0176461564598478,0.00720897566082318,0.0199094686408807,0.0129358413429065,0.0127750159895008,0.0141303239923226,0.0202792555169706,0.0193263615387817,0.0206253005209529,0.011308171566965
2424,2024-09-26,0.0177604773606695,0.0146166261063461,0.0109439941272249,0.0102238174324197,0.0149358488396948,0.0131558194799076,0.0158100735320098,0.013034859596814,0.0148270858336002,0.0252802489350202,0.0181888090770274,0.00712593389415025,0.0207465850908258,0.0128977338762613,0.0127759306683465,0.0151070633186151,0.0203637110958813,0.0195005607221757,0.0205994502985805,0.0114828616415623
2425,2024-09-27,0.0172877030808483,0.0140335233018364,0.0109185174182626,0.0105060643719378,0.0142861555547158,0.0133126092968404,0.0157863481711136,0.0130285547981744,0.0155964537004806,0.0256598741265317,0.0181850524469328,0.00730331442983488,0.0207618621427218,0.0127102836700995,0.0119345196341796,0.0159838918007091,0.0201279879325023,0.0194223729595913,0.0203418944785748,0.0115708656855596
2426,2024-09-30,0.018366504905226,0.0154694315224163,0.0116132005875573,0.011831511734807,0.0162611524463918,0.0136490254591167,0.0172801112596217,0.0167683973082019,0.0170434333759862,0.0276562835559662,0.0188929068518003,0.006480512643288,0.0236653182239552,0.0148221044557852,0.0132790162191554,0.0175845131635825,0.0210594474716956,0.0213859562850438,0.0213398848049607,0.0114871899861445
2427,2024-10-08,0.0182605446531083,0.0154913433115073,0.0119310136076354,0.0119671033224785,0.016065819990375,0.0139003251951152,0.0173031231385899,0.017039513257822,0.0175759358424477,0.027631135240929,0.0189052005509322,0.00655786570913023,0.023636713469961,0.0148504104455372,0.0132734935271294,0.018116091462188,0.0213099002794625,0.0213866275024804,0.0213900826878662,0.0117133925973119
2428,2024-10-09,0.021081450724008,0.0175447925616473,0.0130307486623164,0.0150099527764328,0.0169911583351127,0.0173456456245542,0.018830257503843,0.0185461840374302,0.0210386183806011,0.0295215210240942,0.0219046211440746,0.0126014998795393,0.0264136957014211,0.0147299301388027,0.0140844504506813,0.0212053848538357,0.0226540169337699,0.0239092228122843,0.0236715004378149,0.0118196219881238
2429,2024-10-10,0.0215838670973505,0.0179159436764068,0.0133074894862258,0.0152603902742216,0.0172703597118459,0.0179351208856905,0.0202426880922521,0.0188246758831727,0.0209786378783863,0.0298198435343602,0.0222189853206086,0.0124476274500064,0.0269906459230901,0.0146965896459416,0.0146873097933801,0.0212778861259342,0.0229598927054567,0.0240459604416776,0.0237660632583695,0.0118396836548146
2430,2024-10-11,0.0215806189415209,0.0179647892687917,0.0133039875882606,0.0153006278125028,0.0173481300408129,0.0179828650086863,0.0203003281936548,0.0189814838246206,0.0213289711102676,0.0296348666107832,0.0221007660560606,0.0127923960451727,0.027542465650734,0.0147388506750598,0.0147946889445746,0.0215321542049105,0.0230939026983035,0.0234974259514327,0.0224655881271244,0.0118563801474229
2431,2024-10-14,0.0214695966507436,0.0178911312999632,0.0133692990830807,0.0155586999922075,0.0170696312487036,0.0180290516277055,0.0202404760605376,0.0190728989715434,0.0211828721613379,0.0298980257976086,0.0222644276795083,0.0129372476552785,0.0276947404183305,0.0146990983959864,0.0147352725488047,0.021494067172334,0.0229407553314437,0.0238512524962428,0.0225873400775252,0.0118801321495785
2432,2024-10-15,0.0219817747479506,0.0180874017230117,0.0135005720708284,0.015770601827662,0.0169121152042712,0.0182348769159202,0.0204512803470364,0.0195208097931814,0.0214968400775084,0.0305374170055728,0.0225378314612209,0.0133411320860883,0.0283598516812318,0.0146357667332444,0.0150047455975607,0.021772055620347,0.0230016532343228,0.0243652428264276,0.0229132091722532,0.0118920135621438
2433,2024-10-16,0.0218744255843476,0.0178327091795968,0.0129594844964893,0.0158164450396176,0.016698403667875,0.0182810710658706,0.019834977592442,0.0193591436047827,0.0215047212664706,0.0298440117214545,0.0222833161598165,0.0133432091957127,0.02742645500066,0.0145687284116357,0.0143379760814645,0.0217837804435949,0.0223741980173391,0.0248076491986326,0.0230138920360108,0.0119282860771079
2434,2024-10-17,0.0219175233352693,0.0178341218178475,0.0129494043577368,0.0157726948744876,0.0167092374435584,0.0183250853282952,0.0198974609860465,0.0194804602334839,0.0212810771237827,0.0295180542996914,0.0219013927515291,0.0134632104287251,0.0274576146695787,0.0145961481572246,0.0141750070415054,0.0218124256810457,0.0223770593192965,0.0247737081525713,0.022948597722432,0.0119763171998652
2435,2024-10-18,0.0221143833034975,0.0178661246320845,0.012949069386166,0.0157314700107924,0.0166570731598758,0.0183841692695144,0.0197169867330049,0.0194597931224529,0.0213752250540339,0.0294233977778685,0.0217051678807181,0.0136704015828076,0.0274002842704578,0.014579317490331,0.0139686174233317,0.0219559555460609,0.0219961573462043,0.0249960989400688,0.0228690932693698,0.0120398979557105
2436,2024-10-21,0.0220362491123635,0.0179574096226276,0.0125765651470952,0.01563907606641,0.0166159310893708,0.0181304893109615,0.0195769715307794,0.0194522035508083,0.0213670327293938,0.0296888485971255,0.0217538106186751,0.0136603988160342,0.0273275436318908,0.0144635768375067,0.0138999203979604,0.0219492335012028,0.0219540070226424,0.0251205688148103,0.0231583066372338,0.0120429485364087
2437,2024-10-22,0.0220899646733034,0.0179377337852425,0.0125992153986284,0.0156208683496118,0.0167485646744696,0.0181114387181802,0.0195783119579913,0.0194895339506074,0.0213623092884209,0.0297294312922149,0.0217853769895086,0.0136987421279611,0.0273488264994605,0.0143060948920528,0.0140346213171617,0.0220848860308213,0.0220008740146872,0.0247133698227478,0.0231399063853505,0.0120107301186097
2438,2024-10-23,0.0218993655420164,0.0177643561593366,0.0124772578653198,0.0155880710788258,0.0163348124298939,0.0181364101839778,0.0195441388862602,0.0192133193903579,0.021371987763259,0.0286206956152049,0.0214675031188351,0.013736685655136,0.0272968735841492,0.0142790116314477,0.0135730319882788,0.0220505454294166,0.0215718262000158,0.0247133073110187,0.0229882490901866,0.0120983999534522
2439,2024-10-24,0.0219371544783797,0.0176623789975921,0.012419899555729,0.0155473093779602,0.0160927648735534,0.0181225700544343,0.0195318835833456,0.0192056563603659,0.0214592357427061,0.0286204905685156,0.0214716483699669,0.0138449940326812,0.0272939415555164,0.0142606486511972,0.0134475937151256,0.0221114786281792,0.021439822327045,0.0248908749703903,0.0231333501519105,0.0122796299736728
2440,2024-10-25,0.0219353482486267,0.0177263060948569,0.0125203772969901,0.0158089996785909,0.0160688855524774,0.0181142450893401,0.0195810801437119,0.0192147635836357,0.0218324777964554,0.0287541278877352,0.0212864088366325,0.014087693721169,0.0272883233024866,0.0144186784019615,0.0139455419006291,0.02211327441453,0.0214489863200384,0.0250911693244782,0.0227630859953398,0.0130491337698277
2441,2024-10-28,0.0219154694271884,0.0177203461158621,0.0125703631139351,0.0167678066141265,0.0159903708091121,0.0185187896947346,0.0195873112990596,0.0194748029314455,0.0218229610205408,0.028762374668006,0.0212481333272833,0.0141215130805476,0.0274190946968416,0.0143960593845106,0.013943971514733,0.0221830305153248,0.0214705109740652,0.0251361533657524,0.0226090376223289,0.0132018786217287
2442,2024-10-29,0.0221923488472933,0.0179241238906198,0.0124818668535405,0.0167199417512864,0.0159569874128998,0.0187836675029599,0.019568382208948,0.0196015789976268,0.0213111650274435,0.0278792987241471,0.0204973919401764,0.01470018423212,0.0274252289399767,0.0142192764642372,0.0139810243811217,0.0223844124522984,0.0214644571740768,0.0249655050263598,0.0216051355206664,0.0131342373764654
2443,2024-10-30,0.0221933216009007,0.0177276018940226,0.0124862692583006,0.0172336573645061,0.0158025293521723,0.0188402921905118,0.019694388918328,0.0195806061817805,0.0212807875387118,0.0292974895824645,0.0207262795751713,0.0147380706684304,0.0274147259051907,0.0141326498275983,0.0140705485417137,0.0224754769156808,0.0213515685908629,0.0248897752765766,0.0215549616082808,0.0132046607096409
2444,2024-10-31,0.0219913195527874,0.0176903092781002,0.0124954376654277,0.0172770046023966,0.0158990935393263,0.0188666271618813,0.0197812443941439,0.0198144484974491,0.0214703529441016,0.0311784491652606,0.0205393620349031,0.0147608684252724,0.0273306451815903,0.0135526924399636,0.0140639158641247,0.0224770209869325,0.0214207417768827,0.0242050830133371,0.0211919625058284,0.0131167446332224
2445,2024-11-01,0.0221744451226563,0.0177342312632292,0.0125083402471247,0.0172971399553043,0.0159152056129993,0.018869390386418,0.0198541378920171,0.0198120636452842,0.0220492758783097,0.0317726017864623,0.020684664533843,0.0148225683648575,0.0274422111970969,0.0136980385428219,0.014075408410802,0.0225925810038328,0.0214258309920633,0.0242128587978869,0.0211612817439323,0.013041528366085
2446,2024-11-04,0.0221124417719938,0.0176147133494417,0.012501462068739,0.0173067732159844,0.0158838321564539,0.0188345513864772,0.0198940112449767,0.0198051468740454,0.021922087342218,0.032958739796725,0.0206649435654377,0.0150087616773523,0.0274388589145395,0.0134240735823288,0.0140381226454102,0.0226417044963436,0.0212766772658868,0.024223223183948,0.0211232287866284,0.0122400069176068
2447,2024-11-05,0.0218160769979302,0.0173535971863972,0.0123408137106913,0.0175454008758423,0.0160305530114383,0.0190938303312721,0.0196877743037613,0.0197868924153913,0.0227507402371539,0.0332032720167691,0.0207134436405584,0.0151888722511971,0.0273189319563473,0.0132756435148251,0.0139922972905626,0.0225554552566358,0.0212791636739457,0.0242590301752149,0.021102201811151,0.0123366814165013
2448,2024-11-06,0.0218640108782112,0.0172848313202526,0.0123286649327934,0.0174863964893952,0.0159680002329608,0.0192062646851667,0.0193985691633231,0.0198063963841369,0.0225787030017258,0.0337678278527656,0.0199849976395249,0.0151864191763866,0.0267885177321022,0.0132788832491901,0.013923373765574,0.0225554717605964,0.0211302344032067,0.0240767292577639,0.021054736957748,0.0123568610602227
2449,2024-11-07,0.0218685374304187,0.0174178276497341,0.0123887059817895,0.0177725802518947,0.0161686387830191,0.0192833567694263,0.0193930805421149,0.0200469081742203,0.0225731382268301,0.0341284777973237,0.0200157339036184,0.01521433662065,0.0268563719220059,0.0134020816277161,0.0139689763150096,0.0222913775543794,0.0210538561917711,0.0241284548464147,0.0211620594962636,0.0121739791552349
2450,2024-11-08,0.0219311860831983,0.0174022588714653,0.0123513743771744,0.0179287078037012,0.0159804055994166,0.0193001646906185,0.0192807090368096,0.0200441685501129,0.0227580817792689,0.0354114712746828,0.0198358485193562,0.0160392633489752,0.0268524613709324,0.0134121906569597,0.0138840031701109,0.0221392716385177,0.0201647175664974,0.0241126268446686,0.0212844936180078,0.0122768466684168
2451,2024-11-11,0.0216213785258933,0.0173275162158619,0.0123402157075415,0.0179127198624314,0.0156038037668502,0.0191991063746666,0.0191005044642286,0.0199996513323294,0.0227099605189022,0.0357463713161761,0.0197690172691647,0.0163316588591814,0.026903312813138,0.0134034733702154,0.0138988268092427,0.0218312397272034,0.0196697272745531,0.023884461524309,0.0208673621805757,0.0122696816111385
2452,2024-11-12,0.0216158421454957,0.0173532227270275,0.0123620550927932,0.0179126126002437,0.0156064862117034,0.019334492692144,0.0192056180877528,0.0199962754415301,0.022854587567795,0.0362283880032408,0.0198612619307749,0.0169553583031417,0.0268431793029843,0.0133994011559642,0.0139591083547225,0.0217807902693591,0.0195630044641044,0.023920591931146,0.0208866801063581,0.0123753034825288
2453,2024-11-13,0.0215885254833159,0.0172200563908319,0.0123979430557583,0.01794521156045,0.0156009613642555,0.0192947416711703,0.0191750221371065,0.0199218247406053,0.0227738085320119,0.0360757422463728,0.0198546095418648,0.0170301484215978,0.0268121006008539,0.0133122420658684,0.013835759956078,0.0217590913738315,0.0195549463026006,0.0240278556477942,0.0208902293826321,0.012282163089484
2454,2024-11-14,0.0215342185046793,0.0172236432064955,0.0123794039625293,0.0179420624676894,0.0155161441377103,0.0192732443371921,0.0192003201444337,0.019991092670404,0.0245155407309794,0.0363997058005784,0.0200512303644442,0.0178775841635792,0.0267430179680114,0.0133146920926766,0.0138258134408089,0.0220877075589785,0.0194670955020443,0.0239982223216872,0.0209024420962185,0.0122658175900375
2455,2024-11-15,0.0215578878743055,0.0172156500085414,0.0124441307235962,0.0179539464339173,0.015419857420346,0.0192300531949523,0.0192047816452566,0.0199910757698336,0.0253455127247627,0.0363503508666424,0.0200696409680717,0.0185632142683551,0.0267361096624919,0.0133347917241966,0.01382450427591,0.0221914834132002,0.0194585428488574,0.0240168542963875,0.0208647066781438,0.0121905908444049
2456,2024-11-18,0.0216362261152799,0.0173364827531681,0.0124813357604291,0.018050600185601,0.0154117011611633,0.0192249089371332,0.0191573526137202,0.0199921878509607,0.025418872119912,0.0363755931348189,0.0200714721801681,0.018580992638904,0.0267070760107894,0.0134886683727128,0.0139043017562084,0.0221822387762824,0.0195059422405521,0.0240225944389035,0.0208546298796773,0.0121877236673845
2457,2024-11-19,0.021640896618347,0.0173226868463306,0.0124934904418003,0.0180415970341529,0.0153974909704254,0.0191137110579703,0.0191526689904637,0.0199816070353028,0.0254120450304334,0.0364493158506654,0.020202850586838,0.0186330701273492,0.026622515435014,0.0135185893979662,0.0139488318402888,0.0221131156379791,0.0195115933791566,0.0241091168821607,0.0210910452927956,0.0122126576326209
2458,2024-11-20,0.0216625274720948,0.0173537997467052,0.0124938472980182,0.0180005605637382,0.0153992066873955,0.019071754987524,0.0191468132079592,0.0198708048759564,0.0253937554709234,0.036291214590217,0.0201411102884577,0.0186679896747801,0.0264700979993025,0.0133459520017523,0.0138961637126889,0.0219793017255567,0.0195086467116827,0.0241088926675385,0.0210904965074284,0.0122137279023192
2459,2024-11-21,0.0216717802648615,0.0173155170918076,0.0124757316541434,0.0180011438959934,0.0154051400659192,0.0190683001303669,0.0189428207360951,0.0196974876948557,0.0253679187493138,0.0362730347963388,0.0200359666037234,0.0189116793827054,0.0263083475776173,0.0133656365916384,0.0138593488390767,0.0219878342750372,0.0194344308302257,0.0242753176301896,0.021120782485524,0.0123179084641377
2460,2024-11-22,0.0216880832617562,0.0173429733757074,0.0128450073712966,0.0182034734924118,0.0154667746324162,0.0191337130671974,0.0190878793476589,0.0199086334225045,0.0254241996215579,0.0365705097661779,0.0203864335992988,0.0192419719603711,0.0267449012587444,0.0134109642230608,0.0139541338842033,0.0222250099154519,0.0194866634803135,0.0242803826196306,0.0211631704292991,0.0123158905508461
2461,2024-11-25,0.0217337666562448,0.0173080919671632,0.0128306449994493,0.0182330589098325,0.0154332887133288,0.0191317419928908,0.019047490851698,0.0199064497646482,0.0255089584231521,0.0363893728663148,0.0202930994101884,0.01935857757313,0.026705717580118,0.0134976082138133,0.014108769262262,0.0222196280080514,0.0194526998557377,0.0240601144507354,0.0206588395401316,0.0123146508947472
2462,2024-11-26,0.0216236034638637,0.0172746443573171,0.0127654341208557,0.0182264034060992,0.0152115622521,0.0189911089476078,0.0188533295071961,0.019826308018415,0.0256173839265377,0.0361655985010701,0.020302494339389,0.019483404840405,0.0259374953699871,0.0134793220926848,0.0141055939091537,0.0221657899203858,0.018962762256008,0.024057785038316,0.0207085485023515,0.0123389611230654
2463,2024-11-27,0.0216635058869372,0.0173165925678312,0.01276786750177,0.0181464218528036,0.0152124275487598,0.0189847771197271,0.0188519719015018,0.0196597414774082,0.0256061782224577,0.0362391071434582,0.0203286137288229,0.019467705129988,0.0259002749641117,0.0137197226398118,0.0141036449465843,0.0221375106087238,0.0186388802372271,0.0239665203692319,0.0205066942171282,0.0125935930342187
2464,2024-11-28,0.0216297569810053,0.017309483853023,0.0127208211811496,0.018006286910909,0.0152110690166331,0.0187781125693772,0.0188354054241083,0.0196588832005087,0.0256439044004444,0.0362527754779208,0.0203066375459965,0.0195020879481382,0.0259997072838105,0.0137186723163878,0.0141195443085028,0.0221581706021318,0.0186130537010683,0.0239724532851127,0.0204990539644337,0.0126917318424345
2465,2024-11-29,0.0216182521056498,0.0172806067442839,0.0125920378996392,0.018020244646645,0.0152291357143887,0.0187601721549854,0.0188149973751209,0.0196675895571426,0.0254931907681085,0.0363066145704305,0.0203120194197889,0.0194776302998016,0.0260169778945399,0.0135471805147466,0.0140741107086605,0.0220432211167805,0.0184543287708603,0.0240846739999224,0.0205126599261599,0.0126637542296485
2466,2024-12-02,0.0216257758882796,0.0171734421085617,0.0125674843722602,0.018026914207224,0.0154573893134351,0.0187850133528886,0.0187889614454925,0.0196155386029565,0.0254386381640321,0.0362601227969991,0.0204370601069016,0.0194416670862526,0.0260122120087926,0.0136130174870758,0.0140763868336417,0.0221484291387305,0.0184322480371778,0.0241013804886415,0.0205010830566996,0.0126771390080366
2467,2024-12-03,0.0214397412075352,0.0169678672424165,0.0122671251245056,0.0179441330751941,0.0156241520185913,0.0187859670949154,0.0186130501249229,0.0195742317512152,0.0253614734636781,0.0362598523817816,0.020320267852656,0.0195191487195863,0.0260096626731041,0.0137451427107455,0.0142249119652225,0.022015406078525,0.0183521186163799,0.0240498484573671,0.0203608115195028,0.0126662106540318
2468,2024-12-04,0.0214468999934187,0.0173803209924858,0.0124523165862649,0.0178215958421656,0.0155875722617691,0.0188214866270583,0.018641927816712,0.019501702784898,0.0253601284015633,0.03641634645694,0.0202783877290177,0.0195068336868764,0.025963817763971,0.0139108130232471,0.0142197764850828,0.0220431437338872,0.0179623887533243,0.0239942588705839,0.0203123837549913,0.0126428248965398
2469,2024-12-05,0.0213544304605729,0.0171965266102412,0.0124219551013184,0.0177278523132542,0.0154453017470972,0.0185661954115237,0.0186315673532148,0.0193696543091326,0.0253851855602095,0.0363518140974438,0.0202776182803833,0.0194672239481865,0.0259510746925421,0.0136461683560192,0.0141507393759052,0.0220293047929113,0.0179615452346559,0.0239161378296569,0.0203124354311062,0.0125902368041241
2470,2024-12-06,0.0214027645461186,0.0172108170473329,0.0124150496987745,0.0177740975282913,0.0156081747671601,0.0186392521304254,0.0186606094537218,0.0193675596054633,0.0254279609560315,0.036460776994891,0.0204086759601772,0.0201999704289199,0.0259087068846896,0.0134252195639397,0.0141380497621964,0.0217555159719868,0.0180168484263089,0.0231771603914292,0.0199077816325665,0.0126642565218978
2471,2024-12-09,0.0213958594037895,0.0171185918651617,0.0120729256240741,0.0175925516555065,0.0158178210133004,0.0186486865606338,0.0183912270725891,0.0193786735728325,0.0251902376040275,0.0364668960133073,0.0202489840777697,0.0202094770493269,0.0259050221923861,0.013334426303571,0.0141338632522456,0.021635258633685,0.0181598856352316,0.0232715632921363,0.0198811141591052,0.0125313500862283
2472,2024-12-10,0.0211372059323537,0.0165746102907217,0.0120135559799401,0.0175541527106009,0.0157038964107403,0.0184617489581694,0.018264214802974,0.01920201390273,0.0251214055816315,0.0364193746689031,0.0202508923064611,0.0201736930199578,0.0258963494848319,0.0127676540784986,0.0142590713285289,0.0216264639813448,0.0181300763212609,0.023025222173583,0.0198472330986796,0.0124876336357325
2473,2024-12-11,0.0206369599972553,0.0162845068281463,0.0121068589011194,0.0175326668994849,0.0157640712983232,0.0181971425913244,0.0182454913252688,0.0191778455004043,0.0251200378671491,0.0368536182664503,0.020157344734844,0.020165922847107,0.0258644744780976,0.0128157293754983,0.0142830969035669,0.0216244190781033,0.0180014393749186,0.0229445234499569,0.0198499608725323,0.0124866158167473
2474,2024-12-12,0.0204471185411526,0.0162045771001712,0.0119934505625706,0.0175144056678672,0.0157676400704316,0.0181985379800934,0.0181936422186076,0.0191459790332949,0.0251462248066713,0.0368973614541548,0.0200702970568278,0.0201673876009056,0.0257603246199627,0.0126844348734535,0.0142799213611416,0.0216247487645061,0.0179495880114517,0.0230569835101494,0.0199632929938992,0.0124434317702633
2475,2024-12-13,0.0204861458041742,0.016332258188383,0.0120303745761467,0.0175519172695951,0.015757505683713,0.0183865357267549,0.0184463256481907,0.0191485508161834,0.0255621150161789,0.036931584805007,0.0202718385935294,0.0205181300176053,0.0257626197364336,0.0126847700808325,0.014286946048105,0.021396184001772,0.0179751405896196,0.0231114064024373,0.0200545018131307,0.0122273295110937
2476,2024-12-16,0.0198339335419643,0.0160421725176971,0.0117398432523767,0.0183053593376305,0.0155128676324454,0.0182130766216927,0.0180579631777516,0.0189445257101218,0.0256710545484659,0.0368841076056037,0.0202254198448933,0.0204902374771736,0.0249655772000446,0.0128477760873499,0.0145114842990896,0.0214059026769189,0.0178188610877898,0.0223948504047653,0.0198879060647559,0.012240421203522
2477,2024-12-17,0.019839533994458,0.0160414364667585,0.0117515571836961,0.0185598661333222,0.0154815844614421,0.0181998657233418,0.0181414333583497,0.0189231039949958,0.025715128382324,0.036899963878693,0.0202218743029959,0.0205034204668077,0.0249634121121514,0.0128827987973318,0.014540901939707,0.0214107300470935,0.017836768749968,0.0222893853943315,0.0199039502707359,0.0123838485255654
2478,2024-12-18,0.019374931513243,0.0157319704904224,0.0116432493062537,0.0185820594392437,0.0153172391884059,0.0180624171342796,0.018050661014359,0.018576288053756,0.0255881173045017,0.03694571288727,0.0202218743029959,0.0207553980636198,0.0247550779467986,0.0125553635686104,0.0141078182287381,0.0214051965807134,0.0169949898560689,0.0223105812702857,0.0199035006419061,0.0119629428364317
2479,2024-12-19,0.0194328111225165,0.0157525891442345,0.0117953524087887,0.0185640465524888,0.0153318866228115,0.0181045478657419,0.0180885072588242,0.0186294999184347,0.0256918114920287,0.0367841889936023,0.0202345687216013,0.0208746581074252,0.0248147831461485,0.0125506107840511,0.0143420340337339,0.0214047532659295,0.0170558217404854,0.0223555497218156,0.0199839330576244,0.0123318085822132
2480,2024-12-20,0.0194421423243759,0.0157757720409321,0.0120764228206393,0.0186228777725129,0.0153649778711708,0.0181424464060957,0.0184463517513758,0.0186762356802524,0.0257580135797782,0.0367968017005021,0.0202577741118747,0.020945804309113,0.0248399370311134,0.0123971786673373,0.0144071026343055,0.0213099873150751,0.0170773988678353,0.022238930236007,0.019886864907482,0.0120398368521343
2481,2024-12-23,0.0193011252828516,0.0157409338868541,0.0119390937500058,0.0185848971175782,0.0153606856739965,0.0181418304698626,0.0180952391702563,0.0186809830075403,0.0258258894113118,0.0365682629891834,0.0202212722303248,0.0209589509293862,0.0243742646075052,0.0125661868325478,0.014477502319006,0.0211592814646881,0.0170854861505014,0.0222342672549506,0.0198816434285079,0.0120592416162858
2482,2024-12-24,0.019248930563866,0.0158166689939283,0.0119362086167617,0.0188171678444751,0.0153644316037695,0.0182416748930362,0.018124994907625,0.0186268854477573,0.0256194429490667,0.035858216893601,0.0199295683017678,0.0208287819037617,0.0243688300430735,0.0122188541600737,0.0146018190470869,0.0209378080861056,0.0172352650686963,0.0222482916245486,0.0198045074057455,0.0120953994077956
2483,2024-12-25,0.0191203216645286,0.0159428124704359,0.0121730631700546,0.0186723220115803,0.0153738934671732,0.0182329741226829,0.0183986724038939,0.0186439447179282,0.0258515003045156,0.035667590195431,0.0198485891561338,0.0208077544053225,0.0243621550967061,0.0122217006522865,0.0146183461200546,0.0209456693644518,0.0174026654105691,0.0221820343144213,0.019497509900091,0.0120760338430248
2484,2024-12-26,0.0190052982994641,0.0157915798294691,0.0121611109754283,0.0186588420592164,0.0153875396964519,0.0182490254529407,0.0182728663280786,0.0185851919868044,0.0259529134493899,0.0357189610064664,0.0198237917741838,0.0208572404176028,0.02420930316357,0.0122485738197565,0.0143825186700885,0.0210948442934518,0.0169669924482166,0.0221915510127333,0.019376054319397,0.0119623055549062
2485,2024-12-27,0.0181839543880839,0.0153314047970063,0.0117294728527317,0.0185331546927758,0.0152160787625573,0.0177083629495731,0.0173952305761446,0.0179226492331223,0.0257179589021401,0.0349899509674208,0.01948379628408,0.0207826056440197,0.0233406529277284,0.0122291661780409,0.0140612792229973,0.0202275048597827,0.0166211273937332,0.0221283111323804,0.0191411848061692,0.0119488780205218
2486,2024-12-30,0.0182067047838855,0.0153663835300178,0.0118405514529382,0.0185510262236165,0.0152327527833927,0.0177348422603642,0.0174617685168865,0.0179203362822527,0.0256820377274288,0.0350459452039768,0.0194800504457423,0.020788332762552,0.0233309111537617,0.0122336879236815,0.0140794271016436,0.020219443164558,0.0167220913710673,0.0220243979394788,0.0187028537394424,0.0117980499899034
2487,2024-12-31,0.0181564497288927,0.0153768397228348,0.0118069168029684,0.0184651684261238,0.0152037677789888,0.0175087271805476,0.0172829656941259,0.0177787061254074,0.0255406802394274,0.0340653366745229,0.0189336731448974,0.0206803088657767,0.0227622333301713,0.0122074840569218,0.0140792553626176,0.0195797080643926,0.0169018841274837,0.0219280477919887,0.0185157559912164,0.0118300174532928
2488,2025-01-02,0.0182357672965524,0.0153965543775372,0.0118361948125033,0.0183708892352522,0.0148774011462473,0.0175627690965858,0.0173880877318734,0.0177418586385223,0.0251698086834463,0.0334905601895754,0.0186998444213171,0.0205470851818213,0.0228698054849759,0.0125390425507535,0.0143159658674993,0.0188203665913654,0.0168211657475486,0.021957455510105,0.0186110880239091,0.0117647482574942
2489,2025-01-03,0.0170643018035309,0.0138136050370573,0.0109815142949849,0.0177239299824571,0.0124190314199674,0.0169201349604662,0.0150760453156642,0.014080942232196,0.0236695716164639,0.031479461197586,0.01763216165942,0.020265078030814,0.0199084687433531,0.0102507932366996,0.0128222802554502,0.0170346294986769,0.0153667682718201,0.0200479432534435,0.0174092555877561,0.011758968456318
2490,2025-01-06,0.0170861552304231,0.0137123697038116,0.010709307588834,0.0176672056883107,0.0123220047194519,0.0167152287718119,0.0150847674608927,0.0136927486848829,0.0230092108810507,0.0314913617748293,0.0176213935282549,0.0199885869318854,0.0198978825132734,0.00988066299162773,0.0128577735559536,0.0162909945643615,0.0150065009351597,0.0200472628610535,0.0173400238167863,0.0117199732633614
2491,2025-01-07,0.0130541877929827,0.0110301160253191,0.0095485409628756,0.0150088783762361,0.0105677311443455,0.0131234372421888,0.0134879108223158,0.0116938331305742,0.0202834069669747,0.0302972071740002,0.0137174415266615,0.0180711586118603,0.0158398023546995,0.00989896520087484,0.0120673683717435,0.0124362276207549,0.0127018520487771,0.0169287140238042,0.0141479995242851,0.0116207975733007
2492,2025-01-08,0.0124350032625151,0.0104311203819599,0.00899990685515321,0.0151564830860134,0.0102559054551795,0.0123970896213744,0.0108426946909562,0.0111984558078234,0.0203166817760844,0.0297677416080895,0.0132831889795316,0.0179100297361426,0.0149264561481571,0.00997685082916879,0.0113672606210841,0.0122759382254642,0.0122469764206111,0.0166210967933197,0.0138889539184673,0.0115740331361794
2493,2025-01-09,0.012522225618939,0.0105738041413902,0.00939337216064535,0.0150426526071125,0.00990920220285059,0.0122003170335613,0.0112471715295334,0.0109634645968653,0.0200811961363807,0.0297346008264401,0.0131452601065096,0.0178839554688262,0.0137866698889445,0.0100152648435696,0.0113970120619663,0.0118642586791867,0.0119158024366669,0.0166445733293291,0.0138938653553298,0.0115713268737005
2494,2025-01-10,0.0125174280437114,0.0106013094039771,0.00925281087718928,0.0150633700379141,0.0100555213456092,0.0122008832306219,0.0112135690247308,0.0107968036793879,0.0199730415182698,0.029319272445208,0.0128841858512545,0.0174535365382276,0.0135146450328733,0.0100211924984575,0.0115865496216153,0.0119510141781709,0.0121225624108315,0.0160147505511822,0.0137043887098215,0.0115246017552896
2495,2025-01-13,0.0111258381499629,0.0102956955613082,0.00912009744254387,0.0146628041841859,0.00972577588668659,0.0117156129062929,0.011017374651893,0.00991773674400566,0.0198899039609685,0.0291296513399033,0.0120643939275336,0.0173636889151157,0.0118762878119606,0.0100207513085606,0.0112645891409809,0.011585145194214,0.0116330609279548,0.0148355759661985,0.0132049045905788,0.0115100438408652
2496,2025-01-14,0.0112461670816399,0.0102887040927585,0.00912251755651193,0.0146407348762394,0.00989147083750627,0.0116825268254625,0.011027860789678,0.00992830116825419,0.0204850571522257,0.0291391911447698,0.0121615533579531,0.0180615560607719,0.0118313304265004,0.0100610683188384,0.0118549760090485,0.0115806833272551,0.0116295983069429,0.0143965299340976,0.013098922952171,0.0115250055824887
2497,2025-01-15,0.0110467866243312,0.0103093850366845,0.00915442553081749,0.0142929022356543,0.00977117474564252,0.0112881264598188,0.0110604651565734,0.00970471781838399,0.0203896924684009,0.0291418446937674,0.0120293714355386,0.0179866273789452,0.011709148837281,0.0101164986033105,0.0118567863548958,0.011418460414212,0.0114592620099685,0.0141469857036122,0.0128636893228927,0.0114040624736189
2498,2025-01-16,0.0108729023834315,0.0102111242235293,0.00915770042523455,0.0143026746241033,0.00978572327403058,0.0112908938769797,0.0112597609558961,0.00970288404652331,0.0200986252724482,0.0297079649500711,0.0123024396825531,0.0175842915769497,0.0113888391118416,0.010155289597849,0.0118364360357399,0.0111154237875787,0.0115581225563076,0.0136982429784955,0.0124674668693669,0.0113605430891796
2499,2025-01-17,0.010902424234661,0.0100346664577902,0.0090635434366058,0.0143409796157721,0.0096725662816077,0.0114252364932314,0.0112573875349084,0.00970553424300488,0.0201833961441813,0.0292422581571261,0.0121842970898397,0.0176075843944995,0.0113681521357729,0.0101301322900557,0.0118608822875674,0.0111909507274553,0.0113756387076356,0.0134020809572675,0.0119917823137522,0.0113759886655981
2500,2025-01-20,0.0110103072342336,0.01018659383612,0.00932410236079664,0.0143340083420345,0.00960453782778248,0.0116304845854007,0.0114043155383212,0.00958370624645449,0.0201929510690262,0.0289800129590465,0.0121975744140286,0.0174492732019266,0.0113187198283185,0.0100628798308699,0.0116875533001953,0.0109827214430415,0.0113299662098767,0.0133945241447202,0.0121034893282515,0.011375033911756
2501,2025-01-21,0.0110848386804422,0.0103828165823042,0.0093792964244836,0.0143100347486986,0.00960608068176174,0.0117493998505642,0.0114113247495271,0.00958321725408895,0.0201160075031394,0.0290065143175207,0.0122761900244387,0.0172611208940704,0.0113197393459033,0.00997981570621191,0.0116797465226381,0.0109223347392943,0.0113196017038925,0.0134069730026087,0.012098026571183,0.0112439401732471
2502,2025-01-22,0.0110395175001421,0.0103937573274773,0.00939418367521666,0.014292009203546,0.00960249339398182,0.0115602532641808,0.0114305085639806,0.00959381366335989,0.0200597797221525,0.028976005735832,0.0122616247224461,0.0172757428693283,0.0112922159177156,0.00996413166783786,0.011650879469473,0.0108857705287032,0.0112850086595893,0.0133367184431957,0.0117266689360792,0.0109684742176189
2503,2025-01-23,0.0109804949113278,0.0103379430825817,0.00937102570927164,0.0141101095234933,0.00963046343045363,0.0115608459942787,0.0114952491392833,0.00957979869006339,0.0194940283211649,0.0289136028678952,0.0122324017118697,0.0167880464021279,0.0112937527345649,0.00927784889184491,0.0111740456442556,0.0108958064562615,0.0112259496451404,0.0127804702167843,0.011742158396413,0.00985763710715735
2504,2025-01-24,0.0109064432180341,0.0103402404518041,0.0092848446817907,0.0131817133117854,0.00964229280796171,0.0109365772488761,0.0119017591162155,0.00901982517570074,0.019383676536078,0.0287380503692865,0.0122393510576895,0.0166809349637459,0.0110404859481513,0.0093149181475604,0.0111094842303923,0.0107861059898591,0.0111637751598765,0.0127426720911684,0.01180561318179,0.00950668363531339
2505,2025-01-27,0.00955818031928008,0.00999225823546095,0.00951355534576576,0.0133399082262162,0.00956919179440219,0.0103754266219419,0.0122283258986948,0.00876358969723391,0.0192880179313326,0.0287330510544672,0.0119463864703056,0.016469141712473,0.0109286832956234,0.00931741342838192,0.0112209804534366,0.0104465289498646,0.0110871782564927,0.0126082051924576,0.0117824583412911,0.00963850435698565
