date,name,lambda
2014-10-15,X600111.SH,0.118714030814342
2014-10-16,X601699.SH,0.127178140654242
2014-10-17,X600547.SH,0.132992447919336
2014-10-20,X600111.SH,0.108907068152461
2014-10-21,X600547.SH,0.415419999999999
2014-10-22,X600547.SH,0.98644
2014-10-23,X600547.SH,0.36102
2014-10-24,X600547.SH,0.33073
2014-10-27,X600547.SH,0.83948
2014-10-28,X600547.SH,0.131651810547487
2014-10-29,X600547.SH,0.92194
2014-10-30,X600547.SH,0.301500000000001
2014-10-31,X600547.SH,0.39833
2014-11-03,X600547.SH,0.58245
2014-11-04,X600362.SH,0.125140448932036
2014-11-05,X600362.SH,0.126230893658965
2014-11-06,X000898.SZ,0.135656666839944
2014-11-07,X000898.SZ,0.109859327744692
2014-11-10,X000898.SZ,0.132609098191467
2014-11-11,X600111.SH,0.130379449708212
2014-11-12,X600111.SH,0.114720296377263
2014-11-13,X000027.SZ,0.124204610326847
2014-11-14,X000898.SZ,0.123804030523811
2014-11-17,X600362.SH,0.119125116344547
2014-11-18,X601699.SH,0.11057979852026
2014-11-19,X000898.SZ,0.121323150284057
2014-11-20,X000825.SZ,0.10683280667295
2014-11-21,X600362.SH,0.124333156520914
2014-11-24,X000629.SZ,0.117206799313832
2014-11-25,X601699.SH,0.127800276679168
2014-11-26,X000898.SZ,0.12469339200562
2014-11-27,X000898.SZ,0.120107745627257
2014-11-28,X000539.SZ,0.125844117539099
2014-12-01,X600547.SH,0.53247
2014-12-02,X600547.SH,0.43361
2014-12-03,X600547.SH,0.55259
2014-12-04,X600547.SH,0.22695
2014-12-05,X600547.SH,0.47057
2014-12-08,X600547.SH,0.20901
2014-12-09,X600547.SH,0.14261966780592
2014-12-10,X600547.SH,0.22201
2014-12-11,X600547.SH,0.27276
2014-12-12,X601699.SH,0.154929914015914
2014-12-15,X600362.SH,0.137128961601671
2014-12-16,X601088.SH,0.167435988723244
2014-12-17,X601898.SH,0.168899221599861
2014-12-18,X600111.SH,0.161691002997636
2014-12-19,X601898.SH,0.167062129310675
2014-12-22,X601600.SH,0.169141149083791
2014-12-23,X000983.SZ,0.208172649701701
2014-12-24,X000983.SZ,0.20874210817526
2014-12-25,X000983.SZ,0.225886968122486
2014-12-26,X601699.SH,0.221436446523313
2014-12-29,X000937.SZ,0.239131680537323
2014-12-30,X000937.SZ,0.238807841631745
2014-12-31,X000937.SZ,0.232048050846979
2015-01-05,X000937.SZ,0.246632642129703
2015-01-06,X000983.SZ,0.240920791474972
2015-01-07,X000983.SZ,0.243343776799722
2015-01-08,X601088.SH,0.245936697456435
2015-01-09,X000983.SZ,0.228116820821938
2015-01-12,X000983.SZ,0.224887564042462
2015-01-13,X000937.SZ,0.212827353659481
2015-01-14,X000983.SZ,0.224091089358014
2015-01-15,X000983.SZ,0.223927341643192
2015-01-16,X000983.SZ,0.224672571830914
2015-01-19,X000883.SZ,0.92493
2015-01-20,X600583.SH,0.27281842070461
2015-01-21,X600019.SH,0.277990393942588
2015-01-22,X000883.SZ,0.31029
2015-01-23,X000883.SZ,0.3783
2015-01-26,X000983.SZ,0.297384912834349
2015-01-27,X000883.SZ,0.61399
2015-01-28,X000883.SZ,0.79013
2015-01-29,X000883.SZ,1.74355
2015-01-30,X000883.SZ,0.77278
2015-02-02,X000898.SZ,0.27539367977215
2015-02-03,X000883.SZ,0.71828
2015-02-04,X000883.SZ,0.52519
2015-02-05,X000883.SZ,1.84316
2015-02-06,X000883.SZ,2.06496
2015-02-09,X000983.SZ,0.282840688879603
2015-02-10,X000883.SZ,0.281780563836289
2015-02-11,X000883.SZ,0.87015
2015-02-12,X000027.SZ,0.279292652914101
2015-02-13,X000898.SZ,0.262597415708602
2015-02-16,X000898.SZ,0.286288474421954
2015-02-17,X000898.SZ,0.274714293405191
2015-02-25,X000898.SZ,0.274669441615971
2015-02-26,X000898.SZ,0.294797931439244
2015-02-27,X000898.SZ,0.29775930031318
2015-03-02,X000898.SZ,0.300717385109764
2015-03-03,X601898.SH,0.300042966927625
2015-03-04,X601898.SH,0.30396938102083
2015-03-05,X601857.SH,0.298506456389312
2015-03-06,X000898.SZ,0.272296312665061
2015-03-09,X601898.SH,0.289721999154036
2015-03-10,X601898.SH,0.297179551819203
2015-03-11,X601898.SH,0.297083003876255
2015-03-12,X601898.SH,0.291753159017307
2015-03-13,X600188.SH,0.291533159252726
2015-03-16,X000898.SZ,0.279892877711397
2015-03-17,X000898.SZ,0.291864087295587
2015-03-18,X000629.SZ,0.268543765100105
2015-03-19,X000898.SZ,0.247602194068117
2015-03-20,X000898.SZ,0.287771469624747
2015-03-23,X000898.SZ,0.302015989835444
2015-03-24,X000898.SZ,0.295102199224781
2015-03-25,X601898.SH,0.283493915434736
2015-03-26,X601898.SH,0.270003570073504
2015-03-27,X601898.SH,0.298482955368218
2015-03-30,X601898.SH,0.275037485013491
2015-03-31,X601898.SH,0.256698944118993
2015-04-01,X600795.SH,0.262826812955957
2015-04-02,X601898.SH,0.248638313501633
2015-04-03,X601898.SH,0.252991330120266
2015-04-07,X601898.SH,0.260372387593898
2015-04-08,X601898.SH,0.243387155348
2015-04-09,X601898.SH,0.236056749169147
2015-04-10,X601898.SH,0.246928363692863
2015-04-13,X601898.SH,0.248477927310513
2015-04-14,X601898.SH,0.231772692117041
2015-04-15,X601898.SH,0.213448880625026
2015-04-16,X600795.SH,0.228598800183669
2015-04-17,X601898.SH,0.227581996568686
2015-04-20,X601898.SH,0.233880779974481
2015-04-21,X601898.SH,0.236238029624618
2015-04-22,X601898.SH,0.248668557598786
2015-04-23,X000898.SZ,0.23817861433438
2015-04-24,X600808.SH,0.159708243141289
2015-04-27,X600028.SH,0.158742023181954
2015-04-28,X600863.SH,0.166578885826053
2015-04-29,X000792.SZ,0.164276671713198
2015-04-30,X000792.SZ,0.189791325953778
2015-05-04,X000898.SZ,0.177220227457129
2015-05-05,X600578.SH,0.248833379095591
2015-05-06,X600578.SH,0.27621737219697
2015-05-07,X600578.SH,0.218829327381307
2015-05-08,X000709.SZ,0.236728975875415
2015-05-11,X000629.SZ,0.225845857554158
2015-05-12,X000883.SZ,0.39018
2015-05-13,X600578.SH,0.270942028428368
2015-05-14,X000883.SZ,0.46401
2015-05-15,X000883.SZ,0.69629
2015-05-18,X000630.SZ,0.83368
2015-05-19,X000630.SZ,1.33557
2015-05-20,X000883.SZ,0.82694
2015-05-21,X000630.SZ,0.48124
2015-05-22,X000883.SZ,0.90546
2015-05-25,X000883.SZ,0.6982
2015-05-26,X000883.SZ,0.258772571596467
2015-05-27,X000883.SZ,0.54199
2015-05-28,X000630.SZ,0.893
2015-05-29,X000630.SZ,1.01447
2015-06-01,X000883.SZ,0.59836
2015-06-02,X000883.SZ,0.746747536700674
2015-06-03,X000883.SZ,0.694633163884675
2015-06-04,X000883.SZ,0.707967167425393
2015-06-05,X600578.SH,0.319857982154046
2015-06-08,X601992.SH,0.302008187594171
2015-06-09,X601898.SH,0.325749408869356
2015-06-10,X601898.SH,0.354776502805425
2015-06-11,X601898.SH,0.293601067605099
2015-06-12,X601898.SH,0.292527586980081
2015-06-15,X600021.SH,0.325139383708441
2015-06-16,X600011.SH,0.32482599484221
2015-06-17,X600011.SH,0.373306572189757
2015-06-18,X600011.SH,0.346934674917033
2015-06-19,X000709.SZ,0.310186712719497
2015-06-23,X600111.SH,0.335049955293874
2015-06-24,X600011.SH,0.330025380168563
2015-06-25,X600808.SH,0.324322064451946
2015-06-26,X600019.SH,0.352955598555247
2015-06-29,X000959.SZ,2.49376
2015-06-30,X000959.SZ,2.97968
2015-07-01,X000959.SZ,2.04864
2015-07-02,X000959.SZ,2.65528
2015-07-03,X000786.SZ,0.73856
2015-07-06,X000786.SZ,0.732699999999999
2015-07-07,X000786.SZ,1.64167
2015-07-08,X000959.SZ,0.56604
2015-07-09,X000959.SZ,1.0068
2015-07-10,X000959.SZ,0.58968
2015-07-13,X600011.SH,0.4405047064192
2015-07-14,X000959.SZ,0.83398
2015-07-15,X000959.SZ,1.45777
2015-07-16,X000959.SZ,0.602060000000001
2015-07-17,X000883.SZ,0.513679499511087
2015-07-20,X000883.SZ,0.540322941685262
2015-07-21,X000883.SZ,0.485517949960386
2015-07-22,X600027.SH,0.506966596107323
2015-07-23,X600022.SH,0.501274496485751
2015-07-24,X600022.SH,0.517741249183215
2015-07-27,X600863.SH,0.521526479121756
2015-07-28,X601158.SH,0.543635549121134
2015-07-29,X600863.SH,0.537039913209827
2015-07-30,X600008.SH,0.476448711209461
2015-07-31,X600022.SH,0.524097695177727
2015-08-03,X000027.SZ,0.541027081341535
2015-08-04,X600489.SH,0.465883557485324
2015-08-05,X002353.SZ,0.97688
2015-08-06,X000027.SZ,0.534797517488822
2015-08-07,X000027.SZ,0.542104257361005
2015-08-10,X000027.SZ,0.563955847768446
2015-08-11,X000027.SZ,0.549163495827173
2015-08-12,X000027.SZ,0.552961741812682
2015-08-13,X601158.SH,0.461426131304973
2015-08-14,X000878.SZ,0.65372
2015-08-17,X002353.SZ,0.88668
2015-08-18,X000878.SZ,0.83571
2015-08-19,X000027.SZ,0.497603103505985
2015-08-20,X600489.SH,0.513874363781715
2015-08-21,X600578.SH,0.531209675918658
2015-08-24,X600578.SH,0.537462014437805
2015-08-25,X000878.SZ,0.60272
2015-08-26,X600307.SH,0.539677011855205
2015-08-27,X000878.SZ,0.69496
2015-08-28,X000878.SZ,0.92879
2015-08-31,X600307.SH,0.557836852989012
2015-09-01,X000878.SZ,1.26851
2015-09-02,X600489.SH,0.58651258905789
2015-09-07,X600489.SH,0.558848174436405
2015-09-08,X002075.SZ,1.31842
2015-09-09,X600021.SH,0.597655876194731
2015-09-10,X000878.SZ,0.82885
2015-09-11,X600886.SH,1.55886
2015-09-14,X600886.SH,0.95792
2015-09-15,X600886.SH,0.56031
2015-09-16,X600886.SH,1.58712
2015-09-17,X002075.SZ,0.5685
2015-09-18,X601991.SH,0.550568219842295
2015-09-21,X600307.SH,0.525123466362458
2015-09-22,X600886.SH,0.77306
2015-09-23,X600011.SH,0.52478205540934
2015-09-24,X600578.SH,0.544044326069866
2015-09-25,X600578.SH,0.544368713917829
2015-09-28,X600362.SH,0.54102361552637
2015-09-29,X600307.SH,0.514484745102574
2015-09-30,X601600.SH,0.483096500761759
2015-10-08,X002353.SZ,0.81712
2015-10-09,X002353.SZ,0.98001
2015-10-12,X600795.SH,0.580209440720955
2015-10-13,X600795.SH,0.586325803411841
2015-10-14,X600362.SH,0.477883408085434
2015-10-15,X600362.SH,0.47706243408656
2015-10-16,X600795.SH,0.536855862250962
2015-10-19,X600795.SH,0.505853966550813
2015-10-20,X600362.SH,0.538167781774429
2015-10-21,X600795.SH,0.453609457132736
2015-10-22,X600808.SH,0.537967832691837
2015-10-23,X600795.SH,0.454767450284348
2015-10-26,X600362.SH,0.456380810475257
2015-10-27,X000630.SZ,0.54853
2015-10-28,X600808.SH,0.456440828369886
2015-10-29,X000630.SZ,1.16246
2015-10-30,X600808.SH,0.47670246844587
2015-11-02,X600362.SH,0.463910632082668
2015-11-03,X600795.SH,0.416646512721453
2015-11-04,X600795.SH,0.401554086991257
2015-11-05,X600011.SH,0.455440316210663
2015-11-06,X600011.SH,0.417313405951869
2015-11-09,X600808.SH,0.49577587544823
2015-11-10,X600019.SH,0.404394342142956
2015-11-11,X600019.SH,0.435594649279852
2015-11-12,X000060.SZ,0.464113360346289
2015-11-13,X600623.SH,0.423048463451363
2015-11-16,X600863.SH,0.424916077530654
2015-11-17,X600795.SH,0.382550114041148
2015-11-18,X600795.SH,0.379850296902407
2015-11-19,X600352.SH,0.40092372396089
2015-11-20,X600021.SH,0.390090632144121
2015-11-23,X600352.SH,0.412668655528284
2015-11-24,X600352.SH,0.415812381516964
2015-11-25,X600352.SH,0.396743912180537
2015-11-26,X600021.SH,0.346472816825746
2015-11-27,X600021.SH,0.399679880714669
2015-11-30,X600489.SH,0.349233339504326
2015-12-01,X600098.SH,0.298231823195823
2015-12-02,X600021.SH,0.347383769566767
2015-12-03,X600808.SH,0.286406364102225
2015-12-04,X000629.SZ,0.279190479224681
2015-12-07,X000629.SZ,0.312036812175389
2015-12-08,X600022.SH,0.261223847965235
2015-12-09,X601898.SH,0.2758547498025
2015-12-10,X601898.SH,0.326803653969372
2015-12-11,X600022.SH,0.260531453641784
2015-12-14,X601898.SH,0.270192639782786
2015-12-15,X000539.SZ,0.299383578109932
2015-12-16,X000539.SZ,0.305134204067246
2015-12-17,X000539.SZ,0.29479161688676
2015-12-18,X000539.SZ,0.269249946295362
2015-12-21,X600021.SH,0.234533551316568
2015-12-22,X600688.SH,0.247884044460333
2015-12-23,X600309.SH,0.253352174650159
2015-12-24,X600688.SH,0.245133501895244
2015-12-25,X600010.SH,0.22270264095531
2015-12-28,X601600.SH,0.229291541744438
2015-12-29,X601600.SH,0.292119938994832
2015-12-30,X600688.SH,0.236834718910291
2015-12-31,X601600.SH,0.224100487307278
2016-01-04,X601898.SH,0.274959514269162
2016-01-05,X600021.SH,0.315841274998007
2016-01-06,X600021.SH,0.272780641336492
2016-01-07,X000539.SZ,0.319318967400975
2016-01-08,X601898.SH,0.316412668239859
2016-01-11,X600188.SH,0.305356411797052
2016-01-12,X600157.SH,0.376708197983668
2016-01-13,X600157.SH,0.380887412961997
2016-01-14,X600157.SH,0.392653857238062
2016-01-15,X600157.SH,0.394710382573694
2016-01-18,X600157.SH,0.319841964821237
2016-01-19,X600578.SH,0.39088
2016-01-20,X601088.SH,0.308153645195026
2016-01-21,X000539.SZ,0.308225515922251
2016-01-22,X601600.SH,0.316565562989346
2016-01-25,X002075.SZ,0.31635
2016-01-26,X601600.SH,0.328293672984203
2016-01-27,X600578.SH,0.33814
2016-01-28,X600157.SH,0.348064497636103
2016-01-29,X600578.SH,0.58372
2016-02-01,X600188.SH,0.330377408366158
2016-02-02,X601991.SH,0.321624133160045
2016-02-03,X601898.SH,0.336176397438799
2016-02-04,X600021.SH,0.365244101815071
2016-02-05,X600021.SH,0.352641867951842
2016-02-15,X600021.SH,0.349108722602536
2016-02-16,X600021.SH,0.35348535585736
2016-02-17,X000539.SZ,0.357225088308309
2016-02-18,X000539.SZ,0.358904547807591
2016-02-19,X000539.SZ,0.355812604163441
2016-02-22,X000539.SZ,0.36226634547799
2016-02-23,X000539.SZ,0.364456353974415
2016-02-24,X600578.SH,0.5811
2016-02-25,X600583.SH,0.343487593304068
2016-02-26,X000539.SZ,0.373094945560841
2016-02-29,X000883.SZ,0.358691114995768
2016-03-01,X000883.SZ,0.362879760808218
2016-03-02,X601898.SH,0.357409306459855
2016-03-03,X600111.SH,0.327901623617712
2016-03-04,X601857.SH,0.335989384356414
2016-03-07,X000539.SZ,0.360744723544554
2016-03-08,X000883.SZ,0.356210177333427
2016-03-09,X000883.SZ,0.356104093689905
2016-03-10,X600886.SH,0.303454985522798
2016-03-11,X600157.SH,0.346802963464697
2016-03-14,X600352.SH,0.348248471470964
2016-03-15,X000539.SZ,0.33370440320082
2016-03-16,X600157.SH,0.357175636108907
2016-03-17,X600157.SH,0.352566960359349
2016-03-18,X600352.SH,0.362828362194928
2016-03-21,X000539.SZ,0.354056447159775
2016-03-22,X600352.SH,0.367740702257363
2016-03-23,X600352.SH,0.356637588520456
2016-03-24,X600352.SH,0.368985886068182
2016-03-25,X000539.SZ,0.3285542291757
2016-03-28,X000792.SZ,0.339017997418129
2016-03-29,X600886.SH,0.360122341382264
2016-03-30,X000792.SZ,0.364257054817614
2016-03-31,X600583.SH,0.352813260040276
2016-04-01,X600886.SH,0.36199126092073
2016-04-05,X600886.SH,0.372803695287169
2016-04-06,X600886.SH,0.360474257239121
2016-04-07,X601898.SH,0.349227808053461
2016-04-08,X601898.SH,0.349859151404398
2016-04-11,X600022.SH,0.319925947499382
2016-04-12,X600011.SH,0.321150379050883
2016-04-13,X600022.SH,0.316695860074067
2016-04-14,X600010.SH,0.300238748635584
2016-04-15,X601898.SH,0.297670483907996
2016-04-18,X601857.SH,0.280266823051321
2016-04-19,X600010.SH,0.31834612363801
2016-04-20,X600010.SH,0.319454186468302
2016-04-21,X000883.SZ,0.2665061390506
2016-04-22,X600027.SH,0.307808846996126
2016-04-25,X600795.SH,0.30183695346067
2016-04-26,X600795.SH,0.294960114471963
2016-04-27,X600795.SH,0.274980527697367
2016-04-28,X600795.SH,0.26957612860846
2016-04-29,X600010.SH,0.279549261297526
2016-05-03,X000630.SZ,0.217502926755025
2016-05-04,X600027.SH,0.238069290946742
2016-05-05,X000012.SZ,0.219896025767837
2016-05-06,X000898.SZ,0.21733383630266
2016-05-09,X000723.SZ,0.216854755064942
2016-05-10,X000792.SZ,0.22645681532546
2016-05-11,X600019.SH,0.214220118191527
2016-05-12,X000012.SZ,0.221576684258406
2016-05-13,X000539.SZ,0.254363338351586
2016-05-16,X600309.SH,0.206801752663687
2016-05-17,X000012.SZ,0.212708715411089
2016-05-18,X000539.SZ,0.222623441668412
2016-05-19,X600549.SH,0.258370046360006
2016-05-20,X000709.SZ,0.215138477675011
2016-05-23,X000723.SZ,0.194658844911114
2016-05-24,X000898.SZ,0.217652097181754
2016-05-25,X600157.SH,0.293544422352149
2016-05-26,X000539.SZ,0.1677539324293
2016-05-27,X000539.SZ,0.160520184900825
2016-05-30,X000012.SZ,0.168324813170409
2016-05-31,X600188.SH,0.165671379113643
2016-06-01,X000012.SZ,0.168241793937692
2016-06-02,X000060.SZ,0.13865111258308
2016-06-03,X601600.SH,0.169259028358165
2016-06-06,X000792.SZ,0.162127298254687
2016-06-07,X000792.SZ,0.148417457180822
2016-06-08,X601991.SH,0.132705764350436
2016-06-13,X000012.SZ,0.155317243565318
2016-06-14,X000012.SZ,0.143107628867176
2016-06-15,X600157.SH,0.143079847380027
2016-06-16,X000898.SZ,0.14107428762041
2016-06-17,X000012.SZ,0.141935314038604
2016-06-20,X000012.SZ,0.138798991651296
2016-06-21,X000012.SZ,0.140228721901568
2016-06-22,X000027.SZ,0.141406711159207
2016-06-23,X000027.SZ,0.146730814797604
2016-06-24,X000012.SZ,0.150536987547824
2016-06-27,X000012.SZ,0.152014247177061
2016-06-28,X000060.SZ,0.198489514419687
2016-06-29,X000060.SZ,0.201622254998136
2016-06-30,X600688.SH,0.139906633248477
2016-07-01,X000060.SZ,0.167409323447316
2016-07-04,X300072.SZ,0.181049440947542
2016-07-05,X600157.SH,0.132809852216882
2016-07-06,X600157.SH,0.166022637964098
2016-07-07,X000060.SZ,0.169737975076953
2016-07-08,X601898.SH,0.129982079060739
2016-07-11,X600157.SH,0.172657674090875
2016-07-12,X600157.SH,0.173116356605539
2016-07-13,X600157.SH,0.167680298516992
2016-07-14,X601898.SH,0.144809892092036
2016-07-15,X000898.SZ,0.139461911221533
2016-07-18,X000027.SZ,0.14126172612744
2016-07-19,X000539.SZ,0.157666789507164
2016-07-20,X000027.SZ,0.163705794257125
2016-07-21,X600583.SH,0.15654090739493
2016-07-22,X600688.SH,0.167799733171914
2016-07-25,X600688.SH,0.151572912837742
2016-07-26,X600688.SH,0.136690270730953
2016-07-27,X600157.SH,0.160933885219269
2016-07-28,X600157.SH,0.155023167603314
2016-07-29,X000898.SZ,0.150090341296794
2016-08-01,X600688.SH,0.141988461397562
2016-08-02,X600688.SH,0.132833501484324
2016-08-03,X600688.SH,0.143541878817024
2016-08-04,X000012.SZ,0.165271775108127
2016-08-05,X600688.SH,0.116072538043128
2016-08-08,X601699.SH,0.144575383168618
2016-08-09,X601991.SH,0.12298181869026
2016-08-10,X000898.SZ,0.108953477138447
2016-08-11,X601699.SH,0.111447834965662
2016-08-12,X601991.SH,0.12544432512353
2016-08-15,X601699.SH,0.152682074529968
2016-08-16,X601898.SH,0.123489978217224
2016-08-17,X601699.SH,0.135463081188958
2016-08-18,X601158.SH,0.1176387416409
2016-08-19,X600157.SH,0.130623449121859
2016-08-22,X000539.SZ,0.107348476656441
2016-08-23,X601857.SH,0.114742695058632
2016-08-24,X601857.SH,0.117955285892926
2016-08-25,X600795.SH,0.18921
2016-08-26,X601857.SH,0.125729982951261
2016-08-29,X601857.SH,0.124157001079534
2016-08-30,X601857.SH,0.120545483823851
2016-08-31,X601898.SH,0.142816549920364
2016-09-01,X600028.SH,0.116001228150868
2016-09-02,X000898.SZ,0.123391669047346
2016-09-05,X601898.SH,0.138434673701132
2016-09-06,X601898.SH,0.140221596790685
2016-09-07,X601898.SH,0.134344722010391
2016-09-08,X601600.SH,0.0809431721323531
2016-09-09,X601600.SH,0.0859037431230138
2016-09-12,X000060.SZ,0.0836990789952113
2016-09-13,X600019.SH,0.15067
2016-09-14,X600019.SH,0.16923
2016-09-19,X600019.SH,0.32564
2016-09-20,X600019.SH,0.30454
2016-09-21,X600019.SH,0.193597700998689
2016-09-22,X600019.SH,0.13841
2016-09-23,X600010.SH,0.107617196548397
2016-09-26,X600010.SH,0.127865486356148
2016-09-27,X600010.SH,0.118996826816242
2016-09-28,X600010.SH,0.0967687183349089
2016-09-29,X601898.SH,0.0940278120730999
2016-09-30,X600010.SH,0.131654983534141
2016-10-10,X600010.SH,0.133428656694304
2016-10-11,X600019.SH,0.170755474053446
2016-10-12,X600010.SH,0.136898100555612
2016-10-13,X600019.SH,0.1765
2016-10-14,X600019.SH,0.13415
2016-10-17,X000027.SZ,0.0923727361351942
2016-10-18,X000630.SZ,0.121154377555794
2016-10-19,X600010.SH,0.105728759690715
2016-10-20,X600019.SH,0.103690185584959
2016-10-21,X000630.SZ,0.0968074214618807
2016-10-24,X600010.SH,0.0900213709791968
2016-10-25,X600010.SH,0.100170075815603
2016-10-26,X601600.SH,0.099033518298241
2016-10-27,X600111.SH,0.0964302886178546
2016-10-28,X600010.SH,0.0894823119963941
2016-10-31,X600549.SH,0.0889579205406102
2016-11-01,X002460.SZ,0.0858952684745637
2016-11-02,X600019.SH,0.0823046655827219
2016-11-03,X600188.SH,0.0797153754119873
2016-11-04,X600489.SH,0.0788177198383452
2016-11-07,X600111.SH,0.0899872868870411
2016-11-08,X600111.SH,0.081823866113274
2016-11-09,X600111.SH,0.0854390271033499
2016-11-10,X600549.SH,0.0977190406425492
2016-11-11,X600188.SH,0.0871593357058198
2016-11-14,X000060.SZ,0.0865202710823122
2016-11-15,X601699.SH,0.103670892952684
2016-11-16,X600362.SH,0.0837356366236739
2016-11-17,X000792.SZ,0.0852891612246824
2016-11-18,X601699.SH,0.105083991128115
2016-11-21,X600188.SH,0.0772417355651012
2016-11-22,X600549.SH,0.0745060169336533
2016-11-23,X600188.SH,0.0961998018270075
2016-11-24,X601699.SH,0.097450976383629
2016-11-25,X600362.SH,0.0943425005323806
2016-11-28,X600549.SH,0.0815842780609032
2016-11-29,X000060.SZ,0.0939153882116098
2016-11-30,X600188.SH,0.0888461989850073
2016-12-01,X000709.SZ,0.0921393297082727
2016-12-02,X600010.SH,0.0895984697182676
2016-12-05,X000937.SZ,0.125327054758797
2016-12-06,X000898.SZ,0.0958348381169179
2016-12-07,X600549.SH,0.0890811939743796
2016-12-08,X002075.SZ,0.122568778904773
2016-12-09,X002075.SZ,0.110174253218823
2016-12-12,X002075.SZ,0.13955
2016-12-13,X002075.SZ,0.19061
2016-12-14,X600021.SH,0.149255676396056
2016-12-15,X600021.SH,0.176855736258475
2016-12-16,X002075.SZ,0.184606492090242
2016-12-19,X002075.SZ,0.17369
2016-12-20,X002075.SZ,0.24939
2016-12-21,X601898.SH,0.0899690896145447
2016-12-22,X600021.SH,0.134675633476943
2016-12-23,X600021.SH,0.136080842591842
2016-12-26,X600021.SH,0.194048784008349
2016-12-27,X600021.SH,0.184615365726076
2016-12-28,X000792.SZ,0.0897762701496808
2016-12-29,X000792.SZ,0.0923621160154499
2016-12-30,X600219.SH,0.0925094346180719
2017-01-03,X000792.SZ,0.092535354237155
2017-01-04,X000883.SZ,0.0948807717145341
2017-01-05,X600021.SH,0.116422684877935
2017-01-06,X600021.SH,0.112375337746916
2017-01-09,X600021.SH,0.111990939465496
2017-01-10,X000792.SZ,0.0984048599678704
2017-01-11,X601699.SH,0.107859045841225
2017-01-12,X601699.SH,0.0935011857363504
2017-01-13,X000883.SZ,0.101779666791561
2017-01-16,X000792.SZ,0.119706720107605
2017-01-17,X000792.SZ,0.132698826077643
2017-01-18,X000983.SZ,0.153348108508219
2017-01-19,X000792.SZ,0.127079912707754
2017-01-20,X601898.SH,0.133126896832777
2017-01-23,X601898.SH,0.118905823482805
2017-01-24,X000792.SZ,0.108542777964402
2017-01-25,X000983.SZ,0.114349907204542
2017-01-26,X000709.SZ,0.084433726556539
2017-02-03,X600219.SH,0.106988146736297
2017-02-06,X600219.SH,0.107943243980061
2017-02-07,X600219.SH,0.127139685824241
2017-02-08,X600219.SH,0.125913720307289
2017-02-09,X600219.SH,0.105150428028647
2017-02-10,X600219.SH,0.13169945356561
2017-02-13,X000937.SZ,0.133229360194355
2017-02-14,X000937.SZ,0.127524631211674
2017-02-15,X600219.SH,0.117113722380498
2017-02-16,X600219.SH,0.117814630940596
2017-02-17,X600219.SH,0.111483329492827
2017-02-20,X600219.SH,0.118116757886453
2017-02-21,X600219.SH,0.112150707618528
2017-02-22,X600219.SH,0.114107184992017
2017-02-23,X600219.SH,0.115286163348059
2017-02-24,X600010.SH,0.10907750517883
2017-02-27,X600219.SH,0.118344122842866
2017-02-28,X600808.SH,0.119978204164899
2017-03-01,X000983.SZ,0.101936549849475
2017-03-02,X600219.SH,0.100219282803251
2017-03-03,X600219.SH,0.0973866296013635
2017-03-06,X600489.SH,0.0943009253604833
2017-03-07,X600489.SH,0.104847334613661
2017-03-08,X600489.SH,0.101843649913286
2017-03-09,X000959.SZ,0.109588818936394
2017-03-10,X601600.SH,0.105436412686464
2017-03-13,X600157.SH,0.0928414173603036
2017-03-14,X600219.SH,0.0838595948749868
2017-03-15,X000792.SZ,0.0980706654679226
2017-03-16,X600219.SH,0.0927143587214097
2017-03-17,X601898.SH,0.0959624629612521
2017-03-20,X601898.SH,0.0934704917120717
2017-03-21,X601898.SH,0.091522866134915
2017-03-22,X601991.SH,0.0895599499227989
2017-03-23,X000630.SZ,0.100748760819326
2017-03-24,X000630.SZ,0.0962406163856864
2017-03-27,X600489.SH,0.0895895857464032
2017-03-28,X000825.SZ,0.10941734812796
2017-03-29,X601898.SH,0.0948517807124697
2017-03-30,X601898.SH,0.0920962188338416
2017-03-31,X601898.SH,0.0922750947669106
2017-04-05,X601898.SH,0.0893186712610385
2017-04-06,X601898.SH,0.0938998543546564
2017-04-07,X000898.SZ,0.102569811504358
2017-04-10,X000898.SZ,0.104084598439854
2017-04-11,X000027.SZ,0.136449383140658
2017-04-12,X000027.SZ,0.13002349818642
2017-04-13,X600362.SH,0.0986253048454317
2017-04-14,X600583.SH,0.0839790337681036
2017-04-17,X601898.SH,0.111808011508258
2017-04-18,X601898.SH,0.10711447536441
2017-04-19,X600008.SH,0.114742222815432
2017-04-20,X600362.SH,0.106915668084352
2017-04-21,X600583.SH,0.116102353813863
2017-04-24,X600578.SH,0.0995730488604945
2017-04-25,X002466.SZ,0.116692102526481
2017-04-26,X002466.SZ,0.117765581898737
2017-04-27,X000723.SZ,0.234620620521172
2017-04-28,X000723.SZ,0.227888042345276
2017-05-02,X000723.SZ,0.62154
2017-05-03,X000723.SZ,0.98872
2017-05-04,X000723.SZ,0.78816
2017-05-05,X000723.SZ,0.44438
2017-05-08,X000723.SZ,1.04756
2017-05-09,X000723.SZ,0.98808
2017-05-10,X000723.SZ,0.71616
2017-05-11,X000723.SZ,0.39458
2017-05-12,X000723.SZ,0.8387
2017-05-15,X000723.SZ,0.65546
2017-05-16,X000723.SZ,0.62449
2017-05-17,X000786.SZ,0.133062819691347
2017-05-18,X000723.SZ,0.57616
2017-05-19,X000723.SZ,0.15652
2017-05-22,X000723.SZ,0.175899920876446
2017-05-23,X000723.SZ,0.44487
2017-05-24,X000723.SZ,0.42118
2017-05-25,X000723.SZ,0.51533
2017-05-26,X000723.SZ,0.42588
2017-05-31,X000723.SZ,0.31584
2017-06-01,X000723.SZ,0.34696
2017-06-02,X000723.SZ,0.17389
2017-06-05,X000723.SZ,0.36529
2017-06-06,X000723.SZ,0.31152
2017-06-07,X000723.SZ,0.29109
2017-06-08,X000723.SZ,0.47112
2017-06-09,X000723.SZ,0.197109286307593
2017-06-12,X000723.SZ,0.197894534786757
2017-06-13,X000723.SZ,0.184824590929465
2017-06-14,X000723.SZ,0.25265
2017-06-15,X000723.SZ,1.00867
2017-06-16,X000630.SZ,0.123515964411771
2017-06-19,X000723.SZ,0.144579185685975
2017-06-20,X000723.SZ,0.140472014587848
2017-06-21,X000723.SZ,0.354370350131553
2017-06-22,X000723.SZ,0.314764895770088
2017-06-23,X000723.SZ,0.271537383120826
2017-06-26,X000723.SZ,0.236221578627809
2017-06-27,X000723.SZ,0.208457553126898
2017-06-28,X000723.SZ,0.178806637035166
2017-06-29,X000723.SZ,0.178892224592853
2017-06-30,X000723.SZ,0.159659772547778
2017-07-03,X000723.SZ,0.162689464289571
2017-07-04,X000723.SZ,0.145198635425774
2017-07-05,X000723.SZ,0.143858605156038
2017-07-06,X000630.SZ,0.12688931659168
2017-07-07,X000792.SZ,0.106636268704093
2017-07-10,X600362.SH,0.0991928622105038
2017-07-11,X000630.SZ,0.122044257818399
2017-07-12,X000630.SZ,0.125802925209187
2017-07-13,X000630.SZ,0.125671213933762
2017-07-14,X000630.SZ,0.128306459692145
2017-07-17,X000630.SZ,0.161211663042353
2017-07-18,X000630.SZ,0.149033797769385
2017-07-19,X000630.SZ,0.11860676031383
2017-07-20,X600188.SH,0.121249121531588
2017-07-21,X000630.SZ,0.147755935771707
2017-07-24,X600808.SH,0.120054612958846
2017-07-25,X601991.SH,0.112652196614623
2017-07-26,X000060.SZ,0.113937645809382
2017-07-27,X000630.SZ,0.11523636916792
2017-07-28,X000630.SZ,0.123167964530615
2017-07-31,X000630.SZ,0.128048956703333
2017-08-01,X000630.SZ,0.116306616604409
2017-08-02,X000630.SZ,0.141109843818238
2017-08-03,X000630.SZ,0.141338371200542
2017-08-04,X600010.SH,0.120431252623186
2017-08-07,X600010.SH,0.136800110778509
2017-08-08,X002466.SZ,0.122112845417934
2017-08-09,X000825.SZ,0.129258612334594
2017-08-10,X601600.SH,0.139412432502251
2017-08-11,X000630.SZ,0.181404448987072
2017-08-14,X000630.SZ,0.184888958491454
2017-08-15,X601088.SH,0.8575
2017-08-16,X601088.SH,0.33906
2017-08-17,X601088.SH,0.59379
2017-08-18,X601088.SH,0.33021
2017-08-21,X600795.SH,0.93041
2017-08-22,X600795.SH,1.15619
2017-08-23,X601088.SH,0.44286
2017-08-24,X600795.SH,0.8061
2017-08-25,X600795.SH,0.95478
2017-08-28,X601088.SH,1.04773
2017-08-29,X600010.SH,0.186515775501465
2017-08-30,X600010.SH,0.192306605272388
2017-08-31,X600010.SH,0.192315010162964
2017-09-01,X601088.SH,0.46789
2017-09-04,X601088.SH,0.59257
2017-09-05,X601088.SH,0.75985
2017-09-06,X601088.SH,0.71732
2017-09-07,X600795.SH,0.41236
2017-09-08,X600795.SH,0.78778
2017-09-11,X600010.SH,0.193392080062972
2017-09-12,X600188.SH,0.192907773179271
2017-09-13,X600010.SH,0.186074996426697
2017-09-14,X601088.SH,0.57134
2017-09-15,X600549.SH,0.17525058417224
2017-09-18,X600549.SH,0.206860191972508
2017-09-19,X600549.SH,0.166861709935542
2017-09-20,X600219.SH,0.188795913761002
2017-09-21,X600010.SH,0.177919274411827
2017-09-22,X600549.SH,0.171704744839715
2017-09-25,X600549.SH,0.174213368644606
2017-09-26,X600549.SH,0.186330785714067
2017-09-27,X600549.SH,0.17859790295904
2017-09-28,X600549.SH,0.193504111211923
2017-09-29,X600549.SH,0.171315931240842
2017-10-09,X600549.SH,0.182954910448031
2017-10-10,X600549.SH,0.181507862098717
2017-10-11,X600549.SH,0.161350551799298
2017-10-12,X600549.SH,0.152368267634978
2017-10-13,X600549.SH,0.158962023671843
2017-10-16,X600010.SH,0.157249742986611
2017-10-17,X600549.SH,0.176745694570675
2017-10-18,X600549.SH,0.173225810062414
2017-10-19,X002466.SZ,0.16857417846704
2017-10-20,X002466.SZ,0.163658648554425
2017-10-23,X002466.SZ,0.162680980854807
2017-10-24,X600549.SH,0.159161440108964
2017-10-25,X601898.SH,0.174122991418392
2017-10-26,X600549.SH,0.163079803629027
2017-10-27,X600549.SH,0.162756967144735
2017-10-30,X600010.SH,0.155763546790291
2017-10-31,X600549.SH,0.151086096274729
2017-11-01,X000709.SZ,0.16051750201828
2017-11-02,X600549.SH,0.163879048353779
2017-11-03,X000825.SZ,0.16182758153114
2017-11-06,X600549.SH,0.190268677721717
2017-11-07,X600188.SH,0.198236213129428
2017-11-08,X600549.SH,0.161273487351884
2017-11-09,X600188.SH,0.160078000264563
2017-11-10,X600010.SH,0.154793894499606
2017-11-13,X600157.SH,0.148963173473582
2017-11-14,X000983.SZ,0.161654856811231
2017-11-15,X000983.SZ,0.0919201423648944
2017-11-16,X000630.SZ,0.0953882190332414
2017-11-17,X600019.SH,0.0965431375352544
2017-11-20,X601991.SH,0.0931065701311065
2017-11-21,X000983.SZ,0.106147779343173
2017-11-22,X002466.SZ,0.111533829502286
2017-11-23,X000709.SZ,0.112075475088196
2017-11-24,X002470.SZ,0.143505224146916
2017-11-27,X002470.SZ,0.138684501825845
2017-11-28,X601600.SH,0.112108367952523
2017-11-29,X601600.SH,0.236148345603272
2017-11-30,X601600.SH,0.117922095160325
2017-12-01,X002110.SZ,0.203629999999999
2017-12-04,X601158.SH,0.105113011063988
2017-12-05,X601600.SH,0.195227705911899
2017-12-06,X601600.SH,0.196968244097609
2017-12-07,X601600.SH,0.198750328461742
2017-12-08,X002470.SZ,0.148413253533282
2017-12-11,X601600.SH,0.49474
2017-12-12,X601600.SH,0.414
2017-12-13,X002110.SZ,0.113592777149992
2017-12-14,X601898.SH,0.120881008436553
2017-12-15,X600111.SH,0.110950438405658
2017-12-18,X600111.SH,0.111403885541942
2017-12-19,X600010.SH,0.106578526958829
2017-12-20,X002470.SZ,0.106829239885735
2017-12-21,X600808.SH,0.103902910263026
2017-12-22,X600010.SH,0.121937083088121
2017-12-25,X600808.SH,0.127712650153895
2017-12-26,X002470.SZ,0.102602511514795
2017-12-27,X600111.SH,0.111292559541513
2017-12-28,X002470.SZ,0.126921503539798
2017-12-29,X002470.SZ,0.127515484568044
2018-01-02,X600111.SH,0.121753805770909
2018-01-03,X002110.SZ,0.14031001814882
2018-01-04,X002110.SZ,0.141880943738657
2018-01-05,X600111.SH,0.10999757957218
2018-01-08,X600808.SH,0.120046545614881
2018-01-09,X600808.SH,0.119032443236485
2018-01-10,X600808.SH,0.12527749788441
2018-01-11,X600808.SH,0.116682383287566
2018-01-12,X600808.SH,0.113053976865127
2018-01-15,X600111.SH,0.135493639759879
2018-01-16,X601898.SH,0.112902175489196
2018-01-17,X601898.SH,0.142684273145737
2018-01-18,X601898.SH,0.142787832243701
2018-01-19,X601898.SH,0.12596383446211
2018-01-22,X600808.SH,0.12676040695648
2018-01-23,X600808.SH,0.104891509496086
2018-01-24,X600111.SH,0.114202721804839
2018-01-25,X000883.SZ,0.112997005422841
2018-01-26,X600111.SH,0.13728005897983
2018-01-29,X600111.SH,0.153096682355176
2018-01-30,X600111.SH,0.142373568989696
2018-01-31,X002460.SZ,0.142312347646578
2018-02-01,X600111.SH,0.136810754070109
2018-02-02,X002092.SZ,0.186831549584371
2018-02-05,X600010.SH,0.144002353993416
2018-02-06,X000825.SZ,0.186765018854512
2018-02-07,X000825.SZ,0.151412293742348
2018-02-08,X000825.SZ,0.192776272101532
2018-02-09,X000825.SZ,0.201956508189822
2018-02-12,X000825.SZ,0.20233264572937
2018-02-13,X600157.SH,0.242
2018-02-14,X600157.SH,1.08727
2018-02-22,X600808.SH,0.176307383228691
2018-02-23,X000825.SZ,0.203922430298837
2018-02-26,X601600.SH,0.232806302919288
2018-02-27,X601600.SH,1.30674
2018-02-28,X601600.SH,1.15176
2018-03-01,X600309.SH,0.54846
2018-03-02,X600309.SH,0.36125
2018-03-05,X600309.SH,1.49394
2018-03-06,X600309.SH,0.184609999999999
2018-03-07,X600309.SH,0.34989
2018-03-08,X000898.SZ,0.169940365046402
2018-03-09,X000825.SZ,0.188795791152939
2018-03-12,X000825.SZ,0.203376004773088
2018-03-13,X600010.SH,0.197833602654874
2018-03-14,X600010.SH,0.19909650406262
2018-03-15,X000825.SZ,0.207323133612639
2018-03-16,X600010.SH,0.206695429947436
2018-03-19,X601898.SH,0.178851057141721
2018-03-20,X601898.SH,0.176733231786257
2018-03-21,X601898.SH,0.173755012884595
2018-03-22,X600188.SH,0.14998410752161
2018-03-23,X601992.SH,0.171874617331744
2018-03-26,X600219.SH,0.183647344034605
2018-03-27,X600219.SH,0.1952800200017
2018-03-28,X600219.SH,0.179885869435545
2018-03-29,X600111.SH,0.207746823698109
2018-03-30,X600111.SH,0.180745210787183
2018-04-02,X600111.SH,0.178607312730738
2018-04-03,X601992.SH,0.187778492114702
2018-04-04,X600111.SH,0.186453275110323
2018-04-09,X600157.SH,0.5485
2018-04-10,X600583.SH,0.156533828559072
2018-04-11,X600010.SH,0.192979604595573
2018-04-12,X600010.SH,0.192411893880648
2018-04-13,X601992.SH,0.167685583557337
2018-04-16,X600010.SH,0.212745733009806
2018-04-17,X600010.SH,0.208541865407236
2018-04-18,X600010.SH,0.195518826340121
2018-04-19,X600010.SH,0.213027032556992
2018-04-20,X600010.SH,0.16970047561087
2018-04-23,X600583.SH,0.182925543776461
2018-04-24,X600583.SH,0.178951811343717
2018-04-25,X600583.SH,0.181654856742935
2018-04-26,X600010.SH,0.158265134526591
2018-04-27,X600808.SH,0.163703775439593
2018-05-02,X600111.SH,0.225427620461659
2018-05-03,X601857.SH,0.183678206155009
2018-05-04,X600111.SH,0.193987128869492
2018-05-07,X601898.SH,0.192215740932688
2018-05-08,X600362.SH,0.15971559542923
2018-05-09,X000630.SZ,0.162044539001853
2018-05-10,X000630.SZ,0.184539299978849
2018-05-11,X600808.SH,0.177118804300215
2018-05-14,X600352.SH,0.196757026725603
2018-05-15,X600352.SH,0.186198003138208
2018-05-16,X601857.SH,0.174664179729357
2018-05-17,X601898.SH,0.159681934333087
2018-05-18,X600362.SH,0.145337363314036
2018-05-21,X601898.SH,0.170013156927906
2018-05-22,X600516.SH,0.150396698037908
2018-05-23,X000898.SZ,0.146829296795207
2018-05-24,X600157.SH,0.159856348195329
2018-05-25,X600188.SH,0.147118665040718
2018-05-28,X000898.SZ,0.138057964024857
2018-05-29,X601898.SH,0.145384523449053
2018-05-30,X002466.SZ,0.14862503466786
2018-05-31,X600188.SH,0.135981823546608
2018-06-01,X600188.SH,0.142235394051022
2018-06-04,X601898.SH,0.134472412409981
2018-06-05,X601898.SH,0.149209494666557
2018-06-06,X600309.SH,0.16352
2018-06-07,X600309.SH,0.42497
2018-06-08,X600309.SH,0.1804
2018-06-11,X600309.SH,0.4425
2018-06-12,X600309.SH,0.42734
2018-06-13,X600309.SH,0.37715
2018-06-14,X600309.SH,0.54647
2018-06-15,X600309.SH,0.29584
2018-06-19,X600309.SH,0.50021
2018-06-20,X600309.SH,0.207968621389892
2018-06-21,X600309.SH,0.174584253158845
2018-06-22,X000709.SZ,0.166984527925291
2018-06-25,X600309.SH,0.209162107915802
2018-06-26,X000709.SZ,0.182456538535256
2018-06-27,X601898.SH,0.184009039952655
2018-06-28,X000825.SZ,0.135012679257948
2018-06-29,X000709.SZ,0.140153746888903
2018-07-02,X000898.SZ,0.161677181911493
2018-07-03,X000898.SZ,0.154181506595239
2018-07-04,X000898.SZ,0.151874424420304
2018-07-05,X000825.SZ,0.38768
2018-07-06,X000825.SZ,0.219277100762425
2018-07-09,X000825.SZ,0.23205
2018-07-10,X000898.SZ,0.175722804941157
2018-07-11,X000825.SZ,0.63546
2018-07-12,X000825.SZ,0.29164
2018-07-13,X600547.SH,0.302491476948271
2018-07-16,X600808.SH,0.141247727999268
2018-07-17,X600808.SH,0.146910624432487
2018-07-18,X600808.SH,0.145512964704196
2018-07-19,X600808.SH,0.151078936633803
2018-07-20,X600808.SH,0.148105665384505
2018-07-23,X600808.SH,0.171354813361635
2018-07-24,X600808.SH,0.172355698577428
2018-07-25,X000898.SZ,0.156318400645016
2018-07-26,X000898.SZ,0.163583918853625
2018-07-27,X000898.SZ,0.168644558359067
2018-07-30,X600516.SH,0.183824335569525
2018-07-31,X600808.SH,0.185038441509814
2018-08-01,X000898.SZ,0.164407706900943
2018-08-02,X600219.SH,0.175589928771992
2018-08-03,X601857.SH,0.184753843280921
2018-08-06,X600309.SH,0.180099522308544
2018-08-07,X600188.SH,0.177320214639334
2018-08-08,X600808.SH,0.177635463642266
2018-08-09,X000898.SZ,0.192822341661438
2018-08-10,X600111.SH,0.162876077900485
2018-08-13,X600188.SH,0.184979598549871
2018-08-14,X600111.SH,0.191276310006457
2018-08-15,X600188.SH,0.16809247261164
2018-08-16,X000709.SZ,0.164694090442706
2018-08-17,X601088.SH,1.65446194513826
2018-08-20,X000932.SZ,0.208713854486727
2018-08-21,X000932.SZ,0.197348312321708
2018-08-22,X000932.SZ,0.194942882641717
2018-08-23,X000932.SZ,0.199063005059444
2018-08-24,X000709.SZ,0.181769717414988
2018-08-27,X000629.SZ,1.50433
2018-08-28,X000629.SZ,1.40251
2018-08-29,X000629.SZ,2.07143
2018-08-30,X000629.SZ,2.03906
2018-08-31,X600188.SH,0.183592866326526
2018-09-03,X600188.SH,0.180854269740943
2018-09-04,X000709.SZ,0.156092251014628
2018-09-05,X600188.SH,0.179097809914177
2018-09-06,X601600.SH,0.186419048187233
2018-09-07,X600489.SH,0.178371868324067
2018-09-10,X601600.SH,0.175599513567848
2018-09-11,X600489.SH,0.182422625888809
2018-09-12,X000709.SZ,0.182209948483044
2018-09-13,X601898.SH,0.15723704465388
2018-09-14,X600019.SH,0.106229239188701
2018-09-17,X000825.SZ,0.25959
2018-09-18,X000825.SZ,0.35939
2018-09-19,X000825.SZ,0.31437
2018-09-20,X000825.SZ,0.87206
2018-09-21,X000825.SZ,0.3635
2018-09-25,X000825.SZ,1.0582
2018-09-26,X000825.SZ,0.183090244719584
2018-09-27,X000825.SZ,0.38547
2018-09-28,X000825.SZ,0.44073
2018-10-08,X000825.SZ,0.16284
2018-10-09,X000825.SZ,0.63447
2018-10-10,X000825.SZ,0.64476
2018-10-11,X600339.SH,0.148350146346717
2018-10-12,X601600.SH,0.141455649671741
2018-10-15,X000709.SZ,0.138904728755035
2018-10-16,X600352.SH,0.154351623428838
2018-10-17,X601088.SH,0.165691815309703
2018-10-18,X600688.SH,0.163750963863167
2018-10-19,X000825.SZ,0.145337497881297
2018-10-22,X601088.SH,0.162140406765144
2018-10-23,X600688.SH,0.168029585734356
2018-10-24,X600688.SH,0.167724282666374
2018-10-25,X600688.SH,0.168621738104484
2018-10-26,X600808.SH,0.325182276128985
2018-10-29,X000959.SZ,0.175928376240546
2018-10-30,X600808.SH,0.319496203036952
2018-10-31,X600808.SH,0.398667549263926
2018-11-01,X600352.SH,0.170739545076376
2018-11-02,X600352.SH,0.188184875407443
2018-11-05,X600111.SH,0.182217042162043
2018-11-06,X601088.SH,0.172270554610089
2018-11-07,X601600.SH,0.168070121172339
2018-11-08,X600362.SH,0.192371853866024
2018-11-09,X600362.SH,0.190038531255853
2018-11-12,X600585.SH,0.170283913217465
2018-11-13,X601158.SH,0.187190620959417
2018-11-14,X601158.SH,0.188952406327121
2018-11-15,X601158.SH,0.197779017356741
2018-11-16,X002075.SZ,0.222053359623466
2018-11-19,X002075.SZ,0.96125
2018-11-20,X002075.SZ,1.05582
2018-11-21,X000883.SZ,0.163766732677195
2018-11-22,X600352.SH,0.176083060137167
2018-11-23,X600352.SH,0.199813668955899
2018-11-26,X000883.SZ,0.167424216797198
2018-11-27,X600352.SH,0.168701725579812
2018-11-28,X600352.SH,0.178709818222877
2018-11-29,X600352.SH,0.172688611689049
2018-11-30,X600362.SH,0.160875478124473
2018-12-03,X600795.SH,0.170382474587665
2018-12-04,X600362.SH,0.187683354640507
2018-12-05,X600795.SH,0.178565096671825
2018-12-06,X601600.SH,0.17344681160687
2018-12-07,X600352.SH,0.201020474560093
2018-12-10,X600352.SH,0.193012712007195
2018-12-11,X600362.SH,0.189905671770656
2018-12-12,X601600.SH,0.185175295344829
2018-12-13,X601600.SH,0.210406451090445
2018-12-14,X600795.SH,0.200409696689118
2018-12-17,X601158.SH,0.185908511799811
2018-12-18,X600352.SH,0.188630398665021
2018-12-19,X600352.SH,0.185182127886403
2018-12-20,X600352.SH,0.193053509713065
2018-12-21,X600352.SH,0.186974748322378
2018-12-24,X600352.SH,0.191379934651346
2018-12-25,X000825.SZ,0.182304570862535
2018-12-26,X601600.SH,0.181195400952194
2018-12-27,X000825.SZ,0.171140242265458
2018-12-28,X000825.SZ,0.168752800811169
2019-01-02,X000825.SZ,0.161605489797426
2019-01-03,X600352.SH,0.186933339284313
2019-01-04,X000825.SZ,0.165581047253132
2019-01-07,X000825.SZ,0.181111624876869
2019-01-08,X601600.SH,0.178583708942524
2019-01-09,X600352.SH,0.178193461869561
2019-01-10,X600362.SH,0.148660273790102
2019-01-11,X000825.SZ,0.166965225112436
2019-01-14,X000553.SZ,0.140394988476392
2019-01-15,X600362.SH,0.149272794195753
2019-01-16,X600362.SH,0.150990902190674
2019-01-17,X000825.SZ,0.143416994173925
2019-01-18,X002460.SZ,0.13920575142739
2019-01-21,X000883.SZ,0.124927012181122
2019-01-22,X000630.SZ,0.127199952788852
2019-01-23,X600188.SH,0.135766836627129
2019-01-24,X000825.SZ,0.123267181376491
2019-01-25,X000825.SZ,0.125331772417021
2019-01-28,X000825.SZ,0.12277581283457
2019-01-29,X000883.SZ,0.104890268479945
2019-01-30,X600188.SH,0.102755896346031
2019-01-31,X000898.SZ,0.109892553764094
2019-02-01,X000825.SZ,0.105210500726451
2019-02-11,X000825.SZ,0.0983670609038601
2019-02-12,X000825.SZ,0.111037218816899
2019-02-13,X600111.SH,0.12369783476797
2019-02-14,X600111.SH,0.120616497040223
2019-02-15,X000825.SZ,0.117157363982801
2019-02-18,X000883.SZ,0.119149011270214
2019-02-19,X000825.SZ,0.112495863138084
2019-02-20,X601699.SH,0.120351467712758
2019-02-21,X601699.SH,0.135557879541594
2019-02-22,X000825.SZ,0.110330667176392
2019-02-25,X000709.SZ,0.126556783430462
2019-02-26,X002110.SZ,0.119914239219954
2019-02-27,X002110.SZ,0.122746317489958
2019-02-28,X000630.SZ,0.71478
2019-03-01,X000630.SZ,0.93868
2019-03-04,X000825.SZ,0.106008705640874
2019-03-05,X600808.SH,0.123231488344006
2019-03-06,X000630.SZ,0.97197
2019-03-07,X000630.SZ,0.993
2019-03-08,X000630.SZ,1.018
2019-03-11,X600188.SH,0.148852029377567
2019-03-12,X002110.SZ,0.153623875360928
2019-03-13,X000630.SZ,0.77496
2019-03-14,X600188.SH,0.150305826265917
2019-03-15,X000825.SZ,0.150835967754246
2019-03-18,X600188.SH,0.149560126661572
2019-03-19,X601857.SH,0.155749958043685
2019-03-20,X000709.SZ,0.166447378314428
2019-03-21,X000709.SZ,0.162594539171256
2019-03-22,X600019.SH,0.153324977058036
2019-03-25,X600111.SH,0.169753709045571
2019-03-26,X000709.SZ,0.159749887241365
2019-03-27,X600362.SH,0.164943687977155
2019-03-28,X000709.SZ,0.173050606700518
2019-03-29,X000709.SZ,0.169090040244766
2019-04-01,X600362.SH,0.16087706571417
2019-04-02,X000883.SZ,0.165781204777259
2019-04-03,X000825.SZ,0.177151685118429
2019-04-04,X600808.SH,0.175677307176209
2019-04-08,X000709.SZ,0.172557173480978
2019-04-09,X000709.SZ,0.195049586932923
2019-04-10,X000709.SZ,0.195123436231332
2019-04-11,X000709.SZ,0.189396292946688
2019-04-12,X600019.SH,0.185871325141207
2019-04-15,X600019.SH,0.191949252315362
2019-04-16,X600808.SH,0.183862344172022
2019-04-17,X600808.SH,0.195196012618738
2019-04-18,X600808.SH,0.192244029156976
2019-04-19,X000709.SZ,0.208686733755488
2019-04-22,X600808.SH,0.181915221876139
2019-04-23,X600019.SH,0.177134410482289
2019-04-24,X000898.SZ,0.17960832326316
2019-04-25,X600188.SH,0.186406671237559
2019-04-26,X600188.SH,0.184449136741163
2019-04-29,X600188.SH,0.193127908596148
2019-04-30,X000883.SZ,0.184914625160892
2019-05-06,X601699.SH,0.230183147485726
2019-05-07,X601600.SH,0.216020348062622
2019-05-08,X601600.SH,0.212107783237885
2019-05-09,X601600.SH,0.209872077786074
2019-05-10,X600188.SH,0.255652553198448
2019-05-13,X600188.SH,0.230846997665916
2019-05-14,X600010.SH,0.209434124258396
2019-05-15,X600188.SH,0.258524751921083
2019-05-16,X600188.SH,0.238906477943765
2019-05-17,X601600.SH,0.24629205659951
2019-05-20,X601600.SH,0.247002132468389
2019-05-21,X600219.SH,0.24501643530316
2019-05-22,X600188.SH,0.23700601218681
2019-05-23,X600188.SH,0.233781348797152
2019-05-24,X600188.SH,0.226126784025759
2019-05-27,X600219.SH,0.242416805509152
2019-05-28,X000709.SZ,0.214461686937746
2019-05-29,X000709.SZ,0.211773325325261
2019-05-30,X000709.SZ,0.211738715235862
2019-05-31,X601600.SH,0.211424144254718
2019-06-03,X000709.SZ,0.210115050694378
2019-06-04,X000629.SZ,0.224309189749786
2019-06-05,X000629.SZ,0.210157798432832
2019-06-06,X601699.SH,0.196438088278259
2019-06-10,X601699.SH,0.197068827202857
2019-06-11,X000629.SZ,0.225810287988546
2019-06-12,X000629.SZ,0.182591153123014
2019-06-13,X000629.SZ,0.192475226303644
2019-06-14,X000709.SZ,0.156676882848717
2019-06-17,X000825.SZ,0.170128791616803
2019-06-18,X000709.SZ,0.170539325639477
2019-06-19,X000709.SZ,0.16942000035398
2019-06-20,X600188.SH,0.166316171582039
2019-06-21,X600219.SH,0.171166293796217
2019-06-24,X000709.SZ,0.178681491340283
2019-06-25,X000709.SZ,0.176398572243834
2019-06-26,X601600.SH,0.180360578251813
2019-06-27,X000629.SZ,0.175081975654878
2019-06-28,X600219.SH,0.162075777928066
2019-07-01,X600219.SH,0.181247228892998
2019-07-02,X600801.SH,0.185276266066343
2019-07-03,X000629.SZ,0.169810807262916
2019-07-04,X601600.SH,0.163499653903243
2019-07-05,X601991.SH,0.163004426403312
2019-07-08,X600219.SH,0.1931432340335
2019-07-09,X600219.SH,0.169133399710918
2019-07-10,X600795.SH,0.164188136178551
2019-07-11,X600219.SH,0.182121956759102
2019-07-12,X600219.SH,0.174875545633933
2019-07-15,X000629.SZ,0.180940483675223
2019-07-16,X000629.SZ,0.190807222166809
2019-07-17,X000629.SZ,0.198370101412304
2019-07-18,X000629.SZ,0.188006035927048
2019-07-19,X000629.SZ,0.186372370626941
2019-07-22,X600219.SH,0.184644075013132
2019-07-23,X600219.SH,0.193174045174551
2019-07-24,X600219.SH,0.188005016328739
2019-07-25,X600219.SH,0.186699453438247
2019-07-26,X600219.SH,0.189927980133326
2019-07-29,X600219.SH,0.198845885967399
2019-07-30,X600219.SH,0.200543443836906
2019-07-31,X600219.SH,0.200594846463582
2019-08-01,X000630.SZ,0.170578888102269
2019-08-02,X600516.SH,0.13046286847664
2019-08-05,X601699.SH,0.122704884362497
2019-08-06,X601898.SH,0.151089212454494
2019-08-07,X600219.SH,0.134643003028418
2019-08-08,X600219.SH,0.147792014283639
2019-08-09,X000709.SZ,0.138752483497147
2019-08-12,X600219.SH,0.144850717476385
2019-08-13,X002460.SZ,0.134844184212064
2019-08-14,X000630.SZ,0.127451749687946
2019-08-15,X600219.SH,0.134443533470629
2019-08-16,X601898.SH,0.135664745436238
2019-08-19,X600585.SH,0.120881863189961
2019-08-20,X600585.SH,0.126167078639453
2019-08-21,X000709.SZ,0.128160786402715
2019-08-22,X600585.SH,0.0840273919645521
2019-08-23,X000898.SZ,0.0903565638932989
2019-08-26,X600516.SH,0.109446482375065
2019-08-27,X600516.SH,0.102704192411093
2019-08-28,X600010.SH,0.100425689768343
2019-08-29,X600516.SH,0.0984781805225915
2019-08-30,X600886.SH,0.141987992651502
2019-09-02,X002460.SZ,0.114638373553646
2019-09-03,X000786.SZ,0.119070908365756
2019-09-04,X600795.SH,0.105228420664089
2019-09-05,X600010.SH,0.103767331906721
2019-09-06,X600010.SH,0.0938880639542201
2019-09-09,X600010.SH,0.105343565173892
2019-09-10,X600516.SH,0.0939334905051724
2019-09-11,X600010.SH,0.128849538446103
2019-09-12,X600795.SH,0.097084110406927
2019-09-16,X600795.SH,0.100745950304528
2019-09-17,X600516.SH,0.118127984123939
2019-09-18,X600010.SH,0.115858253789228
2019-09-19,X000630.SZ,0.132709095624047
2019-09-20,X000630.SZ,0.137128985459094
2019-09-23,X600010.SH,0.0960586160754931
2019-09-24,X600801.SH,0.110851312871083
2019-09-25,X600010.SH,0.0905028994871156
2019-09-26,X000898.SZ,0.0957503908247181
2019-09-27,X600547.SH,0.141248662635735
2019-09-30,X600010.SH,0.125973238994494
2019-10-08,X000898.SZ,0.092376397191084
2019-10-09,X000898.SZ,0.0949810331529854
2019-10-10,X000898.SZ,0.0976372038808856
2019-10-11,X600688.SH,0.0890857084237193
2019-10-14,X601992.SH,0.0901368841788838
2019-10-15,X601600.SH,0.0954421287851854
2019-10-16,X601600.SH,0.0950419510305464
2019-10-17,X601600.SH,0.104741295810505
2019-10-18,X600547.SH,0.0962281830242211
2019-10-21,X600547.SH,0.100829403074339
2019-10-22,X600547.SH,0.109113432176264
2019-10-23,X600547.SH,0.131213469906221
2019-10-24,X600010.SH,0.0885130138001052
2019-10-25,X600309.SH,0.09470396027671
2019-10-28,X600010.SH,0.0855692958800296
2019-10-29,X600010.SH,0.0997012561883555
2019-10-30,X600010.SH,0.102090029550618
2019-10-31,X000709.SZ,0.0932372335185753
2019-11-01,X000898.SZ,0.0930663601401605
2019-11-04,X600688.SH,0.0910706065356623
2019-11-05,X600688.SH,0.0975308653049209
2019-11-06,X000898.SZ,0.0844176969425551
2019-11-07,X000709.SZ,0.100357889396811
2019-11-08,X601992.SH,0.0781845760649742
2019-11-11,X600362.SH,0.0789564061966187
2019-11-12,X000898.SZ,0.0809310960271962
2019-11-13,X600547.SH,0.0765243711300025
2019-11-14,X600362.SH,0.0778457106522675
2019-11-15,X600219.SH,0.0960550513700026
2019-11-18,X600010.SH,0.082491892853218
2019-11-19,X600010.SH,0.0934547349967417
2019-11-20,X600516.SH,0.079565453609755
2019-11-21,X600516.SH,0.0808319560576365
2019-11-22,X600516.SH,0.0807103625164275
2019-11-25,X600516.SH,0.0821124395407252
2019-11-26,X600516.SH,0.0841107655470872
2019-11-27,X601992.SH,0.0908627636326058
2019-11-28,X600362.SH,0.08120405923959
2019-11-29,X000898.SZ,0.0816141587899359
2019-12-02,X600352.SH,0.0787212997613824
2019-12-03,X000723.SZ,0.0809901243796207
2019-12-04,X600516.SH,0.0824771820693146
2019-12-05,X600516.SH,0.0840738519703926
2019-12-06,X600219.SH,0.0871205726631395
2019-12-09,X000898.SZ,0.0867876131411735
2019-12-10,X600219.SH,0.0775030496200893
2019-12-11,X600352.SH,0.0812099372741261
2019-12-12,X600516.SH,0.0838765297265746
2019-12-13,X600516.SH,0.0756545277878063
2019-12-16,X600362.SH,0.0894850840121853
2019-12-17,X600352.SH,0.0797175908760434
2019-12-18,X600352.SH,0.0882583059290625
2019-12-19,X600352.SH,0.0916207832233541
2019-12-20,X600219.SH,0.0966550031176651
2019-12-23,X000709.SZ,0.0800316433322372
2019-12-24,X601992.SH,0.0808693231842642
2019-12-25,X601992.SH,0.070811455188518
2019-12-26,X600660.SH,0.0898634550192973
2019-12-27,X600808.SH,0.093158712345944
2019-12-30,X600352.SH,0.0941429554454861
2019-12-31,X600352.SH,0.08473332162185
2020-01-02,X600352.SH,0.0808835518969227
2020-01-03,X601857.SH,0.0707253906421561
2020-01-06,X601992.SH,0.0863066329342201
2020-01-07,X601992.SH,0.0853232832972654
2020-01-08,X000825.SZ,0.0781358871638008
2020-01-09,X600516.SH,0.0850927187561585
2020-01-10,X601992.SH,0.099430094115792
2020-01-13,X601992.SH,0.0910521072934167
2020-01-14,X600808.SH,0.0963963183832459
2020-01-15,X601992.SH,0.0973817588775082
2020-01-16,X601992.SH,0.112429741436784
2020-01-17,X601992.SH,0.108366025266721
2020-01-20,X601992.SH,0.110738551359268
2020-01-21,X600219.SH,0.0717525235945734
2020-01-22,X600176.SH,0.0823155278169293
2020-01-23,X000629.SZ,0.111995007743347
2020-02-03,X000630.SZ,0.17190451265072
2020-02-04,X000898.SZ,0.174228509986955
2020-02-05,X601991.SH,0.178291082344205
2020-02-06,X601992.SH,0.196574272888594
2020-02-07,X600808.SH,0.18408665624866
2020-02-10,X601991.SH,0.191463753622047
2020-02-11,X000630.SZ,0.162736303702886
2020-02-12,X000709.SZ,0.165315082163963
2020-02-13,X000883.SZ,0.17537855545368
2020-02-14,X601088.SH,0.188401213199983
2020-02-17,X600019.SH,0.167506772894981
2020-02-18,X600801.SH,0.196507359281167
2020-02-19,X600019.SH,0.206101690735112
2020-02-20,X601158.SH,0.189232354795821
2020-02-21,X600352.SH,0.201395161070767
2020-02-24,X600585.SH,0.187193482041424
2020-02-25,X600352.SH,0.185611574266916
2020-02-26,X000630.SZ,0.184874687540688
2020-02-27,X000630.SZ,0.186199844107886
2020-02-28,X601158.SH,0.186098961761477
2020-03-02,X000630.SZ,0.197979444327772
2020-03-03,X000630.SZ,0.193270807093322
2020-03-04,X600352.SH,0.193596781692836
2020-03-05,X600019.SH,0.194785483787036
2020-03-06,X000630.SZ,0.203179534350745
2020-03-09,X600111.SH,0.211037639717936
2020-03-10,X600362.SH,0.217840325081869
2020-03-11,X601158.SH,0.200392238447633
2020-03-12,X000630.SZ,0.215307132983195
2020-03-13,X000630.SZ,0.215821325894796
2020-03-16,X601158.SH,0.243909854831369
2020-03-17,X601088.SH,0.210591757243615
2020-03-18,X600583.SH,0.241698785608371
2020-03-19,X600583.SH,0.249002762099399
2020-03-20,X600583.SH,0.250467994177273
2020-03-23,X600583.SH,0.216973316713783
2020-03-24,X600583.SH,0.280574556663806
2020-03-25,X002466.SZ,0.235500443424499
2020-03-26,X601158.SH,0.234732036237459
2020-03-27,X601158.SH,0.229467087400616
2020-03-30,X600583.SH,0.253912812564178
2020-03-31,X600583.SH,0.225196188577151
2020-04-01,X600583.SH,0.218136182902235
2020-04-02,X000630.SZ,0.228856072004029
2020-04-03,X600352.SH,0.220312120313929
2020-04-07,X601898.SH,0.214908856860793
2020-04-08,X601600.SH,0.208729625281598
2020-04-09,X600352.SH,0.21531466973301
2020-04-10,X600583.SH,0.243141438054639
2020-04-13,X600583.SH,0.253981259658268
2020-04-14,X600583.SH,0.239703094629458
2020-04-15,X600176.SH,0.25380773653098
2020-04-16,X600176.SH,0.22705023953508
2020-04-17,X600176.SH,0.231072083904139
2020-04-20,X600352.SH,0.291702234565257
2020-04-21,X600801.SH,0.251290928676776
2020-04-22,X600176.SH,0.235619237022268
2020-04-23,X600352.SH,0.230752026102274
2020-04-24,X600352.SH,0.229424576147644
2020-04-27,X600801.SH,0.233471165194975
2020-04-28,X600111.SH,0.240930325176614
2020-04-29,X600801.SH,0.287860901564434
2020-04-30,X600801.SH,0.234848307032998
2020-05-06,X600111.SH,0.164578007338131
2020-05-07,X600801.SH,0.171918074308068
2020-05-08,X600352.SH,0.166453819216354
2020-05-11,X600352.SH,0.167291377230129
2020-05-12,X600010.SH,0.179483619328458
2020-05-13,X600309.SH,0.162211684821154
2020-05-14,X002353.SZ,0.172167170300868
2020-05-15,X600309.SH,0.178537280337996
2020-05-18,X600801.SH,0.162511547728089
2020-05-19,X600352.SH,0.169888083839245
2020-05-20,X600801.SH,0.167523494778365
2020-05-21,X600111.SH,0.157622983152069
2020-05-22,X600111.SH,0.167231489703786
2020-05-25,X000723.SZ,0.205946790634186
2020-05-26,X600801.SH,0.161165270817386
2020-05-27,X600176.SH,0.187464070359187
2020-05-28,X000723.SZ,0.189201008093249
2020-05-29,X600309.SH,0.182132248972701
2020-06-01,X600309.SH,0.18783924047332
2020-06-02,X600801.SH,0.151028834405587
2020-06-03,X600309.SH,0.18418056370223
2020-06-04,X000301.SZ,0.168903112261049
2020-06-05,X600352.SH,0.168764798895621
2020-06-08,X600309.SH,0.173035363824486
2020-06-09,X600309.SH,0.193962893598632
2020-06-10,X600352.SH,0.182087903157427
2020-06-11,X600309.SH,0.236315590211191
2020-06-12,X600309.SH,0.19058215486855
2020-06-15,X600352.SH,0.139746535823401
2020-06-16,X000959.SZ,0.156504322817193
2020-06-17,X002080.SZ,0.118109564239621
2020-06-18,X601857.SH,0.12183354655391
2020-06-19,X600219.SH,0.147289338393943
2020-06-22,X000959.SZ,0.149356133058959
2020-06-23,X002460.SZ,0.120018152327274
2020-06-24,X600352.SH,0.122991673163796
2020-06-29,X600352.SH,0.155899883468915
2020-06-30,X600352.SH,0.156763235333696
2020-07-01,X600352.SH,0.138432897179815
2020-07-02,X600352.SH,0.110042219853771
2020-07-03,X600352.SH,0.142074722831322
2020-07-06,X601992.SH,0.12483873220468
2020-07-07,X601991.SH,0.137704436849109
2020-07-08,X601992.SH,0.107641914406947
2020-07-09,X601992.SH,0.115457113213729
2020-07-10,X601992.SH,0.117761420477031
2020-07-13,X601992.SH,0.120538891806415
2020-07-14,X601992.SH,0.135834661908084
2020-07-15,X601992.SH,0.136588314687768
2020-07-16,X600362.SH,0.137489608622365
2020-07-17,X601600.SH,0.153202572535093
2020-07-20,X600352.SH,0.141929705411695
2020-07-21,X601600.SH,0.147191625191642
2020-07-22,X600352.SH,0.132718536984128
2020-07-23,X600362.SH,0.13215275772518
2020-07-24,X600362.SH,0.163310754103673
2020-07-27,X601992.SH,0.157444548558775
2020-07-28,X600362.SH,0.150992921548545
2020-07-29,X600886.SH,0.15815957291484
2020-07-30,X600019.SH,0.159092180177963
2020-07-31,X600362.SH,0.169193437061183
2020-08-03,X000027.SZ,0.180784129509928
2020-08-04,X000932.SZ,0.146406420353264
2020-08-05,X600188.SH,0.14664843109226
2020-08-06,X600362.SH,0.158056108309872
2020-08-07,X002353.SZ,0.161408915604208
2020-08-10,X002460.SZ,0.177968689066321
2020-08-11,X600362.SH,0.153573721620245
2020-08-12,X600299.SH,0.159697393986736
2020-08-13,X600309.SH,0.169413944670114
2020-08-14,X002353.SZ,0.159822775666768
2020-08-17,X000878.SZ,0.196989609573908
2020-08-18,X000878.SZ,0.215462970567591
2020-08-19,X600362.SH,0.161878448261295
2020-08-20,X600299.SH,0.171571076940944
2020-08-21,X600299.SH,0.162526552052112
2020-08-24,X600010.SH,0.142316453645903
2020-08-25,X600299.SH,0.146128584327613
2020-08-26,X002460.SZ,0.152767305775458
2020-08-27,X601992.SH,0.154121864182669
2020-08-28,X601898.SH,0.163494520187455
2020-08-31,X000878.SZ,0.160275644587787
2020-09-01,X002460.SZ,0.150955061300252
2020-09-02,X002250.SZ,0.201906038414868
2020-09-03,X601898.SH,0.149260350069282
2020-09-04,X601898.SH,0.138880630977706
2020-09-07,X000878.SZ,0.152727940877531
2020-09-08,X601991.SH,0.140938545232499
2020-09-09,X601898.SH,0.152399105836994
2020-09-10,X601898.SH,0.155524343415387
2020-09-11,X601991.SH,0.152559352278849
2020-09-14,X601991.SH,0.149264984368622
2020-09-15,X601991.SH,0.149764820103064
2020-09-16,X601898.SH,0.151322341308369
2020-09-17,X601898.SH,0.148196167330024
2020-09-18,X601992.SH,0.14374857077972
2020-09-21,X601898.SH,0.152880748199662
2020-09-22,X601898.SH,0.158693726943411
2020-09-23,X601898.SH,0.154549829790971
2020-09-24,X601898.SH,0.170386989625737
2020-09-25,X601898.SH,0.148919952464349
2020-09-28,X601898.SH,0.138925272195351
2020-09-29,X601898.SH,0.148961630852109
2020-09-30,X601898.SH,0.170440309201589
2020-10-09,X600489.SH,0.133178085920951
2020-10-12,X600362.SH,0.135739490076153
2020-10-13,X600352.SH,0.132708630735275
2020-10-14,X600352.SH,0.151013678252471
2020-10-15,X600362.SH,0.123915698579627
2020-10-16,X601158.SH,0.152167320648125
2020-10-19,X600019.SH,0.107244943567025
2020-10-20,X002460.SZ,0.137989088043183
2020-10-21,X000878.SZ,0.125873734434861
2020-10-22,X000878.SZ,0.127132672994812
2020-10-23,X601600.SH,0.10499012245861
2020-10-26,X601600.SH,0.127011929220457
2020-10-27,X601600.SH,0.134111287927145
2020-10-28,X601600.SH,0.114882678940461
2020-10-29,X600010.SH,0.37813
2020-10-30,X600010.SH,0.63134
2020-11-02,X600547.SH,0.11307533753504
2020-11-03,X600547.SH,0.122753825911189
2020-11-04,X600315.SH,0.112365297084894
2020-11-05,X600803.SH,0.107700592180439
2020-11-06,X601600.SH,0.105855589603072
2020-11-09,X601600.SH,0.107784496623116
2020-11-10,X600019.SH,0.105919611509453
2020-11-11,X000898.SZ,0.0978791386770913
2020-11-12,X601600.SH,0.10640409258917
2020-11-13,X600362.SH,0.104650239709046
2020-11-16,X600516.SH,0.111284523968779
2020-11-17,X601898.SH,0.0931742821435787
2020-11-18,X600111.SH,0.113566028448507
2020-11-19,X601168.SH,0.108485616652385
2020-11-20,X000630.SZ,0.114296769977662
2020-11-23,X600426.SH,0.099815300630264
2020-11-24,X000807.SZ,0.107754950433949
2020-11-25,X600803.SH,0.131251128400959
2020-11-26,X600803.SH,0.139636113245987
2020-11-27,X600803.SH,0.128801548621197
2020-11-30,X002271.SZ,0.12247661370684
2020-12-01,X600019.SH,0.112770650977243
2020-12-02,X000630.SZ,0.13334766832999
2020-12-03,X000898.SZ,0.106049383183764
2020-12-04,X000630.SZ,0.0994600664169003
2020-12-07,X601600.SH,0.111142460804147
2020-12-08,X600176.SH,0.11751768124772
2020-12-09,X600426.SH,0.115014885239729
2020-12-10,X601898.SH,0.116155851585389
2020-12-11,X601600.SH,0.109976757203629
2020-12-14,X601168.SH,0.103648030496118
2020-12-15,X601168.SH,0.117681453457297
2020-12-16,X601168.SH,0.11073674206108
2020-12-17,X600219.SH,0.111904049237855
2020-12-18,X601088.SH,0.115518788260268
2020-12-21,X300073.SZ,0.125565341828011
2020-12-22,X601168.SH,0.11631729325784
2020-12-23,X601088.SH,0.123086180826871
2020-12-24,X601600.SH,0.112812265573023
2020-12-25,X000932.SZ,0.1356507820511
2020-12-28,X601168.SH,0.14512022145348
2020-12-29,X601168.SH,0.154426426720786
2020-12-30,X300073.SZ,0.152631830989814
2020-12-31,X601600.SH,0.134185409280821
2021-01-04,X601600.SH,0.130647381977823
2021-01-05,X601088.SH,0.130699803501522
2021-01-06,X601088.SH,0.142206088992079
2021-01-07,X601168.SH,0.158168841334925
2021-01-08,X601168.SH,0.160085228058141
2021-01-11,X002497.SZ,0.137456598127274
2021-01-12,X002497.SZ,0.170485793987589
2021-01-13,X601168.SH,0.176978364472894
2021-01-14,X601168.SH,0.175398690126892
2021-01-15,X600486.SH,0.141191942572949
2021-01-18,X002497.SZ,0.139430492090076
2021-01-19,X601088.SH,0.155429934199111
2021-01-20,X601088.SH,0.156769388258354
2021-01-21,X601088.SH,0.183945603944915
2021-01-22,X600529.SH,0.159062077280341
2021-01-25,X600486.SH,0.153783056784217
2021-01-26,X601898.SH,0.157469891194355
2021-01-27,X600309.SH,0.133244513293631
2021-01-28,X601168.SH,0.216399487454881
2021-01-29,X601088.SH,0.138999662183964
2021-02-01,X600027.SH,0.159210703217252
2021-02-02,X601898.SH,0.144830092997502
2021-02-03,X601898.SH,0.158842105734949
2021-02-04,X601898.SH,0.15366224321476
2021-02-05,X601991.SH,0.157481752658585
2021-02-08,X600426.SH,0.151746047235143
2021-02-09,X600309.SH,0.125374588353303
2021-02-10,X600362.SH,0.169007407337573
2021-02-18,X000807.SZ,0.194280389164456
2021-02-19,X600549.SH,0.174481056307644
2021-02-22,X002271.SZ,0.165171849201604
2021-02-23,X601088.SH,0.155371974908161
2021-02-24,X601600.SH,0.174512712798788
2021-02-25,X601600.SH,0.180376769029826
2021-02-26,X601600.SH,0.155958928241097
2021-03-01,X002460.SZ,0.165347094813564
2021-03-02,X600027.SH,0.164253142037124
2021-03-03,X600219.SH,0.192490685020537
2021-03-04,X000630.SZ,0.180611991057353
2021-03-05,X000630.SZ,0.184028902039209
2021-03-08,X600010.SH,0.256285513296443
2021-03-09,X601600.SH,0.178917979262167
2021-03-10,X600362.SH,0.188282370307578
2021-03-11,X601600.SH,0.200865594946067
2021-03-12,X000630.SZ,0.177054854815651
2021-03-15,X600362.SH,0.177783512774841
2021-03-16,X601168.SH,0.194984127979068
2021-03-17,X601600.SH,0.201083683177574
2021-03-18,X000786.SZ,0.183724420533971
2021-03-19,X601600.SH,0.207595028304523
2021-03-22,X601600.SH,0.202775439751318
2021-03-23,X600028.SH,0.169210942841451
2021-03-24,X601600.SH,0.152370264305286
2021-03-25,X000630.SZ,0.162857531065903
2021-03-26,X002460.SZ,0.166287998742365
2021-03-29,X000932.SZ,0.165075998624464
2021-03-30,X600176.SH,0.171140470510799
2021-03-31,X000932.SZ,0.157513800613867
2021-04-01,X600176.SH,0.177345322069029
2021-04-02,X600176.SH,0.17246402829914
2021-04-06,X601600.SH,0.165194424446952
2021-04-07,X601600.SH,0.196832021251976
2021-04-08,X601600.SH,0.202028885169609
2021-04-09,X601600.SH,0.19607295743262
2021-04-12,X601600.SH,0.194531470149695
2021-04-13,X601600.SH,0.189799141785813
2021-04-14,X601600.SH,0.190767403843238
2021-04-15,X600309.SH,0.193978431340462
2021-04-16,X601600.SH,0.194365204782901
2021-04-19,X000807.SZ,0.23131236302749
2021-04-20,X000807.SZ,0.233113796429045
2021-04-21,X000807.SZ,0.225948232966604
2021-04-22,X000807.SZ,0.221716560400163
2021-04-23,X000807.SZ,0.211878523657283
2021-04-26,X601600.SH,0.195536433002102
2021-04-27,X000807.SZ,0.214950615285699
2021-04-28,X002460.SZ,0.191634632669791
2021-04-29,X002460.SZ,0.184908204748459
2021-04-30,X601600.SH,0.18219287909715
2021-05-06,X002460.SZ,0.206620076521653
2021-05-07,X000630.SZ,0.166825652947105
2021-05-10,X000807.SZ,0.242916242291007
2021-05-11,X600362.SH,0.201022452726335
2021-05-12,X600362.SH,0.197450905702632
2021-05-13,X000630.SZ,0.238934228554262
2021-05-14,X601600.SH,0.210716896509238
2021-05-17,X000898.SZ,0.188078685158873
2021-05-18,X000898.SZ,0.186345604280389
2021-05-19,X000898.SZ,0.190184627463559
2021-05-20,X000959.SZ,0.196703425406538
2021-05-21,X000898.SZ,0.200720733218798
2021-05-24,X000898.SZ,0.20448451270066
2021-05-25,X000898.SZ,0.191763308965634
2021-05-26,X000898.SZ,0.179615441658794
2021-05-27,X000898.SZ,0.182916388460879
2021-05-28,X600176.SH,0.195903956840744
2021-05-31,X600176.SH,0.199268037482135
2021-06-01,X600176.SH,0.16819447861089
2021-06-02,X600352.SH,0.167614058004466
2021-06-03,X600176.SH,0.206394218081357
2021-06-04,X600352.SH,0.185761623582338
2021-06-07,X000708.SZ,0.186835981069655
2021-06-08,X600111.SH,0.165183945996329
2021-06-09,X600111.SH,0.165783893273948
2021-06-10,X601600.SH,0.145443056590282
2021-06-11,X600176.SH,0.147240172748573
2021-06-15,X000983.SZ,0.155116995503337
2021-06-16,X000959.SZ,0.223934579375838
2021-06-17,X600309.SH,0.166760299035135
2021-06-18,X000898.SZ,0.156884206897695
2021-06-21,X000830.SZ,0.15495853126898
2021-06-22,X601600.SH,0.169975480854519
2021-06-23,X600111.SH,0.16220079749629
2021-06-24,X600111.SH,0.15688230934653
2021-06-25,X000708.SZ,0.143188056858015
2021-06-28,X601991.SH,0.145279604014427
2021-06-29,X600219.SH,0.156589979776947
2021-06-30,X600111.SH,0.14130687017209
2021-07-01,X600111.SH,0.137878300399849
2021-07-02,X601600.SH,0.174508765856681
2021-07-05,X600111.SH,0.156287093061081
2021-07-06,X600111.SH,0.153789592950519
2021-07-07,X600111.SH,0.136175751935399
2021-07-08,X601600.SH,0.136441691061351
2021-07-09,X600549.SH,0.131358712413582
2021-07-12,X600111.SH,0.146020948246606
2021-07-13,X600111.SH,0.161566507049729
2021-07-14,X600010.SH,0.169662745507876
2021-07-15,X600010.SH,0.14170845553325
2021-07-16,X600219.SH,0.135197234440811
2021-07-19,X600808.SH,0.127462617996284
2021-07-20,X600010.SH,0.136641531335071
2021-07-21,X600010.SH,0.13381996884204
2021-07-22,X000825.SZ,0.13974509548125
2021-07-23,X600660.SH,0.157361340827122
2021-07-26,X000898.SZ,0.174588766322081
2021-07-27,X600660.SH,0.150611862476012
2021-07-28,X600362.SH,0.201397183623134
2021-07-29,X600362.SH,0.202833336371006
2021-07-30,X601600.SH,0.178483110734951
2021-08-02,X600362.SH,0.209305815003783
2021-08-03,X600362.SH,0.156232626810071
2021-08-04,X601600.SH,0.211370037236133
2021-08-05,X601600.SH,0.208565527437048
2021-08-06,X601600.SH,0.177891911686847
2021-08-09,X600362.SH,0.213282457184449
2021-08-10,X601600.SH,0.193952742931052
2021-08-11,X000792.SZ,0.36906
2021-08-12,X000792.SZ,0.30039
2021-08-13,X000792.SZ,0.3005
2021-08-16,X000792.SZ,0.47874
2021-08-17,X000792.SZ,0.32287
2021-08-18,X000792.SZ,0.25276
2021-08-19,X000792.SZ,0.30951
2021-08-20,X000792.SZ,0.26163
2021-08-23,X000792.SZ,0.28222
2021-08-24,X600362.SH,0.171440362842218
2021-08-25,X600010.SH,0.178965321145347
2021-08-26,X600362.SH,0.170454952355152
2021-08-27,X601600.SH,0.175332132761341
2021-08-30,X601600.SH,0.168545528645012
2021-08-31,X000825.SZ,0.194485483869958
2021-09-01,X600219.SH,0.194548043748292
2021-09-02,X600516.SH,0.181264777755302
2021-09-03,X002460.SZ,0.229784525945061
2021-09-06,X600219.SH,0.18900155118128
2021-09-07,X601600.SH,0.191122836055371
2021-09-08,X601600.SH,0.186874129026919
2021-09-09,X601600.SH,0.175877587659315
2021-09-10,X601600.SH,0.228362356807043
2021-09-13,X601600.SH,0.193609773183005
2021-09-14,X601600.SH,0.211954058525957
2021-09-15,X601600.SH,0.211750665671885
2021-09-16,X600219.SH,0.203075069616042
2021-09-17,X000932.SZ,0.209040510677761
2021-09-22,X601600.SH,0.202775776730305
2021-09-23,X002466.SZ,0.218702407998084
2021-09-24,X000898.SZ,0.227275051097563
2021-09-27,X000983.SZ,0.290120548007421
2021-09-28,X600801.SH,0.231131576330799
2021-09-29,X601991.SH,0.210269826263086
2021-09-30,X601991.SH,0.212048050749361
2021-10-08,X600352.SH,0.219530441754799
2021-10-11,X600801.SH,0.243196736062512
2021-10-12,X600027.SH,0.217279964759463
2021-10-13,X600426.SH,0.197787260852113
2021-10-14,X002326.SZ,0.217735794722587
2021-10-15,X002326.SZ,0.22137606698363
2021-10-18,X002466.SZ,0.223468208395486
2021-10-19,X601600.SH,0.203656328771274
2021-10-20,X002326.SZ,0.245263884336672
2021-10-21,X002466.SZ,0.212745071827276
2021-10-22,X601600.SH,0.202312734270493
2021-10-25,X601600.SH,0.240476763305393
2021-10-26,X601600.SH,0.249031636567066
2021-10-27,X000630.SZ,0.225719768925573
2021-10-28,X600160.SH,0.243310968755694
2021-10-29,X601991.SH,0.22521020460949
2021-11-01,X600111.SH,0.208151929148155
2021-11-02,X002466.SZ,0.206479214148997
2021-11-03,X000708.SZ,0.240956225086322
2021-11-04,X002466.SZ,0.260071660005318
2021-11-05,X002466.SZ,0.261350006342902
2021-11-08,X000831.SZ,0.26694813215779
2021-11-09,X601600.SH,0.258878211484591
2021-11-10,X601600.SH,0.203540170465814
2021-11-11,X601600.SH,0.191290313967386
2021-11-12,X002466.SZ,0.243051358261253
2021-11-15,X600188.SH,0.23463452421846
2021-11-16,X002466.SZ,0.230367110241633
2021-11-17,X601600.SH,0.211364997179814
2021-11-18,X300073.SZ,0.192229010748517
2021-11-19,X600295.SH,0.238711114810521
2021-11-22,X000831.SZ,0.225075761001684
2021-11-23,X600295.SH,0.191748800929035
2021-11-24,X600295.SH,0.244781162302202
2021-11-25,X600295.SH,0.226142709538277
2021-11-26,X600295.SH,0.242028574208058
2021-11-29,X002466.SZ,0.237675977624976
2021-11-30,X601991.SH,0.213872984724122
2021-12-01,X600378.SH,0.201817125760454
2021-12-02,X600795.SH,0.228736178632797
2021-12-03,X600019.SH,0.210580431986672
2021-12-06,X000155.SZ,0.185830996893922
2021-12-07,X600795.SH,0.192961074386565
2021-12-08,X000877.SZ,0.210412549492982
2021-12-09,X600219.SH,0.195898139719639
2021-12-10,X000831.SZ,0.266094670065159
2021-12-13,X600795.SH,0.250577428332306
2021-12-14,X000831.SZ,0.227974908935328
2021-12-15,X600795.SH,0.215745515574491
2021-12-16,X600795.SH,0.232294794005778
2021-12-17,X000831.SZ,0.255138476157932
2021-12-20,X600028.SH,0.214892175040415
2021-12-21,X000959.SZ,0.207409918293289
2021-12-22,X600157.SH,0.228879610674179
2021-12-23,X600010.SH,0.222596406971724
2021-12-24,X600157.SH,0.226290932595036
2021-12-27,X600157.SH,0.212468453468958
2021-12-28,X000825.SZ,0.18271039676721
2021-12-29,X600028.SH,0.176671059187085
2021-12-30,X600141.SH,0.203110453343418
2021-12-31,X600141.SH,0.200261766886451
2022-01-04,X600795.SH,0.156521849099508
2022-01-05,X600010.SH,0.158787121214998
2022-01-06,X600795.SH,0.152106233575904
2022-01-07,X600795.SH,0.150678161284444
2022-01-10,X600027.SH,0.159133187717882
2022-01-11,X000408.SZ,0.159825466018695
2022-01-12,X601898.SH,0.15648842307161
2022-01-13,X000630.SZ,0.172809722722335
2022-01-14,X600011.SH,0.200926481945597
2022-01-17,X000807.SZ,0.156803205248506
2022-01-18,X000932.SZ,0.2117753558785
2022-01-19,X000807.SZ,0.171649939902593
2022-01-20,X000807.SZ,0.169866750546075
2022-01-21,X600362.SH,0.18278336182522
2022-01-24,X600362.SH,0.147735824631281
2022-01-25,X000932.SZ,0.157843895119009
2022-01-26,X000630.SZ,0.139921781561344
2022-01-27,X000877.SZ,0.130416200273968
2022-01-28,X601699.SH,0.126379063056116
2022-02-07,X000630.SZ,0.14217198568334
2022-02-08,X601857.SH,0.128095753701949
2022-02-09,X000932.SZ,0.167775249550333
2022-02-10,X600157.SH,0.149232856351771
2022-02-11,X000932.SZ,0.158330474543556
2022-02-14,X000932.SZ,0.177801198867797
2022-02-15,X000932.SZ,0.158038076895016
2022-02-16,X000932.SZ,0.150932521796028
2022-02-17,X601857.SH,0.165188146028989
2022-02-18,X000932.SZ,0.15069718803662
2022-02-21,X000932.SZ,0.166690424372049
2022-02-22,X600795.SH,0.153399789973084
2022-02-23,X601898.SH,0.168340265465673
2022-02-24,X601699.SH,0.14358537626248
2022-02-25,X000932.SZ,0.166003027418645
2022-02-28,X601699.SH,0.179773852858061
2022-03-01,X000630.SZ,0.148544623264552
2022-03-02,X000932.SZ,0.136598856827709
2022-03-03,X600096.SH,0.148910189058596
2022-03-04,X601088.SH,0.166506269551717
2022-03-07,X600660.SH,0.169221759971055
2022-03-08,X000932.SZ,0.154785213182033
2022-03-09,X000408.SZ,0.146655292060268
2022-03-10,X600096.SH,0.162042763418033
2022-03-11,X002460.SZ,0.150169429763515
2022-03-14,X600585.SH,0.155895051794829
2022-03-15,X000708.SZ,0.211165885869336
2022-03-16,X600362.SH,0.182223097450497
2022-03-17,X600362.SH,0.181064126217222
2022-03-18,X600362.SH,0.17818813492638
2022-03-21,X600362.SH,0.204650224006392
2022-03-22,X600362.SH,0.201412311282851
2022-03-23,X600362.SH,0.199000047487221
2022-03-24,X601898.SH,0.20233567936254
2022-03-25,X601699.SH,0.235993125892131
2022-03-28,X601699.SH,0.235909918595541
2022-03-29,X600362.SH,0.19123443921809
2022-03-30,X600585.SH,0.237557399313092
2022-03-31,X600585.SH,0.241307083950001
2022-04-01,X600585.SH,0.236727749599843
2022-04-06,X600688.SH,0.200031550279287
2022-04-07,X600795.SH,0.192318647127528
2022-04-08,X601699.SH,0.220665519149397
2022-04-11,X000932.SZ,0.199423893160929
2022-04-12,X601699.SH,0.199972889626682
2022-04-13,X600362.SH,0.210923587583095
2022-04-14,X600362.SH,0.231505205415386
2022-04-15,X600795.SH,0.22732290834541
2022-04-18,X000959.SZ,0.213346825858113
2022-04-19,X000959.SZ,0.205869013342597
2022-04-20,X600019.SH,0.209727848853508
2022-04-21,X600019.SH,0.209716567085779
2022-04-22,X600019.SH,0.228476104999233
2022-04-25,X000959.SZ,0.23437672151581
2022-04-26,X000959.SZ,0.224214619632441
2022-04-27,X600019.SH,0.224010498622837
2022-04-28,X000932.SZ,0.233178917407242
2022-04-29,X600019.SH,0.228993172827064
2022-05-05,X000708.SZ,0.222990101900711
2022-05-06,X000708.SZ,0.220693610960428
2022-05-09,X600010.SH,0.212527769561523
2022-05-10,X600157.SH,0.231209874991985
2022-05-11,X600157.SH,0.21816358097945
2022-05-12,X600157.SH,0.228284731245826
2022-05-13,X600157.SH,0.233127963227507
2022-05-16,X600426.SH,0.217567496549054
2022-05-17,X600795.SH,0.21387259996761
2022-05-18,X600157.SH,0.195526279999171
2022-05-19,X600362.SH,0.239976699488416
2022-05-20,X600803.SH,0.204430696666899
2022-05-23,X600157.SH,0.225562022556419
2022-05-24,X002080.SZ,0.212239413884144
2022-05-25,X600157.SH,0.226655734848995
2022-05-26,X600219.SH,0.223056368569311
2022-05-27,X600157.SH,0.234702243510348
2022-05-30,X600157.SH,0.233290513928535
2022-05-31,X600010.SH,0.219517274766972
2022-06-01,X600010.SH,0.21161474251329
2022-06-02,X600426.SH,0.237803459689695
2022-06-06,X600219.SH,0.279121042281024
2022-06-07,X600219.SH,0.230702016806063
2022-06-08,X600219.SH,0.255993471771009
2022-06-09,X600219.SH,0.246113458308246
2022-06-10,X600010.SH,0.235074852789339
2022-06-13,X600219.SH,0.206494577371131
2022-06-14,X600362.SH,0.249125106780439
2022-06-15,X600010.SH,0.235004362970999
2022-06-16,X600362.SH,0.221049145741882
2022-06-17,X002080.SZ,0.256715500238961
2022-06-20,X600362.SH,0.212069282851414
2022-06-21,X600362.SH,0.218067375208838
2022-06-22,X002497.SZ,0.252960038424638
2022-06-23,X002497.SZ,0.227481414341586
2022-06-24,X002497.SZ,0.232144857377424
2022-06-27,X000723.SZ,0.209172764780948
2022-06-28,X000723.SZ,0.205940099606994
2022-06-29,X000723.SZ,0.194424997966302
2022-06-30,X002497.SZ,0.246969023974785
2022-07-01,X002192.SZ,0.29523967571335
2022-07-04,X002192.SZ,0.288394768462946
2022-07-05,X002497.SZ,0.245119999294283
2022-07-06,X002497.SZ,0.269886564107353
2022-07-07,X002497.SZ,0.257007590312229
2022-07-08,X002497.SZ,0.269760103110261
2022-07-11,X000723.SZ,0.197888271908357
2022-07-12,X000723.SZ,0.231168544069064
2022-07-13,X300037.SZ,0.199453032808046
2022-07-14,X600160.SH,0.213412579219526
2022-07-15,X000723.SZ,0.250901783260974
2022-07-18,X600160.SH,0.198859702401827
2022-07-19,X600362.SH,0.245806243323986
2022-07-20,X600160.SH,0.207447088011805
2022-07-21,X600362.SH,0.205262975091134
2022-07-22,X600362.SH,0.212364560376147
2022-07-25,X002080.SZ,0.235426158770558
2022-07-26,X002080.SZ,0.219503087416068
2022-07-27,X600362.SH,0.157262235788832
2022-07-28,X600362.SH,0.139301585782067
2022-07-29,X600362.SH,0.161920537029679
2022-08-01,X600362.SH,0.145332578278472
2022-08-02,X000723.SZ,0.134153993473909
2022-08-03,X002080.SZ,0.133517932635764
2022-08-04,X601600.SH,0.133426432189513
2022-08-05,X002466.SZ,0.126849372178995
2022-08-08,X601600.SH,0.125396921481862
2022-08-09,X600362.SH,0.127063004563748
2022-08-10,X601600.SH,0.133234065795559
2022-08-11,X601600.SH,0.139289375353827
2022-08-12,X600362.SH,0.133487363689364
2022-08-15,X000933.SZ,0.134541474793022
2022-08-16,X600801.SH,0.121326678788098
2022-08-17,X600362.SH,0.128702887331457
2022-08-18,X002080.SZ,0.117664910552962
2022-08-19,X000933.SZ,0.150448721151329
2022-08-22,X000933.SZ,0.153531051023596
2022-08-23,X600547.SH,0.142437126400086
2022-08-24,X600985.SH,0.154532165306496
2022-08-25,X601088.SH,0.151142056871995
2022-08-26,X600985.SH,0.178988465943561
2022-08-29,X600985.SH,0.152422179744986
2022-08-30,X600188.SH,0.165652162194954
2022-08-31,X601699.SH,0.180913567146789
2022-09-01,X600141.SH,0.141810877564495
2022-09-02,X600188.SH,0.177969792701668
2022-09-05,X600985.SH,0.141156628447652
2022-09-06,X600985.SH,0.15975260483819
2022-09-07,X600188.SH,0.171770361461358
2022-09-08,X002080.SZ,0.159153923908513
2022-09-09,X600362.SH,0.141078591862542
2022-09-13,X000723.SZ,0.139439205261394
2022-09-14,X002080.SZ,0.127039745132986
2022-09-15,X601857.SH,0.11809861309447
2022-09-16,X600985.SH,0.165481973336021
2022-09-19,X600985.SH,0.189706444075848
2022-09-20,X601898.SH,0.159174367507795
2022-09-21,X600362.SH,0.164164310174948
2022-09-22,X600362.SH,0.156121293845528
2022-09-23,X600985.SH,0.163408797320086
2022-09-26,X600362.SH,0.171578278845301
2022-09-27,X600141.SH,0.153651727632052
2022-09-28,X600141.SH,0.155969317928327
2022-09-29,X600141.SH,0.154347166907767
2022-09-30,X600985.SH,0.160944829766804
2022-10-10,X600141.SH,0.150682540494259
2022-10-11,X600985.SH,0.12151062945545
2022-10-12,X601991.SH,0.140711184596779
2022-10-13,X600985.SH,0.142130349735285
2022-10-14,X601600.SH,0.133283449438046
2022-10-17,X601600.SH,0.137390267723154
2022-10-18,X601600.SH,0.144997066989505
2022-10-19,X601600.SH,0.130186689284544
2022-10-20,X601600.SH,0.120277406888357
2022-10-21,X600362.SH,0.122154362535097
2022-10-24,X601898.SH,0.113665010883697
2022-10-25,X002460.SZ,0.117726562194248
2022-10-26,X600362.SH,0.119176063907656
2022-10-27,X600362.SH,0.156425510280233
2022-10-28,X600362.SH,0.136506639807014
2022-10-31,X600028.SH,0.153276593791327
2022-11-01,X600028.SH,0.150782508449047
2022-11-02,X600028.SH,0.152472989344047
2022-11-03,X600028.SH,0.146982542074304
2022-11-04,X600028.SH,0.151347440745585
2022-11-07,X600096.SH,0.136841662842099
2022-11-08,X600096.SH,0.146493665736714
2022-11-09,X000629.SZ,0.184881577883875
2022-11-10,X600111.SH,0.139966020400203
2022-11-11,X600141.SH,0.13528525981478
2022-11-14,X600362.SH,0.154551917677674
2022-11-15,X601600.SH,0.145570244660164
2022-11-16,X601600.SH,0.139178052257119
2022-11-17,X600111.SH,0.1241387461192
2022-11-18,X601600.SH,0.134473939278121
2022-11-21,X600547.SH,0.147807358329215
2022-11-22,X601991.SH,0.146218819036027
2022-11-23,X601600.SH,0.13126539902406
2022-11-24,X601600.SH,0.162723149663894
2022-11-25,X600111.SH,0.143391983885712
2022-11-28,X601600.SH,0.134198912757428
2022-11-29,X002080.SZ,0.153158197922035
2022-11-30,X002080.SZ,0.154223751347545
2022-12-01,X600141.SH,0.147023800851518
2022-12-02,X002460.SZ,0.15134248615024
2022-12-05,X600141.SH,0.16765330073845
2022-12-06,X600141.SH,0.155060803059226
2022-12-07,X600141.SH,0.148191025090504
2022-12-08,X002080.SZ,0.14275645704716
2022-12-09,X601600.SH,0.13362617939461
2022-12-12,X000786.SZ,0.127330129590021
2022-12-13,X600141.SH,0.145365195700996
2022-12-14,X600141.SH,0.143141860891033
2022-12-15,X000408.SZ,0.130369223672613
2022-12-16,X601600.SH,0.131738385349095
2022-12-19,X601600.SH,0.124540330979641
2022-12-20,X601600.SH,0.143054191294
2022-12-21,X000408.SZ,0.141027864221067
2022-12-22,X000408.SZ,0.133586276744779
2022-12-23,X000408.SZ,0.1250535544718
2022-12-26,X000408.SZ,0.148326069029227
2022-12-27,X000408.SZ,0.14389699614153
2022-12-28,X600111.SH,0.132884449940775
2022-12-29,X600111.SH,0.148209613579582
2022-12-30,X601898.SH,0.12090364605093
2023-01-03,X000807.SZ,0.125809183810762
2023-01-04,X600362.SH,0.132592135092273
2023-01-05,X600111.SH,0.143408322131669
2023-01-06,X600362.SH,0.134764656881576
2023-01-09,X002460.SZ,0.131351283842212
2023-01-10,X000708.SZ,0.130206924364336
2023-01-11,X000408.SZ,0.13321932933821
2023-01-12,X000408.SZ,0.122924833480425
2023-01-13,X000708.SZ,0.116987038128182
2023-01-16,X600348.SH,0.128486834025835
2023-01-17,X600219.SH,0.133741732419318
2023-01-18,X600219.SH,0.138031063051051
2023-01-19,X600660.SH,0.110694831162149
2023-01-20,X000723.SZ,0.144028728513265
2023-01-30,X002460.SZ,0.144192435506004
2023-01-31,X002460.SZ,0.144981855583415
2023-02-01,X600219.SH,0.134104767630235
2023-02-02,X002460.SZ,0.126541450410417
2023-02-03,X600362.SH,0.120304726191929
2023-02-06,X002460.SZ,0.134575496677362
2023-02-07,X000807.SZ,0.123902886237272
2023-02-08,X002460.SZ,0.111470974961801
2023-02-09,X002460.SZ,0.136619032382426
2023-02-10,X002460.SZ,0.109457912500145
2023-02-13,X000408.SZ,0.106715180276962
2023-02-14,X002460.SZ,0.145353605125249
2023-02-15,X600362.SH,0.118923437714619
2023-02-16,X600111.SH,0.12419374378043
2023-02-17,X000723.SZ,0.122947411574576
2023-02-20,X000723.SZ,0.115975592087906
2023-02-21,X000708.SZ,0.143150791205672
2023-02-22,X600111.SH,0.106850272626013
2023-02-23,X000723.SZ,0.106212843385462
2023-02-24,X000723.SZ,0.123500716330725
2023-02-27,X000723.SZ,0.121015066253541
2023-02-28,X000723.SZ,0.127029710786134
2023-03-01,X000723.SZ,0.138094038148463
2023-03-02,X000723.SZ,0.136250543134656
2023-03-03,X000723.SZ,0.135634809884345
2023-03-06,X601898.SH,0.124914783580374
2023-03-07,X000723.SZ,0.119588415643616
2023-03-08,X000723.SZ,0.131379305824775
2023-03-09,X600219.SH,0.138376171896799
2023-03-10,X000723.SZ,0.132820467715939
2023-03-13,X000723.SZ,0.133952757791984
2023-03-14,X000723.SZ,0.137914072309641
2023-03-15,X000723.SZ,0.143859726634294
2023-03-16,X000723.SZ,0.1345934600401
2023-03-17,X000723.SZ,0.141662944053743
2023-03-20,X000723.SZ,0.13289046029967
2023-03-21,X000723.SZ,0.114321882595861
2023-03-22,X000723.SZ,0.122608110301387
2023-03-23,X000723.SZ,0.11694472739385
2023-03-24,X000723.SZ,0.110566763763252
2023-03-27,X000723.SZ,0.115477398819188
2023-03-28,X000723.SZ,0.101320401053242
2023-03-29,X600010.SH,0.102488336961291
2023-03-30,X000723.SZ,0.101561323295052
2023-03-31,X000983.SZ,0.113105415965575
2023-04-03,X000983.SZ,0.116597388247826
2023-04-04,X000983.SZ,0.119248718969521
2023-04-06,X000301.SZ,0.115312324602456
2023-04-07,X000301.SZ,0.110654540672896
2023-04-10,X000301.SZ,0.119104699373963
2023-04-11,X000301.SZ,0.110800120518154
2023-04-12,X000983.SZ,0.0936147607420699
2023-04-13,X600362.SH,0.108751881029613
2023-04-14,X600362.SH,0.0993405513507914
2023-04-17,X600219.SH,0.102697881085472
2023-04-18,X600362.SH,0.11023841729942
2023-04-19,X000301.SZ,0.114368460545096
2023-04-20,X600309.SH,0.103394075805909
2023-04-21,X000932.SZ,0.0908085903082995
2023-04-24,X000983.SZ,0.0954546566433758
2023-04-25,X000792.SZ,0.122927953050832
2023-04-26,X600010.SH,0.101665417972831
2023-04-27,X000629.SZ,0.103625952975185
2023-04-28,X000932.SZ,0.0961471378389196
2023-05-04,X000629.SZ,0.107546450781956
2023-05-05,X000629.SZ,0.100600256898265
2023-05-08,X000629.SZ,0.102631442787741
2023-05-09,X000629.SZ,0.108458610334898
2023-05-10,X600010.SH,0.117563715327081
2023-05-11,X600010.SH,0.115089092804768
2023-05-12,X600010.SH,0.115695817648056
2023-05-15,X000629.SZ,0.111458546795838
2023-05-16,X000629.SZ,0.123310903998386
2023-05-17,X000629.SZ,0.138788954628495
2023-05-18,X000629.SZ,0.111202022902748
2023-05-19,X000629.SZ,0.109152319829153
2023-05-22,X000629.SZ,0.100993075986134
2023-05-23,X002460.SZ,0.109716907143349
2023-05-24,X000792.SZ,0.11569576048417
2023-05-25,X000792.SZ,0.102035101556758
2023-05-26,X002080.SZ,0.100494658928029
2023-05-29,X000629.SZ,0.0933161300539699
2023-05-30,X000629.SZ,0.0919297439974694
2023-05-31,X600219.SH,0.100360765978684
2023-06-01,X600362.SH,0.0992420533673042
2023-06-02,X600010.SH,0.0936118498450797
2023-06-05,X600362.SH,0.10408100860895
2023-06-06,X002460.SZ,0.12108440466364
2023-06-07,X600362.SH,0.096425123276804
2023-06-08,X600362.SH,0.091554154414327
2023-06-09,X000027.SZ,0.0932346909614544
2023-06-12,X600010.SH,0.102037394285461
2023-06-13,X002460.SZ,0.0925223775315544
2023-06-14,X002460.SZ,0.0982480234686311
2023-06-15,X601699.SH,0.0913420039063222
2023-06-16,X000807.SZ,0.0972868729873723
2023-06-19,X002460.SZ,0.132763735610551
2023-06-20,X002460.SZ,0.126172224058918
2023-06-21,X002460.SZ,0.126836414879363
2023-06-26,X002460.SZ,0.127723000869386
2023-06-27,X002460.SZ,0.116421856266139
2023-06-28,X002460.SZ,0.11697788451442
2023-06-29,X002460.SZ,0.109679282101106
2023-06-30,X002460.SZ,0.112290745775342
2023-07-03,X002460.SZ,0.117662952039364
2023-07-04,X002460.SZ,0.114159994403848
2023-07-05,X000877.SZ,0.113627281921028
2023-07-06,X002460.SZ,0.110967856600728
2023-07-07,X000807.SZ,0.0992622217767374
2023-07-10,X000807.SZ,0.0998223335801409
2023-07-11,X000807.SZ,0.109504071643167
2023-07-12,X002460.SZ,0.100085741662052
2023-07-13,X000807.SZ,0.107736726747969
2023-07-14,X000630.SZ,0.10252172740088
2023-07-17,X002460.SZ,0.101233748145561
2023-07-18,X002460.SZ,0.103059365172086
2023-07-19,X000630.SZ,0.102415803189097
2023-07-20,X000630.SZ,0.100764070706176
2023-07-21,X000630.SZ,0.100021235126693
2023-07-24,X000630.SZ,0.0960864273169373
2023-07-25,X000630.SZ,0.096037109719059
2023-07-26,X000630.SZ,0.0984971878761888
2023-07-27,X000630.SZ,0.101147230459897
2023-07-28,X600362.SH,0.0872695770383764
2023-07-31,X000630.SZ,0.084650724368818
2023-08-01,X600362.SH,0.0898460178826028
2023-08-02,X600362.SH,0.0914767398444366
2023-08-03,X000630.SZ,0.10160670359942
2023-08-04,X000630.SZ,0.0996489190354928
2023-08-07,X000630.SZ,0.100865018010885
2023-08-08,X000630.SZ,0.100901145569685
2023-08-09,X000723.SZ,0.0786352803434461
2023-08-10,X000723.SZ,0.0763831755615352
2023-08-11,X600011.SH,0.0903069800905662
2023-08-14,X002460.SZ,0.0786925488592618
2023-08-15,X600011.SH,0.0787547048652358
2023-08-16,X000630.SZ,0.0841199315384325
2023-08-17,X600362.SH,0.0724224966190762
2023-08-18,X000630.SZ,0.0706499263351666
2023-08-21,X600011.SH,0.0706337674678557
2023-08-22,X600011.SH,0.0809827132638033
2023-08-23,X600362.SH,0.0738629147832953
2023-08-24,X000630.SZ,0.0695251635496854
2023-08-25,X600362.SH,0.0763336792823676
2023-08-28,X600362.SH,0.0758855579325375
2023-08-29,X600010.SH,0.0884139378056419
2023-08-30,X600010.SH,0.0776838503727644
2023-08-31,X600309.SH,0.0838206676107186
2023-09-01,X002466.SZ,0.0854690223068604
2023-09-04,X601088.SH,0.0822760119927278
2023-09-05,X002466.SZ,0.0870378354877678
2023-09-06,X600010.SH,0.0798748272573045
2023-09-07,X000708.SZ,0.0822332005310097
2023-09-08,X000708.SZ,0.0752572216711445
2023-09-11,X600010.SH,0.0774206939555832
2023-09-12,X000708.SZ,0.0770497048162484
2023-09-13,X000708.SZ,0.0765647276245461
2023-09-14,X002460.SZ,0.0785610185690356
2023-09-15,X601600.SH,0.0742096935132222
2023-09-18,X002460.SZ,0.0756770816797799
2023-09-19,X600011.SH,0.0824016025199603
2023-09-20,X000708.SZ,0.0733989238787604
2023-09-21,X601168.SH,0.0809564732034765
2023-09-22,X601600.SH,0.0746127382146166
2023-09-25,X600011.SH,0.0797664740813698
2023-09-26,X601168.SH,0.0797472458149456
2023-09-27,X600011.SH,0.0773989486148111
2023-09-28,X000301.SZ,0.066220433538108
2023-10-09,X600886.SH,0.0737200069055961
2023-10-10,X600886.SH,0.0729218428771599
2023-10-11,X600886.SH,0.0713249191485313
2023-10-12,X601088.SH,0.0743123852408231
2023-10-13,X600886.SH,0.0664669593486618
2023-10-16,X002460.SZ,0.067818503155113
2023-10-17,X600801.SH,0.0663255120931674
2023-10-18,X000792.SZ,0.0687959718468928
2023-10-19,X000792.SZ,0.0816467866209912
2023-10-20,X601088.SH,0.0760566639175212
2023-10-23,X601898.SH,0.0801775312176187
2023-10-24,X601898.SH,0.0793354737449578
2023-10-25,X000792.SZ,0.0907432300465371
2023-10-26,X000792.SZ,0.0915465608361791
2023-10-27,X000792.SZ,0.0917164170386641
2023-10-30,X000792.SZ,0.0845915789626748
2023-10-31,X000792.SZ,0.0942481664256302
2023-11-01,X000792.SZ,0.0858951672730649
2023-11-02,X600219.SH,0.088820118495963
2023-11-03,X601898.SH,0.074622198444464
2023-11-06,X601898.SH,0.0778386166731047
2023-11-07,X002466.SZ,0.0793113149668689
2023-11-08,X000792.SZ,0.0808079885842997
2023-11-09,X000792.SZ,0.087139645106084
2023-11-10,X002466.SZ,0.0831607768824571
2023-11-13,X002466.SZ,0.0797650832103582
2023-11-14,X002466.SZ,0.0751941675752378
2023-11-15,X000792.SZ,0.0866389602524203
2023-11-16,X000792.SZ,0.0850290131899608
2023-11-17,X002466.SZ,0.086496588989592
2023-11-20,X002466.SZ,0.0853080368430161
2023-11-21,X600010.SH,0.0920400501694452
2023-11-22,X002466.SZ,0.0869850279024345
2023-11-23,X002466.SZ,0.0903677556739548
2023-11-24,X002466.SZ,0.085671684309732
2023-11-27,X002466.SZ,0.0852942321985202
2023-11-28,X600688.SH,0.0853086652125073
2023-11-29,X002466.SZ,0.0809286576824707
2023-11-30,X601898.SH,0.084306639345169
2023-12-01,X002466.SZ,0.0813956720580279
2023-12-04,X002466.SZ,0.0795831643386868
2023-12-05,X600188.SH,0.08812480615365
2023-12-06,X601699.SH,0.0909800369105869
2023-12-07,X601699.SH,0.0877038338438751
2023-12-08,X601898.SH,0.0842462109893988
2023-12-11,X002466.SZ,0.10034984581693
2023-12-12,X002466.SZ,0.0934899772327175
2023-12-13,X601898.SH,0.0834071249798685
2023-12-14,X601898.SH,0.0801950318459795
2023-12-15,X600219.SH,0.0797135888147616
2023-12-18,X601898.SH,0.0891254864427718
2023-12-19,X601898.SH,0.0934066207162482
2023-12-20,X000629.SZ,0.0786382143151762
2023-12-21,X601898.SH,0.0888174286234522
2023-12-22,X600995.SH,0.0869034365489996
2023-12-25,X601898.SH,0.0815202759264392
2023-12-26,X601898.SH,0.0796494147204977
2023-12-27,X601898.SH,0.0741613324637621
2023-12-28,X601898.SH,0.0811829740761043
2023-12-29,X601898.SH,0.088748482801989
2024-01-02,X600348.SH,0.085598710240196
2024-01-03,X600348.SH,0.0864635683342465
2024-01-04,X601898.SH,0.0824513809847883
2024-01-05,X601898.SH,0.079375873027618
2024-01-08,X600188.SH,0.0794814319871893
2024-01-09,X600362.SH,0.161530458830737
2024-01-10,X600188.SH,0.0944823739276242
2024-01-11,X600886.SH,0.0824887259893848
2024-01-12,X600188.SH,0.0844464355782591
2024-01-15,X600188.SH,0.0901892987463219
2024-01-16,X600188.SH,0.0848045071233263
2024-01-17,X600795.SH,0.0793651591866896
2024-01-18,X600348.SH,0.0790768852677756
2024-01-19,X600547.SH,0.0847434186069352
2024-01-22,X600157.SH,0.0864166266084127
2024-01-23,X600219.SH,0.0983570394557065
2024-01-24,X000630.SZ,0.0985422983637941
2024-01-25,X600795.SH,0.0960835312696945
2024-01-26,X002128.SZ,0.091856234717635
2024-01-29,X002128.SZ,0.096613041272287
2024-01-30,X600157.SH,0.103529497199608
2024-01-31,X600612.SH,0.119325899503329
2024-02-01,X600157.SH,0.110730648099389
2024-02-02,X600157.SH,0.10912389006423
2024-02-05,X002128.SZ,0.0982621287417119
2024-02-06,X600489.SH,0.109355112357787
2024-02-07,X002128.SZ,0.0991233659165606
2024-02-08,X601600.SH,0.11364651054911
2024-02-19,X002128.SZ,0.106775231974061
2024-02-20,X000408.SZ,0.110218838169254
2024-02-21,X000408.SZ,0.110860158124867
2024-02-22,X000408.SZ,0.111029870102692
2024-02-23,X600111.SH,0.118334353231351
2024-02-26,X000933.SZ,0.11720934628104
2024-02-27,X000933.SZ,0.109193994478478
2024-02-28,X000933.SZ,0.112670819408322
2024-02-29,X600348.SH,0.111730216843691
2024-03-01,X000708.SZ,0.119088869559185
2024-03-04,X600362.SH,0.122946916825711
2024-03-05,X601666.SH,0.108601570386231
2024-03-06,X601666.SH,0.114285369273297
2024-03-07,X002128.SZ,0.115898432954422
2024-03-08,X002128.SZ,0.114751592478876
2024-03-11,X000792.SZ,0.104824499562011
2024-03-12,X600362.SH,0.123991450204725
2024-03-13,X000807.SZ,0.0895202831057002
2024-03-14,X000883.SZ,0.116985966276637
2024-03-15,X002128.SZ,0.119817528483956
2024-03-18,X002128.SZ,0.126458219807674
2024-03-19,X600188.SH,0.113206805153795
2024-03-20,X002128.SZ,0.104482233175028
2024-03-21,X002128.SZ,0.116193882446232
2024-03-22,X000933.SZ,0.11587782543262
2024-03-25,X002128.SZ,0.0999350800626756
2024-03-26,X000933.SZ,0.101420487843396
2024-03-27,X600886.SH,0.0980896742547169
2024-03-28,X600295.SH,0.109036211068082
2024-03-29,X002128.SZ,0.121752735462912
2024-04-01,X600011.SH,0.105677347189099
2024-04-02,X600219.SH,0.112377698643251
2024-04-03,X600111.SH,0.126239512538764
2024-04-08,X000792.SZ,0.100178874232586
2024-04-09,X002128.SZ,0.14337940766174
2024-04-10,X002128.SZ,0.13796644254832
2024-04-11,X002128.SZ,0.114676895778776
2024-04-12,X000630.SZ,0.11530787352351
2024-04-15,X002460.SZ,0.11779135324228
2024-04-16,X000807.SZ,0.105793488405552
2024-04-17,X000807.SZ,0.115409664475016
2024-04-18,X600188.SH,0.121039053572801
2024-04-19,X600219.SH,0.116408134267804
2024-04-22,X002128.SZ,0.117392082929488
2024-04-23,X000792.SZ,0.112216549695932
2024-04-24,X002128.SZ,0.131620527330626
2024-04-25,X002128.SZ,0.14992175820082
2024-04-26,X600985.SH,0.150434797829762
2024-04-29,X002128.SZ,0.146042842003385
2024-04-30,X002460.SZ,0.118653748882456
2024-05-06,X601168.SH,0.141233823283783
2024-05-07,X002460.SZ,0.131917010920665
2024-05-08,X601088.SH,0.145006087632761
2024-05-09,X601088.SH,0.144565443726394
2024-05-10,X601088.SH,0.154478262193696
2024-05-13,X601088.SH,0.148045116589038
2024-05-14,X601088.SH,0.112755452357815
2024-05-15,X600886.SH,0.111238048461549
2024-05-16,X601088.SH,0.146616534261371
2024-05-17,X600188.SH,0.11200804086018
2024-05-20,X600188.SH,0.1142776365204
2024-05-21,X601088.SH,0.135131873420775
2024-05-22,X601088.SH,0.145513100875386
2024-05-23,X000027.SZ,0.111953185810406
2024-05-24,X000027.SZ,0.131343336493787
2024-05-27,X600489.SH,0.123085817746962
2024-05-28,X000027.SZ,0.115747484897975
2024-05-29,X000027.SZ,0.111875536332938
2024-05-30,X000807.SZ,0.106329349518433
2024-05-31,X000027.SZ,0.117552416457514
2024-06-03,X000027.SZ,0.108143021025522
2024-06-04,X000027.SZ,0.10573071530545
2024-06-05,X000301.SZ,0.110114414533714
2024-06-06,X600027.SH,0.0988293650764424
2024-06-07,X601898.SH,0.115380679396084
2024-06-11,X002460.SZ,0.111375235647106
2024-06-12,X601699.SH,0.111522878389284
2024-06-13,X002460.SZ,0.109680464402976
2024-06-14,X601699.SH,0.108623102259954
2024-06-17,X002460.SZ,0.0975137584168911
2024-06-18,X000027.SZ,0.093295990671692
2024-06-19,X600219.SH,0.114738742974864
2024-06-20,X000792.SZ,0.107401384659305
2024-06-21,X000708.SZ,0.155704377543102
2024-06-24,X600219.SH,0.101576047070637
2024-06-25,X601898.SH,0.106400488532147
2024-06-26,X601898.SH,0.0931969570432348
2024-06-27,X002271.SZ,0.115478406738207
2024-06-28,X600027.SH,0.101019596091972
2024-07-01,X600027.SH,0.107430373183682
2024-07-02,X000027.SZ,0.106200287677968
2024-07-03,X600282.SH,0.110066904311151
2024-07-04,X600282.SH,0.103597065387099
2024-07-05,X601898.SH,0.0966695910003187
2024-07-08,X601699.SH,0.0965926884538471
2024-07-09,X601898.SH,0.127333470633543
2024-07-10,X600219.SH,0.116615368064126
2024-07-11,X000933.SZ,0.102389246252645
2024-07-12,X600219.SH,0.124795375799223
2024-07-15,X000933.SZ,0.122726677726779
2024-07-16,X000983.SZ,0.1027726580623
2024-07-17,X000983.SZ,0.114454266224483
2024-07-18,X600219.SH,0.11547208521342
2024-07-19,X000933.SZ,0.100373104622714
2024-07-22,X600011.SH,0.112790339895272
2024-07-23,X601898.SH,0.154467497371086
2024-07-24,X000983.SZ,0.0957609059647644
2024-07-25,X000983.SZ,0.0881776969128454
2024-07-26,X600011.SH,0.0910193957460255
2024-07-29,X600011.SH,0.116902408848848
2024-07-30,X600309.SH,0.121086578115452
2024-07-31,X600309.SH,0.120335004421452
2024-08-01,X601991.SH,0.104151735726463
2024-08-02,X600362.SH,0.094921354423378
2024-08-05,X601898.SH,0.107969839686477
2024-08-06,X000933.SZ,0.0971779272293468
2024-08-07,X601600.SH,0.092052287202487
2024-08-08,X600096.SH,0.0946151098557537
2024-08-09,X600362.SH,0.0949175181028428
2024-08-12,X601898.SH,0.106532490135712
2024-08-13,X600362.SH,0.0978645854073665
2024-08-14,X601898.SH,0.0977851409194432
2024-08-15,X601898.SH,0.0880400947607436
2024-08-16,X600362.SH,0.0924377408426562
2024-08-19,X600426.SH,0.0944789803768428
2024-08-20,X601898.SH,0.102449714334106
2024-08-21,X600985.SH,0.105143498136644
2024-08-22,X002353.SZ,0.0931999595389309
2024-08-23,X600985.SH,0.0931612686415569
2024-08-26,X600985.SH,0.0976953877103647
2024-08-27,X600863.SH,0.117270869498747
2024-08-28,X600362.SH,0.12411236842675
2024-08-29,X600362.SH,0.102651656291619
2024-08-30,X601600.SH,0.131013675844551
2024-09-02,X601600.SH,0.106221387574083
2024-09-03,X601857.SH,0.107588273294877
2024-09-04,X601600.SH,0.13540711235413
2024-09-05,X601600.SH,0.118233702040086
2024-09-06,X000933.SZ,0.102122978387857
2024-09-09,X000630.SZ,0.096200295223569
2024-09-10,X601600.SH,0.109910749403462
2024-09-11,X000408.SZ,0.10980245482067
2024-09-12,X601600.SH,0.101236216827437
2024-09-13,X601600.SH,0.0991431186269147
2024-09-18,X601600.SH,0.114883877212357
2024-09-19,X600795.SH,0.0999265354241042
2024-09-20,X000807.SZ,0.10603014767451
2024-09-23,X000807.SZ,0.102754100459894
2024-09-24,X601600.SH,0.158040305495987
2024-09-25,X601600.SH,0.105792253541465
2024-09-26,X601600.SH,0.160576248429269
2024-09-27,X601600.SH,0.150288466389021
2024-09-30,X601600.SH,0.162161576119721
2024-10-08,X000708.SZ,0.106696096105063
2024-10-09,X600219.SH,0.178469960976289
2024-10-10,X600362.SH,0.163404129624666
2024-10-11,X600219.SH,0.171559702204426
2024-10-14,X600219.SH,0.195228677980118
2024-10-15,X000630.SZ,0.209127213717168
2024-10-16,X000630.SZ,0.176147326228808
2024-10-17,X600362.SH,0.178825751431643
2024-10-18,X000807.SZ,0.178751566380417
2024-10-21,X600219.SH,0.203711770024705
2024-10-22,X000630.SZ,0.182548662489363
2024-10-23,X000807.SZ,0.19659967140457
2024-10-24,X000630.SZ,0.189150492853442
2024-10-25,X600362.SH,0.176078372191364
2024-10-28,X600362.SH,0.173018567604519
2024-10-29,X000983.SZ,0.159900512472091
2024-10-30,X600352.SH,0.164313970156868
2024-10-31,X000630.SZ,0.175524252140349
2024-11-01,X600219.SH,0.1797862651671
2024-11-04,X600219.SH,0.180116390723914
2024-11-05,X600352.SH,0.181820388737203
2024-11-06,X000831.SZ,0.181319310887729
2024-11-07,X600352.SH,0.186013737215069
2024-11-08,X600352.SH,0.177788224862892
2024-11-11,X000933.SZ,0.204343949158494
2024-11-12,X000708.SZ,0.166777333797765
2024-11-13,X600157.SH,0.192437414591668
2024-11-14,X000983.SZ,0.175618385392584
2024-11-15,X000983.SZ,0.17284173107237
2024-11-18,X000983.SZ,0.170073663225723
2024-11-19,X600352.SH,0.184464591305407
2024-11-20,X600309.SH,0.181929965036627
2024-11-21,X600309.SH,0.187795614773647
2024-11-22,X601699.SH,0.183883268603687
2024-11-25,X000983.SZ,0.179701125278736
2024-11-26,X600111.SH,0.229532220387877
2024-11-27,X600019.SH,0.210185351352305
2024-11-28,X601699.SH,0.1896258890478
2024-11-29,X601699.SH,0.182218252708331
2024-12-02,X600426.SH,0.209383873034191
2024-12-03,X601699.SH,0.187968842625824
2024-12-04,X000983.SZ,0.196208207625275
2024-12-05,X000983.SZ,0.196127271403535
2024-12-06,X000983.SZ,0.195718107462859
2024-12-09,X000983.SZ,0.20953829369072
2024-12-10,X000983.SZ,0.193150981864931
2024-12-11,X000983.SZ,0.205411705338961
2024-12-12,X000983.SZ,0.203098418694833
2024-12-13,X000983.SZ,0.207581163909519
2024-12-16,X600352.SH,0.182063759366074
2024-12-17,X600176.SH,0.182004802902414
2024-12-18,X600309.SH,0.196310352023382
2024-12-19,X600426.SH,0.195807628993312
2024-12-20,X000630.SZ,0.180679973216574
2024-12-23,X000983.SZ,0.17750071380812
2024-12-24,X601991.SH,0.176997558987496
2024-12-25,X600176.SH,0.250347730693104
2024-12-26,X600309.SH,0.217409269060101
2024-12-27,X600688.SH,0.19506557602598
2024-12-30,X000630.SZ,0.193504485363181
2024-12-31,X000630.SZ,0.190295011414129
2025-01-02,X000630.SZ,0.186845941790155
2025-01-03,X600688.SH,0.169915044016812
2025-01-06,X601991.SH,0.171711750177098
2025-01-07,X600426.SH,0.129934860317515
2025-01-08,X000301.SZ,0.132622688432424
2025-01-09,X000630.SZ,0.129975500292617
2025-01-10,X600176.SH,0.124870476635989
2025-01-13,X601991.SH,0.105658084749793
2025-01-14,X000630.SZ,0.103645642236929
2025-01-15,X002466.SZ,0.110845884381292
2025-01-16,X600111.SH,0.134162236690414
2025-01-17,X000792.SZ,0.110196724071517
2025-01-20,X000792.SZ,0.130775168847853
2025-01-21,X000883.SZ,0.109620547418296
2025-01-22,X000792.SZ,0.125844459486209
2025-01-23,X600011.SH,0.114754733773519
2025-01-24,X600011.SH,0.112868091417308
2025-01-27,X600219.SH,0.120666209690338
