date,name,lambda
2014-10-15,X000761.SZ,0.0350847617527702
2014-10-16,X000761.SZ,0.0362084663884269
2014-10-17,X600010.SH,0.0312930183939874
2014-10-20,X600010.SH,0.0388135245898993
2014-10-21,X600010.SH,0.0246477477797348
2014-10-22,X002470.SZ,0.0315084232444668
2014-10-23,X000761.SZ,0.0316609201759205
2014-10-24,X600010.SH,0.0235808081037407
2014-10-27,X600010.SH,0.0244731069286089
2014-10-28,X600010.SH,0.0249960568830893
2014-10-29,X600352.SH,0.0390727138560564
2014-10-30,X600352.SH,0.0277755143166921
2014-10-31,X000831.SZ,0.0349616843242934
2014-11-03,X600315.SH,0.0372911678547357
2014-11-04,X600795.SH,0.0302070438796325
2014-11-05,X000831.SZ,0.0391015920958558
2014-11-06,X000831.SZ,0.0334536010171775
2014-11-07,X000831.SZ,0.035384975123978
2014-11-10,X000831.SZ,0.034178487389796
2014-11-11,X000831.SZ,0.0336731621440862
2014-11-12,X600011.SH,0.0361049900281625
2014-11-13,X600011.SH,0.0417846495599262
2014-11-14,X000831.SZ,0.0350945978863795
2014-11-17,X600010.SH,0.0350184100296487
2014-11-18,X600010.SH,0.0405155892456868
2014-11-19,X600010.SH,0.0353860401195584
2014-11-20,X600352.SH,0.0391263368302917
2014-11-21,X600352.SH,0.0347590502416354
2014-11-24,X600010.SH,0.0350866186896502
2014-11-25,X600010.SH,0.0390615756733302
2014-11-26,X600315.SH,0.0403713910323273
2014-11-27,X000831.SZ,0.0306914667243125
2014-11-28,X002353.SZ,0.032967435324685
2014-12-01,X600352.SH,0.0364279925357277
2014-12-02,X000960.SZ,0.0424318962351447
2014-12-03,X600019.SH,0.0415470277218763
2014-12-04,X600019.SH,0.0424007857977778
2014-12-05,X000629.SZ,0.0389266710653422
2014-12-08,X000883.SZ,0.0497794779966694
2014-12-09,X600309.SH,0.0377265433843554
2014-12-10,X000883.SZ,0.0394727158823555
2014-12-11,X000629.SZ,0.0385513437922834
2014-12-12,X000792.SZ,0.0515200009294138
2014-12-15,X600188.SH,0.0368245407360438
2014-12-16,X000629.SZ,0.0404796469725708
2014-12-17,X000629.SZ,0.0457900460016217
2014-12-18,X000629.SZ,0.0423591968901504
2014-12-19,X000629.SZ,0.043400296244727
2014-12-22,X000883.SZ,0.0364236685729918
2014-12-23,X600660.SH,0.0474058757769637
2014-12-24,X600352.SH,0.0424677632952327
2014-12-25,X600352.SH,0.0426249060909038
2014-12-26,X600352.SH,0.0432793364335192
2014-12-29,X600352.SH,0.0505330541730591
2014-12-30,X600315.SH,0.046787846309069
2014-12-31,X000883.SZ,0.052831693959535
2015-01-05,X600309.SH,0.0586623997376528
2015-01-06,X600315.SH,0.0477082953380539
2015-01-07,X000883.SZ,0.0516487129591569
2015-01-08,X000883.SZ,0.0519966194002684
2015-01-09,X000883.SZ,0.0537545044453644
2015-01-12,X000883.SZ,0.0542364395835726
2015-01-13,X000883.SZ,0.0477440127089223
2015-01-14,X000883.SZ,0.0425965520334416
2015-01-15,X000883.SZ,0.0490639349625309
2015-01-16,X600315.SH,0.0500809201450792
2015-01-19,X600315.SH,0.0484989371985023
2015-01-20,X600315.SH,0.0510276585207559
2015-01-21,X000883.SZ,0.054601287658678
2015-01-22,X600315.SH,0.0421152460940438
2015-01-23,X600315.SH,0.0525439250698626
2015-01-26,X600315.SH,0.0522199809683637
2015-01-27,X002470.SZ,0.0664447738046324
2015-01-28,X600315.SH,0.0569290882048391
2015-01-29,X600307.SH,0.0658797258384716
2015-01-30,X600307.SH,0.0687318909317088
2015-02-02,X600315.SH,0.0536850154062775
2015-02-03,X600315.SH,0.0525613693557382
2015-02-04,X600315.SH,0.0497310182342162
2015-02-05,X600315.SH,0.0513076831493286
2015-02-06,X600315.SH,0.0529818578927809
2015-02-09,X600315.SH,0.0549966377327801
2015-02-10,X600315.SH,0.059592148294122
2015-02-11,X600315.SH,0.0519206712827195
2015-02-12,X600315.SH,0.0555032792640961
2015-02-13,X600315.SH,0.0534998404302916
2015-02-16,X600315.SH,0.055251483200144
2015-02-17,X600315.SH,0.0610924229460628
2015-02-25,X600315.SH,0.0575611424373493
2015-02-26,X600352.SH,0.0635104344491579
2015-02-27,X600315.SH,0.0598994075333726
2015-03-02,X600315.SH,0.056863251551861
2015-03-03,X600315.SH,0.0651425776169472
2015-03-04,X600315.SH,0.0551148932400767
2015-03-05,X600315.SH,0.0582978109973526
2015-03-06,X600315.SH,0.0551664769851981
2015-03-09,X002353.SZ,0.0673633600717836
2015-03-10,X600352.SH,0.0708691443888857
2015-03-11,X600098.SH,0.0677429273355662
2015-03-12,X600315.SH,0.0547254776581652
2015-03-13,X002470.SZ,0.0539671842915964
2015-03-16,X002470.SZ,0.0583721140255124
2015-03-17,X000831.SZ,0.0543464423639052
2015-03-18,X002470.SZ,0.053593051579109
2015-03-19,X002470.SZ,0.0542679531673429
2015-03-20,X002470.SZ,0.0472960663774042
2015-03-23,X600315.SH,0.0409385545543316
2015-03-24,X002353.SZ,0.0527247966413518
2015-03-25,X000792.SZ,0.0637186800185121
2015-03-26,X000792.SZ,0.0489515019524522
2015-03-27,X600547.SH,0.0561527066420353
2015-03-30,X600547.SH,0.0503492610683858
2015-03-31,X600547.SH,0.0490112098092981
2015-04-01,X600547.SH,0.0505392412950576
2015-04-02,X002353.SZ,0.0459713281587138
2015-04-03,X600547.SH,0.0423761649550977
2015-04-07,X002353.SZ,0.0585761794835779
2015-04-08,X600547.SH,0.0385597892284885
2015-04-09,X600547.SH,0.0501986340229513
2015-04-10,X600547.SH,0.0332285855899495
2015-04-13,X002353.SZ,0.0368965307559449
2015-04-14,X600547.SH,0.0473937258005329
2015-04-15,X002353.SZ,0.0521260030072545
2015-04-16,X002353.SZ,0.0574787395721584
2015-04-17,X600547.SH,0.0537491089936611
2015-04-20,X600549.SH,0.0577874646538658
2015-04-21,X002353.SZ,0.0605826980026717
2015-04-22,X600688.SH,0.0629289297253049
2015-04-23,X002353.SZ,0.060641138112687
2015-04-24,X600547.SH,0.0354916813244157
2015-04-27,X600157.SH,0.0503149733376578
2015-04-28,X600688.SH,0.0376748969561308
2015-04-29,X000630.SZ,0.0459979788603442
2015-04-30,X000012.SZ,0.0462927764477683
2015-05-04,X600157.SH,0.0548278877113266
2015-05-05,X600021.SH,0.0516848856635481
2015-05-06,X000012.SZ,0.0518773032892854
2015-05-07,X600157.SH,0.0591527154973879
2015-05-08,X000012.SZ,0.0470508752367969
2015-05-11,X600157.SH,0.054679789653226
2015-05-12,X600549.SH,0.0539572567354834
2015-05-13,X600549.SH,0.0603237261663561
2015-05-14,X600795.SH,0.0626540931950752
2015-05-15,X000012.SZ,0.0463204948282549
2015-05-18,X000012.SZ,0.0495086013063262
2015-05-19,X000012.SZ,0.0412313845374637
2015-05-20,X600549.SH,0.055576366959369
2015-05-21,X000012.SZ,0.0604616109204925
2015-05-22,X000012.SZ,0.052057118495607
2015-05-25,X000012.SZ,0.0498194883048911
2015-05-26,X000012.SZ,0.0565545658537152
2015-05-27,X002075.SZ,0.0545358994882492
2015-05-28,X000012.SZ,0.0740676613473005
2015-05-29,X002075.SZ,0.0761834113226679
2015-06-01,X002353.SZ,0.0823976602336033
2015-06-02,X002353.SZ,0.0826531032072414
2015-06-03,X002004.SZ,0.0567860415953673
2015-06-04,X002353.SZ,0.0848678603402804
2015-06-05,X002353.SZ,0.0861263410476488
2015-06-08,X600585.SH,0.0922975946435381
2015-06-09,X600585.SH,0.085221656265076
2015-06-10,X601158.SH,0.0713114777416742
2015-06-11,X600549.SH,0.0861744903521936
2015-06-12,X601158.SH,0.0868958653362135
2015-06-15,X600157.SH,0.0872643430763548
2015-06-16,X002004.SZ,0.0721961290578927
2015-06-17,X600157.SH,0.0969169215965635
2015-06-18,X600623.SH,0.0782942367477733
2015-06-19,X600585.SH,0.0729192445110712
2015-06-23,X600623.SH,0.079145928065037
2015-06-24,X000792.SZ,0.0979344016238414
2015-06-25,X002470.SZ,0.0949369109353921
2015-06-26,X002075.SZ,0.105894011056675
2015-06-29,X002075.SZ,0.0980927268741629
2015-06-30,X002075.SZ,0.0959210047854046
2015-07-01,X002075.SZ,0.103912424354335
2015-07-02,X002075.SZ,0.0916161257651399
2015-07-03,X002075.SZ,0.0861394271178762
2015-07-06,X600583.SH,0.0909753003356572
2015-07-07,X000878.SZ,0.0915618698420737
2015-07-08,X000878.SZ,0.101640669143089
2015-07-09,X002075.SZ,0.090882754872388
2015-07-10,X002075.SZ,0.0946322739650263
2015-07-13,X000792.SZ,0.104324720516683
2015-07-14,X002075.SZ,0.0953301228931825
2015-07-15,X002353.SZ,0.103601902986639
2015-07-16,X600886.SH,0.104708797502545
2015-07-17,X600309.SH,0.099064278655522
2015-07-20,X000709.SZ,0.0991210051364333
2015-07-21,X000959.SZ,0.0756762167012151
2015-07-22,X002353.SZ,0.0861331639569922
2015-07-23,X600309.SH,0.099319443271205
2015-07-24,X002353.SZ,0.0923324286923934
2015-07-27,X002075.SZ,0.0920685839185243
2015-07-28,X002075.SZ,0.0684504413348785
2015-07-29,X002075.SZ,0.0784772223329691
2015-07-30,X002075.SZ,0.0840328634676517
2015-07-31,X002075.SZ,0.078521346396
2015-08-03,X002075.SZ,0.081030398466526
2015-08-04,X000539.SZ,0.0831863955636579
2015-08-05,X601918.SH,0.106141778001608
2015-08-06,X600315.SH,0.0732979084468293
2015-08-07,X600315.SH,0.081727034896303
2015-08-10,X601898.SH,0.084777348788595
2015-08-11,X601898.SH,0.0838842140433825
2015-08-12,X002075.SZ,0.0865864019265177
2015-08-13,X002075.SZ,0.094222636146436
2015-08-14,X600160.SH,0.0830879510043027
2015-08-17,X002075.SZ,0.0672018904182116
2015-08-18,X600160.SH,0.0908281061174806
2015-08-19,X002075.SZ,0.0972695587735242
2015-08-20,X601857.SH,0.125858711787333
2015-08-21,X002353.SZ,0.0842477047488337
2015-08-24,X002470.SZ,0.0950021619406138
2015-08-25,X002470.SZ,0.0956190854318264
2015-08-26,X600160.SH,0.0933677996120409
2015-08-27,X600886.SH,0.0939698805115077
2015-08-28,X600886.SH,0.103918865101686
2015-08-31,X600688.SH,0.0905191470489101
2015-09-01,X000709.SZ,0.0719581016508389
2015-09-02,X000709.SZ,0.0605519849671873
2015-09-07,X000539.SZ,0.0887470660300416
2015-09-08,X000709.SZ,0.0656933003369022
2015-09-09,X000878.SZ,0.0780228196484021
2015-09-10,X600886.SH,0.100503167788549
2015-09-11,X000709.SZ,0.0608363741587957
2015-09-14,X000709.SZ,0.0584228151114132
2015-09-15,X601857.SH,0.0990472215349985
2015-09-16,X000539.SZ,0.0964695831085741
2015-09-17,X000709.SZ,0.0607649020612937
2015-09-18,X000709.SZ,0.0538814847290905
2015-09-21,X000709.SZ,0.131561161893354
2015-09-22,X002470.SZ,0.113998890202859
2015-09-23,X600886.SH,0.0954937190420734
2015-09-24,X000709.SZ,0.0918474109930065
2015-09-25,X000539.SZ,0.0777891738300186
2015-09-28,X000539.SZ,0.0860889508669271
2015-09-29,X600886.SH,0.0766873910952493
2015-09-30,X600886.SH,0.0590336347714192
2015-10-08,X600886.SH,0.0524168692643846
2015-10-09,X600886.SH,0.078727524930832
2015-10-12,X002353.SZ,0.073673521203264
2015-10-13,X600886.SH,0.0742662965354356
2015-10-14,X600886.SH,0.0408885192024228
2015-10-15,X600886.SH,0.0420011288745118
2015-10-16,X002353.SZ,0.0613681416852999
2015-10-19,X002353.SZ,0.0725595009093656
2015-10-20,X000709.SZ,0.0610246449642156
2015-10-21,X000709.SZ,0.0688229814411358
2015-10-22,X600886.SH,0.0637253358441917
2015-10-23,X600886.SH,0.0611314170737051
2015-10-26,X600886.SH,0.0724472921201794
2015-10-27,X600886.SH,0.0613989697044056
2015-10-28,X600886.SH,0.0335459395852904
2015-10-29,X600886.SH,0.0363483768775223
2015-10-30,X600886.SH,0.0345268292976066
2015-11-02,X600886.SH,0.0405847432049799
2015-11-03,X600886.SH,0.0401745336834583
2015-11-04,X600886.SH,0.0370325123137365
2015-11-05,X600886.SH,0.04931529613805
2015-11-06,X000630.SZ,0.0696228858882551
2015-11-09,X600886.SH,0.0667762979111355
2015-11-10,X600886.SH,0.0391825465036099
2015-11-11,X600886.SH,0.0415221022302568
2015-11-12,X600886.SH,0.0489897087926343
2015-11-13,X600886.SH,0.0483801267170951
2015-11-16,X600886.SH,0.04344379890352
2015-11-17,X600886.SH,0.0413189611337633
2015-11-18,X600886.SH,0.0354041999235581
2015-11-19,X600886.SH,0.0465693421929329
2015-11-20,X600886.SH,0.0530637449424243
2015-11-23,X600886.SH,0.0479715037261792
2015-11-24,X600886.SH,0.0497830879105244
2015-11-25,X600886.SH,0.0474584484347592
2015-11-26,X600886.SH,0.0496510878920523
2015-11-27,X600886.SH,0.050923833229168
2015-11-30,X600886.SH,0.0570588730252852
2015-12-01,X002466.SZ,0.0787091334988425
2015-12-02,X600299.SH,0.0461576239853567
2015-12-03,X002466.SZ,0.0466497054443041
2015-12-04,X002466.SZ,0.0445944177012237
2015-12-07,X600886.SH,0.0471787912702439
2015-12-08,X600886.SH,0.0428932567991064
2015-12-09,X002466.SZ,0.0441737933176576
2015-12-10,X600886.SH,0.0391817294669816
2015-12-11,X600886.SH,0.0360440481793759
2015-12-14,X600886.SH,0.0422943805552174
2015-12-15,X000630.SZ,0.057256103503665
2015-12-16,X600886.SH,0.0459377093809352
2015-12-17,X600299.SH,0.0450575584869266
2015-12-18,X600886.SH,0.0535370252610706
2015-12-21,X000630.SZ,0.0461101634241149
2015-12-22,X600886.SH,0.0418811838391963
2015-12-23,X600886.SH,0.0426350686207642
2015-12-24,X000630.SZ,0.0405926215835166
2015-12-25,X000630.SZ,0.0468727098431658
2015-12-28,X000630.SZ,0.053388836685602
2015-12-29,X300072.SZ,0.0593294115268357
2015-12-30,X002466.SZ,0.0564764313344256
2015-12-31,X600160.SH,0.0505104147128362
2016-01-04,X600623.SH,0.053460714226002
2016-01-05,X002466.SZ,0.0505325674507935
2016-01-06,X600160.SH,0.0526343317211776
2016-01-07,X600299.SH,0.0524993394968075
2016-01-08,X002466.SZ,0.0671563441769418
2016-01-11,X000792.SZ,0.0570988633002592
2016-01-12,X600623.SH,0.0467753180836846
2016-01-13,X600547.SH,0.0604261094902409
2016-01-14,X600623.SH,0.054409858075584
2016-01-15,X600299.SH,0.0574870436721269
2016-01-18,X002466.SZ,0.0538062208765467
2016-01-19,X600547.SH,0.0542057821969327
2016-01-20,X600299.SH,0.0561048344969075
2016-01-21,X600299.SH,0.0575245914087807
2016-01-22,X002466.SZ,0.055666288349232
2016-01-25,X002466.SZ,0.039831817371105
2016-01-26,X002466.SZ,0.0398024113965808
2016-01-27,X002466.SZ,0.0550284863227703
2016-01-28,X002466.SZ,0.0442062131809239
2016-01-29,X002466.SZ,0.0472057708838461
2016-02-01,X002075.SZ,0.0741942512061723
2016-02-02,X002466.SZ,0.0442200864109073
2016-02-03,X002466.SZ,0.0580999592277388
2016-02-04,X002466.SZ,0.054389523608009
2016-02-05,X002466.SZ,0.0402832262441071
2016-02-15,X002466.SZ,0.0532510506682608
2016-02-16,X002466.SZ,0.0530911432887778
2016-02-17,X002466.SZ,0.0582802737707789
2016-02-18,X600610.SH,0.0693720858892737
2016-02-19,X002075.SZ,0.054529677711606
2016-02-22,X002466.SZ,0.0652055922447859
2016-02-23,X002466.SZ,0.0544201566915346
2016-02-24,X002466.SZ,0.0507179829564774
2016-02-25,X002466.SZ,0.0657864138173489
2016-02-26,X002466.SZ,0.0622862362605535
2016-02-29,X002466.SZ,0.0602106918233324
2016-03-01,X002075.SZ,0.0523572635493945
2016-03-02,X002075.SZ,0.0550437243625675
2016-03-03,X002075.SZ,0.0522465641565945
2016-03-04,X002075.SZ,0.0550746662941852
2016-03-07,X002075.SZ,0.057628024057833
2016-03-08,X002466.SZ,0.053442822144299
2016-03-09,X002466.SZ,0.0549961457081707
2016-03-10,X002075.SZ,0.0518118357323862
2016-03-11,X002075.SZ,0.0452788997390259
2016-03-14,X002075.SZ,0.0461666277915155
2016-03-15,X002075.SZ,0.0452400336101787
2016-03-16,X002075.SZ,0.0423900266509765
2016-03-17,X002075.SZ,0.0426310311846322
2016-03-18,X002075.SZ,0.0428652774484125
2016-03-21,X002075.SZ,0.0484296103910742
2016-03-22,X002075.SZ,0.0396951678952179
2016-03-23,X002075.SZ,0.0493257056503601
2016-03-24,X002075.SZ,0.0428334337026527
2016-03-25,X002075.SZ,0.0589648722278227
2016-03-28,X002075.SZ,0.0523520286683031
2016-03-29,X600578.SH,0.0755247930988613
2016-03-30,X002466.SZ,0.0745400061534212
2016-03-31,X002075.SZ,0.0648183784043095
2016-04-01,X002466.SZ,0.0598976439621557
2016-04-05,X002466.SZ,0.0524519914332671
2016-04-06,X002466.SZ,0.0628755164724083
2016-04-07,X600547.SH,0.0609573651625471
2016-04-08,X002075.SZ,0.0796923023309477
2016-04-11,X002466.SZ,0.0629697520398639
2016-04-12,X002466.SZ,0.0604895434306044
2016-04-13,X600362.SH,0.0625731205565625
2016-04-14,X600547.SH,0.0610597607206972
2016-04-15,X600623.SH,0.0663459675887964
2016-04-18,X600547.SH,0.0635100567843711
2016-04-19,X002466.SZ,0.0582922483395082
2016-04-20,X600623.SH,0.0851143600589297
2016-04-21,X600547.SH,0.0598638287182398
2016-04-22,X002466.SZ,0.0443254566320633
2016-04-25,X002407.SZ,0.053128931560178
2016-04-26,X002407.SZ,0.0498642348891962
2016-04-27,X002466.SZ,0.0579353018616765
2016-04-28,X002466.SZ,0.059209322506419
2016-04-29,X600623.SH,0.0622895649012828
2016-05-03,X002407.SZ,0.0449353107604009
2016-05-04,X002407.SZ,0.0497349716395532
2016-05-05,X002407.SZ,0.0455626679376157
2016-05-06,X600585.SH,0.0530609653622617
2016-05-09,X600549.SH,0.0636540081980572
2016-05-10,X000060.SZ,0.0468272747563481
2016-05-11,X002470.SZ,0.0533861517149038
2016-05-12,X600585.SH,0.0510688637718872
2016-05-13,X600585.SH,0.0514481043078797
2016-05-16,X600585.SH,0.0491493593714221
2016-05-17,X600585.SH,0.0437517014109593
2016-05-18,X600585.SH,0.0499007595762854
2016-05-19,X600585.SH,0.045956962054676
2016-05-20,X600585.SH,0.0492273897316798
2016-05-23,X002407.SZ,0.0484430851837186
2016-05-24,X002407.SZ,0.035985886892116
2016-05-25,X002407.SZ,0.0391875573142554
2016-05-26,X002407.SZ,0.0461170028443318
2016-05-27,X600585.SH,0.0440359328582403
2016-05-30,X600660.SH,0.0401205903271406
2016-05-31,X600660.SH,0.041023941817417
2016-06-01,X600585.SH,0.0345588611289913
2016-06-02,X000723.SZ,0.0424862893752634
2016-06-03,X600660.SH,0.0385541831846173
2016-06-06,X002407.SZ,0.0376112404538783
2016-06-07,X002407.SZ,0.0365968973034869
2016-06-08,X600623.SH,0.0379667859994068
2016-06-13,X600585.SH,0.0462076861870514
2016-06-14,X600660.SH,0.0392893029318818
2016-06-15,X002470.SZ,0.0356639987419949
2016-06-16,X000761.SZ,0.0366270214436638
2016-06-17,X002470.SZ,0.0375403521645663
2016-06-20,X601600.SH,0.03646108496888
2016-06-21,X002470.SZ,0.0380802257037819
2016-06-22,X600489.SH,0.0391307710923462
2016-06-23,X600489.SH,0.0345044051831684
2016-06-24,X600489.SH,0.0357228200464221
2016-06-27,X600585.SH,0.0345030964478258
2016-06-28,X000723.SZ,0.0395296493550394
2016-06-29,X601600.SH,0.0397687400302873
2016-06-30,X600489.SH,0.040121784936219
2016-07-01,X600489.SH,0.0348681018654545
2016-07-04,X600489.SH,0.0303134865074121
2016-07-05,X600219.SH,0.0313638062186117
2016-07-06,X600489.SH,0.0376603569365693
2016-07-07,X600612.SH,0.0398806516881226
2016-07-08,X000723.SZ,0.0352486470954174
2016-07-11,X600585.SH,0.0425298074875715
2016-07-12,X600612.SH,0.0417303693969298
2016-07-13,X600612.SH,0.0386578850530427
2016-07-14,X600489.SH,0.0311889487300339
2016-07-15,X600489.SH,0.0290154239364302
2016-07-18,X600489.SH,0.0293362439034189
2016-07-19,X600176.SH,0.0316637580346668
2016-07-20,X600489.SH,0.0332665543235341
2016-07-21,X000408.SZ,0.0390228795991208
2016-07-22,X600489.SH,0.0416098313089723
2016-07-25,X600489.SH,0.0304790176892616
2016-07-26,X600489.SH,0.0327412828395829
2016-07-27,X002075.SZ,0.0278717565861381
2016-07-28,X002407.SZ,0.0248467204294584
2016-07-29,X002407.SZ,0.0257929314288527
2016-08-01,X600489.SH,0.0318539063237159
2016-08-02,X600489.SH,0.0349673637343311
2016-08-03,X600489.SH,0.0368143925679375
2016-08-04,X600489.SH,0.0271850474821152
2016-08-05,X600489.SH,0.0316658280693296
2016-08-08,X002466.SZ,0.0269783548936761
2016-08-09,X600299.SH,0.0322550693635155
2016-08-10,X000723.SZ,0.0301755308814489
2016-08-11,X000723.SZ,0.0301459168251769
2016-08-12,X000723.SZ,0.0288393693661196
2016-08-15,X002075.SZ,0.0282419702622342
2016-08-16,X000723.SZ,0.0340042131109301
2016-08-17,X000723.SZ,0.031130803735795
2016-08-18,X000723.SZ,0.0350323092530296
2016-08-19,X600547.SH,0.0286632185249936
2016-08-22,X600547.SH,0.0237658902348406
2016-08-23,X600547.SH,0.027875802343225
2016-08-24,X600583.SH,0.0313777474199977
2016-08-25,X002460.SZ,0.0350174250556378
2016-08-26,X600547.SH,0.0284784816052879
2016-08-29,X000792.SZ,0.0266128668714239
2016-08-30,X000792.SZ,0.0306647586705844
2016-08-31,X002075.SZ,0.0333983892036772
2016-09-01,X600299.SH,0.0299165730559149
2016-09-02,X000408.SZ,0.0289647711372421
2016-09-05,X002460.SZ,0.0318505958307678
2016-09-06,X600585.SH,0.0275065931983265
2016-09-07,X002460.SZ,0.0304598153631943
2016-09-08,X002470.SZ,0.0299858811586379
2016-09-09,X002075.SZ,0.0301720656379102
2016-09-12,X002470.SZ,0.0227947240922011
2016-09-13,X300072.SZ,0.0287708653421962
2016-09-14,X600623.SH,0.0288611469280961
2016-09-19,X600011.SH,0.0302178301962739
2016-09-20,X600011.SH,0.0298059563513472
2016-09-21,X300072.SZ,0.0271463278207048
2016-09-22,X002470.SZ,0.0240051534985737
2016-09-23,X600585.SH,0.0287020079726505
2016-09-26,X600623.SH,0.027627834615512
2016-09-27,X600027.SH,0.0329522274401599
2016-09-28,X300072.SZ,0.027610858014913
2016-09-29,X002470.SZ,0.0258207686382647
2016-09-30,X002470.SZ,0.0261871503337597
2016-10-10,X002470.SZ,0.0264519985477887
2016-10-11,X600585.SH,0.0250098098730725
2016-10-12,X600585.SH,0.023329415334097
2016-10-13,X600585.SH,0.0200006392233661
2016-10-14,X600585.SH,0.0213161189738298
2016-10-17,X300072.SZ,0.0205555829533418
2016-10-18,X300072.SZ,0.0186014722610808
2016-10-19,X300072.SZ,0.0224400087483235
2016-10-20,X600623.SH,0.0256777182397049
2016-10-21,X600623.SH,0.0204328150274018
2016-10-24,X600623.SH,0.0215445456906424
2016-10-25,X600623.SH,0.0212895686031032
2016-10-26,X300072.SZ,0.018969671737105
2016-10-27,X600623.SH,0.0189343284553709
2016-10-28,X600623.SH,0.0202755114207559
2016-10-31,X300072.SZ,0.0224970447790762
2016-11-01,X300072.SZ,0.020967741033872
2016-11-02,X300072.SZ,0.0180967813048026
2016-11-03,X000935.SZ,0.0203603512065953
2016-11-04,X600585.SH,0.0235774604176499
2016-11-07,X600623.SH,0.0213094002887361
2016-11-08,X000898.SZ,0.0226992136887064
2016-11-09,X000935.SZ,0.0204139038922473
2016-11-10,X000959.SZ,0.0231822353615638
2016-11-11,X000935.SZ,0.0192592693796137
2016-11-14,X000898.SZ,0.0242236217625094
2016-11-15,X000723.SZ,0.022154549493029
2016-11-16,X000935.SZ,0.0245036095196312
2016-11-17,X000723.SZ,0.0269199677648854
2016-11-18,X300072.SZ,0.0228052842958244
2016-11-21,X300072.SZ,0.0268728747931653
2016-11-22,X000959.SZ,0.0221535151260794
2016-11-23,X600623.SH,0.0261173696648127
2016-11-24,X600623.SH,0.0209209019607068
2016-11-25,X000959.SZ,0.0286503334026585
2016-11-28,X000959.SZ,0.0304026433766338
2016-11-29,X000012.SZ,0.0300929828365038
2016-11-30,X300072.SZ,0.0298955980090385
2016-12-01,X300072.SZ,0.0294834067383313
2016-12-02,X000959.SZ,0.0296167928072391
2016-12-05,X002092.SZ,0.0217243535304193
2016-12-06,X002092.SZ,0.0246077974497534
2016-12-07,X000959.SZ,0.0268856670303182
2016-12-08,X002466.SZ,0.0317472836610005
2016-12-09,X000630.SZ,0.0317743844289403
2016-12-12,X000723.SZ,0.0265015607449903
2016-12-13,X300072.SZ,0.0269820348254572
2016-12-14,X600583.SH,0.0339694037804283
2016-12-15,X600011.SH,0.0292178134291944
2016-12-16,X000723.SZ,0.028655719655314
2016-12-19,X002092.SZ,0.029193356447576
2016-12-20,X000630.SZ,0.0343472275862462
2016-12-21,X601992.SH,0.036602042103976
2016-12-22,X600299.SH,0.031504187722694
2016-12-23,X000959.SZ,0.0297035533612692
2016-12-26,X000959.SZ,0.030527795516711
2016-12-27,X000959.SZ,0.0308412425840373
2016-12-28,X000959.SZ,0.0313194725131448
2016-12-29,X000408.SZ,0.0312790142448044
2016-12-30,X000408.SZ,0.0279998322881519
2017-01-03,X000408.SZ,0.0296918148277291
2017-01-04,X000408.SZ,0.021710796816436
2017-01-05,X000408.SZ,0.036261317689482
2017-01-06,X600299.SH,0.0288892014207243
2017-01-09,X600352.SH,0.0338016517951175
2017-01-10,X601158.SH,0.0332211422955835
2017-01-11,X600547.SH,0.0300032663740094
2017-01-12,X600352.SH,0.0339232510974215
2017-01-13,X600157.SH,0.0297099556420229
2017-01-16,X000959.SZ,0.0301199790359041
2017-01-17,X600362.SH,0.0318485656128678
2017-01-18,X000408.SZ,0.0286062397150987
2017-01-19,X600157.SH,0.0225718299547777
2017-01-20,X600157.SH,0.0277292205814996
2017-01-23,X600019.SH,0.0317037091566483
2017-01-24,X600098.SH,0.0277798590161151
2017-01-25,X600098.SH,0.028213283810761
2017-01-26,X600098.SH,0.0276346823296059
2017-02-03,X000723.SZ,0.029282440511852
2017-02-06,X600021.SH,0.0291887071806095
2017-02-07,X300072.SZ,0.0302251350258036
2017-02-08,X600019.SH,0.031976859050916
2017-02-09,X600021.SH,0.0275159656556786
2017-02-10,X600019.SH,0.0281574451430442
2017-02-13,X600352.SH,0.0308766250936645
2017-02-14,X600019.SH,0.0304211893260867
2017-02-15,X601158.SH,0.0251878280483861
2017-02-16,X000898.SZ,0.0247463947336218
2017-02-17,X000723.SZ,0.0296176292030413
2017-02-20,X600019.SH,0.0295895389451128
2017-02-21,X600352.SH,0.0286931526779859
2017-02-22,X000723.SZ,0.0261454233039696
2017-02-23,X000723.SZ,0.027827586907544
2017-02-24,X000723.SZ,0.0294854766812951
2017-02-27,X000723.SZ,0.0288878876947932
2017-02-28,X000723.SZ,0.029478393762008
2017-03-01,X600309.SH,0.0277192176762512
2017-03-02,X600309.SH,0.0255218038155993
2017-03-03,X601088.SH,0.0324049594639532
2017-03-06,X600098.SH,0.0257267858643368
2017-03-07,X600019.SH,0.0196266718542839
2017-03-08,X600019.SH,0.0195303735263936
2017-03-09,X600019.SH,0.0195108935632139
2017-03-10,X600019.SH,0.0196518228611261
2017-03-13,X600019.SH,0.0190098229972896
2017-03-14,X600019.SH,0.0216496191924594
2017-03-15,X600019.SH,0.0216944564050422
2017-03-16,X600019.SH,0.0210028248560918
2017-03-17,X600886.SH,0.0284382732382219
2017-03-20,X000723.SZ,0.0227815193887586
2017-03-21,X000723.SZ,0.0284508522372551
2017-03-22,X600886.SH,0.0252029570499683
2017-03-23,X600309.SH,0.0251729674049229
2017-03-24,X600309.SH,0.0257677078475734
2017-03-27,X600019.SH,0.0261746978142273
2017-03-28,X600886.SH,0.0220276499684304
2017-03-29,X000408.SZ,0.0237418985160338
2017-03-30,X600339.SH,0.0272127091174817
2017-03-31,X600660.SH,0.0269459537467707
2017-04-05,X000723.SZ,0.0240298731147083
2017-04-06,X600660.SH,0.0234164365428558
2017-04-07,X601158.SH,0.0266179401848295
2017-04-10,X600660.SH,0.0280237099124736
2017-04-11,X600660.SH,0.0266554232176506
2017-04-12,X600660.SH,0.0270353371705206
2017-04-13,X600352.SH,0.0286811429469673
2017-04-14,X600157.SH,0.0274375503343737
2017-04-17,X600019.SH,0.0266564264509791
2017-04-18,X600352.SH,0.0269388870150023
2017-04-19,X000723.SZ,0.0256523820151615
2017-04-20,X600352.SH,0.0290844483512356
2017-04-21,X600352.SH,0.0242978891808812
2017-04-24,X600660.SH,0.0268640610442464
2017-04-25,X000723.SZ,0.0263368504334175
2017-04-26,X000723.SZ,0.0315708510710158
2017-04-27,X600176.SH,0.0290672864609121
2017-04-28,X600660.SH,0.0298239019996863
2017-05-02,X600660.SH,0.0221763282838835
2017-05-03,X600660.SH,0.0238706294719049
2017-05-04,X600688.SH,0.03146085691529
2017-05-05,X600660.SH,0.0293928585497995
2017-05-08,X600352.SH,0.0212238732967724
2017-05-09,X600688.SH,0.0332654129500433
2017-05-10,X600352.SH,0.0214403052109776
2017-05-11,X600352.SH,0.0209950578777416
2017-05-12,X600352.SH,0.0238761269165579
2017-05-15,X600688.SH,0.02796372061623
2017-05-16,X600585.SH,0.0312796077252247
2017-05-17,X600008.SH,0.0324786688295866
2017-05-18,X600886.SH,0.0298370143573095
2017-05-19,X600886.SH,0.0304668230261713
2017-05-22,X600660.SH,0.03165308143109
2017-05-23,X601088.SH,0.033793970673878
2017-05-24,X600886.SH,0.0301667722947888
2017-05-25,X600660.SH,0.0219616877872329
2017-05-26,X600352.SH,0.0257306388339062
2017-05-31,X600660.SH,0.0234696403890898
2017-06-01,X600660.SH,0.0292738978414688
2017-06-02,X600660.SH,0.0277999518880902
2017-06-05,X600886.SH,0.029885561535509
2017-06-06,X601088.SH,0.0352520721066651
2017-06-07,X600886.SH,0.0298957521523293
2017-06-08,X600585.SH,0.0340788191603051
2017-06-09,X600660.SH,0.0280631531422759
2017-06-12,X600585.SH,0.032362799020939
2017-06-13,X002466.SZ,0.0321116955682989
2017-06-14,X300072.SZ,0.0237483005440951
2017-06-15,X600660.SH,0.0257823293107568
2017-06-16,X600660.SH,0.0314282629092348
2017-06-19,X600660.SH,0.0332120757134427
2017-06-20,X600660.SH,0.0305336058934111
2017-06-21,X600660.SH,0.0294738239782427
2017-06-22,X600011.SH,0.0306876146842437
2017-06-23,X600011.SH,0.0289901979890458
2017-06-26,X600688.SH,0.0325278198738977
2017-06-27,X600660.SH,0.0309224772901533
2017-06-28,X600688.SH,0.0301433634510809
2017-06-29,X600008.SH,0.0312501860587826
2017-06-30,X600008.SH,0.0351428394980887
2017-07-03,X600688.SH,0.0327851376322804
2017-07-04,X600008.SH,0.0323344721290459
2017-07-05,X600008.SH,0.032487474387809
2017-07-06,X600008.SH,0.0292979979425186
2017-07-07,X600886.SH,0.0316774801378984
2017-07-10,X600688.SH,0.0360371592535077
2017-07-11,X600008.SH,0.0291300499063804
2017-07-12,X600008.SH,0.029264672068776
2017-07-13,X600008.SH,0.0241602693825863
2017-07-14,X600008.SH,0.025991697264533
2017-07-17,X600011.SH,0.0256199222416391
2017-07-18,X600352.SH,0.0274976727968267
2017-07-19,X600352.SH,0.0257026252951343
2017-07-20,X600886.SH,0.0264065927838333
2017-07-21,X600352.SH,0.0293154267622113
2017-07-24,X600011.SH,0.024957137549759
2017-07-25,X600011.SH,0.0284586506902276
2017-07-26,X600011.SH,0.0232790470547957
2017-07-27,X600352.SH,0.0270636175095407
2017-07-28,X300072.SZ,0.0320491406731701
2017-07-31,X600011.SH,0.0260125945410108
2017-08-01,X600011.SH,0.0375948365715249
2017-08-02,X000723.SZ,0.0356750048140184
2017-08-03,X600011.SH,0.0303646835534245
2017-08-04,X600011.SH,0.0349512260440206
2017-08-07,X601158.SH,0.0299633160473462
2017-08-08,X600688.SH,0.0326181391255353
2017-08-09,X600011.SH,0.0347380749829003
2017-08-10,X600011.SH,0.0337017674777356
2017-08-11,X300072.SZ,0.0334873052271584
2017-08-14,X300072.SZ,0.0260879043431637
2017-08-15,X300072.SZ,0.0301684095438488
2017-08-16,X300072.SZ,0.0265973406295944
2017-08-17,X300072.SZ,0.0321557430656775
2017-08-18,X300072.SZ,0.0332405675440187
2017-08-21,X300072.SZ,0.0318675934171692
2017-08-22,X300072.SZ,0.0331020691045378
2017-08-23,X002271.SZ,0.0401322065063729
2017-08-24,X300072.SZ,0.0331136312583787
2017-08-25,X002271.SZ,0.0337579578129806
2017-08-28,X601857.SH,0.0329342977532587
2017-08-29,X300072.SZ,0.0328485654210125
2017-08-30,X601857.SH,0.0339881552734759
2017-08-31,X601857.SH,0.0325195042653441
2017-09-01,X600688.SH,0.0348415857946043
2017-09-04,X601857.SH,0.0340444069411819
2017-09-05,X600688.SH,0.0298099015938635
2017-09-06,X600688.SH,0.0292280970512054
2017-09-07,X600688.SH,0.0348107495319118
2017-09-08,X600688.SH,0.0344846783727906
2017-09-11,X601857.SH,0.0350841354638749
2017-09-12,X600309.SH,0.0323254201896349
2017-09-13,X600516.SH,0.0352974314806162
2017-09-14,X600886.SH,0.0328644107207862
2017-09-15,X600886.SH,0.0382943398925203
2017-09-18,X600660.SH,0.0354893529765178
2017-09-19,X600547.SH,0.0305873992805761
2017-09-20,X002271.SZ,0.0312789853774923
2017-09-21,X300072.SZ,0.0334916351145845
2017-09-22,X000408.SZ,0.0379149770730244
2017-09-25,X300072.SZ,0.0305538815667521
2017-09-26,X300072.SZ,0.0303519462102424
2017-09-27,X600660.SH,0.0359037309341641
2017-09-28,X000408.SZ,0.0329882634871282
2017-09-29,X000408.SZ,0.0322563937710651
2017-10-09,X000408.SZ,0.038197141793664
2017-10-10,X000408.SZ,0.0328290142851939
2017-10-11,X002271.SZ,0.0391574156241286
2017-10-12,X000408.SZ,0.0269099095984909
2017-10-13,X000786.SZ,0.0274794481060495
2017-10-16,X000408.SZ,0.0267376714851216
2017-10-17,X000408.SZ,0.023770431723703
2017-10-18,X000408.SZ,0.0301854982959962
2017-10-19,X000408.SZ,0.0288323963250219
2017-10-20,X000408.SZ,0.0284617098200769
2017-10-23,X000408.SZ,0.0270887002285895
2017-10-24,X000408.SZ,0.027795707739849
2017-10-25,X000723.SZ,0.0331713217206809
2017-10-26,X000723.SZ,0.0323940279522487
2017-10-27,X000408.SZ,0.0335513049718715
2017-10-30,X000408.SZ,0.0263366341614688
2017-10-31,X000408.SZ,0.0276451709670644
2017-11-01,X600795.SH,0.0234669577305875
2017-11-02,X000408.SZ,0.0281811980951663
2017-11-03,X000408.SZ,0.0284960071653668
2017-11-06,X000408.SZ,0.0299226990689249
2017-11-07,X000408.SZ,0.0238819066870926
2017-11-08,X000723.SZ,0.0255756331067274
2017-11-09,X000408.SZ,0.0231529099263318
2017-11-10,X600585.SH,0.0263498401648755
2017-11-13,X600585.SH,0.0237318447286228
2017-11-14,X002271.SZ,0.0272710252788033
2017-11-15,X000723.SZ,0.0269725222050156
2017-11-16,X000553.SZ,0.0280596409121519
2017-11-17,X600585.SH,0.0269833377454912
2017-11-20,X600585.SH,0.0242084283596903
2017-11-21,X600585.SH,0.0245977154164959
2017-11-22,X000408.SZ,0.0239881714425211
2017-11-23,X000723.SZ,0.026187632861761
2017-11-24,X600660.SH,0.0293550096133964
2017-11-27,X600585.SH,0.0286061888951282
2017-11-28,X300072.SZ,0.0230433756515669
2017-11-29,X300072.SZ,0.026879493919506
2017-11-30,X000723.SZ,0.0280192353542924
2017-12-01,X300072.SZ,0.0226306790488177
2017-12-04,X300072.SZ,0.0219845747027884
2017-12-05,X600688.SH,0.0329193056235346
2017-12-06,X600585.SH,0.0332849864881675
2017-12-07,X002271.SZ,0.0301514134896077
2017-12-08,X300072.SZ,0.0248364762867973
2017-12-11,X000723.SZ,0.0280294251523212
2017-12-12,X000723.SZ,0.0265256645163472
2017-12-13,X000723.SZ,0.0270527835442869
2017-12-14,X000723.SZ,0.025962225767673
2017-12-15,X000723.SZ,0.0258900985860835
2017-12-18,X600688.SH,0.0268848105379025
2017-12-19,X600688.SH,0.0260360419459207
2017-12-20,X000723.SZ,0.0274635534688193
2017-12-21,X000723.SZ,0.0235433934113876
2017-12-22,X000723.SZ,0.0226931485382966
2017-12-25,X300072.SZ,0.0320307085719508
2017-12-26,X600352.SH,0.0267603293006401
2017-12-27,X600795.SH,0.0323095128388841
2017-12-28,X600688.SH,0.0315256453677496
2017-12-29,X600795.SH,0.0328022861320587
2018-01-02,X600795.SH,0.0362561871001005
2018-01-03,X000408.SZ,0.0294188328098267
2018-01-04,X000408.SZ,0.0347010293106376
2018-01-05,X601992.SH,0.0370206074171978
2018-01-08,X600011.SH,0.0338634500400256
2018-01-09,X600795.SH,0.0358185551156868
2018-01-10,X600219.SH,0.0320799983106807
2018-01-11,X600219.SH,0.0278033058215474
2018-01-12,X600795.SH,0.0361347161675659
2018-01-15,X600027.SH,0.0363929028927347
2018-01-16,X300072.SZ,0.030000793147759
2018-01-17,X300072.SZ,0.0249266098071654
2018-01-18,X600299.SH,0.034158874297855
2018-01-19,X300072.SZ,0.0271992171164275
2018-01-22,X300072.SZ,0.0310015268985488
2018-01-23,X300072.SZ,0.0356637627382076
2018-01-24,X600299.SH,0.0341754311183916
2018-01-25,X300072.SZ,0.0354182213077013
2018-01-26,X601158.SH,0.0352144003613298
2018-01-29,X600547.SH,0.0353120625498908
2018-01-30,X600299.SH,0.0374816860535259
2018-01-31,X600299.SH,0.0394546149055575
2018-02-01,X601857.SH,0.0398597027587141
2018-02-02,X600027.SH,0.0399085629860065
2018-02-05,X600027.SH,0.0414066268350086
2018-02-06,X600299.SH,0.0412585278520687
2018-02-07,X600299.SH,0.0390683145738675
2018-02-08,X600299.SH,0.0429883827949925
2018-02-09,X600688.SH,0.0433728085033708
2018-02-12,X600309.SH,0.0399255335854842
2018-02-13,X000830.SZ,0.0397954177307215
2018-02-14,X000830.SZ,0.0307015299130229
2018-02-22,X600299.SH,0.0316164793665631
2018-02-23,X600299.SH,0.0306545664077607
2018-02-26,X600299.SH,0.032622870793699
2018-02-27,X600299.SH,0.0373417131367613
2018-02-28,X600299.SH,0.0339177717854929
2018-03-01,X600299.SH,0.0373302384240375
2018-03-02,X600299.SH,0.0405982962867825
2018-03-05,X002466.SZ,0.034296375063585
2018-03-06,X600660.SH,0.0383882581285574
2018-03-07,X601600.SH,0.0296152398278183
2018-03-08,X601600.SH,0.0373763175885568
2018-03-09,X601600.SH,0.0332895355493903
2018-03-12,X601600.SH,0.0360333667262197
2018-03-13,X600352.SH,0.0379238805936409
2018-03-14,X601600.SH,0.0396605277138839
2018-03-15,X601600.SH,0.0366251481759906
2018-03-16,X600299.SH,0.037257177964561
2018-03-19,X601600.SH,0.0390085351668793
2018-03-20,X600688.SH,0.0381413213414803
2018-03-21,X600160.SH,0.0464603925122808
2018-03-22,X600660.SH,0.0411277460634214
2018-03-23,X601600.SH,0.033826251333686
2018-03-26,X601600.SH,0.0366843266734136
2018-03-27,X601600.SH,0.035064752003347
2018-03-28,X601600.SH,0.0407859373509977
2018-03-29,X600660.SH,0.0410160801742775
2018-03-30,X601600.SH,0.0360606883885712
2018-04-02,X000792.SZ,0.0399870256247596
2018-04-03,X601600.SH,0.0409154035376812
2018-04-04,X601600.SH,0.02974331160281
2018-04-09,X601600.SH,0.0428741153370523
2018-04-10,X601600.SH,0.0297605673134038
2018-04-11,X601600.SH,0.0275910651512848
2018-04-12,X600660.SH,0.0441441708168551
2018-04-13,X002466.SZ,0.0397849651272035
2018-04-16,X601600.SH,0.0321306844046384
2018-04-17,X601600.SH,0.0275077912634931
2018-04-18,X601600.SH,0.0355710784064287
2018-04-19,X002271.SZ,0.0399113456016198
2018-04-20,X600315.SH,0.0346019765386917
2018-04-23,X300072.SZ,0.0437594732565462
2018-04-24,X601600.SH,0.0420876252998288
2018-04-25,X601600.SH,0.0436504560588298
2018-04-26,X601600.SH,0.0371469321681637
2018-04-27,X601600.SH,0.0375397549835676
2018-05-02,X601600.SH,0.0417711114553963
2018-05-03,X601158.SH,0.0322671661238537
2018-05-04,X601158.SH,0.0313248082379209
2018-05-07,X600516.SH,0.0394542095696569
2018-05-08,X601158.SH,0.039904182499769
2018-05-09,X601600.SH,0.0336595974496672
2018-05-10,X601600.SH,0.0254520084869826
2018-05-11,X601600.SH,0.032981668547526
2018-05-14,X601600.SH,0.0380522559466569
2018-05-15,X601600.SH,0.0426491150285781
2018-05-16,X601600.SH,0.0408301901576187
2018-05-17,X601600.SH,0.0323574092859732
2018-05-18,X601158.SH,0.0433716090802077
2018-05-21,X601600.SH,0.033099458673767
2018-05-22,X601600.SH,0.031042998977993
2018-05-23,X002470.SZ,0.0325356400889783
2018-05-24,X601600.SH,0.0221428686913476
2018-05-25,X600028.SH,0.0350164096162384
2018-05-28,X601600.SH,0.0225787325856899
2018-05-29,X000786.SZ,0.0305169930822483
2018-05-30,X600028.SH,0.0342743165256378
2018-05-31,X300072.SZ,0.0342606420368494
2018-06-01,X300072.SZ,0.0321968925082385
2018-06-04,X300072.SZ,0.0321883637813755
2018-06-05,X600028.SH,0.0363434448480057
2018-06-06,X600028.SH,0.030676805448829
2018-06-07,X600028.SH,0.0322947920104468
2018-06-08,X600028.SH,0.0293136259344735
2018-06-11,X601600.SH,0.0304990693445894
2018-06-12,X600028.SH,0.0283964163333334
2018-06-13,X600339.SH,0.0338358146331604
2018-06-14,X600028.SH,0.0353878007669165
2018-06-15,X600028.SH,0.0351601250915454
2018-06-19,X600426.SH,0.0365686408004727
2018-06-20,X000786.SZ,0.0339335007190384
2018-06-21,X000786.SZ,0.0362478393130137
2018-06-22,X600028.SH,0.0355585737230484
2018-06-25,X000786.SZ,0.0419555967866529
2018-06-26,X600660.SH,0.0327019355671262
2018-06-27,X600660.SH,0.0328772693569318
2018-06-28,X600660.SH,0.0353104623294173
2018-06-29,X000553.SZ,0.0337199929807485
2018-07-02,X300072.SZ,0.0321367484215396
2018-07-03,X600028.SH,0.0464626545403712
2018-07-04,X300072.SZ,0.0334324865445022
2018-07-05,X300072.SZ,0.0393786411782894
2018-07-06,X600660.SH,0.0323387838853817
2018-07-09,X600660.SH,0.0308376639743674
2018-07-10,X300072.SZ,0.0336728153573116
2018-07-11,X600660.SH,0.0361675727849205
2018-07-12,X000408.SZ,0.0372079924214447
2018-07-13,X600426.SH,0.0332108569461857
2018-07-16,X600426.SH,0.0391538457576982
2018-07-17,X600426.SH,0.0275444258356901
2018-07-18,X600547.SH,0.0350568772540448
2018-07-19,X600028.SH,0.039067328158615
2018-07-20,X600426.SH,0.0410899028532651
2018-07-23,X600660.SH,0.034320378158116
2018-07-24,X300072.SZ,0.0445128634683006
2018-07-25,X600362.SH,0.0430075753240369
2018-07-26,X600660.SH,0.0402381643877322
2018-07-27,X600660.SH,0.0401845451075019
2018-07-30,X600660.SH,0.0402393488461331
2018-07-31,X600309.SH,0.0380046870699872
2018-08-01,X600309.SH,0.0380863878536409
2018-08-02,X600309.SH,0.0393714962750691
2018-08-03,X300072.SZ,0.0349767107593766
2018-08-06,X300072.SZ,0.0351201312959542
2018-08-07,X300072.SZ,0.0373594979201471
2018-08-08,X300072.SZ,0.0372037484138448
2018-08-09,X600547.SH,0.0420617002933714
2018-08-10,X300072.SZ,0.0392855478276907
2018-08-13,X300072.SZ,0.0370463711423747
2018-08-14,X300072.SZ,0.0467140877214491
2018-08-15,X600547.SH,0.0467248119863968
2018-08-16,X300072.SZ,0.0540943295937259
2018-08-17,X600028.SH,0.0407042273182607
2018-08-20,X300072.SZ,0.0399698416087972
2018-08-21,X300072.SZ,0.0359747135709458
2018-08-22,X300072.SZ,0.0468317569876768
2018-08-23,X300072.SZ,0.0399888284744064
2018-08-24,X300072.SZ,0.0384467582462417
2018-08-27,X300072.SZ,0.0460929808561511
2018-08-28,X600426.SH,0.0475271808465598
2018-08-29,X300072.SZ,0.0415327956535721
2018-08-30,X600309.SH,0.0357847986749814
2018-08-31,X300072.SZ,0.0290610147030972
2018-09-03,X002110.SZ,0.0424732218370518
2018-09-04,X600027.SH,0.0390877167316805
2018-09-05,X600027.SH,0.0386780789160957
2018-09-06,X000792.SZ,0.0380312944631957
2018-09-07,X002110.SZ,0.0386393083704951
2018-09-10,X000792.SZ,0.0463899991924175
2018-09-11,X600028.SH,0.035190728596817
2018-09-12,X600028.SH,0.0311146817698839
2018-09-13,X600028.SH,0.0364514369464372
2018-09-14,X000408.SZ,0.0314073326016874
2018-09-17,X000792.SZ,0.0304309259566196
2018-09-18,X000792.SZ,0.0293398136632676
2018-09-19,X300072.SZ,0.0374506248557479
2018-09-20,X300072.SZ,0.0369237620968909
2018-09-21,X600010.SH,0.0415256883677926
2018-09-25,X300072.SZ,0.0376768399873712
2018-09-26,X601857.SH,0.0409941414579809
2018-09-27,X601857.SH,0.03474978978169
2018-09-28,X000898.SZ,0.0438232529198642
2018-10-08,X002460.SZ,0.0358433134126964
2018-10-09,X002460.SZ,0.033214466605964
2018-10-10,X600027.SH,0.0389027577323168
2018-10-11,X600660.SH,0.0376982162283386
2018-10-12,X600011.SH,0.0362263585351011
2018-10-15,X600027.SH,0.0362125533908627
2018-10-16,X002460.SZ,0.0453853995362139
2018-10-17,X600027.SH,0.0405595392753903
2018-10-18,X600011.SH,0.0455136682791941
2018-10-19,X000408.SZ,0.04044521797496
2018-10-22,X000408.SZ,0.0405129465832863
2018-10-23,X000408.SZ,0.0378510404925191
2018-10-24,X000408.SZ,0.0432088484294079
2018-10-25,X000629.SZ,0.0359901151205839
2018-10-26,X000629.SZ,0.0361733905189441
2018-10-29,X000629.SZ,0.0358467984576201
2018-10-30,X000629.SZ,0.0371197601706002
2018-10-31,X000629.SZ,0.0408724345803548
2018-11-01,X000629.SZ,0.0404239050694171
2018-11-02,X000629.SZ,0.0347144605704779
2018-11-05,X000629.SZ,0.0384255882158281
2018-11-06,X000629.SZ,0.033697243306037
2018-11-07,X000629.SZ,0.0394203779162756
2018-11-08,X000629.SZ,0.038215995644709
2018-11-09,X000629.SZ,0.0320505303392882
2018-11-12,X000629.SZ,0.0317237760688539
2018-11-13,X000629.SZ,0.0370346290171438
2018-11-14,X000629.SZ,0.0366431397822501
2018-11-15,X000629.SZ,0.0368420390394761
2018-11-16,X000629.SZ,0.0355156996183508
2018-11-19,X000629.SZ,0.028964956953011
2018-11-20,X000629.SZ,0.0383474491974704
2018-11-21,X000629.SZ,0.0390844172456059
2018-11-22,X000629.SZ,0.0294442854647536
2018-11-23,X000629.SZ,0.0300050575138817
2018-11-26,X000629.SZ,0.0283406584431712
2018-11-27,X000629.SZ,0.0381226855178552
2018-11-28,X000629.SZ,0.0353941032548188
2018-11-29,X000629.SZ,0.0267286277066339
2018-11-30,X600660.SH,0.0454964654212241
2018-12-03,X600660.SH,0.0388933008623922
2018-12-04,X600188.SH,0.039150817972101
2018-12-05,X600583.SH,0.0365211765790559
2018-12-06,X000898.SZ,0.0366234278370567
2018-12-07,X600585.SH,0.0376688344180691
2018-12-10,X600808.SH,0.0393188495082183
2018-12-11,X600583.SH,0.0356246147907031
2018-12-12,X600583.SH,0.0347992781066472
2018-12-13,X600583.SH,0.0409444658138096
2018-12-14,X600583.SH,0.049930015636317
2018-12-17,X600585.SH,0.0455337411204901
2018-12-18,X600583.SH,0.046523761506213
2018-12-19,X600660.SH,0.0547789958252988
2018-12-20,X600612.SH,0.0480456186001199
2018-12-21,X600547.SH,0.0553310218519971
2018-12-24,X600612.SH,0.0466593736679529
2018-12-25,X600309.SH,0.0473958432482033
2018-12-26,X601088.SH,0.0474249329527902
2018-12-27,X600660.SH,0.0396812984953057
2018-12-28,X600660.SH,0.0412970447542993
2019-01-02,X600612.SH,0.0427958901038502
2019-01-03,X600027.SH,0.0372676430207104
2019-01-04,X600660.SH,0.0367805197869977
2019-01-07,X600688.SH,0.0430491558979122
2019-01-08,X600585.SH,0.0404183707777551
2019-01-09,X002470.SZ,0.0391902496765275
2019-01-10,X600688.SH,0.0352114428309229
2019-01-11,X600612.SH,0.0384854987326321
2019-01-14,X600219.SH,0.0362753637158978
2019-01-15,X600219.SH,0.0412359291563354
2019-01-16,X600219.SH,0.0416535168589883
2019-01-17,X600688.SH,0.039933493428358
2019-01-18,X002470.SZ,0.0360329876654623
2019-01-21,X601857.SH,0.0405802959540562
2019-01-22,X601898.SH,0.0322404737392469
2019-01-23,X600688.SH,0.0352380400738668
2019-01-24,X600688.SH,0.0375081619570159
2019-01-25,X000408.SZ,0.0351695814611196
2019-01-28,X600028.SH,0.0351879680237637
2019-01-29,X600585.SH,0.0280478171487111
2019-01-30,X600028.SH,0.0295346717782337
2019-01-31,X600612.SH,0.0304464531161871
2019-02-01,X601991.SH,0.0271910812753411
2019-02-11,X601991.SH,0.0285075211871767
2019-02-12,X600612.SH,0.0263564257394453
2019-02-13,X600585.SH,0.0371743391840502
2019-02-14,X600028.SH,0.0319053263001008
2019-02-15,X601991.SH,0.0254384337846929
2019-02-18,X600612.SH,0.0291462123230397
2019-02-19,X600027.SH,0.0344717639307628
2019-02-20,X600027.SH,0.0292788729566553
2019-02-21,X600157.SH,0.0308338690298198
2019-02-22,X600886.SH,0.0337997615116829
2019-02-25,X600157.SH,0.0273375302366223
2019-02-26,X600157.SH,0.0297764274771692
2019-02-27,X600027.SH,0.0290615485374291
2019-02-28,X600027.SH,0.0266345439265675
2019-03-01,X601991.SH,0.0289586660982903
2019-03-04,X600157.SH,0.0269036189618523
2019-03-05,X600157.SH,0.0312468187729338
2019-03-06,X601991.SH,0.0314595399715186
2019-03-07,X600157.SH,0.0294325136581308
2019-03-08,X600027.SH,0.0254592328310092
2019-03-11,X600027.SH,0.034473717056007
2019-03-12,X600157.SH,0.0287558175406199
2019-03-13,X600157.SH,0.0354544087311683
2019-03-14,X600886.SH,0.0340889848495659
2019-03-15,X600157.SH,0.0372660223768869
2019-03-18,X600886.SH,0.040251743699896
2019-03-19,X300072.SZ,0.0367317367664141
2019-03-20,X600157.SH,0.0420069353909239
2019-03-21,X600886.SH,0.0411246175188785
2019-03-22,X600886.SH,0.0438138230051201
2019-03-25,X600886.SH,0.0364500880689963
2019-03-26,X600157.SH,0.0384932510773833
2019-03-27,X000723.SZ,0.0388619657725404
2019-03-28,X600157.SH,0.0372450527329282
2019-03-29,X600157.SH,0.0356506800494285
2019-04-01,X000990.SZ,0.033062001428775
2019-04-02,X000990.SZ,0.0391207146752441
2019-04-03,X600027.SH,0.0434488979186448
2019-04-04,X000990.SZ,0.0296127204290606
2019-04-08,X000990.SZ,0.0377764601179028
2019-04-09,X000990.SZ,0.0293187652592895
2019-04-10,X000723.SZ,0.0442439818853978
2019-04-11,X000723.SZ,0.0376328794397477
2019-04-12,X002460.SZ,0.0375904906188246
2019-04-15,X600027.SH,0.0473819509471359
2019-04-16,X600157.SH,0.0451710632461647
2019-04-17,X600660.SH,0.0451288200477796
2019-04-18,X000990.SZ,0.0470432291063053
2019-04-19,X600157.SH,0.0506492456771455
2019-04-22,X000990.SZ,0.0440069628479244
2019-04-23,X600157.SH,0.0488837115477341
2019-04-24,X600027.SH,0.0506250407896719
2019-04-25,X600309.SH,0.0452197289913517
2019-04-26,X600985.SH,0.0494193146122019
2019-04-29,X600309.SH,0.0492088627490498
2019-04-30,X600157.SH,0.0406930148334964
2019-05-06,X002466.SZ,0.0486943489870001
2019-05-07,X600157.SH,0.0552016904368294
2019-05-08,X000723.SZ,0.0468601061823173
2019-05-09,X000990.SZ,0.0418251377283823
2019-05-10,X600011.SH,0.0464407912177258
2019-05-13,X002271.SZ,0.043369634151778
2019-05-14,X600886.SH,0.0501803633673929
2019-05-15,X600886.SH,0.0444521667294459
2019-05-16,X600985.SH,0.0430080900857963
2019-05-17,X600352.SH,0.0444518352723241
2019-05-20,X600309.SH,0.0624545648559221
2019-05-21,X000990.SZ,0.0544416030263059
2019-05-22,X002271.SZ,0.0460193563236004
2019-05-23,X000990.SZ,0.0497811920435852
2019-05-24,X600309.SH,0.0513640745529048
2019-05-27,X600309.SH,0.0442109978345468
2019-05-28,X600309.SH,0.0486578748594208
2019-05-29,X600886.SH,0.0503520477211574
2019-05-30,X600010.SH,0.0444333296007068
2019-05-31,X000786.SZ,0.0522200100675871
2019-06-03,X600309.SH,0.039870162313747
2019-06-04,X600516.SH,0.0457208071032371
2019-06-05,X000723.SZ,0.0393820189981063
2019-06-06,X000723.SZ,0.0442739019610831
2019-06-10,X600111.SH,0.0557466120929748
2019-06-11,X000723.SZ,0.0516089618373435
2019-06-12,X000723.SZ,0.0447789149615393
2019-06-13,X600352.SH,0.0464408416866747
2019-06-14,X600309.SH,0.042153504429599
2019-06-17,X000786.SZ,0.0455140078428297
2019-06-18,X600309.SH,0.0477234626572761
2019-06-19,X600309.SH,0.0436780946152867
2019-06-20,X600309.SH,0.0468104380575977
2019-06-21,X600011.SH,0.0489619051841361
2019-06-24,X600011.SH,0.0481044481342566
2019-06-25,X000723.SZ,0.0439087605420416
2019-06-26,X600339.SH,0.0430722959301105
2019-06-27,X600516.SH,0.0432298960528858
2019-06-28,X600612.SH,0.0298745357114872
2019-07-01,X600339.SH,0.0462002097479316
2019-07-02,X600612.SH,0.0306610260275786
2019-07-03,X600612.SH,0.0260483211967212
2019-07-04,X600612.SH,0.0297031519505476
2019-07-05,X600612.SH,0.025972906206312
2019-07-08,X600612.SH,0.0275786174594347
2019-07-09,X002353.SZ,0.0339045775549468
2019-07-10,X002353.SZ,0.0342878225998744
2019-07-11,X600547.SH,0.0367848519891152
2019-07-12,X600886.SH,0.0445233537407912
2019-07-15,X600309.SH,0.0393027779296284
2019-07-16,X002353.SZ,0.0464558998419579
2019-07-17,X600352.SH,0.0435909639562593
2019-07-18,X600547.SH,0.0372499750215418
2019-07-19,X002353.SZ,0.0468704418850138
2019-07-22,X002353.SZ,0.037731254977771
2019-07-23,X002353.SZ,0.0372304584968721
2019-07-24,X600985.SH,0.0404228908677357
2019-07-25,X002353.SZ,0.0363112444989461
2019-07-26,X002466.SZ,0.0322859589634941
2019-07-29,X002466.SZ,0.0320265611445719
2019-07-30,X002466.SZ,0.0369943217267817
2019-07-31,X600516.SH,0.0288276892305281
2019-08-01,X000401.SZ,0.0411353981784613
2019-08-02,X600801.SH,0.0357858622736494
2019-08-05,X600801.SH,0.0308013545363737
2019-08-06,X002466.SZ,0.0317103599533736
2019-08-07,X002353.SZ,0.0302570737277535
2019-08-08,X002353.SZ,0.0268393908039159
2019-08-09,X002353.SZ,0.0243222104794898
2019-08-12,X002353.SZ,0.030798882158316
2019-08-13,X002353.SZ,0.0303467608854239
2019-08-14,X600111.SH,0.0318695483758138
2019-08-15,X600176.SH,0.0266012455018402
2019-08-16,X600011.SH,0.0258524356719712
2019-08-19,X600011.SH,0.0271222969008586
2019-08-20,X600011.SH,0.028993245933638
2019-08-21,X600011.SH,0.0270817484309991
2019-08-22,X600578.SH,0.0278559963947343
2019-08-23,X600011.SH,0.0287286321275537
2019-08-26,X000883.SZ,0.027939186801949
2019-08-27,X000883.SZ,0.0283244040664579
2019-08-28,X600315.SH,0.0262147729686887
2019-08-29,X000883.SZ,0.0278339297557001
2019-08-30,X600578.SH,0.0268073740323141
2019-09-02,X600011.SH,0.0257096029141803
2019-09-03,X600011.SH,0.0262241865704126
2019-09-04,X600315.SH,0.0261444249213897
2019-09-05,X600583.SH,0.0268205894766234
2019-09-06,X600583.SH,0.0255689294971034
2019-09-09,X600315.SH,0.0274667097334948
2019-09-10,X000401.SZ,0.0277904316689236
2019-09-11,X000883.SZ,0.0277023041860639
2019-09-12,X000401.SZ,0.0313307497540066
2019-09-16,X600315.SH,0.0247335346531178
2019-09-17,X002353.SZ,0.0312563983962284
2019-09-18,X600315.SH,0.0269892820404811
2019-09-19,X600315.SH,0.0276461879860914
2019-09-20,X600315.SH,0.0292806097684577
2019-09-23,X600315.SH,0.0295134354276186
2019-09-24,X000786.SZ,0.0254800148215856
2019-09-25,X000786.SZ,0.0296485200287621
2019-09-26,X000786.SZ,0.02227255570029
2019-09-27,X000786.SZ,0.0303683390528925
2019-09-30,X000708.SZ,0.0295787673080832
2019-10-08,X000708.SZ,0.0359453237848096
2019-10-09,X000708.SZ,0.0318941795723987
2019-10-10,X600612.SH,0.0314308818877854
2019-10-11,X000792.SZ,0.0330038400277988
2019-10-14,X000708.SZ,0.0278119483638259
2019-10-15,X000708.SZ,0.0343751308868263
2019-10-16,X002353.SZ,0.032733271365813
2019-10-17,X000708.SZ,0.0299245065492921
2019-10-18,X000708.SZ,0.0290097905026605
2019-10-21,X600612.SH,0.0295316349892199
2019-10-22,X000792.SZ,0.0294050447136126
2019-10-23,X002353.SZ,0.0316955424190306
2019-10-24,X000708.SZ,0.0325293666231219
2019-10-25,X600612.SH,0.0299928036987928
2019-10-28,X002353.SZ,0.0329647077455934
2019-10-29,X000708.SZ,0.0262025693584082
2019-10-30,X000708.SZ,0.0269374972318198
2019-10-31,X600315.SH,0.0285252545541128
2019-11-01,X600315.SH,0.0292242915411502
2019-11-04,X600315.SH,0.0346596411000475
2019-11-05,X600027.SH,0.031875125179276
2019-11-06,X600027.SH,0.0293392168904466
2019-11-07,X600027.SH,0.0282191058701612
2019-11-08,X600315.SH,0.026171017474573
2019-11-11,X601088.SH,0.0239343692885247
2019-11-12,X601088.SH,0.0262954687366135
2019-11-13,X002353.SZ,0.0280856720365747
2019-11-14,X000792.SZ,0.0242579464622013
2019-11-15,X002353.SZ,0.0264689446923966
2019-11-18,X600027.SH,0.0270193100376903
2019-11-19,X600027.SH,0.0277280207010667
2019-11-20,X600027.SH,0.028320321598985
2019-11-21,X002353.SZ,0.027835689530466
2019-11-22,X002353.SZ,0.0224773205500537
2019-11-25,X000708.SZ,0.0251726424271954
2019-11-26,X000708.SZ,0.031469367201344
2019-11-27,X000792.SZ,0.0308800162076549
2019-11-28,X000792.SZ,0.0279267958228098
2019-11-29,X002353.SZ,0.0283834190042584
2019-12-02,X600027.SH,0.0234320458879835
2019-12-03,X600027.SH,0.0229738203997998
2019-12-04,X601898.SH,0.0249116490837016
2019-12-05,X600583.SH,0.0253014430036028
2019-12-06,X002353.SZ,0.0259289529484432
2019-12-09,X600583.SH,0.023701595883919
2019-12-10,X601898.SH,0.0261258036820074
2019-12-11,X601898.SH,0.023617525393976
2019-12-12,X601898.SH,0.0241561493199614
2019-12-13,X601898.SH,0.0257137694883246
2019-12-16,X601898.SH,0.0243135093592815
2019-12-17,X600309.SH,0.0223255702022287
2019-12-18,X600583.SH,0.0244526778403071
2019-12-19,X600583.SH,0.0252870488713917
2019-12-20,X600583.SH,0.0262449018706822
2019-12-23,X600583.SH,0.0252336478994738
2019-12-24,X600299.SH,0.0257113926936312
2019-12-25,X600299.SH,0.0249665579496255
2019-12-26,X600299.SH,0.0270449195024394
2019-12-27,X600309.SH,0.0223195639589611
2019-12-30,X600027.SH,0.0260156321504492
2019-12-31,X002353.SZ,0.0242270303622448
2020-01-02,X600299.SH,0.0293230036433041
2020-01-03,X000629.SZ,0.0255834748152598
2020-01-06,X600309.SH,0.0247857185978219
2020-01-07,X600299.SH,0.0296414518330588
2020-01-08,X000792.SZ,0.0284778597164713
2020-01-09,X600612.SH,0.0277701886024082
2020-01-10,X000792.SZ,0.0277884178001404
2020-01-13,X600612.SH,0.0306646877899867
2020-01-14,X000792.SZ,0.0221165407507561
2020-01-15,X600299.SH,0.0265979248576298
2020-01-16,X000792.SZ,0.0265250570365037
2020-01-17,X600299.SH,0.023732918992461
2020-01-20,X600299.SH,0.0283256516134064
2020-01-21,X002353.SZ,0.027842650713593
2020-01-22,X600299.SH,0.0258941380758547
2020-01-23,X000792.SZ,0.0172931168952009
2020-02-03,X600886.SH,0.0424544237646215
2020-02-04,X000792.SZ,0.0337667232720384
2020-02-05,X002466.SZ,0.032816443297833
2020-02-06,X002466.SZ,0.032255145232726
2020-02-07,X002466.SZ,0.0297293964172567
2020-02-10,X002466.SZ,0.0284982343678094
2020-02-11,X002466.SZ,0.0265996634420894
2020-02-12,X002466.SZ,0.0319875663854145
2020-02-13,X000792.SZ,0.0385010810535903
2020-02-14,X000792.SZ,0.0351670214617837
2020-02-17,X000792.SZ,0.0320343505992263
2020-02-18,X000818.SZ,0.0342963391798051
2020-02-19,X002460.SZ,0.0403724100986295
2020-02-20,X600583.SH,0.0376851908522879
2020-02-21,X000818.SZ,0.0378417967836997
2020-02-24,X002466.SZ,0.0377982926929386
2020-02-25,X002466.SZ,0.0332688289800637
2020-02-26,X000792.SZ,0.0274592893874492
2020-02-27,X000792.SZ,0.0291248875394054
2020-02-28,X000792.SZ,0.0321504931805924
2020-03-02,X000792.SZ,0.0365243701790861
2020-03-03,X600309.SH,0.0324251201434099
2020-03-04,X000792.SZ,0.0326163215287862
2020-03-05,X000792.SZ,0.0241509966210837
2020-03-06,X000792.SZ,0.0300483326494132
2020-03-09,X000792.SZ,0.0248913832218827
2020-03-10,X000792.SZ,0.0235080240410776
2020-03-11,X000792.SZ,0.022109368592174
2020-03-12,X000792.SZ,0.0286969216282303
2020-03-13,X000792.SZ,0.0390301251882629
2020-03-16,X002075.SZ,0.0479152431461181
2020-03-17,X000792.SZ,0.044666197703769
2020-03-18,X000708.SZ,0.0543744437808158
2020-03-19,X002075.SZ,0.0474628971482848
2020-03-20,X002075.SZ,0.0461818772594134
2020-03-23,X002075.SZ,0.0495817355117433
2020-03-24,X000792.SZ,0.0409560850656184
2020-03-25,X000792.SZ,0.0392848631672241
2020-03-26,X000792.SZ,0.0434152881433844
2020-03-27,X000708.SZ,0.0448260016519536
2020-03-30,X000708.SZ,0.0508939511205743
2020-03-31,X000723.SZ,0.0552921739944905
2020-04-01,X000708.SZ,0.0440477301138933
2020-04-02,X000792.SZ,0.0438385078547495
2020-04-03,X000553.SZ,0.0499987198921644
2020-04-07,X002075.SZ,0.0477840198459144
2020-04-08,X000792.SZ,0.0387942105417277
2020-04-09,X002075.SZ,0.037756698104533
2020-04-10,X600126.SH,0.049825344263899
2020-04-13,X600126.SH,0.0453057980770141
2020-04-14,X600299.SH,0.0462129606755974
2020-04-15,X000792.SZ,0.0518443672200272
2020-04-16,X600886.SH,0.046485384408129
2020-04-17,X000792.SZ,0.0493376894959005
2020-04-20,X000792.SZ,0.0585615491130673
2020-04-21,X000723.SZ,0.0531327447561867
2020-04-22,X000708.SZ,0.0421992283470051
2020-04-23,X000792.SZ,0.0440848538131078
2020-04-24,X000553.SZ,0.0431084228615927
2020-04-27,X000553.SZ,0.0476699354222882
2020-04-28,X002075.SZ,0.0437231640108872
2020-04-29,X000553.SZ,0.0491202309863743
2020-04-30,X000553.SZ,0.0486150037669835
2020-05-06,X600688.SH,0.0511077917464524
2020-05-07,X000553.SZ,0.0423939371733586
2020-05-08,X002075.SZ,0.0485889989543576
2020-05-11,X000553.SZ,0.044246594858574
2020-05-12,X000553.SZ,0.0417472441088314
2020-05-13,X000553.SZ,0.0469918673538537
2020-05-14,X002075.SZ,0.0437299119411313
2020-05-15,X000553.SZ,0.0445929249871379
2020-05-18,X000553.SZ,0.0412232968720324
2020-05-19,X000553.SZ,0.0379810401544127
2020-05-20,X000553.SZ,0.043530400118594
2020-05-21,X000553.SZ,0.0393382296578271
2020-05-22,X600299.SH,0.0374493741428797
2020-05-25,X000553.SZ,0.0403218496590836
2020-05-26,X000553.SZ,0.0430809892760177
2020-05-27,X600027.SH,0.0450940669515682
2020-05-28,X000553.SZ,0.0326312007170332
2020-05-29,X000553.SZ,0.0399902958790105
2020-06-01,X002075.SZ,0.041221080689323
2020-06-02,X002075.SZ,0.0338832951654591
2020-06-03,X002075.SZ,0.040926751735374
2020-06-04,X000553.SZ,0.0421342908760468
2020-06-05,X000883.SZ,0.0414972255202591
2020-06-08,X000553.SZ,0.0413861776408155
2020-06-09,X600126.SH,0.0386182704058601
2020-06-10,X002466.SZ,0.0404795868962697
2020-06-11,X000883.SZ,0.0336254154922774
2020-06-12,X600126.SH,0.0376583284941835
2020-06-15,X000883.SZ,0.0460434828372649
2020-06-16,X000883.SZ,0.0378850713711139
2020-06-17,X600126.SH,0.0499595664316251
2020-06-18,X000883.SZ,0.0381953236023128
2020-06-19,X600529.SH,0.0433413545324102
2020-06-22,X002466.SZ,0.0411251733098958
2020-06-23,X002466.SZ,0.0414243645925524
2020-06-24,X600486.SH,0.0348721200024856
2020-06-29,X002466.SZ,0.0336131247275587
2020-06-30,X002466.SZ,0.0337132348874136
2020-07-01,X600126.SH,0.0340955249165143
2020-07-02,X002466.SZ,0.0309901499301946
2020-07-03,X002460.SZ,0.0409315040808562
2020-07-06,X600126.SH,0.0371541121552738
2020-07-07,X600126.SH,0.0349590776522385
2020-07-08,X600529.SH,0.0406096639828405
2020-07-09,X600126.SH,0.0411492008376205
2020-07-10,X600126.SH,0.036237358980314
2020-07-13,X600126.SH,0.0365146757644536
2020-07-14,X002466.SZ,0.0360971678914377
2020-07-15,X600126.SH,0.0356175165673231
2020-07-16,X600126.SH,0.0356863575146691
2020-07-17,X600126.SH,0.0364187018124323
2020-07-20,X600126.SH,0.0306253833244759
2020-07-21,X600126.SH,0.0389230182255269
2020-07-22,X600126.SH,0.039885323771689
2020-07-23,X002466.SZ,0.040044094268126
2020-07-24,X002466.SZ,0.040857385462221
2020-07-27,X600126.SH,0.0464408425877556
2020-07-28,X002466.SZ,0.0455990663992258
2020-07-29,X600126.SH,0.0438552167522259
2020-07-30,X600126.SH,0.0346386200305742
2020-07-31,X600126.SH,0.0307453129516292
2020-08-03,X600126.SH,0.0384044149567685
2020-08-04,X600126.SH,0.0434950996607278
2020-08-05,X600126.SH,0.0383773252375517
2020-08-06,X600126.SH,0.0378818938750386
2020-08-07,X600126.SH,0.0489384674965346
2020-08-10,X600176.SH,0.0452123837113849
2020-08-11,X600126.SH,0.045209472081126
2020-08-12,X600111.SH,0.0374118762421718
2020-08-13,X002466.SZ,0.0492278855826549
2020-08-14,X002466.SZ,0.0494752727759521
2020-08-17,X002466.SZ,0.0444947577345503
2020-08-18,X002271.SZ,0.0491235174440476
2020-08-19,X600801.SH,0.0449297542019939
2020-08-20,X600126.SH,0.0551824144648564
2020-08-21,X000301.SZ,0.0563987608056352
2020-08-24,X002466.SZ,0.0473286115051362
2020-08-25,X002466.SZ,0.0441736037879841
2020-08-26,X600126.SH,0.0471712848027783
2020-08-27,X000708.SZ,0.0524783366022803
2020-08-28,X000708.SZ,0.0476893120730436
2020-08-31,X000959.SZ,0.047513580949854
2020-09-01,X600362.SH,0.0553177061694548
2020-09-02,X002466.SZ,0.0446324737733408
2020-09-03,X600529.SH,0.0413050025241814
2020-09-04,X002466.SZ,0.0459835707682968
2020-09-07,X002466.SZ,0.0443421532187135
2020-09-08,X600660.SH,0.0419186514397623
2020-09-09,X000708.SZ,0.0398801791907485
2020-09-10,X600529.SH,0.0541570959248554
2020-09-11,X000708.SZ,0.0498282246523121
2020-09-14,X002080.SZ,0.0498536630982407
2020-09-15,X600309.SH,0.0501855902233786
2020-09-16,X600529.SH,0.0530265944336357
2020-09-17,X600011.SH,0.0477619983370485
2020-09-18,X600660.SH,0.0456827940080471
2020-09-21,X600803.SH,0.0508717559366309
2020-09-22,X600529.SH,0.053716642318917
2020-09-23,X600176.SH,0.036849984153473
2020-09-24,X002075.SZ,0.0426134952367767
2020-09-25,X002409.SZ,0.0459958500294116
2020-09-28,X002271.SZ,0.0427161330316781
2020-09-29,X600315.SH,0.0506384137790183
2020-09-30,X600529.SH,0.0390800628621116
2020-10-09,X600529.SH,0.0379318096793238
2020-10-12,X600529.SH,0.039642849755625
2020-10-13,X600011.SH,0.0414579177550881
2020-10-14,X600011.SH,0.0413857883056627
2020-10-15,X600011.SH,0.0375171658791401
2020-10-16,X600011.SH,0.0318811329506583
2020-10-19,X600011.SH,0.0373855527457415
2020-10-20,X600426.SH,0.0361313389895782
2020-10-21,X600529.SH,0.0454608576162064
2020-10-22,X002353.SZ,0.0454784421596752
2020-10-23,X600011.SH,0.040787952387893
2020-10-26,X600309.SH,0.0353629091105483
2020-10-27,X600011.SH,0.0374174542693592
2020-10-28,X600011.SH,0.036637059223794
2020-10-29,X600426.SH,0.0260786447186793
2020-10-30,X002080.SZ,0.0367185102944928
2020-11-02,X000932.SZ,0.0339381716205469
2020-11-03,X000723.SZ,0.0376252742269215
2020-11-04,X000932.SZ,0.0379146387127396
2020-11-05,X600011.SH,0.0354041087238461
2020-11-06,X000932.SZ,0.0381032737363567
2020-11-09,X600011.SH,0.0314024073680074
2020-11-10,X600886.SH,0.0400159926512315
2020-11-11,X000932.SZ,0.040083725067517
2020-11-12,X000932.SZ,0.0423860611130817
2020-11-13,X002466.SZ,0.042759571393232
2020-11-16,X002075.SZ,0.0387918537046804
2020-11-17,X002080.SZ,0.0374212080908845
2020-11-18,X002075.SZ,0.0446407802598699
2020-11-19,X600886.SH,0.0409045910999473
2020-11-20,X600886.SH,0.0403180818563399
2020-11-23,X600886.SH,0.0373695575445378
2020-11-24,X300037.SZ,0.034163688261682
2020-11-25,X002409.SZ,0.0322004495635479
2020-11-26,X600688.SH,0.0389873117200202
2020-11-27,X600688.SH,0.0399852038429542
2020-11-30,X000301.SZ,0.038160699030416
2020-12-01,X600489.SH,0.0355695671368401
2020-12-02,X600886.SH,0.0342328286807397
2020-12-03,X600299.SH,0.0366400642791898
2020-12-04,X600299.SH,0.0378306101700931
2020-12-07,X600011.SH,0.0372903192154542
2020-12-08,X600011.SH,0.0383318740699095
2020-12-09,X000723.SZ,0.0439047323172632
2020-12-10,X002409.SZ,0.0312401611140181
2020-12-11,X002409.SZ,0.0405208278576735
2020-12-14,X600529.SH,0.0379376891915942
2020-12-15,X002271.SZ,0.0306841196364498
2020-12-16,X002271.SZ,0.0283350788637019
2020-12-17,X600886.SH,0.0284351801523902
2020-12-18,X600299.SH,0.0323936101268684
2020-12-21,X600299.SH,0.0302126595753761
2020-12-22,X600176.SH,0.0398675234662264
2020-12-23,X600299.SH,0.0318808282885493
2020-12-24,X600801.SH,0.0378062876523207
2020-12-25,X600886.SH,0.0392338827747467
2020-12-28,X600176.SH,0.0390952911692017
2020-12-29,X600176.SH,0.0402073745054346
2020-12-30,X600176.SH,0.0366063463671098
2020-12-31,X600176.SH,0.0435350476842515
2021-01-04,X600176.SH,0.0352097373455572
2021-01-05,X601168.SH,0.0409165405781587
2021-01-06,X600529.SH,0.043681269191396
2021-01-07,X600886.SH,0.0285008092171082
2021-01-08,X600299.SH,0.0397515081076892
2021-01-11,X600660.SH,0.0412619406775333
2021-01-12,X600886.SH,0.0521251509081355
2021-01-13,X002353.SZ,0.0495032417306053
2021-01-14,X600176.SH,0.0476708009907677
2021-01-15,X600660.SH,0.0436169559293198
2021-01-18,X600886.SH,0.0461289192507413
2021-01-19,X000301.SZ,0.0456806885510369
2021-01-20,X600299.SH,0.0447044612381101
2021-01-21,X600299.SH,0.044911098836702
2021-01-22,X600299.SH,0.044804200199284
2021-01-25,X600660.SH,0.0425233102261622
2021-01-26,X002466.SZ,0.0393230839837455
2021-01-27,X600299.SH,0.051833779340818
2021-01-28,X600299.SH,0.0491207935505946
2021-01-29,X000301.SZ,0.0520198399059958
2021-02-01,X000301.SZ,0.0478131760700283
2021-02-02,X000786.SZ,0.0545741762071635
2021-02-03,X002466.SZ,0.0394849409282294
2021-02-04,X000786.SZ,0.0489145378159932
2021-02-05,X002466.SZ,0.0341999225153662
2021-02-08,X002466.SZ,0.0487116405834894
2021-02-09,X002460.SZ,0.0466664769686916
2021-02-10,X600157.SH,0.0531054064638869
2021-02-18,X600157.SH,0.0486763786888012
2021-02-19,X002466.SZ,0.0378077458910925
2021-02-22,X000301.SZ,0.0531413270209158
2021-02-23,X600176.SH,0.052066031788597
2021-02-24,X600299.SH,0.0478481302684385
2021-02-25,X600299.SH,0.0481364054176631
2021-02-26,X000301.SZ,0.0461619707452787
2021-03-01,X600157.SH,0.0499267845189987
2021-03-02,X000708.SZ,0.0587622030262542
2021-03-03,X600549.SH,0.0595668868016937
2021-03-04,X000301.SZ,0.0458772022733214
2021-03-05,X000301.SZ,0.0443151090403293
2021-03-08,X000301.SZ,0.0563421568937085
2021-03-09,X600010.SH,0.056544579479388
2021-03-10,X601991.SH,0.0531309404509763
2021-03-11,X600010.SH,0.0587186492508198
2021-03-12,X600803.SH,0.0602353448201956
2021-03-15,X600803.SH,0.0567600330522077
2021-03-16,X600111.SH,0.064100671928313
2021-03-17,X600803.SH,0.0549362239375217
2021-03-18,X000708.SZ,0.0666462459000511
2021-03-19,X000708.SZ,0.0612594356294295
2021-03-22,X000708.SZ,0.0554638012308107
2021-03-23,X000708.SZ,0.0591100350662211
2021-03-24,X000708.SZ,0.0467086457651281
2021-03-25,X000708.SZ,0.0469540902472287
2021-03-26,X000708.SZ,0.050030863054062
2021-03-29,X600803.SH,0.0626199574387719
2021-03-30,X600315.SH,0.0444640153537729
2021-03-31,X000708.SZ,0.0581243236820569
2021-04-01,X000708.SZ,0.0550023560095242
2021-04-02,X600803.SH,0.0549669771857953
2021-04-06,X600803.SH,0.0538408303605172
2021-04-07,X000708.SZ,0.0621383893940335
2021-04-08,X600803.SH,0.0579539899284748
2021-04-09,X600803.SH,0.0642949050923733
2021-04-12,X600157.SH,0.04978527594956
2021-04-13,X600315.SH,0.0461007905420106
2021-04-14,X600315.SH,0.0585745638345433
2021-04-15,X600803.SH,0.0591773065801825
2021-04-16,X600803.SH,0.0528318287121052
2021-04-19,X600803.SH,0.0508350247542849
2021-04-20,X600803.SH,0.0505498690071929
2021-04-21,X000708.SZ,0.0559583628532861
2021-04-22,X600315.SH,0.0516634327513822
2021-04-23,X600315.SH,0.0527154528475645
2021-04-26,X600315.SH,0.0574392459797009
2021-04-27,X000723.SZ,0.0594543262505282
2021-04-28,X000027.SZ,0.0609200469147275
2021-04-29,X000027.SZ,0.0587955870930591
2021-04-30,X601898.SH,0.0640955655420291
2021-05-06,X000027.SZ,0.0661925691779205
2021-05-07,X600315.SH,0.0653019092009623
2021-05-10,X600315.SH,0.0597802870848712
2021-05-11,X600803.SH,0.0685112925440093
2021-05-12,X600803.SH,0.0686032321532536
2021-05-13,X002466.SZ,0.055270366138513
2021-05-14,X600795.SH,0.0623663401248743
2021-05-17,X600315.SH,0.0608668490663763
2021-05-18,X600886.SH,0.0604374536531317
2021-05-19,X600352.SH,0.0643224634544124
2021-05-20,X000027.SZ,0.0447448583956074
2021-05-21,X600315.SH,0.0599814530264071
2021-05-24,X600315.SH,0.0533459398186476
2021-05-25,X000825.SZ,0.0533918397071075
2021-05-26,X600315.SH,0.0571563367233747
2021-05-27,X002271.SZ,0.0546267006074986
2021-05-28,X002353.SZ,0.0562003193523806
2021-05-31,X002353.SZ,0.0482712305949689
2021-06-01,X002353.SZ,0.0553896997670215
2021-06-02,X000932.SZ,0.0541310950281267
2021-06-03,X002466.SZ,0.0555026984323675
2021-06-04,X000932.SZ,0.0501921918466634
2021-06-07,X600803.SH,0.049401659991819
2021-06-08,X600801.SH,0.0550822631534297
2021-06-09,X000027.SZ,0.0489081314095883
2021-06-10,X002466.SZ,0.0386746841344595
2021-06-11,X000408.SZ,0.0452821026848229
2021-06-15,X000027.SZ,0.0450738343612761
2021-06-16,X600886.SH,0.0440595462349768
2021-06-17,X000301.SZ,0.0451370084056218
2021-06-18,X000301.SZ,0.0410214095428199
2021-06-21,X002271.SZ,0.0485530354649872
2021-06-22,X000027.SZ,0.0443509174227435
2021-06-23,X002353.SZ,0.0497414414186115
2021-06-24,X000027.SZ,0.0499964280807589
2021-06-25,X000301.SZ,0.0406144291759869
2021-06-28,X002466.SZ,0.0486926168247454
2021-06-29,X600399.SH,0.0427944633944201
2021-06-30,X600399.SH,0.0436358116839687
2021-07-01,X600399.SH,0.0429525079161979
2021-07-02,X600399.SH,0.0387161233927806
2021-07-05,X600399.SH,0.0428640223838434
2021-07-06,X000301.SZ,0.0425746446270981
2021-07-07,X600315.SH,0.0471402526021506
2021-07-08,X000301.SZ,0.0363536633196888
2021-07-09,X000301.SZ,0.0387130090526011
2021-07-12,X600795.SH,0.0490936887675064
2021-07-13,X600399.SH,0.0550976507393174
2021-07-14,X600795.SH,0.0469885608605053
2021-07-15,X600795.SH,0.0462538047925894
2021-07-16,X002466.SZ,0.0444887692867548
2021-07-19,X600886.SH,0.0512603719948588
2021-07-20,X600399.SH,0.0471190376919656
2021-07-21,X600585.SH,0.050448332980943
2021-07-22,X000723.SZ,0.0432072280966738
2021-07-23,X002466.SZ,0.0481319427818649
2021-07-26,X002466.SZ,0.0371152970750328
2021-07-27,X002466.SZ,0.0470052205693026
2021-07-28,X600399.SH,0.0452182913860882
2021-07-29,X600486.SH,0.048035234519562
2021-07-30,X000301.SZ,0.0502694632132896
2021-08-02,X600486.SH,0.0443510557983003
2021-08-03,X600176.SH,0.0499399732546203
2021-08-04,X000301.SZ,0.0408215111021083
2021-08-05,X000408.SZ,0.0567004958243448
2021-08-06,X000408.SZ,0.0508113984837338
2021-08-09,X000723.SZ,0.0525404604642644
2021-08-10,X000723.SZ,0.04836155085789
2021-08-11,X000723.SZ,0.0530466508276197
2021-08-12,X600399.SH,0.0456692541872466
2021-08-13,X600399.SH,0.0497702353366747
2021-08-16,X002353.SZ,0.0487260882369893
2021-08-17,X002080.SZ,0.0480480396316806
2021-08-18,X600399.SH,0.048339028462786
2021-08-19,X600399.SH,0.0470464229130302
2021-08-20,X600399.SH,0.0514504821887748
2021-08-23,X600547.SH,0.0537868948281193
2021-08-24,X002080.SZ,0.0526823853810892
2021-08-25,X002271.SZ,0.0469431790646468
2021-08-26,X002080.SZ,0.0572475218672392
2021-08-27,X600011.SH,0.0561998652319819
2021-08-30,X002080.SZ,0.0445293945439391
2021-08-31,X600011.SH,0.0650245057560075
2021-09-01,X600399.SH,0.0485405299676613
2021-09-02,X600399.SH,0.0505326374971869
2021-09-03,X600426.SH,0.0602772659990743
2021-09-06,X600688.SH,0.0606787458617439
2021-09-07,X600011.SH,0.0634137783343512
2021-09-08,X000408.SZ,0.0627258204898703
2021-09-09,X600886.SH,0.0601409021485374
2021-09-10,X600803.SH,0.0624381173469437
2021-09-13,X600803.SH,0.0636785041607808
2021-09-14,X002326.SZ,0.0614951442719769
2021-09-15,X000408.SZ,0.0607685304032491
2021-09-16,X600803.SH,0.0535321556990284
2021-09-17,X000408.SZ,0.0598080865813696
2021-09-22,X600803.SH,0.0655899035868328
2021-09-23,X600309.SH,0.0684066721936446
2021-09-24,X600585.SH,0.0545030242127806
2021-09-27,X600309.SH,0.0673226626250079
2021-09-28,X600188.SH,0.0529517947390781
2021-09-29,X600188.SH,0.0566020992807138
2021-09-30,X002353.SZ,0.0619799537583819
2021-10-08,X300037.SZ,0.0680270608149238
2021-10-11,X600188.SH,0.0681828799944257
2021-10-12,X300037.SZ,0.0647370748805382
2021-10-13,X002271.SZ,0.0563297093007613
2021-10-14,X002271.SZ,0.0527375690903482
2021-10-15,X300037.SZ,0.0605458203585063
2021-10-18,X002271.SZ,0.0648242451923618
2021-10-19,X300037.SZ,0.0595504183262855
2021-10-20,X300037.SZ,0.0670243718099722
2021-10-21,X000786.SZ,0.0647040998861741
2021-10-22,X600803.SH,0.0756563921898398
2021-10-25,X600399.SH,0.0724038615490059
2021-10-26,X000792.SZ,0.0568878002757782
2021-10-27,X000792.SZ,0.0606246856434858
2021-10-28,X000301.SZ,0.0621650864502889
2021-10-29,X600803.SH,0.071848227726594
2021-11-01,X600803.SH,0.0572595678543977
2021-11-02,X600309.SH,0.0623417831363182
2021-11-03,X000792.SZ,0.0649641488686054
2021-11-04,X600886.SH,0.0648049161890146
2021-11-05,X600486.SH,0.0711150800467905
2021-11-08,X600660.SH,0.0557046034319589
2021-11-09,X600399.SH,0.0559141313040159
2021-11-10,X600660.SH,0.049864267727675
2021-11-11,X600660.SH,0.0592380419889847
2021-11-12,X600309.SH,0.0647753503695801
2021-11-15,X002409.SZ,0.0626475884692173
2021-11-16,X000792.SZ,0.0652995418603667
2021-11-17,X002326.SZ,0.0625643484583727
2021-11-18,X000792.SZ,0.0658407485048444
2021-11-19,X600309.SH,0.0665794340133452
2021-11-22,X002326.SZ,0.0692358385393123
2021-11-23,X600660.SH,0.0617044194349984
2021-11-24,X600399.SH,0.0602467007350291
2021-11-25,X600399.SH,0.0701181300792214
2021-11-26,X600399.SH,0.0597195913114617
2021-11-29,X600399.SH,0.0611626736649235
2021-11-30,X600399.SH,0.0636491451305885
2021-12-01,X600399.SH,0.0537868462110581
2021-12-02,X600309.SH,0.0581852805108759
2021-12-03,X300037.SZ,0.0524890001456411
2021-12-06,X002460.SZ,0.0645372188962468
2021-12-07,X002460.SZ,0.0568208758203393
2021-12-08,X600309.SH,0.0550850363162809
2021-12-09,X300037.SZ,0.0637854380323549
2021-12-10,X600547.SH,0.0592232214080513
2021-12-13,X600486.SH,0.0618196140375285
2021-12-14,X600309.SH,0.0609007150218957
2021-12-15,X300037.SZ,0.0575239909350476
2021-12-16,X300037.SZ,0.0516843756265716
2021-12-17,X300037.SZ,0.0646797116915672
2021-12-20,X000301.SZ,0.0602139778340317
2021-12-21,X600660.SH,0.0486217809483373
2021-12-22,X600486.SH,0.0536519995272956
2021-12-23,X600486.SH,0.0511320756267637
2021-12-24,X600486.SH,0.0465708719044532
2021-12-27,X600486.SH,0.0518505500696312
2021-12-28,X600486.SH,0.0448487739014833
2021-12-29,X002353.SZ,0.0466018546232371
2021-12-30,X600486.SH,0.0475415100393323
2021-12-31,X600011.SH,0.044403077038032
2022-01-04,X600486.SH,0.047121827339266
2022-01-05,X000723.SZ,0.0470485158600198
2022-01-06,X600660.SH,0.0412682930796936
2022-01-07,X600660.SH,0.0524361984893027
2022-01-10,X000723.SZ,0.0477238247793491
2022-01-11,X600660.SH,0.0485721670952874
2022-01-12,X600660.SH,0.0476410951204284
2022-01-13,X600547.SH,0.0421183704862455
2022-01-14,X600486.SH,0.0512530573740741
2022-01-17,X601991.SH,0.0520803479112686
2022-01-18,X000786.SZ,0.0479858236755016
2022-01-19,X600547.SH,0.0399399778257247
2022-01-20,X600547.SH,0.0459262631890255
2022-01-21,X600547.SH,0.0426580369270112
2022-01-24,X000301.SZ,0.0502793884508216
2022-01-25,X600547.SH,0.0410125109636371
2022-01-26,X000301.SZ,0.0382551952052026
2022-01-27,X000301.SZ,0.0482868859016566
2022-01-28,X600486.SH,0.0430635807960739
2022-02-07,X002353.SZ,0.0452800998420471
2022-02-08,X600547.SH,0.0495594143748952
2022-02-09,X600176.SH,0.0442111768051934
2022-02-10,X002353.SZ,0.05612731880296
2022-02-11,X002353.SZ,0.0481500346729715
2022-02-14,X002353.SZ,0.0493457526421662
2022-02-15,X000301.SZ,0.046356688307012
2022-02-16,X002353.SZ,0.0462250292498301
2022-02-17,X600160.SH,0.0426291382048871
2022-02-18,X002353.SZ,0.0489208747579091
2022-02-21,X600660.SH,0.0397909937975829
2022-02-22,X600660.SH,0.0478253003875323
2022-02-23,X600160.SH,0.0461543288195767
2022-02-24,X600160.SH,0.036056238264507
2022-02-25,X600426.SH,0.0342787443740518
2022-02-28,X600426.SH,0.0406380309533912
2022-03-01,X600426.SH,0.0448101933920354
2022-03-02,X600426.SH,0.0433074593108832
2022-03-03,X000301.SZ,0.043083522368143
2022-03-04,X600426.SH,0.0373813882125325
2022-03-07,X000807.SZ,0.0482708794508884
2022-03-08,X002353.SZ,0.0481117799744798
2022-03-09,X000807.SZ,0.0548786762746191
2022-03-10,X000301.SZ,0.0450930478716603
2022-03-11,X000301.SZ,0.0433723790880757
2022-03-14,X002353.SZ,0.0521327139539146
2022-03-15,X600141.SH,0.0511497783762596
2022-03-16,X000301.SZ,0.0546902639829385
2022-03-17,X600486.SH,0.0510086574385335
2022-03-18,X000301.SZ,0.0531668825326195
2022-03-21,X000301.SZ,0.0515257010199976
2022-03-22,X000301.SZ,0.0512730569082216
2022-03-23,X600660.SH,0.0576760918758073
2022-03-24,X000301.SZ,0.057416502822283
2022-03-25,X601857.SH,0.0502016079716476
2022-03-28,X000301.SZ,0.056699681853211
2022-03-29,X600886.SH,0.0576781943877987
2022-03-30,X000683.SZ,0.0452198218177953
2022-03-31,X600010.SH,0.057573339849874
2022-04-01,X601666.SH,0.0554097913531152
2022-04-06,X600886.SH,0.0581471850835734
2022-04-07,X601666.SH,0.057315088103471
2022-04-08,X000877.SZ,0.0525713978895979
2022-04-11,X600486.SH,0.0553023334190302
2022-04-12,X600886.SH,0.0599829321901418
2022-04-13,X002271.SZ,0.0586447418933277
2022-04-14,X000301.SZ,0.0485075542810819
2022-04-15,X000683.SZ,0.0509691984352831
2022-04-18,X002271.SZ,0.054539269807571
2022-04-19,X600426.SH,0.0481898124488372
2022-04-20,X600547.SH,0.0577314788214769
2022-04-21,X600547.SH,0.0556955405036825
2022-04-22,X600886.SH,0.0488313440059555
2022-04-25,X600011.SH,0.0453983010519664
2022-04-26,X600011.SH,0.0407091304813507
2022-04-27,X600011.SH,0.045218987965086
2022-04-28,X600011.SH,0.048936748465715
2022-04-29,X600011.SH,0.0508399884291917
2022-05-05,X002271.SZ,0.0548379856746214
2022-05-06,X600011.SH,0.0424944057621881
2022-05-09,X000830.SZ,0.0380054400813817
2022-05-10,X600011.SH,0.0437015223210546
2022-05-11,X600011.SH,0.0423191121242383
2022-05-12,X002460.SZ,0.0477881852070617
2022-05-13,X000983.SZ,0.0515758067051761
2022-05-16,X600011.SH,0.0437826363617714
2022-05-17,X600011.SH,0.0410451214253284
2022-05-18,X600011.SH,0.0448439058214451
2022-05-19,X600011.SH,0.0428239948656874
2022-05-20,X002466.SZ,0.044084661455091
2022-05-23,X600011.SH,0.0514386457599264
2022-05-24,X600011.SH,0.0474953405998842
2022-05-25,X600011.SH,0.0396608920002132
2022-05-26,X000301.SZ,0.0589393945602273
2022-05-27,X600111.SH,0.0500855245000069
2022-05-30,X600660.SH,0.0519758917136845
2022-05-31,X601666.SH,0.0479100254049346
2022-06-01,X600660.SH,0.0602557339879731
2022-06-02,X300073.SZ,0.0563199872053688
2022-06-06,X600660.SH,0.0523851378696134
2022-06-07,X600188.SH,0.044547468984846
2022-06-08,X002466.SZ,0.0612975791815531
2022-06-09,X600011.SH,0.0606582813196087
2022-06-10,X600188.SH,0.0621771493289238
2022-06-13,X600660.SH,0.0542587569862104
2022-06-14,X000830.SZ,0.0431045681619037
2022-06-15,X600660.SH,0.0459519759910524
2022-06-16,X600660.SH,0.036697634701825
2022-06-17,X600295.SH,0.0471785248614517
2022-06-20,X600886.SH,0.0431629384792785
2022-06-21,X600886.SH,0.0414497103754636
2022-06-22,X002271.SZ,0.0485244330743591
2022-06-23,X600795.SH,0.0437541405867072
2022-06-24,X600795.SH,0.0451845965586115
2022-06-27,X600795.SH,0.0401367325051306
2022-06-28,X002353.SZ,0.0459428668171721
2022-06-29,X600188.SH,0.0523738043229144
2022-06-30,X600011.SH,0.0480612145184324
2022-07-01,X600886.SH,0.0502602085973597
2022-07-04,X600886.SH,0.0466637850783937
2022-07-05,X600886.SH,0.0486648322649818
2022-07-06,X600886.SH,0.0509973664188498
2022-07-07,X600795.SH,0.0535367304310745
2022-07-08,X600886.SH,0.0453913290736644
2022-07-11,X600660.SH,0.0418638984603035
2022-07-12,X600660.SH,0.0415911704987015
2022-07-13,X600660.SH,0.0433078976907483
2022-07-14,X600660.SH,0.0440347713169431
2022-07-15,X002192.SZ,0.0569818352926473
2022-07-18,X600660.SH,0.0433342448049893
2022-07-19,X600795.SH,0.0527423800039522
2022-07-20,X600660.SH,0.0491148977002537
2022-07-21,X600660.SH,0.0496480250406587
2022-07-22,X600348.SH,0.0511223607774077
2022-07-25,X600348.SH,0.0545465915081423
2022-07-26,X002353.SZ,0.0471017984319581
2022-07-27,X600801.SH,0.0441226335910144
2022-07-28,X600795.SH,0.0469450836714766
2022-07-29,X600348.SH,0.0443580262245323
2022-08-01,X600801.SH,0.0417304533437791
2022-08-02,X600660.SH,0.0506580394490595
2022-08-03,X002353.SZ,0.0510802812348392
2022-08-04,X600348.SH,0.0472552320110498
2022-08-05,X000708.SZ,0.0538905690816832
2022-08-08,X000301.SZ,0.0477152875769867
2022-08-09,X600585.SH,0.0465092758094756
2022-08-10,X600585.SH,0.0437832967325698
2022-08-11,X600348.SH,0.0439417519672156
2022-08-12,X600660.SH,0.052632141279834
2022-08-15,X000301.SZ,0.0387013962204343
2022-08-16,X000408.SZ,0.0446374740785407
2022-08-17,X600660.SH,0.032556206215819
2022-08-18,X600660.SH,0.0363069195977706
2022-08-19,X000301.SZ,0.0440903176164896
2022-08-22,X000408.SZ,0.0432438398474599
2022-08-23,X600585.SH,0.0444518557869097
2022-08-24,X600803.SH,0.0461896109939193
2022-08-25,X000408.SZ,0.0495041793085161
2022-08-26,X000708.SZ,0.0513730783567105
2022-08-29,X600295.SH,0.0436197051058797
2022-08-30,X000708.SZ,0.0415891980092157
2022-08-31,X002271.SZ,0.0459123831190523
2022-09-01,X002460.SZ,0.0486513360932923
2022-09-02,X000708.SZ,0.0445452014938809
2022-09-05,X000708.SZ,0.0478628959210282
2022-09-06,X000708.SZ,0.0376474628713068
2022-09-07,X600660.SH,0.0471432043742145
2022-09-08,X000301.SZ,0.0440837982239645
2022-09-09,X000708.SZ,0.0400753791481727
2022-09-13,X000408.SZ,0.034732555242951
2022-09-14,X000408.SZ,0.0407643326023193
2022-09-15,X600660.SH,0.0363619172908248
2022-09-16,X300073.SZ,0.0404701779513879
2022-09-19,X600378.SH,0.0428469922003891
2022-09-20,X300073.SZ,0.0460927686492941
2022-09-21,X002460.SZ,0.046890180924591
2022-09-22,X600660.SH,0.043664716668215
2022-09-23,X600886.SH,0.0391357652261585
2022-09-26,X600426.SH,0.0385980333834534
2022-09-27,X600426.SH,0.0419276114862432
2022-09-28,X600660.SH,0.0404145712715946
2022-09-29,X000408.SZ,0.0420991574594428
2022-09-30,X000408.SZ,0.0376751045587552
2022-10-10,X600426.SH,0.0412759204482027
2022-10-11,X000408.SZ,0.0447307052911483
2022-10-12,X600027.SH,0.0445152728727192
2022-10-13,X000301.SZ,0.0428913733908456
2022-10-14,X600660.SH,0.039319011467338
2022-10-17,X000301.SZ,0.0390845215307371
2022-10-18,X000708.SZ,0.0270517413582084
2022-10-19,X600426.SH,0.0385769547679577
2022-10-20,X000301.SZ,0.034448779801751
2022-10-21,X000708.SZ,0.0338885717652775
2022-10-24,X000629.SZ,0.0379589685387245
2022-10-25,X600585.SH,0.0390355035861467
2022-10-26,X600399.SH,0.0350901523449092
2022-10-27,X600399.SH,0.0402646268406278
2022-10-28,X002271.SZ,0.0386202276363104
2022-10-31,X600660.SH,0.0431334732949209
2022-11-01,X002271.SZ,0.0370910709552629
2022-11-02,X600803.SH,0.0415866020079283
2022-11-03,X002271.SZ,0.0390472745190171
2022-11-04,X002271.SZ,0.0378621290523498
2022-11-07,X600886.SH,0.0417781458840792
2022-11-08,X600660.SH,0.0371689176229838
2022-11-09,X600886.SH,0.0390134169435885
2022-11-10,X600886.SH,0.0373143787675469
2022-11-11,X600803.SH,0.0370964712783505
2022-11-14,X600803.SH,0.0368136318104786
2022-11-15,X600886.SH,0.0381398500071258
2022-11-16,X600795.SH,0.043194012919849
2022-11-17,X600309.SH,0.0378498452075434
2022-11-18,X600803.SH,0.0347225769730135
2022-11-21,X600160.SH,0.0420528701996578
2022-11-22,X600803.SH,0.0427990745200003
2022-11-23,X601088.SH,0.0390343162573383
2022-11-24,X600309.SH,0.0425294894438339
2022-11-25,X000708.SZ,0.0403796912021159
2022-11-28,X600660.SH,0.0398464485317105
2022-11-29,X600219.SH,0.0374781912231473
2022-11-30,X600219.SH,0.0327961195154511
2022-12-01,X600489.SH,0.0510187911879603
2022-12-02,X600795.SH,0.0462601781183529
2022-12-05,X601699.SH,0.0469716503794308
2022-12-06,X000301.SZ,0.0464224182617801
2022-12-07,X600160.SH,0.0449565027637313
2022-12-08,X600309.SH,0.0466867779285868
2022-12-09,X600309.SH,0.0430427171416013
2022-12-12,X600160.SH,0.0450822657716035
2022-12-13,X000933.SZ,0.0443249283355268
2022-12-14,X600160.SH,0.0399960569884876
2022-12-15,X600160.SH,0.0396688879243823
2022-12-16,X000807.SZ,0.0429248295095026
2022-12-19,X600160.SH,0.0366175161681251
2022-12-20,X600803.SH,0.0439407882066849
2022-12-21,X000301.SZ,0.0415978463703116
2022-12-22,X600011.SH,0.0439367190440332
2022-12-23,X000301.SZ,0.0398577185517554
2022-12-26,X600011.SH,0.0311692462361813
2022-12-27,X600803.SH,0.0393168802338149
2022-12-28,X600378.SH,0.030198849675633
2022-12-29,X600011.SH,0.0333041166464117
2022-12-30,X600011.SH,0.0306012847187641
2023-01-03,X600378.SH,0.0398278312987676
2023-01-04,X600803.SH,0.0412633589129581
2023-01-05,X000877.SZ,0.029551696171985
2023-01-06,X600309.SH,0.0425356000676596
2023-01-09,X600011.SH,0.0404951199979709
2023-01-10,X000831.SZ,0.0422270539282856
2023-01-11,X600803.SH,0.0408462806653907
2023-01-12,X600309.SH,0.0371972075345671
2023-01-13,X600378.SH,0.0393104210196324
2023-01-16,X600309.SH,0.0363286059867305
2023-01-17,X600886.SH,0.0405174223108184
2023-01-18,X600886.SH,0.0357189190693632
2023-01-19,X600803.SH,0.0340820190924175
2023-01-20,X600803.SH,0.0345695896132584
2023-01-30,X600886.SH,0.0389343890304049
2023-01-31,X000630.SZ,0.0400363958772341
2023-02-01,X600886.SH,0.0378145533258156
2023-02-02,X600886.SH,0.0385023865171143
2023-02-03,X600309.SH,0.0359270650395095
2023-02-06,X000630.SZ,0.0341624214417891
2023-02-07,X600803.SH,0.0328644408979741
2023-02-08,X600803.SH,0.0314670487756454
2023-02-09,X600010.SH,0.0308456735246061
2023-02-10,X600309.SH,0.0320712364834022
2023-02-13,X600309.SH,0.0351813703632469
2023-02-14,X600309.SH,0.0299962927144286
2023-02-15,X600309.SH,0.0322606855794383
2023-02-16,X600660.SH,0.0324368950093634
2023-02-17,X600426.SH,0.0353234484453241
2023-02-20,X600489.SH,0.0294056680882315
2023-02-21,X600426.SH,0.0267007051718501
2023-02-22,X600426.SH,0.0285708442388203
2023-02-23,X600426.SH,0.0266436526550121
2023-02-24,X600426.SH,0.0328526112390234
2023-02-27,X600426.SH,0.0325051076929909
2023-02-28,X600426.SH,0.0291183992965312
2023-03-01,X600660.SH,0.0256164635745811
2023-03-02,X600660.SH,0.02607610474334
2023-03-03,X600426.SH,0.0280342827872281
2023-03-06,X600426.SH,0.0292688972486254
2023-03-07,X600309.SH,0.0297032285609623
2023-03-08,X000301.SZ,0.023634688790687
2023-03-09,X600803.SH,0.0279582180393289
2023-03-10,X600309.SH,0.0230166639960984
2023-03-13,X600426.SH,0.0279572983698973
2023-03-14,X600803.SH,0.0281965586002253
2023-03-15,X600426.SH,0.0318911146633484
2023-03-16,X600426.SH,0.0261666427827051
2023-03-17,X600309.SH,0.0291845949813443
2023-03-20,X600309.SH,0.0245816379350908
2023-03-21,X600426.SH,0.025592156312597
2023-03-22,X600426.SH,0.0287829296438033
2023-03-23,X600309.SH,0.0236318996955162
2023-03-24,X600803.SH,0.029484168847912
2023-03-27,X600803.SH,0.0276444066335261
2023-03-28,X600803.SH,0.0259525781339297
2023-03-29,X600803.SH,0.0267948109578979
2023-03-30,X600426.SH,0.034456029522684
2023-03-31,X000408.SZ,0.034834510665653
2023-04-03,X600426.SH,0.0276831315416503
2023-04-04,X300037.SZ,0.0307014356376002
2023-04-06,X300037.SZ,0.0312199020202569
2023-04-07,X600803.SH,0.0278916649617392
2023-04-10,X600309.SH,0.0303439684455197
2023-04-11,X600309.SH,0.0269863899828076
2023-04-12,X600995.SH,0.0282635397762922
2023-04-13,X600309.SH,0.0257278533715858
2023-04-14,X600309.SH,0.030568875013947
2023-04-17,X300037.SZ,0.0295437421453854
2023-04-18,X600309.SH,0.0317103825971721
2023-04-19,X002460.SZ,0.0338628157973464
2023-04-20,X600188.SH,0.0294350055173503
2023-04-21,X000708.SZ,0.0277963830189621
2023-04-24,X600803.SH,0.0312008306114602
2023-04-25,X000786.SZ,0.0318847312603784
2023-04-26,X600309.SH,0.0312871000445415
2023-04-27,X000786.SZ,0.0296018652860659
2023-04-28,X600309.SH,0.0348589304421101
2023-05-04,X600188.SH,0.0281925879083593
2023-05-05,X600585.SH,0.0355996086128352
2023-05-08,X000786.SZ,0.0295792265863781
2023-05-09,X600309.SH,0.0311439801925466
2023-05-10,X000786.SZ,0.0261675822795154
2023-05-11,X000786.SZ,0.0281253940145457
2023-05-12,X000786.SZ,0.0267615476684828
2023-05-15,X000786.SZ,0.0260306911751344
2023-05-16,X600011.SH,0.026696494295112
2023-05-17,X600309.SH,0.0326449089915745
2023-05-18,X600585.SH,0.0295225119883399
2023-05-19,X000786.SZ,0.0268133391794624
2023-05-22,X600309.SH,0.0300886674374684
2023-05-23,X002271.SZ,0.0263183794981125
2023-05-24,X600585.SH,0.0255013092981703
2023-05-25,X600612.SH,0.0323073389815626
2023-05-26,X600803.SH,0.0333977019657122
2023-05-29,X000786.SZ,0.0290455740581917
2023-05-30,X600612.SH,0.0301690879042106
2023-05-31,X600612.SH,0.0287604301269461
2023-06-01,X000786.SZ,0.0315347732976974
2023-06-02,X601898.SH,0.0313378511539699
2023-06-05,X600803.SH,0.0310537126521766
2023-06-06,X600803.SH,0.0268369914484387
2023-06-07,X600378.SH,0.0320589797272677
2023-06-08,X600803.SH,0.0301176181624739
2023-06-09,X600309.SH,0.0297991493934144
2023-06-12,X600612.SH,0.0346646872007435
2023-06-13,X600803.SH,0.0283798986940623
2023-06-14,X601898.SH,0.0344253619485674
2023-06-15,X600803.SH,0.0321285595163376
2023-06-16,X600378.SH,0.0292609786303187
2023-06-19,X600378.SH,0.0294010960860817
2023-06-20,X600803.SH,0.0279011673035312
2023-06-21,X600378.SH,0.0290736924258717
2023-06-26,X000786.SZ,0.0294915550258707
2023-06-27,X600378.SH,0.0335246502412936
2023-06-28,X600378.SH,0.0306730988256334
2023-06-29,X600378.SH,0.0300688416800005
2023-06-30,X600378.SH,0.0368183445557062
2023-07-03,X601898.SH,0.0339727183206641
2023-07-04,X600612.SH,0.0336476683211121
2023-07-05,X600160.SH,0.0380882134273384
2023-07-06,X600803.SH,0.0314624154227943
2023-07-07,X600378.SH,0.0328016887460096
2023-07-10,X600803.SH,0.0306453177342013
2023-07-11,X600803.SH,0.032302184996741
2023-07-12,X000539.SZ,0.0326808222873322
2023-07-13,X600378.SH,0.0361770119706204
2023-07-14,X600803.SH,0.0285729124658046
2023-07-17,X600378.SH,0.029330796056596
2023-07-18,X600378.SH,0.0297834108019593
2023-07-19,X600803.SH,0.0261290710351
2023-07-20,X600378.SH,0.0297014422190957
2023-07-21,X600378.SH,0.0270550903194341
2023-07-24,X600803.SH,0.0286938866781235
2023-07-25,X600028.SH,0.0279744303091704
2023-07-26,X600378.SH,0.0253585024382737
2023-07-27,X600612.SH,0.028500045231421
2023-07-28,X600176.SH,0.028061182851442
2023-07-31,X000301.SZ,0.0301440341285651
2023-08-01,X600803.SH,0.0313664750451211
2023-08-02,X600160.SH,0.0277576100797033
2023-08-03,X002409.SZ,0.0193667977802874
2023-08-04,X002409.SZ,0.0210134094052388
2023-08-07,X600160.SH,0.0254855459907042
2023-08-08,X600160.SH,0.0256686778970936
2023-08-09,X600176.SH,0.0247248307914006
2023-08-10,X600176.SH,0.0266483106152952
2023-08-11,X600378.SH,0.0208118969248498
2023-08-14,X000301.SZ,0.0235402651637629
2023-08-15,X600176.SH,0.026641372087152
2023-08-16,X600160.SH,0.0244319619600589
2023-08-17,X600160.SH,0.0237629838097453
2023-08-18,X600176.SH,0.0233851317612325
2023-08-21,X600176.SH,0.0247221422145124
2023-08-22,X600176.SH,0.0251067818077726
2023-08-23,X600176.SH,0.0248534503001561
2023-08-24,X600157.SH,0.0226291886948822
2023-08-25,X601857.SH,0.0228951212246255
2023-08-28,X600157.SH,0.0229762413304619
2023-08-29,X000723.SZ,0.0228300379671993
2023-08-30,X600028.SH,0.0258695104143089
2023-08-31,X600176.SH,0.0283256666063216
2023-09-01,X600176.SH,0.0266877097739549
2023-09-04,X600028.SH,0.0275879257042192
2023-09-05,X600028.SH,0.0262010510557364
2023-09-06,X600660.SH,0.0277898340812281
2023-09-07,X600612.SH,0.0287913720179003
2023-09-08,X000932.SZ,0.0289973916584639
2023-09-11,X000933.SZ,0.0291932665023302
2023-09-12,X600612.SH,0.0270437594160602
2023-09-13,X600160.SH,0.029136864164906
2023-09-14,X600160.SH,0.0234592592947658
2023-09-15,X600096.SH,0.030370793544747
2023-09-18,X000408.SZ,0.0252408622568673
2023-09-19,X000408.SZ,0.0281733507265541
2023-09-20,X000408.SZ,0.0279523600991769
2023-09-21,X600176.SH,0.0246150228508439
2023-09-22,X600028.SH,0.0256393078674726
2023-09-25,X000807.SZ,0.0262489845873155
2023-09-26,X000932.SZ,0.0269003892470275
2023-09-27,X600160.SH,0.0277912599318574
2023-09-28,X600660.SH,0.0212063462115612
2023-10-09,X000807.SZ,0.0281582875393817
2023-10-10,X600176.SH,0.0288754858467738
2023-10-11,X600612.SH,0.0216583141619417
2023-10-12,X600028.SH,0.0227521468999129
2023-10-13,X002409.SZ,0.0207063390643957
2023-10-16,X000807.SZ,0.0239245168055815
2023-10-17,X300037.SZ,0.0276822303148766
2023-10-18,X600160.SH,0.0262102510953621
2023-10-19,X600160.SH,0.0221811378455577
2023-10-20,X600160.SH,0.0242185905232482
2023-10-23,X600160.SH,0.0276108817544144
2023-10-24,X600160.SH,0.0237327692715606
2023-10-25,X600160.SH,0.0289994116028879
2023-10-26,X000408.SZ,0.026878867314109
2023-10-27,X000807.SZ,0.0314270783535811
2023-10-30,X600160.SH,0.0198987652734892
2023-10-31,X600160.SH,0.0183046670189106
2023-11-01,X600160.SH,0.0209145870040856
2023-11-02,X600160.SH,0.0199914247379556
2023-11-03,X600160.SH,0.0213638559779894
2023-11-06,X600309.SH,0.0223169316595422
2023-11-07,X600309.SH,0.0223278551459674
2023-11-08,X600160.SH,0.0213645194022916
2023-11-09,X600160.SH,0.0207007256488207
2023-11-10,X600160.SH,0.0210157449598634
2023-11-13,X600160.SH,0.0248658102691123
2023-11-14,X600160.SH,0.0189491975192951
2023-11-15,X600160.SH,0.0268041859835616
2023-11-16,X600160.SH,0.0203834114879274
2023-11-17,X600160.SH,0.0213868093753589
2023-11-20,X600160.SH,0.0268429774435386
2023-11-21,X002409.SZ,0.0251248606218049
2023-11-22,X002271.SZ,0.0314127149645849
2023-11-23,X600660.SH,0.0285277524071309
2023-11-24,X600309.SH,0.0249960553427466
2023-11-27,X600309.SH,0.0232381384559848
2023-11-28,X600426.SH,0.0241918444837265
2023-11-29,X600309.SH,0.0237797152034777
2023-11-30,X600309.SH,0.0249875766752999
2023-12-01,X002271.SZ,0.0229824586388471
2023-12-04,X000932.SZ,0.0264791126117518
2023-12-05,X600309.SH,0.0250478816912585
2023-12-06,X600309.SH,0.0261873397674323
2023-12-07,X600309.SH,0.020814713695181
2023-12-08,X600309.SH,0.0255616572861083
2023-12-11,X600309.SH,0.0249012675630235
2023-12-12,X600309.SH,0.0253416540290282
2023-12-13,X600309.SH,0.0265808314166266
2023-12-14,X000629.SZ,0.0250525520919488
2023-12-15,X600426.SH,0.025846197128364
2023-12-18,X300037.SZ,0.0285548447654096
2023-12-19,X600309.SH,0.0267734862637452
2023-12-20,X600309.SH,0.0246756406447309
2023-12-21,X600309.SH,0.0246407059614853
2023-12-22,X600309.SH,0.0237030408302626
2023-12-25,X600612.SH,0.0289842012871135
2023-12-26,X600985.SH,0.024537704380423
2023-12-27,X600612.SH,0.0220520009812612
2023-12-28,X600612.SH,0.0285332841927372
2023-12-29,X600612.SH,0.023645339304895
2024-01-02,X600612.SH,0.0241436552040282
2024-01-03,X600612.SH,0.0209996750201267
2024-01-04,X600612.SH,0.021352424662316
2024-01-05,X600612.SH,0.0259858257870558
2024-01-08,X600019.SH,0.0272534191396252
2024-01-09,X600985.SH,0.0273742455730089
2024-01-10,X600010.SH,0.027664860194714
2024-01-11,X600019.SH,0.0307809618566004
2024-01-12,X000932.SZ,0.0319951429020812
2024-01-15,X000708.SZ,0.0271316282257331
2024-01-16,X600803.SH,0.0297131913931212
2024-01-17,X002353.SZ,0.0291048687000777
2024-01-18,X002353.SZ,0.0314675740439472
2024-01-19,X000792.SZ,0.0252536452294755
2024-01-22,X002353.SZ,0.0280174576319542
2024-01-23,X600660.SH,0.0277269459745682
2024-01-24,X600660.SH,0.0252111474410355
2024-01-25,X600660.SH,0.0298194809380661
2024-01-26,X002353.SZ,0.0269333869243657
2024-01-29,X002353.SZ,0.0273565821587961
2024-01-30,X600019.SH,0.0283901924129981
2024-01-31,X600660.SH,0.023758398795396
2024-02-01,X600027.SH,0.030955943889644
2024-02-02,X000301.SZ,0.0296817241595594
2024-02-05,X000807.SZ,0.0306445301752612
2024-02-06,X600660.SH,0.0302417441761388
2024-02-07,X600027.SH,0.0289907509208427
2024-02-08,X600027.SH,0.0288153508856038
2024-02-19,X000877.SZ,0.0317832795708413
2024-02-20,X600027.SH,0.0285913263009519
2024-02-21,X600160.SH,0.022902485652104
2024-02-22,X600027.SH,0.0243472203565053
2024-02-23,X600019.SH,0.0310085743138409
2024-02-26,X600019.SH,0.0289137606166075
2024-02-27,X600027.SH,0.0285444487230068
2024-02-28,X600027.SH,0.0329660226369048
2024-02-29,X000877.SZ,0.0300749854702116
2024-03-01,X600160.SH,0.0270417668916733
2024-03-04,X600660.SH,0.0302408972930252
2024-03-05,X000877.SZ,0.0317193520318636
2024-03-06,X600660.SH,0.0334282083644926
2024-03-07,X600660.SH,0.0255619132965514
2024-03-08,X600027.SH,0.0298527848293064
2024-03-11,X600660.SH,0.0284105771385311
2024-03-12,X600660.SH,0.0300612126621076
2024-03-13,X002353.SZ,0.0280514211225826
2024-03-14,X002353.SZ,0.0277389902057395
2024-03-15,X000786.SZ,0.0282283523410536
2024-03-18,X000786.SZ,0.0322796144935363
2024-03-19,X002271.SZ,0.0401150624410142
2024-03-20,X002271.SZ,0.0397711366890017
2024-03-21,X000786.SZ,0.0344242213426027
2024-03-22,X000877.SZ,0.0308171823293044
2024-03-25,X000877.SZ,0.0336775537703481
2024-03-26,X000786.SZ,0.0295829925132021
2024-03-27,X000877.SZ,0.0321662286342202
2024-03-28,X000786.SZ,0.0244980545851474
2024-03-29,X600803.SH,0.0293957202840003
2024-04-01,X000877.SZ,0.0282030061858622
2024-04-02,X000877.SZ,0.0280941020741952
2024-04-03,X000877.SZ,0.0281577135049168
2024-04-08,X600660.SH,0.0281899150078655
2024-04-09,X000877.SZ,0.0274817849756299
2024-04-10,X000877.SZ,0.033456525996691
2024-04-11,X600160.SH,0.0340514927338272
2024-04-12,X600160.SH,0.0348919915336108
2024-04-15,X000301.SZ,0.0343685305064272
2024-04-16,X600660.SH,0.0321917151665996
2024-04-17,X002271.SZ,0.03579844356502
2024-04-18,X600309.SH,0.0370529044826339
2024-04-19,X600660.SH,0.0332036892905062
2024-04-22,X600219.SH,0.0329115731071271
2024-04-23,X000786.SZ,0.0344359614215683
2024-04-24,X600660.SH,0.03358885139631
2024-04-25,X002466.SZ,0.0337439022062564
2024-04-26,X600660.SH,0.0366277962517348
2024-04-29,X600660.SH,0.0353114196092213
2024-04-30,X002466.SZ,0.0338627501870808
2024-05-06,X000786.SZ,0.0365494009785056
2024-05-07,X000786.SZ,0.0371885209805996
2024-05-08,X000786.SZ,0.0331047974702141
2024-05-09,X000786.SZ,0.0352754642703376
2024-05-10,X002466.SZ,0.034383335131269
2024-05-13,X600995.SH,0.0347786810815338
2024-05-14,X000786.SZ,0.03228844138055
2024-05-15,X000786.SZ,0.0349213788578391
2024-05-16,X000786.SZ,0.034417961948928
2024-05-17,X600660.SH,0.0374908448366953
2024-05-20,X600660.SH,0.0347878563861351
2024-05-21,X601168.SH,0.0431885949636915
2024-05-22,X600995.SH,0.0337654533172161
2024-05-23,X000786.SZ,0.0303792732370204
2024-05-24,X600660.SH,0.0318541706400412
2024-05-27,X600176.SH,0.0330854993344183
2024-05-28,X600426.SH,0.034110825223326
2024-05-29,X600160.SH,0.036315338558743
2024-05-30,X600160.SH,0.0366705036690276
2024-05-31,X000877.SZ,0.0357374349797848
2024-06-03,X600160.SH,0.0350055392771149
2024-06-04,X000877.SZ,0.0347342790654578
2024-06-05,X000877.SZ,0.0346999071882256
2024-06-06,X000877.SZ,0.0295097231882857
2024-06-07,X000877.SZ,0.0283332963739972
2024-06-11,X000877.SZ,0.0300725463809029
2024-06-12,X000877.SZ,0.0295086496038013
2024-06-13,X601088.SH,0.0325946660793648
2024-06-14,X600160.SH,0.0410291789649015
2024-06-17,X002409.SZ,0.0364055789506795
2024-06-18,X600348.SH,0.0352721839523488
2024-06-19,X600660.SH,0.0353804153160091
2024-06-20,X600160.SH,0.0369773861591672
2024-06-21,X600426.SH,0.037197875211849
2024-06-24,X002409.SZ,0.0337374751182508
2024-06-25,X601088.SH,0.024857730460889
2024-06-26,X601088.SH,0.0258621615892353
2024-06-27,X601088.SH,0.0301807482521493
2024-06-28,X601088.SH,0.0338117757952844
2024-07-01,X601088.SH,0.0307912871473366
2024-07-02,X600176.SH,0.0271810446111884
2024-07-03,X601088.SH,0.0292333283751433
2024-07-04,X600660.SH,0.0289007625229835
2024-07-05,X000792.SZ,0.0336125933860532
2024-07-08,X600660.SH,0.0364248515390782
2024-07-09,X600019.SH,0.0331235862079555
2024-07-10,X600309.SH,0.0365648523763503
2024-07-11,X600176.SH,0.0282183080855152
2024-07-12,X600309.SH,0.0307849025541095
2024-07-15,X600309.SH,0.0302160826539282
2024-07-16,X601991.SH,0.0344657872294785
2024-07-17,X002353.SZ,0.038622695158219
2024-07-18,X601991.SH,0.0294560514278468
2024-07-19,X600176.SH,0.0296617109309775
2024-07-22,X600176.SH,0.0357678335119232
2024-07-23,X600660.SH,0.0352454717115292
2024-07-24,X600176.SH,0.0312221479701806
2024-07-25,X600176.SH,0.0267929264099742
2024-07-26,X600027.SH,0.0313770455731535
2024-07-29,X600176.SH,0.0248847021334053
2024-07-30,X600176.SH,0.0282873675597534
2024-07-31,X600176.SH,0.0269120955248369
2024-08-01,X600176.SH,0.0267203166065098
2024-08-02,X600176.SH,0.0279438206006306
2024-08-05,X601991.SH,0.0276011277434848
2024-08-06,X600176.SH,0.0306600259153937
2024-08-07,X600176.SH,0.0264240759132694
2024-08-08,X600176.SH,0.0289563589202207
2024-08-09,X600176.SH,0.0284957096345514
2024-08-12,X600176.SH,0.0277977650759557
2024-08-13,X600660.SH,0.0327141110464839
2024-08-14,X600378.SH,0.0248385162418706
2024-08-15,X601168.SH,0.0308972983756327
2024-08-16,X600309.SH,0.0334588760539841
2024-08-19,X600176.SH,0.033680953553481
2024-08-20,X601168.SH,0.0276674934030542
2024-08-21,X000792.SZ,0.0319481265880025
2024-08-22,X600660.SH,0.0278820272128509
2024-08-23,X601168.SH,0.0326465329070745
2024-08-26,X600660.SH,0.0298231828514453
2024-08-27,X600188.SH,0.0306729565573232
2024-08-28,X600378.SH,0.0326120479742774
2024-08-29,X600660.SH,0.0309952885985094
2024-08-30,X600309.SH,0.0310726938087004
2024-09-02,X600160.SH,0.033519313265936
2024-09-03,X600299.SH,0.0313219133549378
2024-09-04,X600299.SH,0.0281524230146804
2024-09-05,X600299.SH,0.0273712270528827
2024-09-06,X600160.SH,0.0246419496948453
2024-09-09,X600299.SH,0.0284212582352488
2024-09-10,X600299.SH,0.0292332282675815
2024-09-11,X600299.SH,0.0293852303600112
2024-09-12,X600299.SH,0.0315986154840268
2024-09-13,X600803.SH,0.0311616071006538
2024-09-18,X600176.SH,0.033806352367428
2024-09-19,X000883.SZ,0.0322257826131097
2024-09-20,X600019.SH,0.029749726100384
2024-09-23,X600019.SH,0.0295862922720229
2024-09-24,X600019.SH,0.0380451866681257
2024-09-25,X600378.SH,0.0316658912255023
2024-09-26,X600019.SH,0.0314202357050507
2024-09-27,X600160.SH,0.0279247765802016
2024-09-30,X600160.SH,0.0281951662085973
2024-10-08,X002271.SZ,0.0407002134751162
2024-10-09,X600660.SH,0.0336497927158719
2024-10-10,X600378.SH,0.0277065078186468
2024-10-11,X600660.SH,0.0293599673056801
2024-10-14,X600660.SH,0.0336586481702749
2024-10-15,X600660.SH,0.0329634110400096
2024-10-16,X600660.SH,0.0355748585647428
2024-10-17,X600660.SH,0.0323384695537105
2024-10-18,X600660.SH,0.0339560150107226
2024-10-21,X002409.SZ,0.0385424165531771
2024-10-22,X600660.SH,0.0321990189101872
2024-10-23,X002271.SZ,0.0377652444735929
2024-10-24,X600299.SH,0.0327513181598498
2024-10-25,X002271.SZ,0.0407949795241066
2024-10-28,X600585.SH,0.0406920096105057
2024-10-29,X600660.SH,0.0312209825308831
2024-10-30,X600660.SH,0.0386667682699677
2024-10-31,X600660.SH,0.039298881697576
2024-11-01,X600585.SH,0.0398102163608362
2024-11-04,X600660.SH,0.0359872058603995
2024-11-05,X600660.SH,0.0337060182318684
2024-11-06,X600660.SH,0.033167439196632
2024-11-07,X600660.SH,0.0370764833108957
2024-11-08,X600660.SH,0.0383744512384786
2024-11-11,X002409.SZ,0.0382666396096217
2024-11-12,X600660.SH,0.0414451596533696
2024-11-13,X600660.SH,0.0337329460510177
2024-11-14,X600660.SH,0.0408842316462492
2024-11-15,X600660.SH,0.0353357848503958
2024-11-18,X600660.SH,0.037470706289599
2024-11-19,X600660.SH,0.0297554979817852
2024-11-20,X600660.SH,0.0435907661587961
2024-11-21,X000301.SZ,0.0457599299255254
2024-11-22,X600660.SH,0.040653935454183
2024-11-25,X600660.SH,0.0402938529600762
2024-11-26,X600660.SH,0.0375748502527321
2024-11-27,X600660.SH,0.0350688450968545
2024-11-28,X600660.SH,0.036630133200432
2024-11-29,X600660.SH,0.0372659845391338
2024-12-02,X600660.SH,0.034440250486159
2024-12-03,X002353.SZ,0.040240424493223
2024-12-04,X600660.SH,0.0422786147990388
2024-12-05,X600160.SH,0.0426900442876805
2024-12-06,X002353.SZ,0.0409885122917687
2024-12-09,X600219.SH,0.0444305548155044
2024-12-10,X600219.SH,0.0399321442945324
2024-12-11,X000786.SZ,0.0416611446974334
2024-12-12,X600219.SH,0.0404586325185162
2024-12-13,X002353.SZ,0.0522317988395776
2024-12-16,X000786.SZ,0.0407932786277018
2024-12-17,X600660.SH,0.0366570935261639
2024-12-18,X002466.SZ,0.0477945987131964
2024-12-19,X600378.SH,0.0360005974023759
2024-12-20,X600660.SH,0.0442992255737013
2024-12-23,X600660.SH,0.0515155178278793
2024-12-24,X600660.SH,0.0423947956880523
2024-12-25,X600660.SH,0.0359109995300083
2024-12-26,X600219.SH,0.0383450753374107
2024-12-27,X600378.SH,0.0428146835266337
2024-12-30,X600660.SH,0.0546943382098582
2024-12-31,X600660.SH,0.0408308604571315
2025-01-02,X002353.SZ,0.0553609516667415
2025-01-03,X600886.SH,0.0338759128579364
2025-01-06,X600886.SH,0.0455498869743358
2025-01-07,X600585.SH,0.0385915329963731
2025-01-08,X600795.SH,0.029435645072973
2025-01-09,X600027.SH,0.041164697238488
2025-01-10,X000301.SZ,0.0341466589755878
2025-01-13,X002353.SZ,0.0328244790466791
2025-01-14,X000786.SZ,0.0374644669730725
2025-01-15,X600489.SH,0.0415085568952354
2025-01-16,X600660.SH,0.0423891472239068
2025-01-17,X002271.SZ,0.0421395880785005
2025-01-20,X600378.SH,0.0447137485557987
2025-01-21,X600299.SH,0.0316672243276906
2025-01-22,X600299.SH,0.0349009346751431
2025-01-23,X002353.SZ,0.0290990550427205
2025-01-24,X600176.SH,0.0433969186533607
2025-01-27,X600547.SH,0.038080020318175
