date,name,lambda
2014-10-15,X000629.SZ,0.0743109284779185
2014-10-16,X000983.SZ,0.0612747261862375
2014-10-17,X601158.SH,0.0601400748869469
2014-10-20,X000937.SZ,0.0538331799794958
2014-10-21,X600111.SH,0.0684418940158548
2014-10-22,X600111.SH,0.0711260478058297
2014-10-23,X600111.SH,0.058243900898907
2014-10-24,X601158.SH,0.0653655585517226
2014-10-27,X601158.SH,0.0619165063356323
2014-10-28,X600362.SH,0.0618279036252659
2014-10-29,X601158.SH,0.0643379457438854
2014-10-30,X600111.SH,0.064286381870057
2014-10-31,X600362.SH,0.0640657999847143
2014-11-03,X600547.SH,0.099889699370708
2014-11-04,X600111.SH,0.0633878842718684
2014-11-05,X600111.SH,0.0605615905861663
2014-11-06,X600111.SH,0.0682305402814262
2014-11-07,X600111.SH,0.065016992059927
2014-11-10,X600111.SH,0.064954713422284
2014-11-11,X600111.SH,0.0643890157184244
2014-11-12,X600098.SH,0.0587812469679186
2014-11-13,X601699.SH,0.0622581871602023
2014-11-14,X601600.SH,0.0566427351147129
2014-11-17,X600188.SH,0.0609322033889623
2014-11-18,X000898.SZ,0.0524709192559155
2014-11-19,X000898.SZ,0.0563599099614036
2014-11-20,X000898.SZ,0.0556840319895479
2014-11-21,X000898.SZ,0.0557262817818922
2014-11-24,X000898.SZ,0.0659208589216397
2014-11-25,X000539.SZ,0.0531152474955263
2014-11-26,X000825.SZ,0.0770079647069986
2014-11-27,X000825.SZ,0.0765161813063367
2014-11-28,X000539.SZ,0.0542174353472899
2014-12-01,X600547.SH,0.17132
2014-12-02,X600547.SH,0.37571
2014-12-03,X600547.SH,0.4171
2014-12-04,X600547.SH,0.46397
2014-12-05,X600111.SH,0.0630855454164621
2014-12-08,X600547.SH,0.3523
2014-12-09,X600362.SH,0.0797786288034509
2014-12-10,X600362.SH,0.0781758296653029
2014-12-11,X601158.SH,0.0739095204399614
2014-12-12,X600362.SH,0.0685616526800855
2014-12-15,X601898.SH,0.0755482179845183
2014-12-16,X600111.SH,0.0802252393947973
2014-12-17,X601898.SH,0.07051270875712
2014-12-18,X600111.SH,0.074297704718439
2014-12-19,X600111.SH,0.0840246616988564
2014-12-22,X601600.SH,0.0778489240675286
2014-12-23,X600578.SH,0.100501171875751
2014-12-24,X000983.SZ,0.109083662532421
2014-12-25,X600362.SH,0.106891159993346
2014-12-26,X000983.SZ,0.115551490129951
2014-12-29,X601158.SH,0.104258904444936
2014-12-30,X000539.SZ,0.123643188877647
2014-12-31,X000539.SZ,0.125045490576789
2015-01-05,X000539.SZ,0.129787218013326
2015-01-06,X600578.SH,0.128209846896213
2015-01-07,X000539.SZ,0.125389134827699
2015-01-08,X000539.SZ,0.136879475276174
2015-01-09,X600578.SH,0.108397306363433
2015-01-12,X000898.SZ,0.110418237585522
2015-01-13,X000898.SZ,0.115858182561084
2015-01-14,X000898.SZ,0.116125937103484
2015-01-15,X600583.SH,0.106119801813035
2015-01-16,X601600.SH,0.106178429563535
2015-01-19,X000539.SZ,0.140921775207246
2015-01-20,X600795.SH,0.143395663435458
2015-01-21,X600795.SH,0.153417727489835
2015-01-22,X601991.SH,0.160409377822751
2015-01-23,X601991.SH,0.153729423365601
2015-01-26,X000539.SZ,0.160109120444086
2015-01-27,X601991.SH,0.155128087289418
2015-01-28,X000539.SZ,0.167708869324009
2015-01-29,X601991.SH,0.161554956476571
2015-01-30,X601991.SH,0.163851310381994
2015-02-02,X000539.SZ,0.175633749095411
2015-02-03,X600583.SH,0.179463696355051
2015-02-04,X000539.SZ,0.180497788475978
2015-02-05,X600795.SH,0.160946207616552
2015-02-06,X000539.SZ,0.143145951203902
2015-02-09,X000883.SZ,0.25614
2015-02-10,X000883.SZ,0.45125
2015-02-11,X000883.SZ,0.32294
2015-02-12,X000883.SZ,0.232835
2015-02-13,X601699.SH,0.159371005667911
2015-02-16,X600886.SH,0.148871513736217
2015-02-17,X601699.SH,0.140227587606991
2015-02-25,X601699.SH,0.132666222157215
2015-02-26,X000060.SZ,0.150278469328336
2015-02-27,X601699.SH,0.155763442991857
2015-03-02,X601699.SH,0.151817165994934
2015-03-03,X601898.SH,0.147807279646706
2015-03-04,X601898.SH,0.159086649949023
2015-03-05,X601699.SH,0.148349773961791
2015-03-06,X601898.SH,0.143912505769834
2015-03-09,X601699.SH,0.151066984638483
2015-03-10,X601699.SH,0.14140366484174
2015-03-11,X000983.SZ,0.185790255789788
2015-03-12,X000898.SZ,0.144061110321206
2015-03-13,X000898.SZ,0.145214527366303
2015-03-16,X000027.SZ,0.165989795741522
2015-03-17,X000898.SZ,0.156502274847033
2015-03-18,X000898.SZ,0.152758015767743
2015-03-19,X000898.SZ,0.155743861027292
2015-03-20,X000060.SZ,0.139552357145416
2015-03-23,X601898.SH,0.158622452112863
2015-03-24,X601898.SH,0.14696663989307
2015-03-25,X000027.SZ,0.171343352233956
2015-03-26,X000027.SZ,0.174079796823438
2015-03-27,X000027.SZ,0.179177779674358
2015-03-30,X600011.SH,0.157011126591903
2015-03-31,X601898.SH,0.157461445672818
2015-04-01,X601898.SH,0.166320186094091
2015-04-02,X601898.SH,0.159944396226891
2015-04-03,X601898.SH,0.162821834318094
2015-04-07,X601898.SH,0.156830210028605
2015-04-08,X000060.SZ,0.153488362433044
2015-04-09,X000060.SZ,0.150588659937475
2015-04-10,X601898.SH,0.140324153803555
2015-04-13,X600111.SH,0.146494191120318
2015-04-14,X600111.SH,0.157388581695136
2015-04-15,X601898.SH,0.155245420011221
2015-04-16,X601898.SH,0.150498280455569
2015-04-17,X601898.SH,0.153836104026952
2015-04-20,X601898.SH,0.153809369553124
2015-04-21,X601898.SH,0.153487850093717
2015-04-22,X000709.SZ,0.15624122085849
2015-04-23,X601898.SH,0.16390440652732
2015-04-24,X601992.SH,0.0931541149318088
2015-04-27,X600315.SH,0.112427552253752
2015-04-28,X600863.SH,0.113233995508912
2015-04-29,X600863.SH,0.105326368500915
2015-04-30,X000629.SZ,0.101899755736764
2015-05-04,X600795.SH,0.0810704675142344
2015-05-05,X000898.SZ,0.0932149383783192
2015-05-06,X000898.SZ,0.0966231356378057
2015-05-07,X601898.SH,0.112942413729122
2015-05-08,X601898.SH,0.102487478846673
2015-05-11,X000539.SZ,0.0954638170815472
2015-05-12,X000883.SZ,0.30903
2015-05-13,X000883.SZ,0.188945
2015-05-14,X000883.SZ,0.737845
2015-05-15,X000883.SZ,0.122269889096293
2015-05-18,X000883.SZ,0.48509
2015-05-19,X000883.SZ,0.13087054728293
2015-05-20,X600011.SH,0.120900887845606
2015-05-21,X600011.SH,0.12135438477815
2015-05-22,X600011.SH,0.12344737837445
2015-05-25,X600578.SH,0.126085006977875
2015-05-26,X600578.SH,0.124881826651348
2015-05-27,X000883.SZ,1.081435
2015-05-28,X000630.SZ,0.67194
2015-05-29,X000630.SZ,0.24082
2015-06-01,X000898.SZ,0.167273153562831
2015-06-02,X601088.SH,0.143225613911498
2015-06-03,X000898.SZ,0.159603262874445
2015-06-04,X000060.SZ,0.144249109880172
2015-06-05,X000898.SZ,0.17569403579672
2015-06-08,X000898.SZ,0.17223551060041
2015-06-09,X601088.SH,0.172231731790243
2015-06-10,X600362.SH,0.158300527526843
2015-06-11,X601088.SH,0.15374266793276
2015-06-12,X600019.SH,0.154204817588627
2015-06-15,X600011.SH,0.173745356011215
2015-06-16,X000898.SZ,0.164899469386589
2015-06-17,X600157.SH,0.190634686900949
2015-06-18,X600157.SH,0.185741254894695
2015-06-19,X601898.SH,0.174612030383696
2015-06-23,X601898.SH,0.189226943200687
2015-06-24,X601898.SH,0.18797671503826
2015-06-25,X000709.SZ,0.18238779133525
2015-06-26,X600098.SH,0.185596382505041
2015-06-29,X000709.SZ,0.180602956022305
2015-06-30,X000898.SZ,0.18905650142667
2015-07-01,X000709.SZ,0.18963140518756
2015-07-02,X000709.SZ,0.198816155856113
2015-07-03,X000786.SZ,0.843325
2015-07-06,X600021.SH,0.234728515384991
2015-07-07,X000786.SZ,0.24222
2015-07-08,X000629.SZ,0.204574116053235
2015-07-09,X600019.SH,0.228953761973096
2015-07-10,X600157.SH,0.237083257671716
2015-07-13,X600489.SH,0.248191861349586
2015-07-14,X600489.SH,0.247860498822106
2015-07-15,X000959.SZ,0.84393
2015-07-16,X000959.SZ,2.071785
2015-07-17,X000959.SZ,0.50069
2015-07-20,X000959.SZ,0.616925
2015-07-21,X600188.SH,0.264730099342616
2015-07-22,X000825.SZ,0.240931438464147
2015-07-23,X600352.SH,0.243468931130479
2015-07-24,X600027.SH,0.259367812686014
2015-07-27,X601991.SH,0.264765463203987
2015-07-28,X000027.SZ,0.258685930933088
2015-07-29,X000027.SZ,0.323751452218161
2015-07-30,X000027.SZ,0.253961322212997
2015-07-31,X000027.SZ,0.263365001988152
2015-08-03,X000027.SZ,0.267823478311275
2015-08-04,X000027.SZ,0.329483904010967
2015-08-05,X000027.SZ,0.29792816869461
2015-08-06,X000629.SZ,0.318011051877614
2015-08-07,X000629.SZ,0.276206811059733
2015-08-10,X000027.SZ,0.2524201504434
2015-08-11,X600027.SH,0.263749201089046
2015-08-12,X000027.SZ,0.30357331827006
2015-08-13,X000027.SZ,0.265696060245059
2015-08-14,X000878.SZ,0.33257
2015-08-17,X000878.SZ,0.31795
2015-08-18,X002353.SZ,0.80959
2015-08-19,X000878.SZ,0.593895
2015-08-20,X000878.SZ,0.460905
2015-08-21,X000878.SZ,0.293825
2015-08-24,X000878.SZ,0.540305
2015-08-25,X000878.SZ,0.445425
2015-08-26,X000878.SZ,0.590385
2015-08-27,X000878.SZ,0.64975
2015-08-28,X000878.SZ,0.54801
2015-08-31,X600352.SH,0.284672943517517
2015-09-01,X600660.SH,0.280051640401475
2015-09-02,X600352.SH,0.29037760380015
2015-09-07,X000027.SZ,0.26851857123906
2015-09-08,X000539.SZ,0.263835819610428
2015-09-09,X600352.SH,0.284188261299771
2015-09-10,X600352.SH,0.28468189100441
2015-09-11,X600352.SH,0.284827841811317
2015-09-14,X600489.SH,0.290272870159473
2015-09-15,X002075.SZ,0.659425
2015-09-16,X002075.SZ,0.71571
2015-09-17,X600886.SH,1.184925
2015-09-18,X002075.SZ,0.69691
2015-09-21,X002075.SZ,0.305981111394658
2015-09-22,X002075.SZ,0.713495
2015-09-23,X600352.SH,0.281499383139803
2015-09-24,X600623.SH,0.734325
2015-09-25,X600623.SH,0.771015
2015-09-28,X600362.SH,0.277100306586329
2015-09-29,X601600.SH,0.263076358083146
2015-09-30,X002353.SZ,0.296595
2015-10-08,X600362.SH,0.265175183421184
2015-10-09,X600362.SH,0.281081476428229
2015-10-12,X600795.SH,0.236878545875992
2015-10-13,X600352.SH,0.29892719966329
2015-10-14,X600795.SH,0.27583772894147
2015-10-15,X600362.SH,0.291350936947824
2015-10-16,X600795.SH,0.292655334688721
2015-10-19,X600352.SH,0.291421891309616
2015-10-20,X600362.SH,0.288641304610272
2015-10-21,X600795.SH,0.294942056125489
2015-10-22,X600795.SH,0.293113623190364
2015-10-23,X600795.SH,0.293748194155652
2015-10-26,X600795.SH,0.283651448060861
2015-10-27,X000630.SZ,0.52014
2015-10-28,X000630.SZ,0.798045
2015-10-29,X600795.SH,0.274244548437508
2015-10-30,X600808.SH,0.268872128332854
2015-11-02,X600795.SH,0.248090657688557
2015-11-03,X600795.SH,0.254694470099666
2015-11-04,X600795.SH,0.25400232373818
2015-11-05,X600863.SH,0.253236648846882
2015-11-06,X600362.SH,0.241081195869663
2015-11-09,X600795.SH,0.237359469254751
2015-11-10,X000792.SZ,0.223282568490087
2015-11-11,X600795.SH,0.222612215279052
2015-11-12,X600795.SH,0.22534965600312
2015-11-13,X600019.SH,0.214624672397103
2015-11-16,X600795.SH,0.211973061925637
2015-11-17,X600019.SH,0.207538926838056
2015-11-18,X600808.SH,0.210309279525468
2015-11-19,X600808.SH,0.198920669550222
2015-11-20,X600795.SH,0.190937831965452
2015-11-23,X600307.SH,0.198972380066349
2015-11-24,X600660.SH,0.194604993336638
2015-11-25,X000539.SZ,0.18258327924646
2015-11-26,X600688.SH,0.187999660591359
2015-11-27,X600795.SH,0.195056569237965
2015-11-30,X600352.SH,0.170839889407858
2015-12-01,X600863.SH,0.162051502901449
2015-12-02,X601992.SH,0.140553327075831
2015-12-03,X000539.SZ,0.133832604174076
2015-12-04,X000629.SZ,0.152355865700309
2015-12-07,X000629.SZ,0.202252760572199
2015-12-08,X600863.SH,0.127124306141865
2015-12-09,X000060.SZ,0.161969430434625
2015-12-10,X600022.SH,0.133885742509638
2015-12-11,X600022.SH,0.175500179425936
2015-12-14,X600022.SH,0.176057041013968
2015-12-15,X600022.SH,0.170460996973555
2015-12-16,X000539.SZ,0.152749212627851
2015-12-17,X600022.SH,0.131245067028842
2015-12-18,X000898.SZ,0.112716155502397
2015-12-21,X600021.SH,0.120498435035441
2015-12-22,X600157.SH,0.127771711991556
2015-12-23,X600022.SH,0.13086592035428
2015-12-24,X600022.SH,0.127824266153916
2015-12-25,X600157.SH,0.120731358757241
2015-12-28,X600022.SH,0.129995716918722
2015-12-29,X600022.SH,0.129571151115875
2015-12-30,X000898.SZ,0.136293910607278
2015-12-31,X600027.SH,0.134585883943426
2016-01-04,X600886.SH,0.16533189020083
2016-01-05,X600098.SH,0.156982876667936
2016-01-06,X600886.SH,0.16612161510439
2016-01-07,X601991.SH,0.172373120271583
2016-01-08,X600795.SH,0.210512549145063
2016-01-11,X600795.SH,0.200031271483533
2016-01-12,X601600.SH,0.185587003166595
2016-01-13,X000539.SZ,0.179774619910362
2016-01-14,X000709.SZ,0.17076501320289
2016-01-15,X601600.SH,0.19063773047529
2016-01-18,X601600.SH,0.200991138434979
2016-01-19,X000539.SZ,0.192176221995752
2016-01-20,X601088.SH,0.162123414949994
2016-01-21,X601088.SH,0.176224124690953
2016-01-22,X601088.SH,0.169204142426109
2016-01-25,X601088.SH,0.162284401261281
2016-01-26,X000539.SZ,0.190634124996395
2016-01-27,X000539.SZ,0.18727328731296
2016-01-28,X600578.SH,0.421775
2016-01-29,X600578.SH,0.265255
2016-02-01,X601991.SH,0.209693532201931
2016-02-02,X000539.SZ,0.197610211000638
2016-02-03,X601158.SH,0.178097285275885
2016-02-04,X000539.SZ,0.191647056241892
2016-02-05,X601898.SH,0.171007680109443
2016-02-15,X000539.SZ,0.190396390869935
2016-02-16,X000539.SZ,0.225779379747608
2016-02-17,X000539.SZ,0.214317829025001
2016-02-18,X600886.SH,0.196730319892057
2016-02-19,X000539.SZ,0.205717322011819
2016-02-22,X600098.SH,0.205082961362043
2016-02-23,X601898.SH,0.181263689435334
2016-02-24,X600098.SH,0.19277913604757
2016-02-25,X000539.SZ,0.197104656898949
2016-02-26,X000539.SZ,0.19982458105754
2016-02-29,X000539.SZ,0.198454857116335
2016-03-01,X000539.SZ,0.188759232037657
2016-03-02,X000539.SZ,0.190016025500835
2016-03-03,X000539.SZ,0.185241063238235
2016-03-04,X601991.SH,0.196882696778694
2016-03-07,X601857.SH,0.192586926406566
2016-03-08,X000539.SZ,0.20220214968204
2016-03-09,X000539.SZ,0.208365874118897
2016-03-10,X600795.SH,0.152783746589837
2016-03-11,X601991.SH,0.152878441030439
2016-03-14,X600583.SH,0.17029408339872
2016-03-15,X000539.SZ,0.187073657413275
2016-03-16,X600795.SH,0.156013878897973
2016-03-17,X601991.SH,0.152873714956133
2016-03-18,X601898.SH,0.192962569460901
2016-03-21,X000630.SZ,0.226189671700305
2016-03-22,X601898.SH,0.193775324371366
2016-03-23,X601898.SH,0.209677531078381
2016-03-24,X000539.SZ,0.196960966379013
2016-03-25,X600795.SH,0.230876768160226
2016-03-28,X600583.SH,0.167359760987394
2016-03-29,X000539.SZ,0.203604199027023
2016-03-30,X601991.SH,0.18123949468357
2016-03-31,X600022.SH,0.176993790047462
2016-04-01,X601991.SH,0.180599396510926
2016-04-05,X601991.SH,0.188031011399278
2016-04-06,X000012.SZ,0.180169084519584
2016-04-07,X000539.SZ,0.178816987289716
2016-04-08,X000539.SZ,0.201906969024072
2016-04-11,X601991.SH,0.184858508512175
2016-04-12,X000539.SZ,0.167047060594606
2016-04-13,X000629.SZ,0.191495794059934
2016-04-14,X000883.SZ,0.157695230471105
2016-04-15,X601898.SH,0.155918868487873
2016-04-18,X601991.SH,0.13216112609739
2016-04-19,X000883.SZ,0.201204488063024
2016-04-20,X600583.SH,0.152035383598632
2016-04-21,X600886.SH,0.148739714806519
2016-04-22,X600886.SH,0.154416328923645
2016-04-25,X000723.SZ,0.145614050141741
2016-04-26,X600886.SH,0.151419849027044
2016-04-27,X000883.SZ,0.17803159133556
2016-04-28,X000883.SZ,0.162547662709388
2016-04-29,X600027.SH,0.194338557670444
2016-05-03,X600027.SH,0.141837651355347
2016-05-04,X600027.SH,0.14352777796068
2016-05-05,X600022.SH,0.124959654579462
2016-05-06,X600583.SH,0.123017176736928
2016-05-09,X000709.SZ,0.12624453977264
2016-05-10,X600027.SH,0.124888793974682
2016-05-11,X000709.SZ,0.141389387039081
2016-05-12,X000709.SZ,0.14033992079666
2016-05-13,X000709.SZ,0.151480498511497
2016-05-16,X000709.SZ,0.135952543524856
2016-05-17,X600027.SH,0.141252791450632
2016-05-18,X000709.SZ,0.129725130834201
2016-05-19,X600027.SH,0.152010021344027
2016-05-20,X600027.SH,0.151241372018712
2016-05-23,X600027.SH,0.152168518189525
2016-05-24,X600027.SH,0.127180323181725
2016-05-25,X600027.SH,0.130580109139176
2016-05-26,X000792.SZ,0.0935050444237295
2016-05-27,X600098.SH,0.0878323684578397
2016-05-30,X600188.SH,0.0721223062640694
2016-05-31,X600352.SH,0.0719548865799976
2016-06-01,X600795.SH,0.0815947303770323
2016-06-02,X600547.SH,0.0701674376815884
2016-06-03,X000709.SZ,0.0843279178388901
2016-06-06,X601600.SH,0.063914973007911
2016-06-07,X000709.SZ,0.0779519294400803
2016-06-08,X600795.SH,0.0774601217430324
2016-06-13,X000709.SZ,0.0782157702428144
2016-06-14,X000709.SZ,0.0840543311518022
2016-06-15,X601158.SH,0.0755745797859938
2016-06-16,X600795.SH,0.0625213428098945
2016-06-17,X601158.SH,0.0831476750926562
2016-06-20,X000539.SZ,0.0613038834326332
2016-06-21,X600188.SH,0.0677765397685244
2016-06-22,X000012.SZ,0.0717195965443482
2016-06-23,X000012.SZ,0.0680848012065391
2016-06-24,X000027.SZ,0.0700586963538495
2016-06-27,X600027.SH,0.0757847669442297
2016-06-28,X600352.SH,0.0831062558664999
2016-06-29,X600352.SH,0.0806503101864842
2016-06-30,X600309.SH,0.0712711634241983
2016-07-01,X600309.SH,0.0719124941483957
2016-07-04,X000709.SZ,0.0901341363746042
2016-07-05,X600309.SH,0.0676777949122631
2016-07-06,X600027.SH,0.0721102410108946
2016-07-07,X600660.SH,0.0890194514137181
2016-07-08,X600352.SH,0.0820740844299274
2016-07-11,X601898.SH,0.0616816549426859
2016-07-12,X600352.SH,0.0799245406010777
2016-07-13,X600352.SH,0.0847248466925571
2016-07-14,X601600.SH,0.0713166639342575
2016-07-15,X600795.SH,0.0706017745074758
2016-07-18,X600352.SH,0.0670531944824208
2016-07-19,X600309.SH,0.0938869930163758
2016-07-20,X600583.SH,0.0883626584700424
2016-07-21,X600583.SH,0.100122387672629
2016-07-22,X600688.SH,0.0837428023793841
2016-07-25,X000709.SZ,0.0832601593148609
2016-07-26,X601898.SH,0.100387514848693
2016-07-27,X600157.SH,0.0771573366382555
2016-07-28,X000027.SZ,0.0851213846137207
2016-07-29,X600688.SH,0.0772744785704549
2016-08-01,X600157.SH,0.0773326304918529
2016-08-02,X600688.SH,0.0810346965585046
2016-08-03,X600688.SH,0.0645956438622485
2016-08-04,X600352.SH,0.0647862033872768
2016-08-05,X600688.SH,0.0605817481635004
2016-08-08,X600688.SH,0.0708119663169335
2016-08-09,X600688.SH,0.080013652856427
2016-08-10,X600688.SH,0.0751351306058694
2016-08-11,X601898.SH,0.0751077978792683
2016-08-12,X601898.SH,0.077078924180139
2016-08-15,X601898.SH,0.0789424714150163
2016-08-16,X601699.SH,0.0567359837650328
2016-08-17,X601898.SH,0.0746911734409848
2016-08-18,X601898.SH,0.0864602918961668
2016-08-19,X600176.SH,0.0547905333991129
2016-08-22,X600028.SH,0.0658647727680293
2016-08-23,X000027.SZ,0.0649990570493453
2016-08-24,X000060.SZ,0.061936762385019
2016-08-25,X600028.SH,0.0565369599259491
2016-08-26,X000060.SZ,0.0625741412003251
2016-08-29,X000060.SZ,0.0622853333795515
2016-08-30,X000060.SZ,0.055599442805505
2016-08-31,X000060.SZ,0.0559224619387686
2016-09-01,X000060.SZ,0.0579175077128289
2016-09-02,X000060.SZ,0.0588276328311096
2016-09-05,X000060.SZ,0.0563866510785104
2016-09-06,X600028.SH,0.0558757133549957
2016-09-07,X600028.SH,0.052476626029441
2016-09-08,X000060.SZ,0.050610575859083
2016-09-09,X601857.SH,0.0486252302015649
2016-09-12,X000060.SZ,0.0507204630215905
2016-09-13,X000027.SZ,0.047018334876604
2016-09-14,X000027.SZ,0.0481636604923651
2016-09-19,X000027.SZ,0.0487820518657357
2016-09-20,X000027.SZ,0.0495013830429087
2016-09-21,X601992.SH,0.0412529864949198
2016-09-22,X600019.SH,0.121999073721823
2016-09-23,X000539.SZ,0.0390322983624314
2016-09-26,X601991.SH,0.0427963962093431
2016-09-27,X601991.SH,0.0401433257364658
2016-09-28,X601991.SH,0.0377764244890929
2016-09-29,X000027.SZ,0.0372117642101438
2016-09-30,X000027.SZ,0.037911087863836
2016-10-10,X600157.SH,0.0459580078979117
2016-10-11,X600019.SH,0.122395
2016-10-12,X600019.SH,0.0794535829483787
2016-10-13,X600157.SH,0.0587039183256564
2016-10-14,X600019.SH,0.0583181312122247
2016-10-17,X601600.SH,0.0687771186297532
2016-10-18,X600019.SH,0.0561040364473107
2016-10-19,X600019.SH,0.0554644927480374
2016-10-20,X600019.SH,0.053296250980988
2016-10-21,X600019.SH,0.0522660554963291
2016-10-24,X600019.SH,0.0540645518880776
2016-10-25,X600019.SH,0.0558266880257526
2016-10-26,X600019.SH,0.057433514642363
2016-10-27,X600019.SH,0.0734442105330227
2016-10-28,X601991.SH,0.0550059846797538
2016-10-31,X000060.SZ,0.0641606545887697
2016-11-01,X000060.SZ,0.0627262340978727
2016-11-02,X000060.SZ,0.0446020786453869
2016-11-03,X601991.SH,0.0504026495095283
2016-11-04,X601991.SH,0.0479776474969122
2016-11-07,X600549.SH,0.0459561364112905
2016-11-08,X600549.SH,0.0400319512622899
2016-11-09,X600111.SH,0.0449840045142506
2016-11-10,X000883.SZ,0.0420579535554576
2016-11-11,X601991.SH,0.0414701187665531
2016-11-14,X000060.SZ,0.0455495455117379
2016-11-15,X000060.SZ,0.0485414236985721
2016-11-16,X600111.SH,0.0441854915353933
2016-11-17,X000060.SZ,0.0423571097271388
2016-11-18,X600549.SH,0.0434090488359549
2016-11-21,X000060.SZ,0.0396349390398575
2016-11-22,X000060.SZ,0.0381100904473179
2016-11-23,X600549.SH,0.0450946897218955
2016-11-24,X600176.SH,0.0452630392394472
2016-11-25,X000027.SZ,0.0472192767227704
2016-11-28,X600010.SH,0.0413047728970394
2016-11-29,X601699.SH,0.0428326388146668
2016-11-30,X601699.SH,0.0434123082351668
2016-12-01,X601699.SH,0.0477235542596701
2016-12-02,X600660.SH,0.0524975945779178
2016-12-05,X601857.SH,0.0456766338187599
2016-12-06,X000027.SZ,0.0411993578550713
2016-12-07,X600111.SH,0.0502810552943199
2016-12-08,X600547.SH,0.0585011892587622
2016-12-09,X600111.SH,0.0505539286788712
2016-12-12,X000883.SZ,0.0537317212624534
2016-12-13,X600021.SH,0.0601519509696853
2016-12-14,X600021.SH,0.0763259458514701
2016-12-15,X601857.SH,0.0507983811533758
2016-12-16,X601857.SH,0.0451928370428869
2016-12-19,X002075.SZ,0.0935721970876916
2016-12-20,X002075.SZ,0.164605
2016-12-21,X300072.SZ,0.0526004031158295
2016-12-22,X002466.SZ,0.0492821766719823
2016-12-23,X000883.SZ,0.0517682292854843
2016-12-26,X601857.SH,0.0441885472802401
2016-12-27,X600219.SH,0.0473082910076057
2016-12-28,X600176.SH,0.0630107164100352
2016-12-29,X000709.SZ,0.0559282488446726
2016-12-30,X000883.SZ,0.0435147913211712
2017-01-03,X000883.SZ,0.0552522484664879
2017-01-04,X000792.SZ,0.0461791617469413
2017-01-05,X000883.SZ,0.0567174766726557
2017-01-06,X000883.SZ,0.0543884263156134
2017-01-09,X000883.SZ,0.0539929307393018
2017-01-10,X000883.SZ,0.0397760954046796
2017-01-11,X601857.SH,0.0574901697131139
2017-01-12,X601857.SH,0.0586606587285555
2017-01-13,X601857.SH,0.0524783878961312
2017-01-16,X601857.SH,0.0594673017920762
2017-01-17,X600010.SH,0.0535055030209122
2017-01-18,X600010.SH,0.0536389698764177
2017-01-19,X601857.SH,0.0529356729301054
2017-01-20,X601857.SH,0.0672312770054183
2017-01-23,X601857.SH,0.0608025976447651
2017-01-24,X000792.SZ,0.0489659952642412
2017-01-25,X300072.SZ,0.0581615644348961
2017-01-26,X601857.SH,0.0569844189336202
2017-02-03,X000883.SZ,0.0628161346976874
2017-02-06,X600219.SH,0.0593405666838299
2017-02-07,X601857.SH,0.0575087058594206
2017-02-08,X600219.SH,0.0539469052882103
2017-02-09,X600219.SH,0.0432560201992632
2017-02-10,X600219.SH,0.0535092924669556
2017-02-13,X600219.SH,0.0736710631040447
2017-02-14,X600219.SH,0.0680704919105279
2017-02-15,X000983.SZ,0.238504631948059
2017-02-16,X601898.SH,0.0449697390135981
2017-02-17,X601991.SH,0.061576213117293
2017-02-20,X601991.SH,0.0643023752523244
2017-02-21,X601991.SH,0.0547870739724512
2017-02-22,X600489.SH,0.054780260495397
2017-02-23,X000630.SZ,0.0713356539295326
2017-02-24,X000630.SZ,0.0633101592360205
2017-02-27,X000630.SZ,0.0683136508310748
2017-02-28,X000630.SZ,0.0681038602191437
2017-03-01,X600219.SH,0.0634331189141745
2017-03-02,X600157.SH,0.0728801244848274
2017-03-03,X600219.SH,0.0563157394035368
2017-03-06,X600219.SH,0.0520135900484789
2017-03-07,X600219.SH,0.0523724199693932
2017-03-08,X600219.SH,0.0483938709197271
2017-03-09,X601898.SH,0.0469786951055979
2017-03-10,X601898.SH,0.0478107774855829
2017-03-13,X600010.SH,0.0563954200712288
2017-03-14,X000792.SZ,0.0452146935164509
2017-03-15,X601898.SH,0.0545501526208777
2017-03-16,X601898.SH,0.0587988781590823
2017-03-17,X600219.SH,0.0514947251549317
2017-03-20,X600219.SH,0.0487083515469155
2017-03-21,X601898.SH,0.0594602323642478
2017-03-22,X600111.SH,0.0562113642776096
2017-03-23,X000027.SZ,0.155515974824556
2017-03-24,X601898.SH,0.0571246378744685
2017-03-27,X600111.SH,0.0510059899321312
2017-03-28,X601898.SH,0.0387685062333805
2017-03-29,X600111.SH,0.0564317696181899
2017-03-30,X600219.SH,0.0428801635039675
2017-03-31,X601898.SH,0.0381751261962202
2017-04-05,X000709.SZ,0.0618889891466494
2017-04-06,X600362.SH,0.046929595261065
2017-04-07,X000792.SZ,0.0495371364119218
2017-04-10,X000792.SZ,0.0412055307194363
2017-04-11,X600362.SH,0.0416527830813672
2017-04-12,X600583.SH,0.0381496170062568
2017-04-13,X600585.SH,0.0471834630211692
2017-04-14,X601898.SH,0.0620404191843311
2017-04-17,X601898.SH,0.0506266725371457
2017-04-18,X600362.SH,0.0462130134009417
2017-04-19,X600362.SH,0.0542588886207722
2017-04-20,X600578.SH,0.0588556168508605
2017-04-21,X601857.SH,0.0478784164402627
2017-04-24,X600578.SH,0.0565694230513516
2017-04-25,X600578.SH,0.0568971343431136
2017-04-26,X600362.SH,0.0564022971780895
2017-04-27,X600111.SH,0.0511325155148669
2017-04-28,X000723.SZ,0.0647408295892224
2017-05-02,X600362.SH,0.0608419885634294
2017-05-03,X600111.SH,0.0565499237766751
2017-05-04,X601898.SH,0.0487125941529129
2017-05-05,X600111.SH,0.0497323245715649
2017-05-08,X000723.SZ,0.0461670672692771
2017-05-09,X600299.SH,0.0589822235785251
2017-05-10,X600111.SH,0.0595917260618473
2017-05-11,X600299.SH,0.119099013037418
2017-05-12,X600111.SH,0.056221763217137
2017-05-15,X000883.SZ,0.0504874611518346
2017-05-16,X600111.SH,0.0623268169498474
2017-05-17,X600111.SH,0.0663619092911276
2017-05-18,X000723.SZ,0.0808491582367268
2017-05-19,X000723.SZ,0.118288798940345
2017-05-22,X600111.SH,0.0660898184527327
2017-05-23,X000723.SZ,0.070095032543849
2017-05-24,X000723.SZ,0.32302
2017-05-25,X000723.SZ,0.25948
2017-05-26,X000723.SZ,0.219045
2017-05-31,X000723.SZ,0.334515
2017-06-01,X000723.SZ,0.26062
2017-06-02,X000723.SZ,0.116535
2017-06-05,X000723.SZ,0.226805
2017-06-06,X000723.SZ,0.21567
2017-06-07,X000723.SZ,0.22218
2017-06-08,X000723.SZ,0.17314
2017-06-09,X000723.SZ,0.205473270969137
2017-06-12,X000723.SZ,0.21019561189888
2017-06-13,X000723.SZ,0.166975
2017-06-14,X000630.SZ,0.0730889466477704
2017-06-15,X000630.SZ,0.0604932894325725
2017-06-16,X000630.SZ,0.0568388016578976
2017-06-19,X000630.SZ,0.0586515419793982
2017-06-20,X600027.SH,0.0514069350596448
2017-06-21,X600352.SH,0.067375345041038
2017-06-22,X000883.SZ,0.0616196583484582
2017-06-23,X600795.SH,0.0494187259392512
2017-06-26,X000786.SZ,0.0753361031853936
2017-06-27,X000786.SZ,0.0605779538797971
2017-06-28,X600352.SH,0.165039007482756
2017-06-29,X600352.SH,0.165958358587697
2017-06-30,X601991.SH,0.060263860815873
2017-07-03,X000959.SZ,0.0543867494009462
2017-07-04,X000883.SZ,0.0617324151075486
2017-07-05,X601991.SH,0.049584035807795
2017-07-06,X600111.SH,0.0595392056382526
2017-07-07,X000883.SZ,0.0574810972488882
2017-07-10,X000898.SZ,0.0529536532791681
2017-07-11,X600188.SH,0.0491862693780855
2017-07-12,X000630.SZ,0.0546698390228529
2017-07-13,X000630.SZ,0.0566761602606477
2017-07-14,X000630.SZ,0.0456897574874899
2017-07-17,X600176.SH,0.0609573412677619
2017-07-18,X000630.SZ,0.0690425534570114
2017-07-19,X600362.SH,0.0610947824888918
2017-07-20,X000959.SZ,0.0774184559148532
2017-07-21,X600808.SH,0.062885521067922
2017-07-24,X000630.SZ,0.0632405941694815
2017-07-25,X000959.SZ,0.067241316584614
2017-07-26,X000959.SZ,0.0614504525581179
2017-07-27,X000959.SZ,0.0604602633850732
2017-07-28,X000630.SZ,0.0747943480901516
2017-07-31,X000630.SZ,0.0707036964719929
2017-08-01,X600188.SH,0.0539568544523907
2017-08-02,X000060.SZ,0.0564699883936705
2017-08-03,X000898.SZ,0.0581443165957126
2017-08-04,X000983.SZ,0.0601580049433756
2017-08-07,X000983.SZ,0.0722016778833591
2017-08-08,X000983.SZ,0.066413099770653
2017-08-09,X000825.SZ,0.0809187339642707
2017-08-10,X601600.SH,0.0794100404628044
2017-08-11,X600362.SH,0.106475608587366
2017-08-14,X600362.SH,0.122138206314128
2017-08-15,X600362.SH,0.107673884766508
2017-08-16,X600010.SH,0.106594038351783
2017-08-17,X600795.SH,0.428485
2017-08-18,X601088.SH,0.28816
2017-08-21,X600795.SH,0.356245
2017-08-22,X600010.SH,0.10330145905478
2017-08-23,X601088.SH,0.610695
2017-08-24,X601088.SH,0.812955
2017-08-25,X600795.SH,0.587625
2017-08-28,X600795.SH,0.674545
2017-08-29,X600188.SH,0.0929868468250607
2017-08-30,X600010.SH,0.106932911194521
2017-08-31,X000898.SZ,0.119783602549702
2017-09-01,X600362.SH,0.100016959337038
2017-09-04,X601088.SH,0.570265
2017-09-05,X600010.SH,0.0899202999684407
2017-09-06,X600010.SH,0.091981199283694
2017-09-07,X600362.SH,0.113049464038343
2017-09-08,X600188.SH,0.113829097104679
2017-09-11,X600010.SH,0.0987494277153741
2017-09-12,X600362.SH,0.106623477244826
2017-09-13,X600362.SH,0.105834777446697
2017-09-14,X600188.SH,0.103960608746301
2017-09-15,X600010.SH,0.117559734301805
2017-09-18,X600010.SH,0.100640787028552
2017-09-19,X600010.SH,0.107885814817254
2017-09-20,X600010.SH,0.0980716653293354
2017-09-21,X600549.SH,0.118738319585711
2017-09-22,X600549.SH,0.120475464951145
2017-09-25,X600549.SH,0.0999528654689034
2017-09-26,X600549.SH,0.103847503942914
2017-09-27,X600549.SH,0.114319096119937
2017-09-28,X600549.SH,0.117740433104
2017-09-29,X600549.SH,0.107011326546041
2017-10-09,X600549.SH,0.104588298069454
2017-10-10,X600549.SH,0.106877936279888
2017-10-11,X600549.SH,0.102486598667195
2017-10-12,X600219.SH,0.119685748187352
2017-10-13,X600549.SH,0.100577175207254
2017-10-16,X601898.SH,0.11128659630463
2017-10-17,X601898.SH,0.0909731949553767
2017-10-18,X600219.SH,0.126241834566527
2017-10-19,X600219.SH,0.0916779760831176
2017-10-20,X600188.SH,0.0676076990951869
2017-10-23,X000983.SZ,0.0571592885185552
2017-10-24,X000983.SZ,0.057011475447229
2017-10-25,X002466.SZ,0.0827865370017043
2017-10-26,X002466.SZ,0.0825040047434106
2017-10-27,X600157.SH,0.0932498104392288
2017-10-30,X600157.SH,0.0955386493471429
2017-10-31,X600157.SH,0.0809799548915202
2017-11-01,X600188.SH,0.0791352085696908
2017-11-02,X000883.SZ,0.087188734266451
2017-11-03,X600188.SH,0.0675814034156585
2017-11-06,X600549.SH,0.0880402576019539
2017-11-07,X600010.SH,0.0830509252372913
2017-11-08,X600157.SH,0.103919716067343
2017-11-09,X600157.SH,0.0818363257114924
2017-11-10,X600157.SH,0.105171071239157
2017-11-13,X600157.SH,0.101909618789596
2017-11-14,X600157.SH,0.0985280638968421
2017-11-15,X000709.SZ,0.0446455089316015
2017-11-16,X000709.SZ,0.0466614592417495
2017-11-17,X000825.SZ,0.0466289514608117
2017-11-20,X000825.SZ,0.0584552908017888
2017-11-21,X000709.SZ,0.0579655568952054
2017-11-22,X000709.SZ,0.0504495824210632
2017-11-23,X000709.SZ,0.0551565931006728
2017-11-24,X002470.SZ,0.0534540564332861
2017-11-27,X002470.SZ,0.0691993504974413
2017-11-28,X600362.SH,0.0522991048157349
2017-11-29,X600362.SH,0.0529393683422122
2017-11-30,X600010.SH,0.0467087246049824
2017-12-01,X002110.SZ,0.23422
2017-12-04,X000883.SZ,0.0478175458713818
2017-12-05,X002470.SZ,0.0649442971684425
2017-12-06,X002470.SZ,0.0771292586078689
2017-12-07,X002470.SZ,0.0799164607575168
2017-12-08,X601600.SH,0.138503197290339
2017-12-11,X601600.SH,0.148702003698328
2017-12-12,X601600.SH,0.334525
2017-12-13,X002470.SZ,0.0696937259845523
2017-12-14,X002470.SZ,0.104603223329591
2017-12-15,X002460.SZ,0.0585927229863418
2017-12-18,X002470.SZ,0.0583642779486545
2017-12-19,X002470.SZ,0.062868576266532
2017-12-20,X002470.SZ,0.0634314590793479
2017-12-21,X002470.SZ,0.0636080984483533
2017-12-22,X002470.SZ,0.0657448843965511
2017-12-25,X002470.SZ,0.0664171253961326
2017-12-26,X002470.SZ,0.0632848411333072
2017-12-27,X600111.SH,0.0503373245344368
2017-12-28,X600886.SH,0.0535159057548371
2017-12-29,X002092.SZ,0.0782169452842458
2018-01-02,X600426.SH,0.0592753411623624
2018-01-03,X600660.SH,0.0573303081149121
2018-01-04,X002460.SZ,0.0491723694685922
2018-01-05,X600111.SH,0.0492407966252288
2018-01-08,X002460.SZ,0.0505882101109585
2018-01-09,X002092.SZ,0.0819327938926405
2018-01-10,X600660.SH,0.0490801820553037
2018-01-11,X002460.SZ,0.0488533820326037
2018-01-12,X600660.SH,0.0497898155205719
2018-01-15,X000553.SZ,0.0467977089077031
2018-01-16,X002466.SZ,0.0595854342100146
2018-01-17,X600583.SH,0.0575433161978299
2018-01-18,X600176.SH,0.0569591065746452
2018-01-19,X600019.SH,0.052127725115773
2018-01-22,X600886.SH,0.0599479231245897
2018-01-23,X002460.SZ,0.0694918591400435
2018-01-24,X600176.SH,0.0588390416934559
2018-01-25,X000408.SZ,0.0620782637170653
2018-01-26,X600111.SH,0.0656806753738565
2018-01-29,X600111.SH,0.0592398395082617
2018-01-30,X600111.SH,0.0712178992961856
2018-01-31,X600111.SH,0.0796450060199152
2018-02-01,X601992.SH,0.0522340596354008
2018-02-02,X300072.SZ,0.0704688107128753
2018-02-05,X601898.SH,0.0674651784739072
2018-02-06,X601898.SH,0.0688165523079252
2018-02-07,X300072.SZ,0.0802800580444918
2018-02-08,X300072.SZ,0.0723348684317859
2018-02-09,X600585.SH,0.0948441001122544
2018-02-12,X000898.SZ,0.0937653434610628
2018-02-13,X600583.SH,0.0871303102425507
2018-02-14,X600157.SH,0.454305
2018-02-22,X600808.SH,0.11281374215219
2018-02-23,X600808.SH,0.110842898218371
2018-02-26,X601600.SH,0.92003
2018-02-27,X000825.SZ,0.120336915367639
2018-02-28,X600808.SH,0.113413083202533
2018-03-01,X600808.SH,0.104799434626456
2018-03-02,X600808.SH,0.130795571589731
2018-03-05,X600808.SH,0.130082794085229
2018-03-06,X601898.SH,0.0825107184873551
2018-03-07,X600309.SH,0.19493
2018-03-08,X600808.SH,0.0990230936415576
2018-03-09,X601898.SH,0.0847185209391188
2018-03-12,X601898.SH,0.0799555807964942
2018-03-13,X601898.SH,0.079830966010705
2018-03-14,X600188.SH,0.0862027369181838
2018-03-15,X601857.SH,0.0817141405508685
2018-03-16,X601857.SH,0.0974657615853297
2018-03-19,X600362.SH,0.0882588237060694
2018-03-20,X000898.SZ,0.104816935825435
2018-03-21,X601898.SH,0.0763362335753439
2018-03-22,X000959.SZ,0.0960962445333399
2018-03-23,X601898.SH,0.102106239391915
2018-03-26,X601898.SH,0.0973022693552971
2018-03-27,X601898.SH,0.096466156324978
2018-03-28,X601898.SH,0.0933380108872115
2018-03-29,X600219.SH,0.11633673844166
2018-03-30,X600010.SH,0.131961264720984
2018-04-02,X600010.SH,0.117397058810352
2018-04-03,X600219.SH,0.0992168451658528
2018-04-04,X600157.SH,0.43178
2018-04-09,X601898.SH,0.10535891422621
2018-04-10,X601898.SH,0.0798110035494722
2018-04-11,X601992.SH,0.0913955203535552
2018-04-12,X601992.SH,0.0805193277284565
2018-04-13,X601088.SH,0.0795472472877385
2018-04-16,X601898.SH,0.0902645865631014
2018-04-17,X601898.SH,0.087893650603305
2018-04-18,X601898.SH,0.102891622503379
2018-04-19,X601898.SH,0.092618363625434
2018-04-20,X601898.SH,0.0910825472592865
2018-04-23,X601088.SH,0.149311875395718
2018-04-24,X600583.SH,0.0932175817977011
2018-04-25,X000709.SZ,0.112133758334889
2018-04-26,X601898.SH,0.07053042944316
2018-04-27,X600010.SH,0.0876293732620309
2018-05-02,X601857.SH,0.0979446732076233
2018-05-03,X601857.SH,0.093650612075637
2018-05-04,X601857.SH,0.0826246385702963
2018-05-07,X601898.SH,0.094509222362364
2018-05-08,X601898.SH,0.0817730609484509
2018-05-09,X000883.SZ,0.0931485212379504
2018-05-10,X601898.SH,0.0781392130254409
2018-05-11,X601898.SH,0.0946666848741127
2018-05-14,X601898.SH,0.0900111435200431
2018-05-15,X000883.SZ,0.0907362831619578
2018-05-16,X601898.SH,0.0901661471751303
2018-05-17,X601898.SH,0.0849228474304512
2018-05-18,X000883.SZ,0.0821602217591719
2018-05-21,X600362.SH,0.0827080401863361
2018-05-22,X600808.SH,0.0703482590285603
2018-05-23,X600547.SH,0.0716552327172112
2018-05-24,X601991.SH,0.0752357695377279
2018-05-25,X000898.SZ,0.0896391825671093
2018-05-28,X000898.SZ,0.0910194673053677
2018-05-29,X000898.SZ,0.0879476342294628
2018-05-30,X000898.SZ,0.0736949022179925
2018-05-31,X600808.SH,0.096095291148074
2018-06-01,X600808.SH,0.0832813699105673
2018-06-04,X600188.SH,0.0675649635748349
2018-06-05,X600309.SH,0.0822999999999999
2018-06-06,X600309.SH,0.38235
2018-06-07,X600309.SH,0.209965
2018-06-08,X600309.SH,0.16305
2018-06-11,X600309.SH,0.453095
2018-06-12,X600309.SH,0.12468
2018-06-13,X600516.SH,0.102222272387416
2018-06-14,X600808.SH,0.0921518645869651
2018-06-15,X600808.SH,0.0679486598595368
2018-06-19,X600808.SH,0.0946023801823249
2018-06-20,X600309.SH,0.154664643048847
2018-06-21,X600309.SH,0.137397608695653
2018-06-22,X600309.SH,0.11584176805157
2018-06-25,X601991.SH,0.0759592067928226
2018-06-26,X600808.SH,0.10974095600294
2018-06-27,X000898.SZ,0.0716291876709237
2018-06-28,X600489.SH,0.0776823602485234
2018-06-29,X600516.SH,0.078477518241939
2018-07-02,X600808.SH,0.0873560519689067
2018-07-03,X600516.SH,0.0989142637102737
2018-07-04,X600489.SH,0.0774479108229105
2018-07-05,X000709.SZ,0.0779923634819485
2018-07-06,X000825.SZ,0.147025
2018-07-09,X600808.SH,0.0786760090735969
2018-07-10,X000825.SZ,0.20537
2018-07-11,X000825.SZ,0.565565
2018-07-12,X000825.SZ,0.51225
2018-07-13,X600808.SH,0.0978188657055553
2018-07-16,X600808.SH,0.0935499939647892
2018-07-17,X600795.SH,0.0909018453465986
2018-07-18,X000709.SZ,0.0851780494500638
2018-07-19,X600808.SH,0.100314346430896
2018-07-20,X601898.SH,0.139327974616164
2018-07-23,X600808.SH,0.0945258091393501
2018-07-24,X601898.SH,0.0919265984093546
2018-07-25,X601898.SH,0.113024910911919
2018-07-26,X600808.SH,0.105507691993177
2018-07-27,X600808.SH,0.107499570303308
2018-07-30,X600808.SH,0.104760907370532
2018-07-31,X601898.SH,0.114835130083032
2018-08-01,X600219.SH,0.0894028852223465
2018-08-02,X600808.SH,0.108012283287269
2018-08-03,X600808.SH,0.110841943087104
2018-08-06,X000898.SZ,0.113534408082679
2018-08-07,X601992.SH,0.106233496857615
2018-08-08,X600111.SH,0.0938730614267565
2018-08-09,X600808.SH,0.0986716078654771
2018-08-10,X601992.SH,0.100931334203263
2018-08-13,X000709.SZ,0.0879710100841304
2018-08-14,X600489.SH,0.0942101955370361
2018-08-15,X601992.SH,0.0900516679973715
2018-08-16,X000709.SZ,0.107527328093759
2018-08-17,X000709.SZ,0.093471857709326
2018-08-20,X600489.SH,0.106119662092919
2018-08-21,X600489.SH,0.105165382899587
2018-08-22,X601992.SH,0.0979391359397913
2018-08-23,X000709.SZ,0.125645657642819
2018-08-24,X000709.SZ,0.106293943418414
2018-08-27,X000629.SZ,0.637015
2018-08-28,X000629.SZ,1.116795
2018-08-29,X000709.SZ,0.089872886904287
2018-08-30,X000709.SZ,0.086019348900121
2018-08-31,X000709.SZ,0.0946777817934596
2018-09-03,X600111.SH,0.0906390598063593
2018-09-04,X600111.SH,0.0922087511277747
2018-09-05,X000709.SZ,0.0914868184010252
2018-09-06,X600489.SH,0.105195380105066
2018-09-07,X600489.SH,0.105443736717401
2018-09-10,X600489.SH,0.110212944586785
2018-09-11,X600489.SH,0.0999169972345679
2018-09-12,X600489.SH,0.102480556321155
2018-09-13,X600489.SH,0.104878442253802
2018-09-14,X601600.SH,0.0808040934485244
2018-09-17,X000825.SZ,1.02335
2018-09-18,X000825.SZ,0.33885
2018-09-19,X000825.SZ,0.297035
2018-09-20,X000825.SZ,0.17259
2018-09-21,X000825.SZ,0.391985
2018-09-25,X601600.SH,0.0705175486588354
2018-09-26,X600489.SH,0.0685648376775556
2018-09-27,X601158.SH,0.0627730047872216
2018-09-28,X600808.SH,0.0642096882180665
2018-10-08,X600111.SH,0.0761988910503695
2018-10-09,X601699.SH,0.0702534858243258
2018-10-10,X600019.SH,0.0728354681461428
2018-10-11,X600019.SH,0.0781899966969275
2018-10-12,X000709.SZ,0.10599579435883
2018-10-15,X600352.SH,0.0724796941961458
2018-10-16,X600352.SH,0.0688790225833962
2018-10-17,X600176.SH,0.0989436788260281
2018-10-18,X600176.SH,0.085230301024293
2018-10-19,X601991.SH,0.10110352498118
2018-10-22,X600176.SH,0.102911230652859
2018-10-23,X000883.SZ,0.0841889821947825
2018-10-24,X600111.SH,0.096579449522176
2018-10-25,X601600.SH,0.0778199912953266
2018-10-26,X601992.SH,0.0751992825880849
2018-10-29,X601600.SH,0.0769568393329453
2018-10-30,X000825.SZ,0.0909045850041204
2018-10-31,X601991.SH,0.113638238647288
2018-11-01,X601600.SH,0.0822723682172591
2018-11-02,X601600.SH,0.0974163478363244
2018-11-05,X601600.SH,0.0807972962307316
2018-11-06,X601088.SH,0.0820907493139573
2018-11-07,X600028.SH,0.073731880381078
2018-11-08,X601600.SH,0.0767083270920609
2018-11-09,X601600.SH,0.0804548040088646
2018-11-12,X601088.SH,0.0770768601241011
2018-11-13,X601158.SH,0.0935953104797086
2018-11-14,X601158.SH,0.0959388406487257
2018-11-15,X601158.SH,0.0996232051099413
2018-11-16,X002075.SZ,0.12618
2018-11-19,X600299.SH,0.0983373688828152
2018-11-20,X601992.SH,0.105783614013072
2018-11-21,X601992.SH,0.101007481913901
2018-11-22,X601699.SH,0.0828988375709109
2018-11-23,X601699.SH,0.0785137915491923
2018-11-26,X601699.SH,0.07609920615611
2018-11-27,X601699.SH,0.07850773261207
2018-11-28,X601699.SH,0.0789911041720942
2018-11-29,X601699.SH,0.0776673212912215
2018-11-30,X601158.SH,0.0835144108927157
2018-12-03,X600352.SH,0.0973432818081456
2018-12-04,X600352.SH,0.097235787715631
2018-12-05,X601158.SH,0.081910386963614
2018-12-06,X601600.SH,0.0962903368073296
2018-12-07,X600352.SH,0.0934136204338621
2018-12-10,X600362.SH,0.0764746894664175
2018-12-11,X601600.SH,0.0963136268030932
2018-12-12,X601600.SH,0.0930469390112894
2018-12-13,X600516.SH,0.0935012849160201
2018-12-14,X600516.SH,0.0904079438963594
2018-12-17,X600516.SH,0.0903597663066631
2018-12-18,X600516.SH,0.0917083147278215
2018-12-19,X600516.SH,0.0841198038496624
2018-12-20,X601600.SH,0.0942343126523257
2018-12-21,X601600.SH,0.091857019215256
2018-12-24,X600516.SH,0.084695255490381
2018-12-25,X601600.SH,0.0876686937988151
2018-12-26,X600010.SH,0.0753220292429912
2018-12-27,X600362.SH,0.0788553557647307
2018-12-28,X600352.SH,0.0779222254452395
2019-01-02,X600352.SH,0.0765914702252677
2019-01-03,X000825.SZ,0.0731193793246105
2019-01-04,X601158.SH,0.103475408085108
2019-01-07,X000825.SZ,0.0773679481418937
2019-01-08,X601600.SH,0.0983065944430766
2019-01-09,X000825.SZ,0.077806273255642
2019-01-10,X000630.SZ,0.0714334801764036
2019-01-11,X601600.SH,0.0599056558559347
2019-01-14,X601600.SH,0.0628573650825478
2019-01-15,X000553.SZ,0.0705078616067772
2019-01-16,X601600.SH,0.0792058132682377
2019-01-17,X000825.SZ,0.0671256191049195
2019-01-18,X600516.SH,0.0708652766726203
2019-01-21,X600516.SH,0.068432953028643
2019-01-22,X000630.SZ,0.067594860364473
2019-01-23,X000825.SZ,0.0552935935826362
2019-01-24,X000539.SZ,0.0629041257619937
2019-01-25,X600299.SH,0.059589315986691
2019-01-28,X002460.SZ,0.0899072652453767
2019-01-29,X000553.SZ,0.064248343811692
2019-01-30,X600516.SH,0.071543698770176
2019-01-31,X000825.SZ,0.0584977679357804
2019-02-01,X000825.SZ,0.0574819128799392
2019-02-11,X000825.SZ,0.0558828062229593
2019-02-12,X000553.SZ,0.0598801531657443
2019-02-13,X600299.SH,0.0593798691396441
2019-02-14,X600362.SH,0.0601307503321991
2019-02-15,X600339.SH,0.0784123639507711
2019-02-18,X600362.SH,0.0654517972522612
2019-02-19,X600362.SH,0.0634775786378348
2019-02-20,X600362.SH,0.0618461294650127
2019-02-21,X000630.SZ,0.0538252063795951
2019-02-22,X000630.SZ,0.0585079490164554
2019-02-25,X000630.SZ,0.0615101897699563
2019-02-26,X000709.SZ,0.0682991696252427
2019-02-27,X000825.SZ,0.0615079582593828
2019-02-28,X000553.SZ,0.0740428528590064
2019-03-01,X000630.SZ,0.568045
2019-03-04,X600801.SH,0.0535573072457753
2019-03-05,X601699.SH,0.0533656384240325
2019-03-06,X000630.SZ,0.0452475423199202
2019-03-07,X600339.SH,0.052500572689388
2019-03-08,X601600.SH,0.0986857616884158
2019-03-11,X601600.SH,0.0995469729954976
2019-03-12,X600188.SH,0.0985418970542819
2019-03-13,X600188.SH,0.0943671075098256
2019-03-14,X600188.SH,0.10184278020187
2019-03-15,X600188.SH,0.097844945861392
2019-03-18,X601600.SH,0.103888926075441
2019-03-19,X601600.SH,0.0987291701645246
2019-03-20,X601600.SH,0.103015146475407
2019-03-21,X600188.SH,0.0985364226081943
2019-03-22,X000825.SZ,0.102285878985342
2019-03-25,X000825.SZ,0.104347391641541
2019-03-26,X600188.SH,0.104518740133809
2019-03-27,X600188.SH,0.104281462275484
2019-03-28,X600188.SH,0.100329691105849
2019-03-29,X600188.SH,0.102073651083258
2019-04-01,X600188.SH,0.104402666375798
2019-04-02,X600516.SH,0.106246284334054
2019-04-03,X600516.SH,0.108480495678437
2019-04-04,X600188.SH,0.0955276192421632
2019-04-08,X000825.SZ,0.122496096501529
2019-04-09,X600188.SH,0.11628673632484
2019-04-10,X600188.SH,0.107250300050012
2019-04-11,X600188.SH,0.110904969016728
2019-04-12,X600188.SH,0.11818835135733
2019-04-15,X600188.SH,0.105247912122098
2019-04-16,X600188.SH,0.121994053089047
2019-04-17,X600188.SH,0.117894043203748
2019-04-18,X600188.SH,0.114806349965693
2019-04-19,X600188.SH,0.11344276326546
2019-04-22,X600188.SH,0.11021382045771
2019-04-23,X601600.SH,0.112166142330359
2019-04-24,X601600.SH,0.114503108704994
2019-04-25,X601857.SH,0.116862617359408
2019-04-26,X601600.SH,0.111404091826618
2019-04-29,X601600.SH,0.1124014785611
2019-04-30,X601600.SH,0.113802523662686
2019-05-06,X000709.SZ,0.150764368237551
2019-05-07,X600362.SH,0.138495011941671
2019-05-08,X600362.SH,0.150985714602958
2019-05-09,X601600.SH,0.161086525440446
2019-05-10,X601600.SH,0.158202887408711
2019-05-13,X601600.SH,0.151949267373184
2019-05-14,X000709.SZ,0.148978870616305
2019-05-15,X601600.SH,0.156279210921668
2019-05-16,X000709.SZ,0.155865599041738
2019-05-17,X601600.SH,0.167270591704541
2019-05-20,X601600.SH,0.156918230280688
2019-05-21,X601600.SH,0.149191031409654
2019-05-22,X600362.SH,0.152476614027202
2019-05-23,X600362.SH,0.152021228781892
2019-05-24,X600362.SH,0.154890129543216
2019-05-27,X600362.SH,0.163973092124782
2019-05-28,X600362.SH,0.163768304888549
2019-05-29,X600188.SH,0.134915219522929
2019-05-30,X600219.SH,0.152763414760702
2019-05-31,X000709.SZ,0.158548946070697
2019-06-03,X601898.SH,0.117302007106212
2019-06-04,X000709.SZ,0.148266410966434
2019-06-05,X000709.SZ,0.124005851142534
2019-06-06,X000709.SZ,0.127303610288021
2019-06-10,X600362.SH,0.130020379208136
2019-06-11,X000709.SZ,0.131584288143621
2019-06-12,X000629.SZ,0.0906624654122226
2019-06-13,X600219.SH,0.103557175452181
2019-06-14,X600219.SH,0.0988248257774973
2019-06-17,X600219.SH,0.0961164414161595
2019-06-18,X600219.SH,0.096832169303504
2019-06-19,X600219.SH,0.0964045215322563
2019-06-20,X601992.SH,0.101153824830029
2019-06-21,X601992.SH,0.0858697761746144
2019-06-24,X600362.SH,0.0891507840841942
2019-06-25,X601992.SH,0.108356063047624
2019-06-26,X601992.SH,0.104158963569778
2019-06-27,X601992.SH,0.10631851535973
2019-06-28,X601992.SH,0.0960114506922303
2019-07-01,X600219.SH,0.106216667332298
2019-07-02,X600219.SH,0.121243185449891
2019-07-03,X600219.SH,0.11359499662679
2019-07-04,X600219.SH,0.106256555284796
2019-07-05,X600219.SH,0.104404989004581
2019-07-08,X600219.SH,0.103071254031071
2019-07-09,X601600.SH,0.114163753277611
2019-07-10,X600176.SH,0.111246733892267
2019-07-11,X600219.SH,0.106088397619005
2019-07-12,X600219.SH,0.102768825042661
2019-07-15,X601992.SH,0.100586436642231
2019-07-16,X601991.SH,0.106403130955502
2019-07-17,X601992.SH,0.112625801676625
2019-07-18,X601991.SH,0.107798338603253
2019-07-19,X601991.SH,0.106771077549253
2019-07-22,X601991.SH,0.103151683533515
2019-07-23,X600219.SH,0.111822703964219
2019-07-24,X601991.SH,0.121022435182238
2019-07-25,X601991.SH,0.120724317428437
2019-07-26,X601991.SH,0.100346383362263
2019-07-29,X000709.SZ,0.105841861144621
2019-07-30,X600219.SH,0.106818445888494
2019-07-31,X601992.SH,0.102950443223101
2019-08-01,X601992.SH,0.0998973653865732
2019-08-02,X600660.SH,0.0635433978919254
2019-08-05,X600010.SH,0.0638027096201732
2019-08-06,X600010.SH,0.0597429656260352
2019-08-07,X600010.SH,0.0657855777746524
2019-08-08,X600010.SH,0.0575282731282006
2019-08-09,X600010.SH,0.0535303754725204
2019-08-12,X600010.SH,0.0610048937253192
2019-08-13,X600010.SH,0.0548684044019412
2019-08-14,X000630.SZ,0.0446217095107256
2019-08-15,X000898.SZ,0.0604889174281683
2019-08-16,X600362.SH,0.0492585969981038
2019-08-19,X600612.SH,0.0652625540700952
2019-08-20,X600612.SH,0.0569515035084645
2019-08-21,X600612.SH,0.0573726734237869
2019-08-22,X600612.SH,0.0713738789474474
2019-08-23,X600795.SH,0.0432645396647592
2019-08-26,X000898.SZ,0.0454388698036691
2019-08-27,X000898.SZ,0.0480444409790275
2019-08-28,X600795.SH,0.0454143213344681
2019-08-29,X000898.SZ,0.0511941458104131
2019-08-30,X000630.SZ,0.0440200404227921
2019-09-02,X600362.SH,0.0552076896747714
2019-09-03,X600362.SH,0.0439671527052531
2019-09-04,X600010.SH,0.0480200384283388
2019-09-05,X600188.SH,0.0505351609096156
2019-09-06,X600362.SH,0.0512840799820979
2019-09-09,X600010.SH,0.0442954467626659
2019-09-10,X600362.SH,0.0556552347987464
2019-09-11,X600362.SH,0.0448774613875514
2019-09-12,X600010.SH,0.052723597620364
2019-09-16,X600362.SH,0.0540833058959993
2019-09-17,X601898.SH,0.0496966496502545
2019-09-18,X600010.SH,0.0503386816508328
2019-09-19,X600010.SH,0.0477734129689086
2019-09-20,X600010.SH,0.0542066112951116
2019-09-23,X601992.SH,0.0547971254751703
2019-09-24,X601992.SH,0.0482956628446046
2019-09-25,X601992.SH,0.0514424286029771
2019-09-26,X600188.SH,0.055685343593882
2019-09-27,X601992.SH,0.0469294913044653
2019-09-30,X600188.SH,0.0572207182475287
2019-10-08,X600188.SH,0.057683185525358
2019-10-09,X600188.SH,0.062670901691118
2019-10-10,X600188.SH,0.058362157475517
2019-10-11,X600309.SH,0.051043227264081
2019-10-14,X000825.SZ,0.0477954932981219
2019-10-15,X000898.SZ,0.0567378141029105
2019-10-16,X000898.SZ,0.0546131058410824
2019-10-17,X000898.SZ,0.0730992323217595
2019-10-18,X600010.SH,0.0525679174031708
2019-10-21,X600010.SH,0.0514958817872749
2019-10-22,X600309.SH,0.0591719214013555
2019-10-23,X000825.SZ,0.0572899821171183
2019-10-24,X000825.SZ,0.0439984003297242
2019-10-25,X601600.SH,0.0417462044964698
2019-10-28,X000825.SZ,0.056462366810273
2019-10-29,X000825.SZ,0.0570651518885792
2019-10-30,X000825.SZ,0.0584206351980409
2019-10-31,X000825.SZ,0.0452401384523377
2019-11-01,X600309.SH,0.0457665432967448
2019-11-04,X000709.SZ,0.0379057412668463
2019-11-05,X601991.SH,0.0369340904982545
2019-11-06,X601991.SH,0.0597419763335702
2019-11-07,X000825.SZ,0.0510999951382103
2019-11-08,X000825.SZ,0.0480035631153108
2019-11-11,X601992.SH,0.0425643114879134
2019-11-12,X002466.SZ,0.0382072713900687
2019-11-13,X601991.SH,0.0468676206178125
2019-11-14,X600352.SH,0.0372113788044309
2019-11-15,X600309.SH,0.0339619390637059
2019-11-18,X601992.SH,0.0353604179510434
2019-11-19,X601991.SH,0.0382911985562348
2019-11-20,X601991.SH,0.0346511097079196
2019-11-21,X601991.SH,0.0364081128586183
2019-11-22,X601991.SH,0.039415410198108
2019-11-25,X600111.SH,0.0488088317734319
2019-11-26,X601991.SH,0.0373679824216802
2019-11-27,X600176.SH,0.0469890223586883
2019-11-28,X601600.SH,0.0400960025581239
2019-11-29,X600808.SH,0.0378615499082857
2019-12-02,X600516.SH,0.0409094036326266
2019-12-03,X600516.SH,0.0420146596949309
2019-12-04,X000723.SZ,0.0432793927788395
2019-12-05,X601088.SH,0.0331018741245521
2019-12-06,X600516.SH,0.0349104477141353
2019-12-09,X601600.SH,0.0365436701468271
2019-12-10,X000553.SZ,0.0357058899758349
2019-12-11,X600516.SH,0.0375926128102354
2019-12-12,X000723.SZ,0.0369977573233859
2019-12-13,X600585.SH,0.0436801207795844
2019-12-16,X600585.SH,0.0476079873316094
2019-12-17,X600176.SH,0.0421218983630569
2019-12-18,X600176.SH,0.0399174770901521
2019-12-19,X600585.SH,0.037260287748922
2019-12-20,X600585.SH,0.0403444041888236
2019-12-23,X000709.SZ,0.0388054461286468
2019-12-24,X600219.SH,0.041115974692457
2019-12-25,X600219.SH,0.0433966065710322
2019-12-26,X000792.SZ,0.0771294025083086
2019-12-27,X600111.SH,0.0365941336700976
2019-12-30,X000723.SZ,0.0393208907683664
2019-12-31,X600362.SH,0.0421260824168563
2020-01-02,X600808.SH,0.0396022028991771
2020-01-03,X600808.SH,0.0440486397321623
2020-01-06,X600808.SH,0.0430477859427817
2020-01-07,X601088.SH,0.0449028186269727
2020-01-08,X600808.SH,0.0427166074154293
2020-01-09,X600808.SH,0.0458606420967447
2020-01-10,X600808.SH,0.0451111372318702
2020-01-13,X600808.SH,0.044335556976517
2020-01-14,X600808.SH,0.0428481885381748
2020-01-15,X600219.SH,0.0466377100778628
2020-01-16,X600219.SH,0.0484657422113267
2020-01-17,X601857.SH,0.0484967067990547
2020-01-20,X601992.SH,0.0534540905144487
2020-01-21,X601857.SH,0.0450038209698412
2020-01-22,X601857.SH,0.0421323585354624
2020-01-23,X600426.SH,0.0689278219920966
2020-02-03,X000630.SZ,0.127832874990105
2020-02-04,X600219.SH,0.129937208535803
2020-02-05,X601992.SH,0.124906536438586
2020-02-06,X601898.SH,0.128471875526278
2020-02-07,X601857.SH,0.122927447404466
2020-02-10,X601088.SH,0.127421565363718
2020-02-11,X600219.SH,0.129198694394405
2020-02-12,X000709.SZ,0.129959145308851
2020-02-13,X600219.SH,0.133892340485898
2020-02-14,X000709.SZ,0.133537939600078
2020-02-17,X000709.SZ,0.130935847233143
2020-02-18,X600219.SH,0.133988814999801
2020-02-19,X600352.SH,0.146119963059248
2020-02-20,X000630.SZ,0.132383797453561
2020-02-21,X000630.SZ,0.136114639250634
2020-02-24,X600219.SH,0.130126048371526
2020-02-25,X600219.SH,0.125563974045999
2020-02-26,X000630.SZ,0.126943536997268
2020-02-27,X601991.SH,0.130163956790669
2020-02-28,X601991.SH,0.128130676624118
2020-03-02,X600010.SH,0.129877432263091
2020-03-03,X002271.SZ,0.133528713443511
2020-03-04,X000709.SZ,0.132984899352414
2020-03-05,X601088.SH,0.128840501071175
2020-03-06,X000709.SZ,0.141855058933318
2020-03-09,X601158.SH,0.147915567279732
2020-03-10,X601158.SH,0.149895137546335
2020-03-11,X600188.SH,0.144152068594304
2020-03-12,X600188.SH,0.144451882165044
2020-03-13,X600188.SH,0.142277393088742
2020-03-16,X600188.SH,0.138681203814385
2020-03-17,X600188.SH,0.137935828992172
2020-03-18,X000709.SZ,0.132993367582144
2020-03-19,X000709.SZ,0.136005758915023
2020-03-20,X601898.SH,0.141916346977077
2020-03-23,X600352.SH,0.141788387352677
2020-03-24,X601158.SH,0.138482087395742
2020-03-25,X601158.SH,0.138723046670011
2020-03-26,X000709.SZ,0.141763301662484
2020-03-27,X601898.SH,0.138972433796013
2020-03-30,X000709.SZ,0.136896469813205
2020-03-31,X000709.SZ,0.134050497906652
2020-04-01,X000709.SZ,0.139954999464602
2020-04-02,X000898.SZ,0.143928998032797
2020-04-03,X600352.SH,0.137029196998602
2020-04-07,X000709.SZ,0.136151956919398
2020-04-08,X000709.SZ,0.13284882602172
2020-04-09,X000709.SZ,0.133957380589749
2020-04-10,X600188.SH,0.128664972306239
2020-04-13,X600352.SH,0.143381345294239
2020-04-14,X601158.SH,0.149750060553719
2020-04-15,X601600.SH,0.138510711142731
2020-04-16,X000630.SZ,0.139310398598798
2020-04-17,X000630.SZ,0.143186511818361
2020-04-20,X600660.SH,0.158157996674142
2020-04-21,X600660.SH,0.169664877664184
2020-04-22,X000709.SZ,0.137279290006497
2020-04-23,X601158.SH,0.141260191073373
2020-04-24,X600176.SH,0.147873435031967
2020-04-27,X600176.SH,0.157629563297019
2020-04-28,X600801.SH,0.153250967790649
2020-04-29,X600352.SH,0.137441295281674
2020-04-30,X600352.SH,0.138022616382821
2020-05-06,X600111.SH,0.079274776049226
2020-05-07,X600352.SH,0.0841198440494997
2020-05-08,X600315.SH,0.0908735146605993
2020-05-11,X600315.SH,0.0896362104863589
2020-05-12,X600315.SH,0.0868489871150743
2020-05-13,X600309.SH,0.0880639186616314
2020-05-14,X600309.SH,0.0900271176516739
2020-05-15,X600529.SH,0.0739691983340679
2020-05-18,X600801.SH,0.0777396828467362
2020-05-19,X600801.SH,0.0798227731322734
2020-05-20,X002460.SZ,0.0916525694231963
2020-05-21,X600801.SH,0.0811752928866078
2020-05-22,X600309.SH,0.0744759142431264
2020-05-25,X600309.SH,0.0753789855268685
2020-05-26,X600309.SH,0.0761346678476597
2020-05-27,X600352.SH,0.0724876196235857
2020-05-28,X600219.SH,0.0800900716915354
2020-05-29,X600309.SH,0.0882065523840683
2020-06-01,X600309.SH,0.0841368157707754
2020-06-02,X600352.SH,0.0713266199848322
2020-06-03,X600486.SH,0.0707242863162047
2020-06-04,X601992.SH,0.0733924185033759
2020-06-05,X600309.SH,0.0771792190835413
2020-06-08,X600309.SH,0.0724110466387689
2020-06-09,X600352.SH,0.0794258198129387
2020-06-10,X600176.SH,0.0682908240549081
2020-06-11,X002080.SZ,0.0875195003083583
2020-06-12,X002080.SZ,0.0875259722072387
2020-06-15,X000301.SZ,0.0779829083161794
2020-06-16,X600309.SH,0.0845541135791094
2020-06-17,X600352.SH,0.0730735898322129
2020-06-18,X600352.SH,0.0744755108537059
2020-06-19,X600352.SH,0.0708711964907725
2020-06-22,X600176.SH,0.0665649214374033
2020-06-23,X600176.SH,0.0636816474670669
2020-06-24,X600176.SH,0.0574363888047131
2020-06-29,X600352.SH,0.0580640264188005
2020-06-30,X600352.SH,0.0575467209718764
2020-07-01,X600352.SH,0.0751826004287932
2020-07-02,X600352.SH,0.0697365249567325
2020-07-03,X600516.SH,0.0467836299483968
2020-07-06,X600188.SH,0.0520165141096196
2020-07-07,X600219.SH,0.059565788904012
2020-07-08,X002460.SZ,0.0646790203830578
2020-07-09,X002460.SZ,0.0527101402004676
2020-07-10,X600352.SH,0.0666664485724392
2020-07-13,X600352.SH,0.0687151218318395
2020-07-14,X600352.SH,0.0715492949757014
2020-07-15,X601857.SH,0.0704509044671611
2020-07-16,X601992.SH,0.0731833685389013
2020-07-17,X600362.SH,0.0694433954883607
2020-07-20,X600362.SH,0.0918441239824869
2020-07-21,X600362.SH,0.0902370353611299
2020-07-22,X600362.SH,0.0964991942340276
2020-07-23,X600362.SH,0.0957578943539538
2020-07-24,X600362.SH,0.0924358100885304
2020-07-27,X601992.SH,0.0817039355568032
2020-07-28,X600362.SH,0.0932859360954118
2020-07-29,X601992.SH,0.0851182441607819
2020-07-30,X601992.SH,0.0906754906589018
2020-07-31,X600299.SH,0.083089762131351
2020-08-03,X600362.SH,0.0858353275274954
2020-08-04,X600585.SH,0.0695533472441964
2020-08-05,X601898.SH,0.0800073367894003
2020-08-06,X600352.SH,0.0857697071730515
2020-08-07,X002353.SZ,0.0857413011513448
2020-08-10,X002353.SZ,0.0870220539831722
2020-08-11,X000723.SZ,0.083708033493665
2020-08-12,X600516.SH,0.0817229926707338
2020-08-13,X002460.SZ,0.0878779827587903
2020-08-14,X000883.SZ,0.0871448361244606
2020-08-17,X000027.SZ,0.0777695056243364
2020-08-18,X002353.SZ,0.0844618783949955
2020-08-19,X600516.SH,0.0924197041116988
2020-08-20,X601088.SH,0.089480994688827
2020-08-21,X002460.SZ,0.0980546778802282
2020-08-24,X600188.SH,0.0816649229173885
2020-08-25,X002460.SZ,0.0851060002346363
2020-08-26,X601088.SH,0.07698381203071
2020-08-27,X000027.SZ,0.0827753585698553
2020-08-28,X000027.SZ,0.0722151704714134
2020-08-31,X600426.SH,0.0754450322782342
2020-09-01,X000027.SZ,0.0831429524287485
2020-09-02,X601898.SH,0.0781743483319493
2020-09-03,X601898.SH,0.0800503659407633
2020-09-04,X601898.SH,0.0860872415992995
2020-09-07,X601898.SH,0.0848446484850229
2020-09-08,X601898.SH,0.0916785618591376
2020-09-09,X601898.SH,0.0901635819881104
2020-09-10,X601898.SH,0.0798963723011164
2020-09-11,X601898.SH,0.0890758012094291
2020-09-14,X000027.SZ,0.0839308221429343
2020-09-15,X601898.SH,0.071643547222951
2020-09-16,X000932.SZ,0.0658065161630396
2020-09-17,X600426.SH,0.0832831388897727
2020-09-18,X601600.SH,0.0730127802913531
2020-09-21,X002353.SZ,0.0777664261760185
2020-09-22,X000878.SZ,0.0952853402591713
2020-09-23,X000878.SZ,0.103283071393148
2020-09-24,X601992.SH,0.100159340995388
2020-09-25,X601898.SH,0.0835233212246268
2020-09-28,X601992.SH,0.0911505552698774
2020-09-29,X601898.SH,0.0767460139424059
2020-09-30,X601898.SH,0.0714598539102325
2020-10-09,X002460.SZ,0.0698317449346645
2020-10-12,X601898.SH,0.0707170383886015
2020-10-13,X601992.SH,0.0703434056074143
2020-10-14,X601158.SH,0.0755574845799309
2020-10-15,X600660.SH,0.0840255056045862
2020-10-16,X601158.SH,0.0722061649723662
2020-10-19,X601158.SH,0.072518156251518
2020-10-20,X000027.SZ,0.0616945154384503
2020-10-21,X601992.SH,0.0508149197958124
2020-10-22,X002460.SZ,0.0588384698907866
2020-10-23,X000786.SZ,0.0482147885226109
2020-10-26,X600362.SH,0.0653372408156763
2020-10-27,X002460.SZ,0.0685558924121432
2020-10-28,X002460.SZ,0.0602633282018755
2020-10-29,X601992.SH,0.048827044533036
2020-10-30,X000027.SZ,0.0516652527322812
2020-11-02,X000027.SZ,0.0475419076163292
2020-11-03,X000301.SZ,0.0667591129512391
2020-11-04,X002460.SZ,0.0526052919122533
2020-11-05,X601168.SH,0.0589474795683578
2020-11-06,X600547.SH,0.0515283741717445
2020-11-09,X000301.SZ,0.0693650958303358
2020-11-10,X000301.SZ,0.0664477178103281
2020-11-11,X601857.SH,0.0557946585161623
2020-11-12,X000027.SZ,0.0562072794802079
2020-11-13,X601600.SH,0.0602836796421956
2020-11-16,X600795.SH,0.0536640537865858
2020-11-17,X600795.SH,0.0556457648882394
2020-11-18,X600795.SH,0.0566434993282474
2020-11-19,X600315.SH,0.0555959288276282
2020-11-20,X002460.SZ,0.0701876867566476
2020-11-23,X002460.SZ,0.0554094472718914
2020-11-24,X000630.SZ,0.0633154593619278
2020-11-25,X000630.SZ,0.0551532662947713
2020-11-26,X000630.SZ,0.052596264848327
2020-11-27,X000630.SZ,0.0616230432521797
2020-11-30,X600010.SH,0.0593760220076646
2020-12-01,X000301.SZ,0.0615156571627409
2020-12-02,X600803.SH,0.0618035525160971
2020-12-03,X002460.SZ,0.0506458349632509
2020-12-04,X601857.SH,0.0599335789181186
2020-12-07,X601857.SH,0.0553607745921217
2020-12-08,X601991.SH,0.0454301846443011
2020-12-09,X600803.SH,0.0500467793326723
2020-12-10,X601600.SH,0.0597519880433498
2020-12-11,X601088.SH,0.05197710077661
2020-12-14,X601168.SH,0.0602052590381973
2020-12-15,X600803.SH,0.0600690930136575
2020-12-16,X601600.SH,0.0683927072565845
2020-12-17,X601600.SH,0.0547338903630415
2020-12-18,X601600.SH,0.0576557686658542
2020-12-21,X600111.SH,0.0675748755103785
2020-12-22,X601600.SH,0.0599194371021405
2020-12-23,X000301.SZ,0.159693327843404
2020-12-24,X600426.SH,0.0650262123193691
2020-12-25,X601857.SH,0.0768208896869614
2020-12-28,X601857.SH,0.0736891050979566
2020-12-29,X600486.SH,0.0751018951274315
2020-12-30,X601600.SH,0.0589758881401475
2020-12-31,X600111.SH,0.0677784872681746
2021-01-04,X600362.SH,0.0630466151432644
2021-01-05,X600362.SH,0.0578023585770381
2021-01-06,X000898.SZ,0.0873928249834419
2021-01-07,X601600.SH,0.070768213123822
2021-01-08,X600188.SH,0.0820631292680199
2021-01-11,X600188.SH,0.108607755338688
2021-01-12,X600426.SH,0.067429707831738
2021-01-13,X600486.SH,0.09233347731332
2021-01-14,X002271.SZ,0.0695040664718926
2021-01-15,X601898.SH,0.0695141894931955
2021-01-18,X000898.SZ,0.0787430320415952
2021-01-19,X002271.SZ,0.0755323277543428
2021-01-20,X000898.SZ,0.0807663241958367
2021-01-21,X000898.SZ,0.0726965259260153
2021-01-22,X600027.SH,0.0701232662339035
2021-01-25,X601857.SH,0.0715747239139741
2021-01-26,X601600.SH,0.0722494779649045
2021-01-27,X600399.SH,0.070517276709013
2021-01-28,X600516.SH,0.0710881181005762
2021-01-29,X600188.SH,0.0710346471964138
2021-02-01,X601898.SH,0.0765657423675626
2021-02-02,X601898.SH,0.0835641764602418
2021-02-03,X601898.SH,0.0866786512937369
2021-02-04,X601898.SH,0.0750040985410785
2021-02-05,X600362.SH,0.0755377613762918
2021-02-08,X601898.SH,0.0866239117739967
2021-02-09,X600426.SH,0.080724843582462
2021-02-10,X600309.SH,0.0767592565551454
2021-02-18,X601600.SH,0.0693394977171975
2021-02-19,X000723.SZ,0.0649918828573216
2021-02-22,X000630.SZ,0.0845397710959036
2021-02-23,X600219.SH,0.0808700289436705
2021-02-24,X601600.SH,0.0972252893676072
2021-02-25,X002271.SZ,0.0842325584336514
2021-02-26,X601600.SH,0.0940501057356403
2021-03-01,X601600.SH,0.105347982575517
2021-03-02,X002271.SZ,0.0854907277599034
2021-03-03,X601600.SH,0.106921426326631
2021-03-04,X601600.SH,0.101299079604938
2021-03-05,X601600.SH,0.082045038844606
2021-03-08,X601600.SH,0.078183757983827
2021-03-09,X600219.SH,0.0838116499042556
2021-03-10,X000630.SZ,0.0938075028382649
2021-03-11,X000630.SZ,0.0897148659123225
2021-03-12,X601600.SH,0.082068655880676
2021-03-15,X600028.SH,0.0810738435455572
2021-03-16,X000786.SZ,0.0928619079687253
2021-03-17,X601600.SH,0.0815898425301481
2021-03-18,X600426.SH,0.0921157152502037
2021-03-19,X601600.SH,0.0882494251913378
2021-03-22,X600362.SH,0.0850587133515507
2021-03-23,X601600.SH,0.0820089708803577
2021-03-24,X000807.SZ,0.113602572467035
2021-03-25,X601600.SH,0.0919488395084937
2021-03-26,X601600.SH,0.0930765812058173
2021-03-29,X000932.SZ,0.0946913101752521
2021-03-30,X600028.SH,0.0805714672673708
2021-03-31,X600028.SH,0.089527875248523
2021-04-01,X601898.SH,0.0835668430316207
2021-04-02,X600612.SH,0.0814153419386022
2021-04-06,X002460.SZ,0.087902404536932
2021-04-07,X002460.SZ,0.0801274139479102
2021-04-08,X000630.SZ,0.0893665153304345
2021-04-09,X600362.SH,0.0897069933204682
2021-04-12,X600352.SH,0.0920478230320333
2021-04-13,X002271.SZ,0.101667967975162
2021-04-14,X600362.SH,0.0929940601293778
2021-04-15,X002271.SZ,0.0921843151084615
2021-04-16,X600362.SH,0.0840277509912031
2021-04-19,X000807.SZ,0.0951750877523004
2021-04-20,X000807.SZ,0.0997033967453167
2021-04-21,X000807.SZ,0.096311861762733
2021-04-22,X000898.SZ,0.107644253825344
2021-04-23,X600660.SH,0.129252863053516
2021-04-26,X000807.SZ,0.094935086086343
2021-04-27,X000898.SZ,0.105463859603144
2021-04-28,X000807.SZ,0.0998817062694078
2021-04-29,X600660.SH,0.117619747207192
2021-04-30,X000898.SZ,0.104416882515088
2021-05-06,X000807.SZ,0.108262762623328
2021-05-07,X000807.SZ,0.101740098268505
2021-05-10,X000630.SZ,0.0878011579306297
2021-05-11,X600803.SH,0.103073953631954
2021-05-12,X000630.SZ,0.104681461163052
2021-05-13,X000898.SZ,0.0887089256943802
2021-05-14,X000898.SZ,0.0948132410578233
2021-05-17,X600176.SH,0.0946120922756442
2021-05-18,X601600.SH,0.101027410803432
2021-05-19,X601600.SH,0.101060363261652
2021-05-20,X601168.SH,0.0931468968039502
2021-05-21,X600547.SH,0.0941750334355477
2021-05-24,X000959.SZ,0.0911034844941897
2021-05-25,X600111.SH,0.0904034640419319
2021-05-26,X000959.SZ,0.0934739608428721
2021-05-27,X000959.SZ,0.0707783441285159
2021-05-28,X600309.SH,0.0777023650427139
2021-05-31,X002460.SZ,0.0696826809808703
2021-06-01,X002080.SZ,0.0801813270845533
2021-06-02,X600010.SH,0.075428129275845
2021-06-03,X000825.SZ,0.0732880613234597
2021-06-04,X600299.SH,0.0838392618927764
2021-06-07,X601600.SH,0.0949428278763203
2021-06-08,X000959.SZ,0.0882179490857238
2021-06-09,X601600.SH,0.0833284875800321
2021-06-10,X600010.SH,0.0861148689663165
2021-06-11,X601600.SH,0.0854915835128114
2021-06-15,X600176.SH,0.0755733436182479
2021-06-16,X600176.SH,0.079565736495557
2021-06-17,X600176.SH,0.0854906303245095
2021-06-18,X600010.SH,0.0724684263359868
2021-06-21,X600176.SH,0.0779069949717687
2021-06-22,X600176.SH,0.0824473233285209
2021-06-23,X600176.SH,0.0843293822994219
2021-06-24,X600219.SH,0.0773104370741269
2021-06-25,X000983.SZ,0.117603500817383
2021-06-28,X000983.SZ,0.116264010039972
2021-06-29,X600010.SH,0.0725043438494565
2021-06-30,X000983.SZ,0.0951372910036155
2021-07-01,X600010.SH,0.0695278983956218
2021-07-02,X002460.SZ,0.0736311165072483
2021-07-05,X600219.SH,0.0710571544806054
2021-07-06,X600219.SH,0.0682690414713698
2021-07-07,X600111.SH,0.0674744069603507
2021-07-08,X600010.SH,0.0769651270486349
2021-07-09,X600219.SH,0.0779302141084008
2021-07-12,X600010.SH,0.0783552986668741
2021-07-13,X600549.SH,0.0932474082662016
2021-07-14,X600549.SH,0.0691468202585
2021-07-15,X600549.SH,0.083301453834172
2021-07-16,X002460.SZ,0.0851256603958674
2021-07-19,X000898.SZ,0.0681375746839439
2021-07-20,X600362.SH,0.0750371846348587
2021-07-21,X600362.SH,0.0925368338097412
2021-07-22,X600219.SH,0.0691257661736931
2021-07-23,X600019.SH,0.0646468009820287
2021-07-26,X000898.SZ,0.0889594315315882
2021-07-27,X000898.SZ,0.0857073178403446
2021-07-28,X600426.SH,0.0887969448964688
2021-07-29,X601600.SH,0.0716389080906002
2021-07-30,X000898.SZ,0.084187737387245
2021-08-02,X000630.SZ,0.0851056170196
2021-08-03,X002460.SZ,0.0673183020267403
2021-08-04,X600362.SH,0.08268727555978
2021-08-05,X600362.SH,0.0972156962929377
2021-08-06,X000959.SZ,0.0747199026419756
2021-08-09,X000807.SZ,0.0865627734066363
2021-08-10,X000959.SZ,0.100169734229931
2021-08-11,X000792.SZ,0.18312
2021-08-12,X000792.SZ,0.145445
2021-08-13,X000792.SZ,0.190635
2021-08-16,X000959.SZ,0.0929785150739992
2021-08-17,X000807.SZ,0.0853015774751104
2021-08-18,X000831.SZ,0.0772847350615315
2021-08-19,X601600.SH,0.08922110817953
2021-08-20,X000807.SZ,0.0782939350693393
2021-08-23,X000932.SZ,0.0771126037192644
2021-08-24,X000792.SZ,0.0762089120713848
2021-08-25,X000959.SZ,0.0817997462449454
2021-08-26,X002460.SZ,0.121343107404551
2021-08-27,X600219.SH,0.0862059261998929
2021-08-30,X601600.SH,0.0990713022077425
2021-08-31,X601600.SH,0.0962292795310516
2021-09-01,X601600.SH,0.110995281159498
2021-09-02,X002466.SZ,0.143657154817284
2021-09-03,X002466.SZ,0.137599059185476
2021-09-06,X000959.SZ,0.080589773849725
2021-09-07,X000807.SZ,0.0906613699014305
2021-09-08,X600219.SH,0.0982843142002131
2021-09-09,X000898.SZ,0.0815371130549407
2021-09-10,X600362.SH,0.0982574863436781
2021-09-13,X000630.SZ,0.107761232921157
2021-09-14,X600219.SH,0.0926798967886569
2021-09-15,X600141.SH,0.0907647691723589
2021-09-16,X600801.SH,0.0866463605605688
2021-09-17,X000959.SZ,0.0969906575400324
2021-09-22,X600096.SH,0.0912438786052029
2021-09-23,X000959.SZ,0.0826565139074419
2021-09-24,X600019.SH,0.133911959237201
2021-09-27,X600801.SH,0.100802688693434
2021-09-28,X600019.SH,0.105939841105852
2021-09-29,X600295.SH,0.128807457470128
2021-09-30,X600295.SH,0.130863964078752
2021-10-08,X600295.SH,0.125068824939374
2021-10-11,X600019.SH,0.132461745857479
2021-10-12,X002326.SZ,0.12793620219189
2021-10-13,X600019.SH,0.12585470195424
2021-10-14,X600141.SH,0.12528354375276
2021-10-15,X600019.SH,0.113530230380835
2021-10-18,X600019.SH,0.114391310666456
2021-10-19,X600019.SH,0.104664789451554
2021-10-20,X000630.SZ,0.10505480112768
2021-10-21,X600019.SH,0.107914318185731
2021-10-22,X600010.SH,0.123134838501625
2021-10-25,X600010.SH,0.139367005294201
2021-10-26,X600660.SH,0.098613683609861
2021-10-27,X000708.SZ,0.126258002215723
2021-10-28,X000708.SZ,0.125226770580591
2021-10-29,X600188.SH,0.114898576323804
2021-11-01,X600160.SH,0.119326532377257
2021-11-02,X600010.SH,0.109794528545093
2021-11-03,X600141.SH,0.117147207835459
2021-11-04,X600010.SH,0.142191433586612
2021-11-05,X600010.SH,0.158657526543333
2021-11-08,X600028.SH,0.109022874285477
2021-11-09,X600028.SH,0.130865631007206
2021-11-10,X600010.SH,0.107644019954939
2021-11-11,X600028.SH,0.102101151477022
2021-11-12,X601600.SH,0.11441877664759
2021-11-15,X002466.SZ,0.120700644593696
2021-11-16,X600010.SH,0.110422431080173
2021-11-17,X002466.SZ,0.108659913882433
2021-11-18,X002466.SZ,0.0998638178615461
2021-11-19,X002466.SZ,0.102701059413354
2021-11-22,X000831.SZ,0.14105089389807
2021-11-23,X000831.SZ,0.132708001076699
2021-11-24,X600688.SH,0.116161497162907
2021-11-25,X000831.SZ,0.14231747528685
2021-11-26,X000831.SZ,0.140680474912875
2021-11-29,X000831.SZ,0.138954927938749
2021-11-30,X000831.SZ,0.136509306728559
2021-12-01,X000831.SZ,0.135952831528685
2021-12-02,X600801.SH,0.100120167751146
2021-12-03,X600010.SH,0.129925471952701
2021-12-06,X000877.SZ,0.133120613160364
2021-12-07,X000831.SZ,0.113115605814639
2021-12-08,X600352.SH,0.0849181060677883
2021-12-09,X600795.SH,0.0975060738726592
2021-12-10,X600027.SH,0.105283582574591
2021-12-13,X600027.SH,0.111212292571877
2021-12-14,X000877.SZ,0.118515794177588
2021-12-15,X000877.SZ,0.0972351718271563
2021-12-16,X600010.SH,0.114661290355996
2021-12-17,X000877.SZ,0.0937733554150049
2021-12-20,X600157.SH,0.0891507562778766
2021-12-21,X600010.SH,0.0968257597607264
2021-12-22,X600010.SH,0.12457531343121
2021-12-23,X600010.SH,0.0991429451099028
2021-12-24,X600019.SH,0.0949927457519609
2021-12-27,X000877.SZ,0.101880987529256
2021-12-28,X000959.SZ,0.104321773349677
2021-12-29,X600010.SH,0.103071276206929
2021-12-30,X600019.SH,0.0802507861466587
2021-12-31,X600019.SH,0.0824828809053684
2022-01-04,X600176.SH,0.081573308845256
2022-01-05,X600795.SH,0.0785716451481259
2022-01-06,X600027.SH,0.0891601277535679
2022-01-07,X600516.SH,0.10093292431251
2022-01-10,X600188.SH,0.0764340024807682
2022-01-11,X000825.SZ,0.0822863602151907
2022-01-12,X000630.SZ,0.0796728486721605
2022-01-13,X000825.SZ,0.0772854111839049
2022-01-14,X600111.SH,0.0918875243182536
2022-01-17,X600019.SH,0.073357706952883
2022-01-18,X600795.SH,0.0769031170574194
2022-01-19,X000807.SZ,0.117569811833257
2022-01-20,X600019.SH,0.0867454037587129
2022-01-21,X600795.SH,0.0700733408089419
2022-01-24,X601898.SH,0.09262363265338
2022-01-25,X601699.SH,0.0725970203992839
2022-01-26,X000630.SZ,0.0949729433137785
2022-01-27,X601699.SH,0.0775444993080834
2022-01-28,X000932.SZ,0.0700243570858002
2022-02-07,X000630.SZ,0.0896481869528399
2022-02-08,X000932.SZ,0.0648879138191836
2022-02-09,X600489.SH,0.0732290908853976
2022-02-10,X601898.SH,0.0688244255823587
2022-02-11,X601600.SH,0.0687202244273674
2022-02-14,X000932.SZ,0.0684793556564789
2022-02-15,X000630.SZ,0.0669142706990007
2022-02-16,X600362.SH,0.0663258075475979
2022-02-17,X000932.SZ,0.0823122497200446
2022-02-18,X000630.SZ,0.0796365408312536
2022-02-21,X600176.SH,0.0809186087590911
2022-02-22,X000932.SZ,0.0865298789520209
2022-02-23,X000932.SZ,0.0823914278268884
2022-02-24,X002080.SZ,0.0701166111713747
2022-02-25,X600795.SH,0.0818678862855002
2022-02-28,X600795.SH,0.0741423229966966
2022-03-01,X000630.SZ,0.0766817248383927
2022-03-02,X600795.SH,0.0753612271881933
2022-03-03,X600096.SH,0.0775294588206545
2022-03-04,X600585.SH,0.0796235893836481
2022-03-07,X600585.SH,0.0782799352793231
2022-03-08,X000932.SZ,0.0777550644434636
2022-03-09,X600362.SH,0.0849063489498901
2022-03-10,X000983.SZ,0.0872624100427337
2022-03-11,X600886.SH,0.0796373936017864
2022-03-14,X600362.SH,0.0799622073539593
2022-03-15,X000932.SZ,0.103299203139141
2022-03-16,X000932.SZ,0.0947155061007001
2022-03-17,X600489.SH,0.116226695209375
2022-03-18,X600585.SH,0.118776907049484
2022-03-21,X601991.SH,0.104242530379002
2022-03-22,X000932.SZ,0.110738060304279
2022-03-23,X000932.SZ,0.107976335925406
2022-03-24,X000932.SZ,0.105794000309387
2022-03-25,X000932.SZ,0.0993156515349757
2022-03-28,X600157.SH,0.117259195134643
2022-03-29,X600157.SH,0.117714736478579
2022-03-30,X000932.SZ,0.0949033377579559
2022-03-31,X600489.SH,0.11659141303737
2022-04-01,X000932.SZ,0.120635401482579
2022-04-06,X600157.SH,0.119397901085964
2022-04-07,X601898.SH,0.120115909753539
2022-04-08,X601898.SH,0.121719673372883
2022-04-11,X601898.SH,0.119479449506461
2022-04-12,X601898.SH,0.11858266803683
2022-04-13,X601898.SH,0.123881310905235
2022-04-14,X601898.SH,0.121316283234279
2022-04-15,X600489.SH,0.111020835245113
2022-04-18,X000932.SZ,0.120802344651959
2022-04-19,X000932.SZ,0.111232546879828
2022-04-20,X000932.SZ,0.114021947729827
2022-04-21,X000932.SZ,0.112616304348881
2022-04-22,X000932.SZ,0.112888085832323
2022-04-25,X000932.SZ,0.119541686724138
2022-04-26,X000932.SZ,0.119100745305285
2022-04-27,X000932.SZ,0.114691280329044
2022-04-28,X600795.SH,0.120038683936424
2022-04-29,X601991.SH,0.119548360593808
2022-05-05,X601991.SH,0.122766660669136
2022-05-06,X600309.SH,0.116656896735808
2022-05-09,X000877.SZ,0.104011966723863
2022-05-10,X002080.SZ,0.111300047928704
2022-05-11,X600309.SH,0.121072910268177
2022-05-12,X600309.SH,0.117201236190734
2022-05-13,X600309.SH,0.116884934752449
2022-05-16,X600309.SH,0.127872070350156
2022-05-17,X601991.SH,0.0998263288485047
2022-05-18,X601991.SH,0.120913378242939
2022-05-19,X601991.SH,0.0958990106919138
2022-05-20,X601991.SH,0.119568704488238
2022-05-23,X600547.SH,0.144071128916269
2022-05-24,X601991.SH,0.109839812561567
2022-05-25,X601857.SH,0.135040134458605
2022-05-26,X600795.SH,0.105258531827256
2022-05-27,X601991.SH,0.111572202332593
2022-05-30,X601991.SH,0.119014084749134
2022-05-31,X601991.SH,0.115427818597039
2022-06-01,X601991.SH,0.124855968071911
2022-06-02,X002080.SZ,0.101985403998752
2022-06-06,X601088.SH,0.123521403720682
2022-06-07,X600801.SH,0.109998497142102
2022-06-08,X000877.SZ,0.10337053406729
2022-06-09,X600010.SH,0.106982017874266
2022-06-10,X600362.SH,0.115623662550987
2022-06-13,X600309.SH,0.136462014879405
2022-06-14,X600309.SH,0.145037543184761
2022-06-15,X600362.SH,0.130366339604474
2022-06-16,X600362.SH,0.127172015307552
2022-06-17,X600362.SH,0.134656881491587
2022-06-20,X002080.SZ,0.101814364703035
2022-06-21,X600028.SH,0.0979385104547529
2022-06-22,X601600.SH,0.0910501675195795
2022-06-23,X002497.SZ,0.0930571885134212
2022-06-24,X300037.SZ,0.0872420211881298
2022-06-27,X000723.SZ,0.108810514470954
2022-06-28,X600547.SH,0.0862362797537211
2022-06-29,X600028.SH,0.0985802401293358
2022-06-30,X300037.SZ,0.128534764133359
2022-07-01,X002407.SZ,0.10183658907147
2022-07-04,X000629.SZ,0.135365958899971
2022-07-05,X002080.SZ,0.119663882493394
2022-07-06,X000629.SZ,0.102657328519673
2022-07-07,X000408.SZ,0.120316015652605
2022-07-08,X000723.SZ,0.10285083566413
2022-07-11,X000723.SZ,0.115228550866185
2022-07-12,X600547.SH,0.0925007510842386
2022-07-13,X000629.SZ,0.0936733098068709
2022-07-14,X600547.SH,0.0969775997862255
2022-07-15,X600219.SH,0.10593128366757
2022-07-18,X002080.SZ,0.114593047284489
2022-07-19,X000723.SZ,0.105426900885756
2022-07-20,X600219.SH,0.112483060449753
2022-07-21,X600547.SH,0.101650532975682
2022-07-22,X000723.SZ,0.115741754972497
2022-07-25,X601600.SH,0.0995667456014742
2022-07-26,X002080.SZ,0.0926029840348515
2022-07-27,X000708.SZ,0.0957971326670642
2022-07-28,X002466.SZ,0.0755917587504629
2022-07-29,X000301.SZ,0.0717480341937184
2022-08-01,X000792.SZ,0.0707133876162114
2022-08-02,X601088.SH,0.054263179363006
2022-08-03,X600157.SH,0.0641120007259265
2022-08-04,X601898.SH,0.0633178599895269
2022-08-05,X002080.SZ,0.075093838423126
2022-08-08,X002080.SZ,0.0709680680522409
2022-08-09,X002080.SZ,0.0708526464362765
2022-08-10,X600011.SH,0.0591726948326284
2022-08-11,X601600.SH,0.077598502418169
2022-08-12,X601600.SH,0.0871049040070805
2022-08-15,X000792.SZ,0.0656624941965419
2022-08-16,X000792.SZ,0.0691356217787441
2022-08-17,X601699.SH,0.0718518349489077
2022-08-18,X601699.SH,0.0705946173483583
2022-08-19,X601699.SH,0.07167436149208
2022-08-22,X000807.SZ,0.08281812632592
2022-08-23,X600019.SH,0.0685389669618958
2022-08-24,X600985.SH,0.0892030342944762
2022-08-25,X600985.SH,0.067489543235651
2022-08-26,X600188.SH,0.0694189842328897
2022-08-29,X600362.SH,0.0682754835667177
2022-08-30,X600985.SH,0.0790087872639336
2022-08-31,X600985.SH,0.092085291253032
2022-09-01,X600985.SH,0.0766615059450586
2022-09-02,X600141.SH,0.0980519976580529
2022-09-05,X600985.SH,0.0683537421290351
2022-09-06,X600985.SH,0.105151539724981
2022-09-07,X601991.SH,0.0760526849473561
2022-09-08,X600141.SH,0.0985602619454495
2022-09-09,X600985.SH,0.0757990525292285
2022-09-13,X600985.SH,0.0716942149207376
2022-09-14,X600985.SH,0.0731869668926547
2022-09-15,X601699.SH,0.0860751818549426
2022-09-16,X600362.SH,0.0755853096816992
2022-09-19,X601991.SH,0.0682595365321394
2022-09-20,X600547.SH,0.063324916133515
2022-09-21,X601991.SH,0.0799995540663303
2022-09-22,X600362.SH,0.0803035157427669
2022-09-23,X600547.SH,0.0765852700903401
2022-09-26,X601600.SH,0.0767233324535925
2022-09-27,X600141.SH,0.072673480075844
2022-09-28,X600028.SH,0.0661010219247883
2022-09-29,X601600.SH,0.0927351932798718
2022-09-30,X600547.SH,0.0753104654046855
2022-10-10,X601600.SH,0.0750591821923134
2022-10-11,X600985.SH,0.080563100222948
2022-10-12,X600985.SH,0.0809395501119318
2022-10-13,X601991.SH,0.0723933536550427
2022-10-14,X601600.SH,0.066637142503182
2022-10-17,X601600.SH,0.0755075004642069
2022-10-18,X601600.SH,0.065083774361745
2022-10-19,X600028.SH,0.0618190279296291
2022-10-20,X601600.SH,0.0813389608040938
2022-10-21,X601600.SH,0.0660567892899328
2022-10-24,X600489.SH,0.0595873073651215
2022-10-25,X000723.SZ,0.0711870148512518
2022-10-26,X600141.SH,0.0727390534353897
2022-10-27,X600489.SH,0.0685703586584039
2022-10-28,X600111.SH,0.0742812245419802
2022-10-31,X600111.SH,0.0658587656494059
2022-11-01,X600111.SH,0.0714042418249052
2022-11-02,X600111.SH,0.0730032800643542
2022-11-03,X000831.SZ,0.0795929924937388
2022-11-04,X600028.SH,0.0912749179399432
2022-11-07,X600028.SH,0.100579683850604
2022-11-08,X000831.SZ,0.0653054389506913
2022-11-09,X000155.SZ,0.0735681275281379
2022-11-10,X601600.SH,0.0637845938045569
2022-11-11,X600011.SH,0.0610828131569123
2022-11-14,X600362.SH,0.0709168329269389
2022-11-15,X601991.SH,0.0772719880870034
2022-11-16,X600028.SH,0.0853262492095441
2022-11-17,X600028.SH,0.0819402153988894
2022-11-18,X600028.SH,0.0819485036552142
2022-11-21,X002080.SZ,0.0649266084176042
2022-11-22,X600362.SH,0.0629522470321865
2022-11-23,X000807.SZ,0.0821872489668691
2022-11-24,X000792.SZ,0.0709094943875561
2022-11-25,X600362.SH,0.0709635708225151
2022-11-28,X000786.SZ,0.0687246808350007
2022-11-29,X600985.SH,0.0655273200527579
2022-11-30,X601600.SH,0.0799094011131158
2022-12-01,X600362.SH,0.0741578331790013
2022-12-02,X600362.SH,0.0759526675902406
2022-12-05,X600362.SH,0.0838947300432946
2022-12-06,X600362.SH,0.0766811330989119
2022-12-07,X600011.SH,0.0746934857131822
2022-12-08,X000786.SZ,0.0762859278162895
2022-12-09,X002460.SZ,0.0813217473849605
2022-12-12,X002460.SZ,0.0753662350149085
2022-12-13,X600141.SH,0.0837791272733999
2022-12-14,X600985.SH,0.0721469853557984
2022-12-15,X600141.SH,0.0752815621541708
2022-12-16,X002460.SZ,0.0802143042985172
2022-12-19,X002460.SZ,0.079945527931731
2022-12-20,X002460.SZ,0.0870961731248601
2022-12-21,X002080.SZ,0.076852236187841
2022-12-22,X002080.SZ,0.0824866068457541
2022-12-23,X002080.SZ,0.0792715081297859
2022-12-26,X002080.SZ,0.0814461789001208
2022-12-27,X002460.SZ,0.0592945739528283
2022-12-28,X002460.SZ,0.0697770185291744
2022-12-29,X000807.SZ,0.061947689994963
2022-12-30,X002460.SZ,0.0660614674160749
2023-01-03,X000408.SZ,0.0963154667740535
2023-01-04,X002080.SZ,0.0720799305204164
2023-01-05,X002080.SZ,0.0700685483696717
2023-01-06,X600028.SH,0.0621412702505453
2023-01-09,X002080.SZ,0.0751399579408283
2023-01-10,X000807.SZ,0.0606642348539765
2023-01-11,X600157.SH,0.0715925362686177
2023-01-12,X000408.SZ,0.0571114421946957
2023-01-13,X601991.SH,0.0598150927956469
2023-01-16,X000723.SZ,0.0713423588946166
2023-01-17,X000877.SZ,0.0785695462940377
2023-01-18,X000723.SZ,0.0709775206759142
2023-01-19,X000723.SZ,0.0828028726519432
2023-01-20,X000723.SZ,0.0718222611639056
2023-01-30,X000723.SZ,0.0708057589443487
2023-01-31,X601991.SH,0.0675794501360873
2023-02-01,X002460.SZ,0.0642148534929887
2023-02-02,X601898.SH,0.0613696500647848
2023-02-03,X000723.SZ,0.0595390332220976
2023-02-06,X600219.SH,0.0487473155355024
2023-02-07,X601898.SH,0.0608957502942076
2023-02-08,X601898.SH,0.0589768029937365
2023-02-09,X601898.SH,0.0614122923190831
2023-02-10,X601898.SH,0.0611755177644954
2023-02-13,X601898.SH,0.0610550765173411
2023-02-14,X600219.SH,0.0527802764844387
2023-02-15,X600219.SH,0.0500907341456023
2023-02-16,X601898.SH,0.0545084574061679
2023-02-17,X601898.SH,0.0492408088584039
2023-02-20,X601898.SH,0.0508289828432265
2023-02-21,X601898.SH,0.0568467632290771
2023-02-22,X601898.SH,0.0449897402095014
2023-02-23,X000723.SZ,0.0555015852051974
2023-02-24,X000723.SZ,0.0586646663553087
2023-02-27,X000629.SZ,0.053781728789693
2023-02-28,X000629.SZ,0.0550199757348207
2023-03-01,X600348.SH,0.0465065991273731
2023-03-02,X000629.SZ,0.0552935341706604
2023-03-03,X000629.SZ,0.0542585375140488
2023-03-06,X000629.SZ,0.0561169204002284
2023-03-07,X601898.SH,0.0663211898525474
2023-03-08,X000723.SZ,0.0436947736617476
2023-03-09,X600489.SH,0.0482806059864005
2023-03-10,X000708.SZ,0.0499001562112413
2023-03-13,X000708.SZ,0.052318515175645
2023-03-14,X600176.SH,0.0472847140638373
2023-03-15,X000723.SZ,0.0464834786661208
2023-03-16,X601600.SH,0.0500677913935192
2023-03-17,X601991.SH,0.0505928841226246
2023-03-20,X601898.SH,0.0566280841497138
2023-03-21,X601991.SH,0.0506476564329455
2023-03-22,X601991.SH,0.0500646730785069
2023-03-23,X601991.SH,0.048419279710981
2023-03-24,X000723.SZ,0.0520542122884762
2023-03-27,X601991.SH,0.0561866901268435
2023-03-28,X000723.SZ,0.0517474063876003
2023-03-29,X600160.SH,0.0573045119177365
2023-03-30,X000301.SZ,0.0614242821541755
2023-03-31,X000301.SZ,0.0557299971057504
2023-04-03,X000301.SZ,0.0475649274532936
2023-04-04,X000629.SZ,0.0418198366499851
2023-04-06,X600219.SH,0.0530417118915596
2023-04-07,X600219.SH,0.0488799089661537
2023-04-10,X000932.SZ,0.0521114064122756
2023-04-11,X000932.SZ,0.0533668892477628
2023-04-12,X600219.SH,0.0557615303754663
2023-04-13,X600219.SH,0.0473808604795837
2023-04-14,X600219.SH,0.0438475600064089
2023-04-17,X600219.SH,0.0606202642550037
2023-04-18,X000983.SZ,0.066917082734792
2023-04-19,X600219.SH,0.0485379929813342
2023-04-20,X601088.SH,0.0510072545636096
2023-04-21,X600219.SH,0.0526044009633172
2023-04-24,X601088.SH,0.0511016344770393
2023-04-25,X600219.SH,0.0503224770712897
2023-04-26,X000807.SZ,0.0513820137387084
2023-04-27,X000807.SZ,0.0470682137672744
2023-04-28,X600219.SH,0.0545345817486506
2023-05-04,X600219.SH,0.0428230639994828
2023-05-05,X000629.SZ,0.0458502913849524
2023-05-08,X600010.SH,0.0510300771704947
2023-05-09,X000807.SZ,0.0498322524642843
2023-05-10,X600010.SH,0.0590408009312064
2023-05-11,X600010.SH,0.0523144538626802
2023-05-12,X600010.SH,0.052899521593482
2023-05-15,X600010.SH,0.0585066752391247
2023-05-16,X600010.SH,0.0597827088003163
2023-05-17,X000932.SZ,0.0437992502039118
2023-05-18,X600348.SH,0.049052826342019
2023-05-19,X000301.SZ,0.0462781677817534
2023-05-22,X600348.SH,0.0476691809499679
2023-05-23,X600010.SH,0.0552402203815598
2023-05-24,X000629.SZ,0.049284493386988
2023-05-25,X600348.SH,0.0537124734758326
2023-05-26,X000629.SZ,0.051210915081717
2023-05-29,X000629.SZ,0.0520661249899049
2023-05-30,X000629.SZ,0.0548948470571784
2023-05-31,X600010.SH,0.049632819702856
2023-06-01,X600362.SH,0.0497455682179152
2023-06-02,X000027.SZ,0.0462034677225704
2023-06-05,X002080.SZ,0.0419921350428202
2023-06-06,X600219.SH,0.0457427776921246
2023-06-07,X600362.SH,0.0448903015846204
2023-06-08,X000629.SZ,0.046421320713034
2023-06-09,X000983.SZ,0.0427919136047273
2023-06-12,X000807.SZ,0.0485045083509968
2023-06-13,X600362.SH,0.0539695893275933
2023-06-14,X600362.SH,0.0527726856820155
2023-06-15,X601699.SH,0.0529592946019843
2023-06-16,X600096.SH,0.0535459624882408
2023-06-19,X600660.SH,0.0483124671645332
2023-06-20,X600362.SH,0.0555044782746359
2023-06-21,X002460.SZ,0.0521366206443394
2023-06-26,X600362.SH,0.0591015680829986
2023-06-27,X002460.SZ,0.0522117432180545
2023-06-28,X002460.SZ,0.0536847714407641
2023-06-29,X002460.SZ,0.048207723346961
2023-06-30,X000629.SZ,0.0475792593376604
2023-07-03,X600362.SH,0.0455761311279955
2023-07-04,X600362.SH,0.0471298090197482
2023-07-05,X000629.SZ,0.0504188449379385
2023-07-06,X600362.SH,0.0464421599938252
2023-07-07,X600362.SH,0.0515064005768575
2023-07-10,X600362.SH,0.0516375330613077
2023-07-11,X000807.SZ,0.0525996376037282
2023-07-12,X600362.SH,0.0625116776237849
2023-07-13,X600362.SH,0.0509643021084003
2023-07-14,X002466.SZ,0.0509198237337493
2023-07-17,X002466.SZ,0.050778385784531
2023-07-18,X000807.SZ,0.0491165555222219
2023-07-19,X002466.SZ,0.0500895964770101
2023-07-20,X000807.SZ,0.0498636196241226
2023-07-21,X000792.SZ,0.0523380498299831
2023-07-24,X002466.SZ,0.0596406154065155
2023-07-25,X000630.SZ,0.0517166198265672
2023-07-26,X000630.SZ,0.0468163047970372
2023-07-27,X000630.SZ,0.0521378389301551
2023-07-28,X000630.SZ,0.0612992798115755
2023-07-31,X000630.SZ,0.05527998551428
2023-08-01,X000630.SZ,0.0581228752412095
2023-08-02,X000630.SZ,0.0476640225765376
2023-08-03,X000792.SZ,0.0462065703057298
2023-08-04,X000630.SZ,0.0411098114987059
2023-08-07,X000792.SZ,0.0530309927753555
2023-08-08,X000630.SZ,0.0484581786576416
2023-08-09,X000630.SZ,0.0514478277331708
2023-08-10,X000630.SZ,0.0445351723235584
2023-08-11,X600309.SH,0.0406301432762541
2023-08-14,X601088.SH,0.0459405724033732
2023-08-15,X600309.SH,0.0442459423655004
2023-08-16,X002466.SZ,0.033209216796648
2023-08-17,X600362.SH,0.0326714412123287
2023-08-18,X000408.SZ,0.043462649279451
2023-08-21,X000408.SZ,0.0434576526677628
2023-08-22,X002466.SZ,0.0390468540098614
2023-08-23,X000630.SZ,0.0325184858974326
2023-08-24,X600188.SH,0.0401253755205031
2023-08-25,X600362.SH,0.0346183265141355
2023-08-28,X601991.SH,0.0415817266143071
2023-08-29,X600362.SH,0.0398072665875516
2023-08-30,X600309.SH,0.0414069106806246
2023-08-31,X600309.SH,0.0497047043085333
2023-09-01,X000539.SZ,0.0376882490972532
2023-09-04,X000708.SZ,0.0398651131852812
2023-09-05,X600309.SH,0.048887658822521
2023-09-06,X600010.SH,0.0374204663579302
2023-09-07,X600309.SH,0.0505985616144487
2023-09-08,X002353.SZ,0.0369589041013206
2023-09-11,X600010.SH,0.0399146220853723
2023-09-12,X600010.SH,0.0409913617603344
2023-09-13,X600219.SH,0.0374251848098904
2023-09-14,X000708.SZ,0.0392313726095581
2023-09-15,X000708.SZ,0.03699233685849
2023-09-18,X600362.SH,0.0341491039520375
2023-09-19,X600010.SH,0.0447945581812208
2023-09-20,X600010.SH,0.0380725962303231
2023-09-21,X000539.SZ,0.0365719822167342
2023-09-22,X601857.SH,0.0337946713361834
2023-09-25,X601699.SH,0.033666742542371
2023-09-26,X601168.SH,0.0435748648097279
2023-09-27,X002271.SZ,0.0362120380802195
2023-09-28,X000983.SZ,0.0351068900497349
2023-10-09,X600219.SH,0.0361678058734853
2023-10-10,X002460.SZ,0.0359901523962983
2023-10-11,X002460.SZ,0.0360233211247995
2023-10-12,X600362.SH,0.0347474032201382
2023-10-13,X600019.SH,0.0533024907818013
2023-10-16,X600795.SH,0.0353539613983694
2023-10-17,X600362.SH,0.0350716268726479
2023-10-18,X000792.SZ,0.038558064265907
2023-10-19,X000792.SZ,0.0400595266676924
2023-10-20,X601088.SH,0.0423269562323214
2023-10-23,X000983.SZ,0.0355007366372305
2023-10-24,X600688.SH,0.038193975098958
2023-10-25,X600688.SH,0.0391034235446635
2023-10-26,X000983.SZ,0.0377006085028541
2023-10-27,X000959.SZ,0.0374065480421481
2023-10-30,X600019.SH,0.0362628576947924
2023-10-31,X600489.SH,0.0564553245528524
2023-11-01,X000983.SZ,0.0408673803547853
2023-11-02,X600019.SH,0.0386406080998282
2023-11-03,X601991.SH,0.0361337836072343
2023-11-06,X600010.SH,0.0430170640420991
2023-11-07,X601088.SH,0.0425873819575893
2023-11-08,X601857.SH,0.0394861048915603
2023-11-09,X601991.SH,0.0397416024675148
2023-11-10,X601991.SH,0.038810567308876
2023-11-13,X000792.SZ,0.0612183587314773
2023-11-14,X601857.SH,0.0431852262461403
2023-11-15,X601857.SH,0.0443917573482388
2023-11-16,X601857.SH,0.0409854854867862
2023-11-17,X600688.SH,0.044647664302669
2023-11-20,X600010.SH,0.0598690328355613
2023-11-21,X601857.SH,0.0401430316745629
2023-11-22,X000723.SZ,0.0429144882129343
2023-11-23,X601857.SH,0.0433346290733499
2023-11-24,X600111.SH,0.038751920033229
2023-11-27,X601857.SH,0.0396608943114757
2023-11-28,X002128.SZ,0.0336474865827758
2023-11-29,X600010.SH,0.0420198024830422
2023-11-30,X000723.SZ,0.0439381014197732
2023-12-01,X000630.SZ,0.0431681996518977
2023-12-04,X000723.SZ,0.0484910302572755
2023-12-05,X600219.SH,0.0491794696766473
2023-12-06,X600219.SH,0.0493408045529535
2023-12-07,X002128.SZ,0.0420096806211145
2023-12-08,X002128.SZ,0.04098690192176
2023-12-11,X000723.SZ,0.0391325609693969
2023-12-12,X002128.SZ,0.039448300504489
2023-12-13,X600188.SH,0.0428349947964883
2023-12-14,X000983.SZ,0.0435642428412601
2023-12-15,X600188.SH,0.0430361132771213
2023-12-18,X600995.SH,0.0430147420363499
2023-12-19,X600547.SH,0.0384482069587404
2023-12-20,X600688.SH,0.0428242902703956
2023-12-21,X600362.SH,0.0400645266522944
2023-12-22,X600348.SH,0.0423961780039662
2023-12-25,X600348.SH,0.0404382410496181
2023-12-26,X600219.SH,0.0409946427177243
2023-12-27,X600219.SH,0.0387026745302771
2023-12-28,X600027.SH,0.312752217761782
2023-12-29,X000983.SZ,0.0451016826310008
2024-01-02,X601898.SH,0.0519480964200148
2024-01-03,X600219.SH,0.0543786091085642
2024-01-04,X000983.SZ,0.0495301645201816
2024-01-05,X002460.SZ,0.0521054259450865
2024-01-08,X600219.SH,0.0525425908257492
2024-01-09,X600348.SH,0.0485515653718454
2024-01-10,X600348.SH,0.0479503949450419
2024-01-11,X600348.SH,0.0505324306454134
2024-01-12,X600348.SH,0.0487659457020731
2024-01-15,X600219.SH,0.0545389081317998
2024-01-16,X600219.SH,0.0518486829903208
2024-01-17,X600348.SH,0.0499041263893214
2024-01-18,X600219.SH,0.0456653364382637
2024-01-19,X000983.SZ,0.0372508597244002
2024-01-22,X002128.SZ,0.056402663638202
2024-01-23,X002128.SZ,0.0597406101568416
2024-01-24,X002128.SZ,0.062774991219072
2024-01-25,X002128.SZ,0.0556764143394905
2024-01-26,X600157.SH,0.0531671805657387
2024-01-29,X002128.SZ,0.0475634375206768
2024-01-30,X002128.SZ,0.0489168929065314
2024-01-31,X002128.SZ,0.0490500512926431
2024-02-01,X300037.SZ,0.0574510241104567
2024-02-02,X002128.SZ,0.0598182760733168
2024-02-05,X300037.SZ,0.0586222027270211
2024-02-06,X300037.SZ,0.0623347786908463
2024-02-07,X600362.SH,0.0480844935265984
2024-02-08,X600096.SH,0.0576837632892921
2024-02-19,X600362.SH,0.0562364837389165
2024-02-20,X600362.SH,0.0543603427707437
2024-02-21,X600362.SH,0.0522835727946964
2024-02-22,X000630.SZ,0.0523052794174023
2024-02-23,X600612.SH,0.0501365992393818
2024-02-26,X600612.SH,0.0612000691514664
2024-02-27,X600995.SH,0.0653318275946164
2024-02-28,X600995.SH,0.0662347131284009
2024-02-29,X000792.SZ,0.0579795096017811
2024-03-01,X600348.SH,0.0511698529941399
2024-03-04,X000792.SZ,0.0530934114895702
2024-03-05,X000708.SZ,0.0540012687124493
2024-03-06,X000708.SZ,0.0564006041252583
2024-03-07,X000708.SZ,0.0502735523523728
2024-03-08,X000708.SZ,0.0646894932622854
2024-03-11,X002128.SZ,0.0534229646349198
2024-03-12,X000883.SZ,0.0674053994877442
2024-03-13,X600348.SH,0.0621093530362223
2024-03-14,X600348.SH,0.0651608386280946
2024-03-15,X600348.SH,0.0575622337102916
2024-03-18,X600348.SH,0.0561245501992213
2024-03-19,X600028.SH,0.0511182209940202
2024-03-20,X600028.SH,0.0489855126528515
2024-03-21,X600348.SH,0.0548283867120085
2024-03-22,X600348.SH,0.05492561320409
2024-03-25,X600886.SH,0.0687227507581912
2024-03-26,X000932.SZ,0.0599332478480375
2024-03-27,X600886.SH,0.068260491768347
2024-03-28,X600096.SH,0.0566927809036324
2024-03-29,X600362.SH,0.0687441458082158
2024-04-01,X600011.SH,0.0542327320591366
2024-04-02,X600028.SH,0.0483155103083213
2024-04-03,X000027.SZ,0.0466610329570827
2024-04-08,X600028.SH,0.0522585656014356
2024-04-09,X600011.SH,0.0519095287906053
2024-04-10,X002128.SZ,0.0631675629095742
2024-04-11,X600795.SH,0.0520746904091029
2024-04-12,X000807.SZ,0.0521536450168979
2024-04-15,X002128.SZ,0.0473982238113639
2024-04-16,X002128.SZ,0.0733855572732409
2024-04-17,X002128.SZ,0.0690824465539791
2024-04-18,X000932.SZ,0.051086620439437
2024-04-19,X600028.SH,0.0472155000022927
2024-04-22,X600096.SH,0.0521698761621504
2024-04-23,X000807.SZ,0.0553234539003978
2024-04-24,X002128.SZ,0.0550916680272234
2024-04-25,X600096.SH,0.0688905028926013
2024-04-26,X000027.SZ,0.09919539722942
2024-04-29,X600188.SH,0.0647537796244699
2024-04-30,X600096.SH,0.0560408750067979
2024-05-06,X600096.SH,0.0551491911864704
2024-05-07,X600111.SH,0.0588644141342037
2024-05-08,X000807.SZ,0.0591513877608301
2024-05-09,X000807.SZ,0.0528627698334015
2024-05-10,X000807.SZ,0.0529769019023004
2024-05-13,X000807.SZ,0.0535458797831576
2024-05-14,X000807.SZ,0.0654241063417169
2024-05-15,X000807.SZ,0.0579740797435102
2024-05-16,X600111.SH,0.0631900343894552
2024-05-17,X601088.SH,0.0802327570359252
2024-05-20,X002460.SZ,0.0531843567929675
2024-05-21,X600489.SH,0.0536462452119193
2024-05-22,X600096.SH,0.0644147103518916
2024-05-23,X600803.SH,0.0550618828020523
2024-05-24,X000027.SZ,0.0577872662909549
2024-05-27,X600096.SH,0.0689372684502832
2024-05-28,X600096.SH,0.0680617537708782
2024-05-29,X600096.SH,0.0685401510413894
2024-05-30,X600803.SH,0.0538595146203496
2024-05-31,X600803.SH,0.0518079775782608
2024-06-03,X600111.SH,0.0539567558674919
2024-06-04,X600886.SH,0.059969703079995
2024-06-05,X600886.SH,0.0663166450986903
2024-06-06,X601088.SH,0.0604851033079804
2024-06-07,X601088.SH,0.0541660183059479
2024-06-11,X600803.SH,0.0519593297545723
2024-06-12,X600803.SH,0.0520059741638192
2024-06-13,X000630.SZ,0.0518859473459017
2024-06-14,X600985.SH,0.0609320843388695
2024-06-17,X000630.SZ,0.0608629723927382
2024-06-18,X000630.SZ,0.0673733435347374
2024-06-19,X000630.SZ,0.0627002627307274
2024-06-20,X000630.SZ,0.0647731080056288
2024-06-21,X600219.SH,0.0636247647984263
2024-06-24,X600111.SH,0.0551617013447244
2024-06-25,X002128.SZ,0.0501978510092823
2024-06-26,X600111.SH,0.0508387632038273
2024-06-27,X002271.SZ,0.0657469012841979
2024-06-28,X600348.SH,0.0725545948751092
2024-07-01,X600111.SH,0.0527694752051041
2024-07-02,X002271.SZ,0.052156527986705
2024-07-03,X600348.SH,0.0694679660859835
2024-07-04,X000983.SZ,0.0452960540823923
2024-07-05,X601898.SH,0.0603056356439053
2024-07-08,X601898.SH,0.0562811579759571
2024-07-09,X600985.SH,0.0454402611973819
2024-07-10,X000630.SZ,0.0573804433778239
2024-07-11,X601699.SH,0.0562636286183476
2024-07-12,X601699.SH,0.0555985832181085
2024-07-15,X601699.SH,0.0600968198128448
2024-07-16,X601699.SH,0.0587155585556762
2024-07-17,X600362.SH,0.0652256214060838
2024-07-18,X601699.SH,0.0543014654930762
2024-07-19,X601699.SH,0.0568744018795084
2024-07-22,X000630.SZ,0.0450143552254204
2024-07-23,X601168.SH,0.054823060208832
2024-07-24,X601898.SH,0.0644494854411911
2024-07-25,X601898.SH,0.0626982574315833
2024-07-26,X601699.SH,0.0436602808880426
2024-07-29,X000933.SZ,0.0436522903166142
2024-07-30,X601898.SH,0.0556604514247104
2024-07-31,X601898.SH,0.061958692083407
2024-08-01,X601898.SH,0.0596007066507239
2024-08-02,X600028.SH,0.0587481021190709
2024-08-05,X601898.SH,0.0581484443513652
2024-08-06,X000630.SZ,0.050302774922269
2024-08-07,X600803.SH,0.0477505150000039
2024-08-08,X600096.SH,0.0514873353752464
2024-08-09,X000983.SZ,0.0508486313235957
2024-08-12,X000983.SZ,0.0493839176051763
2024-08-13,X000983.SZ,0.0492275102200041
2024-08-14,X600688.SH,0.0470280519721436
2024-08-15,X600688.SH,0.0509073175406459
2024-08-16,X600362.SH,0.0518500025792251
2024-08-19,X000983.SZ,0.0484333775757234
2024-08-20,X000408.SZ,0.0515192573782128
2024-08-21,X000408.SZ,0.0530365796408152
2024-08-22,X000408.SZ,0.0517219809449447
2024-08-23,X000408.SZ,0.0485086595440422
2024-08-26,X000408.SZ,0.0495160151266895
2024-08-27,X600863.SH,0.0561690206040525
2024-08-28,X000408.SZ,0.048765955753481
2024-08-29,X601898.SH,0.0483130296402723
2024-08-30,X601600.SH,0.0681437174530456
2024-09-02,X600863.SH,0.0548977960565537
2024-09-03,X600863.SH,0.0550675138003072
2024-09-04,X600362.SH,0.0486636636493084
2024-09-05,X600863.SH,0.0537195623816722
2024-09-06,X600362.SH,0.0507917325312275
2024-09-09,X600362.SH,0.0513155762679251
2024-09-10,X600362.SH,0.0489272474179631
2024-09-11,X600362.SH,0.0506971150553985
2024-09-12,X600362.SH,0.0520003427001604
2024-09-13,X600362.SH,0.0511127446303809
2024-09-18,X600362.SH,0.0494828344440709
2024-09-19,X600219.SH,0.0583292517193082
2024-09-20,X600219.SH,0.0556561781806757
2024-09-23,X601600.SH,0.0547494862671149
2024-09-24,X600863.SH,0.0601325688746259
2024-09-25,X600863.SH,0.0575371227134601
2024-09-26,X600863.SH,0.0563616009826389
2024-09-27,X600362.SH,0.065771476967992
2024-09-30,X600362.SH,0.0616786881707169
2024-10-08,X600362.SH,0.0603933137957918
2024-10-09,X601699.SH,0.0970163573752437
2024-10-10,X000408.SZ,0.107076183283699
2024-10-11,X000630.SZ,0.126982925153252
2024-10-14,X000630.SZ,0.121211054505278
2024-10-15,X000630.SZ,0.132050606886496
2024-10-16,X000630.SZ,0.122868347575697
2024-10-17,X000630.SZ,0.0930149657962975
2024-10-18,X000630.SZ,0.0910774274924331
2024-10-21,X000301.SZ,0.118578110332701
2024-10-22,X000630.SZ,0.115365918493931
2024-10-23,X000630.SZ,0.117811834300203
2024-10-24,X000630.SZ,0.104791408558143
2024-10-25,X000983.SZ,0.0997208108808241
2024-10-28,X600362.SH,0.103881307490465
2024-10-29,X600362.SH,0.0984137063885582
2024-10-30,X000807.SZ,0.0909283225547292
2024-10-31,X000807.SZ,0.097108117908698
2024-11-01,X000807.SZ,0.104920366375154
2024-11-04,X000807.SZ,0.0997813284664633
2024-11-05,X000807.SZ,0.0974720866294492
2024-11-06,X601898.SH,0.0922592755787909
2024-11-07,X600309.SH,0.105094647335866
2024-11-08,X600309.SH,0.118861675787789
2024-11-11,X600019.SH,0.0950697847217405
2024-11-12,X600309.SH,0.11078187285134
2024-11-13,X600309.SH,0.128058105923038
2024-11-14,X600309.SH,0.11350613329921
2024-11-15,X600309.SH,0.126943919458185
2024-11-18,X600309.SH,0.118751150088317
2024-11-19,X600309.SH,0.110878981648702
2024-11-20,X000983.SZ,0.11545494348101
2024-11-21,X600309.SH,0.114863009936826
2024-11-22,X000983.SZ,0.121676943791027
2024-11-25,X000983.SZ,0.122167583026134
2024-11-26,X600309.SH,0.104163276854247
2024-11-27,X600309.SH,0.112240471018522
2024-11-28,X600309.SH,0.114837486469482
2024-11-29,X600309.SH,0.124424813882072
2024-12-02,X600309.SH,0.115568963155964
2024-12-03,X600309.SH,0.120584667532182
2024-12-04,X600309.SH,0.123656845978528
2024-12-05,X600309.SH,0.117392778781887
2024-12-06,X600309.SH,0.11544414989584
2024-12-09,X600309.SH,0.113831711771985
2024-12-10,X600019.SH,0.103903744200975
2024-12-11,X600019.SH,0.107501842007869
2024-12-12,X600309.SH,0.128617737863731
2024-12-13,X600309.SH,0.123820620816344
2024-12-16,X600426.SH,0.137535065522529
2024-12-17,X600426.SH,0.125226896530708
2024-12-18,X600309.SH,0.114204052744007
2024-12-19,X000983.SZ,0.146654726585575
2024-12-20,X600309.SH,0.135194185128178
2024-12-23,X600309.SH,0.130931712433366
2024-12-24,X600309.SH,0.124418733695114
2024-12-25,X600309.SH,0.11795322241173
2024-12-26,X600309.SH,0.119482390283121
2024-12-27,X600176.SH,0.113109688456792
2024-12-30,X600176.SH,0.107804315408512
2024-12-31,X601857.SH,0.114216445500173
2025-01-02,X601857.SH,0.116428289997682
2025-01-03,X000983.SZ,0.107189310686582
2025-01-06,X601857.SH,0.106215720446515
2025-01-07,X000983.SZ,0.0646326280193705
2025-01-08,X000708.SZ,0.0648697539772331
2025-01-09,X600362.SH,0.0649859752651188
2025-01-10,X601991.SH,0.0644451298925236
2025-01-13,X000630.SZ,0.0638070211536745
2025-01-14,X000708.SZ,0.0643568127644029
2025-01-15,X601088.SH,0.0618812178571876
2025-01-16,X000708.SZ,0.0640848216106399
2025-01-17,X000708.SZ,0.0617501732021205
2025-01-20,X000708.SZ,0.0612196102231926
2025-01-21,X600176.SH,0.0716344339441696
2025-01-22,X600176.SH,0.0716270158636883
2025-01-23,X600176.SH,0.0733717607086654
2025-01-24,X600176.SH,0.0508331566336902
2025-01-27,X000792.SZ,0.0606659610446054
