date,name,lambda
2014-10-15,X600019.SH,0.0160113891540968
2014-10-16,X000761.SZ,0.016369315762396
2014-10-17,X600019.SH,0.0135078676743829
2014-10-20,X600019.SH,0.0141802293210023
2014-10-21,X600010.SH,0.0178076253572604
2014-10-22,X600309.SH,0.019233273412643
2014-10-23,X600886.SH,0.0193861274435217
2014-10-24,X600010.SH,0.019526895178433
2014-10-27,X000883.SZ,0.0166732239252709
2014-10-28,X600886.SH,0.0152640958494496
2014-10-29,X600352.SH,0.0192126756012772
2014-10-30,X000883.SZ,0.0168556827660342
2014-10-31,X000883.SZ,0.0156383428843411
2014-11-03,X600352.SH,0.0154902024851614
2014-11-04,X600315.SH,0.0133882810378211
2014-11-05,X600315.SH,0.0139002946374044
2014-11-06,X600315.SH,0.0141041446207437
2014-11-07,X600315.SH,0.0158439265003718
2014-11-10,X000883.SZ,0.0121613619035855
2014-11-11,X600352.SH,0.0181648092167611
2014-11-12,X600352.SH,0.0174357051859673
2014-11-13,X600352.SH,0.0158455186988192
2014-11-14,X002353.SZ,0.0153096695953907
2014-11-17,X600315.SH,0.0142234229418034
2014-11-18,X600352.SH,0.0152681224664586
2014-11-19,X600352.SH,0.0147353017828394
2014-11-20,X600352.SH,0.016348108390335
2014-11-21,X600886.SH,0.0134890059743285
2014-11-24,X600011.SH,0.0194110629547657
2014-11-25,X000831.SZ,0.0166045740818571
2014-11-26,X600352.SH,0.0184325060614206
2014-11-27,X600352.SH,0.0159755952305783
2014-11-28,X600352.SH,0.0165167980713507
2014-12-01,X600352.SH,0.0165782872405977
2014-12-02,X600315.SH,0.0160336843119289
2014-12-03,X600011.SH,0.0196116758904027
2014-12-04,X600011.SH,0.0189527858479934
2014-12-05,X600188.SH,0.0161172621899948
2014-12-08,X600315.SH,0.0220038098836305
2014-12-09,X600315.SH,0.0213047667685898
2014-12-10,X600315.SH,0.0196735926118929
2014-12-11,X000883.SZ,0.0170440246214524
2014-12-12,X000883.SZ,0.0203043007029611
2014-12-15,X600315.SH,0.0194757779372548
2014-12-16,X000883.SZ,0.0195129316260741
2014-12-17,X000883.SZ,0.0163530806389979
2014-12-18,X600315.SH,0.0191688676089938
2014-12-19,X600886.SH,0.0226950889100253
2014-12-22,X000883.SZ,0.0171205276188659
2014-12-23,X002470.SZ,0.0189277521491996
2014-12-24,X600352.SH,0.0202875621852328
2014-12-25,X600547.SH,0.0211982145279572
2014-12-26,X600309.SH,0.0217593202977443
2014-12-29,X600315.SH,0.0204251553452515
2014-12-30,X600315.SH,0.0224313974907805
2014-12-31,X600010.SH,0.0270164643835636
2015-01-05,X600315.SH,0.0223881369107163
2015-01-06,X600307.SH,0.0242583574845726
2015-01-07,X600315.SH,0.0196696621019546
2015-01-08,X600307.SH,0.0291531812938597
2015-01-09,X600547.SH,0.0256379282741682
2015-01-12,X600547.SH,0.0226769763264792
2015-01-13,X600307.SH,0.027279039456297
2015-01-14,X600863.SH,0.0231037578408211
2015-01-15,X600585.SH,0.021861602713475
2015-01-16,X600315.SH,0.0236504518936285
2015-01-19,X000883.SZ,0.0272691082680702
2015-01-20,X600547.SH,0.0158846991634346
2015-01-21,X600315.SH,0.0259813693136468
2015-01-22,X600547.SH,0.0189159517064337
2015-01-23,X000883.SZ,0.0248170458095847
2015-01-26,X000883.SZ,0.0249432844766271
2015-01-27,X600547.SH,0.0222972092945391
2015-01-28,X600307.SH,0.02561110122514
2015-01-29,X000960.SZ,0.0277799892887458
2015-01-30,X600315.SH,0.0272284291160028
2015-02-02,X600307.SH,0.0317660918337532
2015-02-03,X000883.SZ,0.031640307557884
2015-02-04,X601857.SH,0.0339362171390797
2015-02-05,X600315.SH,0.0268417642765082
2015-02-06,X601857.SH,0.0249162352153545
2015-02-09,X601857.SH,0.0236594542544265
2015-02-10,X600315.SH,0.0297414588623625
2015-02-11,X600098.SH,0.0338501109056623
2015-02-12,X600021.SH,0.034373591755997
2015-02-13,X600157.SH,0.0281083308161416
2015-02-16,X600021.SH,0.0302228767859034
2015-02-17,X600315.SH,0.0299891844834555
2015-02-25,X600315.SH,0.025456121841041
2015-02-26,X600352.SH,0.0246627872767513
2015-02-27,X600352.SH,0.0273403900281955
2015-03-02,X600352.SH,0.0259599215415285
2015-03-03,X600021.SH,0.0246342553000433
2015-03-04,X600021.SH,0.0237796308253732
2015-03-05,X600021.SH,0.0251342971798612
2015-03-06,X000792.SZ,0.0328093310195911
2015-03-09,X000792.SZ,0.0297167055522781
2015-03-10,X000792.SZ,0.0271447288460655
2015-03-11,X000792.SZ,0.0267675293195554
2015-03-12,X600098.SH,0.0274997306360871
2015-03-13,X600098.SH,0.0257802324777996
2015-03-16,X601158.SH,0.0305363719041282
2015-03-17,X601158.SH,0.0256853762145786
2015-03-18,X601158.SH,0.0214700129142077
2015-03-19,X002470.SZ,0.0217852757512579
2015-03-20,X002470.SZ,0.0279919895515677
2015-03-23,X002470.SZ,0.0255695052160338
2015-03-24,X002470.SZ,0.0156422843199824
2015-03-25,X600021.SH,0.0212926932598521
2015-03-26,X002470.SZ,0.0262817037488499
2015-03-27,X002470.SZ,0.017966883374674
2015-03-30,X600547.SH,0.0263569798982536
2015-03-31,X600547.SH,0.0220085356346514
2015-04-01,X002353.SZ,0.0194351800540373
2015-04-02,X002353.SZ,0.0219894827921517
2015-04-03,X002353.SZ,0.0216223700665009
2015-04-07,X002353.SZ,0.0220666357050908
2015-04-08,X002353.SZ,0.0235470174900683
2015-04-09,X002353.SZ,0.021645557444573
2015-04-10,X600547.SH,0.0234627321942717
2015-04-13,X002353.SZ,0.0207995170124711
2015-04-14,X002353.SZ,0.025545394033128
2015-04-15,X600010.SH,0.0247842531786588
2015-04-16,X600547.SH,0.02508725405075
2015-04-17,X600010.SH,0.0253603304492377
2015-04-20,X600307.SH,0.0251426586474858
2015-04-21,X600021.SH,0.0285125519340892
2015-04-22,X600157.SH,0.0259653463924573
2015-04-23,X600010.SH,0.0266097417658177
2015-04-24,X600021.SH,0.0208058066212896
2015-04-27,X600008.SH,0.0219614227850035
2015-04-28,X600008.SH,0.0219072149710734
2015-04-29,X600008.SH,0.0224821949297214
2015-04-30,X002353.SZ,0.0225472625839318
2015-05-04,X600008.SH,0.0202412998636685
2015-05-05,X600352.SH,0.0230407783547815
2015-05-06,X600547.SH,0.0200055442105559
2015-05-07,X600549.SH,0.0235042610314216
2015-05-08,X000012.SZ,0.0209274141270638
2015-05-11,X000012.SZ,0.0221695922827008
2015-05-12,X600352.SH,0.0256746308228798
2015-05-13,X600008.SH,0.0268163779204585
2015-05-14,X600315.SH,0.0240747915821416
2015-05-15,X600315.SH,0.0316317347801473
2015-05-18,X600549.SH,0.0279508284646645
2015-05-19,X600549.SH,0.024935186687636
2015-05-20,X600028.SH,0.0265518351862202
2015-05-21,X600028.SH,0.0254858810853356
2015-05-22,X000012.SZ,0.0259357108378043
2015-05-25,X002075.SZ,0.0299942750009722
2015-05-26,X002075.SZ,0.0273986243216855
2015-05-27,X002004.SZ,0.0265983320954536
2015-05-28,X601158.SH,0.0279928274519415
2015-05-29,X002075.SZ,0.0301120277434724
2015-06-01,X002353.SZ,0.0260289813167117
2015-06-02,X601158.SH,0.0267175226073521
2015-06-03,X002004.SZ,0.0250908060726021
2015-06-04,X002004.SZ,0.0224928440675734
2015-06-05,X002075.SZ,0.0279052952997807
2015-06-08,X600157.SH,0.0324488656209901
2015-06-09,X002075.SZ,0.0338962155551406
2015-06-10,X002075.SZ,0.0344741401956323
2015-06-11,X002353.SZ,0.0350818756660798
2015-06-12,X002075.SZ,0.0374885887736214
2015-06-15,X002353.SZ,0.0339831443834721
2015-06-16,X002004.SZ,0.0327344764720555
2015-06-17,X002353.SZ,0.0443542241008078
2015-06-18,X002353.SZ,0.0340420866425007
2015-06-19,X600547.SH,0.0404609088314901
2015-06-23,X000629.SZ,0.0305168904258768
2015-06-24,X601158.SH,0.0406414584926212
2015-06-25,X002075.SZ,0.0376519166799494
2015-06-26,X002075.SZ,0.0393655397100069
2015-06-29,X002075.SZ,0.037350896558059
2015-06-30,X002353.SZ,0.0303499990354831
2015-07-01,X002075.SZ,0.0394258722292322
2015-07-02,X002075.SZ,0.0407709731822491
2015-07-03,X002075.SZ,0.0329002150251101
2015-07-06,X002075.SZ,0.0311758318941072
2015-07-07,X002075.SZ,0.0392198935616907
2015-07-08,X002075.SZ,0.0369512096279303
2015-07-09,X002075.SZ,0.0265197529233041
2015-07-10,X002075.SZ,0.0420676479863837
2015-07-13,X002075.SZ,0.0369466357834849
2015-07-14,X002075.SZ,0.033969784306294
2015-07-15,X002075.SZ,0.0467595230518791
2015-07-16,X002075.SZ,0.0439017651165049
2015-07-17,X002075.SZ,0.0516950167969571
2015-07-20,X002075.SZ,0.0496209687160207
2015-07-21,X000539.SZ,0.0511841372344903
2015-07-22,X000539.SZ,0.0480665580021355
2015-07-23,X000539.SZ,0.0468685456128045
2015-07-24,X000539.SZ,0.0483773263584285
2015-07-27,X002075.SZ,0.0439742874523081
2015-07-28,X600315.SH,0.0355963585837498
2015-07-29,X600315.SH,0.0357145564716346
2015-07-30,X002075.SZ,0.0450808729832629
2015-07-31,X002075.SZ,0.0405083053878348
2015-08-03,X002075.SZ,0.0368978295461205
2015-08-04,X002075.SZ,0.0422099052756835
2015-08-05,X000539.SZ,0.042866890656205
2015-08-06,X000539.SZ,0.0400116978858037
2015-08-07,X600688.SH,0.0387049612686024
2015-08-10,X600688.SH,0.0377916558525952
2015-08-11,X000539.SZ,0.0367768309939956
2015-08-12,X000539.SZ,0.0403122210067351
2015-08-13,X600160.SH,0.0365372639284511
2015-08-14,X600160.SH,0.042739249583315
2015-08-17,X600160.SH,0.0454181754819459
2015-08-18,X000539.SZ,0.0418483143955854
2015-08-19,X601857.SH,0.0440923815384969
2015-08-20,X000709.SZ,0.0432928132487983
2015-08-21,X000539.SZ,0.0447520600294198
2015-08-24,X601857.SH,0.0536977879207439
2015-08-25,X002470.SZ,0.052424411702992
2015-08-26,X000709.SZ,0.0401564722933556
2015-08-27,X000709.SZ,0.0445514057560979
2015-08-28,X000709.SZ,0.0439945918341971
2015-08-31,X002075.SZ,0.0486860587708381
2015-09-01,X601857.SH,0.0442300047315989
2015-09-02,X601857.SH,0.045853461894794
2015-09-07,X601857.SH,0.0457283673283241
2015-09-08,X000878.SZ,0.0370318755833791
2015-09-09,X000709.SZ,0.0453612058022211
2015-09-10,X000878.SZ,0.0319647651058005
2015-09-11,X000709.SZ,0.0272328065293754
2015-09-14,X000709.SZ,0.0306258593201602
2015-09-15,X000709.SZ,0.0387302385968681
2015-09-16,X000709.SZ,0.0382232886596956
2015-09-17,X000709.SZ,0.0430670303263153
2015-09-18,X000709.SZ,0.0404189431582242
2015-09-21,X601857.SH,0.0495790278402277
2015-09-22,X600886.SH,0.0416964822712483
2015-09-23,X600886.SH,0.0273298344115404
2015-09-24,X000709.SZ,0.037904225583586
2015-09-25,X600886.SH,0.0320068327207813
2015-09-28,X600886.SH,0.0240306787060023
2015-09-29,X600886.SH,0.0383883985829966
2015-09-30,X600886.SH,0.0273613138406885
2015-10-08,X600886.SH,0.0286988547760337
2015-10-09,X600886.SH,0.0268200497900858
2015-10-12,X002353.SZ,0.0229926984472619
2015-10-13,X600886.SH,0.0323690537197131
2015-10-14,X600886.SH,0.0231133854958324
2015-10-15,X002353.SZ,0.0244640680775301
2015-10-16,X002353.SZ,0.0257043284488446
2015-10-19,X002353.SZ,0.0211639744421845
2015-10-20,X002353.SZ,0.0197961245636686
2015-10-21,X002353.SZ,0.0211599932067411
2015-10-22,X002353.SZ,0.0246987912343139
2015-10-23,X600886.SH,0.0203156105672758
2015-10-26,X600886.SH,0.0207929892929282
2015-10-27,X600886.SH,0.0226564472429525
2015-10-28,X600886.SH,0.0217764037271519
2015-10-29,X600886.SH,0.0199344838654701
2015-10-30,X600886.SH,0.0215702111073723
2015-11-02,X600886.SH,0.021345064869836
2015-11-03,X600886.SH,0.0217027783492323
2015-11-04,X600886.SH,0.0220190199168631
2015-11-05,X600886.SH,0.0172902315442015
2015-11-06,X600886.SH,0.0204487744412595
2015-11-09,X600886.SH,0.0203470668617432
2015-11-10,X600886.SH,0.0207541245671923
2015-11-11,X600886.SH,0.0217927469468672
2015-11-12,X000630.SZ,0.0246137066184504
2015-11-13,X000630.SZ,0.0315764930093477
2015-11-16,X600886.SH,0.0223991657591884
2015-11-17,X600886.SH,0.0232976371925672
2015-11-18,X600886.SH,0.0195104716144626
2015-11-19,X600886.SH,0.0169150458079763
2015-11-20,X600886.SH,0.0275490567177229
2015-11-23,X600886.SH,0.0299810844673734
2015-11-24,X000630.SZ,0.0219271037737011
2015-11-25,X600886.SH,0.0255233804899041
2015-11-26,X600886.SH,0.0254671206557029
2015-11-27,X600886.SH,0.0262342752262902
2015-11-30,X600886.SH,0.0255749773360038
2015-12-01,X600315.SH,0.0306232735619339
2015-12-02,X002466.SZ,0.0328982433768796
2015-12-03,X600886.SH,0.0200295813836795
2015-12-04,X600585.SH,0.0274425576718503
2015-12-07,X600886.SH,0.0196436778148508
2015-12-08,X600886.SH,0.0248893214520492
2015-12-09,X600886.SH,0.0252157825335876
2015-12-10,X000630.SZ,0.0198454123697389
2015-12-11,X000630.SZ,0.0237421659182548
2015-12-14,X600111.SH,0.0226638720526807
2015-12-15,X002466.SZ,0.0202831162410195
2015-12-16,X002466.SZ,0.0156051291907099
2015-12-17,X601158.SH,0.0187537858323907
2015-12-18,X601158.SH,0.0174951478983234
2015-12-21,X601158.SH,0.0189483590332723
2015-12-22,X000630.SZ,0.0202482013966891
2015-12-23,X000630.SZ,0.018383424619885
2015-12-24,X000630.SZ,0.0179218780995054
2015-12-25,X300072.SZ,0.0170040630424113
2015-12-28,X300072.SZ,0.0184107194189209
2015-12-29,X000630.SZ,0.0209871307061759
2015-12-30,X000630.SZ,0.0206869658458087
2015-12-31,X600299.SH,0.01964255919809
2016-01-04,X002466.SZ,0.0152953541476068
2016-01-05,X000792.SZ,0.0208026442605219
2016-01-06,X300072.SZ,0.0197354227782603
2016-01-07,X300072.SZ,0.0113912319617273
2016-01-08,X300072.SZ,0.00988984828926007
2016-01-11,X300072.SZ,0.0116390197982532
2016-01-12,X300072.SZ,0.0148830511791503
2016-01-13,X600623.SH,0.0246046441388913
2016-01-14,X000630.SZ,0.0275284377420084
2016-01-15,X300072.SZ,0.0203207541002284
2016-01-18,X002466.SZ,0.0179695411163838
2016-01-19,X002466.SZ,0.0180345858941331
2016-01-20,X002466.SZ,0.0181414650768112
2016-01-21,X002466.SZ,0.0192116231425708
2016-01-22,X300072.SZ,0.0230376830884959
2016-01-25,X002466.SZ,0.0179137408101213
2016-01-26,X600111.SH,0.0210628358368046
2016-01-27,X600299.SH,0.0265550554912362
2016-01-28,X002466.SZ,0.0165740247932991
2016-01-29,X002466.SZ,0.0171436906339478
2016-02-01,X002466.SZ,0.0207409214049475
2016-02-02,X002466.SZ,0.0198786325020939
2016-02-03,X002466.SZ,0.0225234509174383
2016-02-04,X002466.SZ,0.0193051481115336
2016-02-05,X000898.SZ,0.0294633629277781
2016-02-15,X600547.SH,0.0288456966191387
2016-02-16,X600612.SH,0.0239187494472204
2016-02-17,X002466.SZ,0.0283737977155671
2016-02-18,X002466.SZ,0.0228779473613409
2016-02-19,X000959.SZ,0.0269738025129029
2016-02-22,X002075.SZ,0.0238289126915173
2016-02-23,X002075.SZ,0.0217317969457274
2016-02-24,X002075.SZ,0.0269812730948111
2016-02-25,X002075.SZ,0.0257937371692543
2016-02-26,X002466.SZ,0.0321027421800309
2016-02-29,X002466.SZ,0.0239097698565131
2016-03-01,X601699.SH,0.0286480104721981
2016-03-02,X601992.SH,0.0260638364700857
2016-03-03,X600578.SH,0.0314457517283097
2016-03-04,X600547.SH,0.0240340624984551
2016-03-07,X600547.SH,0.0231996730766987
2016-03-08,X002466.SZ,0.0219286351231489
2016-03-09,X600578.SH,0.0229765579093281
2016-03-10,X600547.SH,0.0266742974675385
2016-03-11,X600547.SH,0.0254894985440486
2016-03-14,X002466.SZ,0.0263012224699944
2016-03-15,X600547.SH,0.0287966999685022
2016-03-16,X600623.SH,0.0273219221530489
2016-03-17,X600547.SH,0.0252082905600387
2016-03-18,X600547.SH,0.0278698559368094
2016-03-21,X002075.SZ,0.0297568235114675
2016-03-22,X002075.SZ,0.0250075514945957
2016-03-23,X002075.SZ,0.0299399899562194
2016-03-24,X002075.SZ,0.0245221491861439
2016-03-25,X002075.SZ,0.025976100746943
2016-03-28,X600299.SH,0.0247541644226158
2016-03-29,X002075.SZ,0.0281770403914515
2016-03-30,X002466.SZ,0.0232982004719694
2016-03-31,X002466.SZ,0.0235937648461446
2016-04-01,X000959.SZ,0.0246690849089796
2016-04-05,X002466.SZ,0.0261629094121217
2016-04-06,X002466.SZ,0.0269433653258352
2016-04-07,X002075.SZ,0.0345426361637222
2016-04-08,X002470.SZ,0.0313695535611057
2016-04-11,X600578.SH,0.0263803682567537
2016-04-12,X000709.SZ,0.0250663832265837
2016-04-13,X000959.SZ,0.0315919876994268
2016-04-14,X000959.SZ,0.0262441424066488
2016-04-15,X600623.SH,0.0220300005524354
2016-04-18,X002466.SZ,0.0247539859065536
2016-04-19,X600547.SH,0.0173354648718301
2016-04-20,X600547.SH,0.0163646246713873
2016-04-21,X600547.SH,0.0279788994785113
2016-04-22,X600547.SH,0.0241035934223894
2016-04-25,X600547.SH,0.0210729162674419
2016-04-26,X000629.SZ,0.0219252752310514
2016-04-27,X600549.SH,0.0286189498914305
2016-04-28,X600549.SH,0.0276945323808767
2016-04-29,X601158.SH,0.0269827495643307
2016-05-03,X600549.SH,0.0274168165616274
2016-05-04,X600549.SH,0.0259523783870723
2016-05-05,X600549.SH,0.0273542678742987
2016-05-06,X600549.SH,0.0203729804035914
2016-05-09,X600547.SH,0.0198351044804782
2016-05-10,X002466.SZ,0.0233485383155383
2016-05-11,X002466.SZ,0.0240453809859114
2016-05-12,X002460.SZ,0.0272019563497937
2016-05-13,X002466.SZ,0.0225817424539835
2016-05-16,X601088.SH,0.024843220842559
2016-05-17,X600299.SH,0.0231261585331521
2016-05-18,X600547.SH,0.0265262874925817
2016-05-19,X601158.SH,0.0227774787018096
2016-05-20,X600547.SH,0.0160115957758122
2016-05-23,X600547.SH,0.0216665464494374
2016-05-24,X601158.SH,0.022853178354228
2016-05-25,X600547.SH,0.0152553383508462
2016-05-26,X600585.SH,0.0180690449968718
2016-05-27,X600547.SH,0.0180625568720143
2016-05-30,X002407.SZ,0.018783141658261
2016-05-31,X002407.SZ,0.0184088455933804
2016-06-01,X002470.SZ,0.0160393871257333
2016-06-02,X300072.SZ,0.0191748463529363
2016-06-03,X600660.SH,0.0165404833209905
2016-06-06,X002470.SZ,0.0188961795859326
2016-06-07,X600010.SH,0.0202575381266522
2016-06-08,X600660.SH,0.0173285305763302
2016-06-13,X600547.SH,0.0196576977206967
2016-06-14,X600010.SH,0.018503377812554
2016-06-15,X600021.SH,0.0183902903579011
2016-06-16,X002470.SZ,0.0193498217088792
2016-06-17,X600489.SH,0.0156441013914271
2016-06-20,X600489.SH,0.0139833100756822
2016-06-21,X600489.SH,0.0134506559520674
2016-06-22,X600489.SH,0.0113746110427884
2016-06-23,X600489.SH,0.0128452603671511
2016-06-24,X600489.SH,0.0122476937060963
2016-06-27,X600549.SH,0.016392388493657
2016-06-28,X600489.SH,0.0173618306905582
2016-06-29,X002407.SZ,0.0185518005393246
2016-06-30,X600489.SH,0.0167329377084035
2016-07-01,X002407.SZ,0.017358695355851
2016-07-04,X002407.SZ,0.0167450915803007
2016-07-05,X600612.SH,0.016643327553361
2016-07-06,X600612.SH,0.0138826907175771
2016-07-07,X002407.SZ,0.0155608621941754
2016-07-08,X600489.SH,0.0134301643615105
2016-07-11,X600612.SH,0.0153930114261823
2016-07-12,X002407.SZ,0.0120256922842984
2016-07-13,X002407.SZ,0.0166237608401588
2016-07-14,X002407.SZ,0.0164503370633784
2016-07-15,X002407.SZ,0.0165285305982002
2016-07-18,X002407.SZ,0.0155693306351405
2016-07-19,X002407.SZ,0.0163147342630326
2016-07-20,X600585.SH,0.0165928474055367
2016-07-21,X600188.SH,0.0202560784847466
2016-07-22,X600111.SH,0.0171358054398272
2016-07-25,X002075.SZ,0.0151449499211692
2016-07-26,X002075.SZ,0.0167529799474453
2016-07-27,X002075.SZ,0.016641812223647
2016-07-28,X600612.SH,0.01484443494986
2016-07-29,X600612.SH,0.0138780216051951
2016-08-01,X600612.SH,0.0151913749452649
2016-08-02,X600612.SH,0.0133936192003275
2016-08-03,X600612.SH,0.0151599119051465
2016-08-04,X600612.SH,0.0152102062930094
2016-08-05,X600612.SH,0.0158374300086456
2016-08-08,X002460.SZ,0.0152772363922248
2016-08-09,X002460.SZ,0.0141828029024956
2016-08-10,X600547.SH,0.0145605987924938
2016-08-11,X600489.SH,0.0130986110129338
2016-08-12,X600489.SH,0.0135572585577978
2016-08-15,X002460.SZ,0.0125995204629134
2016-08-16,X600299.SH,0.0132160354801883
2016-08-17,X002460.SZ,0.0133739578707762
2016-08-18,X002075.SZ,0.0136837003235569
2016-08-19,X600547.SH,0.0142866120970617
2016-08-22,X600547.SH,0.0134298838384796
2016-08-23,X600547.SH,0.0139379011716125
2016-08-24,X002075.SZ,0.0143923143749773
2016-08-25,X600547.SH,0.0131046732295577
2016-08-26,X600547.SH,0.0116501699495471
2016-08-29,X600547.SH,0.0131265205902471
2016-08-30,X600547.SH,0.0155223099985121
2016-08-31,X600585.SH,0.0135817217786869
2016-09-01,X600547.SH,0.0106067803220023
2016-09-02,X000408.SZ,0.0123466856715532
2016-09-05,X600547.SH,0.0130107886114761
2016-09-06,X600547.SH,0.0131912706859335
2016-09-07,X600585.SH,0.0139768959153687
2016-09-08,X600547.SH,0.0122787212072066
2016-09-09,X600309.SH,0.0140591674812797
2016-09-12,X600019.SH,0.0124098946525903
2016-09-13,X600309.SH,0.0138637953210588
2016-09-14,X600547.SH,0.0128835752919327
2016-09-19,X002470.SZ,0.0116006981124744
2016-09-20,X002470.SZ,0.0119087616006993
2016-09-21,X600126.SH,0.0122216239701518
2016-09-22,X600547.SH,0.01197448096547
2016-09-23,X600011.SH,0.0116811095033047
2016-09-26,X600309.SH,0.0135411645439459
2016-09-27,X600547.SH,0.0132530292010836
2016-09-28,X601088.SH,0.0146021349468969
2016-09-29,X600011.SH,0.0145734482822977
2016-09-30,X600011.SH,0.0131539743335514
2016-10-10,X600583.SH,0.0132827257073384
2016-10-11,X002466.SZ,0.0138311494435859
2016-10-12,X002466.SZ,0.0121229215772436
2016-10-13,X000709.SZ,0.0140298469955607
2016-10-14,X600623.SH,0.0120439271973116
2016-10-17,X600623.SH,0.0142677960280418
2016-10-18,X002075.SZ,0.0140930183678119
2016-10-19,X600585.SH,0.0132145642184464
2016-10-20,X601088.SH,0.0134984605348776
2016-10-21,X600585.SH,0.0128327101251937
2016-10-24,X600623.SH,0.0117648184897327
2016-10-25,X600623.SH,0.0115472516708992
2016-10-26,X600623.SH,0.00989934663218688
2016-10-27,X601088.SH,0.0116216131799289
2016-10-28,X601088.SH,0.0117641310858483
2016-10-31,X000935.SZ,0.0106975169604976
2016-11-01,X300072.SZ,0.0109164901211498
2016-11-02,X002075.SZ,0.0113498448308746
2016-11-03,X000935.SZ,0.00960524259014646
2016-11-04,X002466.SZ,0.0128573644621478
2016-11-07,X000935.SZ,0.0124408112375438
2016-11-08,X000935.SZ,0.0106183768250301
2016-11-09,X002092.SZ,0.00981428519913184
2016-11-10,X000935.SZ,0.0122960929524843
2016-11-11,X000935.SZ,0.0100199814311458
2016-11-14,X300072.SZ,0.012490339983024
2016-11-15,X300072.SZ,0.0132646533271671
2016-11-16,X002092.SZ,0.0123708676545721
2016-11-17,X600623.SH,0.0109874609540035
2016-11-18,X000898.SZ,0.0120995368911162
2016-11-21,X300072.SZ,0.0108065404297225
2016-11-22,X600585.SH,0.0110861749892238
2016-11-23,X000935.SZ,0.0132890602343838
2016-11-24,X600547.SH,0.0124004094166335
2016-11-25,X600547.SH,0.0099635697782776
2016-11-28,X600547.SH,0.0119012720273461
2016-11-29,X600547.SH,0.0133762081453931
2016-11-30,X600547.SH,0.0130498590797651
2016-12-01,X600309.SH,0.0123849043838905
2016-12-02,X600157.SH,0.0102250448835863
2016-12-05,X600157.SH,0.00935522712778757
2016-12-06,X600157.SH,0.0122177521414643
2016-12-07,X300072.SZ,0.0117868228265341
2016-12-08,X601158.SH,0.0140668207128299
2016-12-09,X600157.SH,0.0134985657576234
2016-12-12,X600585.SH,0.0135972866408283
2016-12-13,X600547.SH,0.0144300184498099
2016-12-14,X000959.SZ,0.0131438422556079
2016-12-15,X601158.SH,0.0155971040266554
2016-12-16,X000630.SZ,0.0138373905475054
2016-12-19,X000959.SZ,0.0149063349276954
2016-12-20,X600547.SH,0.0134359796972087
2016-12-21,X000959.SZ,0.0132013894568176
2016-12-22,X000959.SZ,0.0131587641893063
2016-12-23,X000959.SZ,0.0112848464495179
2016-12-26,X000959.SZ,0.0145147401572342
2016-12-27,X000935.SZ,0.0150144476180023
2016-12-28,X000959.SZ,0.0133605501267741
2016-12-29,X000959.SZ,0.013860914748696
2016-12-30,X600098.SH,0.0134588829313179
2017-01-03,X000408.SZ,0.0153828555446733
2017-01-04,X601158.SH,0.0144353708645519
2017-01-05,X600886.SH,0.0158793005949909
2017-01-06,X000408.SZ,0.014647554070382
2017-01-09,X600886.SH,0.0171804957289573
2017-01-10,X600021.SH,0.0145785720960856
2017-01-11,X600021.SH,0.0113260469375479
2017-01-12,X600021.SH,0.0145946042370423
2017-01-13,X600157.SH,0.0132188159875489
2017-01-16,X601088.SH,0.0147019763753671
2017-01-17,X000959.SZ,0.0138312166719065
2017-01-18,X000959.SZ,0.0144315911659808
2017-01-19,X600098.SH,0.00959598709685371
2017-01-20,X600098.SH,0.011506813247213
2017-01-23,X000959.SZ,0.0145930891103465
2017-01-24,X600098.SH,0.0127520173539984
2017-01-25,X000723.SZ,0.0120498417684738
2017-01-26,X600098.SH,0.0132230527279716
2017-02-03,X600098.SH,0.0132935376608767
2017-02-06,X600098.SH,0.011688140049126
2017-02-07,X600019.SH,0.0135212089142207
2017-02-08,X000983.SZ,0.0149817118848075
2017-02-09,X000723.SZ,0.0129314939099852
2017-02-10,X600339.SH,0.0123118749255837
2017-02-13,X600339.SH,0.0131686195334466
2017-02-14,X600019.SH,0.0144076827630932
2017-02-15,X600019.SH,0.011407274599571
2017-02-16,X000898.SZ,0.0102202222154553
2017-02-17,X600019.SH,0.0107138598517876
2017-02-20,X600019.SH,0.0100689298853247
2017-02-21,X600019.SH,0.0104697889136972
2017-02-22,X000898.SZ,0.0122410516462084
2017-02-23,X600028.SH,0.013488000496681
2017-02-24,X000898.SZ,0.0138702996495148
2017-02-27,X600309.SH,0.0135758301639086
2017-02-28,X600019.SH,0.0119022262500429
2017-03-01,X600019.SH,0.0128291842062155
2017-03-02,X600019.SH,0.0136431680693619
2017-03-03,X601088.SH,0.0148259972498922
2017-03-06,X600339.SH,0.0133716212130499
2017-03-07,X600019.SH,0.0133303676864055
2017-03-08,X600098.SH,0.0121115622956197
2017-03-09,X600019.SH,0.0104539568633491
2017-03-10,X601992.SH,0.0153314948168158
2017-03-13,X600339.SH,0.0150375540866218
2017-03-14,X000723.SZ,0.0161244818619393
2017-03-15,X601600.SH,0.0151000764945702
2017-03-16,X600021.SH,0.0160400275301242
2017-03-17,X600019.SH,0.0123502620712028
2017-03-20,X600339.SH,0.0121055366726229
2017-03-21,X601158.SH,0.0136275385230054
2017-03-22,X600339.SH,0.00854380829912867
2017-03-23,X600886.SH,0.0108645747937145
2017-03-24,X600886.SH,0.0142830720611515
2017-03-27,X600176.SH,0.0125034250207438
2017-03-28,X600886.SH,0.0104225276554546
2017-03-29,X600886.SH,0.0109926226489626
2017-03-30,X600352.SH,0.0118629439223018
2017-03-31,X600339.SH,0.0121767044309314
2017-04-05,X600660.SH,0.0115780103272559
2017-04-06,X600660.SH,0.0129174245961764
2017-04-07,X600339.SH,0.00994323195994292
2017-04-10,X600578.SH,0.012716634804742
2017-04-11,X600585.SH,0.0116189199543579
2017-04-12,X000723.SZ,0.0126699040879678
2017-04-13,X600352.SH,0.0139596622004706
2017-04-14,X600352.SH,0.013853347017543
2017-04-17,X000883.SZ,0.0139271561106211
2017-04-18,X600019.SH,0.0136336942120679
2017-04-19,X600008.SH,0.0136864754696339
2017-04-20,X600339.SH,0.0132190565746613
2017-04-21,X600339.SH,0.0128790472334113
2017-04-24,X600339.SH,0.012542402243381
2017-04-25,X600008.SH,0.0123620280771168
2017-04-26,X600585.SH,0.0127775952854659
2017-04-27,X600352.SH,0.0139896394867048
2017-04-28,X600008.SH,0.0125984978047546
2017-05-02,X600352.SH,0.0115584715659504
2017-05-03,X600352.SH,0.010672796721187
2017-05-04,X300072.SZ,0.0148376141805333
2017-05-05,X600660.SH,0.0124459666767577
2017-05-08,X600660.SH,0.0122582213992606
2017-05-09,X600660.SH,0.011757657134507
2017-05-10,X600660.SH,0.0118876483498525
2017-05-11,X600352.SH,0.0117409644087792
2017-05-12,X600660.SH,0.0139921518876341
2017-05-15,X600660.SH,0.0142543227548469
2017-05-16,X600660.SH,0.0118677871699242
2017-05-17,X600021.SH,0.0139589713363702
2017-05-18,X600886.SH,0.0147364577490999
2017-05-19,X600008.SH,0.0132744323181067
2017-05-22,X600008.SH,0.0137717858915593
2017-05-23,X600660.SH,0.0134149303206069
2017-05-24,X600660.SH,0.0132454383907098
2017-05-25,X600660.SH,0.0147303887258203
2017-05-26,X600660.SH,0.014310759078479
2017-05-31,X600660.SH,0.0115880922977585
2017-06-01,X300072.SZ,0.0143831536733971
2017-06-02,X300072.SZ,0.0153493217310314
2017-06-05,X300072.SZ,0.0146685614810897
2017-06-06,X600660.SH,0.0150886574546197
2017-06-07,X600660.SH,0.0157951604320231
2017-06-08,X300072.SZ,0.0113619565597564
2017-06-09,X300072.SZ,0.00985771223282683
2017-06-12,X600299.SH,0.0134715584950463
2017-06-13,X002460.SZ,0.0141327473137884
2017-06-14,X600660.SH,0.0127220708738737
2017-06-15,X600660.SH,0.0131372009631237
2017-06-16,X002466.SZ,0.0123539294484263
2017-06-19,X300072.SZ,0.0136114600074716
2017-06-20,X300072.SZ,0.011153319112587
2017-06-21,X601992.SH,0.0138745044008655
2017-06-22,X300072.SZ,0.0143801757614104
2017-06-23,X300072.SZ,0.0112077819469334
2017-06-26,X300072.SZ,0.00966094786945059
2017-06-27,X300072.SZ,0.0103522858155649
2017-06-28,X300072.SZ,0.00925632321935002
2017-06-29,X000408.SZ,0.0144647078761024
2017-06-30,X000408.SZ,0.013829130400481
2017-07-03,X600688.SH,0.0158255492639173
2017-07-04,X600008.SH,0.0157336620303295
2017-07-05,X600008.SH,0.0162437371939043
2017-07-06,X600008.SH,0.0129893823234428
2017-07-07,X600008.SH,0.0137284779199333
2017-07-10,X600008.SH,0.0138404915997646
2017-07-11,X600008.SH,0.012884987740707
2017-07-12,X600008.SH,0.0141843889104779
2017-07-13,X600008.SH,0.0146468768994725
2017-07-14,X000539.SZ,0.013365066234425
2017-07-17,X600011.SH,0.0128099611208197
2017-07-18,X600011.SH,0.0146731860126742
2017-07-19,X600011.SH,0.0152966154935355
2017-07-20,X600010.SH,0.0134942768923781
2017-07-21,X600011.SH,0.0134000078844015
2017-07-24,X600011.SH,0.0116929243526186
2017-07-25,X600011.SH,0.0123340498285623
2017-07-26,X600011.SH,0.0104615589514961
2017-07-27,X600011.SH,0.0116701118479355
2017-07-28,X600011.SH,0.0123162833691715
2017-07-31,X600011.SH,0.0128306548611075
2017-08-01,X600011.SH,0.0126198797578192
2017-08-02,X600516.SH,0.0121225441866933
2017-08-03,X600011.SH,0.0125445613886908
2017-08-04,X600578.SH,0.0133013907649484
2017-08-07,X600011.SH,0.0136177671294066
2017-08-08,X600011.SH,0.0149645416635887
2017-08-09,X300072.SZ,0.0173233333705586
2017-08-10,X600011.SH,0.0152828522047969
2017-08-11,X600011.SH,0.0148306259991427
2017-08-14,X600011.SH,0.0154404529971439
2017-08-15,X600011.SH,0.0140387502492327
2017-08-16,X300072.SZ,0.0149225844853268
2017-08-17,X600008.SH,0.0147464610379746
2017-08-18,X601992.SH,0.0186030320976057
2017-08-21,X300072.SZ,0.0171430410345599
2017-08-22,X300072.SZ,0.0169375843319016
2017-08-23,X600008.SH,0.0165020876873165
2017-08-24,X300072.SZ,0.0147438466651468
2017-08-25,X300072.SZ,0.0138632629838972
2017-08-28,X300072.SZ,0.0166248365090168
2017-08-29,X600019.SH,0.0142677114768594
2017-08-30,X000723.SZ,0.0152293401048568
2017-08-31,X000723.SZ,0.0156780194547067
2017-09-01,X600886.SH,0.014041754693358
2017-09-04,X601857.SH,0.0158041533501851
2017-09-05,X600688.SH,0.0149049507969316
2017-09-06,X300072.SZ,0.0163549193718885
2017-09-07,X300072.SZ,0.0157655187588629
2017-09-08,X300072.SZ,0.0146616188303752
2017-09-11,X600339.SH,0.0182374191209331
2017-09-12,X600688.SH,0.015680673170201
2017-09-13,X600688.SH,0.0162063090603312
2017-09-14,X600688.SH,0.0167902462590672
2017-09-15,X600660.SH,0.0188612773595902
2017-09-18,X600660.SH,0.0163909140472239
2017-09-19,X002271.SZ,0.0173780504508369
2017-09-20,X600660.SH,0.0180865207078846
2017-09-21,X000408.SZ,0.015133885821915
2017-09-22,X601992.SH,0.0145455650858856
2017-09-25,X000408.SZ,0.0148091495385599
2017-09-26,X000408.SZ,0.015042267683995
2017-09-27,X000408.SZ,0.0158308075036621
2017-09-28,X600309.SH,0.0156023968679964
2017-09-29,X000408.SZ,0.0170656288927559
2017-10-09,X002271.SZ,0.0134717831053695
2017-10-10,X002271.SZ,0.013079322022471
2017-10-11,X002271.SZ,0.01535202429122
2017-10-12,X000408.SZ,0.0162066569802637
2017-10-13,X002271.SZ,0.0132300340590098
2017-10-16,X002271.SZ,0.0136315986301651
2017-10-17,X600516.SH,0.0175462416296843
2017-10-18,X000408.SZ,0.0133200492025973
2017-10-19,X600516.SH,0.0171555491463096
2017-10-20,X000408.SZ,0.0156764478069333
2017-10-23,X600157.SH,0.0168392813007362
2017-10-24,X002271.SZ,0.0168037240884336
2017-10-25,X000723.SZ,0.0146319356127734
2017-10-26,X600309.SH,0.0156920932883619
2017-10-27,X000408.SZ,0.0157010807615875
2017-10-30,X000408.SZ,0.0146693314686343
2017-10-31,X000408.SZ,0.0146460254481816
2017-11-01,X300072.SZ,0.0152580984181053
2017-11-02,X000408.SZ,0.0137434645460648
2017-11-03,X002271.SZ,0.00938577937601933
2017-11-06,X002271.SZ,0.0126344112449261
2017-11-07,X600585.SH,0.0128914550436306
2017-11-08,X000408.SZ,0.0119490392403205
2017-11-09,X000408.SZ,0.0129174161746098
2017-11-10,X600585.SH,0.0141210804714684
2017-11-13,X002271.SZ,0.0120064697161641
2017-11-14,X000408.SZ,0.0136230940057328
2017-11-15,X000723.SZ,0.0127792336457456
2017-11-16,X600339.SH,0.0139560643608938
2017-11-17,X600585.SH,0.0134916688727455
2017-11-20,X600585.SH,0.0125563219559056
2017-11-21,X300072.SZ,0.0146395711672995
2017-11-22,X300072.SZ,0.0125603339519856
2017-11-23,X600339.SH,0.0149580042495058
2017-11-24,X002271.SZ,0.0141217085793924
2017-11-27,X300072.SZ,0.0133084120225751
2017-11-28,X300072.SZ,0.0113793008263017
2017-11-29,X300072.SZ,0.0102547412188385
2017-11-30,X002092.SZ,0.0122261534905738
2017-12-01,X002271.SZ,0.0108432727057861
2017-12-04,X002271.SZ,0.0123636909218419
2017-12-05,X002271.SZ,0.0131223964701867
2017-12-06,X300072.SZ,0.0114029928086011
2017-12-07,X002271.SZ,0.0130842492715971
2017-12-08,X600352.SH,0.0101764464344762
2017-12-11,X002092.SZ,0.012132695505289
2017-12-12,X300072.SZ,0.0111403639420569
2017-12-13,X002271.SZ,0.012897379206908
2017-12-14,X002271.SZ,0.0131450097925892
2017-12-15,X000723.SZ,0.0132953260971403
2017-12-18,X000723.SZ,0.0128461835366421
2017-12-19,X600688.SH,0.0126233179365886
2017-12-20,X600688.SH,0.013576013466184
2017-12-21,X600795.SH,0.0123326368253211
2017-12-22,X300072.SZ,0.0125852291533585
2017-12-25,X600339.SH,0.0140244902495852
2017-12-26,X600688.SH,0.0131500280236853
2017-12-27,X300072.SZ,0.014014449939531
2017-12-28,X600795.SH,0.0139516335503386
2017-12-29,X600688.SH,0.0135006826153174
2018-01-02,X600808.SH,0.0133376934327854
2018-01-03,X600795.SH,0.0143475405995583
2018-01-04,X600585.SH,0.0134466253435178
2018-01-05,X600585.SH,0.0139488836711905
2018-01-08,X600688.SH,0.0146532501346434
2018-01-09,X600219.SH,0.0159250087447448
2018-01-10,X600219.SH,0.0150571959067354
2018-01-11,X600219.SH,0.0143228107071604
2018-01-12,X601991.SH,0.0120049857858156
2018-01-15,X600585.SH,0.0166688062488254
2018-01-16,X600585.SH,0.0137822023208909
2018-01-17,X300072.SZ,0.0155939937667064
2018-01-18,X600011.SH,0.0160296750544531
2018-01-19,X600585.SH,0.013300570315122
2018-01-22,X000792.SZ,0.0176771150153337
2018-01-23,X600011.SH,0.016035437931857
2018-01-24,X002110.SZ,0.0182498122140673
2018-01-25,X000883.SZ,0.0180702583704046
2018-01-26,X600688.SH,0.0177812079872014
2018-01-29,X300072.SZ,0.0162039151043255
2018-01-30,X600688.SH,0.01650779395994
2018-01-31,X600299.SH,0.0195757269192914
2018-02-01,X002466.SZ,0.0196208129408262
2018-02-02,X600027.SH,0.0169004750686737
2018-02-05,X600027.SH,0.0164286002818956
2018-02-06,X002466.SZ,0.0170299471311208
2018-02-07,X600027.SH,0.0171586815650528
2018-02-08,X600027.SH,0.0185633862484425
2018-02-09,X600688.SH,0.0165167362436872
2018-02-12,X002466.SZ,0.0195813346223683
2018-02-13,X600352.SH,0.0177497753206896
2018-02-14,X600352.SH,0.0191585160361829
2018-02-22,X600352.SH,0.0134581649868689
2018-02-23,X600352.SH,0.0131993670068488
2018-02-26,X000408.SZ,0.0150483454696195
2018-02-27,X600299.SH,0.0145107507714521
2018-02-28,X600299.SH,0.0179598950323031
2018-03-01,X000408.SZ,0.0194968624417921
2018-03-02,X600660.SH,0.0165626347223326
2018-03-05,X002466.SZ,0.0157422400773601
2018-03-06,X002466.SZ,0.0157105097250092
2018-03-07,X600299.SH,0.016407381673476
2018-03-08,X600299.SH,0.0145455989337736
2018-03-09,X600352.SH,0.017012036486813
2018-03-12,X601600.SH,0.0162268637765404
2018-03-13,X600516.SH,0.0206285486832525
2018-03-14,X600516.SH,0.0198296068090498
2018-03-15,X600489.SH,0.0214238940454876
2018-03-16,X600489.SH,0.0161192305516717
2018-03-19,X601600.SH,0.0178877906788202
2018-03-20,X000630.SZ,0.0189027294999266
2018-03-21,X601992.SH,0.0179279906131732
2018-03-22,X600688.SH,0.0157687559116064
2018-03-23,X600688.SH,0.0168603512221783
2018-03-26,X600688.SH,0.0173875528614235
2018-03-27,X600688.SH,0.0158267325248504
2018-03-28,X600688.SH,0.0179029206858359
2018-03-29,X601600.SH,0.0174115744719348
2018-03-30,X601600.SH,0.0155718012927838
2018-04-02,X601600.SH,0.0145306325003819
2018-04-03,X601600.SH,0.0138111723688991
2018-04-04,X000786.SZ,0.0198236954743184
2018-04-09,X601600.SH,0.0165236297699184
2018-04-10,X601600.SH,0.0153764592498675
2018-04-11,X601600.SH,0.0130123266207568
2018-04-12,X601600.SH,0.014739724379033
2018-04-13,X601600.SH,0.0164421350343809
2018-04-16,X601600.SH,0.0160162927934593
2018-04-17,X601600.SH,0.0141647590151331
2018-04-18,X601600.SH,0.0167233399565653
2018-04-19,X601600.SH,0.015789349035417
2018-04-20,X000786.SZ,0.0184678149268981
2018-04-23,X601600.SH,0.0178564880941563
2018-04-24,X000709.SZ,0.017582954002046
2018-04-25,X601600.SH,0.0196986877914411
2018-04-26,X002466.SZ,0.0165970601862839
2018-04-27,X601600.SH,0.0128805356387721
2018-05-02,X601600.SH,0.0151962159613107
2018-05-03,X601600.SH,0.0160616692094488
2018-05-04,X002466.SZ,0.0149177219730147
2018-05-07,X601600.SH,0.0128939768005467
2018-05-08,X002466.SZ,0.0153735905619816
2018-05-09,X601600.SH,0.0122150049617321
2018-05-10,X601600.SH,0.0137240272167806
2018-05-11,X601600.SH,0.014764894776015
2018-05-14,X002466.SZ,0.0155056858371789
2018-05-15,X002466.SZ,0.0135737832749828
2018-05-16,X601158.SH,0.0179539628240179
2018-05-17,X601158.SH,0.016178782066035
2018-05-18,X601158.SH,0.0141239616885663
2018-05-21,X601158.SH,0.0169929224473329
2018-05-22,X601158.SH,0.0165199051754626
2018-05-23,X601158.SH,0.0157325118005015
2018-05-24,X601600.SH,0.0165067528431365
2018-05-25,X600027.SH,0.0156300919900877
2018-05-28,X601158.SH,0.0109656651094606
2018-05-29,X000786.SZ,0.0141047274484207
2018-05-30,X000786.SZ,0.0148087529977557
2018-05-31,X601600.SH,0.017404095701305
2018-06-01,X600426.SH,0.0161878126885646
2018-06-04,X600426.SH,0.0160751685291847
2018-06-05,X002271.SZ,0.0149338167778861
2018-06-06,X601158.SH,0.0152352878708669
2018-06-07,X600027.SH,0.0155990424707171
2018-06-08,X600027.SH,0.0158898241629214
2018-06-11,X600027.SH,0.0170949134191443
2018-06-12,X600027.SH,0.0165628644861359
2018-06-13,X000553.SZ,0.0182472771410723
2018-06-14,X600027.SH,0.0127856769192044
2018-06-15,X000786.SZ,0.0141297416385678
2018-06-19,X000786.SZ,0.0153634594277485
2018-06-20,X000786.SZ,0.015168109263921
2018-06-21,X600027.SH,0.0178685076106312
2018-06-22,X000786.SZ,0.0177890246897757
2018-06-25,X300072.SZ,0.0153965718041701
2018-06-26,X600309.SH,0.0183738167845596
2018-06-27,X000932.SZ,0.0195909017144981
2018-06-28,X600660.SH,0.0139513987361102
2018-06-29,X000553.SZ,0.0185407263623389
2018-07-02,X600028.SH,0.0198158482695022
2018-07-03,X000932.SZ,0.0179576995095582
2018-07-04,X300072.SZ,0.0177564510243373
2018-07-05,X300072.SZ,0.0186302572409074
2018-07-06,X600426.SH,0.017247079899975
2018-07-09,X600426.SH,0.013280529567582
2018-07-10,X600426.SH,0.0118906815142968
2018-07-11,X600426.SH,0.0148856653418565
2018-07-12,X600426.SH,0.0170635207923877
2018-07-13,X600426.SH,0.010462108317803
2018-07-16,X000408.SZ,0.0172215125514402
2018-07-17,X002460.SZ,0.0165588694083212
2018-07-18,X002470.SZ,0.0166772424334542
2018-07-19,X600309.SH,0.0156187390094612
2018-07-20,X600660.SH,0.0180927477908844
2018-07-23,X600660.SH,0.014703739479313
2018-07-24,X600309.SH,0.0163567085677789
2018-07-25,X600309.SH,0.0148302831494188
2018-07-26,X600660.SH,0.0148064839457855
2018-07-27,X600660.SH,0.0140423755664619
2018-07-30,X000786.SZ,0.0174620606343331
2018-07-31,X600660.SH,0.0193832015000983
2018-08-01,X300072.SZ,0.018085946586107
2018-08-02,X600660.SH,0.0139616332840509
2018-08-03,X600011.SH,0.0171540718494364
2018-08-06,X002271.SZ,0.0224169558986752
2018-08-07,X600309.SH,0.0189027765602651
2018-08-08,X002271.SZ,0.0171791853256335
2018-08-09,X600660.SH,0.0184827501960026
2018-08-10,X300072.SZ,0.0188431798828951
2018-08-13,X000786.SZ,0.0136542410105868
2018-08-14,X600011.SH,0.0145092294200857
2018-08-15,X600309.SH,0.0162541631556001
2018-08-16,X600309.SH,0.0173404868973222
2018-08-17,X300072.SZ,0.0141057642027532
2018-08-20,X600426.SH,0.0198972252810759
2018-08-21,X600660.SH,0.0202600979051914
2018-08-22,X002110.SZ,0.0183259613152482
2018-08-23,X600660.SH,0.0192473380684368
2018-08-24,X600426.SH,0.0181250838233518
2018-08-27,X600426.SH,0.0207918591894246
2018-08-28,X600660.SH,0.0185371760770763
2018-08-29,X002460.SZ,0.0198804373474828
2018-08-30,X600660.SH,0.0202315480400335
2018-08-31,X601857.SH,0.0207434555512028
2018-09-03,X600011.SH,0.0164535471000191
2018-09-04,X600027.SH,0.0135790761225977
2018-09-05,X000792.SZ,0.0173619672694097
2018-09-06,X002110.SZ,0.0193784568888116
2018-09-07,X600028.SH,0.0182557502150343
2018-09-10,X600028.SH,0.0191549813618672
2018-09-11,X600426.SH,0.0181935198164625
2018-09-12,X600011.SH,0.0157413304711245
2018-09-13,X600309.SH,0.021951526362402
2018-09-14,X000553.SZ,0.0196453892805932
2018-09-17,X600801.SH,0.0203032287622879
2018-09-18,X600801.SH,0.0175306350880144
2018-09-19,X600801.SH,0.0172312777161295
2018-09-20,X600801.SH,0.0203358089175279
2018-09-21,X600801.SH,0.0191939008024507
2018-09-25,X600426.SH,0.0181499664045365
2018-09-26,X600426.SH,0.0187322373727982
2018-09-27,X002110.SZ,0.0159754533854941
2018-09-28,X600011.SH,0.0158249371475515
2018-10-08,X000792.SZ,0.0170422759801235
2018-10-09,X002110.SZ,0.0161465398463415
2018-10-10,X002110.SZ,0.0173783552730649
2018-10-11,X600011.SH,0.0163609826383203
2018-10-12,X300072.SZ,0.0187435503700686
2018-10-15,X000553.SZ,0.0204740113159275
2018-10-16,X000301.SZ,0.019315412336257
2018-10-17,X601991.SH,0.0219695964355495
2018-10-18,X000629.SZ,0.018160052479776
2018-10-19,X600660.SH,0.0228265397985163
2018-10-22,X600010.SH,0.02004598104323
2018-10-23,X000629.SZ,0.0178539016638576
2018-10-24,X000898.SZ,0.0200438780730372
2018-10-25,X000629.SZ,0.0201353600870136
2018-10-26,X000629.SZ,0.020135971930731
2018-10-29,X000898.SZ,0.0199098919047004
2018-10-30,X600801.SH,0.0195949909313761
2018-10-31,X000629.SZ,0.0193151843938673
2018-11-01,X000825.SZ,0.0209212753946595
2018-11-02,X000629.SZ,0.0170481934296218
2018-11-05,X000629.SZ,0.0155549490699656
2018-11-06,X000629.SZ,0.0164210019196709
2018-11-07,X600660.SH,0.0193265007506417
2018-11-08,X000629.SZ,0.0186314719889417
2018-11-09,X000629.SZ,0.0171216802691666
2018-11-12,X000629.SZ,0.0182800874149147
2018-11-13,X600027.SH,0.0193277234482372
2018-11-14,X000629.SZ,0.0170919502922255
2018-11-15,X000629.SZ,0.0204058763633241
2018-11-16,X600426.SH,0.0179057517769138
2018-11-19,X600660.SH,0.0148452269256361
2018-11-20,X000629.SZ,0.0210421067435137
2018-11-21,X600808.SH,0.0185472125755222
2018-11-22,X600660.SH,0.0149807178883926
2018-11-23,X600660.SH,0.0125814617625518
2018-11-26,X600660.SH,0.0163018972128456
2018-11-27,X600660.SH,0.0118674281992216
2018-11-28,X600660.SH,0.0138088994504087
2018-11-29,X600660.SH,0.0139791889027864
2018-11-30,X600660.SH,0.0137022828795974
2018-12-03,X600660.SH,0.013788441766751
2018-12-04,X000408.SZ,0.0168550076625647
2018-12-05,X600660.SH,0.0120959476165645
2018-12-06,X600660.SH,0.0156510298688798
2018-12-07,X600660.SH,0.0164751192309381
2018-12-10,X600660.SH,0.0153665571725191
2018-12-11,X000629.SZ,0.015083046159709
2018-12-12,X600660.SH,0.0125564170665788
2018-12-13,X600660.SH,0.0134627413764784
2018-12-14,X600660.SH,0.0133827042454629
2018-12-17,X600660.SH,0.0176019109446077
2018-12-18,X600660.SH,0.0171430961354434
2018-12-19,X600660.SH,0.0149600218411026
2018-12-20,X600660.SH,0.0179985076886697
2018-12-21,X600027.SH,0.0174897082625325
2018-12-24,X300072.SZ,0.017275766362973
2018-12-25,X002460.SZ,0.0187794679569278
2018-12-26,X002271.SZ,0.0187754901666755
2018-12-27,X002470.SZ,0.0169735518358921
2018-12-28,X002470.SZ,0.0148422955119213
2019-01-02,X002470.SZ,0.0180365295259359
2019-01-03,X600688.SH,0.0199016104723424
2019-01-04,X600660.SH,0.0183902598934982
2019-01-07,X002470.SZ,0.0189813415810297
2019-01-08,X600309.SH,0.0205819640953478
2019-01-09,X600660.SH,0.0194027131835871
2019-01-10,X600660.SH,0.0158393261471125
2019-01-11,X600660.SH,0.0173729637337701
2019-01-14,X600660.SH,0.0147689278353542
2019-01-15,X600660.SH,0.0189035215396545
2019-01-16,X600660.SH,0.0185723366067324
2019-01-17,X600489.SH,0.0134648043434201
2019-01-18,X600489.SH,0.0141569576400121
2019-01-21,X600660.SH,0.0163001160413409
2019-01-22,X600028.SH,0.0148011302350464
2019-01-23,X601857.SH,0.0145590729368456
2019-01-24,X601857.SH,0.0140211530734442
2019-01-25,X601857.SH,0.0144478443751438
2019-01-28,X600688.SH,0.00990479237224983
2019-01-29,X600612.SH,0.0122223541121736
2019-01-30,X601857.SH,0.011129975917424
2019-01-31,X600612.SH,0.0133125526619633
2019-02-01,X600612.SH,0.0139478967218341
2019-02-11,X601857.SH,0.0139729989083898
2019-02-12,X600688.SH,0.0134274958233615
2019-02-13,X600612.SH,0.0135816612127451
2019-02-14,X601088.SH,0.013364790092095
2019-02-15,X600612.SH,0.0128451590965839
2019-02-18,X600612.SH,0.0132093518875421
2019-02-19,X600612.SH,0.0133407457635338
2019-02-20,X600027.SH,0.0124905700031419
2019-02-21,X600688.SH,0.0118670269790511
2019-02-22,X600010.SH,0.0143988910941888
2019-02-25,X600688.SH,0.0128177766927627
2019-02-26,X601992.SH,0.017534661118223
2019-02-27,X600157.SH,0.015509957083474
2019-02-28,X600157.SH,0.0159462993512713
2019-03-01,X000408.SZ,0.0149495132932583
2019-03-04,X600157.SH,0.013470067539311
2019-03-05,X600157.SH,0.013946619418762
2019-03-06,X601992.SH,0.014575795077035
2019-03-07,X600027.SH,0.0181727794715693
2019-03-08,X600027.SH,0.0153945120708255
2019-03-11,X600547.SH,0.0148730200809005
2019-03-12,X600027.SH,0.0133860602496946
2019-03-13,X002470.SZ,0.0168833010970676
2019-03-14,X600309.SH,0.0161846473196052
2019-03-15,X600886.SH,0.0170300361029087
2019-03-18,X002466.SZ,0.0201461088794673
2019-03-19,X600027.SH,0.0160425916889751
2019-03-20,X600027.SH,0.0154544116443993
2019-03-21,X600157.SH,0.0192008542194601
2019-03-22,X600583.SH,0.0191660517979637
2019-03-25,X600011.SH,0.01772597003371
2019-03-26,X600011.SH,0.016797885272533
2019-03-27,X600157.SH,0.0169026769751491
2019-03-28,X600157.SH,0.0156391192529094
2019-03-29,X600157.SH,0.01514841077385
2019-04-01,X000990.SZ,0.0186788256712427
2019-04-02,X000990.SZ,0.015687499108498
2019-04-03,X600011.SH,0.0173477731748025
2019-04-04,X600157.SH,0.0200349943788972
2019-04-08,X600027.SH,0.0206666936635979
2019-04-09,X000990.SZ,0.0144715015045046
2019-04-10,X600011.SH,0.0144849571896926
2019-04-11,X600027.SH,0.0141497790474768
2019-04-12,X600011.SH,0.0153403894322842
2019-04-15,X600011.SH,0.0161575190851232
2019-04-16,X600027.SH,0.0183504848600367
2019-04-17,X600027.SH,0.0166841283309564
2019-04-18,X600011.SH,0.0202002388742129
2019-04-19,X600011.SH,0.0182329372225071
2019-04-22,X600011.SH,0.0185016044029326
2019-04-23,X600795.SH,0.0207617985279672
2019-04-24,X000990.SZ,0.0219942752747512
2019-04-25,X600795.SH,0.0228328698923931
2019-04-26,X600886.SH,0.0230101225250644
2019-04-29,X600157.SH,0.0211061671441343
2019-04-30,X600516.SH,0.0216540285442922
2019-05-06,X000990.SZ,0.0184468398393193
2019-05-07,X600339.SH,0.0219102698695803
2019-05-08,X002466.SZ,0.0226864018119892
2019-05-09,X000990.SZ,0.0187052251326674
2019-05-10,X000723.SZ,0.0189333491778604
2019-05-13,X000723.SZ,0.0168327006249243
2019-05-14,X000723.SZ,0.0177473329613339
2019-05-15,X002271.SZ,0.0177902295710435
2019-05-16,X002271.SZ,0.0176444591944285
2019-05-17,X002271.SZ,0.0200215495553619
2019-05-20,X600339.SH,0.0212096238615504
2019-05-21,X600299.SH,0.0173942391177022
2019-05-22,X600299.SH,0.0230838069597102
2019-05-23,X000786.SZ,0.024667494387478
2019-05-24,X000990.SZ,0.015622093668172
2019-05-27,X000990.SZ,0.0162965629932338
2019-05-28,X002466.SZ,0.024354815965955
2019-05-29,X000990.SZ,0.0170851385295743
2019-05-30,X000990.SZ,0.0212056964720047
2019-05-31,X000786.SZ,0.0145233508229574
2019-06-03,X000786.SZ,0.0162392928524641
2019-06-04,X000786.SZ,0.0168909942969932
2019-06-05,X000786.SZ,0.0149153570729149
2019-06-06,X000786.SZ,0.0171491937560646
2019-06-10,X000786.SZ,0.0146483354666422
2019-06-11,X000786.SZ,0.0151851645550918
2019-06-12,X000786.SZ,0.0191683551044515
2019-06-13,X000786.SZ,0.0162646806064684
2019-06-14,X000786.SZ,0.0174842509063807
2019-06-17,X000786.SZ,0.0185447406574606
2019-06-18,X000786.SZ,0.0160981675788677
2019-06-19,X600585.SH,0.0189899077557865
2019-06-20,X000786.SZ,0.0147286056999289
2019-06-21,X600299.SH,0.0179877830315671
2019-06-24,X600299.SH,0.0189474268102255
2019-06-25,X600299.SH,0.0218194483775698
2019-06-26,X000723.SZ,0.0186180359861314
2019-06-27,X600299.SH,0.0186126186201317
2019-06-28,X600111.SH,0.0194989958661072
2019-07-01,X000883.SZ,0.0184683435215562
2019-07-02,X600547.SH,0.0176095465704638
2019-07-03,X600612.SH,0.015060001689659
2019-07-04,X600612.SH,0.0144245648540235
2019-07-05,X600612.SH,0.0174805844621663
2019-07-08,X600612.SH,0.010703775507804
2019-07-09,X600612.SH,0.0131468736715705
2019-07-10,X600547.SH,0.0160712551228412
2019-07-11,X600612.SH,0.0147896832926456
2019-07-12,X600547.SH,0.0151080296745104
2019-07-15,X600547.SH,0.0154894514141863
2019-07-16,X600547.SH,0.0170283747056456
2019-07-17,X000553.SZ,0.0205018667946575
2019-07-18,X600011.SH,0.0166033601910919
2019-07-19,X600612.SH,0.0154380801420987
2019-07-22,X600612.SH,0.0151134575701763
2019-07-23,X000401.SZ,0.0139081458121157
2019-07-24,X600801.SH,0.0174175962236943
2019-07-25,X600612.SH,0.0156236704817692
2019-07-26,X600801.SH,0.0158566143811418
2019-07-29,X600612.SH,0.0163758657695303
2019-07-30,X002466.SZ,0.016959335345268
2019-07-31,X600612.SH,0.0145420546096292
2019-08-01,X600612.SH,0.0154571319306374
2019-08-02,X600021.SH,0.0163962766450609
2019-08-05,X600021.SH,0.0122355740616374
2019-08-06,X600612.SH,0.0167081677152171
2019-08-07,X600309.SH,0.0112766702493255
2019-08-08,X600612.SH,0.0165902598664548
2019-08-09,X002271.SZ,0.0142428028231972
2019-08-12,X600612.SH,0.0117995353983771
2019-08-13,X600547.SH,0.014240344534524
2019-08-14,X600801.SH,0.0136327016254493
2019-08-15,X600011.SH,0.0127098086906889
2019-08-16,X600801.SH,0.0129257772355456
2019-08-19,X600011.SH,0.014526002058948
2019-08-20,X600585.SH,0.0130408984361473
2019-08-21,X002353.SZ,0.0130870427838317
2019-08-22,X600011.SH,0.0111960945806944
2019-08-23,X000883.SZ,0.0141474863687179
2019-08-26,X002460.SZ,0.012235220392353
2019-08-27,X600426.SH,0.0125857580101325
2019-08-28,X600309.SH,0.0104352819440407
2019-08-29,X600426.SH,0.0101566378432863
2019-08-30,X000786.SZ,0.0139014191240181
2019-09-02,X600585.SH,0.0128011819468053
2019-09-03,X600309.SH,0.0122486798479566
2019-09-04,X002353.SZ,0.0129327540407167
2019-09-05,X002353.SZ,0.0128257867080677
2019-09-06,X600612.SH,0.00973205792072801
2019-09-09,X002353.SZ,0.0146650718438992
2019-09-10,X600612.SH,0.0129455179625955
2019-09-11,X600315.SH,0.0119414575558494
2019-09-12,X000883.SZ,0.014756356098384
2019-09-16,X600011.SH,0.0142909514325432
2019-09-17,X600612.SH,0.0137643319473587
2019-09-18,X002271.SZ,0.0135261006925913
2019-09-19,X600547.SH,0.0128873028848698
2019-09-20,X600547.SH,0.0134170625242967
2019-09-23,X600547.SH,0.0142854634977513
2019-09-24,X600176.SH,0.0137729673833417
2019-09-25,X600612.SH,0.0136256187717941
2019-09-26,X600612.SH,0.0134066500276633
2019-09-27,X002353.SZ,0.0143495888815284
2019-09-30,X601857.SH,0.0119739523305485
2019-10-08,X600612.SH,0.0160571049707636
2019-10-09,X600299.SH,0.0123314662808759
2019-10-10,X600516.SH,0.0183458065857267
2019-10-11,X000708.SZ,0.0129684285756078
2019-10-14,X600886.SH,0.013426721249309
2019-10-15,X600027.SH,0.0137758179838574
2019-10-16,X600027.SH,0.0147153348381459
2019-10-17,X600027.SH,0.0122799576398969
2019-10-18,X600027.SH,0.0121921618274355
2019-10-21,X600027.SH,0.0117553761879207
2019-10-22,X600027.SH,0.0134667682905446
2019-10-23,X600027.SH,0.0154435963899
2019-10-24,X600027.SH,0.0141912496869613
2019-10-25,X600027.SH,0.0139939105032822
2019-10-28,X600315.SH,0.0134540704950407
2019-10-29,X600315.SH,0.0116285768532021
2019-10-30,X600315.SH,0.0127036814890184
2019-10-31,X600011.SH,0.013533033695078
2019-11-01,X600315.SH,0.0130054658657695
2019-11-04,X000708.SZ,0.0151932901487726
2019-11-05,X600011.SH,0.0131606518329471
2019-11-06,X000708.SZ,0.0122199448644855
2019-11-07,X600315.SH,0.0144301694308547
2019-11-08,X600011.SH,0.0113512489842288
2019-11-11,X600027.SH,0.0136876622210586
2019-11-12,X600027.SH,0.0142573428119175
2019-11-13,X601088.SH,0.0141102373172698
2019-11-14,X000792.SZ,0.0121289732311008
2019-11-15,X000027.SZ,0.0132768051816452
2019-11-18,X000792.SZ,0.0148246146104506
2019-11-19,X000825.SZ,0.0109836594141098
2019-11-20,X000825.SZ,0.0111990601156185
2019-11-21,X600315.SH,0.0141220287806251
2019-11-22,X000792.SZ,0.0139038082007642
2019-11-25,X600299.SH,0.0149081771980382
2019-11-26,X002353.SZ,0.0124790603454445
2019-11-27,X000792.SZ,0.0154400081038277
2019-11-28,X000792.SZ,0.0139633979114049
2019-11-29,X000825.SZ,0.0148831035016194
2019-12-02,X600011.SH,0.0131172428289525
2019-12-03,X600795.SH,0.0141760865128356
2019-12-04,X000786.SZ,0.0149528034428613
2019-12-05,X000786.SZ,0.0128843419241653
2019-12-06,X601600.SH,0.0143168725545341
2019-12-09,X000792.SZ,0.0145028135434153
2019-12-10,X000883.SZ,0.0127538444711294
2019-12-11,X000708.SZ,0.0128659350089587
2019-12-12,X000792.SZ,0.0129913153224176
2019-12-13,X000792.SZ,0.011687720879992
2019-12-16,X000792.SZ,0.0133466268493025
2019-12-17,X000825.SZ,0.00923430372979607
2019-12-18,X000825.SZ,0.0111653224718226
2019-12-19,X000786.SZ,0.0126230759843639
2019-12-20,X000786.SZ,0.00982668003971893
2019-12-23,X000883.SZ,0.0156339438116565
2019-12-24,X601898.SH,0.0126165980393672
2019-12-25,X600583.SH,0.0116874257715229
2019-12-26,X000825.SZ,0.0116969419051021
2019-12-27,X000786.SZ,0.0127487143084534
2019-12-30,X000786.SZ,0.0110487076681799
2019-12-31,X000786.SZ,0.0104074322462614
2020-01-02,X000629.SZ,0.0138955269223948
2020-01-03,X600309.SH,0.00940607159992825
2020-01-06,X600309.SH,0.011348666083852
2020-01-07,X000629.SZ,0.0125066805324151
2020-01-08,X000629.SZ,0.0106844417691643
2020-01-09,X600612.SH,0.012358769980801
2020-01-10,X600309.SH,0.0109250964382791
2020-01-13,X600612.SH,0.0136695986891791
2020-01-14,X000629.SZ,0.0132164050390632
2020-01-15,X000792.SZ,0.012886677720561
2020-01-16,X000792.SZ,0.0124635597577099
2020-01-17,X002353.SZ,0.0132722627088256
2020-01-20,X002353.SZ,0.0155304199735477
2020-01-21,X002466.SZ,0.0108306918174536
2020-01-22,X002353.SZ,0.0118848993422125
2020-01-23,X002353.SZ,0.0142479336464848
2020-02-03,X002353.SZ,0.01244507152825
2020-02-04,X002466.SZ,0.0143441056476261
2020-02-05,X002466.SZ,0.0136983028781465
2020-02-06,X002466.SZ,0.0130980954987984
2020-02-07,X002466.SZ,0.014723471397447
2020-02-10,X002466.SZ,0.0140309113463969
2020-02-11,X002466.SZ,0.0138017957230449
2020-02-12,X002466.SZ,0.0144733330858204
2020-02-13,X002466.SZ,0.0168607951958421
2020-02-14,X002460.SZ,0.0167158544106912
2020-02-17,X002466.SZ,0.0163658036010203
2020-02-18,X002353.SZ,0.0132107730389143
2020-02-19,X002466.SZ,0.0147247947657866
2020-02-20,X002466.SZ,0.0163688372286758
2020-02-21,X002466.SZ,0.0152546742354109
2020-02-24,X002460.SZ,0.0178080827730907
2020-02-25,X002466.SZ,0.0135602564853968
2020-02-26,X002353.SZ,0.0137889221241388
2020-02-27,X002353.SZ,0.0152603178592385
2020-02-28,X002353.SZ,0.0143173824895597
2020-03-02,X002353.SZ,0.0148929714942817
2020-03-03,X002353.SZ,0.0153627631071347
2020-03-04,X002460.SZ,0.0165351133636444
2020-03-05,X002460.SZ,0.0157032872712037
2020-03-06,X002460.SZ,0.0142683081440688
2020-03-09,X000792.SZ,0.0127200733329741
2020-03-10,X002466.SZ,0.0127664841522972
2020-03-11,X002460.SZ,0.0132609137124651
2020-03-12,X002460.SZ,0.0144545497683835
2020-03-13,X000792.SZ,0.0125675718964368
2020-03-16,X000792.SZ,0.0147144480292896
2020-03-17,X000792.SZ,0.0151681940394912
2020-03-18,X000792.SZ,0.0170143619354415
2020-03-19,X600126.SH,0.0232654650943772
2020-03-20,X600126.SH,0.0215298150328735
2020-03-23,X002460.SZ,0.017468503249303
2020-03-24,X002460.SZ,0.0193436329580269
2020-03-25,X002460.SZ,0.0172220332693412
2020-03-26,X002460.SZ,0.0191780200190436
2020-03-27,X002460.SZ,0.0205087332756133
2020-03-30,X002460.SZ,0.0141230518298545
2020-03-31,X600126.SH,0.0160023978074472
2020-04-01,X600126.SH,0.0183415604466154
2020-04-02,X002460.SZ,0.0166088232905686
2020-04-03,X600126.SH,0.0122602347395668
2020-04-07,X600126.SH,0.0152820774949281
2020-04-08,X000792.SZ,0.0229687283434635
2020-04-09,X002460.SZ,0.0210017746519775
2020-04-10,X000792.SZ,0.0222703702448366
2020-04-13,X000792.SZ,0.0225664175146832
2020-04-14,X002460.SZ,0.0236966247053155
2020-04-15,X000553.SZ,0.0244834624035062
2020-04-16,X600585.SH,0.0242481900403355
2020-04-17,X000723.SZ,0.0235332951217837
2020-04-20,X000723.SZ,0.023403767690285
2020-04-21,X600126.SH,0.0224983957342364
2020-04-22,X002460.SZ,0.0219299147071174
2020-04-23,X600126.SH,0.0209904426509149
2020-04-24,X000723.SZ,0.0240516451105721
2020-04-27,X600886.SH,0.0228323424645055
2020-04-28,X002460.SZ,0.0180911920885093
2020-04-29,X600126.SH,0.023065069786418
2020-04-30,X000792.SZ,0.0249046418807207
2020-05-06,X600529.SH,0.0212668632146472
2020-05-07,X002460.SZ,0.0202235227180242
2020-05-08,X600688.SH,0.0190268336675768
2020-05-11,X600028.SH,0.0226234046922567
2020-05-12,X600028.SH,0.0217119641289535
2020-05-13,X000553.SZ,0.0177348657414248
2020-05-14,X000553.SZ,0.021168327387358
2020-05-15,X600688.SH,0.0209145282079739
2020-05-18,X600028.SH,0.0183129356772998
2020-05-19,X600028.SH,0.0217097847748549
2020-05-20,X000553.SZ,0.0129945806448895
2020-05-21,X000553.SZ,0.0166693398181849
2020-05-22,X600688.SH,0.0181867808197955
2020-05-25,X600688.SH,0.0203764113404315
2020-05-26,X600547.SH,0.0224521269482223
2020-05-27,X600688.SH,0.0230087883171554
2020-05-28,X002460.SZ,0.0206152279183499
2020-05-29,X002409.SZ,0.0200753143438111
2020-06-01,X600028.SH,0.021739681569688
2020-06-02,X600795.SH,0.0182763527217682
2020-06-03,X000723.SZ,0.0203666004847155
2020-06-04,X000723.SZ,0.0199005368525391
2020-06-05,X000883.SZ,0.0211877918988411
2020-06-08,X000553.SZ,0.0157106086865179
2020-06-09,X000553.SZ,0.0184088710270396
2020-06-10,X600299.SH,0.0175556696588701
2020-06-11,X002466.SZ,0.0202190477027204
2020-06-12,X002409.SZ,0.0204361571240035
2020-06-15,X600299.SH,0.0167689039886595
2020-06-16,X000883.SZ,0.0185500425300887
2020-06-17,X000883.SZ,0.0167478218409624
2020-06-18,X600529.SH,0.0142087917019077
2020-06-19,X000708.SZ,0.0157508099207393
2020-06-22,X000708.SZ,0.0164461370465189
2020-06-23,X000708.SZ,0.0156663369262827
2020-06-24,X600027.SH,0.0176929710379171
2020-06-29,X000708.SZ,0.0188295426822923
2020-06-30,X000708.SZ,0.0176193424755389
2020-07-01,X002466.SZ,0.0145552735413084
2020-07-02,X002466.SZ,0.0153045056057389
2020-07-03,X002466.SZ,0.0144940849099482
2020-07-06,X002409.SZ,0.0154718939696331
2020-07-07,X002409.SZ,0.0146325889064571
2020-07-08,X600486.SH,0.0168142258765793
2020-07-09,X002075.SZ,0.0166178468849709
2020-07-10,X002075.SZ,0.0159455818505064
2020-07-13,X600126.SH,0.0189602205624474
2020-07-14,X600126.SH,0.0183162152291207
2020-07-15,X600486.SH,0.0150533761131026
2020-07-16,X600126.SH,0.0203102167123632
2020-07-17,X002075.SZ,0.0192359345909108
2020-07-20,X000708.SZ,0.0180564497546947
2020-07-21,X002271.SZ,0.0226981194028533
2020-07-22,X600795.SH,0.0203837335452508
2020-07-23,X600795.SH,0.0187328489322716
2020-07-24,X600486.SH,0.0174034614185227
2020-07-27,X000723.SZ,0.0208466397954118
2020-07-28,X600801.SH,0.0190366690274691
2020-07-29,X000723.SZ,0.018708174245045
2020-07-30,X600795.SH,0.0209962852454692
2020-07-31,X600126.SH,0.01666739991449
2020-08-03,X600126.SH,0.0170722493740093
2020-08-04,X600126.SH,0.0177118282737615
2020-08-05,X002075.SZ,0.0203406843801493
2020-08-06,X002075.SZ,0.016287824353772
2020-08-07,X002080.SZ,0.0215192456914444
2020-08-10,X600612.SH,0.0183960445450386
2020-08-11,X002466.SZ,0.0215069674382646
2020-08-12,X600795.SH,0.0224107203625514
2020-08-13,X002466.SZ,0.018795880680856
2020-08-14,X002466.SZ,0.0207444526421774
2020-08-17,X002466.SZ,0.0215964840350652
2020-08-18,X002466.SZ,0.0218178810509729
2020-08-19,X002409.SZ,0.0191262206714004
2020-08-20,X600529.SH,0.0215501277670892
2020-08-21,X000301.SZ,0.0216531607763833
2020-08-24,X600612.SH,0.0212019239580101
2020-08-25,X600612.SH,0.0187409695115204
2020-08-26,X000959.SZ,0.0202654572252158
2020-08-27,X002466.SZ,0.022966783298774
2020-08-28,X002466.SZ,0.0169239421276603
2020-08-31,X002466.SZ,0.0229979925380888
2020-09-01,X002075.SZ,0.019606353046761
2020-09-02,X600362.SH,0.0183184498264519
2020-09-03,X002466.SZ,0.0158630970289105
2020-09-04,X002466.SZ,0.0165137877105381
2020-09-07,X002466.SZ,0.0193994180253326
2020-09-08,X002075.SZ,0.0219231364677514
2020-09-09,X002250.SZ,0.0242455304476271
2020-09-10,X002075.SZ,0.0223504562740343
2020-09-11,X002466.SZ,0.0191899913322011
2020-09-14,X002466.SZ,0.0210353204671238
2020-09-15,X600612.SH,0.0248739217997381
2020-09-16,X002466.SZ,0.0199619472500897
2020-09-17,X002075.SZ,0.0185867587531827
2020-09-18,X000301.SZ,0.0192662943551813
2020-09-21,X002075.SZ,0.0217896668023813
2020-09-22,X002466.SZ,0.019864478628327
2020-09-23,X002466.SZ,0.020555995933308
2020-09-24,X000301.SZ,0.0203534134323542
2020-09-25,X002075.SZ,0.0184188416086539
2020-09-28,X600529.SH,0.0187489964054636
2020-09-29,X600529.SH,0.0228080105191127
2020-09-30,X000301.SZ,0.0226618120412791
2020-10-09,X600529.SH,0.0166895274494323
2020-10-12,X600529.SH,0.0182098513461323
2020-10-13,X600529.SH,0.0182492173817346
2020-10-14,X600529.SH,0.0172836640508091
2020-10-15,X600529.SH,0.019979706716193
2020-10-16,X600612.SH,0.0229151927094574
2020-10-19,X600529.SH,0.0147449235721601
2020-10-20,X600529.SH,0.0195834937435045
2020-10-21,X600547.SH,0.0167276045218539
2020-10-22,X600529.SH,0.0175144237409649
2020-10-23,X600176.SH,0.0196824762489056
2020-10-26,X600489.SH,0.0177854636080559
2020-10-27,X002466.SZ,0.0155046711760743
2020-10-28,X000301.SZ,0.0199638519294159
2020-10-29,X600352.SH,0.0155717393202877
2020-10-30,X600426.SH,0.0170253742498635
2020-11-02,X600352.SH,0.0178704360957452
2020-11-03,X600585.SH,0.018697832137693
2020-11-04,X002353.SZ,0.0178832062861925
2020-11-05,X000723.SZ,0.020378576238987
2020-11-06,X000932.SZ,0.0184233819789551
2020-11-09,X601088.SH,0.01968957858458
2020-11-10,X600011.SH,0.0206932876588158
2020-11-11,X600426.SH,0.0184849381235899
2020-11-12,X600299.SH,0.0182006981345135
2020-11-13,X000932.SZ,0.0202782052534781
2020-11-16,X000932.SZ,0.02111619314934
2020-11-17,X600299.SH,0.021061628616393
2020-11-18,X002080.SZ,0.0175260346300182
2020-11-19,X002080.SZ,0.0203715274493373
2020-11-20,X600486.SH,0.0165515747613919
2020-11-23,X000932.SZ,0.0148068368051103
2020-11-24,X000932.SZ,0.0151283146604142
2020-11-25,X300037.SZ,0.0172374036716504
2020-11-26,X002409.SZ,0.0147161488217084
2020-11-27,X600486.SH,0.018717586574633
2020-11-30,X600486.SH,0.0153731853290657
2020-12-01,X600486.SH,0.017935037655779
2020-12-02,X600688.SH,0.0169106055447681
2020-12-03,X000786.SZ,0.0154892493049496
2020-12-04,X600027.SH,0.0195233707862763
2020-12-07,X600688.SH,0.0200169435920437
2020-12-08,X000786.SZ,0.0203440267612225
2020-12-09,X600886.SH,0.0203049016191873
2020-12-10,X600886.SH,0.0182683119216411
2020-12-11,X600188.SH,0.0199991903530619
2020-12-14,X002460.SZ,0.015603498912215
2020-12-15,X300037.SZ,0.0174600467672179
2020-12-16,X600299.SH,0.0175094607278608
2020-12-17,X000723.SZ,0.0205308445057168
2020-12-18,X600299.SH,0.0158784961947444
2020-12-21,X600803.SH,0.0191572076958414
2020-12-22,X600660.SH,0.0196328010109106
2020-12-23,X600886.SH,0.0183950910828969
2020-12-24,X600660.SH,0.0188509528413331
2020-12-25,X600886.SH,0.0173796541561687
2020-12-28,X600660.SH,0.0187391182434994
2020-12-29,X600157.SH,0.0190009798320794
2020-12-30,X600660.SH,0.0202212323317297
2020-12-31,X600660.SH,0.0199521084127897
2021-01-04,X600529.SH,0.0208953755474034
2021-01-05,X002460.SZ,0.0193510789957827
2021-01-06,X000786.SZ,0.0235931338924473
2021-01-07,X600886.SH,0.0231191206284579
2021-01-08,X600886.SH,0.0215521459049973
2021-01-11,X600886.SH,0.0162478331272165
2021-01-12,X002409.SZ,0.0182696860609212
2021-01-13,X600886.SH,0.0206568065098126
2021-01-14,X300037.SZ,0.0215054743194082
2021-01-15,X600803.SH,0.0159397006090916
2021-01-18,X600176.SH,0.0174677450011243
2021-01-19,X000301.SZ,0.0229651654051698
2021-01-20,X600309.SH,0.0229518221819148
2021-01-21,X600299.SH,0.0172386085139401
2021-01-22,X000301.SZ,0.0163324077519929
2021-01-25,X000301.SZ,0.015834480795611
2021-01-26,X000301.SZ,0.0191813435866046
2021-01-27,X600157.SH,0.0178031287725802
2021-01-28,X600157.SH,0.021262660258136
2021-01-29,X000301.SZ,0.0256156749061996
2021-02-01,X000301.SZ,0.0217915073252913
2021-02-02,X000301.SZ,0.0160346961479803
2021-02-03,X000301.SZ,0.0232944389970214
2021-02-04,X002466.SZ,0.0197607458173941
2021-02-05,X000301.SZ,0.0175994529111862
2021-02-08,X002460.SZ,0.0225829943279025
2021-02-09,X600157.SH,0.0224332826052709
2021-02-10,X000301.SZ,0.0246241460045877
2021-02-18,X600157.SH,0.0269106163036728
2021-02-19,X002466.SZ,0.0215048045838669
2021-02-22,X002460.SZ,0.0210969685834227
2021-02-23,X002466.SZ,0.0204216499425381
2021-02-24,X000786.SZ,0.0229607554316708
2021-02-25,X000301.SZ,0.020549955530083
2021-02-26,X000301.SZ,0.0250612819996271
2021-03-01,X000301.SZ,0.0213680669024225
2021-03-02,X000301.SZ,0.0230207406058798
2021-03-03,X000301.SZ,0.0249413487897526
2021-03-04,X000301.SZ,0.0217958348943629
2021-03-05,X000301.SZ,0.0216193853203438
2021-03-08,X600295.SH,0.02227602783823
2021-03-09,X601088.SH,0.0230228086156283
2021-03-10,X601088.SH,0.0216509014447567
2021-03-11,X600176.SH,0.0260631595189861
2021-03-12,X600176.SH,0.0278362288301819
2021-03-15,X600019.SH,0.0301438485692059
2021-03-16,X600019.SH,0.0289005422281646
2021-03-17,X600019.SH,0.0246409243921994
2021-03-18,X600019.SH,0.0287454945844081
2021-03-19,X600019.SH,0.027094239190471
2021-03-22,X600019.SH,0.0306796651493557
2021-03-23,X000708.SZ,0.0297642935784061
2021-03-24,X600019.SH,0.0228194169455606
2021-03-25,X300037.SZ,0.0275003386423791
2021-03-26,X002353.SZ,0.0292378740183633
2021-03-29,X000830.SZ,0.0296256861877453
2021-03-30,X000708.SZ,0.0323084001046667
2021-03-31,X600315.SH,0.0296187487957386
2021-04-01,X000708.SZ,0.027171107885309
2021-04-02,X000708.SZ,0.0278580289292347
2021-04-06,X000830.SZ,0.0285943766847858
2021-04-07,X601991.SH,0.0297796149480474
2021-04-08,X600157.SH,0.0265813020479072
2021-04-09,X601991.SH,0.0316680850843302
2021-04-12,X600157.SH,0.0248926379747798
2021-04-13,X000708.SZ,0.025754822480977
2021-04-14,X601991.SH,0.0246323480698261
2021-04-15,X300037.SZ,0.025209571892757
2021-04-16,X000708.SZ,0.0242615714704022
2021-04-19,X601991.SH,0.0242034022376312
2021-04-20,X000708.SZ,0.0275306584044837
2021-04-21,X601991.SH,0.0279138118643143
2021-04-22,X000708.SZ,0.0283452019883446
2021-04-23,X600315.SH,0.0285666217778606
2021-04-26,X601991.SH,0.0309676755582041
2021-04-27,X600111.SH,0.0295643226274933
2021-04-28,X000027.SZ,0.0315938130016114
2021-04-29,X600219.SH,0.0327653653390317
2021-04-30,X000708.SZ,0.0314118298806352
2021-05-06,X000708.SZ,0.0295924644428421
2021-05-07,X600426.SH,0.0244438026457124
2021-05-10,X600315.SH,0.0282557322306875
2021-05-11,X600315.SH,0.0259595732205345
2021-05-12,X000708.SZ,0.0263754893009711
2021-05-13,X000708.SZ,0.0287807963396397
2021-05-14,X600886.SH,0.0253384906299542
2021-05-17,X600027.SH,0.0304355931453213
2021-05-18,X600027.SH,0.0282929554853255
2021-05-19,X000027.SZ,0.0220101562363762
2021-05-20,X600219.SH,0.0230785947733433
2021-05-21,X600219.SH,0.0197944903217859
2021-05-24,X000027.SZ,0.024865181190158
2021-05-25,X000027.SZ,0.0227883301254515
2021-05-26,X000027.SZ,0.0206226314491823
2021-05-27,X000027.SZ,0.0252904385710722
2021-05-28,X600352.SH,0.025639972500002
2021-05-31,X600352.SH,0.0256978834220349
2021-06-01,X000959.SZ,0.0247201884294473
2021-06-02,X300037.SZ,0.0257206307602018
2021-06-03,X600803.SH,0.0249475381991152
2021-06-04,X000932.SZ,0.0245272221854801
2021-06-07,X000027.SZ,0.022670191858034
2021-06-08,X000027.SZ,0.0229786677481903
2021-06-09,X600803.SH,0.0211139159735745
2021-06-10,X000027.SZ,0.0188071390638498
2021-06-11,X002353.SZ,0.0237530200725486
2021-06-15,X000027.SZ,0.0233011792939138
2021-06-16,X600803.SH,0.021335812117443
2021-06-17,X600803.SH,0.0243545558325406
2021-06-18,X600803.SH,0.0210373016133125
2021-06-21,X601898.SH,0.0198952095021577
2021-06-22,X601898.SH,0.0216598867167164
2021-06-23,X600315.SH,0.0243166383293049
2021-06-24,X000301.SZ,0.0211833875419092
2021-06-25,X600795.SH,0.0206163150791697
2021-06-28,X000301.SZ,0.0195357723792464
2021-06-29,X600795.SH,0.0190656585765062
2021-06-30,X000408.SZ,0.0204451414008606
2021-07-01,X000408.SZ,0.0202728564228015
2021-07-02,X000301.SZ,0.0181252649691399
2021-07-05,X000301.SZ,0.019210050212357
2021-07-06,X600027.SH,0.0191216204216257
2021-07-07,X000301.SZ,0.0160387362874811
2021-07-08,X601699.SH,0.0202236661172676
2021-07-09,X002466.SZ,0.0223757470128267
2021-07-12,X002409.SZ,0.021010527279766
2021-07-13,X002466.SZ,0.0197079472792931
2021-07-14,X601898.SH,0.0208079223962986
2021-07-15,X002466.SZ,0.0216716425452689
2021-07-16,X000301.SZ,0.0227327353360412
2021-07-19,X600309.SH,0.022423977035418
2021-07-20,X601898.SH,0.0207271498821383
2021-07-21,X601898.SH,0.0227916463272241
2021-07-22,X600399.SH,0.0214385523316561
2021-07-23,X601898.SH,0.0250107272493619
2021-07-26,X002409.SZ,0.0223810547518647
2021-07-27,X601699.SH,0.0246357491346352
2021-07-28,X600399.SH,0.0226504061594143
2021-07-29,X000408.SZ,0.0220251479164895
2021-07-30,X000830.SZ,0.0243428694394469
2021-08-02,X600486.SH,0.024745026152417
2021-08-03,X600795.SH,0.0287301773544771
2021-08-04,X000301.SZ,0.0191640821118822
2021-08-05,X002407.SZ,0.0271349418921986
2021-08-06,X000027.SZ,0.0236380327801185
2021-08-09,X600795.SH,0.023299035854073
2021-08-10,X600795.SH,0.0219278570303345
2021-08-11,X000027.SZ,0.024660594512428
2021-08-12,X002080.SZ,0.0290963248599245
2021-08-13,X600399.SH,0.0260742059791065
2021-08-16,X600585.SH,0.023001403433975
2021-08-17,X000408.SZ,0.0267029625032714
2021-08-18,X601088.SH,0.0256512668056897
2021-08-19,X000786.SZ,0.0224192503126611
2021-08-20,X600188.SH,0.0258992085931647
2021-08-23,X000408.SZ,0.0219461411387301
2021-08-24,X000301.SZ,0.0220254405424272
2021-08-25,X000983.SZ,0.0211716956892604
2021-08-26,X601991.SH,0.0235199234520807
2021-08-27,X000983.SZ,0.0198174547845355
2021-08-30,X601991.SH,0.0304558333312803
2021-08-31,X000792.SZ,0.0267927068270425
2021-09-01,X002192.SZ,0.0260337921227476
2021-09-02,X600547.SH,0.0275690459504199
2021-09-03,X600547.SH,0.0263063702204283
2021-09-06,X000792.SZ,0.0286972190052501
2021-09-07,X000301.SZ,0.0253607251589623
2021-09-08,X600188.SH,0.0285550334422219
2021-09-09,X000932.SZ,0.0282402561275959
2021-09-10,X000983.SZ,0.0326093473076528
2021-09-13,X600188.SH,0.0250338737579805
2021-09-14,X002466.SZ,0.0280121948818973
2021-09-15,X601898.SH,0.0291694443445005
2021-09-16,X600803.SH,0.0278650579435169
2021-09-17,X600803.SH,0.028223623256567
2021-09-22,X600803.SH,0.0308931107076844
2021-09-23,X002326.SZ,0.031428602698333
2021-09-24,X600309.SH,0.0297795411213492
2021-09-27,X000301.SZ,0.0331296108844415
2021-09-28,X002326.SZ,0.0325182310090452
2021-09-29,X000301.SZ,0.033470353077078
2021-09-30,X002271.SZ,0.0374946517655763
2021-10-08,X000723.SZ,0.0314153809859913
2021-10-11,X300037.SZ,0.0308935201993563
2021-10-12,X002271.SZ,0.0306455540228066
2021-10-13,X002271.SZ,0.0269705654028417
2021-10-14,X002271.SZ,0.0325915049666896
2021-10-15,X600188.SH,0.0331302885538298
2021-10-18,X600010.SH,0.0366487867986202
2021-10-19,X000792.SZ,0.0314548242620249
2021-10-20,X300037.SZ,0.0316278455066314
2021-10-21,X300037.SZ,0.0342095054092211
2021-10-22,X000723.SZ,0.0318925803346902
2021-10-25,X600176.SH,0.0328267384923184
2021-10-26,X000792.SZ,0.0318588961243238
2021-10-27,X600399.SH,0.0346733902972585
2021-10-28,X000301.SZ,0.0346247401704849
2021-10-29,X600309.SH,0.0367437807183985
2021-11-01,X600399.SH,0.0308061582581635
2021-11-02,X600795.SH,0.0300983235740176
2021-11-03,X600399.SH,0.035715663989917
2021-11-04,X600399.SH,0.0352995328740178
2021-11-05,X600486.SH,0.0343328771088427
2021-11-08,X600660.SH,0.028485176370909
2021-11-09,X600660.SH,0.0283331420491517
2021-11-10,X600660.SH,0.024012219656931
2021-11-11,X600660.SH,0.0256168012660845
2021-11-12,X600660.SH,0.0306890571814142
2021-11-15,X600011.SH,0.030135493415041
2021-11-16,X000792.SZ,0.0352843119020679
2021-11-17,X600011.SH,0.0341204813518157
2021-11-18,X600660.SH,0.0288056557646281
2021-11-19,X600111.SH,0.0275119205103611
2021-11-22,X000708.SZ,0.0306934788655097
2021-11-23,X002409.SZ,0.025447809095197
2021-11-24,X600399.SH,0.0372279941588975
2021-11-25,X000959.SZ,0.0287587512775259
2021-11-26,X000959.SZ,0.0296455480800545
2021-11-29,X000959.SZ,0.0292645001896499
2021-11-30,X002271.SZ,0.0298791302070469
2021-12-01,X600660.SH,0.0336859915988255
2021-12-02,X002271.SZ,0.035260247426564
2021-12-03,X600886.SH,0.0244091220278967
2021-12-06,X002271.SZ,0.031343262454616
2021-12-07,X600547.SH,0.0296217214344367
2021-12-08,X600486.SH,0.0349580209600421
2021-12-09,X300037.SZ,0.0289702808611847
2021-12-10,X002271.SZ,0.0289065461007482
2021-12-13,X600547.SH,0.0314584676253781
2021-12-14,X300037.SZ,0.0256058481904342
2021-12-15,X300037.SZ,0.0265092292018901
2021-12-16,X300037.SZ,0.0268430416623745
2021-12-17,X601857.SH,0.0269736168577896
2021-12-20,X002466.SZ,0.0282918454127603
2021-12-21,X300073.SZ,0.0287479127029316
2021-12-22,X600486.SH,0.026656275941222
2021-12-23,X000792.SZ,0.0229505542109834
2021-12-24,X600486.SH,0.0253110536017757
2021-12-27,X600486.SH,0.0276919287721643
2021-12-28,X300037.SZ,0.0267916965297438
2021-12-29,X002271.SZ,0.0227212128186393
2021-12-30,X002271.SZ,0.022413360332932
2021-12-31,X002271.SZ,0.0239219909394531
2022-01-04,X300037.SZ,0.0216378007689919
2022-01-05,X002326.SZ,0.0242967327201921
2022-01-06,X600660.SH,0.0203427552268712
2022-01-07,X002271.SZ,0.0222698907543154
2022-01-10,X002353.SZ,0.0205942344060882
2022-01-11,X600660.SH,0.0242860835476439
2022-01-12,X600660.SH,0.0244963999544204
2022-01-13,X600660.SH,0.0268297109305119
2022-01-14,X600486.SH,0.0239365918345347
2022-01-17,X600141.SH,0.0225440885156211
2022-01-18,X000408.SZ,0.0234913519033879
2022-01-19,X000786.SZ,0.0201291128781863
2022-01-20,X000786.SZ,0.0220551007004639
2022-01-21,X600027.SH,0.0203523314703501
2022-01-24,X600027.SH,0.0191572112469748
2022-01-25,X600486.SH,0.023278675484145
2022-01-26,X600547.SH,0.0237828385452335
2022-01-27,X002271.SZ,0.021074691185636
2022-01-28,X600486.SH,0.0213018137347226
2022-02-07,X000786.SZ,0.0240584730152629
2022-02-08,X600547.SH,0.0210917946430475
2022-02-09,X600547.SH,0.0190290950790696
2022-02-10,X000408.SZ,0.0216035507508824
2022-02-11,X600516.SH,0.0226738611303342
2022-02-14,X000408.SZ,0.0191121496959489
2022-02-15,X002353.SZ,0.0220898758593684
2022-02-16,X600157.SH,0.0233090650798232
2022-02-17,X600660.SH,0.0193112601465675
2022-02-18,X000807.SZ,0.0240280228120725
2022-02-21,X000807.SZ,0.0243521345927149
2022-02-22,X600160.SH,0.0231706513238466
2022-02-23,X600660.SH,0.0219863921123484
2022-02-24,X600160.SH,0.0170091207766277
2022-02-25,X601991.SH,0.0290232576399202
2022-02-28,X000807.SZ,0.0253108035423185
2022-03-01,X000807.SZ,0.0262066453581894
2022-03-02,X600886.SH,0.0244167651138203
2022-03-03,X600886.SH,0.0227582432742117
2022-03-04,X600886.SH,0.0237445884839399
2022-03-07,X000807.SZ,0.0245037841707705
2022-03-08,X000960.SZ,0.0288123839414204
2022-03-09,X000301.SZ,0.0276425637866455
2022-03-10,X600426.SH,0.029288929460588
2022-03-11,X000408.SZ,0.0260263866545097
2022-03-14,X601600.SH,0.0273944936876008
2022-03-15,X600426.SH,0.0290214742994984
2022-03-16,X300073.SZ,0.0282265288319719
2022-03-17,X601857.SH,0.0214749556618474
2022-03-18,X600011.SH,0.029761693263647
2022-03-21,X601857.SH,0.0275033732338746
2022-03-22,X000960.SZ,0.0221485976207003
2022-03-23,X002460.SZ,0.0262887327603027
2022-03-24,X601857.SH,0.0241679152964325
2022-03-25,X002460.SZ,0.0224109951716933
2022-03-28,X002353.SZ,0.0231157904362693
2022-03-29,X600426.SH,0.027631322701318
2022-03-30,X000683.SZ,0.0209525964163182
2022-03-31,X600486.SH,0.0221052631043444
2022-04-01,X600111.SH,0.0229622497894624
2022-04-06,X600547.SH,0.0258740035477526
2022-04-07,X600886.SH,0.0212983638048284
2022-04-08,X002466.SZ,0.0279719224557103
2022-04-11,X002460.SZ,0.0260962065380134
2022-04-12,X002460.SZ,0.0251095514239336
2022-04-13,X000792.SZ,0.0237320824659224
2022-04-14,X000683.SZ,0.0270580598185395
2022-04-15,X000683.SZ,0.0270739161152537
2022-04-18,X600547.SH,0.0257127008835382
2022-04-19,X002466.SZ,0.0177503939210934
2022-04-20,X002460.SZ,0.0233804075278883
2022-04-21,X600426.SH,0.0172919785690493
2022-04-22,X600426.SH,0.0185344054558661
2022-04-25,X002271.SZ,0.0257063632068242
2022-04-26,X002271.SZ,0.0229591785737106
2022-04-27,X000825.SZ,0.0288582790874598
2022-04-28,X002271.SZ,0.0199014342334316
2022-04-29,X600141.SH,0.0283915728935439
2022-05-05,X002271.SZ,0.0268618688400333
2022-05-06,X000983.SZ,0.0237958430429096
2022-05-09,X002271.SZ,0.0231768946989698
2022-05-10,X000830.SZ,0.0253943967304518
2022-05-11,X000983.SZ,0.0211627183024333
2022-05-12,X000983.SZ,0.0207149940377826
2022-05-13,X600011.SH,0.0212771020346304
2022-05-16,X600011.SH,0.0207770125647118
2022-05-17,X000983.SZ,0.0208895262633828
2022-05-18,X002466.SZ,0.0174775349463159
2022-05-19,X002466.SZ,0.0166177358313107
2022-05-20,X600660.SH,0.0228151600005662
2022-05-23,X300073.SZ,0.0261776664164991
2022-05-24,X002466.SZ,0.0183159224019965
2022-05-25,X002466.SZ,0.0177587422220972
2022-05-26,X002466.SZ,0.0238062215705851
2022-05-27,X002466.SZ,0.0208119617508991
2022-05-30,X002466.SZ,0.0226913444652381
2022-05-31,X002466.SZ,0.0169175513239319
2022-06-01,X002466.SZ,0.0177616744535465
2022-06-02,X600188.SH,0.0212804948459914
2022-06-06,X600188.SH,0.0192508879814108
2022-06-07,X600188.SH,0.0223498429918036
2022-06-08,X601666.SH,0.0268457118083536
2022-06-09,X002466.SZ,0.0223012969895013
2022-06-10,X600295.SH,0.0179998907672287
2022-06-13,X002466.SZ,0.0214053438246629
2022-06-14,X600660.SH,0.0203921594639986
2022-06-15,X600188.SH,0.0195427454963202
2022-06-16,X600188.SH,0.0215474823163166
2022-06-17,X600295.SH,0.0219530241447036
2022-06-20,X600660.SH,0.0213603361141017
2022-06-21,X600188.SH,0.0212058718343882
2022-06-22,X601699.SH,0.0228255544083569
2022-06-23,X601898.SH,0.0217011012890798
2022-06-24,X002192.SZ,0.0234806749197458
2022-06-27,X600295.SH,0.0212532999892436
2022-06-28,X600188.SH,0.0181841824540761
2022-06-29,X600309.SH,0.0242234114295251
2022-06-30,X000983.SZ,0.0213672476472865
2022-07-01,X600886.SH,0.0216581787198756
2022-07-04,X600886.SH,0.0205926853645773
2022-07-05,X000983.SZ,0.0230803966279868
2022-07-06,X600486.SH,0.0221278323728266
2022-07-07,X600795.SH,0.0223253128828638
2022-07-08,X000983.SZ,0.0264154375057183
2022-07-11,X600886.SH,0.0233971234366422
2022-07-12,X000983.SZ,0.0191620087858561
2022-07-13,X000983.SZ,0.0204696909990518
2022-07-14,X600660.SH,0.0237172877063956
2022-07-15,X000983.SZ,0.0236073779305059
2022-07-18,X000983.SZ,0.0235394088235929
2022-07-19,X600348.SH,0.0289250110696457
2022-07-20,X600660.SH,0.0233067866658545
2022-07-21,X002353.SZ,0.0265503501364531
2022-07-22,X002271.SZ,0.0227579364316088
2022-07-25,X002271.SZ,0.0246947429345061
2022-07-26,X002271.SZ,0.0227151301956863
2022-07-27,X002271.SZ,0.0224895571445317
2022-07-28,X601991.SH,0.0183878364051613
2022-07-29,X600660.SH,0.0197253147803728
2022-08-01,X000629.SZ,0.0163792580634134
2022-08-02,X600795.SH,0.0212514608582373
2022-08-03,X600348.SH,0.0167521976543434
2022-08-04,X600399.SH,0.0251042618874093
2022-08-05,X000629.SZ,0.0230392489564931
2022-08-08,X002192.SZ,0.0214283243252807
2022-08-09,X600801.SH,0.0193020216429497
2022-08-10,X000629.SZ,0.0207524511325162
2022-08-11,X300073.SZ,0.0234791943595182
2022-08-12,X000301.SZ,0.0215259922276638
2022-08-15,X600010.SH,0.0216960632703857
2022-08-16,X002353.SZ,0.0219983083522665
2022-08-17,X002460.SZ,0.0191378259945826
2022-08-18,X000408.SZ,0.0171435927259999
2022-08-19,X600096.SH,0.0241228961994482
2022-08-22,X300073.SZ,0.0207313479493163
2022-08-23,X002353.SZ,0.0217499959904638
2022-08-24,X000408.SZ,0.0211377487912701
2022-08-25,X600010.SH,0.0224033042717189
2022-08-26,X002271.SZ,0.0184160617320837
2022-08-29,X000708.SZ,0.0224216880683923
2022-08-30,X002271.SZ,0.022346614460333
2022-08-31,X600660.SH,0.022742276738605
2022-09-01,X300073.SZ,0.0226622320691239
2022-09-02,X600010.SH,0.0223104886978601
2022-09-05,X000408.SZ,0.024868959810275
2022-09-06,X002460.SZ,0.0228020302543322
2022-09-07,X002460.SZ,0.0206723784915717
2022-09-08,X600027.SH,0.0220273753302607
2022-09-09,X300073.SZ,0.0217052617436382
2022-09-13,X002466.SZ,0.0232016003217607
2022-09-14,X000408.SZ,0.020902951388219
2022-09-15,X000708.SZ,0.021599389214108
2022-09-16,X000708.SZ,0.0149988996742774
2022-09-19,X000708.SZ,0.0192147339891912
2022-09-20,X000408.SZ,0.020735793825843
2022-09-21,X000408.SZ,0.0159616645858313
2022-09-22,X000629.SZ,0.0215760715921498
2022-09-23,X600886.SH,0.0197627592462092
2022-09-26,X000708.SZ,0.0160495291775638
2022-09-27,X000708.SZ,0.0161024627597433
2022-09-28,X000708.SZ,0.0160692280275122
2022-09-29,X600660.SH,0.0207510005077811
2022-09-30,X000708.SZ,0.0151620445592002
2022-10-10,X000708.SZ,0.0187506720518455
2022-10-11,X600111.SH,0.0199456023627229
2022-10-12,X002271.SZ,0.0195571286136222
2022-10-13,X000708.SZ,0.0167697057185662
2022-10-14,X000708.SZ,0.0150741058558572
2022-10-17,X000408.SZ,0.0174523473323762
2022-10-18,X000708.SZ,0.015703032387949
2022-10-19,X000301.SZ,0.0176743667286101
2022-10-20,X000708.SZ,0.0167103892083527
2022-10-21,X000408.SZ,0.0166556189463392
2022-10-24,X000708.SZ,0.0171033540450432
2022-10-25,X000708.SZ,0.0148679551939835
2022-10-26,X000708.SZ,0.0144355793021508
2022-10-27,X600803.SH,0.0197819045759278
2022-10-28,X600985.SH,0.0191962573425156
2022-10-31,X600585.SH,0.0189173946706677
2022-11-01,X600585.SH,0.0204762947645192
2022-11-02,X600399.SH,0.0175829742439778
2022-11-03,X600660.SH,0.0204277800115507
2022-11-04,X600399.SH,0.0193981018131297
2022-11-07,X600399.SH,0.0174784094623345
2022-11-08,X000983.SZ,0.0186441227856198
2022-11-09,X000983.SZ,0.0166155474377043
2022-11-10,X002271.SZ,0.0187011050061937
2022-11-11,X600886.SH,0.0191969454560913
2022-11-14,X002466.SZ,0.019337653047991
2022-11-15,X000933.SZ,0.0198348194712768
2022-11-16,X000933.SZ,0.0219611517945968
2022-11-17,X601699.SH,0.020955733998011
2022-11-18,X600795.SH,0.0228956451150839
2022-11-21,X601699.SH,0.0220299162752513
2022-11-22,X600660.SH,0.0186176664121417
2022-11-23,X600660.SH,0.0199927738055094
2022-11-24,X600378.SH,0.0190901432167837
2022-11-25,X601699.SH,0.0170017835002598
2022-11-28,X601699.SH,0.0153367038870572
2022-11-29,X601699.SH,0.0151277829329177
2022-11-30,X600219.SH,0.0179628248909409
2022-12-01,X000301.SZ,0.0176743385653096
2022-12-02,X600795.SH,0.0214938920888419
2022-12-05,X000301.SZ,0.0175628722557937
2022-12-06,X600188.SH,0.0198275469365593
2022-12-07,X600995.SH,0.0192609885266283
2022-12-08,X600027.SH,0.02132398269064
2022-12-09,X000933.SZ,0.0208198980373843
2022-12-12,X600160.SH,0.0225411328858018
2022-12-13,X600160.SH,0.0212947793057679
2022-12-14,X600160.SH,0.0199980284942437
2022-12-15,X600886.SH,0.0189591505909119
2022-12-16,X601699.SH,0.0171630542029649
2022-12-19,X601699.SH,0.018388541940045
2022-12-20,X601699.SH,0.0205926887190089
2022-12-21,X600886.SH,0.0182766393501438
2022-12-22,X000301.SZ,0.0185246751027274
2022-12-23,X600803.SH,0.0177392590805363
2022-12-26,X600803.SH,0.0173363329293781
2022-12-27,X600378.SH,0.0165423238702531
2022-12-28,X600378.SH,0.0150994248378165
2022-12-29,X600011.SH,0.0177620332038202
2022-12-30,X600378.SH,0.0165694785255
2023-01-03,X600803.SH,0.0163129500091386
2023-01-04,X600011.SH,0.0148142554469566
2023-01-05,X600803.SH,0.0164391693916848
2023-01-06,X600803.SH,0.0137132434754719
2023-01-09,X600803.SH,0.0155062239683012
2023-01-10,X600096.SH,0.0186705003972621
2023-01-11,X600027.SH,0.0162791014651264
2023-01-12,X600886.SH,0.0194807233280866
2023-01-13,X600886.SH,0.0168047850007875
2023-01-16,X600027.SH,0.0192915581762818
2023-01-17,X002271.SZ,0.0207383980348216
2023-01-18,X002466.SZ,0.019534025074682
2023-01-19,X002466.SZ,0.017549009659601
2023-01-20,X600886.SH,0.0183914534113739
2023-01-30,X600378.SH,0.01548675547476
2023-01-31,X600309.SH,0.0160194127016526
2023-02-01,X601088.SH,0.0170288954031212
2023-02-02,X600489.SH,0.0193522107139707
2023-02-03,X600011.SH,0.0166035877309151
2023-02-06,X600309.SH,0.0154997155375002
2023-02-07,X600309.SH,0.015138469635321
2023-02-08,X600309.SH,0.0150380010124292
2023-02-09,X600309.SH,0.0145241922284938
2023-02-10,X600426.SH,0.0159599671488718
2023-02-13,X600309.SH,0.0143993817578596
2023-02-14,X600309.SH,0.0123402211624417
2023-02-15,X600309.SH,0.0128477431143586
2023-02-16,X600660.SH,0.0143487120099828
2023-02-17,X600660.SH,0.0121902174059216
2023-02-20,X600426.SH,0.0130291004931917
2023-02-21,X600426.SH,0.0127397351674557
2023-02-22,X600426.SH,0.0171229843911447
2023-02-23,X002271.SZ,0.0164426772655451
2023-02-24,X600309.SH,0.0140122749990187
2023-02-27,X600309.SH,0.0127743897534802
2023-02-28,X600309.SH,0.0129061563176661
2023-03-01,X600309.SH,0.0117302989855638
2023-03-02,X600660.SH,0.0134927216919409
2023-03-03,X600011.SH,0.0125940214789629
2023-03-06,X600011.SH,0.0140666264281245
2023-03-07,X600011.SH,0.013091393879858
2023-03-08,X600011.SH,0.0161500576740123
2023-03-09,X600011.SH,0.013293882499929
2023-03-10,X600309.SH,0.0115083319980493
2023-03-13,X600309.SH,0.0147536951729583
2023-03-14,X600309.SH,0.0144864211486345
2023-03-15,X000630.SZ,0.0125647337393015
2023-03-16,X600660.SH,0.0136226650215672
2023-03-17,X600309.SH,0.0103213516002626
2023-03-20,X600309.SH,0.0113024892897089
2023-03-21,X600309.SH,0.011520065016838
2023-03-22,X600309.SH,0.0119924082261962
2023-03-23,X600309.SH,0.0137800399115287
2023-03-24,X600660.SH,0.0140467262913417
2023-03-27,X600426.SH,0.0127875721852816
2023-03-28,X600803.SH,0.0129762890669647
2023-03-29,X600309.SH,0.0120906802197323
2023-03-30,X600362.SH,0.0134968689654012
2023-03-31,X600803.SH,0.0131591463904656
2023-04-03,X600028.SH,0.0142132923197714
2023-04-04,X000408.SZ,0.0162155317330641
2023-04-06,X601699.SH,0.0147582820537019
2023-04-07,X600028.SH,0.0158725213027532
2023-04-10,X600795.SH,0.01427711390165
2023-04-11,X600028.SH,0.0161436118322998
2023-04-12,X600309.SH,0.0127756020290961
2023-04-13,X600028.SH,0.0156224985476081
2023-04-14,X000630.SZ,0.0145126268336876
2023-04-17,X000630.SZ,0.0150923563697112
2023-04-18,X600309.SH,0.0124864935298448
2023-04-19,X600309.SH,0.0146829114306627
2023-04-20,X600309.SH,0.011852864204145
2023-04-21,X600886.SH,0.0139305426190314
2023-04-24,X000786.SZ,0.0147528914365216
2023-04-25,X600426.SH,0.0163780020697981
2023-04-26,X000831.SZ,0.0111525062066588
2023-04-27,X600426.SH,0.0153223986952343
2023-04-28,X600027.SH,0.0147595021051996
2023-05-04,X600011.SH,0.0146866219595578
2023-05-05,X000933.SZ,0.013969977593637
2023-05-08,X600011.SH,0.0142740231606949
2023-05-09,X600011.SH,0.0132817965778604
2023-05-10,X600011.SH,0.0141758315558057
2023-05-11,X000786.SZ,0.0132465139309715
2023-05-12,X600585.SH,0.0131106903905326
2023-05-15,X000792.SZ,0.013601280953184
2023-05-16,X000786.SZ,0.014734309917697
2023-05-17,X000723.SZ,0.0155155548134968
2023-05-18,X300037.SZ,0.0127269956471645
2023-05-19,X002466.SZ,0.0127141626388595
2023-05-22,X600309.SH,0.0125338326015352
2023-05-23,X002466.SZ,0.0120066233515036
2023-05-24,X600803.SH,0.0116907927256989
2023-05-25,X600886.SH,0.0117494004138561
2023-05-26,X300037.SZ,0.0121470046388251
2023-05-29,X000877.SZ,0.0152105672931013
2023-05-30,X002466.SZ,0.0131083090209112
2023-05-31,X601699.SH,0.0155625967426321
2023-06-01,X000786.SZ,0.0138122023500146
2023-06-02,X000786.SZ,0.0140348371309086
2023-06-05,X600803.SH,0.0112586312061221
2023-06-06,X600803.SH,0.0148121344044198
2023-06-07,X000708.SZ,0.014442765601769
2023-06-08,X601699.SH,0.0120268952991531
2023-06-09,X600176.SH,0.012786308291806
2023-06-12,X000708.SZ,0.0128301523242112
2023-06-13,X600176.SH,0.0150907640877978
2023-06-14,X600803.SH,0.0160082435386101
2023-06-15,X600803.SH,0.0157467863367925
2023-06-16,X600803.SH,0.0136967608421422
2023-06-19,X600803.SH,0.0124168819982248
2023-06-20,X600176.SH,0.0120194568678821
2023-06-21,X600803.SH,0.0145632009173218
2023-06-26,X601699.SH,0.014186175293582
2023-06-27,X300037.SZ,0.0158837410033545
2023-06-28,X600803.SH,0.0139794737687434
2023-06-29,X600803.SH,0.0139668305114763
2023-06-30,X600157.SH,0.0163954553996427
2023-07-03,X601088.SH,0.0165895045981075
2023-07-04,X600309.SH,0.0151199509812289
2023-07-05,X600489.SH,0.0161747077642082
2023-07-06,X600803.SH,0.012371158792253
2023-07-07,X600803.SH,0.0131805435628637
2023-07-10,X600803.SH,0.0101855083683318
2023-07-11,X600803.SH,0.0150318373420859
2023-07-12,X600803.SH,0.0138677987366588
2023-07-13,X600803.SH,0.0158330431438755
2023-07-14,X600803.SH,0.0147531537522114
2023-07-17,X600612.SH,0.0154279020545431
2023-07-18,X600612.SH,0.0110676568364009
2023-07-19,X600612.SH,0.0148308600917419
2023-07-20,X600612.SH,0.0118122327308048
2023-07-21,X600612.SH,0.0121925605733193
2023-07-24,X600612.SH,0.010741262006971
2023-07-25,X600612.SH,0.0119216146975612
2023-07-26,X000786.SZ,0.0160409435825417
2023-07-27,X600803.SH,0.0132695155114
2023-07-28,X600160.SH,0.0144320128891605
2023-07-31,X600803.SH,0.0121262574031989
2023-08-01,X000786.SZ,0.0140472645390589
2023-08-02,X002409.SZ,0.0142129661202866
2023-08-03,X002409.SZ,0.0110353849770473
2023-08-04,X600803.SH,0.0128484398191725
2023-08-07,X600176.SH,0.0160210760316412
2023-08-08,X600028.SH,0.0135021402509065
2023-08-09,X600585.SH,0.0137444288752318
2023-08-10,X600378.SH,0.013555802215878
2023-08-11,X600028.SH,0.0129621522169358
2023-08-14,X600028.SH,0.0130716130162989
2023-08-15,X002460.SZ,0.0137092647271227
2023-08-16,X600612.SH,0.015342750730847
2023-08-17,X600612.SH,0.0135104205189867
2023-08-18,X600612.SH,0.0143686403513487
2023-08-21,X002080.SZ,0.0126141906364533
2023-08-22,X000408.SZ,0.0125373519675312
2023-08-23,X600160.SH,0.0127599527784046
2023-08-24,X600612.SH,0.0115021872798099
2023-08-25,X600612.SH,0.0119609623380764
2023-08-28,X600426.SH,0.0124390635206099
2023-08-29,X000027.SZ,0.0133650415946003
2023-08-30,X600803.SH,0.0136580224537251
2023-08-31,X000807.SZ,0.0136402655319723
2023-09-01,X002409.SZ,0.0130688452361231
2023-09-04,X000932.SZ,0.0114750337439651
2023-09-05,X600612.SH,0.0139850296047692
2023-09-06,X600547.SH,0.0117341119329836
2023-09-07,X600612.SH,0.0124170642889977
2023-09-08,X000932.SZ,0.0111660372379045
2023-09-11,X601991.SH,0.0127067556503065
2023-09-12,X601991.SH,0.0129812012104527
2023-09-13,X600612.SH,0.014159806587273
2023-09-14,X600011.SH,0.013441798343145
2023-09-15,X600547.SH,0.0135044853552275
2023-09-18,X600027.SH,0.0141945569223468
2023-09-19,X600660.SH,0.0134070924355015
2023-09-20,X600660.SH,0.0130005936815144
2023-09-21,X600660.SH,0.013272480753742
2023-09-22,X601991.SH,0.0109490211996052
2023-09-25,X600886.SH,0.0124046369845862
2023-09-26,X000807.SZ,0.0124639225867524
2023-09-27,X002466.SZ,0.0124713969254295
2023-09-28,X601991.SH,0.0136591998429498
2023-10-09,X600612.SH,0.0103859731491043
2023-10-10,X002409.SZ,0.011519720734466
2023-10-11,X600612.SH,0.0131518386468002
2023-10-12,X002409.SZ,0.0106123047308239
2023-10-13,X600547.SH,0.0133314114652033
2023-10-16,X600160.SH,0.0124224077932931
2023-10-17,X600160.SH,0.0130015763235476
2023-10-18,X600660.SH,0.0133835798741789
2023-10-19,X002466.SZ,0.0118077115919832
2023-10-20,X000807.SZ,0.0124821741286279
2023-10-23,X600160.SH,0.0115725766422945
2023-10-24,X000807.SZ,0.0118786256123087
2023-10-25,X600160.SH,0.0108648353256369
2023-10-26,X600160.SH,0.0107552519419136
2023-10-27,X000807.SZ,0.0104645140717404
2023-10-30,X600160.SH,0.0111316164471526
2023-10-31,X600660.SH,0.0142449834648414
2023-11-01,X600160.SH,0.00961002487874867
2023-11-02,X600160.SH,0.0120404422066184
2023-11-03,X600160.SH,0.0101771756175219
2023-11-06,X600547.SH,0.0121854557650648
2023-11-07,X000932.SZ,0.0123814124165945
2023-11-08,X600160.SH,0.0103394237311727
2023-11-09,X600160.SH,0.0117188439300349
2023-11-10,X600160.SH,0.0105192767585221
2023-11-13,X600160.SH,0.00875414667617136
2023-11-14,X600160.SH,0.00905454847860213
2023-11-15,X600160.SH,0.0129304958244226
2023-11-16,X600160.SH,0.0127190472399928
2023-11-17,X600160.SH,0.0125006641206421
2023-11-20,X601699.SH,0.0142059568936828
2023-11-21,X600160.SH,0.0132801772206728
2023-11-22,X600160.SH,0.0144255499505592
2023-11-23,X600160.SH,0.0133759234689444
2023-11-24,X600985.SH,0.0133491684405794
2023-11-27,X600160.SH,0.014541842606802
2023-11-28,X600160.SH,0.0132254537154449
2023-11-29,X600160.SH,0.012951444729519
2023-11-30,X601600.SH,0.0143013958077853
2023-12-01,X601600.SH,0.0109569143247495
2023-12-04,X600309.SH,0.0133243824551438
2023-12-05,X600362.SH,0.0130675475645932
2023-12-06,X600985.SH,0.0124939354158267
2023-12-07,X600362.SH,0.0127016626427908
2023-12-08,X600362.SH,0.0115106555865298
2023-12-11,X600362.SH,0.0123787672378129
2023-12-12,X600985.SH,0.0115148065017629
2023-12-13,X600362.SH,0.0124511675351068
2023-12-14,X600985.SH,0.0112750279338246
2023-12-15,X600985.SH,0.0124401529949422
2023-12-18,X300037.SZ,0.0121736100884055
2023-12-19,X300037.SZ,0.0120397804894964
2023-12-20,X600547.SH,0.0118848228991213
2023-12-21,X600585.SH,0.0109341853071086
2023-12-22,X600309.SH,0.0108444188478273
2023-12-25,X600027.SH,0.0115975047939712
2023-12-26,X600027.SH,0.0127213477116556
2023-12-27,X600027.SH,0.0120560863208863
2023-12-28,X600547.SH,0.0156608846102227
2023-12-29,X600309.SH,0.0118142813673617
2024-01-02,X600309.SH,0.0111818973946367
2024-01-03,X600027.SH,0.0112612827981368
2024-01-04,X600612.SH,0.0111033143372427
2024-01-05,X600309.SH,0.0133720460063083
2024-01-08,X600309.SH,0.0110719932560863
2024-01-09,X600309.SH,0.0124855999660312
2024-01-10,X600309.SH,0.01339312368704
2024-01-11,X600309.SH,0.0128234853353495
2024-01-12,X600011.SH,0.0136512984855969
2024-01-15,X600309.SH,0.0132481076090936
2024-01-16,X600612.SH,0.0140093759630986
2024-01-17,X600612.SH,0.0122145497787284
2024-01-18,X600176.SH,0.0114838057008817
2024-01-19,X600176.SH,0.0140882831940518
2024-01-22,X002353.SZ,0.0141719946552287
2024-01-23,X600011.SH,0.0132324529875986
2024-01-24,X600309.SH,0.0153109170246825
2024-01-25,X600309.SH,0.0139640073523172
2024-01-26,X600309.SH,0.00929896543481904
2024-01-29,X000786.SZ,0.0142572303650985
2024-01-30,X000408.SZ,0.012641221281413
2024-01-31,X600660.SH,0.0119094612555277
2024-02-01,X000877.SZ,0.0141169499704655
2024-02-02,X000877.SZ,0.0126546314519094
2024-02-05,X600028.SH,0.0133589531303534
2024-02-06,X000786.SZ,0.0125929260128018
2024-02-07,X000983.SZ,0.0148874475043057
2024-02-08,X600027.SH,0.0146499554080044
2024-02-19,X000983.SZ,0.015228145963207
2024-02-20,X000933.SZ,0.0156223539464433
2024-02-21,X600660.SH,0.0141072626861315
2024-02-22,X600660.SH,0.0138703677013791
2024-02-23,X600028.SH,0.0144890928313696
2024-02-26,X600028.SH,0.0122285602258851
2024-02-27,X600028.SH,0.0125816236551805
2024-02-28,X600660.SH,0.016420617014476
2024-02-29,X600028.SH,0.0143764934003587
2024-03-01,X600660.SH,0.0118874370051466
2024-03-04,X600660.SH,0.0151272514420007
2024-03-05,X600660.SH,0.0145887553710929
2024-03-06,X600660.SH,0.0138291138860355
2024-03-07,X002353.SZ,0.012566960191026
2024-03-08,X000786.SZ,0.0164124639392176
2024-03-11,X600660.SH,0.014354294436386
2024-03-12,X600660.SH,0.0123315988201228
2024-03-13,X600585.SH,0.0165523298694771
2024-03-14,X601699.SH,0.0153449696214164
2024-03-15,X000786.SZ,0.0156233271724413
2024-03-18,X002466.SZ,0.0156977885371645
2024-03-19,X002466.SZ,0.0176648242974132
2024-03-20,X600803.SH,0.0166465012541156
2024-03-21,X000932.SZ,0.0169651349255298
2024-03-22,X000408.SZ,0.0150078298843277
2024-03-25,X601699.SH,0.0138136161428096
2024-03-26,X601699.SH,0.0152145996958884
2024-03-27,X000786.SZ,0.0151272715941065
2024-03-28,X600612.SH,0.0129525656996497
2024-03-29,X000786.SZ,0.0125315045492023
2024-04-01,X601699.SH,0.0149925971952979
2024-04-02,X000630.SZ,0.0166143415090151
2024-04-03,X600612.SH,0.0172822734645922
2024-04-08,X000408.SZ,0.0160837913488442
2024-04-09,X600803.SH,0.0156898944556777
2024-04-10,X600660.SH,0.0158402074429259
2024-04-11,X600660.SH,0.0146873380825274
2024-04-12,X600660.SH,0.0166928388620465
2024-04-15,X600176.SH,0.0143178892404031
2024-04-16,X600660.SH,0.0150381865543201
2024-04-17,X600309.SH,0.0170888091333087
2024-04-18,X600660.SH,0.0163806198871246
2024-04-19,X600176.SH,0.0173608675181848
2024-04-22,X600585.SH,0.014945839103298
2024-04-23,X601699.SH,0.0164484272807376
2024-04-24,X600985.SH,0.0160925792824263
2024-04-25,X002466.SZ,0.0181569172399951
2024-04-26,X600426.SH,0.0153634341338363
2024-04-29,X600426.SH,0.0145713564788546
2024-04-30,X600660.SH,0.0168699063354803
2024-05-06,X000933.SZ,0.0183193587737311
2024-05-07,X000933.SZ,0.0145702257507393
2024-05-08,X000933.SZ,0.0186227760643755
2024-05-09,X000786.SZ,0.0152310833719811
2024-05-10,X600985.SH,0.0145035832136497
2024-05-13,X000933.SZ,0.0154380593371216
2024-05-14,X000933.SZ,0.0149424596463548
2024-05-15,X002353.SZ,0.016551905241903
2024-05-16,X002466.SZ,0.0165570774955647
2024-05-17,X000933.SZ,0.0175817565811319
2024-05-20,X000786.SZ,0.0174637822406211
2024-05-21,X600348.SH,0.0183097723409392
2024-05-22,X600426.SH,0.0155297634013363
2024-05-23,X000786.SZ,0.0179007808545772
2024-05-24,X600660.SH,0.0170667722750084
2024-05-27,X601699.SH,0.0161932565109439
2024-05-28,X000933.SZ,0.0161012771829488
2024-05-29,X601699.SH,0.0165474227018112
2024-05-30,X000983.SZ,0.0178168112281425
2024-05-31,X600176.SH,0.0171282521042252
2024-06-03,X002128.SZ,0.0172903903396947
2024-06-04,X000877.SZ,0.0173514188052486
2024-06-05,X000877.SZ,0.0173834145387818
2024-06-06,X002353.SZ,0.0164387521464194
2024-06-07,X002353.SZ,0.01481500491949
2024-06-11,X600010.SH,0.0153395071353048
2024-06-12,X002128.SZ,0.0166540477291919
2024-06-13,X601699.SH,0.015420101355789
2024-06-14,X000877.SZ,0.013654906009432
2024-06-17,X600585.SH,0.0182893621860429
2024-06-18,X000877.SZ,0.0140282996198697
2024-06-19,X000877.SZ,0.0157589419509677
2024-06-20,X000877.SZ,0.0159558857908891
2024-06-21,X600585.SH,0.0155153481939927
2024-06-24,X600660.SH,0.0168671364008004
2024-06-25,X000877.SZ,0.0139711502128292
2024-06-26,X000877.SZ,0.0151195766479011
2024-06-27,X000877.SZ,0.0146980688694748
2024-06-28,X000877.SZ,0.0141238202106945
2024-07-01,X000877.SZ,0.0119333028168913
2024-07-02,X600886.SH,0.0146111081710392
2024-07-03,X000933.SZ,0.0145242844620391
2024-07-04,X600660.SH,0.014204881915211
2024-07-05,X000933.SZ,0.0131501174868385
2024-07-08,X000933.SZ,0.0146742461720075
2024-07-09,X601991.SH,0.0127094842863552
2024-07-10,X601991.SH,0.0125858963367606
2024-07-11,X600011.SH,0.014477359347648
2024-07-12,X600660.SH,0.0136501974947175
2024-07-15,X600011.SH,0.0147645008375462
2024-07-16,X600660.SH,0.0157836067773908
2024-07-17,X600309.SH,0.0158310625085194
2024-07-18,X002466.SZ,0.0134506970015972
2024-07-19,X002409.SZ,0.0170310181367515
2024-07-22,X600176.SH,0.0140297601086025
2024-07-23,X002409.SZ,0.0144723176824763
2024-07-24,X600176.SH,0.0129075999141996
2024-07-25,X600660.SH,0.0119695133643542
2024-07-26,X600176.SH,0.0148159702598559
2024-07-29,X600176.SH,0.0153981986027425
2024-07-30,X600176.SH,0.014291244059007
2024-07-31,X600489.SH,0.0159528567006296
2024-08-01,X600489.SH,0.0166152136532123
2024-08-02,X600489.SH,0.0160901468819555
2024-08-05,X600027.SH,0.0138867036528037
2024-08-06,X600489.SH,0.014151939170143
2024-08-07,X000932.SZ,0.0151391143280197
2024-08-08,X000932.SZ,0.0130215523624757
2024-08-09,X600027.SH,0.0114169990222378
2024-08-12,X600027.SH,0.010786922950398
2024-08-13,X601168.SH,0.0132058943509063
2024-08-14,X600378.SH,0.0132536786262414
2024-08-15,X600378.SH,0.0145162176059611
2024-08-16,X601168.SH,0.0126056605561039
2024-08-19,X601168.SH,0.0118762107838798
2024-08-20,X601168.SH,0.012411537105462
2024-08-21,X601168.SH,0.0132853228742217
2024-08-22,X601168.SH,0.0125127168013853
2024-08-23,X601168.SH,0.0143131870448497
2024-08-26,X600309.SH,0.0139162981119961
2024-08-27,X600489.SH,0.013950475975389
2024-08-28,X600188.SH,0.0162107302586579
2024-08-29,X601699.SH,0.0153690140426635
2024-08-30,X601699.SH,0.014194639548782
2024-09-02,X600309.SH,0.0151610256470866
2024-09-03,X600803.SH,0.0149793752962215
2024-09-04,X600309.SH,0.0149654481571129
2024-09-05,X600309.SH,0.0153517520128005
2024-09-06,X600309.SH,0.0133106146753993
2024-09-09,X600378.SH,0.0119628440222898
2024-09-10,X600426.SH,0.0156090340492113
2024-09-11,X600309.SH,0.0126634081489061
2024-09-12,X600309.SH,0.0131401082929942
2024-09-13,X600489.SH,0.0136444433880297
2024-09-18,X002466.SZ,0.0139467858289997
2024-09-19,X600995.SH,0.0148879525496122
2024-09-20,X600309.SH,0.0135046396831008
2024-09-23,X600160.SH,0.0114699550024889
2024-09-24,X002466.SZ,0.0140501604218232
2024-09-25,X600886.SH,0.0127904579756448
2024-09-26,X600160.SH,0.0136815929502061
2024-09-27,X600160.SH,0.00979252902340423
2024-09-30,X600160.SH,0.0153608472434281
2024-10-08,X600309.SH,0.015569020089254
2024-10-09,X600660.SH,0.0141564626805913
2024-10-10,X600489.SH,0.00966247586431114
2024-10-11,X600489.SH,0.00984685357540282
2024-10-14,X600489.SH,0.0142530321789963
2024-10-15,X600489.SH,0.0127219233686868
2024-10-16,X600096.SH,0.0175034124026925
2024-10-17,X600160.SH,0.0154411044189001
2024-10-18,X600096.SH,0.0163270158788087
2024-10-21,X600160.SH,0.0201664331389123
2024-10-22,X600299.SH,0.0176703110289686
2024-10-23,X600096.SH,0.0189978126336505
2024-10-24,X600096.SH,0.0175154877376066
2024-10-25,X600660.SH,0.0214448166593575
2024-10-28,X600660.SH,0.0184362432705733
2024-10-29,X600011.SH,0.0176811066139431
2024-10-30,X600426.SH,0.0160174706513698
2024-10-31,X000708.SZ,0.0176456115202958
2024-11-01,X600886.SH,0.0219846718166679
2024-11-04,X600426.SH,0.0164333726860105
2024-11-05,X002460.SZ,0.0165201617884485
2024-11-06,X600660.SH,0.0165837195983167
2024-11-07,X002271.SZ,0.0185853983054419
2024-11-08,X600795.SH,0.0157314217794371
2024-11-11,X600795.SH,0.0154202928767273
2024-11-12,X600426.SH,0.0209531179707075
2024-11-13,X000301.SZ,0.0226181363612444
2024-11-14,X000792.SZ,0.0189779028630266
2024-11-15,X000792.SZ,0.0165698860114908
2024-11-18,X000027.SZ,0.0179150841906555
2024-11-19,X600660.SH,0.0205524234481
2024-11-20,X600660.SH,0.0187837630447141
2024-11-21,X600157.SH,0.0135436478516137
2024-11-22,X600157.SH,0.0170143909482752
2024-11-25,X300037.SZ,0.0194101898654907
2024-11-26,X600660.SH,0.0138171702570953
2024-11-27,X600660.SH,0.0187788241234004
2024-11-28,X600660.SH,0.0161505954328457
2024-11-29,X600660.SH,0.0169701921263749
2024-12-02,X600660.SH,0.0205971110230324
2024-12-03,X600660.SH,0.0164721888037297
2024-12-04,X600803.SH,0.017888618214405
2024-12-05,X600660.SH,0.0191319340888172
2024-12-06,X600660.SH,0.0168939482845715
2024-12-09,X600660.SH,0.0168244548698458
2024-12-10,X600660.SH,0.0156776639880287
2024-12-11,X000301.SZ,0.0196396744929464
2024-12-12,X000301.SZ,0.018408511620834
2024-12-13,X600660.SH,0.0186930522857879
2024-12-16,X000301.SZ,0.0127404026731037
2024-12-17,X600660.SH,0.0137957599001959
2024-12-18,X000301.SZ,0.0176559753452612
2024-12-19,X600795.SH,0.0151538080558184
2024-12-20,X600660.SH,0.0159983119672312
2024-12-23,X600660.SH,0.0164587606243284
2024-12-24,X000301.SZ,0.0183231983300448
2024-12-25,X600660.SH,0.0192704750596872
2024-12-26,X600660.SH,0.017549323128128
2024-12-27,X600795.SH,0.018850615230143
2024-12-30,X000301.SZ,0.0220321254580072
2024-12-31,X600660.SH,0.0210864386735743
2025-01-02,X600886.SH,0.0154075086418608
2025-01-03,X600886.SH,0.0169379564289682
2025-01-06,X600378.SH,0.0161635586037419
2025-01-07,X600378.SH,0.0136889408479691
2025-01-08,X000807.SZ,0.0174827106748221
2025-01-09,X600010.SH,0.0158295358644222
2025-01-10,X002353.SZ,0.0173612527944264
2025-01-13,X002353.SZ,0.0164198484427947
2025-01-14,X600160.SH,0.0152457291028743
2025-01-15,X600160.SH,0.0139415835244456
2025-01-16,X600010.SH,0.0177611148063401
2025-01-17,X600010.SH,0.0173026489633245
2025-01-20,X600795.SH,0.0160110700798163
2025-01-21,X600299.SH,0.0155220585024836
2025-01-22,X600299.SH,0.0145651610853606
2025-01-23,X600299.SH,0.0128978809954247
2025-01-24,X600160.SH,0.0164013599550131
2025-01-27,X600299.SH,0.0142783001571407
