date,name,lambda
2014-10-15,X002049.SZ,0.012180392599709
2014-10-16,X600741.SH,0.0106531678267923
2014-10-17,X000800.SZ,0.0134118388712973
2014-10-20,X000800.SZ,0.0137094191261709
2014-10-21,X000800.SZ,0.0125463110917915
2014-10-22,X002294.SZ,0.0130315900373907
2014-10-23,X000568.SZ,0.0139555743619762
2014-10-24,X002456.SZ,0.0114925271505312
2014-10-27,X002456.SZ,0.0110737737331892
2014-10-28,X002292.SZ,0.0100242885572572
2014-10-29,X002129.SZ,0.0110378040242152
2014-10-30,X002294.SZ,0.016505788556282
2014-10-31,X002294.SZ,0.0158219243764781
2014-11-03,X600104.SH,0.0119224156862137
2014-11-04,X600031.SH,0.010168524545888
2014-11-05,X002236.SZ,0.0101298795098665
2014-11-06,X002049.SZ,0.0114657638783028
2014-11-07,X002294.SZ,0.0152898158301506
2014-11-10,X600031.SH,0.0103924566250075
2014-11-11,X600031.SH,0.0116598328659242
2014-11-12,X000157.SZ,0.0150606593061139
2014-11-13,X002415.SZ,0.0140288437394452
2014-11-14,X000157.SZ,0.0120609077623224
2014-11-17,X000157.SZ,0.0135381132772755
2014-11-18,X600104.SH,0.0164398993810424
2014-11-19,X000157.SZ,0.0127415009354823
2014-11-20,X000157.SZ,0.0136574173993756
2014-11-21,X000157.SZ,0.011694505159193
2014-11-24,X000157.SZ,0.0112927893527016
2014-11-25,X000157.SZ,0.0128563447831628
2014-11-26,X000625.SZ,0.0127026747254571
2014-11-27,X000157.SZ,0.0104611659220382
2014-11-28,X000157.SZ,0.012197682325652
2014-12-01,X000063.SZ,0.011418432555897
2014-12-02,X000858.SZ,0.012140342621185
2014-12-03,X000157.SZ,0.0121747083498549
2014-12-04,X000157.SZ,0.0125704020137614
2014-12-05,X600089.SH,0.0171921028845891
2014-12-08,X600031.SH,0.0133467631375793
2014-12-09,X000063.SZ,0.011912592858786
2014-12-10,X600031.SH,0.01329648263395
2014-12-11,X000157.SZ,0.0111363148852039
2014-12-12,X000157.SZ,0.0106948645122675
2014-12-15,X000581.SZ,0.0111113555431188
2014-12-16,X600271.SH,0.0136389261357694
2014-12-17,X000858.SZ,0.0122725741175135
2014-12-18,X600118.SH,0.0165812585570627
2014-12-19,X000858.SZ,0.0125231071767802
2014-12-22,X002465.SZ,0.0127433683443117
2014-12-23,X000858.SZ,0.0104697924326347
2014-12-24,X002007.SZ,0.0153327985770065
2014-12-25,X002007.SZ,0.011463342553167
2014-12-26,X002475.SZ,0.0113576003226739
2014-12-29,X000157.SZ,0.0132899893160261
2014-12-30,X600703.SH,0.0130451544278095
2014-12-31,X000157.SZ,0.0129377712990471
2015-01-05,X002475.SZ,0.0139233295369162
2015-01-06,X000157.SZ,0.0142188237198077
2015-01-07,X600271.SH,0.018231486850009
2015-01-08,X002294.SZ,0.0151653049352136
2015-01-09,X002475.SZ,0.0147892737165092
2015-01-12,X002475.SZ,0.0150689536748475
2015-01-13,X002294.SZ,0.0141891579463572
2015-01-14,X002475.SZ,0.0149554400929331
2015-01-15,X002475.SZ,0.0142545563916873
2015-01-16,X600271.SH,0.0160666208575284
2015-01-19,X000858.SZ,0.0186805631316398
2015-01-20,X000100.SZ,0.0181798060683875
2015-01-21,X000858.SZ,0.0180425438524286
2015-01-22,X600703.SH,0.0209406801999569
2015-01-23,X000858.SZ,0.0194439037256786
2015-01-26,X000858.SZ,0.0185579164704396
2015-01-27,X000100.SZ,0.0207525204274576
2015-01-28,X000100.SZ,0.0201609215444454
2015-01-29,X600372.SH,0.0205057389092805
2015-01-30,X000100.SZ,0.0201054086084329
2015-02-02,X000100.SZ,0.0196146509512985
2015-02-03,X000100.SZ,0.0178799946912972
2015-02-04,X000100.SZ,0.0192642884042441
2015-02-05,X000100.SZ,0.0189003799619658
2015-02-06,X000100.SZ,0.0236828077362901
2015-02-09,X000100.SZ,0.0198422281897815
2015-02-10,X000100.SZ,0.0248676386582927
2015-02-11,X000100.SZ,0.0221768173263737
2015-02-12,X000100.SZ,0.0168798720861141
2015-02-13,X600312.SH,0.0643999225854152
2015-02-16,X000858.SZ,0.022622060888017
2015-02-17,X000858.SZ,0.0213693914179993
2015-02-25,X000858.SZ,0.0197420446538243
2015-02-26,X600690.SH,0.0191630912750793
2015-02-27,X000550.SZ,0.021608969043816
2015-03-02,X600690.SH,0.018335931400102
2015-03-03,X000800.SZ,0.020564783559236
2015-03-04,X000063.SZ,0.0217547851348843
2015-03-05,X000063.SZ,0.0241584707680408
2015-03-06,X600066.SH,0.0180334092719188
2015-03-09,X600066.SH,0.021300383362733
2015-03-10,X600066.SH,0.0239100072624203
2015-03-11,X600066.SH,0.0227198250988357
2015-03-12,X000338.SZ,0.0230035638670737
2015-03-13,X600690.SH,0.0231285330210639
2015-03-16,X600690.SH,0.0238012671800626
2015-03-17,X000581.SZ,0.0205809065756303
2015-03-18,X000581.SZ,0.0204140391087803
2015-03-19,X000581.SZ,0.0188411064528422
2015-03-20,X000581.SZ,0.0196557250198381
2015-03-23,X600741.SH,0.0167889792737276
2015-03-24,X601877.SH,0.0195539856731263
2015-03-25,X000338.SZ,0.0181505075336433
2015-03-26,X000338.SZ,0.0180444576440667
2015-03-27,X000581.SZ,0.0175213031150112
2015-03-30,X000581.SZ,0.0198865997123818
2015-03-31,X000581.SZ,0.0194128129253877
2015-04-01,X000651.SZ,0.0150569340762923
2015-04-02,X600372.SH,0.0140145614822321
2015-04-03,X600703.SH,0.0197739160535509
2015-04-07,X000550.SZ,0.0184968602916985
2015-04-08,X000581.SZ,0.0180997877233463
2015-04-09,X000063.SZ,0.0188325472672784
2015-04-10,X000063.SZ,0.0170424582237799
2015-04-13,X600104.SH,0.0162801498313022
2015-04-14,X000581.SZ,0.0141194381639604
2015-04-15,X600031.SH,0.0197269769059573
2015-04-16,X000157.SZ,0.0214962875184247
2015-04-17,X600703.SH,0.0145780558153641
2015-04-20,X600031.SH,0.0213925883806917
2015-04-21,X000157.SZ,0.0184155545339744
2015-04-22,X600703.SH,0.0192216040182579
2015-04-23,X000550.SZ,0.0174727286473471
2015-04-24,X600104.SH,0.0143283758362492
2015-04-27,X600060.SH,0.0153406806414787
2015-04-28,X600118.SH,0.0153668142060163
2015-04-29,X600372.SH,0.0152263289884782
2015-04-30,X600118.SH,0.0154585661785863
2015-05-04,X600118.SH,0.0173629328371549
2015-05-05,X601877.SH,0.0141937580909396
2015-05-06,X601877.SH,0.0147377788974237
2015-05-07,X000623.SZ,0.0133767231911173
2015-05-08,X600582.SH,0.0175888721207135
2015-05-11,X002415.SZ,0.0207059854637951
2015-05-12,X002415.SZ,0.0215294886210993
2015-05-13,X002415.SZ,0.0229312686893841
2015-05-14,X600582.SH,0.018195002996214
2015-05-15,X000568.SZ,0.0181389472573248
2015-05-18,X600435.SH,0.0185799168211507
2015-05-19,X000157.SZ,0.0223523991052395
2015-05-20,X600089.SH,0.0236469968884907
2015-05-21,X002491.SZ,0.170264
2015-05-22,X002491.SZ,0.118761
2015-05-25,X002491.SZ,0.0228648885147044
2015-05-26,X600435.SH,0.0243445704002004
2015-05-27,X002491.SZ,0.0286755747151464
2015-05-28,X002491.SZ,0.066407503618317
2015-05-29,X000063.SZ,0.0254135822337563
2015-06-01,X000063.SZ,0.0202197031469892
2015-06-02,X002415.SZ,0.0238086849830209
2015-06-03,X000063.SZ,0.0232003036539375
2015-06-04,X600690.SH,0.0211036674544023
2015-06-05,X000651.SZ,0.0325532432640242
2015-06-08,X600031.SH,0.0241535478699939
2015-06-09,X002415.SZ,0.0237781237659558
2015-06-10,X600519.SH,0.0248218730322511
2015-06-11,X002415.SZ,0.0284273728296553
2015-06-12,X002415.SZ,0.0262838318413417
2015-06-15,X600839.SH,0.0282135166230619
2015-06-16,X600031.SH,0.0263283601813706
2015-06-17,X600839.SH,0.0282112821432216
2015-06-18,X600839.SH,0.0334262141720506
2015-06-19,X600839.SH,0.0299463107854195
2015-06-23,X000727.SZ,0.0253595565751893
2015-06-24,X000559.SZ,0.0275319994288232
2015-06-25,X002465.SZ,0.0285508265042543
2015-06-26,X002465.SZ,0.0282549912125088
2015-06-29,X000338.SZ,0.0303629136505441
2015-06-30,X000338.SZ,0.0319198706204714
2015-07-01,X600276.SH,0.0340205271138549
2015-07-02,X002415.SZ,0.0304593327882689
2015-07-03,X600372.SH,0.0305901928932163
2015-07-06,X600276.SH,0.0323325611583612
2015-07-07,X600089.SH,0.0330455175581978
2015-07-08,X600177.SH,0.0314999647176627
2015-07-09,X600089.SH,0.0464584234400862
2015-07-10,X600089.SH,0.0461332544659832
2015-07-13,X600089.SH,0.0518718305695284
2015-07-14,X600276.SH,0.0498094576860447
2015-07-15,X000625.SZ,0.042088070045694
2015-07-16,X600276.SH,0.0381768841674647
2015-07-17,X600276.SH,0.0420046703318342
2015-07-20,X600089.SH,0.0514215718434746
2015-07-21,X600089.SH,0.0510078160641846
2015-07-22,X600089.SH,0.0500468575956961
2015-07-23,X600089.SH,0.0473326437935862
2015-07-24,X000625.SZ,0.0451966898123917
2015-07-27,X600271.SH,0.0475066306896118
2015-07-28,X600271.SH,0.0459180503082638
2015-07-29,X000625.SZ,0.0515750225703132
2015-07-30,X000625.SZ,0.0513016178692683
2015-07-31,X000625.SZ,0.0509457204663627
2015-08-03,X600519.SH,0.0530971525737619
2015-08-04,X600690.SH,0.0525101335858836
2015-08-05,X000625.SZ,0.04912505045509
2015-08-06,X600271.SH,0.0540864611216207
2015-08-07,X002074.SZ,0.0557978323129091
2015-08-10,X002074.SZ,0.0601366781791956
2015-08-11,X002074.SZ,0.0653104154013926
2015-08-12,X000625.SZ,0.0491844830346698
2015-08-13,X000625.SZ,0.0468695213076469
2015-08-14,X002506.SZ,0.0632867426492839
2015-08-17,X002506.SZ,0.11248
2015-08-18,X000547.SZ,0.0486960058013893
2015-08-19,X600271.SH,0.0433644652690145
2015-08-20,X600690.SH,0.039584031361509
2015-08-21,X000547.SZ,0.0506689571054319
2015-08-24,X000547.SZ,0.0495265886264276
2015-08-25,X600177.SH,0.047976553494549
2015-08-26,X600031.SH,0.0463644831798163
2015-08-27,X000581.SZ,0.0532128111529454
2015-08-28,X000581.SZ,0.0538555032136922
2015-08-31,X000581.SZ,0.0563605494613692
2015-09-01,X000869.SZ,0.0406040643689525
2015-09-02,X600089.SH,0.0493778068095468
2015-09-07,X600089.SH,0.040859977206329
2015-09-08,X300142.SZ,0.141793
2015-09-09,X000016.SZ,0.311417
2015-09-10,X600089.SH,0.0455729314374743
2015-09-11,X002294.SZ,0.046150264580334
2015-09-14,X000063.SZ,0.0517922580313536
2015-09-15,X002294.SZ,0.0490161625653782
2015-09-16,X002294.SZ,0.051757363673107
2015-09-17,X600031.SH,0.0493713090670289
2015-09-18,X002294.SZ,0.0455940659131752
2015-09-21,X600177.SH,0.0562643390119313
2015-09-22,X600089.SH,0.0541532808700882
2015-09-23,X600089.SH,0.0545645885590897
2015-09-24,X002294.SZ,0.0552953742733443
2015-09-25,X600089.SH,0.0552731324598148
2015-09-28,X600177.SH,0.0542335448846471
2015-09-29,X002294.SZ,0.0495097785153386
2015-09-30,X002294.SZ,0.0563926270777248
2015-10-08,X000581.SZ,0.0560873245705015
2015-10-09,X002294.SZ,0.0524445039963001
2015-10-12,X600089.SH,0.0439188866823627
2015-10-13,X600089.SH,0.0423222576515254
2015-10-14,X002294.SZ,0.0487142144286517
2015-10-15,X600089.SH,0.0493489840210958
2015-10-16,X600089.SH,0.0524907591879778
2015-10-19,X600089.SH,0.0510476523351184
2015-10-20,X000651.SZ,0.0543668991593449
2015-10-21,X000100.SZ,0.0566179502074885
2015-10-22,X000100.SZ,0.0549190367792573
2015-10-23,X002294.SZ,0.0534273003329652
2015-10-26,X600031.SH,0.0562784401360739
2015-10-27,X600089.SH,0.0523812871407639
2015-10-28,X600031.SH,0.0549262564606432
2015-10-29,X000568.SZ,0.0558717687977658
2015-10-30,X600031.SH,0.0520160306811295
2015-11-02,X002292.SZ,0.0681650865649994
2015-11-03,X002292.SZ,0.0688190321234065
2015-11-04,X002292.SZ,0.06842622894639
2015-11-05,X002292.SZ,0.0685819837281642
2015-11-06,X002294.SZ,0.051179032482552
2015-11-09,X000157.SZ,0.0496377959073819
2015-11-10,X600177.SH,0.0534459787023005
2015-11-11,X000725.SZ,0.0530716945054761
2015-11-12,X600177.SH,0.0461230333385018
2015-11-13,X000568.SZ,0.0453837463960984
2015-11-16,X000725.SZ,0.0440168870264105
2015-11-17,X002294.SZ,0.0445901987026626
2015-11-18,X000725.SZ,0.0419052618805083
2015-11-19,X002294.SZ,0.0430840227438837
2015-11-20,X002415.SZ,0.0437470912510539
2015-11-23,X600177.SH,0.042065224412016
2015-11-24,X000725.SZ,0.0406358801824138
2015-11-25,X000725.SZ,0.0433866967439912
2015-11-26,X000568.SZ,0.0408602016560073
2015-11-27,X000725.SZ,0.0384614417878878
2015-11-30,X000547.SZ,0.0460461004322357
2015-12-01,X000063.SZ,0.0258777039948791
2015-12-02,X002465.SZ,0.0331326464912861
2015-12-03,X600498.SH,0.0288862087570501
2015-12-04,X002465.SZ,0.041158729612308
2015-12-07,X600582.SH,0.0453284723227135
2015-12-08,X600582.SH,0.0444221176493591
2015-12-09,X000547.SZ,0.0242729123687421
2015-12-10,X600741.SH,0.0378089980218648
2015-12-11,X600118.SH,0.034283271020837
2015-12-14,X000338.SZ,0.0364837682770494
2015-12-15,X600118.SH,0.0366028481285286
2015-12-16,X000338.SZ,0.0308116743655298
2015-12-17,X600498.SH,0.0312450022904022
2015-12-18,X600498.SH,0.0349681728912491
2015-12-21,X000338.SZ,0.028991754106253
2015-12-22,X000338.SZ,0.0251643158682804
2015-12-23,X002236.SZ,0.0277409621237066
2015-12-24,X000725.SZ,0.0223271924206981
2015-12-25,X000725.SZ,0.0242803591023819
2015-12-28,X000547.SZ,0.0242575824828093
2015-12-29,X000568.SZ,0.02495245256153
2015-12-30,X600271.SH,0.077358
2015-12-31,X600271.SH,0.0304216535605069
2016-01-04,X000100.SZ,0.0415818368950721
2016-01-05,X000100.SZ,0.0373204187759597
2016-01-06,X000100.SZ,0.0324724552140668
2016-01-07,X600177.SH,0.0406501545314403
2016-01-08,X600177.SH,0.0441325891514229
2016-01-11,X600177.SH,0.043651198083529
2016-01-12,X000063.SZ,0.0444781627514152
2016-01-13,X600177.SH,0.0417349446005275
2016-01-14,X600177.SH,0.043457648044435
2016-01-15,X600177.SH,0.0440313291631845
2016-01-18,X600177.SH,0.0449209102739773
2016-01-19,X000338.SZ,0.0458989511520136
2016-01-20,X600177.SH,0.0444214441572682
2016-01-21,X002475.SZ,0.0358056314966843
2016-01-22,X600177.SH,0.0402500916042894
2016-01-25,X000338.SZ,0.035812041783248
2016-01-26,X000338.SZ,0.0361185098191813
2016-01-27,X600177.SH,0.0352089136881545
2016-01-28,X600177.SH,0.0250353670654483
2016-01-29,X600177.SH,0.0336119918360527
2016-02-01,X600703.SH,0.0494442727380921
2016-02-02,X600177.SH,0.0374914390613454
2016-02-03,X600703.SH,0.0426719833030986
2016-02-04,X600177.SH,0.0373986949119238
2016-02-05,X000063.SZ,0.0367883867659946
2016-02-15,X000063.SZ,0.0401796648538072
2016-02-16,X000063.SZ,0.0418865988747408
2016-02-17,X000568.SZ,0.0388569460833254
2016-02-18,X000063.SZ,0.0419617578012524
2016-02-19,X000063.SZ,0.0408558345852772
2016-02-22,X000568.SZ,0.0433225275868866
2016-02-23,X000568.SZ,0.0361454143242611
2016-02-24,X000063.SZ,0.0377417318360836
2016-02-25,X000063.SZ,0.0291991795131405
2016-02-26,X000063.SZ,0.0356820825631892
2016-02-29,X000063.SZ,0.0341856451084416
2016-03-01,X000063.SZ,0.0350659694584364
2016-03-02,X300003.SZ,0.0460236427163946
2016-03-03,X000063.SZ,0.0414464065260612
2016-03-04,X300003.SZ,0.0263256405719603
2016-03-07,X000063.SZ,0.0338026515086695
2016-03-08,X000063.SZ,0.0380571210624601
2016-03-09,X600031.SH,0.0236213931807115
2016-03-10,X600177.SH,0.0346911598345401
2016-03-11,X600177.SH,0.0304092647182133
2016-03-14,X000559.SZ,0.0257059068066105
2016-03-15,X600276.SH,0.0311985115113312
2016-03-16,X600867.SH,0.0281981603285376
2016-03-17,X600703.SH,0.0396683662028312
2016-03-18,X600703.SH,0.0412135896026349
2016-03-21,X000858.SZ,0.0413387406615132
2016-03-22,X300003.SZ,0.0283503630274898
2016-03-23,X600582.SH,0.0458092313612355
2016-03-24,X600703.SH,0.0256271891238925
2016-03-25,X600089.SH,0.027810405908333
2016-03-28,X600703.SH,0.0502615806548833
2016-03-29,X600703.SH,0.0362466596120989
2016-03-30,X600703.SH,0.0514745248217338
2016-03-31,X600867.SH,0.0451900788250046
2016-04-01,X600867.SH,0.0426755142069846
2016-04-05,X600177.SH,0.0456043382052305
2016-04-06,X600867.SH,0.0463288566195602
2016-04-07,X002007.SZ,0.0485289229337376
2016-04-08,X002008.SZ,0.027389886414357
2016-04-11,X600031.SH,0.0306097749178799
2016-04-12,X600703.SH,0.0344384061640627
2016-04-13,X600031.SH,0.0247111397714608
2016-04-14,X000858.SZ,0.0296271695471782
2016-04-15,X600867.SH,0.0273715868108895
2016-04-18,X600867.SH,0.019739023199894
2016-04-19,X600867.SH,0.0234504209541255
2016-04-20,X600867.SH,0.021939590267081
2016-04-21,X000725.SZ,0.0214460996763054
2016-04-22,X600867.SH,0.0350311182888399
2016-04-25,X000050.SZ,0.0290387903541785
2016-04-26,X000858.SZ,0.0254294902391204
2016-04-27,X000858.SZ,0.0249244120952738
2016-04-28,X000050.SZ,0.0240332178441937
2016-04-29,X000050.SZ,0.0360278607999107
2016-05-03,X000050.SZ,0.0343117123784669
2016-05-04,X600867.SH,0.0232828720366338
2016-05-05,X000338.SZ,0.0285512772549623
2016-05-06,X000050.SZ,0.0322531908529639
2016-05-09,X000050.SZ,0.0411845131708195
2016-05-10,X000338.SZ,0.0199164621239097
2016-05-11,X600089.SH,0.022645038724252
2016-05-12,X000338.SZ,0.0203037037098746
2016-05-13,X000338.SZ,0.0217549974684048
2016-05-16,X000651.SZ,0.070706
2016-05-17,X000651.SZ,0.03168
2016-05-18,X000338.SZ,0.0277564504951445
2016-05-19,X000050.SZ,0.0300679271674867
2016-05-20,X000338.SZ,0.0240699301404456
2016-05-23,X600089.SH,0.0246429141450187
2016-05-24,X600089.SH,0.0196897262623395
2016-05-25,X000725.SZ,0.0217271638853762
2016-05-26,X002292.SZ,0.0122736992747699
2016-05-27,X002179.SZ,0.0125270395236507
2016-05-30,X002292.SZ,0.0135617621097191
2016-05-31,X002292.SZ,0.0107483443653954
2016-06-01,X000050.SZ,0.00996744249542715
2016-06-02,X000050.SZ,0.0090933841114133
2016-06-03,X002249.SZ,0.012397466545641
2016-06-06,X002007.SZ,0.0100547707786335
2016-06-07,X000725.SZ,0.0102561599383149
2016-06-08,X000050.SZ,0.0106839422764969
2016-06-13,X002465.SZ,0.0100198000674999
2016-06-14,X002241.SZ,0.0176837705562395
2016-06-15,X002241.SZ,0.0187590256467669
2016-06-16,X002236.SZ,0.00974874656093544
2016-06-17,X000100.SZ,0.00983899014992611
2016-06-20,X002415.SZ,0.0116541624464909
2016-06-21,X002241.SZ,0.00947177738324477
2016-06-22,X002236.SZ,0.00909364838659648
2016-06-23,X600089.SH,0.00996643193864402
2016-06-24,X600089.SH,0.00969268966004927
2016-06-27,X300124.SZ,0.0118418772971234
2016-06-28,X600118.SH,0.012175115934504
2016-06-29,X600089.SH,0.0109171784400384
2016-06-30,X600089.SH,0.0104299298802015
2016-07-01,X002465.SZ,0.0181487437118364
2016-07-04,X002415.SZ,0.00973677641488335
2016-07-05,X002465.SZ,0.0194156709848774
2016-07-06,X600867.SH,0.0122925275607116
2016-07-07,X002465.SZ,0.0176474183681442
2016-07-08,X000858.SZ,0.015218220777393
2016-07-11,X002415.SZ,0.00959132445088715
2016-07-12,X002465.SZ,0.0126330912786671
2016-07-13,X002415.SZ,0.0108843476019702
2016-07-14,X000858.SZ,0.0116700011915902
2016-07-15,X600089.SH,0.0115881647436377
2016-07-18,X601877.SH,0.0121592825708312
2016-07-19,X600089.SH,0.0118297128138359
2016-07-20,X600089.SH,0.0108475346041607
2016-07-21,X000063.SZ,0.0138591254394828
2016-07-22,X601877.SH,0.0127229024623165
2016-07-25,X000559.SZ,0.0119897232569957
2016-07-26,X000063.SZ,0.0134728692559224
2016-07-27,X000063.SZ,0.0135928771075545
2016-07-28,X000063.SZ,0.0104452971432313
2016-07-29,X000063.SZ,0.014135561383947
2016-08-01,X000063.SZ,0.0121263128326662
2016-08-02,X000063.SZ,0.0125772329800137
2016-08-03,X000063.SZ,0.0142271913746567
2016-08-04,X000063.SZ,0.0140478943997967
2016-08-05,X000063.SZ,0.012276347768627
2016-08-08,X600271.SH,0.0105645391981382
2016-08-09,X000063.SZ,0.0102211958300881
2016-08-10,X600089.SH,0.0120004113072851
2016-08-11,X000063.SZ,0.00984038834062726
2016-08-12,X000063.SZ,0.0099735363019163
2016-08-15,X000063.SZ,0.0105180250687
2016-08-16,X002304.SZ,0.00991090996727878
2016-08-17,X000063.SZ,0.00977797750182345
2016-08-18,X600690.SH,0.00872844525271854
2016-08-19,X600089.SH,0.00953141845016468
2016-08-22,X002292.SZ,0.0100140636546661
2016-08-23,X600690.SH,0.0101793985989483
2016-08-24,X600089.SH,0.0111903465260974
2016-08-25,X600089.SH,0.0107259938272455
2016-08-26,X600089.SH,0.0107876187764291
2016-08-29,X600690.SH,0.00999485462337122
2016-08-30,X600690.SH,0.00885250833416094
2016-08-31,X000063.SZ,0.00886361459010448
2016-09-01,X002241.SZ,0.0104228488819314
2016-09-02,X002465.SZ,0.047091
2016-09-05,X000651.SZ,0.0599560579117071
2016-09-06,X000651.SZ,0.0448559999999999
2016-09-07,X000651.SZ,0.0140263007136694
2016-09-08,X002085.SZ,0.0140069379854293
2016-09-09,X002085.SZ,0.0141274713535123
2016-09-12,X600271.SH,0.00958666909575462
2016-09-13,X002506.SZ,0.0118564482970932
2016-09-14,X000050.SZ,0.00927088205914443
2016-09-19,X300124.SZ,0.00903763603176135
2016-09-20,X600118.SH,0.0086631518173179
2016-09-21,X002426.SZ,0.00969913044611568
2016-09-22,X600118.SH,0.0158813130241628
2016-09-23,X600089.SH,0.00968038196155652
2016-09-26,X000063.SZ,0.0188841493968411
2016-09-27,X300124.SZ,0.00887556294558601
2016-09-28,X000063.SZ,0.0185036439123691
2016-09-29,X000063.SZ,0.0142648530646709
2016-09-30,X002426.SZ,0.00917181987145374
2016-10-10,X300124.SZ,0.00825687502231363
2016-10-11,X601877.SH,0.013481567890529
2016-10-12,X600118.SH,0.00840978137017057
2016-10-13,X002465.SZ,0.0302395308032474
2016-10-14,X600118.SH,0.00935444996048301
2016-10-17,X000063.SZ,0.0101658463041342
2016-10-18,X000063.SZ,0.0106691111037145
2016-10-19,X000063.SZ,0.00965843047368098
2016-10-20,X300124.SZ,0.0101447715111024
2016-10-21,X600372.SH,0.00828457090491209
2016-10-24,X000063.SZ,0.00864358266934365
2016-10-25,X000063.SZ,0.00913010301634423
2016-10-26,X600118.SH,0.00938906826332101
2016-10-27,X000063.SZ,0.00934256473089779
2016-10-28,X600118.SH,0.00796829206314136
2016-10-31,X002304.SZ,0.00812209466523655
2016-11-01,X600519.SH,0.00805844298335643
2016-11-02,X600118.SH,0.00714518074068356
2016-11-03,X300124.SZ,0.0111963445417423
2016-11-04,X600372.SH,0.00747816867607835
2016-11-07,X600118.SH,0.00728178317803376
2016-11-08,X600372.SH,0.00829027747291007
2016-11-09,X600118.SH,0.0077871508255308
2016-11-10,X600118.SH,0.00786511494222832
2016-11-11,X600118.SH,0.00750108063758629
2016-11-14,X000568.SZ,0.00962890930053823
2016-11-15,X000858.SZ,0.00756544875058586
2016-11-16,X000559.SZ,0.00839344540060149
2016-11-17,X002292.SZ,0.00928778781524976
2016-11-18,X600118.SH,0.00722817375324055
2016-11-21,X000858.SZ,0.00533080922216117
2016-11-22,X000623.SZ,0.00835149537947329
2016-11-23,X000623.SZ,0.00751137354353381
2016-11-24,X600177.SH,0.00857398473344858
2016-11-25,X000858.SZ,0.00866834437518105
2016-11-28,X000858.SZ,0.00857108606585056
2016-11-29,X000858.SZ,0.00844690667126035
2016-11-30,X600372.SH,0.00897885202650667
2016-12-01,X000559.SZ,0.0111639238925957
2016-12-02,X002304.SZ,0.00796339565235387
2016-12-05,X000858.SZ,0.00843620909084343
2016-12-06,X600519.SH,0.00931261677745157
2016-12-07,X600372.SH,0.0121250788444452
2016-12-08,X002304.SZ,0.00852822995102809
2016-12-09,X600372.SH,0.0096342534536398
2016-12-12,X600867.SH,0.0114014222711245
2016-12-13,X000559.SZ,0.0101086544310453
2016-12-14,X600372.SH,0.0102989016594884
2016-12-15,X002415.SZ,0.0124991729323144
2016-12-16,X000559.SZ,0.0116137444893966
2016-12-19,X002415.SZ,0.0105359988306192
2016-12-20,X000100.SZ,0.051105
2016-12-21,X000100.SZ,0.050239
2016-12-22,X002415.SZ,0.00960078764143215
2016-12-23,X002415.SZ,0.00962004142368768
2016-12-26,X600498.SH,0.00778697435067155
2016-12-27,X600118.SH,0.00928958911795414
2016-12-28,X000559.SZ,0.0129137563296852
2016-12-29,X000559.SZ,0.00767472316240738
2016-12-30,X600519.SH,0.00859278093417071
2017-01-03,X000559.SZ,0.0116886599830488
2017-01-04,X000547.SZ,0.0155094703435282
2017-01-05,X600089.SH,0.00664152331482752
2017-01-06,X000858.SZ,0.00837914567113733
2017-01-09,X000568.SZ,0.00959396583009633
2017-01-10,X000568.SZ,0.00937308752671148
2017-01-11,X000559.SZ,0.00860172739345789
2017-01-12,X000100.SZ,0.00889187560179836
2017-01-13,X000100.SZ,0.0110985459636859
2017-01-16,X000858.SZ,0.00659286141094137
2017-01-17,X002085.SZ,0.00744550426905079
2017-01-18,X000858.SZ,0.00662496759392193
2017-01-19,X000858.SZ,0.00715656426737244
2017-01-20,X002085.SZ,0.00703390564441426
2017-01-23,X600519.SH,0.00969115589789695
2017-01-24,X600089.SH,0.00619893167309651
2017-01-25,X000625.SZ,0.0071113288105543
2017-01-26,X000858.SZ,0.0083233660589681
2017-02-03,X000568.SZ,0.00861883807440135
2017-02-06,X000568.SZ,0.00761491515798148
2017-02-07,X600519.SH,0.00827382163122874
2017-02-08,X600519.SH,0.00955763152137897
2017-02-09,X000625.SZ,0.00940469571579164
2017-02-10,X600519.SH,0.00933888689030809
2017-02-13,X600519.SH,0.0087369720971517
2017-02-14,X600519.SH,0.00829309410017345
2017-02-15,X002007.SZ,0.00807072552398082
2017-02-16,X600519.SH,0.00756225000137017
2017-02-17,X600522.SH,0.00887208612169127
2017-02-20,X000596.SZ,0.00711946961454531
2017-02-21,X300003.SZ,0.00969750070782093
2017-02-22,X600519.SH,0.00807609955063575
2017-02-23,X002236.SZ,0.00750690829714309
2017-02-24,X002236.SZ,0.00867681344247523
2017-02-27,X000157.SZ,0.00989927276897479
2017-02-28,X600522.SH,0.00987722878417691
2017-03-01,X000157.SZ,0.00984795811404242
2017-03-02,X300003.SZ,0.00832233882630893
2017-03-03,X600741.SH,0.0066051290479652
2017-03-06,X300124.SZ,0.00747906010028559
2017-03-07,X002007.SZ,0.00755255801053997
2017-03-08,X300003.SZ,0.0103877933223163
2017-03-09,X300003.SZ,0.0102127581917375
2017-03-10,X300003.SZ,0.00764359768500699
2017-03-13,X300124.SZ,0.0097610420154906
2017-03-14,X002241.SZ,0.00759190868414813
2017-03-15,X600118.SH,0.00689801813285792
2017-03-16,X600118.SH,0.00758044470008724
2017-03-17,X600522.SH,0.00628941355290296
2017-03-20,X600522.SH,0.0065445412013062
2017-03-21,X601877.SH,0.00670183208668915
2017-03-22,X002292.SZ,0.00693420451953259
2017-03-23,X000858.SZ,0.00572135883941351
2017-03-24,X600867.SH,0.00644481677631566
2017-03-27,X000858.SZ,0.00789552540919876
2017-03-28,X300136.SZ,0.00812878931196054
2017-03-29,X002292.SZ,0.00737694909245324
2017-03-30,X000858.SZ,0.00843027744673651
2017-03-31,X000100.SZ,0.00695371969709664
2017-04-05,X600177.SH,0.00649227326713521
2017-04-06,X000858.SZ,0.00741731370630772
2017-04-07,X000858.SZ,0.00817141369250694
2017-04-10,X600519.SH,0.0311113587821037
2017-04-11,X002294.SZ,0.00868865457240427
2017-04-12,X002294.SZ,0.0151722449608696
2017-04-13,X000981.SZ,0.00971534385702209
2017-04-14,X000981.SZ,0.00978408073693943
2017-04-17,X000651.SZ,0.0147272163675472
2017-04-18,X000651.SZ,0.0165742172885148
2017-04-19,X601877.SH,0.00632811109932821
2017-04-20,X000596.SZ,0.00700548248080662
2017-04-21,X600066.SH,0.00704992041666593
2017-04-24,X601877.SH,0.00670827873004158
2017-04-25,X000981.SZ,0.0107028216778802
2017-04-26,X000981.SZ,0.0108608966971145
2017-04-27,X000981.SZ,0.0111621637107971
2017-04-28,X000981.SZ,0.00907646290445034
2017-05-02,X000981.SZ,0.0125633538708347
2017-05-03,X000981.SZ,0.0481272627982212
2017-05-04,X000981.SZ,0.0149481562081326
2017-05-05,X000981.SZ,0.0239224277936044
2017-05-08,X002294.SZ,0.00893638060710314
2017-05-09,X600118.SH,0.0064585746444123
2017-05-10,X601877.SH,0.00851524492228463
2017-05-11,X601877.SH,0.00694941890253283
2017-05-12,X000858.SZ,0.0071980757992145
2017-05-15,X601877.SH,0.00708025983407078
2017-05-16,X300136.SZ,0.00761955642703987
2017-05-17,X600809.SH,0.00819071777672185
2017-05-18,X600809.SH,0.00854166318210503
2017-05-19,X601877.SH,0.00723800245812042
2017-05-22,X600118.SH,0.00905529995753555
2017-05-23,X601877.SH,0.00645055326653709
2017-05-24,X600809.SH,0.00935529869678466
2017-05-25,X000858.SZ,0.0105174833922927
2017-05-26,X300136.SZ,0.00673413887178544
2017-05-31,X601877.SH,0.00640598913013254
2017-06-01,X601877.SH,0.00673620605065991
2017-06-02,X000157.SZ,0.00695303322390729
2017-06-05,X600703.SH,0.00656830107686225
2017-06-06,X300124.SZ,0.00768141578213218
2017-06-07,X000858.SZ,0.00855499736988008
2017-06-08,X600522.SH,0.00668275267022239
2017-06-09,X300136.SZ,0.00678473228230185
2017-06-12,X000858.SZ,0.0109958316162989
2017-06-13,X000858.SZ,0.0111553728482556
2017-06-14,X000858.SZ,0.0119490808910004
2017-06-15,X000568.SZ,0.0103669234490083
2017-06-16,X600703.SH,0.00815121687006381
2017-06-19,X600703.SH,0.0088244124100172
2017-06-20,X002008.SZ,0.00755637862070004
2017-06-21,X600703.SH,0.00752549183416518
2017-06-22,X000651.SZ,0.00679910288980117
2017-06-23,X000858.SZ,0.00678509816377071
2017-06-26,X002475.SZ,0.00762517735271909
2017-06-27,X300136.SZ,0.00991791242204849
2017-06-28,X000725.SZ,0.00847966930445877
2017-06-29,X000725.SZ,0.00831531300918204
2017-06-30,X000858.SZ,0.007973948386421
2017-07-03,X600118.SH,0.00813776841775873
2017-07-04,X000858.SZ,0.00929951039282744
2017-07-05,X000858.SZ,0.00940052767060783
2017-07-06,X000858.SZ,0.0086157093296612
2017-07-07,X000858.SZ,0.00908468058863437
2017-07-10,X002008.SZ,0.0104522904395596
2017-07-11,X002008.SZ,0.0129761732085556
2017-07-12,X000858.SZ,0.0112176234292305
2017-07-13,X000858.SZ,0.00924815072433806
2017-07-14,X000858.SZ,0.00929295539553119
2017-07-17,X000858.SZ,0.00939293033371061
2017-07-18,X600372.SH,0.00676954570717875
2017-07-19,X002179.SZ,0.00948185854634731
2017-07-20,X000858.SZ,0.00830474888461805
2017-07-21,X000858.SZ,0.0106470879043124
2017-07-24,X000858.SZ,0.00846634595444004
2017-07-25,X000858.SZ,0.00888919947218786
2017-07-26,X000100.SZ,0.00795066412560163
2017-07-27,X000858.SZ,0.00717006378015657
2017-07-28,X002008.SZ,0.00775333724751915
2017-07-31,X000066.SZ,0.00799343518847278
2017-08-01,X300124.SZ,0.0079256356848343
2017-08-02,X000066.SZ,0.0078576269068752
2017-08-03,X600118.SH,0.0082331870013309
2017-08-04,X601877.SH,0.00787728654433273
2017-08-07,X600522.SH,0.00708028930016099
2017-08-08,X300003.SZ,0.00782605526758971
2017-08-09,X600487.SH,0.00998206367604856
2017-08-10,X000625.SZ,0.00887097962675561
2017-08-11,X600177.SH,0.00899302130179809
2017-08-14,X600177.SH,0.00871629472793009
2017-08-15,X600177.SH,0.00845389527514666
2017-08-16,X600372.SH,0.00905346702267195
2017-08-17,X600177.SH,0.00855900072537197
2017-08-18,X600867.SH,0.0130554002225
2017-08-21,X600867.SH,0.0128979760156544
2017-08-22,X002456.SZ,0.0101053995443231
2017-08-23,X000063.SZ,0.00860080040775191
2017-08-24,X002456.SZ,0.00884643467209816
2017-08-25,X000063.SZ,0.00844256341946194
2017-08-28,X000063.SZ,0.00865836669374773
2017-08-29,X000050.SZ,0.00810270608096307
2017-08-30,X600522.SH,0.00830401845236312
2017-08-31,X600522.SH,0.00819834467331368
2017-09-01,X002475.SZ,0.00871293328471238
2017-09-04,X000858.SZ,0.00847556967624565
2017-09-05,X000063.SZ,0.00865555015359836
2017-09-06,X000858.SZ,0.0109376414426331
2017-09-07,X300136.SZ,0.0109670465925948
2017-09-08,X300136.SZ,0.0110306332578971
2017-09-11,X300136.SZ,0.00909809137220422
2017-09-12,X300136.SZ,0.00830277292957013
2017-09-13,X002415.SZ,0.00864634337591551
2017-09-14,X300136.SZ,0.00848963780451772
2017-09-15,X002179.SZ,0.00933609498188154
2017-09-18,X002008.SZ,0.00873538459712903
2017-09-19,X002179.SZ,0.00873483364513723
2017-09-20,X600372.SH,0.0111901007938053
2017-09-21,X600498.SH,0.00885061797081374
2017-09-22,X600566.SH,0.0082336242333825
2017-09-25,X002085.SZ,0.0097797722117832
2017-09-26,X002085.SZ,0.00984472917365441
2017-09-27,X600498.SH,0.00863722130954467
2017-09-28,X300136.SZ,0.00933254931122016
2017-09-29,X002179.SZ,0.0077314836967811
2017-10-09,X300136.SZ,0.00996888352156252
2017-10-10,X002241.SZ,0.00675609277401562
2017-10-11,X000063.SZ,0.0104450085990448
2017-10-12,X300136.SZ,0.00779898058312733
2017-10-13,X600707.SH,0.00900651112319438
2017-10-16,X000063.SZ,0.0109625051803103
2017-10-17,X000063.SZ,0.0112075948396424
2017-10-18,X600522.SH,0.00851377275398197
2017-10-19,X300136.SZ,0.008300843155762
2017-10-20,X600487.SH,0.00786340010474257
2017-10-23,X000063.SZ,0.0071504810820552
2017-10-24,X600519.SH,0.00670330819789211
2017-10-25,X600487.SH,0.00769007450615925
2017-10-26,X002241.SZ,0.00752527230155814
2017-10-27,X002304.SZ,0.00756114224602131
2017-10-30,X000651.SZ,0.00817236159665351
2017-10-31,X300136.SZ,0.0080584543387387
2017-11-01,X600566.SH,0.00753782115196537
2017-11-02,X000625.SZ,0.00794684158834487
2017-11-03,X300136.SZ,0.00728309614774674
2017-11-06,X600867.SH,0.00697880651164731
2017-11-07,X000063.SZ,0.00822859395395139
2017-11-08,X601877.SH,0.010214585499178
2017-11-09,X000858.SZ,0.00896203100857056
2017-11-10,X000157.SZ,0.00817489509486858
2017-11-13,X000858.SZ,0.00803667663159929
2017-11-14,X000596.SZ,0.00964525903620501
2017-11-15,X000596.SZ,0.00896246738960833
2017-11-16,X600703.SH,0.0079303608590173
2017-11-17,X600519.SH,0.0106240620139021
2017-11-20,X600104.SH,0.00878987875296212
2017-11-21,X000858.SZ,0.0104713057682636
2017-11-22,X000858.SZ,0.00996070077466111
2017-11-23,X002415.SZ,0.0136730903017768
2017-11-24,X002415.SZ,0.0132533596057219
2017-11-27,X000858.SZ,0.0120250262853262
2017-11-28,X000858.SZ,0.0126461097115887
2017-11-29,X000858.SZ,0.0127547521732738
2017-11-30,X000858.SZ,0.0130353316597188
2017-12-01,X002129.SZ,0.139224
2017-12-04,X002475.SZ,0.0127519855881331
2017-12-05,X600089.SH,0.0126817125800923
2017-12-06,X002415.SZ,0.0141348674789173
2017-12-07,X000100.SZ,0.0130001561863695
2017-12-08,X000858.SZ,0.0129830159284672
2017-12-11,X000858.SZ,0.0130565184149475
2017-12-12,X000858.SZ,0.013642209065993
2017-12-13,X000568.SZ,0.0178990026427793
2017-12-14,X000568.SZ,0.0244188639347841
2017-12-15,X000568.SZ,0.0213065773205633
2017-12-18,X000568.SZ,0.0184001304433728
2017-12-19,X000568.SZ,0.0184577269613098
2017-12-20,X000568.SZ,0.0170622768393431
2017-12-21,X000568.SZ,0.0159461435010138
2017-12-22,X600703.SH,0.0153023752087472
2017-12-25,X600703.SH,0.0147219575796656
2017-12-26,X000568.SZ,0.013780022725189
2017-12-27,X000100.SZ,0.0153047947753054
2017-12-28,X600703.SH,0.0143455962169722
2017-12-29,X000100.SZ,0.0148470920550801
2018-01-02,X000651.SZ,0.013190311916096
2018-01-03,X000651.SZ,0.0173395199072793
2018-01-04,X000651.SZ,0.0187751716265076
2018-01-05,X000651.SZ,0.0191859356553409
2018-01-08,X000651.SZ,0.0132284714120449
2018-01-09,X000651.SZ,0.0152686981421229
2018-01-10,X000568.SZ,0.0126867670384515
2018-01-11,X000651.SZ,0.0186296225089975
2018-01-12,X000651.SZ,0.0181078752070686
2018-01-15,X000651.SZ,0.0156776647674139
2018-01-16,X002304.SZ,0.0121621255832475
2018-01-17,X000858.SZ,0.0111998321430891
2018-01-18,X600703.SH,0.0177495487069769
2018-01-19,X600089.SH,0.0115796317078929
2018-01-22,X600089.SH,0.0117963418354454
2018-01-23,X600703.SH,0.0124256007629263
2018-01-24,X000568.SZ,0.0123292077582698
2018-01-25,X000981.SZ,0.0121121048294515
2018-01-26,X002475.SZ,0.0127412985489383
2018-01-29,X600703.SH,0.0163376153889899
2018-01-30,X600703.SH,0.016289015351608
2018-01-31,X002236.SZ,0.0169725767214901
2018-02-01,X600703.SH,0.0159768909563718
2018-02-02,X002236.SZ,0.0159061222596859
2018-02-05,X000858.SZ,0.0138322684596641
2018-02-06,X000858.SZ,0.0131358935825833
2018-02-07,X600498.SH,0.0103451196457831
2018-02-08,X600703.SH,0.0158452760148038
2018-02-09,X000725.SZ,0.0161466075479779
2018-02-12,X600690.SH,0.0138414940376153
2018-02-13,X300124.SZ,0.0131682914450393
2018-02-14,X000725.SZ,0.0154560463893299
2018-02-22,X000725.SZ,0.0163477012724274
2018-02-23,X300124.SZ,0.0121756381757143
2018-02-26,X000858.SZ,0.0132394742789066
2018-02-27,X000858.SZ,0.0104484479578978
2018-02-28,X002475.SZ,0.0106804983009859
2018-03-01,X000157.SZ,0.0125755141617675
2018-03-02,X000157.SZ,0.0184629899772591
2018-03-05,X000858.SZ,0.00943401242937738
2018-03-06,X600276.SH,0.0102921032683145
2018-03-07,X600690.SH,0.0113251860393455
2018-03-08,X000858.SZ,0.009025914982359
2018-03-09,X600276.SH,0.0144134892110332
2018-03-12,X600690.SH,0.0121096311121622
2018-03-13,X600487.SH,0.00996608696275092
2018-03-14,X600707.SH,0.010105455580161
2018-03-15,X600276.SH,0.0112237352759153
2018-03-16,X600276.SH,0.0127079225102315
2018-03-19,X000725.SZ,0.00935017783091703
2018-03-20,X300003.SZ,0.0120929009429175
2018-03-21,X002008.SZ,0.0104045135024528
2018-03-22,X000858.SZ,0.0118941275895428
2018-03-23,X300124.SZ,0.0128684298378764
2018-03-26,X000858.SZ,0.0118861303914578
2018-03-27,X000858.SZ,0.0120286392292275
2018-03-28,X300124.SZ,0.0132084176965024
2018-03-29,X000858.SZ,0.0105956914526717
2018-03-30,X600741.SH,0.0108851410108971
2018-04-02,X600741.SH,0.0108688632697328
2018-04-03,X600031.SH,0.0108492915052533
2018-04-04,X002475.SZ,0.0111216437637995
2018-04-09,X600031.SH,0.0101245620094288
2018-04-10,X600498.SH,0.0140770919245996
2018-04-11,X000858.SZ,0.0104063507489561
2018-04-12,X600519.SH,0.0103052579991313
2018-04-13,X600031.SH,0.0118329531581756
2018-04-16,X600031.SH,0.0124063063015365
2018-04-17,X600498.SH,0.0147087104030237
2018-04-18,X002475.SZ,0.0125741496240126
2018-04-19,X002475.SZ,0.0118832501846179
2018-04-20,X002475.SZ,0.0144762084381352
2018-04-23,X600584.SH,0.0152603373648335
2018-04-24,X600584.SH,0.0120219661857576
2018-04-25,X000625.SZ,0.0139781660696942
2018-04-26,X600584.SH,0.0187598319533582
2018-04-27,X600584.SH,0.0198650752278326
2018-05-02,X600089.SH,0.0139904002886882
2018-05-03,X600089.SH,0.0200043344809451
2018-05-04,X600487.SH,0.0107562640899896
2018-05-07,X000157.SZ,0.0117243729973928
2018-05-08,X600519.SH,0.0168789807646156
2018-05-09,X600487.SH,0.0123748695559667
2018-05-10,X002049.SZ,0.0142715530567542
2018-05-11,X600519.SH,0.0117795666135788
2018-05-14,X600487.SH,0.016925398139944
2018-05-15,X002241.SZ,0.0117564056766416
2018-05-16,X600487.SH,0.0104929080994497
2018-05-17,X002236.SZ,0.0110197342906887
2018-05-18,X600089.SH,0.0103249726655889
2018-05-21,X000050.SZ,0.0137326834605249
2018-05-22,X000050.SZ,0.0134990367850345
2018-05-23,X000858.SZ,0.0121746349863979
2018-05-24,X000050.SZ,0.0128643641262264
2018-05-25,X000858.SZ,0.00847236124351537
2018-05-28,X000063.SZ,0.0120496936888638
2018-05-29,X000063.SZ,0.0107225351368532
2018-05-30,X000063.SZ,0.0149305941450119
2018-05-31,X000725.SZ,0.0101224610361851
2018-06-01,X002007.SZ,0.0103271056177672
2018-06-04,X000063.SZ,0.0099736104217825
2018-06-05,X002236.SZ,0.0115377714427465
2018-06-06,X002038.SZ,0.0114263854701465
2018-06-07,X002294.SZ,0.00952141138684489
2018-06-08,X002304.SZ,0.0131942660852847
2018-06-11,X002304.SZ,0.0131333783327047
2018-06-12,X002304.SZ,0.0131238765285449
2018-06-13,X002304.SZ,0.0109108301009541
2018-06-14,X000725.SZ,0.0106072819803296
2018-06-15,X600519.SH,0.0121559148589776
2018-06-19,X000725.SZ,0.0123220661821461
2018-06-20,X000725.SZ,0.0125787259728142
2018-06-21,X000725.SZ,0.0112742244626707
2018-06-22,X600690.SH,0.0108839353007495
2018-06-25,X000050.SZ,0.0155929793802907
2018-06-26,X002508.SZ,0.0189042590280429
2018-06-27,X002241.SZ,0.0128250875109196
2018-06-28,X600690.SH,0.0598242396485665
2018-06-29,X300142.SZ,0.0123750976956508
2018-07-02,X600519.SH,0.0113613807975149
2018-07-03,X600519.SH,0.0125554077820344
2018-07-04,X300142.SZ,0.0127755540042484
2018-07-05,X002008.SZ,0.0134277633025231
2018-07-06,X300142.SZ,0.0134485451195537
2018-07-09,X000596.SZ,0.0141226300666499
2018-07-10,X300142.SZ,0.0148542137065165
2018-07-11,X600779.SH,0.0143631716177876
2018-07-12,X600779.SH,0.0136778728238219
2018-07-13,X600519.SH,0.013989189555953
2018-07-16,X600519.SH,0.0121527871080705
2018-07-17,X002456.SZ,0.0252190027911425
2018-07-18,X600519.SH,0.0130529804455326
2018-07-19,X600519.SH,0.0177627782666937
2018-07-20,X600519.SH,0.0169507742995905
2018-07-23,X600519.SH,0.0142497115656994
2018-07-24,X600519.SH,0.0140961760962532
2018-07-25,X600519.SH,0.0136232612516583
2018-07-26,X600519.SH,0.0129360272697005
2018-07-27,X600519.SH,0.0142506250423215
2018-07-30,X000050.SZ,0.0188747887368673
2018-07-31,X600522.SH,0.0185834076502585
2018-08-01,X300146.SZ,0.1091
2018-08-02,X300146.SZ,0.098773
2018-08-03,X000050.SZ,0.0140919242564047
2018-08-06,X600522.SH,0.0144138607170006
2018-08-07,X600519.SH,0.0123278101240543
2018-08-08,X000869.SZ,0.0145691248653651
2018-08-09,X000050.SZ,0.0150906368391851
2018-08-10,X000869.SZ,0.0125275830521284
2018-08-13,X600519.SH,0.0129776619211036
2018-08-14,X000050.SZ,0.0140123322522609
2018-08-15,X000050.SZ,0.0147855182664397
2018-08-16,X600519.SH,0.0140216645866247
2018-08-17,X000869.SZ,0.01427214946032
2018-08-20,X000869.SZ,0.0154457951626727
2018-08-21,X000869.SZ,0.0197558031408559
2018-08-22,X600519.SH,0.019122866273972
2018-08-23,X000869.SZ,0.0199997060385359
2018-08-24,X002008.SZ,0.0141054464770712
2018-08-27,X600522.SH,0.0234754854955306
2018-08-28,X600522.SH,0.0246664226207846
2018-08-29,X000869.SZ,0.0176156057723663
2018-08-30,X000869.SZ,0.0170298809604267
2018-08-31,X002008.SZ,0.0162247681465754
2018-09-03,X600089.SH,0.0152963143589493
2018-09-04,X002008.SZ,0.0136876759402878
2018-09-05,X600519.SH,0.0145060974985831
2018-09-06,X600522.SH,0.0176488707135895
2018-09-07,X002008.SZ,0.0143652623510324
2018-09-10,X600522.SH,0.0164541274850892
2018-09-11,X600522.SH,0.0170521676958175
2018-09-12,X600522.SH,0.0170236760912625
2018-09-13,X600522.SH,0.0188435212194935
2018-09-14,X002294.SZ,0.0133470615494727
2018-09-17,X002294.SZ,0.0130134059657172
2018-09-18,X600566.SH,0.0128068483829317
2018-09-19,X002008.SZ,0.0143718913707003
2018-09-20,X002008.SZ,0.0152386977738523
2018-09-21,X002294.SZ,0.0121851497431425
2018-09-25,X002294.SZ,0.0178116258702022
2018-09-26,X002294.SZ,0.0129780595213418
2018-09-27,X002294.SZ,0.0178421913475319
2018-09-28,X002415.SZ,0.0195511464468361
2018-10-08,X600519.SH,0.0202641644895973
2018-10-09,X002294.SZ,0.0206614188435772
2018-10-10,X000858.SZ,0.0143311982989415
2018-10-11,X000157.SZ,0.0156743653032171
2018-10-12,X600519.SH,0.0183033002970997
2018-10-15,X600519.SH,0.0176797182967403
2018-10-16,X600519.SH,0.0164796245379244
2018-10-17,X002294.SZ,0.025182020798457
2018-10-18,X600276.SH,0.0227743442246291
2018-10-19,X002294.SZ,0.0185609343525937
2018-10-22,X600519.SH,0.0177808617066133
2018-10-23,X002294.SZ,0.015861011734711
2018-10-24,X600809.SH,0.0146284296309181
2018-10-25,X002294.SZ,0.0155781498387258
2018-10-26,X002294.SZ,0.015952831472863
2018-10-29,X600089.SH,0.0166330930503158
2018-10-30,X000157.SZ,0.0171781551985747
2018-10-31,X600741.SH,0.0178292936149049
2018-11-01,X600741.SH,0.0154928805431323
2018-11-02,X600741.SH,0.015583914372708
2018-11-05,X600741.SH,0.0173892505950417
2018-11-06,X002294.SZ,0.019699958153488
2018-11-07,X000157.SZ,0.0158615477849961
2018-11-08,X000157.SZ,0.0195454137254598
2018-11-09,X002241.SZ,0.0195414960574898
2018-11-12,X002241.SZ,0.0186859039741389
2018-11-13,X002241.SZ,0.0186749912872276
2018-11-14,X002241.SZ,0.0178526428494483
2018-11-15,X601877.SH,0.0166689108553582
2018-11-16,X002241.SZ,0.0159814730382842
2018-11-19,X000157.SZ,0.0192187671750005
2018-11-20,X600118.SH,0.0166363516887505
2018-11-21,X000100.SZ,0.0199812411938682
2018-11-22,X600276.SH,0.0148049164448182
2018-11-23,X600809.SH,0.0153875745941755
2018-11-26,X002241.SZ,0.0146197121939978
2018-11-27,X600177.SH,0.0179667248193664
2018-11-28,X600276.SH,0.0272675010907046
2018-11-29,X600276.SH,0.0290991448851035
2018-11-30,X002294.SZ,0.0186558608081733
2018-12-03,X600809.SH,0.015153450225066
2018-12-04,X002241.SZ,0.0161078955731798
2018-12-05,X002241.SZ,0.0143905601400306
2018-12-06,X002241.SZ,0.0148611425639309
2018-12-07,X600809.SH,0.020867053653674
2018-12-10,X600809.SH,0.0210868760934117
2018-12-11,X600741.SH,0.0155746224720015
2018-12-12,X600741.SH,0.0153227595631907
2018-12-13,X002508.SZ,0.0195761862472486
2018-12-14,X002508.SZ,0.0212768898482014
2018-12-17,X002508.SZ,0.0220268776419324
2018-12-18,X601877.SH,0.0175837541023626
2018-12-19,X600089.SH,0.015684688370006
2018-12-20,X002241.SZ,0.0205880706632798
2018-12-21,X002508.SZ,0.0176353664908454
2018-12-24,X600089.SH,0.0162165885887
2018-12-25,X002456.SZ,0.0122818465641603
2018-12-26,X002456.SZ,0.0130156924584696
2018-12-27,X600809.SH,0.013902111053924
2018-12-28,X600809.SH,0.0154608758558342
2019-01-02,X600089.SH,0.0167607366212473
2019-01-03,X600809.SH,0.0173357978593353
2019-01-04,X600089.SH,0.019019596459915
2019-01-07,X600089.SH,0.0186947656157869
2019-01-08,X002241.SZ,0.01412693490873
2019-01-09,X600809.SH,0.0168027290988288
2019-01-10,X600118.SH,0.00947679172680128
2019-01-11,X600183.SH,0.0134750224702278
2019-01-14,X002241.SZ,0.0120407391594785
2019-01-15,X600066.SH,0.0119396926402105
2019-01-16,X000625.SZ,0.0168617099719618
2019-01-17,X000725.SZ,0.010577756348173
2019-01-18,X002180.SZ,0.012838985380779
2019-01-21,X600690.SH,0.0115234616234391
2019-01-22,X600183.SH,0.0148162319978271
2019-01-23,X600183.SH,0.0122477979779977
2019-01-24,X600522.SH,0.0121270725785275
2019-01-25,X600089.SH,0.0150778518957156
2019-01-28,X601877.SH,0.0149626703977344
2019-01-29,X601877.SH,0.015045110674745
2019-01-30,X601877.SH,0.0121146273537012
2019-01-31,X601877.SH,0.014250400351857
2019-02-01,X000625.SZ,0.0116961775397475
2019-02-11,X600809.SH,0.0131268652449647
2019-02-12,X600809.SH,0.0134475511039393
2019-02-13,X600809.SH,0.0132335301232157
2019-02-14,X600809.SH,0.0137006864731648
2019-02-15,X601877.SH,0.0159268472766725
2019-02-18,X300136.SZ,0.0158582117715556
2019-02-19,X002475.SZ,0.0158237478267089
2019-02-20,X601877.SH,0.0148318309165457
2019-02-21,X601877.SH,0.0150356254490164
2019-02-22,X300136.SZ,0.0156252190636333
2019-02-25,X300136.SZ,0.0169363701227348
2019-02-26,X300136.SZ,0.0163458533821707
2019-02-27,X600118.SH,0.0107831840284244
2019-02-28,X600809.SH,0.0117844763464554
2019-03-01,X000568.SZ,0.0136164891975453
2019-03-04,X600519.SH,0.0137411239296075
2019-03-05,X600519.SH,0.0137335184619505
2019-03-06,X600519.SH,0.0121151190351802
2019-03-07,X600519.SH,0.0154358305043569
2019-03-08,X000568.SZ,0.0151225733428377
2019-03-11,X600703.SH,0.012399089498488
2019-03-12,X000063.SZ,0.0125308614894813
2019-03-13,X000568.SZ,0.0136824251880663
2019-03-14,X000063.SZ,0.0126826756723949
2019-03-15,X600498.SH,0.0130563891271712
2019-03-18,X000858.SZ,0.0133592500984223
2019-03-19,X000568.SZ,0.0140028922823708
2019-03-20,X002236.SZ,0.0121837060166814
2019-03-21,X600498.SH,0.0141352135700849
2019-03-22,X000725.SZ,0.0151177638657014
2019-03-25,X000568.SZ,0.0130381744890804
2019-03-26,X002236.SZ,0.0124640756362619
2019-03-27,X002236.SZ,0.0126690199715339
2019-03-28,X002236.SZ,0.0125111801984916
2019-03-29,X600031.SH,0.0135669937876734
2019-04-01,X000066.SZ,0.0130871252818164
2019-04-02,X600031.SH,0.0129934795727936
2019-04-03,X000568.SZ,0.0144651677840867
2019-04-04,X600703.SH,0.0147798562425395
2019-04-08,X002236.SZ,0.0151947535822462
2019-04-09,X002236.SZ,0.0167535483498234
2019-04-10,X300003.SZ,0.0150516034324385
2019-04-11,X300003.SZ,0.0154327985774119
2019-04-12,X300003.SZ,0.0177068177275234
2019-04-15,X002236.SZ,0.0158200677172212
2019-04-16,X300003.SZ,0.0141678170878104
2019-04-17,X002241.SZ,0.0173796387803848
2019-04-18,X300003.SZ,0.0177773141042871
2019-04-19,X300136.SZ,0.0183429423785209
2019-04-22,X002241.SZ,0.0165376689725075
2019-04-23,X002007.SZ,0.0241287696254382
2019-04-24,X600522.SH,0.0183606077716229
2019-04-25,X002236.SZ,0.0194472054634683
2019-04-26,X300003.SZ,0.0155933844271701
2019-04-29,X002008.SZ,0.0144760476476629
2019-04-30,X002236.SZ,0.0157279774272506
2019-05-06,X002241.SZ,0.0246546322681542
2019-05-07,X600183.SH,0.0242259131427565
2019-05-08,X600183.SH,0.0256769513975271
2019-05-09,X002236.SZ,0.0300658779902145
2019-05-10,X002236.SZ,0.0326782274964389
2019-05-13,X600183.SH,0.0274324234248457
2019-05-14,X300142.SZ,0.030404934585526
2019-05-15,X600183.SH,0.0268200644367244
2019-05-16,X600498.SH,0.0409280149338121
2019-05-17,X600522.SH,0.0366263702431284
2019-05-20,X600522.SH,0.0414662686341493
2019-05-21,X600522.SH,0.0470362959204777
2019-05-22,X600522.SH,0.051872931635117
2019-05-23,X600522.SH,0.0527298355096714
2019-05-24,X600522.SH,0.0381514613916124
2019-05-27,X600498.SH,0.035095813585429
2019-05-28,X600522.SH,0.0329105239522767
2019-05-29,X600522.SH,0.0303774998211318
2019-05-30,X600498.SH,0.0350147431600363
2019-05-31,X300142.SZ,0.0295592593193351
2019-06-03,X600522.SH,0.0514646743698427
2019-06-04,X600522.SH,0.0431285333844712
2019-06-05,X600498.SH,0.0401702742911778
2019-06-06,X600498.SH,0.0484885408167438
2019-06-10,X600498.SH,0.0496585734688576
2019-06-11,X600498.SH,0.0454730043641316
2019-06-12,X600498.SH,0.0464869331709094
2019-06-13,X600498.SH,0.0516103481325073
2019-06-14,X600498.SH,0.0520124760949821
2019-06-17,X600522.SH,0.0450730077608532
2019-06-18,X600522.SH,0.0543207652580902
2019-06-19,X600522.SH,0.0478534331956867
2019-06-20,X600522.SH,0.0483089621261568
2019-06-21,X600522.SH,0.051773130329542
2019-06-24,X600522.SH,0.0477521584231641
2019-06-25,X600522.SH,0.0484823896092589
2019-06-26,X600522.SH,0.0501463795369192
2019-06-27,X600522.SH,0.0474933974089676
2019-06-28,X600522.SH,0.0493836355742129
2019-07-01,X600498.SH,0.044135488136321
2019-07-02,X600522.SH,0.0475651610095772
2019-07-03,X600498.SH,0.0377211603310155
2019-07-04,X600522.SH,0.0517187885451505
2019-07-05,X600498.SH,0.0374825151391359
2019-07-08,X600498.SH,0.0305214340904009
2019-07-09,X000568.SZ,0.0387725786038318
2019-07-10,X000568.SZ,0.0346965016701536
2019-07-11,X600522.SH,0.0469611056776495
2019-07-12,X600522.SH,0.0484912052956033
2019-07-15,X600498.SH,0.0463278849363061
2019-07-16,X600522.SH,0.0491678851635686
2019-07-17,X600522.SH,0.0478413374952256
2019-07-18,X000858.SZ,0.0413635805338725
2019-07-19,X600498.SH,0.0416260590957596
2019-07-22,X600522.SH,0.0441679113168357
2019-07-23,X600498.SH,0.0385265093794574
2019-07-24,X600498.SH,0.0409154904071108
2019-07-25,X002241.SZ,0.0381575027756633
2019-07-26,X600498.SH,0.0258869277639396
2019-07-29,X600498.SH,0.024078853170458
2019-07-30,X600522.SH,0.0346834504095826
2019-07-31,X600498.SH,0.026316205242562
2019-08-01,X600522.SH,0.0284432036566926
2019-08-02,X600690.SH,0.0214470844459581
2019-08-05,X300124.SZ,0.0127725493288278
2019-08-06,X300136.SZ,0.0120951047310554
2019-08-07,X000338.SZ,0.0113187083416831
2019-08-08,X300136.SZ,0.0142176872599073
2019-08-09,X000338.SZ,0.0126920051377928
2019-08-12,X000066.SZ,0.0118689137503165
2019-08-13,X300014.SZ,0.0113753113455126
2019-08-14,X600276.SH,0.0104509178142809
2019-08-15,X000050.SZ,0.0107670387262025
2019-08-16,X000725.SZ,0.0105864151095092
2019-08-19,X000050.SZ,0.0111568064653012
2019-08-20,X002236.SZ,0.0118440835247132
2019-08-21,X000050.SZ,0.0109794609163884
2019-08-22,X000050.SZ,0.0103100138136553
2019-08-23,X000066.SZ,0.00960130084932281
2019-08-26,X002463.SZ,0.0106885896483647
2019-08-27,X002463.SZ,0.0106141345137655
2019-08-28,X003816.SZ,0.06021
2019-08-29,X003816.SZ,0.151772
2019-08-30,X003816.SZ,0.174521
2019-09-02,X000725.SZ,0.0106872906179267
2019-09-03,X000725.SZ,0.0105842454196797
2019-09-04,X600498.SH,0.00993761898600356
2019-09-05,X601877.SH,0.0107078635700101
2019-09-06,X601877.SH,0.0116219381646898
2019-09-09,X002049.SZ,0.0106441008898826
2019-09-10,X002049.SZ,0.00983365391942399
2019-09-11,X002415.SZ,0.0110586011193369
2019-09-12,X000858.SZ,0.0114609646009501
2019-09-16,X000858.SZ,0.0109437081024669
2019-09-17,X000858.SZ,0.0113124085967235
2019-09-18,X002049.SZ,0.0109264667223996
2019-09-19,X000725.SZ,0.0102648736413819
2019-09-20,X002415.SZ,0.0139609364783779
2019-09-23,X002415.SZ,0.0115652740876991
2019-09-24,X000066.SZ,0.012960658799113
2019-09-25,X600183.SH,0.0165374106923731
2019-09-26,X000725.SZ,0.010364931030671
2019-09-27,X300142.SZ,0.0107278208125113
2019-09-30,X002456.SZ,0.0124216690702088
2019-10-08,X002415.SZ,0.0124083469516911
2019-10-09,X002415.SZ,0.0116418091430115
2019-10-10,X000100.SZ,0.0132435740312122
2019-10-11,X300136.SZ,0.0107235544834765
2019-10-14,X000338.SZ,0.010830719693828
2019-10-15,X600690.SH,0.00910489708129182
2019-10-16,X002236.SZ,0.011630267680078
2019-10-17,X002236.SZ,0.0129666808169403
2019-10-18,X300142.SZ,0.0122636402648367
2019-10-21,X002008.SZ,0.0124372637275125
2019-10-22,X002049.SZ,0.0118119500054542
2019-10-23,X002179.SZ,0.0125211906257844
2019-10-24,X002179.SZ,0.0117339436967666
2019-10-25,X000050.SZ,0.0126601130845418
2019-10-28,X000066.SZ,0.0105989409667135
2019-10-29,X000100.SZ,0.0118088509591555
2019-10-30,X000977.SZ,0.00993269392623122
2019-10-31,X002129.SZ,0.0125913355120953
2019-11-01,X000725.SZ,0.0106240966442021
2019-11-04,X600031.SH,0.0115488543386495
2019-11-05,X002415.SZ,0.0119668336916483
2019-11-06,X002415.SZ,0.0112261081816207
2019-11-07,X000858.SZ,0.0115862490431315
2019-11-08,X600031.SH,0.0121352975256421
2019-11-11,X000725.SZ,0.0139064569100944
2019-11-12,X600809.SH,0.012339590204566
2019-11-13,X002415.SZ,0.0106950001711931
2019-11-14,X000157.SZ,0.00979676747981208
2019-11-15,X002008.SZ,0.0105575427314987
2019-11-18,X000725.SZ,0.010202422076633
2019-11-19,X002008.SZ,0.0103202873568264
2019-11-20,X600487.SH,0.0121130091519694
2019-11-21,X600703.SH,0.010401505105915
2019-11-22,X600703.SH,0.0104202670291168
2019-11-25,X600809.SH,0.010191716760705
2019-11-26,X600809.SH,0.0124950043379536
2019-11-27,X600809.SH,0.0117674223668009
2019-11-28,X000858.SZ,0.0131437085884608
2019-11-29,X000858.SZ,0.0151579009862209
2019-12-02,X000858.SZ,0.0153079823799146
2019-12-03,X000858.SZ,0.0150514244174845
2019-12-04,X000858.SZ,0.0147724580317609
2019-12-05,X000858.SZ,0.0128845609374082
2019-12-06,X000858.SZ,0.012266929690665
2019-12-09,X000063.SZ,0.0109887680373547
2019-12-10,X000858.SZ,0.0111647518122588
2019-12-11,X000858.SZ,0.0124704205606636
2019-12-12,X000858.SZ,0.0131950810931571
2019-12-13,X000858.SZ,0.012455458585369
2019-12-16,X000858.SZ,0.0132470972818668
2019-12-17,X000858.SZ,0.0122105480792246
2019-12-18,X002241.SZ,0.0124218039570245
2019-12-19,X000858.SZ,0.0111976136697789
2019-12-20,X000050.SZ,0.0119815453785582
2019-12-23,X000050.SZ,0.0108783945811566
2019-12-24,X000725.SZ,0.0114751545354609
2019-12-25,X000050.SZ,0.01089073570853
2019-12-26,X002463.SZ,0.0135675146133847
2019-12-27,X002463.SZ,0.0118152207971494
2019-12-30,X000050.SZ,0.0091384726754443
2019-12-31,X000858.SZ,0.0122206873415419
2020-01-02,X000858.SZ,0.0132749405694856
2020-01-03,X002129.SZ,0.0126508297864919
2020-01-06,X000858.SZ,0.0111682324842869
2020-01-07,X000725.SZ,0.0107471825137623
2020-01-08,X600703.SH,0.0103916229164637
2020-01-09,X000858.SZ,0.0102283422592689
2020-01-10,X000858.SZ,0.0106508770334699
2020-01-13,X000858.SZ,0.0121601504528341
2020-01-14,X300003.SZ,0.0112472256333483
2020-01-15,X000977.SZ,0.010650832071781
2020-01-16,X000725.SZ,0.0114806798763943
2020-01-17,X002241.SZ,0.0116417337818677
2020-01-20,X002241.SZ,0.0122576934932074
2020-01-21,X000157.SZ,0.0132652138620247
2020-01-22,X002049.SZ,0.0116575068304163
2020-01-23,X002371.SZ,0.0152843482711784
2020-02-03,X000858.SZ,0.0434828427034479
2020-02-04,X000725.SZ,0.0540723154397082
2020-02-05,X000858.SZ,0.0409200198349171
2020-02-06,X000858.SZ,0.038984555844688
2020-02-07,X601877.SH,0.0434765320942195
2020-02-10,X300124.SZ,0.0351152807939895
2020-02-11,X000157.SZ,0.0431630189993963
2020-02-12,X000568.SZ,0.0480855690157427
2020-02-13,X601877.SH,0.0403793572611506
2020-02-14,X601877.SH,0.045013189918342
2020-02-17,X000725.SZ,0.0452915036456338
2020-02-18,X000568.SZ,0.0447887473485527
2020-02-19,X002049.SZ,0.0491228367326372
2020-02-20,X000568.SZ,0.0456935151904379
2020-02-21,X000858.SZ,0.0459023409549349
2020-02-24,X002180.SZ,0.0485720239857229
2020-02-25,X002180.SZ,0.0502692907449884
2020-02-26,X000050.SZ,0.0468218438275931
2020-02-27,X000858.SZ,0.0470738123366514
2020-02-28,X000858.SZ,0.046511690424998
2020-03-02,X003816.SZ,0.0494147335215982
2020-03-03,X002180.SZ,0.0529298959807461
2020-03-04,X002415.SZ,0.0491098759425002
2020-03-05,X002415.SZ,0.0507617664761012
2020-03-06,X002415.SZ,0.0505011363080305
2020-03-09,X600809.SH,0.0484097077476838
2020-03-10,X002415.SZ,0.0537383349614323
2020-03-11,X600271.SH,0.0460432720171087
2020-03-12,X600522.SH,0.053311675188377
2020-03-13,X000651.SZ,0.0527272522191427
2020-03-16,X000157.SZ,0.0509288947286966
2020-03-17,X600177.SH,0.055345379213532
2020-03-18,X000651.SZ,0.0540063729523329
2020-03-19,X600031.SH,0.052442001881225
2020-03-20,X600031.SH,0.0503537008104804
2020-03-23,X600271.SH,0.0460393396496564
2020-03-24,X600522.SH,0.0488717004124993
2020-03-25,X002304.SZ,0.0439047927493122
2020-03-26,X600522.SH,0.0519234133838374
2020-03-27,X600031.SH,0.0364020914534257
2020-03-30,X002415.SZ,0.0427384383243221
2020-03-31,X600177.SH,0.0486283540821301
2020-04-01,X600177.SH,0.0532592043806439
2020-04-02,X600177.SH,0.0499993100452566
2020-04-03,X000725.SZ,0.047658486478769
2020-04-07,X002008.SZ,0.0455019462442735
2020-04-08,X000725.SZ,0.0459874626630759
2020-04-09,X600031.SH,0.0504776317972517
2020-04-10,X600177.SH,0.0466113157404564
2020-04-13,X003816.SZ,0.0456097547606204
2020-04-14,X000338.SZ,0.0471549922734525
2020-04-15,X002415.SZ,0.0494574326261937
2020-04-16,X003816.SZ,0.0516411051540308
2020-04-17,X300124.SZ,0.0439508876903565
2020-04-20,X002415.SZ,0.0460002582096482
2020-04-21,X300124.SZ,0.045216545030109
2020-04-22,X000725.SZ,0.0484142012492063
2020-04-23,X000725.SZ,0.0471793200415282
2020-04-24,X600271.SH,0.0457822033100199
2020-04-27,X000725.SZ,0.0475132474340876
2020-04-28,X000338.SZ,0.0406950522817068
2020-04-29,X002304.SZ,0.0463803904775454
2020-04-30,X600177.SH,0.0439790643634575
2020-05-06,X000100.SZ,0.0272012917427708
2020-05-07,X600183.SH,0.0256191464115331
2020-05-08,X000100.SZ,0.0258330895280665
2020-05-11,X002463.SZ,0.022555160257651
2020-05-12,X002371.SZ,0.0312334890625623
2020-05-13,X002371.SZ,0.0311956989759779
2020-05-14,X002008.SZ,0.024700378845212
2020-05-15,X002463.SZ,0.0238561388754887
2020-05-18,X300136.SZ,0.0243514553890247
2020-05-19,X002008.SZ,0.0270113608462584
2020-05-20,X002008.SZ,0.0245127532122312
2020-05-21,X000100.SZ,0.0238686783848099
2020-05-22,X002241.SZ,0.0221075964866622
2020-05-25,X000100.SZ,0.0226774363907392
2020-05-26,X000100.SZ,0.0198041213289694
2020-05-27,X300014.SZ,0.0215759738178073
2020-05-28,X002241.SZ,0.0208398443447564
2020-05-29,X300136.SZ,0.0194472551476051
2020-06-01,X002463.SZ,0.0192177161604786
2020-06-02,X300136.SZ,0.0299581865920498
2020-06-03,X300136.SZ,0.0251750251386944
2020-06-04,X300136.SZ,0.0272414386874037
2020-06-05,X300136.SZ,0.0281921198259054
2020-06-08,X300136.SZ,0.0278727009940385
2020-06-09,X300136.SZ,0.0257269242389216
2020-06-10,X002008.SZ,0.0246090080212085
2020-06-11,X002008.SZ,0.0196902726357189
2020-06-12,X300136.SZ,0.0181408346745306
2020-06-15,X002008.SZ,0.0197246029974842
2020-06-16,X002463.SZ,0.0165351531127902
2020-06-17,X002129.SZ,0.0160095116732083
2020-06-18,X002129.SZ,0.0155458313797497
2020-06-19,X002129.SZ,0.0165124486106467
2020-06-22,X300014.SZ,0.0133200821239984
2020-06-23,X000338.SZ,0.0123320049037654
2020-06-24,X000100.SZ,0.0139346600410207
2020-06-29,X002185.SZ,0.0220686965563201
2020-06-30,X000338.SZ,0.0129118763978431
2020-07-01,X600703.SH,0.0141375461557072
2020-07-02,X600690.SH,0.0117448999733383
2020-07-03,X002463.SZ,0.0118352079857549
2020-07-06,X002463.SZ,0.0160196104517918
2020-07-07,X000596.SZ,0.038036595391049
2020-07-08,X002463.SZ,0.0116868985918158
2020-07-09,X600183.SH,0.0138298636691302
2020-07-10,X300136.SZ,0.0136007454979925
2020-07-13,X600183.SH,0.0169815338174737
2020-07-14,X000338.SZ,0.0110873225517217
2020-07-15,X002236.SZ,0.0152700177261659
2020-07-16,X600779.SH,0.0278669648290275
2020-07-17,X600519.SH,0.0345211807953469
2020-07-20,X002294.SZ,0.0188793872018071
2020-07-21,X002179.SZ,0.018714425389876
2020-07-22,X002463.SZ,0.0177520022329848
2020-07-23,X002241.SZ,0.0157597391677652
2020-07-24,X000066.SZ,0.0194074621193415
2020-07-27,X000066.SZ,0.0193875785489444
2020-07-28,X600690.SH,0.0204206594854048
2020-07-29,X000066.SZ,0.0198450643753117
2020-07-30,X000066.SZ,0.0197552967505458
2020-07-31,X000066.SZ,0.0199830295375327
2020-08-03,X600519.SH,0.0334283928434254
2020-08-04,X600519.SH,0.0301649179252537
2020-08-05,X600519.SH,0.0241190433914915
2020-08-06,X600519.SH,0.0228555895942715
2020-08-07,X000858.SZ,0.0259929556238092
2020-08-10,X002475.SZ,0.0251506108455861
2020-08-11,X600519.SH,0.0266076609038311
2020-08-12,X000858.SZ,0.0193040540513711
2020-08-13,X600519.SH,0.0255432861286409
2020-08-14,X600741.SH,0.0288641613858925
2020-08-17,X000858.SZ,0.0257741495599893
2020-08-18,X000858.SZ,0.0292830120264148
2020-08-19,X600741.SH,0.0292813204507922
2020-08-20,X600741.SH,0.0269464021639228
2020-08-21,X600741.SH,0.0271205391249654
2020-08-24,X002475.SZ,0.025400257944705
2020-08-25,X600690.SH,0.0232393086791943
2020-08-26,X600690.SH,0.0230544433151238
2020-08-27,X600690.SH,0.0239321647046103
2020-08-28,X002241.SZ,0.0314869994638249
2020-08-31,X002241.SZ,0.0264677264165797
2020-09-01,X002241.SZ,0.0226117767176793
2020-09-02,X000858.SZ,0.0279861342575886
2020-09-03,X000858.SZ,0.0353547808685236
2020-09-04,X002241.SZ,0.0241470240964632
2020-09-07,X002241.SZ,0.0232247187098535
2020-09-08,X000100.SZ,0.024935527237856
2020-09-09,X002241.SZ,0.0240301563951324
2020-09-10,X000100.SZ,0.0264438270646162
2020-09-11,X000100.SZ,0.0257815268788471
2020-09-14,X002241.SZ,0.0198725466545821
2020-09-15,X000157.SZ,0.017899026787182
2020-09-16,X600519.SH,0.0219020395316252
2020-09-17,X600519.SH,0.0196797480816864
2020-09-18,X600519.SH,0.0204653223810837
2020-09-21,X000100.SZ,0.0222503793845587
2020-09-22,X000100.SZ,0.0175747294572028
2020-09-23,X600519.SH,0.0174798787100777
2020-09-24,X002241.SZ,0.0207297540973919
2020-09-25,X600519.SH,0.0239964641449655
2020-09-28,X002241.SZ,0.0209527701385566
2020-09-29,X002241.SZ,0.0212106508319007
2020-09-30,X002294.SZ,0.0169300901490756
2020-10-09,X000858.SZ,0.016690697856572
2020-10-12,X000651.SZ,0.0170070861765924
2020-10-13,X000100.SZ,0.0223286189873136
2020-10-14,X000100.SZ,0.0178259094168702
2020-10-15,X600690.SH,0.023798082507477
2020-10-16,X600690.SH,0.024088397737555
2020-10-19,X600690.SH,0.0285177402059805
2020-10-20,X600690.SH,0.0257429002365529
2020-10-21,X000100.SZ,0.0165308323561249
2020-10-22,X000157.SZ,0.0122945334450357
2020-10-23,X000157.SZ,0.013274149919103
2020-10-26,X000100.SZ,0.0159289064560832
2020-10-27,X000100.SZ,0.0180447447256059
2020-10-28,X000100.SZ,0.0207956905574749
2020-10-29,X600276.SH,0.0139157295171432
2020-10-30,X600276.SH,0.0131966276856996
2020-11-02,X000050.SZ,0.0139122183184401
2020-11-03,X002185.SZ,0.0118313711590194
2020-11-04,X002008.SZ,0.0110896488667045
2020-11-05,X002008.SZ,0.0116834027875565
2020-11-06,X002371.SZ,0.0115680727831036
2020-11-09,X002008.SZ,0.0108201997677943
2020-11-10,X000157.SZ,0.0104158193537261
2020-11-11,X002371.SZ,0.0111156485325335
2020-11-12,X000568.SZ,0.0138929649367851
2020-11-13,X000157.SZ,0.0112306260754193
2020-11-16,X000100.SZ,0.0141088341761856
2020-11-17,X000100.SZ,0.0128935363086243
2020-11-18,X000100.SZ,0.0147839483215177
2020-11-19,X002185.SZ,0.01352236744933
2020-11-20,X000100.SZ,0.0129794064119447
2020-11-23,X002185.SZ,0.0126573768160047
2020-11-24,X000063.SZ,0.0132874209052452
2020-11-25,X002185.SZ,0.0140408968779678
2020-11-26,X002185.SZ,0.0106505783414629
2020-11-27,X000063.SZ,0.0128057739972658
2020-11-30,X600741.SH,0.0188191903553817
2020-12-01,X600741.SH,0.0194631998481022
2020-12-02,X600741.SH,0.0158366655103452
2020-12-03,X600741.SH,0.0158995879651935
2020-12-04,X002304.SZ,0.0132392636361644
2020-12-07,X002129.SZ,0.0115903179349146
2020-12-08,X600703.SH,0.0141679409989635
2020-12-09,X600183.SH,0.0143474697644032
2020-12-10,X600183.SH,0.013878104434952
2020-12-11,X600183.SH,0.0135390221384298
2020-12-14,X002456.SZ,0.0122854842600247
2020-12-15,X002236.SZ,0.0105468340144029
2020-12-16,X300146.SZ,0.0118217496134739
2020-12-17,X000799.SZ,0.0110883973136702
2020-12-18,X000063.SZ,0.011047787932271
2020-12-21,X003816.SZ,0.0132570693493885
2020-12-22,X002456.SZ,0.0128361609413322
2020-12-23,X002456.SZ,0.0129113983590501
2020-12-24,X000596.SZ,0.0117297206273075
2020-12-25,X600741.SH,0.0117376422655212
2020-12-28,X003816.SZ,0.0133913574607012
2020-12-29,X000725.SZ,0.0115558292635055
2020-12-30,X002414.SZ,0.0123712222224536
2020-12-31,X000063.SZ,0.011502422008261
2021-01-04,X601877.SH,0.0146788918897852
2021-01-05,X002371.SZ,0.0343662905569041
2021-01-06,X003816.SZ,0.0156236905461467
2021-01-07,X003816.SZ,0.0147718273475276
2021-01-08,X003816.SZ,0.0145354278962899
2021-01-11,X000977.SZ,0.0135870998622136
2021-01-12,X600584.SH,0.0180468396579332
2021-01-13,X000977.SZ,0.0146371530123874
2021-01-14,X003816.SZ,0.0154203321192363
2021-01-15,X003816.SZ,0.0144087866943058
2021-01-18,X600703.SH,0.0123163969465675
2021-01-19,X600690.SH,0.0130854732433782
2021-01-20,X600690.SH,0.0143512114037977
2021-01-21,X002129.SZ,0.0121630278088033
2021-01-22,X003816.SZ,0.0168363754667709
2021-01-25,X000858.SZ,0.0153844394623837
2021-01-26,X000725.SZ,0.012451216921113
2021-01-27,X002074.SZ,0.0150539898919956
2021-01-28,X002179.SZ,0.0144710922128609
2021-01-29,X600118.SH,0.0167632387740037
2021-02-01,X000725.SZ,0.0167658086917996
2021-02-02,X002414.SZ,0.0132743859982353
2021-02-03,X002129.SZ,0.0154310593068605
2021-02-04,X000661.SZ,0.0159197564744358
2021-02-05,X002129.SZ,0.0171688236111422
2021-02-08,X601877.SH,0.0196223766320824
2021-02-09,X002241.SZ,0.0216323909097038
2021-02-10,X000661.SZ,0.017698814610554
2021-02-18,X600031.SH,0.0170699508722431
2021-02-19,X000568.SZ,0.0188904224370115
2021-02-22,X600690.SH,0.0197729549574216
2021-02-23,X002129.SZ,0.017697837640183
2021-02-24,X000625.SZ,0.0188596118274639
2021-02-25,X000625.SZ,0.0192047715715656
2021-02-26,X000625.SZ,0.0219010749291688
2021-03-01,X000858.SZ,0.0147150709652652
2021-03-02,X600690.SH,0.0248605163372071
2021-03-03,X000661.SZ,0.0176039494745407
2021-03-04,X000725.SZ,0.0163644045111716
2021-03-05,X002008.SZ,0.0153387167928562
2021-03-08,X600276.SH,0.0177041261107562
2021-03-09,X000661.SZ,0.0179443889097613
2021-03-10,X000338.SZ,0.018835067707849
2021-03-11,X000858.SZ,0.0169464598410323
2021-03-12,X002414.SZ,0.0160134825492594
2021-03-15,X000661.SZ,0.0191018346413764
2021-03-16,X000661.SZ,0.0192482028344393
2021-03-17,X600809.SH,0.017888281655123
2021-03-18,X601799.SH,0.0165736115318428
2021-03-19,X002415.SZ,0.0170404575880525
2021-03-22,X000858.SZ,0.0178283545105319
2021-03-23,X000858.SZ,0.0151233599402442
2021-03-24,X002294.SZ,0.0152884850135246
2021-03-25,X600707.SH,0.346062
2021-03-26,X600707.SH,0.349683
2021-03-29,X600707.SH,0.353308
2021-03-30,X600707.SH,0.356784
2021-03-31,X600707.SH,0.359775
2021-04-01,X600707.SH,0.362926
2021-04-02,X600707.SH,0.366599
2021-04-06,X600707.SH,0.370545
2021-04-07,X000725.SZ,0.0180878193997374
2021-04-08,X300003.SZ,0.0301111130920121
2021-04-09,X300003.SZ,0.0322088192422977
2021-04-12,X002415.SZ,0.0174389627352031
2021-04-13,X002415.SZ,0.0194987976899428
2021-04-14,X002241.SZ,0.0199022856745395
2021-04-15,X000725.SZ,0.0175407198009313
2021-04-16,X600809.SH,0.0196183297135422
2021-04-19,X002049.SZ,0.0206772028998232
2021-04-20,X600809.SH,0.0228955342528556
2021-04-21,X600702.SH,0.112726998885494
2021-04-22,X300146.SZ,0.018041095153099
2021-04-23,X000157.SZ,0.0171106067358265
2021-04-26,X600702.SH,0.112865907195462
2021-04-27,X000157.SZ,0.0171597471907137
2021-04-28,X600702.SH,0.113036866553704
2021-04-29,X600702.SH,0.112980394260116
2021-04-30,X600702.SH,0.112222413817506
2021-05-06,X600702.SH,0.111378678952212
2021-05-07,X600702.SH,0.111353119528545
2021-05-10,X600702.SH,0.111073938099237
2021-05-11,X000858.SZ,0.0157700592313973
2021-05-12,X000063.SZ,0.01453413409374
2021-05-13,X600702.SH,0.113776818915601
2021-05-14,X600702.SH,0.119760828860578
2021-05-17,X600702.SH,0.12588278169719
2021-05-18,X600702.SH,0.131955246964774
2021-05-19,X600702.SH,0.138052615131031
2021-05-20,X600702.SH,0.144105947748837
2021-05-21,X600702.SH,0.150149559484921
2021-05-24,X600702.SH,0.156191938769655
2021-05-25,X600702.SH,0.162097649145669
2021-05-26,X600702.SH,0.168002502648948
2021-05-27,X600702.SH,0.173908406354218
2021-05-28,X002415.SZ,0.0137262095226338
2021-05-31,X600702.SH,0.18529020930857
2021-06-01,X002074.SZ,0.0156300521016502
2021-06-02,X300124.SZ,0.0167497474055361
2021-06-03,X300124.SZ,0.015330075927307
2021-06-04,X600519.SH,0.0143737575835399
2021-06-07,X002415.SZ,0.0139510173058056
2021-06-08,X300146.SZ,0.0205867328056109
2021-06-09,X000157.SZ,0.0179181040700727
2021-06-10,X300124.SZ,0.0189118775210342
2021-06-11,X300124.SZ,0.0126310721584157
2021-06-15,X002007.SZ,0.015681133292905
2021-06-16,X300124.SZ,0.0122398490230857
2021-06-17,X000063.SZ,0.0116870270517337
2021-06-18,X002007.SZ,0.0187991737764246
2021-06-21,X300146.SZ,0.0135469573777025
2021-06-22,X300146.SZ,0.0149756153792763
2021-06-23,X300146.SZ,0.0174087577931655
2021-06-24,X600779.SH,0.0110291876638148
2021-06-25,X000568.SZ,0.0115162596808084
2021-06-28,X000063.SZ,0.0114246067222284
2021-06-29,X300124.SZ,0.0139959451023273
2021-06-30,X300124.SZ,0.0119081983128194
2021-07-01,X002508.SZ,0.0104224072208572
2021-07-02,X300124.SZ,0.0123395852963868
2021-07-05,X300124.SZ,0.012480578837924
2021-07-06,X300124.SZ,0.0151153467231148
2021-07-07,X300124.SZ,0.0137946816124141
2021-07-08,X600460.SH,0.0116124746480969
2021-07-09,X300124.SZ,0.0143627997751367
2021-07-12,X300124.SZ,0.0112986362936111
2021-07-13,X600031.SH,0.0108607886820498
2021-07-14,X002049.SZ,0.0110647917741758
2021-07-15,X002049.SZ,0.0119506583475539
2021-07-16,X002304.SZ,0.0131943081994411
2021-07-19,X002304.SZ,0.0134854314769433
2021-07-20,X600031.SH,0.0113912202547412
2021-07-21,X600089.SH,0.0119070112041378
2021-07-22,X002049.SZ,0.0139652265196969
2021-07-23,X002049.SZ,0.0125721486631342
2021-07-26,X600031.SH,0.0134926930487263
2021-07-27,X002414.SZ,0.0136149079675059
2021-07-28,X300003.SZ,0.0119743010064596
2021-07-29,X002074.SZ,0.0183289310064319
2021-07-30,X600031.SH,0.017144115018621
2021-08-02,X002074.SZ,0.014336038365896
2021-08-03,X002074.SZ,0.0168065370722835
2021-08-04,X000063.SZ,0.0216088264950391
2021-08-05,X600809.SH,0.0126452733479027
2021-08-06,X002414.SZ,0.0143664276969162
2021-08-09,X002414.SZ,0.0140743955983761
2021-08-10,X002414.SZ,0.0167372427131027
2021-08-11,X600519.SH,0.0145581773683576
2021-08-12,X600089.SH,0.0146430063924897
2021-08-13,X300003.SZ,0.0170681862614584
2021-08-16,X300003.SZ,0.0181886793479442
2021-08-17,X600519.SH,0.0139553990222804
2021-08-18,X600809.SH,0.0186262059311079
2021-08-19,X600519.SH,0.015120496852032
2021-08-20,X002049.SZ,0.0137175942813358
2021-08-23,X002049.SZ,0.0146162955999014
2021-08-24,X002049.SZ,0.0151059526081516
2021-08-25,X600519.SH,0.0148467608887167
2021-08-26,X600519.SH,0.017701444729562
2021-08-27,X600779.SH,0.0149765891084067
2021-08-30,X000858.SZ,0.0138967698431346
2021-08-31,X600519.SH,0.0137126472817559
2021-09-01,X600519.SH,0.0178136627075938
2021-09-02,X600519.SH,0.0177854370219608
2021-09-03,X600519.SH,0.0169265234033468
2021-09-06,X000596.SZ,0.0122115346440057
2021-09-07,X000733.SZ,0.0160172618555636
2021-09-08,X600779.SH,0.0156706373913074
2021-09-09,X000596.SZ,0.0126148940876295
2021-09-10,X002074.SZ,0.0209935530791465
2021-09-13,X600809.SH,0.0165775396913038
2021-09-14,X600809.SH,0.0166690611560662
2021-09-15,X600703.SH,0.0130348006712429
2021-09-16,X002415.SZ,0.0149512584039582
2021-09-17,X002415.SZ,0.0141163356072224
2021-09-22,X601877.SH,0.0154823770456189
2021-09-23,X601877.SH,0.0151941466437064
2021-09-24,X002074.SZ,0.0156377742080705
2021-09-27,X002415.SZ,0.0151097703951532
2021-09-28,X000858.SZ,0.0188358572817485
2021-09-29,X600519.SH,0.0176608152754102
2021-09-30,X000568.SZ,0.0167140500956833
2021-10-08,X000568.SZ,0.017733960437984
2021-10-11,X601877.SH,0.0201153451851819
2021-10-12,X600519.SH,0.0187934727311635
2021-10-13,X600519.SH,0.0200617601025782
2021-10-14,X000568.SZ,0.0188211793225664
2021-10-15,X600519.SH,0.0185294551994063
2021-10-18,X000568.SZ,0.0157410057323126
2021-10-19,X000568.SZ,0.0194638983459012
2021-10-20,X000568.SZ,0.0150102525935812
2021-10-21,X002304.SZ,0.0144987790941414
2021-10-22,X000858.SZ,0.0191721538523913
2021-10-25,X002008.SZ,0.0144594310105059
2021-10-26,X000858.SZ,0.0138420546489668
2021-10-27,X600779.SH,0.0169073539527913
2021-10-28,X600779.SH,0.016927520538637
2021-10-29,X600779.SH,0.0206056710832584
2021-11-01,X600779.SH,0.0186235697519681
2021-11-02,X300014.SZ,0.0132393574618129
2021-11-03,X600104.SH,0.0143914408942887
2021-11-04,X600104.SH,0.0116161664570795
2021-11-05,X600104.SH,0.0126416350827577
2021-11-08,X002074.SZ,0.0151898931736237
2021-11-09,X600702.SH,0.0134241383439943
2021-11-10,X600702.SH,0.0146728912976113
2021-11-11,X600702.SH,0.0127589774086054
2021-11-12,X000858.SZ,0.0123691276439477
2021-11-15,X000858.SZ,0.0153799145647981
2021-11-16,X600779.SH,0.0159078259050577
2021-11-17,X000858.SZ,0.0155317669969847
2021-11-18,X600779.SH,0.0144327175404605
2021-11-19,X000800.SZ,0.013170404628126
2021-11-22,X600702.SH,0.0118470636844364
2021-11-23,X600779.SH,0.0119347752035215
2021-11-24,X600779.SH,0.0174119436370948
2021-11-25,X000858.SZ,0.012526694251294
2021-11-26,X000858.SZ,0.0113739894171664
2021-11-29,X300014.SZ,0.0113130360405438
2021-11-30,X600460.SH,0.0125966746108621
2021-12-01,X000858.SZ,0.0118917366198127
2021-12-02,X600460.SH,0.0126910472570758
2021-12-03,X600460.SH,0.0123119808713876
2021-12-06,X000338.SZ,0.0121493629517003
2021-12-07,X002074.SZ,0.0132960755813588
2021-12-08,X000858.SZ,0.0105947298354971
2021-12-09,X300014.SZ,0.0102964303000298
2021-12-10,X600460.SH,0.0132917334651985
2021-12-13,X601877.SH,0.0107484472760718
2021-12-14,X000733.SZ,0.0115053753415576
2021-12-15,X000733.SZ,0.0119559841896619
2021-12-16,X002007.SZ,0.0105983120802695
2021-12-17,X600519.SH,0.0112664600586349
2021-12-20,X000858.SZ,0.0154256425431999
2021-12-21,X300014.SZ,0.00995525095319546
2021-12-22,X000858.SZ,0.0133473525777266
2021-12-23,X000651.SZ,0.0103092993982335
2021-12-24,X002008.SZ,0.0115003204730106
2021-12-27,X000596.SZ,0.0107686183536413
2021-12-28,X002008.SZ,0.0109929661426241
2021-12-29,X000725.SZ,0.0104571961865158
2021-12-30,X002008.SZ,0.0103651330796283
2021-12-31,X002475.SZ,0.010232639852607
2022-01-04,X000100.SZ,0.0127722020239178
2022-01-05,X600460.SH,0.0119845840435208
2022-01-06,X000858.SZ,0.0105636295499103
2022-01-07,X000100.SZ,0.0106742626862082
2022-01-10,X600089.SH,0.0119262966642606
2022-01-11,X600089.SH,0.0113710521462288
2022-01-12,X600460.SH,0.010488884700474
2022-01-13,X600460.SH,0.0126539289768757
2022-01-14,X600460.SH,0.0117198445556715
2022-01-17,X000733.SZ,0.0109069382586989
2022-01-18,X600089.SH,0.0129685892885676
2022-01-19,X600089.SH,0.0117714402773515
2022-01-20,X600089.SH,0.0129329183454891
2022-01-21,X600089.SH,0.0112670621772801
2022-01-24,X600089.SH,0.0113061639189173
2022-01-25,X600690.SH,0.0108442280721333
2022-01-26,X002074.SZ,0.0139971929383399
2022-01-27,X002074.SZ,0.012914672630299
2022-01-28,X002074.SZ,0.0122519283805937
2022-02-07,X002074.SZ,0.010619417790183
2022-02-08,X002008.SZ,0.00996806026335235
2022-02-09,X600460.SH,0.0131547230401689
2022-02-10,X600519.SH,0.0129038580898603
2022-02-11,X002074.SZ,0.0107990956831409
2022-02-14,X600460.SH,0.0122303594947913
2022-02-15,X002180.SZ,0.0112009204363049
2022-02-16,X600460.SH,0.013140545906622
2022-02-17,X600460.SH,0.0128415381458081
2022-02-18,X600460.SH,0.0174481151679752
2022-02-21,X600519.SH,0.00913136464777093
2022-02-22,X600702.SH,0.00952095687278463
2022-02-23,X600519.SH,0.0112095150813896
2022-02-24,X600519.SH,0.0109805302873763
2022-02-25,X600519.SH,0.0110000067875445
2022-02-28,X002236.SZ,0.0102573937063792
2022-03-01,X002236.SZ,0.00939484009786802
2022-03-02,X300124.SZ,0.0110752386641862
2022-03-03,X002371.SZ,0.0119075174540345
2022-03-04,X002236.SZ,0.010295150943788
2022-03-07,X000858.SZ,0.0119514201737574
2022-03-08,X002008.SZ,0.016152272879311
2022-03-09,X600884.SH,0.0206582348336968
2022-03-10,X600884.SH,0.0213393829513477
2022-03-11,X000858.SZ,0.0141355658850738
2022-03-14,X000063.SZ,0.0124869107061625
2022-03-15,X600104.SH,0.0163816668597389
2022-03-16,X600779.SH,0.01523915664795
2022-03-17,X000100.SZ,0.0168845062835987
2022-03-18,X600779.SH,0.0170884678900256
2022-03-21,X600779.SH,0.0158955245949925
2022-03-22,X600031.SH,0.0155541663862123
2022-03-23,X600779.SH,0.0144432245009343
2022-03-24,X000100.SZ,0.0143619719480061
2022-03-25,X000858.SZ,0.0143818143122266
2022-03-28,X600089.SH,0.0145625339885286
2022-03-29,X000100.SZ,0.0143307076006173
2022-03-30,X000858.SZ,0.0157114690781043
2022-03-31,X000858.SZ,0.0170567658549124
2022-04-01,X000800.SZ,0.0138738434748446
2022-04-06,X000100.SZ,0.0141175313889644
2022-04-07,X000858.SZ,0.0156930963717957
2022-04-08,X000100.SZ,0.0176382030607431
2022-04-11,X600884.SH,0.0170060023524163
2022-04-12,X600884.SH,0.0182104226447137
2022-04-13,X002432.SZ,0.0731470000000001
2022-04-14,X000858.SZ,0.0157494569887704
2022-04-15,X002432.SZ,0.0713110000000001
2022-04-18,X002432.SZ,0.0701420000000001
2022-04-19,X002432.SZ,0.0682050000000001
2022-04-20,X002432.SZ,0.0661890000000001
2022-04-21,X002432.SZ,0.0643610000000001
2022-04-22,X002432.SZ,0.0623160000000001
2022-04-25,X002432.SZ,0.0603990000000001
2022-04-26,X000858.SZ,0.0184996702029646
2022-04-27,X600884.SH,0.0219234046613046
2022-04-28,X600089.SH,0.0212522248983498
2022-04-29,X000568.SZ,0.0188781459843135
2022-05-05,X000568.SZ,0.015619707071335
2022-05-06,X600089.SH,0.0218087026166496
2022-05-09,X600089.SH,0.0236140667156168
2022-05-10,X600089.SH,0.0240401593580645
2022-05-11,X600089.SH,0.0154543664212097
2022-05-12,X600884.SH,0.0156750412763001
2022-05-13,X600089.SH,0.0183789106559427
2022-05-16,X600089.SH,0.0179863711625594
2022-05-17,X000800.SZ,0.0189396802127134
2022-05-18,X000651.SZ,0.0186541187666714
2022-05-19,X600884.SH,0.0158946757068129
2022-05-20,X600884.SH,0.0161044249576687
2022-05-23,X000800.SZ,0.0216826577598985
2022-05-24,X000800.SZ,0.0207415424119324
2022-05-25,X000800.SZ,0.0202148211869727
2022-05-26,X600584.SH,0.0188612025937256
2022-05-27,X600584.SH,0.0210539213424255
2022-05-30,X600584.SH,0.0212114467588856
2022-05-31,X600884.SH,0.0182786185969159
2022-06-01,X600584.SH,0.0175710631972751
2022-06-02,X600183.SH,0.020999356304351
2022-06-06,X600089.SH,0.0210740440302563
2022-06-07,X600089.SH,0.0164397460664414
2022-06-08,X600089.SH,0.0167107685182285
2022-06-09,X002056.SZ,0.0171623751442671
2022-06-10,X002179.SZ,0.0176851518870603
2022-06-13,X600584.SH,0.0169041743575903
2022-06-14,X002056.SZ,0.0154147510094352
2022-06-15,X600584.SH,0.0184306270009091
2022-06-16,X600584.SH,0.0191707107041066
2022-06-17,X002056.SZ,0.0165431421438773
2022-06-20,X000800.SZ,0.0151584803218143
2022-06-21,X600702.SH,0.0167391242898674
2022-06-22,X600584.SH,0.0168476165903397
2022-06-23,X600702.SH,0.0160960594547095
2022-06-24,X002074.SZ,0.0163896501475842
2022-06-27,X002074.SZ,0.0196641142598418
2022-06-28,X600884.SH,0.0155755131770951
2022-06-29,X000338.SZ,0.0225594947450917
2022-06-30,X000338.SZ,0.0201631193255439
2022-07-01,X000338.SZ,0.0226949843057399
2022-07-04,X600584.SH,0.0362603946271897
2022-07-05,X600584.SH,0.0355277407392314
2022-07-06,X002414.SZ,0.0225824529836506
2022-07-07,X600584.SH,0.0269796326677892
2022-07-08,X600031.SH,0.0486123939429009
2022-07-11,X600031.SH,0.0455054406538832
2022-07-12,X600031.SH,0.0481516363342696
2022-07-13,X600584.SH,0.018015002981949
2022-07-14,X002176.SZ,0.0194834105005021
2022-07-15,X000338.SZ,0.0308064904911371
2022-07-18,X600276.SH,0.0288188624025726
2022-07-19,X000338.SZ,0.0242441659813873
2022-07-20,X000338.SZ,0.0250991711437115
2022-07-21,X000338.SZ,0.0252207342738168
2022-07-22,X000338.SZ,0.0208193214102235
2022-07-25,X000338.SZ,0.0254416764058681
2022-07-26,X000338.SZ,0.0256299836331129
2022-07-27,X600460.SH,0.0137136411952461
2022-07-28,X600584.SH,0.014753917125081
2022-07-29,X600584.SH,0.0132217895464283
2022-08-01,X003816.SZ,0.0138488961947379
2022-08-02,X600460.SH,0.015402799320071
2022-08-03,X002008.SZ,0.0171749596339008
2022-08-04,X300124.SZ,0.01829054943352
2022-08-05,X600584.SH,0.0131119476373929
2022-08-08,X600460.SH,0.0153568773995567
2022-08-09,X002180.SZ,0.0125308567242059
2022-08-10,X002180.SZ,0.0127774907593223
2022-08-11,X600584.SH,0.0144134727136084
2022-08-12,X600584.SH,0.0113940341292597
2022-08-15,X600183.SH,0.0129316844436557
2022-08-16,X002304.SZ,0.0111978701545593
2022-08-17,X000338.SZ,0.0141932704035371
2022-08-18,X600584.SH,0.0123396774079724
2022-08-19,X600460.SH,0.0127281549403062
2022-08-22,X601877.SH,0.0116559417954903
2022-08-23,X000338.SZ,0.0119542285114476
2022-08-24,X600460.SH,0.0128610492108952
2022-08-25,X002414.SZ,0.0202457619950288
2022-08-26,X000858.SZ,0.0195821515942046
2022-08-29,X601877.SH,0.0145125347685558
2022-08-30,X000338.SZ,0.0139534466314234
2022-08-31,X002236.SZ,0.0147329743102016
2022-09-01,X002236.SZ,0.0152576218782954
2022-09-02,X002236.SZ,0.0161735845569667
2022-09-05,X002236.SZ,0.0137406945395211
2022-09-06,X002236.SZ,0.0136612237367665
2022-09-07,X002236.SZ,0.0161444738252246
2022-09-08,X000568.SZ,0.0239922330568308
2022-09-09,X000338.SZ,0.0116981228747255
2022-09-13,X002236.SZ,0.0116106172272386
2022-09-14,X000725.SZ,0.0145576957004224
2022-09-15,X300003.SZ,0.01353919233122
2022-09-16,X600460.SH,0.0112667705730018
2022-09-19,X600584.SH,0.0104942808829152
2022-09-20,X000725.SZ,0.0123163920112818
2022-09-21,X601877.SH,0.0119156600744561
2022-09-22,X000725.SZ,0.0124632346574691
2022-09-23,X000725.SZ,0.0127907693920375
2022-09-26,X002241.SZ,0.0108675235969891
2022-09-27,X000568.SZ,0.00998447329554419
2022-09-28,X000725.SZ,0.00951507814333145
2022-09-29,X000568.SZ,0.0108321925950357
2022-09-30,X000568.SZ,0.00940482996178919
2022-10-10,X000338.SZ,0.0103788011837649
2022-10-11,X000338.SZ,0.0134274127487489
2022-10-12,X000338.SZ,0.0112775601491937
2022-10-13,X601799.SH,0.0145373510225785
2022-10-14,X600884.SH,0.0100492665513228
2022-10-17,X600884.SH,0.0129765334199705
2022-10-18,X600884.SH,0.012969717188541
2022-10-19,X300003.SZ,0.0181651773027265
2022-10-20,X000725.SZ,0.0118583497547119
2022-10-21,X000725.SZ,0.0124714209605876
2022-10-24,X000725.SZ,0.0106600844699277
2022-10-25,X000725.SZ,0.0106299814092219
2022-10-26,X000725.SZ,0.0114061229028487
2022-10-27,X600809.SH,0.0117521697898816
2022-10-28,X600809.SH,0.0106089801803818
2022-10-31,X600809.SH,0.0116169849746491
2022-11-01,X000338.SZ,0.0111125583186746
2022-11-02,X600809.SH,0.0107921774134855
2022-11-03,X600809.SH,0.0105704897345462
2022-11-04,X000799.SZ,0.0112957183786188
2022-11-07,X000799.SZ,0.0110153320036163
2022-11-08,X600031.SH,0.0107362915577704
2022-11-09,X000799.SZ,0.0105484271560473
2022-11-10,X000799.SZ,0.0107504764889921
2022-11-11,X000799.SZ,0.0115277410198416
2022-11-14,X600741.SH,0.0111558742232587
2022-11-15,X000625.SZ,0.012053807906107
2022-11-16,X000799.SZ,0.012977142622715
2022-11-17,X000799.SZ,0.0135737306861971
2022-11-18,X600741.SH,0.012782050761585
2022-11-21,X600741.SH,0.0110152041389186
2022-11-22,X600487.SH,0.0180984378472221
2022-11-23,X000799.SZ,0.0127313544229115
2022-11-24,X600690.SH,0.0104432502467446
2022-11-25,X600584.SH,0.0106800765958673
2022-11-28,X000625.SZ,0.0130320220701428
2022-11-29,X000799.SZ,0.0123255569792314
2022-11-30,X000799.SZ,0.011841041928139
2022-12-01,X000800.SZ,0.0119716007298484
2022-12-02,X600884.SH,0.00997561726215524
2022-12-05,X600104.SH,0.0103173408658054
2022-12-06,X600089.SH,0.0129715579141437
2022-12-07,X600089.SH,0.0122868043750796
2022-12-08,X600089.SH,0.010562204501105
2022-12-09,X002415.SZ,0.0113205684487003
2022-12-12,X000338.SZ,0.0129462449076172
2022-12-13,X002475.SZ,0.0119586277569506
2022-12-14,X000338.SZ,0.0121766037133956
2022-12-15,X000799.SZ,0.0124413941199448
2022-12-16,X000799.SZ,0.0126768996789682
2022-12-19,X600089.SH,0.0114262370244502
2022-12-20,X000799.SZ,0.0124902095612013
2022-12-21,X000799.SZ,0.0135307186677748
2022-12-22,X002236.SZ,0.0198859631794776
2022-12-23,X002236.SZ,0.0172806721849782
2022-12-26,X600809.SH,0.0156851484722763
2022-12-27,X000799.SZ,0.0137481631748099
2022-12-28,X600104.SH,0.0148020409284042
2022-12-29,X000799.SZ,0.0138740002448746
2022-12-30,X000063.SZ,0.013782734453329
2023-01-03,X002475.SZ,0.0141370751123789
2023-01-04,X000799.SZ,0.0135042277355398
2023-01-05,X000799.SZ,0.0129168574964327
2023-01-06,X000799.SZ,0.0133806739586683
2023-01-09,X600519.SH,0.0113167199057159
2023-01-10,X300146.SZ,0.0105087215451588
2023-01-11,X000799.SZ,0.0121824933037123
2023-01-12,X000799.SZ,0.0113726513155354
2023-01-13,X600519.SH,0.00915798466986901
2023-01-16,X600519.SH,0.0101583932417939
2023-01-17,X000651.SZ,0.017026484777871
2023-01-18,X600703.SH,0.00996311142019254
2023-01-19,X300146.SZ,0.00970388033006664
2023-01-20,X000157.SZ,0.00921783945936138
2023-01-30,X600703.SH,0.0099588776163846
2023-01-31,X000858.SZ,0.0100928741291647
2023-02-01,X000157.SZ,0.0109476445474244
2023-02-02,X000100.SZ,0.00996515630731171
2023-02-03,X002236.SZ,0.00855797542401861
2023-02-06,X002236.SZ,0.00805326748162812
2023-02-07,X600690.SH,0.0121343315612102
2023-02-08,X002236.SZ,0.00814257381397948
2023-02-09,X002414.SZ,0.0175402508739923
2023-02-10,X002236.SZ,0.00922473107197125
2023-02-13,X000858.SZ,0.00982436147842428
2023-02-14,X002179.SZ,0.00938232732272252
2023-02-15,X002236.SZ,0.00845632511964709
2023-02-16,X000799.SZ,0.00969309372221488
2023-02-17,X600584.SH,0.0122295716102263
2023-02-20,X600584.SH,0.009027942273155
2023-02-21,X600584.SH,0.00922769095246037
2023-02-22,X600584.SH,0.00835807390779491
2023-02-23,X600584.SH,0.00873355341948514
2023-02-24,X600584.SH,0.00916255957214583
2023-02-27,X600584.SH,0.00988518452579634
2023-02-28,X002241.SZ,0.00972677658079433
2023-03-01,X002236.SZ,0.0089606303761095
2023-03-02,X002236.SZ,0.00909543554514051
2023-03-03,X000661.SZ,0.00952788847860192
2023-03-06,X002241.SZ,0.00971370618124297
2023-03-07,X600584.SH,0.0112880221679687
2023-03-08,X600584.SH,0.0114650763196403
2023-03-09,X600584.SH,0.0121271482863852
2023-03-10,X002236.SZ,0.0115715073337099
2023-03-13,X600584.SH,0.00954297894390823
2023-03-14,X600690.SH,0.00901891764896424
2023-03-15,X600690.SH,0.00794525733612767
2023-03-16,X600584.SH,0.00934774671091586
2023-03-17,X002129.SZ,0.00933954028816933
2023-03-20,X600584.SH,0.00998795264879621
2023-03-21,X601877.SH,0.00809186705426582
2023-03-22,X600519.SH,0.00964686350937195
2023-03-23,X002463.SZ,0.0115265816505172
2023-03-24,X601877.SH,0.00948328814909971
2023-03-27,X601877.SH,0.00920390376408022
2023-03-28,X600519.SH,0.00806205146320925
2023-03-29,X601877.SH,0.00960562446440015
2023-03-30,X600519.SH,0.00812529477567414
2023-03-31,X601877.SH,0.00916996243785888
2023-04-03,X601877.SH,0.00984515653316729
2023-04-04,X000800.SZ,0.0157380710378851
2023-04-06,X600584.SH,0.00987175858949849
2023-04-07,X600584.SH,0.0094995915725467
2023-04-10,X600089.SH,0.00901554309382485
2023-04-11,X600089.SH,0.0100004281653679
2023-04-12,X601877.SH,0.0106379371224393
2023-04-13,X600460.SH,0.00927444235906195
2023-04-14,X601877.SH,0.0102464074375914
2023-04-17,X000858.SZ,0.0083282702993174
2023-04-18,X600089.SH,0.00977309550720078
2023-04-19,X600089.SH,0.00997747132440472
2023-04-20,X600089.SH,0.00916613512539923
2023-04-21,X600089.SH,0.0101222529885723
2023-04-24,X000157.SZ,0.0110160778557166
2023-04-25,X000157.SZ,0.00950055040518089
2023-04-26,X000157.SZ,0.0118623419994086
2023-04-27,X600460.SH,0.0112286230700231
2023-04-28,X000157.SZ,0.0115817529278315
2023-05-04,X000157.SZ,0.0100787836308048
2023-05-05,X600460.SH,0.00848896739246466
2023-05-08,X000157.SZ,0.00939642057027061
2023-05-09,X600460.SH,0.0100442908046071
2023-05-10,X002463.SZ,0.0086947772751009
2023-05-11,X002463.SZ,0.00882785640440062
2023-05-12,X002475.SZ,0.0112447605455722
2023-05-15,X002475.SZ,0.0111795068673527
2023-05-16,X002475.SZ,0.011526213558393
2023-05-17,X002475.SZ,0.0115842250843293
2023-05-18,X002475.SZ,0.0117641596026526
2023-05-19,X002475.SZ,0.0118826016358985
2023-05-22,X000157.SZ,0.0123677652687729
2023-05-23,X600487.SH,0.0102608182548668
2023-05-24,X000157.SZ,0.0119299736554588
2023-05-25,X000157.SZ,0.0101891195999971
2023-05-26,X002180.SZ,0.0157738513787316
2023-05-29,X000157.SZ,0.0101731080242573
2023-05-30,X002049.SZ,0.00965294232403381
2023-05-31,X002236.SZ,0.0102787042675079
2023-06-01,X000157.SZ,0.0090274770597272
2023-06-02,X000157.SZ,0.00995564645847712
2023-06-05,X300014.SZ,0.00977149572026843
2023-06-06,X300014.SZ,0.0104089768216505
2023-06-07,X002475.SZ,0.00990349218392429
2023-06-08,X002475.SZ,0.00915327729040046
2023-06-09,X000858.SZ,0.0102881269996966
2023-06-12,X000858.SZ,0.0104248756997538
2023-06-13,X000066.SZ,0.00902986967578519
2023-06-14,X600519.SH,0.0103262266676353
2023-06-15,X002180.SZ,0.0116821416115651
2023-06-16,X000858.SZ,0.011575219211437
2023-06-19,X600089.SH,0.00850224525747878
2023-06-20,X000858.SZ,0.00892760938012733
2023-06-21,X600460.SH,0.00940318938916847
2023-06-26,X600487.SH,0.0117749923192611
2023-06-27,X002236.SZ,0.00977496443382807
2023-06-28,X300142.SZ,0.0110791744875226
2023-06-29,X000651.SZ,0.0109132476215991
2023-06-30,X000651.SZ,0.0110591070666324
2023-07-03,X600460.SH,0.0108338917405872
2023-07-04,X600460.SH,0.0110202142743331
2023-07-05,X601877.SH,0.00940137843796091
2023-07-06,X601877.SH,0.00919631582613184
2023-07-07,X600460.SH,0.00924289738854004
2023-07-10,X600460.SH,0.0108077176089156
2023-07-11,X600460.SH,0.0102327624207552
2023-07-12,X000651.SZ,0.0105780739310959
2023-07-13,X000338.SZ,0.00850937346562984
2023-07-14,X600460.SH,0.0110234909055835
2023-07-17,X600460.SH,0.00865066396266502
2023-07-18,X600809.SH,0.00815004787857074
2023-07-19,X000625.SZ,0.00839749736814378
2023-07-20,X000733.SZ,0.0103637483754395
2023-07-21,X601877.SH,0.00863405088005872
2023-07-24,X000625.SZ,0.00886928039978473
2023-07-25,X002304.SZ,0.00768568629839518
2023-07-26,X002049.SZ,0.010455772315049
2023-07-27,X002049.SZ,0.0101660744654762
2023-07-28,X002304.SZ,0.00843428902489942
2023-07-31,X002304.SZ,0.00836675069167841
2023-08-01,X002304.SZ,0.00852013368290296
2023-08-02,X002304.SZ,0.00773868267111814
2023-08-03,X600372.SH,0.00785777364956498
2023-08-04,X000625.SZ,0.00849002354964625
2023-08-07,X000568.SZ,0.00930487134715353
2023-08-08,X002304.SZ,0.00787723096553592
2023-08-09,X002304.SZ,0.00858725914156623
2023-08-10,X002049.SZ,0.00873251431047514
2023-08-11,X002180.SZ,0.0085197857021844
2023-08-14,X000858.SZ,0.0083784294456053
2023-08-15,X000338.SZ,0.00835745718278804
2023-08-16,X000338.SZ,0.00719092628354173
2023-08-17,X000338.SZ,0.00739432612504935
2023-08-18,X000338.SZ,0.00696469376686735
2023-08-21,X000858.SZ,0.00740114481920824
2023-08-22,X002304.SZ,0.00761630197303788
2023-08-23,X002304.SZ,0.00813875842462835
2023-08-24,X600702.SH,0.00799433724610752
2023-08-25,X002304.SZ,0.00773233124221704
2023-08-28,X002180.SZ,0.00732031519826863
2023-08-29,X600702.SH,0.0103727440183406
2023-08-30,X002074.SZ,0.00769938111340123
2023-08-31,X002074.SZ,0.00974912298441539
2023-09-01,X600702.SH,0.0105617435219902
2023-09-04,X002049.SZ,0.0097821253350115
2023-09-05,X002049.SZ,0.0135361190837607
2023-09-06,X002241.SZ,0.00869448420758592
2023-09-07,X002241.SZ,0.00859776616694124
2023-09-08,X002049.SZ,0.00989156099052879
2023-09-11,X002049.SZ,0.00861517439493941
2023-09-12,X002049.SZ,0.0117760741768353
2023-09-13,X002049.SZ,0.0113963897906611
2023-09-14,X002049.SZ,0.0107749445563962
2023-09-15,X002049.SZ,0.00885356302287143
2023-09-18,X002049.SZ,0.00906119488957725
2023-09-19,X600522.SH,0.0135635447846402
2023-09-20,X002049.SZ,0.00688582591088836
2023-09-21,X600522.SH,0.0131621848633124
2023-09-22,X600522.SH,0.014054648157591
2023-09-25,X600522.SH,0.0142008726714379
2023-09-26,X600522.SH,0.0142659043244424
2023-09-27,X600522.SH,0.01464913608694
2023-09-28,X600522.SH,0.0145377643406431
2023-10-09,X600522.SH,0.0146485746524183
2023-10-10,X600702.SH,0.00770818852686308
2023-10-11,X600702.SH,0.00772123321656773
2023-10-12,X600741.SH,0.00819959625757529
2023-10-13,X002074.SZ,0.00643972945181248
2023-10-16,X600522.SH,0.0120807253116318
2023-10-17,X002241.SZ,0.00863472858571637
2023-10-18,X002241.SZ,0.00647623205820645
2023-10-19,X002456.SZ,0.00803082492036919
2023-10-20,X002074.SZ,0.00946379714839755
2023-10-23,X300014.SZ,0.00704230997593077
2023-10-24,X300014.SZ,0.00783704387622061
2023-10-25,X002415.SZ,0.00882862964206776
2023-10-26,X600104.SH,0.00865364669502641
2023-10-27,X000800.SZ,0.0075917056164862
2023-10-30,X600702.SH,0.00786318788977652
2023-10-31,X002415.SZ,0.00888540845183138
2023-11-01,X002415.SZ,0.0091199741262191
2023-11-02,X600702.SH,0.00875515312319106
2023-11-03,X600702.SH,0.00901261816467813
2023-11-06,X600702.SH,0.00888651124895808
2023-11-07,X600690.SH,0.00666977721653405
2023-11-08,X000977.SZ,0.00970670460155149
2023-11-09,X002463.SZ,0.0104180383586567
2023-11-10,X003816.SZ,0.00786184340202525
2023-11-13,X600702.SH,0.00788989185279989
2023-11-14,X002371.SZ,0.00807120787751346
2023-11-15,X000338.SZ,0.00747845156497898
2023-11-16,X000977.SZ,0.0109841049328698
2023-11-17,X600741.SH,0.00853564149225385
2023-11-20,X000977.SZ,0.0108687385567917
2023-11-21,X000977.SZ,0.00921302866169094
2023-11-22,X600519.SH,0.00968272022131945
2023-11-23,X600519.SH,0.00916115618588378
2023-11-24,X000977.SZ,0.00847043907062197
2023-11-27,X300014.SZ,0.00813525819631517
2023-11-28,X600089.SH,0.00701245362251285
2023-11-29,X000725.SZ,0.00709274395028299
2023-11-30,X002129.SZ,0.00699456661024344
2023-12-01,X600703.SH,0.00771333640769528
2023-12-04,X000725.SZ,0.00943833523619672
2023-12-05,X600372.SH,0.0093125317436379
2023-12-06,X600372.SH,0.00875919030446575
2023-12-07,X600703.SH,0.00911286217124278
2023-12-08,X600372.SH,0.0130221760897302
2023-12-11,X600703.SH,0.00944451654280665
2023-12-12,X600703.SH,0.00841401444043087
2023-12-13,X600519.SH,0.00818031910406742
2023-12-14,X002180.SZ,0.00985901668181913
2023-12-15,X002241.SZ,0.00732591032310096
2023-12-18,X002180.SZ,0.00883323803897431
2023-12-19,X002241.SZ,0.00928042731732426
2023-12-20,X002241.SZ,0.00907697181082484
2023-12-21,X002241.SZ,0.0094685916288283
2023-12-22,X002241.SZ,0.0091048713690264
2023-12-25,X002241.SZ,0.00763760203400773
2023-12-26,X601799.SH,0.00789653511521222
2023-12-27,X600703.SH,0.00741478375931728
2023-12-28,X601799.SH,0.00814388204984375
2023-12-29,X002241.SZ,0.00643045333642536
2024-01-02,X600519.SH,0.0101443673979004
2024-01-03,X600519.SH,0.00959951935886782
2024-01-04,X600519.SH,0.00830551730976824
2024-01-05,X000063.SZ,0.00813456655124846
2024-01-08,X600519.SH,0.00764531102849063
2024-01-09,X002129.SZ,0.00744744104683858
2024-01-10,X002241.SZ,0.0076516986078018
2024-01-11,X000858.SZ,0.00929375002202341
2024-01-12,X601877.SH,0.00796403933497261
2024-01-15,X600690.SH,0.00721336994633298
2024-01-16,X600519.SH,0.00744280433639696
2024-01-17,X003816.SZ,0.00955018065821733
2024-01-18,X002049.SZ,0.00969488322887825
2024-01-19,X002049.SZ,0.0100218028479991
2024-01-22,X000063.SZ,0.0107798340357661
2024-01-23,X002294.SZ,0.00934060990314966
2024-01-24,X000063.SZ,0.00987042592306531
2024-01-25,X002049.SZ,0.00984201152267997
2024-01-26,X600177.SH,0.00992119132587881
2024-01-29,X002294.SZ,0.00926311159705806
2024-01-30,X002294.SZ,0.00945926772703407
2024-01-31,X002129.SZ,0.00867043420891032
2024-02-01,X002049.SZ,0.0104861648356806
2024-02-02,X002129.SZ,0.0102255109374592
2024-02-05,X002129.SZ,0.0109508075283648
2024-02-06,X002223.SZ,0.0102160747939811
2024-02-07,X002223.SZ,0.0153597001883352
2024-02-08,X002294.SZ,0.0100737933090859
2024-02-19,X002241.SZ,0.00889491939853102
2024-02-20,X002223.SZ,0.00846522548734917
2024-02-21,X002241.SZ,0.0094922982884894
2024-02-22,X002223.SZ,0.00886896450669845
2024-02-23,X002223.SZ,0.00817211083058975
2024-02-26,X002223.SZ,0.00793634623177312
2024-02-27,X600522.SH,0.012126918618921
2024-02-28,X002223.SZ,0.0094735132379344
2024-02-29,X600690.SH,0.00884281966332481
2024-03-01,X600183.SH,0.0130425410513255
2024-03-04,X600183.SH,0.0117218289755899
2024-03-05,X002241.SZ,0.0109755181397297
2024-03-06,X002304.SZ,0.0114510304203997
2024-03-07,X600183.SH,0.0112380380748662
2024-03-08,X002049.SZ,0.0115081474548808
2024-03-11,X000625.SZ,0.0106695016307055
2024-03-12,X000625.SZ,0.0110161023605064
2024-03-13,X000625.SZ,0.0117864786891378
2024-03-14,X000625.SZ,0.0113814099468796
2024-03-15,X000625.SZ,0.0113970884495655
2024-03-18,X600741.SH,0.0104223165281877
2024-03-19,X000063.SZ,0.0101384150160911
2024-03-20,X000063.SZ,0.0103351448388252
2024-03-21,X000063.SZ,0.0109815207217835
2024-03-22,X600031.SH,0.00981647699019496
2024-03-25,X002241.SZ,0.0105480300592419
2024-03-26,X002049.SZ,0.0136285354326164
2024-03-27,X600741.SH,0.0105897433567222
2024-03-28,X002007.SZ,0.00978864346409234
2024-03-29,X000921.SZ,0.00938738105671543
2024-04-01,X600741.SH,0.00895143514271731
2024-04-02,X300014.SZ,0.0102841657070323
2024-04-03,X002223.SZ,0.00921533146687461
2024-04-08,X600522.SH,0.010146972618154
2024-04-09,X002049.SZ,0.0114749001248351
2024-04-10,X600522.SH,0.0124198710851586
2024-04-11,X600104.SH,0.00898550638701121
2024-04-12,X600566.SH,0.00920379840473566
2024-04-15,X600566.SH,0.00955249611079166
2024-04-16,X600566.SH,0.00972689508217804
2024-04-17,X002049.SZ,0.00950850271923762
2024-04-18,X002179.SZ,0.00936151148949544
2024-04-19,X600566.SH,0.0101026218616299
2024-04-22,X002223.SZ,0.00965674388576181
2024-04-23,X000977.SZ,0.0100455628478321
2024-04-24,X601877.SH,0.00980042442379064
2024-04-25,X002241.SZ,0.0133570947685363
2024-04-26,X002236.SZ,0.0121045982361787
2024-04-29,X000157.SZ,0.0101244890727556
2024-04-30,X002241.SZ,0.0109991077101717
2024-05-06,X600703.SH,0.0124683338803265
2024-05-07,X600703.SH,0.0107043782011871
2024-05-08,X600703.SH,0.0121634348045118
2024-05-09,X600703.SH,0.0108628851309312
2024-05-10,X600703.SH,0.0104458850857841
2024-05-13,X600487.SH,0.00994351835012651
2024-05-14,X600487.SH,0.0101953122629745
2024-05-15,X002129.SZ,0.00995096357720791
2024-05-16,X002129.SZ,0.0101066025119097
2024-05-17,X002129.SZ,0.00936677089344894
2024-05-20,X600703.SH,0.0135318475441481
2024-05-21,X600703.SH,0.012964599245117
2024-05-22,X600703.SH,0.0132825058295257
2024-05-23,X600703.SH,0.0136862368651965
2024-05-24,X600522.SH,0.0129999509090947
2024-05-27,X002463.SZ,0.00887476662126739
2024-05-28,X300014.SZ,0.00809721968770603
2024-05-29,X600703.SH,0.00935344384346491
2024-05-30,X002156.SZ,0.0112400123991707
2024-05-31,X002179.SZ,0.0256858245919545
2024-06-03,X300014.SZ,0.0112830150029561
2024-06-04,X300014.SZ,0.00959678930078751
2024-06-05,X300014.SZ,0.0092372676206545
2024-06-06,X600703.SH,0.00978128976343463
2024-06-07,X600703.SH,0.00895771299768785
2024-06-11,X600703.SH,0.0094115853351639
2024-06-12,X600703.SH,0.00971092879831399
2024-06-13,X002074.SZ,0.00882236450481141
2024-06-14,X002179.SZ,0.0220698361172852
2024-06-17,X002179.SZ,0.0180020941651537
2024-06-18,X002179.SZ,0.0174810840160308
2024-06-19,X600372.SH,0.0109568270623971
2024-06-20,X300014.SZ,0.0102564603887897
2024-06-21,X300014.SZ,0.00951680095580105
2024-06-24,X000800.SZ,0.010826281008926
2024-06-25,X002074.SZ,0.0088518000523235
2024-06-26,X300014.SZ,0.00927750759067175
2024-06-27,X000063.SZ,0.00755788943611646
2024-06-28,X002180.SZ,0.00730128022128058
2024-07-01,X002179.SZ,0.009661066726143
2024-07-02,X002236.SZ,0.0109168735860945
2024-07-03,X002241.SZ,0.00868137104701857
2024-07-04,X000063.SZ,0.00991360351307737
2024-07-05,X000800.SZ,0.00994873257485452
2024-07-08,X600183.SH,0.0113760938434519
2024-07-09,X000063.SZ,0.008968921202329
2024-07-10,X000063.SZ,0.00838173757860792
2024-07-11,X000063.SZ,0.0101468893153422
2024-07-12,X002236.SZ,0.00827964331877329
2024-07-15,X002236.SZ,0.0109713229755332
2024-07-16,X600372.SH,0.00942615594999484
2024-07-17,X002236.SZ,0.00818127561918132
2024-07-18,X002049.SZ,0.00845465116663781
2024-07-19,X002241.SZ,0.00851809883953669
2024-07-22,X601877.SH,0.010016520357381
2024-07-23,X002241.SZ,0.00888452448547896
2024-07-24,X002241.SZ,0.0094260439506736
2024-07-25,X601877.SH,0.0137373858874581
2024-07-26,X601877.SH,0.0133390617616489
2024-07-29,X002463.SZ,0.00917129362675764
2024-07-30,X000338.SZ,0.0104773124018143
2024-07-31,X000338.SZ,0.0110911298495246
2024-08-01,X002074.SZ,0.0106687475778427
2024-08-02,X000725.SZ,0.0106147047373114
2024-08-05,X000725.SZ,0.0105903386263749
2024-08-06,X002241.SZ,0.0117895148290811
2024-08-07,X002236.SZ,0.010773717869539
2024-08-08,X000725.SZ,0.0134052149338129
2024-08-09,X002236.SZ,0.00931180015635028
2024-08-12,X002241.SZ,0.0124788514006414
2024-08-13,X002236.SZ,0.00887477025922764
2024-08-14,X002236.SZ,0.00803855821174667
2024-08-15,X600177.SH,0.0103906282749303
2024-08-16,X002236.SZ,0.00933497740027355
2024-08-19,X002463.SZ,0.00938175775646636
2024-08-20,X002236.SZ,0.00876841330038658
2024-08-21,X002236.SZ,0.00824412880013298
2024-08-22,X002236.SZ,0.00878029312928229
2024-08-23,X002463.SZ,0.0091359667825371
2024-08-26,X600177.SH,0.011594548714407
2024-08-27,X002236.SZ,0.0104918285798407
2024-08-28,X002236.SZ,0.00967690358090609
2024-08-29,X002236.SZ,0.00975254239304557
2024-08-30,X002236.SZ,0.0108804016096435
2024-09-02,X601877.SH,0.0100543043742153
2024-09-03,X002236.SZ,0.0090226266294087
2024-09-04,X002236.SZ,0.00858754920051617
2024-09-05,X000977.SZ,0.00814924139733281
2024-09-06,X002236.SZ,0.0110276698686905
2024-09-09,X002236.SZ,0.0102303293282308
2024-09-10,X600519.SH,0.0102771568539803
2024-09-11,X002236.SZ,0.0106625589843936
2024-09-12,X002241.SZ,0.0101848391287724
2024-09-13,X002241.SZ,0.0108403142465583
2024-09-18,X002241.SZ,0.0107903400713644
2024-09-19,X002241.SZ,0.010975899709585
2024-09-20,X002241.SZ,0.0113132892352478
2024-09-23,X002241.SZ,0.00909673380645614
2024-09-24,X000063.SZ,0.00947002780712877
2024-09-25,X000063.SZ,0.00949580756155176
2024-09-26,X000063.SZ,0.0102163392415786
2024-09-27,X000661.SZ,0.0103160231469714
2024-09-30,X000921.SZ,0.010117989570474
2024-10-08,X000063.SZ,0.00971802443436003
2024-10-09,X000661.SZ,0.0112632344169938
2024-10-10,X002236.SZ,0.0089845040188202
2024-10-11,X000858.SZ,0.0134811970463618
2024-10-14,X002129.SZ,0.00926120519710203
2024-10-15,X600460.SH,0.0109758756557536
2024-10-16,X000858.SZ,0.0132670070714102
2024-10-17,X600460.SH,0.0110696102784875
2024-10-18,X000858.SZ,0.0125719825446734
2024-10-21,X600183.SH,0.0118759606451911
2024-10-22,X002236.SZ,0.0121947054598162
2024-10-23,X002236.SZ,0.0124786843817626
2024-10-24,X000858.SZ,0.0131008119865082
2024-10-25,X000651.SZ,0.0157050584617889
2024-10-28,X000651.SZ,0.0164946938503266
2024-10-29,X600703.SH,0.0144830551642756
2024-10-30,X002236.SZ,0.0112639008765978
2024-10-31,X002085.SZ,0.0139747677752396
2024-11-01,X600183.SH,0.0107074793205132
2024-11-04,X600487.SH,0.0111615425943843
2024-11-05,X000157.SZ,0.0127800418567683
2024-11-06,X000100.SZ,0.0165948876792789
2024-11-07,X000100.SZ,0.0142647643662152
2024-11-08,X002236.SZ,0.0180865739942807
2024-11-11,X000063.SZ,0.0163284098919081
2024-11-12,X002241.SZ,0.0132764597977857
2024-11-13,X000338.SZ,0.0160459457769572
2024-11-14,X600703.SH,0.0170722543468235
2024-11-15,X600703.SH,0.0203905073925726
2024-11-18,X600703.SH,0.0174920526166089
2024-11-19,X600703.SH,0.0175868513074398
2024-11-20,X600703.SH,0.0174904866404125
2024-11-21,X000100.SZ,0.0123366182029046
2024-11-22,X002304.SZ,0.0129898395211075
2024-11-25,X600703.SH,0.016319981981239
2024-11-26,X000625.SZ,0.0176194696539833
2024-11-27,X000625.SZ,0.0172515306407
2024-11-28,X000625.SZ,0.0139751478544038
2024-11-29,X600703.SH,0.0155325178844707
2024-12-02,X002179.SZ,0.0192508388843326
2024-12-03,X002304.SZ,0.0170941068059129
2024-12-04,X000625.SZ,0.0170322911680403
2024-12-05,X002049.SZ,0.0165775144065692
2024-12-06,X002049.SZ,0.0160330652028882
2024-12-09,X002049.SZ,0.0154623239351116
2024-12-10,X000625.SZ,0.0194440505003412
2024-12-11,X000625.SZ,0.0196587842228428
2024-12-12,X000625.SZ,0.0214419037571497
2024-12-13,X000625.SZ,0.0155618635506894
2024-12-16,X000338.SZ,0.0198318113938746
2024-12-17,X600031.SH,0.014966396207312
2024-12-18,X300014.SZ,0.0146366522704561
2024-12-19,X002049.SZ,0.0169776959036938
2024-12-20,X300014.SZ,0.0167066321698237
2024-12-23,X000338.SZ,0.0172809608505731
2024-12-24,X002415.SZ,0.0167427317625433
2024-12-25,X002415.SZ,0.0201558589028985
2024-12-26,X600703.SH,0.019400691241765
2024-12-27,X600460.SH,0.0232046303160691
2024-12-30,X002415.SZ,0.020189249582806
2024-12-31,X600703.SH,0.0194423976666023
2025-01-02,X600703.SH,0.0162005168222322
2025-01-03,X600703.SH,0.0161094793771311
2025-01-06,X000157.SZ,0.0201353636972926
2025-01-07,X000661.SZ,0.0159011705947157
2025-01-08,X002415.SZ,0.0157743190412968
2025-01-09,X002415.SZ,0.0165089166984474
2025-01-10,X600703.SH,0.0174443085196036
2025-01-13,X600703.SH,0.0162019356396331
2025-01-14,X000800.SZ,0.0159423237053675
2025-01-15,X002415.SZ,0.0140715620118536
2025-01-16,X000625.SZ,0.0171208948679365
2025-01-17,X000625.SZ,0.0170384963033124
2025-01-20,X000625.SZ,0.0165677069313511
2025-01-21,X000625.SZ,0.0157350196278724
2025-01-22,X002415.SZ,0.015128914045743
2025-01-23,X000625.SZ,0.0151241301945074
2025-01-24,X000625.SZ,0.0143977421515313
2025-01-27,X000157.SZ,0.0141080744914869
