date,name,lambda
2014-10-15,X600435.SH,0.00294977319966702
2014-10-16,X600435.SH,0.0030653209190477
2014-10-17,X600276.SH,0.00321454988323887
2014-10-20,X600839.SH,0.00306171908250749
2014-10-21,X002236.SZ,0.0024244073946863
2014-10-22,X002236.SZ,0.00288239848682034
2014-10-23,X002236.SZ,0.00391832770082824
2014-10-24,X002236.SZ,0.00322667438369846
2014-10-27,X600690.SH,0.003149873311034
2014-10-28,X600435.SH,0.00361893497122315
2014-10-29,X600435.SH,0.00349415249207016
2014-10-30,X600276.SH,0.00331600813670417
2014-10-31,X000651.SZ,0.00331243839313936
2014-11-03,X002304.SZ,0.00340983268337847
2014-11-04,X000559.SZ,0.003786640232184
2014-11-05,X000559.SZ,0.00355943326578691
2014-11-06,X002475.SZ,0.00316831147614525
2014-11-07,X002038.SZ,0.00366882811029418
2014-11-10,X600276.SH,0.00318746065643263
2014-11-11,X600276.SH,0.00330560765010632
2014-11-12,X600276.SH,0.00266208638016831
2014-11-13,X002304.SZ,0.00342548787495318
2014-11-14,X300124.SZ,0.00296321163176278
2014-11-17,X002304.SZ,0.00352284737128974
2014-11-18,X600276.SH,0.0029849155235509
2014-11-19,X600276.SH,0.00329221690089403
2014-11-20,X600276.SH,0.00319597840361645
2014-11-21,X600276.SH,0.0032727867590057
2014-11-24,X002304.SZ,0.00328777995138093
2014-11-25,X002465.SZ,0.00349000522229733
2014-11-26,X002465.SZ,0.00337367391565652
2014-11-27,X002008.SZ,0.00349277609164706
2014-11-28,X002038.SZ,0.00357488616229562
2014-12-01,X000725.SZ,0.00358348376585485
2014-12-02,X600276.SH,0.00350344232990705
2014-12-03,X600435.SH,0.00327994656137142
2014-12-04,X002038.SZ,0.00370706703723916
2014-12-05,X600118.SH,0.00340798719792845
2014-12-08,X002038.SZ,0.00390320564329116
2014-12-09,X002038.SZ,0.0030395187666029
2014-12-10,X600089.SH,0.00281310854269456
2014-12-11,X002038.SZ,0.00352418336171098
2014-12-12,X600066.SH,0.00282356932360409
2014-12-15,X002038.SZ,0.00379625437305327
2014-12-16,X002304.SZ,0.00343831983873215
2014-12-17,X002304.SZ,0.00357065651460789
2014-12-18,X600089.SH,0.00339872215478439
2014-12-19,X002038.SZ,0.00326125044206839
2014-12-22,X000869.SZ,0.00356358229010148
2014-12-23,X000050.SZ,0.00366122464831644
2014-12-24,X000869.SZ,0.00348591979269089
2014-12-25,X600809.SH,0.00411928899346454
2014-12-26,X000869.SZ,0.00350338095286023
2014-12-29,X600089.SH,0.00320136176574501
2014-12-30,X000050.SZ,0.00385787695659635
2014-12-31,X002304.SZ,0.00355000463510805
2015-01-05,X600276.SH,0.00416159299750681
2015-01-06,X600089.SH,0.00430812361009309
2015-01-07,X002304.SZ,0.00430038676546935
2015-01-08,X600276.SH,0.00442657161771184
2015-01-09,X000623.SZ,0.00403548018547267
2015-01-12,X600177.SH,0.00412686931481507
2015-01-13,X000977.SZ,0.0040657632788362
2015-01-14,X000869.SZ,0.00407482352123004
2015-01-15,X000623.SZ,0.00336704992147144
2015-01-16,X000623.SZ,0.00333095186649998
2015-01-19,X000623.SZ,0.00280462130008865
2015-01-20,X000623.SZ,0.00443484869398859
2015-01-21,X600312.SH,0.00433550755794676
2015-01-22,X000050.SZ,0.00401043455387834
2015-01-23,X000623.SZ,0.00402076138557812
2015-01-26,X002415.SZ,0.00449162574354537
2015-01-27,X600031.SH,0.00489163747485044
2015-01-28,X600839.SH,0.00432189442020861
2015-01-29,X002241.SZ,0.00515203065366699
2015-01-30,X002241.SZ,0.00452445273832634
2015-02-02,X002465.SZ,0.00442237719079239
2015-02-03,X600031.SH,0.00441376766769308
2015-02-04,X600312.SH,0.00363568593178747
2015-02-05,X002465.SZ,0.00493435670810081
2015-02-06,X600031.SH,0.00447334008231363
2015-02-09,X000977.SZ,0.00464319946299969
2015-02-10,X000625.SZ,0.00492821564794816
2015-02-11,X000625.SZ,0.00531375148750848
2015-02-12,X002294.SZ,0.00413657163079508
2015-02-13,X002294.SZ,0.0036253423795564
2015-02-16,X600276.SH,0.00500091944210741
2015-02-17,X000977.SZ,0.00319792635074527
2015-02-25,X000050.SZ,0.00344599699410581
2015-02-26,X000050.SZ,0.00473545059327334
2015-02-27,X002294.SZ,0.00488790676231205
2015-03-02,X000977.SZ,0.00501065547639724
2015-03-03,X600582.SH,0.00440659941404438
2015-03-04,X600582.SH,0.00445145656546893
2015-03-05,X600582.SH,0.00449652640090967
2015-03-06,X000977.SZ,0.00336684716502908
2015-03-09,X000625.SZ,0.00452333391277013
2015-03-10,X000625.SZ,0.00492397942921225
2015-03-11,X600582.SH,0.00441667615076371
2015-03-12,X600582.SH,0.00391743372819453
2015-03-13,X600276.SH,0.00396370410932325
2015-03-16,X000800.SZ,0.00382360605223564
2015-03-17,X000977.SZ,0.00415747732380535
2015-03-18,X300003.SZ,0.00366872933223763
2015-03-19,X000625.SZ,0.00411420385779184
2015-03-20,X002292.SZ,0.00454532363872359
2015-03-23,X000625.SZ,0.00458616324250714
2015-03-24,X000338.SZ,0.00473496576682139
2015-03-25,X000625.SZ,0.00477449020363763
2015-03-26,X000625.SZ,0.00465695504258475
2015-03-27,X000625.SZ,0.00443101687855064
2015-03-30,X000050.SZ,0.00448015470010067
2015-03-31,X000800.SZ,0.0046832540290193
2015-04-01,X002007.SZ,0.00363231541968489
2015-04-02,X000800.SZ,0.00424165188026326
2015-04-03,X002294.SZ,0.00390527893897576
2015-04-07,X002294.SZ,0.00468770499167977
2015-04-08,X600276.SH,0.00477097277330384
2015-04-09,X600276.SH,0.00394128859123988
2015-04-10,X600276.SH,0.00444638089352597
2015-04-13,X600276.SH,0.00522343432377513
2015-04-14,X600276.SH,0.00439423361124795
2015-04-15,X002236.SZ,0.0044786501468651
2015-04-16,X002294.SZ,0.00376493078186225
2015-04-17,X600276.SH,0.00466144984735406
2015-04-20,X600276.SH,0.00475182017109952
2015-04-21,X600276.SH,0.00476718190215927
2015-04-22,X600276.SH,0.00468977459234801
2015-04-23,X600276.SH,0.00486814760669732
2015-04-24,X600276.SH,0.00421485400894765
2015-04-27,X600276.SH,0.00446412728589206
2015-04-28,X002456.SZ,0.00527814159602061
2015-04-29,X002456.SZ,0.00549319911708937
2015-04-30,X000050.SZ,0.00566525075926558
2015-05-04,X002456.SZ,0.0055771594237094
2015-05-05,X000625.SZ,0.00419847071860548
2015-05-06,X000625.SZ,0.00469138825772757
2015-05-07,X000625.SZ,0.00525633826702898
2015-05-08,X000625.SZ,0.00431088738092153
2015-05-11,X000625.SZ,0.0047946303939905
2015-05-12,X000625.SZ,0.00476775245715738
2015-05-13,X000625.SZ,0.00498015038271902
2015-05-14,X002456.SZ,0.00529697164701137
2015-05-15,X000625.SZ,0.00429253466742069
2015-05-18,X000625.SZ,0.00475609731412579
2015-05-19,X000625.SZ,0.0051889027101061
2015-05-20,X000625.SZ,0.00510556847814066
2015-05-21,X000625.SZ,0.00601856508585796
2015-05-22,X002475.SZ,0.00542578190164664
2015-05-25,X002475.SZ,0.00554148463366039
2015-05-26,X000100.SZ,0.00598686239283373
2015-05-27,X600741.SH,0.00679033528908652
2015-05-28,X002475.SZ,0.00543321060922561
2015-05-29,X600582.SH,0.00547833639589441
2015-06-01,X600104.SH,0.00601580848526242
2015-06-02,X600582.SH,0.00606796903858662
2015-06-03,X600198.SH,0.00607167024936347
2015-06-04,X600198.SH,0.00598424900794466
2015-06-05,X600198.SH,0.00677239471896644
2015-06-08,X600198.SH,0.00708677205308637
2015-06-09,X600741.SH,0.00733839702649594
2015-06-10,X300124.SZ,0.00745626465592798
2015-06-11,X600198.SH,0.00690825626322215
2015-06-12,X002475.SZ,0.00689626353558615
2015-06-15,X600582.SH,0.00742258876396056
2015-06-16,X600703.SH,0.00685517710855737
2015-06-17,X002276.SZ,0.00718776900864179
2015-06-18,X002292.SZ,0.00700899540825832
2015-06-19,X600198.SH,0.00563514866356833
2015-06-23,X002292.SZ,0.006777287208463
2015-06-24,X600703.SH,0.00681210202194124
2015-06-25,X600166.SH,0.0066533106826534
2015-06-26,X600166.SH,0.00786556020260864
2015-06-29,X600198.SH,0.00835924583045537
2015-06-30,X600839.SH,0.00769729764598857
2015-07-01,X600703.SH,0.00566727602959096
2015-07-02,X600703.SH,0.00571777841712117
2015-07-03,X002008.SZ,0.00618743642507116
2015-07-06,X601877.SH,0.00715384738400334
2015-07-07,X000016.SZ,0.00833613288107511
2015-07-08,X002276.SZ,0.00821590061977563
2015-07-09,X002292.SZ,0.00662368794500803
2015-07-10,X002292.SZ,0.00775851752827632
2015-07-13,X002223.SZ,0.0094912746564396
2015-07-14,X002223.SZ,0.00863563526857928
2015-07-15,X600582.SH,0.0089102910299397
2015-07-16,X002276.SZ,0.00816238629928868
2015-07-17,X002456.SZ,0.00802242176976385
2015-07-20,X002456.SZ,0.00705479501568506
2015-07-21,X000063.SZ,0.00767268093269035
2015-07-22,X600703.SH,0.00710910435226437
2015-07-23,X002475.SZ,0.0095245104567848
2015-07-24,X002129.SZ,0.00839341735677476
2015-07-27,X000066.SZ,0.00812416977171666
2015-07-28,X601877.SH,0.00611856279479793
2015-07-29,X601877.SH,0.00602040364458845
2015-07-30,X601877.SH,0.00897726675286399
2015-07-31,X000066.SZ,0.00844257286466981
2015-08-03,X000066.SZ,0.00749566500539398
2015-08-04,X000066.SZ,0.00773483297348189
2015-08-05,X000066.SZ,0.00799801953771968
2015-08-06,X002129.SZ,0.00833015880618108
2015-08-07,X300124.SZ,0.00763750315053217
2015-08-10,X000858.SZ,0.00985307933443538
2015-08-11,X000568.SZ,0.00947602517576729
2015-08-12,X002292.SZ,0.00802250505258999
2015-08-13,X002506.SZ,0.00643550342985917
2015-08-14,X002415.SZ,0.00756995737383466
2015-08-17,X002304.SZ,0.00807742041367027
2015-08-18,X300124.SZ,0.00786419933188661
2015-08-19,X600867.SH,0.00743895420992275
2015-08-20,X002506.SZ,0.00669454262344836
2015-08-21,X002506.SZ,0.00803359757297201
2015-08-24,X002475.SZ,0.00741445503983371
2015-08-25,X002506.SZ,0.00791376039390218
2015-08-26,X002506.SZ,0.00574953049839143
2015-08-27,X600312.SH,0.00636847745908104
2015-08-28,X002506.SZ,0.0077147675910023
2015-08-31,X002292.SZ,0.00661404087158173
2015-09-01,X002241.SZ,0.00782015013992916
2015-09-02,X600525.SH,0.00779875265132273
2015-09-07,X002241.SZ,0.00752735827711459
2015-09-08,X002241.SZ,0.00722373918544453
2015-09-09,X002241.SZ,0.00748475940008074
2015-09-10,X002415.SZ,0.00812144055157062
2015-09-11,X002129.SZ,0.00591692111699646
2015-09-14,X002415.SZ,0.00780779959939122
2015-09-15,X002292.SZ,0.00856774846603933
2015-09-16,X000016.SZ,0.00540915508864461
2015-09-17,X002292.SZ,0.00772235148480145
2015-09-18,X002292.SZ,0.00725456823125178
2015-09-21,X002292.SZ,0.00683357402697637
2015-09-22,X002292.SZ,0.00663991623751053
2015-09-23,X002292.SZ,0.00814333180496275
2015-09-24,X002292.SZ,0.00767954348645632
2015-09-25,X002292.SZ,0.00927751598909725
2015-09-28,X002292.SZ,0.00686773322906789
2015-09-29,X000063.SZ,0.00863844067642028
2015-09-30,X002292.SZ,0.0093647730237783
2015-10-08,X002292.SZ,0.00914569674533181
2015-10-09,X600519.SH,0.00798557243132627
2015-10-12,X600519.SH,0.00920532934332929
2015-10-13,X600519.SH,0.00838201568970485
2015-10-14,X600519.SH,0.00749652641595309
2015-10-15,X002129.SZ,0.00850305882639891
2015-10-16,X000869.SZ,0.00797376332675259
2015-10-19,X600271.SH,0.00787570839939688
2015-10-20,X600519.SH,0.00881380924135189
2015-10-21,X002292.SZ,0.00851557817847503
2015-10-22,X002241.SZ,0.00934973757941209
2015-10-23,X600582.SH,0.00688779068791085
2015-10-26,X002292.SZ,0.00774479116855782
2015-10-27,X600839.SH,0.0069776660429555
2015-10-28,X600839.SH,0.00555932878346863
2015-10-29,X600839.SH,0.00580332919411672
2015-10-30,X300003.SZ,0.00799678985632603
2015-11-02,X000858.SZ,0.00598565487950756
2015-11-03,X000858.SZ,0.00813749547131522
2015-11-04,X000858.SZ,0.00536809381856527
2015-11-05,X000858.SZ,0.00489656272867094
2015-11-06,X002180.SZ,0.00619759105658427
2015-11-09,X002180.SZ,0.00566595904625032
2015-11-10,X600839.SH,0.00662040778735321
2015-11-11,X002180.SZ,0.00594740333617381
2015-11-12,X002085.SZ,0.00613542751121948
2015-11-13,X600839.SH,0.00619096434606678
2015-11-16,X600839.SH,0.006174958630841
2015-11-17,X002180.SZ,0.00579882157108313
2015-11-18,X300003.SZ,0.00607014432453459
2015-11-19,X000559.SZ,0.00723890146198866
2015-11-20,X600839.SH,0.00623859423043821
2015-11-23,X600839.SH,0.00608213798613983
2015-11-24,X002426.SZ,0.00595071253460121
2015-11-25,X600839.SH,0.00546972048243231
2015-11-26,X600839.SH,0.00578761986878416
2015-11-27,X600839.SH,0.00576800275628233
2015-11-30,X600066.SH,0.00601089935692315
2015-12-01,X600276.SH,0.00641763415647192
2015-12-02,X300003.SZ,0.00423010138259314
2015-12-03,X600276.SH,0.00430055552719894
2015-12-04,X600276.SH,0.00446541545804276
2015-12-07,X600276.SH,0.00507644573471015
2015-12-08,X601877.SH,0.00537918804191653
2015-12-09,X600252.SH,0.00483111070770302
2015-12-10,X600252.SH,0.0043828175883443
2015-12-11,X600104.SH,0.00588727114205836
2015-12-14,X600582.SH,0.00554180603679505
2015-12-15,X300003.SZ,0.0051722990646987
2015-12-16,X000858.SZ,0.00362975424086122
2015-12-17,X000858.SZ,0.00327914487597762
2015-12-18,X000858.SZ,0.00372712322115882
2015-12-21,X002241.SZ,0.00334116475358217
2015-12-22,X000858.SZ,0.00374032680141401
2015-12-23,X002475.SZ,0.00415158835500032
2015-12-24,X002475.SZ,0.00453662642144126
2015-12-25,X000858.SZ,0.00391860884185083
2015-12-28,X000858.SZ,0.00368874640472708
2015-12-29,X000858.SZ,0.00498782073209492
2015-12-30,X002241.SZ,0.00401616969445998
2015-12-31,X002506.SZ,0.00418592451105698
2016-01-04,X600276.SH,0.0041353128152813
2016-01-05,X601877.SH,0.00391839991681304
2016-01-06,X601877.SH,0.00412944923944838
2016-01-07,X601877.SH,0.00465527342594645
2016-01-08,X000858.SZ,0.00511573199579214
2016-01-11,X000858.SZ,0.00568565240346804
2016-01-12,X300003.SZ,0.00465279875927184
2016-01-13,X600690.SH,0.0043252281876165
2016-01-14,X002074.SZ,0.00444584453864495
2016-01-15,X002292.SZ,0.00531587321794625
2016-01-18,X002426.SZ,0.00610445473165906
2016-01-19,X002465.SZ,0.00497214366637306
2016-01-20,X002426.SZ,0.00467516434406399
2016-01-21,X002465.SZ,0.00505506187052277
2016-01-22,X002465.SZ,0.00453764765483484
2016-01-25,X002465.SZ,0.00339382584637143
2016-01-26,X002465.SZ,0.00453785368161907
2016-01-27,X002465.SZ,0.00259793503910802
2016-01-28,X002465.SZ,0.00363115871097976
2016-01-29,X300124.SZ,0.00543236993878558
2016-02-01,X002512.SZ,0.00475197234112644
2016-02-02,X000050.SZ,0.00400077882186539
2016-02-03,X000550.SZ,0.00480658037382231
2016-02-04,X002465.SZ,0.00515374373176231
2016-02-05,X300003.SZ,0.00416996072962747
2016-02-15,X601877.SH,0.00450744901526606
2016-02-16,X000858.SZ,0.00515820419169155
2016-02-17,X600690.SH,0.00485580227364021
2016-02-18,X000858.SZ,0.00529533992129352
2016-02-19,X000050.SZ,0.00467358598930988
2016-02-22,X002049.SZ,0.00453467158572134
2016-02-23,X002415.SZ,0.00517409332553855
2016-02-24,X002465.SZ,0.00477339085809851
2016-02-25,X000050.SZ,0.00450033385371233
2016-02-26,X002465.SZ,0.004055991715026
2016-02-29,X002074.SZ,0.00409377706943101
2016-03-01,X002074.SZ,0.0039479135002689
2016-03-02,X002074.SZ,0.0038515166678351
2016-03-03,X002465.SZ,0.00363525943612213
2016-03-04,X002465.SZ,0.00453598808694304
2016-03-07,X600690.SH,0.00363539342255458
2016-03-08,X002292.SZ,0.0048714075922721
2016-03-09,X600690.SH,0.00356015872711798
2016-03-10,X600690.SH,0.00292802623164527
2016-03-11,X600690.SH,0.00410895958041274
2016-03-14,X600519.SH,0.00474919616699356
2016-03-15,X002049.SZ,0.00302226380956579
2016-03-16,X002049.SZ,0.0027924270076857
2016-03-17,X600690.SH,0.00387911757911109
2016-03-18,X600690.SH,0.00337955816881272
2016-03-21,X600690.SH,0.00301060965223599
2016-03-22,X600690.SH,0.00401535147961771
2016-03-23,X600690.SH,0.00369664333284969
2016-03-24,X002049.SZ,0.0030408152227221
2016-03-25,X002049.SZ,0.00339141864295752
2016-03-28,X600690.SH,0.00407794663118178
2016-03-29,X002049.SZ,0.0042254264243774
2016-03-30,X002049.SZ,0.00438440568609486
2016-03-31,X002049.SZ,0.00360842987216483
2016-04-01,X002049.SZ,0.00362351989189392
2016-04-05,X002049.SZ,0.00449170984995593
2016-04-06,X002049.SZ,0.00446748947746636
2016-04-07,X600690.SH,0.00418547777433261
2016-04-08,X600690.SH,0.00392231462877038
2016-04-11,X002049.SZ,0.00325738825487662
2016-04-12,X002049.SZ,0.00322650842012932
2016-04-13,X600519.SH,0.00332095293740717
2016-04-14,X600519.SH,0.00403173728143051
2016-04-15,X002426.SZ,0.00278637831601041
2016-04-18,X002512.SZ,0.00305733883894451
2016-04-19,X002049.SZ,0.00327986542070918
2016-04-20,X002049.SZ,0.00358089798605438
2016-04-21,X002049.SZ,0.00315646554467536
2016-04-22,X600690.SH,0.0032836575302567
2016-04-25,X000981.SZ,0.0029306525616432
2016-04-26,X002049.SZ,0.00352745969573438
2016-04-27,X002049.SZ,0.00261526974969354
2016-04-28,X002049.SZ,0.00283363883391069
2016-04-29,X000981.SZ,0.00349475201101705
2016-05-03,X002049.SZ,0.00373871480489906
2016-05-04,X000981.SZ,0.00338963526101283
2016-05-05,X002241.SZ,0.00305700493858576
2016-05-06,X002241.SZ,0.00298072399967167
2016-05-09,X002085.SZ,0.00324447183372257
2016-05-10,X002241.SZ,0.00299867966451741
2016-05-11,X600519.SH,0.00289239501753227
2016-05-12,X600519.SH,0.00313809652971331
2016-05-13,X002236.SZ,0.00307076869737941
2016-05-16,X002426.SZ,0.00355393057735614
2016-05-17,X000981.SZ,0.00312134763795915
2016-05-18,X002180.SZ,0.00350728729318823
2016-05-19,X002074.SZ,0.00349307541913112
2016-05-20,X000981.SZ,0.00363231086246531
2016-05-23,X600519.SH,0.00316553476159106
2016-05-24,X600519.SH,0.00328262971579764
2016-05-25,X000568.SZ,0.00263759351180944
2016-05-26,X600519.SH,0.00310503848076273
2016-05-27,X002426.SZ,0.00352421536858788
2016-05-30,X002426.SZ,0.00290279352364852
2016-05-31,X600519.SH,0.00297136190863244
2016-06-01,X000568.SZ,0.00263920579431147
2016-06-02,X000568.SZ,0.003106447893157
2016-06-03,X000568.SZ,0.0030013093284614
2016-06-06,X002085.SZ,0.00284160844623544
2016-06-07,X002085.SZ,0.00261439318159429
2016-06-08,X600177.SH,0.00280374729768417
2016-06-13,X002085.SZ,0.00226302877803718
2016-06-14,X002085.SZ,0.00238205901682994
2016-06-15,X000568.SZ,0.00287560397697657
2016-06-16,X000625.SZ,0.0026276799482076
2016-06-17,X000625.SZ,0.00262328763820098
2016-06-20,X000625.SZ,0.00266017896109736
2016-06-21,X000625.SZ,0.00258563476179186
2016-06-22,X000625.SZ,0.00239051996242043
2016-06-23,X000625.SZ,0.0025841745265757
2016-06-24,X000625.SZ,0.00253610432405029
2016-06-27,X000625.SZ,0.00279941022280892
2016-06-28,X002426.SZ,0.00302213263194256
2016-06-29,X000625.SZ,0.00340063231021343
2016-06-30,X600372.SH,0.0031952481240679
2016-07-01,X600276.SH,0.00312244303077265
2016-07-04,X002085.SZ,0.00270500898084986
2016-07-05,X600519.SH,0.00260124051168318
2016-07-06,X000568.SZ,0.00276539781861209
2016-07-07,X002180.SZ,0.0022982042433492
2016-07-08,X002180.SZ,0.00249413773414682
2016-07-11,X600519.SH,0.0029729456944821
2016-07-12,X002180.SZ,0.00316701357253228
2016-07-13,X002180.SZ,0.00285565479198881
2016-07-14,X002085.SZ,0.00254322521243734
2016-07-15,X000981.SZ,0.0032316908906427
2016-07-18,X600066.SH,0.00327163825838073
2016-07-19,X002180.SZ,0.00323283068401376
2016-07-20,X002180.SZ,0.00241824653319821
2016-07-21,X002180.SZ,0.00300317988241299
2016-07-22,X002426.SZ,0.00305092323067656
2016-07-25,X600066.SH,0.00345853434528098
2016-07-26,X002085.SZ,0.00336288317608481
2016-07-27,X002456.SZ,0.00319982746525304
2016-07-28,X002180.SZ,0.00340776541454871
2016-07-29,X600066.SH,0.00287659056652711
2016-08-01,X600066.SH,0.00238182735819581
2016-08-02,X600066.SH,0.00257322502516503
2016-08-03,X002456.SZ,0.0033673773021259
2016-08-04,X002180.SZ,0.00270599786471456
2016-08-05,X002180.SZ,0.00331858143270702
2016-08-08,X002415.SZ,0.00319098071726857
2016-08-09,X600066.SH,0.00297157706755526
2016-08-10,X600066.SH,0.00311000928091492
2016-08-11,X600066.SH,0.00247282763773836
2016-08-12,X000981.SZ,0.00290557036723501
2016-08-15,X600066.SH,0.00270538682512493
2016-08-16,X600066.SH,0.00241817734274932
2016-08-17,X002074.SZ,0.00233976447867485
2016-08-18,X000981.SZ,0.00257863400798179
2016-08-19,X000981.SZ,0.0022663460062606
2016-08-22,X000981.SZ,0.00299171497567178
2016-08-23,X002074.SZ,0.0024946602096046
2016-08-24,X002249.SZ,0.00309341263858273
2016-08-25,X002074.SZ,0.00225281501030743
2016-08-26,X002456.SZ,0.00240728650430836
2016-08-29,X600703.SH,0.00295084713693994
2016-08-30,X600276.SH,0.00240000209999203
2016-08-31,X600703.SH,0.00254752269572985
2016-09-01,X600703.SH,0.00287508892728774
2016-09-02,X600498.SH,0.00303060333428839
2016-09-05,X002085.SZ,0.00279031941068748
2016-09-06,X600487.SH,0.00257031527662557
2016-09-07,X002085.SZ,0.00254455018336885
2016-09-08,X002074.SZ,0.00274172122657147
2016-09-09,X002074.SZ,0.00217674842080986
2016-09-12,X000725.SZ,0.00226458338964455
2016-09-13,X000338.SZ,0.00218754839017219
2016-09-14,X002074.SZ,0.00284078057281295
2016-09-19,X002074.SZ,0.00248787721564053
2016-09-20,X002415.SZ,0.00247606355034133
2016-09-21,X002074.SZ,0.00245557702421666
2016-09-22,X600867.SH,0.0030020153364715
2016-09-23,X600276.SH,0.00274420413620771
2016-09-26,X002415.SZ,0.00236458859892378
2016-09-27,X002415.SZ,0.00255024754041649
2016-09-28,X600703.SH,0.00250569115934181
2016-09-29,X002415.SZ,0.00233785348012974
2016-09-30,X600522.SH,0.00255900794494061
2016-10-10,X000977.SZ,0.00293633414484915
2016-10-11,X600487.SH,0.00280912328630218
2016-10-12,X600487.SH,0.00244874615357245
2016-10-13,X002074.SZ,0.00292602788312888
2016-10-14,X600703.SH,0.00255970636660829
2016-10-17,X002475.SZ,0.00222106342953199
2016-10-18,X600487.SH,0.00268799350115235
2016-10-19,X002465.SZ,0.00250421821063504
2016-10-20,X002074.SZ,0.0026315493112655
2016-10-21,X002475.SZ,0.00253001183279581
2016-10-24,X002236.SZ,0.00263614298807315
2016-10-25,X000338.SZ,0.0025421190843282
2016-10-26,X000651.SZ,0.00264907005128739
2016-10-27,X000651.SZ,0.00261691161748749
2016-10-28,X000651.SZ,0.0024520422396174
2016-10-31,X002475.SZ,0.00249731135154512
2016-11-01,X600066.SH,0.00296549706017896
2016-11-02,X002180.SZ,0.00243705084289519
2016-11-03,X002456.SZ,0.00210108454920391
2016-11-04,X002465.SZ,0.00234886931541048
2016-11-07,X002415.SZ,0.00214010066259217
2016-11-08,X002465.SZ,0.00243196570512296
2016-11-09,X002508.SZ,0.00255588197440578
2016-11-10,X002508.SZ,0.00239041568411403
2016-11-11,X300003.SZ,0.00251512371151746
2016-11-14,X300003.SZ,0.00213699507546073
2016-11-15,X002180.SZ,0.00233852082412334
2016-11-16,X002456.SZ,0.0022179568066426
2016-11-17,X002456.SZ,0.00217815973837739
2016-11-18,X002506.SZ,0.00246264172573846
2016-11-21,X002465.SZ,0.00223188113227584
2016-11-22,X002465.SZ,0.00222063381094182
2016-11-23,X300124.SZ,0.00163273124192372
2016-11-24,X000550.SZ,0.00206991635244515
2016-11-25,X300124.SZ,0.00228651744471358
2016-11-28,X002426.SZ,0.00243962878072012
2016-11-29,X300124.SZ,0.00210469372223456
2016-11-30,X002236.SZ,0.00245143831454732
2016-12-01,X002456.SZ,0.00209528155315697
2016-12-02,X002236.SZ,0.00213821891738194
2016-12-05,X002236.SZ,0.0024642791927549
2016-12-06,X002074.SZ,0.00239412302965715
2016-12-07,X600276.SH,0.00239554305028894
2016-12-08,X002508.SZ,0.00240431604290467
2016-12-09,X002508.SZ,0.00205003281571309
2016-12-12,X300136.SZ,0.00242081276662998
2016-12-13,X300136.SZ,0.0021788038124301
2016-12-14,X002508.SZ,0.00239089857520074
2016-12-15,X000725.SZ,0.00217444372409457
2016-12-16,X600276.SH,0.00229561579884283
2016-12-19,X000536.SZ,0.00225008552016862
2016-12-20,X000725.SZ,0.00207317876538153
2016-12-21,X600104.SH,0.00206502040069511
2016-12-22,X600276.SH,0.00210389931575045
2016-12-23,X600741.SH,0.00190237506273875
2016-12-26,X600741.SH,0.00226506224234979
2016-12-27,X600276.SH,0.00247370360156373
2016-12-28,X600566.SH,0.00239700068737441
2016-12-29,X002294.SZ,0.00233397114413752
2016-12-30,X000981.SZ,0.00234828858469705
2017-01-03,X000981.SZ,0.00239888418870353
2017-01-04,X000981.SZ,0.00202165194003759
2017-01-05,X000725.SZ,0.00234470978990015
2017-01-06,X002426.SZ,0.00234806922233425
2017-01-09,X000651.SZ,0.00186282590677541
2017-01-10,X600690.SH,0.00248018860983505
2017-01-11,X600276.SH,0.0023533407452378
2017-01-12,X000981.SZ,0.00219047721541234
2017-01-13,X300124.SZ,0.00229562544146022
2017-01-16,X000559.SZ,0.00244483124205148
2017-01-17,X002294.SZ,0.00217935728054511
2017-01-18,X002415.SZ,0.00239169199558628
2017-01-19,X002294.SZ,0.00253280300849187
2017-01-20,X002475.SZ,0.00214826072100488
2017-01-23,X000559.SZ,0.0021665095287204
2017-01-24,X600276.SH,0.00235395108922001
2017-01-25,X000651.SZ,0.00196663459891938
2017-01-26,X300003.SZ,0.0021291250496152
2017-02-03,X600690.SH,0.00224300797283576
2017-02-06,X600867.SH,0.00221568010838116
2017-02-07,X000651.SZ,0.00250271043017718
2017-02-08,X002241.SZ,0.00238595037372035
2017-02-09,X600276.SH,0.00212260439585424
2017-02-10,X600867.SH,0.00268607438190631
2017-02-13,X600867.SH,0.0025296667943747
2017-02-14,X000623.SZ,0.00221758721548187
2017-02-15,X000623.SZ,0.00215741262940571
2017-02-16,X000623.SZ,0.00236206058667493
2017-02-17,X600276.SH,0.00228458123967296
2017-02-20,X002475.SZ,0.00158966916261481
2017-02-21,X600271.SH,0.00226989833508307
2017-02-22,X600690.SH,0.00205476599987435
2017-02-23,X002475.SZ,0.00191796324172698
2017-02-24,X600104.SH,0.00198675630773218
2017-02-27,X002475.SZ,0.00216033727749182
2017-02-28,X600276.SH,0.00221359781872872
2017-03-01,X600276.SH,0.00248982486392342
2017-03-02,X002475.SZ,0.00193436951129743
2017-03-03,X002180.SZ,0.00247783701979975
2017-03-06,X600031.SH,0.00247463670756202
2017-03-07,X002180.SZ,0.00250741152599466
2017-03-08,X002294.SZ,0.00264997515544769
2017-03-09,X002292.SZ,0.00219403362912805
2017-03-10,X600276.SH,0.00215975620779889
2017-03-13,X000063.SZ,0.00221328187283813
2017-03-14,X002292.SZ,0.00223053922604279
2017-03-15,X600276.SH,0.00157383481246407
2017-03-16,X600690.SH,0.00225680872552644
2017-03-17,X600276.SH,0.00239379982958297
2017-03-20,X002475.SZ,0.00220254094751493
2017-03-21,X002180.SZ,0.00226569898899534
2017-03-22,X002456.SZ,0.00207330294262973
2017-03-23,X600104.SH,0.00216943004543962
2017-03-24,X600271.SH,0.00162649755861522
2017-03-27,X600271.SH,0.00150511176307947
2017-03-28,X002508.SZ,0.00199025415884729
2017-03-29,X600271.SH,0.00194644116518185
2017-03-30,X002180.SZ,0.00212906955638702
2017-03-31,X002508.SZ,0.00238225728142875
2017-04-05,X002456.SZ,0.00234473646351821
2017-04-06,X002008.SZ,0.00222593329037488
2017-04-07,X600276.SH,0.00244404941608124
2017-04-10,X000338.SZ,0.00265091734047778
2017-04-11,X002008.SZ,0.00253811455642541
2017-04-12,X002085.SZ,0.00256941088713226
2017-04-13,X000063.SZ,0.00226210706117384
2017-04-14,X000338.SZ,0.00255957399564598
2017-04-17,X002241.SZ,0.00184083545335857
2017-04-18,X600690.SH,0.00245551649226682
2017-04-19,X000625.SZ,0.00227806917708423
2017-04-20,X600690.SH,0.00236830893409513
2017-04-21,X002294.SZ,0.00236458387847126
2017-04-24,X002456.SZ,0.00242604103266772
2017-04-25,X002241.SZ,0.00205635943067939
2017-04-26,X002241.SZ,0.00221329257282926
2017-04-27,X002008.SZ,0.00175745497026803
2017-04-28,X600867.SH,0.00211971090493669
2017-05-02,X002008.SZ,0.00224668533647583
2017-05-03,X002008.SZ,0.00226892011373426
2017-05-04,X002008.SZ,0.00244137936233544
2017-05-05,X002456.SZ,0.00228725667957536
2017-05-08,X002475.SZ,0.0026459473140662
2017-05-09,X002180.SZ,0.00255846109250981
2017-05-10,X002008.SZ,0.00213717102451028
2017-05-11,X002475.SZ,0.00279477150883601
2017-05-12,X002236.SZ,0.00247422599253886
2017-05-15,X002180.SZ,0.00234460627720664
2017-05-16,X600089.SH,0.00266768811327947
2017-05-17,X000100.SZ,0.00270452873406367
2017-05-18,X600271.SH,0.00270263826324703
2017-05-19,X002456.SZ,0.00279825101712236
2017-05-22,X002007.SZ,0.00260531366990991
2017-05-23,X000063.SZ,0.00242320456283886
2017-05-24,X000063.SZ,0.00246093945258345
2017-05-25,X300115.SZ,0.00195161035607831
2017-05-26,X000066.SZ,0.00251441233545395
2017-05-31,X002456.SZ,0.00235974282845917
2017-06-01,X000338.SZ,0.00233010695323622
2017-06-02,X002508.SZ,0.00243677461837866
2017-06-05,X002294.SZ,0.00240618176485647
2017-06-06,X600566.SH,0.00243311536315693
2017-06-07,X600066.SH,0.00258551171325676
2017-06-08,X600271.SH,0.00246648704274535
2017-06-09,X600566.SH,0.00230072603636714
2017-06-12,X600177.SH,0.00267305888088497
2017-06-13,X002085.SZ,0.00267447063321726
2017-06-14,X300115.SZ,0.00276765868457529
2017-06-15,X600031.SH,0.00263312898352964
2017-06-16,X600089.SH,0.00243237239867701
2017-06-19,X600699.SH,0.00252271516705126
2017-06-20,X600566.SH,0.00224763704993828
2017-06-21,X600089.SH,0.00274220096795537
2017-06-22,X600566.SH,0.00213226948121005
2017-06-23,X300115.SZ,0.00239954002102314
2017-06-26,X002085.SZ,0.00249604889045713
2017-06-27,X002085.SZ,0.00287350454438401
2017-06-28,X600703.SH,0.00288739023784732
2017-06-29,X600089.SH,0.0028360601317097
2017-06-30,X600271.SH,0.00255247459445135
2017-07-03,X600271.SH,0.00252811582509419
2017-07-04,X600271.SH,0.00257123639430167
2017-07-05,X000625.SZ,0.00312328200172081
2017-07-06,X600522.SH,0.00317614608665265
2017-07-07,X000625.SZ,0.00310414678735356
2017-07-10,X000625.SZ,0.00303068545362279
2017-07-11,X600271.SH,0.0028965822823132
2017-07-12,X000625.SZ,0.00244113695344606
2017-07-13,X600271.SH,0.00293732197753015
2017-07-14,X002294.SZ,0.00272221406459976
2017-07-17,X000100.SZ,0.00322317246854227
2017-07-18,X002008.SZ,0.00272881483495571
2017-07-19,X002294.SZ,0.00293799156977732
2017-07-20,X002074.SZ,0.00337588505500909
2017-07-21,X600519.SH,0.00329933077169466
2017-07-24,X600690.SH,0.00307606771120453
2017-07-25,X600703.SH,0.00295636097885817
2017-07-26,X000981.SZ,0.0025986929591916
2017-07-27,X300115.SZ,0.00311428108181655
2017-07-28,X600487.SH,0.00249300542141315
2017-07-31,X600487.SH,0.00282986252304771
2017-08-01,X600487.SH,0.00287334189868804
2017-08-02,X600487.SH,0.00222168239700716
2017-08-03,X000050.SZ,0.00320543195125767
2017-08-04,X600271.SH,0.00214966314205619
2017-08-07,X600066.SH,0.00293237184023085
2017-08-08,X002475.SZ,0.00321765443221353
2017-08-09,X000981.SZ,0.00297009356780145
2017-08-10,X600104.SH,0.00260497980205365
2017-08-11,X600104.SH,0.00247464669386934
2017-08-14,X600699.SH,0.00279579885025237
2017-08-15,X300115.SZ,0.00268053610079511
2017-08-16,X300003.SZ,0.00261581250727178
2017-08-17,X002085.SZ,0.00255966936497737
2017-08-18,X600809.SH,0.00226888811927534
2017-08-21,X600809.SH,0.00285469563774761
2017-08-22,X000063.SZ,0.00319356493012495
2017-08-23,X600699.SH,0.00265220662111873
2017-08-24,X600699.SH,0.00288822296214925
2017-08-25,X000981.SZ,0.00281873433050377
2017-08-28,X600699.SH,0.00280615503620464
2017-08-29,X600104.SH,0.00247126976645156
2017-08-30,X000338.SZ,0.00303293407434537
2017-08-31,X600276.SH,0.00305370374263158
2017-09-01,X002304.SZ,0.00307024180531542
2017-09-04,X600276.SH,0.00277584104475392
2017-09-05,X600276.SH,0.00269874606302633
2017-09-06,X600066.SH,0.00295251922762594
2017-09-07,X600276.SH,0.00284987927270883
2017-09-08,X300115.SZ,0.00260748334984557
2017-09-11,X600276.SH,0.00261719259947268
2017-09-12,X000100.SZ,0.00310403223650097
2017-09-13,X000050.SZ,0.0027473932191579
2017-09-14,X000050.SZ,0.00277065290923176
2017-09-15,X002456.SZ,0.00270763391164091
2017-09-18,X002294.SZ,0.00285281782218225
2017-09-19,X000338.SZ,0.00206498319386699
2017-09-20,X000338.SZ,0.0024962572708415
2017-09-21,X600104.SH,0.00304208737867878
2017-09-22,X600741.SH,0.00315252281689863
2017-09-25,X000157.SZ,0.00282038519665199
2017-09-26,X600118.SH,0.00256276102294868
2017-09-27,X002456.SZ,0.00283223699432301
2017-09-28,X600703.SH,0.00290245774393352
2017-09-29,X300003.SZ,0.00278412569407681
2017-10-09,X300003.SZ,0.00248631972350572
2017-10-10,X300115.SZ,0.00271123292169829
2017-10-11,X600741.SH,0.00279978139476603
2017-10-12,X002475.SZ,0.00258764664886834
2017-10-13,X600566.SH,0.0025588843939781
2017-10-16,X600566.SH,0.00278676583818582
2017-10-17,X600066.SH,0.00286885529260243
2017-10-18,X002236.SZ,0.00304852594485788
2017-10-19,X600104.SH,0.00301581156174157
2017-10-20,X600104.SH,0.00274158026880134
2017-10-23,X600104.SH,0.00271888749788485
2017-10-24,X600104.SH,0.00276869180956064
2017-10-25,X600104.SH,0.00282431498353723
2017-10-26,X002475.SZ,0.00331370526958021
2017-10-27,X300003.SZ,0.00337208976968254
2017-10-30,X300003.SZ,0.00304949112455185
2017-10-31,X600031.SH,0.00322229405346356
2017-11-01,X300142.SZ,0.00331454505033364
2017-11-02,X600741.SH,0.00291275447994244
2017-11-03,X002236.SZ,0.00308219078666712
2017-11-06,X002180.SZ,0.00332406832910581
2017-11-07,X002180.SZ,0.00277583875127141
2017-11-08,X002180.SZ,0.00317170772730773
2017-11-09,X600118.SH,0.00319339109272352
2017-11-10,X002180.SZ,0.00329747016175045
2017-11-13,X002085.SZ,0.00250376621812909
2017-11-14,X002236.SZ,0.00345308701817407
2017-11-15,X600699.SH,0.00294747046076096
2017-11-16,X600699.SH,0.00294921692288243
2017-11-17,X002456.SZ,0.0032153074997935
2017-11-20,X002456.SZ,0.00308591048106611
2017-11-21,X002179.SZ,0.00381597814053269
2017-11-22,X002236.SZ,0.00295084557704723
2017-11-23,X600498.SH,0.00295213932591942
2017-11-24,X600031.SH,0.00371741820935197
2017-11-27,X600809.SH,0.00362624011569272
2017-11-28,X300124.SZ,0.00311134617577726
2017-11-29,X600031.SH,0.00377626812934133
2017-11-30,X600031.SH,0.00343916621366886
2017-12-01,X600177.SH,0.0029489206026538
2017-12-04,X600699.SH,0.0031511678023926
2017-12-05,X000625.SZ,0.00376463367137239
2017-12-06,X000625.SZ,0.00310875976513547
2017-12-07,X600699.SH,0.0035294507616141
2017-12-08,X600177.SH,0.00359064488982465
2017-12-11,X600584.SH,0.00406954222171595
2017-12-12,X600177.SH,0.00384389588880914
2017-12-13,X000625.SZ,0.0040252567025984
2017-12-14,X002179.SZ,0.00374355742694661
2017-12-15,X601877.SH,0.00374894599559554
2017-12-18,X601877.SH,0.00360091514332054
2017-12-19,X000063.SZ,0.00391292989396507
2017-12-20,X601877.SH,0.00343894076189544
2017-12-21,X601877.SH,0.00360045322112103
2017-12-22,X601877.SH,0.00386942933440679
2017-12-25,X601877.SH,0.00422977758404533
2017-12-26,X000625.SZ,0.00357763563919329
2017-12-27,X002180.SZ,0.00414907730771703
2017-12-28,X002456.SZ,0.00405083191619445
2017-12-29,X002456.SZ,0.0040358431333719
2018-01-02,X600271.SH,0.00333663614914756
2018-01-03,X600271.SH,0.00308334851929675
2018-01-04,X600271.SH,0.00315760966399208
2018-01-05,X600271.SH,0.00357548095183668
2018-01-08,X600271.SH,0.00390569050658543
2018-01-09,X600271.SH,0.00345260897100138
2018-01-10,X002179.SZ,0.00373442691610539
2018-01-11,X000157.SZ,0.00377072488245145
2018-01-12,X600741.SH,0.00390984134600882
2018-01-15,X600271.SH,0.00369065780882991
2018-01-16,X600118.SH,0.00327046882101295
2018-01-17,X002180.SZ,0.0032561343908613
2018-01-18,X002241.SZ,0.00364157755317422
2018-01-19,X600271.SH,0.00312055331141246
2018-01-22,X600271.SH,0.00337393789002452
2018-01-23,X000725.SZ,0.00287857229814142
2018-01-24,X600271.SH,0.00337722838159903
2018-01-25,X600741.SH,0.00335421351091197
2018-01-26,X600741.SH,0.00326110445328819
2018-01-29,X600066.SH,0.00263806214310862
2018-01-30,X600066.SH,0.00296487045202474
2018-01-31,X600066.SH,0.00291364573717516
2018-02-01,X600066.SH,0.00297925646833245
2018-02-02,X600066.SH,0.00293171542448377
2018-02-05,X002456.SZ,0.00357239485751565
2018-02-06,X002456.SZ,0.00362870756601179
2018-02-07,X600741.SH,0.00366177820884805
2018-02-08,X000050.SZ,0.00346677274623537
2018-02-09,X002304.SZ,0.00294305401017125
2018-02-12,X002304.SZ,0.00367857620183886
2018-02-13,X002456.SZ,0.00394293819821579
2018-02-14,X600066.SH,0.00350699820663787
2018-02-22,X601877.SH,0.00296540722929383
2018-02-23,X601877.SH,0.0029033586814334
2018-02-26,X600741.SH,0.00295041445841791
2018-02-27,X600741.SH,0.00313286787537133
2018-02-28,X002415.SZ,0.00353610089325954
2018-03-01,X600031.SH,0.00350656349734827
2018-03-02,X300136.SZ,0.00347546887096908
2018-03-05,X000661.SZ,0.00341931390335074
2018-03-06,X600519.SH,0.00320441876075509
2018-03-07,X600271.SH,0.0039410130468615
2018-03-08,X000651.SZ,0.00335596792835362
2018-03-09,X000651.SZ,0.00342241014451673
2018-03-12,X600498.SH,0.00363188509995806
2018-03-13,X002508.SZ,0.00384649681035889
2018-03-14,X600566.SH,0.00332693424067033
2018-03-15,X000568.SZ,0.0033997282416705
2018-03-16,X002304.SZ,0.00369918900904654
2018-03-19,X600566.SH,0.00348840846204031
2018-03-20,X002475.SZ,0.00388232759144104
2018-03-21,X600498.SH,0.00363893538963423
2018-03-22,X000568.SZ,0.00341372239096883
2018-03-23,X000651.SZ,0.00342750793624272
2018-03-26,X600741.SH,0.00324100097429219
2018-03-27,X002294.SZ,0.00401155619878788
2018-03-28,X002475.SZ,0.0039917154027469
2018-03-29,X002294.SZ,0.00332230972329474
2018-03-30,X600867.SH,0.00324510770602554
2018-04-02,X600867.SH,0.0036296145046285
2018-04-03,X000568.SZ,0.00362820898494176
2018-04-04,X002294.SZ,0.00405395456769287
2018-04-09,X000568.SZ,0.00336766945517102
2018-04-10,X600867.SH,0.00304515934441311
2018-04-11,X002294.SZ,0.00342684291744882
2018-04-12,X600867.SH,0.00310365117774946
2018-04-13,X600566.SH,0.00329791955072613
2018-04-16,X600566.SH,0.0033942094623805
2018-04-17,X300003.SZ,0.00394184124580704
2018-04-18,X600867.SH,0.00410141791786446
2018-04-19,X000661.SZ,0.00386022871650414
2018-04-20,X002008.SZ,0.00380736747257653
2018-04-23,X600177.SH,0.00436624273474858
2018-04-24,X002008.SZ,0.00347819434115542
2018-04-25,X600867.SH,0.004062650123822
2018-04-26,X600741.SH,0.00411938301698145
2018-04-27,X601877.SH,0.00375594397189924
2018-05-02,X600522.SH,0.00311083886109524
2018-05-03,X600522.SH,0.00318467464050768
2018-05-04,X600522.SH,0.00347904045327371
2018-05-07,X600522.SH,0.00311935609618916
2018-05-08,X600177.SH,0.0034209452237652
2018-05-09,X600177.SH,0.00275500038461474
2018-05-10,X600177.SH,0.00304253917222251
2018-05-11,X600522.SH,0.00329481197444855
2018-05-14,X600522.SH,0.00356540137308403
2018-05-15,X600522.SH,0.00364428078322905
2018-05-16,X600522.SH,0.00371549172252082
2018-05-17,X002508.SZ,0.00376286500253213
2018-05-18,X600177.SH,0.00333165911584666
2018-05-21,X600177.SH,0.00331531130883279
2018-05-22,X600177.SH,0.00342238869175112
2018-05-23,X601877.SH,0.00324582119054425
2018-05-24,X600104.SH,0.00328747297680471
2018-05-25,X300136.SZ,0.00271809508318436
2018-05-28,X000338.SZ,0.00349459016622526
2018-05-29,X000651.SZ,0.00356503357769324
2018-05-30,X601877.SH,0.00305476978234817
2018-05-31,X600104.SH,0.00367475478716096
2018-06-01,X600104.SH,0.00352322459188976
2018-06-04,X600703.SH,0.00363183949229047
2018-06-05,X000977.SZ,0.00390946228969473
2018-06-06,X600690.SH,0.00356290660168461
2018-06-07,X600741.SH,0.00397404455082331
2018-06-08,X000977.SZ,0.00339279535290754
2018-06-11,X600741.SH,0.00343122277674146
2018-06-12,X002415.SZ,0.00335606258098738
2018-06-13,X600690.SH,0.00366551120902442
2018-06-14,X600741.SH,0.00360304505962811
2018-06-15,X002415.SZ,0.00366476492054355
2018-06-19,X600741.SH,0.00369979148694772
2018-06-20,X002415.SZ,0.00354370821951079
2018-06-21,X002415.SZ,0.00347634565788947
2018-06-22,X600884.SH,0.00327212914042426
2018-06-25,X600104.SH,0.00384290663063649
2018-06-26,X601877.SH,0.00291353433552939
2018-06-27,X600104.SH,0.00401268582656291
2018-06-28,X600031.SH,0.00376441218979082
2018-06-29,X002508.SZ,0.00352106977636845
2018-07-02,X600104.SH,0.00289788191025467
2018-07-03,X002508.SZ,0.00241061425335558
2018-07-04,X600104.SH,0.00301161658022092
2018-07-05,X600104.SH,0.00365952269315886
2018-07-06,X002508.SZ,0.00310060351594371
2018-07-09,X600276.SH,0.00389677223616
2018-07-10,X601877.SH,0.00295544330459496
2018-07-11,X600104.SH,0.00355543847189531
2018-07-12,X600104.SH,0.00338237837810906
2018-07-13,X601877.SH,0.00353519768861429
2018-07-16,X600690.SH,0.00296951969509413
2018-07-17,X601877.SH,0.00313251065202464
2018-07-18,X002179.SZ,0.00319423050826473
2018-07-19,X601877.SH,0.00416215092038581
2018-07-20,X601877.SH,0.00324684076457561
2018-07-23,X601877.SH,0.00321980919401787
2018-07-24,X601877.SH,0.00307354537184136
2018-07-25,X002179.SZ,0.00331937404283457
2018-07-26,X601877.SH,0.00284716806062238
2018-07-27,X002180.SZ,0.00422657516163729
2018-07-30,X600690.SH,0.00371470260801131
2018-07-31,X600690.SH,0.00384401044111027
2018-08-01,X002179.SZ,0.00244076435629418
2018-08-02,X600690.SH,0.00377072088242644
2018-08-03,X000977.SZ,0.00322370315322804
2018-08-06,X002179.SZ,0.00215454525782946
2018-08-07,X002179.SZ,0.00230320162467627
2018-08-08,X002179.SZ,0.00275520386801446
2018-08-09,X600690.SH,0.00282547588981196
2018-08-10,X002179.SZ,0.00268337333910844
2018-08-13,X002179.SZ,0.00323861468398057
2018-08-14,X002007.SZ,0.00370804739508796
2018-08-15,X000981.SZ,0.00352985563804279
2018-08-16,X002179.SZ,0.00360762420927361
2018-08-17,X002456.SZ,0.00306168514586247
2018-08-20,X000981.SZ,0.00358999107660416
2018-08-21,X600703.SH,0.00370364287874914
2018-08-22,X002236.SZ,0.00334568352093219
2018-08-23,X600703.SH,0.0034097076282564
2018-08-24,X002236.SZ,0.0032945967588122
2018-08-27,X000338.SZ,0.00385082775368227
2018-08-28,X600867.SH,0.00366791807021824
2018-08-29,X601877.SH,0.0044087750744039
2018-08-30,X002236.SZ,0.00357524967794884
2018-08-31,X002456.SZ,0.00397924196326448
2018-09-03,X000568.SZ,0.00317491601720593
2018-09-04,X000568.SZ,0.00313191939358498
2018-09-05,X002236.SZ,0.00333984345567963
2018-09-06,X000568.SZ,0.00352265476001618
2018-09-07,X002180.SZ,0.00383317189587239
2018-09-10,X000596.SZ,0.00345417497726566
2018-09-11,X000596.SZ,0.00346071068757536
2018-09-12,X600809.SH,0.00367706646271147
2018-09-13,X600867.SH,0.00382909809929224
2018-09-14,X002475.SZ,0.00306682404773037
2018-09-17,X300124.SZ,0.00324799744274142
2018-09-18,X300124.SZ,0.00386111842443299
2018-09-19,X600498.SH,0.00361460663431034
2018-09-20,X002180.SZ,0.00351723348917314
2018-09-21,X601877.SH,0.00348485217655468
2018-09-25,X601877.SH,0.00343165600445895
2018-09-26,X300124.SZ,0.00391328043224872
2018-09-27,X300142.SZ,0.00315951959327576
2018-09-28,X300142.SZ,0.00348442146705356
2018-10-08,X300146.SZ,0.00365830440094432
2018-10-09,X300142.SZ,0.00312719834233955
2018-10-10,X300142.SZ,0.00351943169970446
2018-10-11,X600498.SH,0.00347361713271048
2018-10-12,X002475.SZ,0.00359523239539014
2018-10-15,X600372.SH,0.00391804485193121
2018-10-16,X002475.SZ,0.00321506776652771
2018-10-17,X002415.SZ,0.00351472444336906
2018-10-18,X002236.SZ,0.00318764856292453
2018-10-19,X002236.SZ,0.00323923839748096
2018-10-22,X002236.SZ,0.00385146968476149
2018-10-23,X002236.SZ,0.00284220011897697
2018-10-24,X300142.SZ,0.00316607773975227
2018-10-25,X002236.SZ,0.00301999119907971
2018-10-26,X002179.SZ,0.00405743473990606
2018-10-29,X300142.SZ,0.00373564442062309
2018-10-30,X000338.SZ,0.00358166170450518
2018-10-31,X300142.SZ,0.00385632359449854
2018-11-01,X002456.SZ,0.00365487965039361
2018-11-02,X002506.SZ,0.00421973560373824
2018-11-05,X002456.SZ,0.00390922980672725
2018-11-06,X300146.SZ,0.00366388024752659
2018-11-07,X300136.SZ,0.00361404696312566
2018-11-08,X300146.SZ,0.00376811922726176
2018-11-09,X002415.SZ,0.00343042920117774
2018-11-12,X600867.SH,0.00328442368378107
2018-11-13,X002415.SZ,0.0034334822635502
2018-11-14,X002179.SZ,0.00315571391427692
2018-11-15,X000661.SZ,0.00289195771297106
2018-11-16,X000661.SZ,0.00307944518104629
2018-11-19,X002179.SZ,0.00363861090133559
2018-11-20,X000661.SZ,0.00343561714482419
2018-11-21,X000661.SZ,0.00338738360131127
2018-11-22,X000661.SZ,0.00328043978577527
2018-11-23,X300136.SZ,0.0031582030270156
2018-11-26,X000661.SZ,0.00344526936371447
2018-11-27,X300136.SZ,0.00351856976471524
2018-11-28,X000661.SZ,0.00326818065031422
2018-11-29,X600372.SH,0.0036555103940303
2018-11-30,X600372.SH,0.00353455341610055
2018-12-03,X600372.SH,0.00331636085595726
2018-12-04,X600372.SH,0.00353310008580039
2018-12-05,X000596.SZ,0.00301151609634879
2018-12-06,X000596.SZ,0.00278396977302219
2018-12-07,X000596.SZ,0.00301797734011986
2018-12-10,X000596.SZ,0.00350445881151646
2018-12-11,X600519.SH,0.00368849902629345
2018-12-12,X600271.SH,0.00391054955069033
2018-12-13,X002294.SZ,0.00401709696577258
2018-12-14,X000596.SZ,0.00352236817522508
2018-12-17,X300136.SZ,0.00328092955399334
2018-12-18,X300136.SZ,0.00331270992907062
2018-12-19,X300136.SZ,0.00336727360723645
2018-12-20,X600519.SH,0.00389877448715614
2018-12-21,X002007.SZ,0.00367956874545985
2018-12-24,X002294.SZ,0.00431193506617012
2018-12-25,X002294.SZ,0.00387991002934267
2018-12-26,X600177.SH,0.00410839647379273
2018-12-27,X600177.SH,0.004171649844947
2018-12-28,X002415.SZ,0.00408864060637114
2019-01-02,X600867.SH,0.00402562456998895
2019-01-03,X002506.SZ,0.00358807494714003
2019-01-04,X000596.SZ,0.00331849507127642
2019-01-07,X600566.SH,0.00360910606882547
2019-01-08,X600566.SH,0.00357435435847925
2019-01-09,X002294.SZ,0.00368126194110972
2019-01-10,X002475.SZ,0.00358122894411893
2019-01-11,X002475.SZ,0.00285204136390825
2019-01-14,X600703.SH,0.00386115587325198
2019-01-15,X002008.SZ,0.00350408009576637
2019-01-16,X600566.SH,0.00313038176006773
2019-01-17,X002475.SZ,0.00351840443239133
2019-01-18,X600566.SH,0.00366636855943317
2019-01-21,X600487.SH,0.00374954350421616
2019-01-22,X002475.SZ,0.00269682316864253
2019-01-23,X600276.SH,0.0027638685960607
2019-01-24,X600566.SH,0.00218495456391293
2019-01-25,X002475.SZ,0.00270414820861717
2019-01-28,X002506.SZ,0.0030584477572978
2019-01-29,X002179.SZ,0.00323846759927871
2019-01-30,X300003.SZ,0.00326698785971457
2019-01-31,X002236.SZ,0.00308205693639514
2019-02-01,X000661.SZ,0.00334774253301236
2019-02-11,X002236.SZ,0.0029453719480116
2019-02-12,X002236.SZ,0.00273042212904917
2019-02-13,X600566.SH,0.00329833659510357
2019-02-14,X002007.SZ,0.00286707407283247
2019-02-15,X002236.SZ,0.00337617104847022
2019-02-18,X002236.SZ,0.00318744102150092
2019-02-19,X000661.SZ,0.00303799267133271
2019-02-20,X600566.SH,0.00402464764330856
2019-02-21,X600276.SH,0.00361340739911822
2019-02-22,X600566.SH,0.00377786318553251
2019-02-25,X600104.SH,0.00325441647186452
2019-02-26,X000100.SZ,0.0039274338372353
2019-02-27,X002007.SZ,0.00352973180090046
2019-02-28,X002007.SZ,0.00343151917274607
2019-03-01,X300124.SZ,0.00392027980823221
2019-03-04,X002007.SZ,0.00332716987253144
2019-03-05,X002007.SZ,0.00357443163470716
2019-03-06,X002007.SZ,0.0033567456511025
2019-03-07,X600703.SH,0.00338599601584963
2019-03-08,X600703.SH,0.00331391350148052
2019-03-11,X300142.SZ,0.00332834248695408
2019-03-12,X000661.SZ,0.0037975975272714
2019-03-13,X600276.SH,0.00435400002495254
2019-03-14,X600703.SH,0.00362811710217821
2019-03-15,X002007.SZ,0.00335202011050812
2019-03-18,X002007.SZ,0.00366018576489224
2019-03-19,X002007.SZ,0.0037375894093072
2019-03-20,X002371.SZ,0.00375618580864267
2019-03-21,X600703.SH,0.00327139186267465
2019-03-22,X000338.SZ,0.00395165397149258
2019-03-25,X002371.SZ,0.00395401622393588
2019-03-26,X000661.SZ,0.00434541717062607
2019-03-27,X000596.SZ,0.00453647532124858
2019-03-28,X600276.SH,0.00418921100994665
2019-03-29,X300146.SZ,0.00405862374641102
2019-04-01,X600703.SH,0.00477382791436026
2019-04-02,X300142.SZ,0.00512499112675976
2019-04-03,X000338.SZ,0.00497578732786111
2019-04-04,X000338.SZ,0.00448510915549438
2019-04-08,X300146.SZ,0.00465467693606506
2019-04-09,X000100.SZ,0.00478993305542816
2019-04-10,X000050.SZ,0.00422634204714177
2019-04-11,X002506.SZ,0.0055283286724754
2019-04-12,X002506.SZ,0.00395820937017472
2019-04-15,X002180.SZ,0.00391095431054156
2019-04-16,X002180.SZ,0.00466798348650369
2019-04-17,X600703.SH,0.00555057151947738
2019-04-18,X002506.SZ,0.00421846348875566
2019-04-19,X002506.SZ,0.00436093492090008
2019-04-22,X601877.SH,0.00552529593752083
2019-04-23,X600703.SH,0.00500089339348315
2019-04-24,X600703.SH,0.00536018125127023
2019-04-25,X002007.SZ,0.00610645573192279
2019-04-26,X601877.SH,0.00569024907527339
2019-04-29,X000338.SZ,0.00474750416491972
2019-04-30,X600066.SH,0.00538702469395003
2019-05-06,X002506.SZ,0.00552777798947387
2019-05-07,X002129.SZ,0.00563788663706376
2019-05-08,X600867.SH,0.00586966668428598
2019-05-09,X002456.SZ,0.00515334400414808
2019-05-10,X600177.SH,0.00612335503819544
2019-05-13,X000050.SZ,0.0055664860062935
2019-05-14,X600776.SH,0.00579082792562783
2019-05-15,X002129.SZ,0.00451324680507408
2019-05-16,X600867.SH,0.00568299090810086
2019-05-17,X002129.SZ,0.00463469761224322
2019-05-20,X002506.SZ,0.00515345121538625
2019-05-21,X600867.SH,0.00535947562738184
2019-05-22,X600776.SH,0.0058687176332749
2019-05-23,X002371.SZ,0.00558148792714385
2019-05-24,X002129.SZ,0.00554944587297494
2019-05-27,X600118.SH,0.00567933007898395
2019-05-28,X000050.SZ,0.00534203616592921
2019-05-29,X002129.SZ,0.0049380018930928
2019-05-30,X002506.SZ,0.00494319380962032
2019-05-31,X000596.SZ,0.00546463734754193
2019-06-03,X600177.SH,0.00573202897649343
2019-06-04,X000596.SZ,0.0053587446121853
2019-06-05,X600809.SH,0.00518663655984908
2019-06-06,X000596.SZ,0.00472982218846769
2019-06-10,X000596.SZ,0.0050245055627879
2019-06-11,X601877.SH,0.00552342635672302
2019-06-12,X600703.SH,0.00486344856705424
2019-06-13,X002007.SZ,0.00423927795060483
2019-06-14,X600066.SH,0.00449712763472215
2019-06-17,X600703.SH,0.00478297616671424
2019-06-18,X600066.SH,0.00348029748050345
2019-06-19,X600066.SH,0.00327985698204767
2019-06-20,X600066.SH,0.00341730341082131
2019-06-21,X600066.SH,0.00393987432647248
2019-06-24,X600066.SH,0.00375204736237639
2019-06-25,X600066.SH,0.00344671993995683
2019-06-26,X600867.SH,0.00411271313758977
2019-06-27,X000651.SZ,0.00403158620147816
2019-06-28,X600066.SH,0.0039204756102723
2019-07-01,X002506.SZ,0.00364206981605434
2019-07-02,X002506.SZ,0.00397050477583766
2019-07-03,X600066.SH,0.00304688974716364
2019-07-04,X002506.SZ,0.00366538787597765
2019-07-05,X600066.SH,0.00314576235134961
2019-07-08,X600703.SH,0.00409730077080513
2019-07-09,X600703.SH,0.00390690122907045
2019-07-10,X600703.SH,0.0038537831765794
2019-07-11,X002415.SZ,0.00451265638757609
2019-07-12,X002241.SZ,0.00407291453173952
2019-07-15,X600703.SH,0.00377751496417863
2019-07-16,X300142.SZ,0.00394048426831622
2019-07-17,X002415.SZ,0.00330811671651293
2019-07-18,X002415.SZ,0.00429730358945194
2019-07-19,X600703.SH,0.00374568284142393
2019-07-22,X300142.SZ,0.00455246991517542
2019-07-23,X002241.SZ,0.00392506083336786
2019-07-24,X600177.SH,0.00363377143778566
2019-07-25,X000977.SZ,0.00315347383411302
2019-07-26,X600703.SH,0.00378940303664896
2019-07-29,X000977.SZ,0.00286552260477946
2019-07-30,X000977.SZ,0.00310274203922763
2019-07-31,X000977.SZ,0.00336751336545608
2019-08-01,X600867.SH,0.00365782729412081
2019-08-02,X002049.SZ,0.00373179334225181
2019-08-05,X000977.SZ,0.00347219941925168
2019-08-06,X002007.SZ,0.00352440457086022
2019-08-07,X002049.SZ,0.00313656916376005
2019-08-08,X002049.SZ,0.00354620535980544
2019-08-09,X600183.SH,0.00384555003177132
2019-08-12,X300003.SZ,0.00403918110766828
2019-08-13,X002049.SZ,0.00394362679310909
2019-08-14,X600703.SH,0.0032813839434451
2019-08-15,X600741.SH,0.00340598684486304
2019-08-16,X600177.SH,0.00359257126494276
2019-08-19,X002007.SZ,0.00299405765982078
2019-08-20,X002049.SZ,0.0034899410863612
2019-08-21,X002049.SZ,0.00382839930431033
2019-08-22,X601877.SH,0.00353307735138372
2019-08-23,X000625.SZ,0.00397804364623399
2019-08-26,X000625.SZ,0.00332065861567165
2019-08-27,X002475.SZ,0.00367107932760273
2019-08-28,X300146.SZ,0.00358794634725022
2019-08-29,X300014.SZ,0.00395669932625946
2019-08-30,X300146.SZ,0.00344092627773924
2019-09-02,X600867.SH,0.003258710927681
2019-09-03,X300014.SZ,0.00341932153607727
2019-09-04,X300014.SZ,0.00365453143966102
2019-09-05,X000568.SZ,0.00378383637751548
2019-09-06,X000596.SZ,0.00404031178774086
2019-09-09,X600066.SH,0.00399760356926183
2019-09-10,X600066.SH,0.00376476013649581
2019-09-11,X002463.SZ,0.00362881934970413
2019-09-12,X000977.SZ,0.00377822008717544
2019-09-16,X002371.SZ,0.00365796421508988
2019-09-17,X002129.SZ,0.00317945476454842
2019-09-18,X000977.SZ,0.00338062288753979
2019-09-19,X002129.SZ,0.00320046534242959
2019-09-20,X000977.SZ,0.00347946210989814
2019-09-23,X002129.SZ,0.00328810039340644
2019-09-24,X002129.SZ,0.00332769688904096
2019-09-25,X000568.SZ,0.0038117475552058
2019-09-26,X000568.SZ,0.00387052285478518
2019-09-27,X002008.SZ,0.00427281108714273
2019-09-30,X002008.SZ,0.00420154956494128
2019-10-08,X000977.SZ,0.00403832453659354
2019-10-09,X002008.SZ,0.0039031680658697
2019-10-10,X300124.SZ,0.00360139369670491
2019-10-11,X300124.SZ,0.00360079883401713
2019-10-14,X300124.SZ,0.00396506789720913
2019-10-15,X000661.SZ,0.00364078666174767
2019-10-16,X002371.SZ,0.00350150990781307
2019-10-17,X000661.SZ,0.00384311491718979
2019-10-18,X000157.SZ,0.00381946617968335
2019-10-21,X000157.SZ,0.0037850223912913
2019-10-22,X000157.SZ,0.00403947481004389
2019-10-23,X002008.SZ,0.00384414960168084
2019-10-24,X000157.SZ,0.00347353291350473
2019-10-25,X003816.SZ,0.0041439775176235
2019-10-28,X600177.SH,0.00327213260522851
2019-10-29,X000157.SZ,0.00357969597990866
2019-10-30,X003816.SZ,0.00404464036118269
2019-10-31,X003816.SZ,0.00410242586694069
2019-11-01,X002008.SZ,0.00354123546532592
2019-11-04,X002008.SZ,0.00344437316591814
2019-11-05,X002008.SZ,0.00362898005176019
2019-11-06,X600183.SH,0.00355278368004468
2019-11-07,X002371.SZ,0.00343689196135099
2019-11-08,X300124.SZ,0.00331661337475386
2019-11-11,X300124.SZ,0.00373306988082701
2019-11-12,X300124.SZ,0.00334486337854262
2019-11-13,X002371.SZ,0.00411083857433675
2019-11-14,X002371.SZ,0.00368324867736208
2019-11-15,X002371.SZ,0.00337608056427724
2019-11-18,X002371.SZ,0.00318586016873641
2019-11-19,X002241.SZ,0.0036780829260125
2019-11-20,X002371.SZ,0.00341456330315107
2019-11-21,X002371.SZ,0.00336441645910334
2019-11-22,X300124.SZ,0.00348588563088298
2019-11-25,X002506.SZ,0.00415547029106366
2019-11-26,X003816.SZ,0.00405607623954895
2019-11-27,X003816.SZ,0.00325997706896443
2019-11-28,X002506.SZ,0.00354521611351252
2019-11-29,X000338.SZ,0.00343880780094677
2019-12-02,X000338.SZ,0.00302557054866786
2019-12-03,X600690.SH,0.00384151951937123
2019-12-04,X002508.SZ,0.00319433721854462
2019-12-05,X600183.SH,0.00387238471394516
2019-12-06,X300014.SZ,0.00375531882052016
2019-12-09,X002506.SZ,0.00372678568649259
2019-12-10,X002371.SZ,0.00354765084517715
2019-12-11,X002371.SZ,0.00323757287897616
2019-12-12,X300014.SZ,0.00361616941086258
2019-12-13,X300014.SZ,0.00355301167505714
2019-12-16,X600690.SH,0.00372777777448142
2019-12-17,X002179.SZ,0.00337948674507881
2019-12-18,X600690.SH,0.0030658150150125
2019-12-19,X600584.SH,0.00366078541442948
2019-12-20,X600584.SH,0.00383934867478868
2019-12-23,X601877.SH,0.00255703984447761
2019-12-24,X600690.SH,0.00323467905230347
2019-12-25,X002129.SZ,0.00352856745226264
2019-12-26,X600183.SH,0.00335094863471391
2019-12-27,X600183.SH,0.00330699760273445
2019-12-30,X002371.SZ,0.00343484722436178
2019-12-31,X600183.SH,0.00361422497576524
2020-01-02,X600066.SH,0.00340618183551367
2020-01-03,X600183.SH,0.00359859498862368
2020-01-06,X600031.SH,0.00341197178576428
2020-01-07,X300142.SZ,0.00349936351547072
2020-01-08,X003816.SZ,0.00377273102584469
2020-01-09,X000625.SZ,0.00380663050278373
2020-01-10,X600690.SH,0.00364809847879306
2020-01-13,X600519.SH,0.00377659059088202
2020-01-14,X003816.SZ,0.0033247486173079
2020-01-15,X002236.SZ,0.00273482437391027
2020-01-16,X002236.SZ,0.00343940513252557
2020-01-17,X000100.SZ,0.00344874568641783
2020-01-20,X002463.SZ,0.00401240666471419
2020-01-21,X000338.SZ,0.0037041382471474
2020-01-22,X600066.SH,0.00348251463282202
2020-01-23,X600066.SH,0.0035751026903651
2020-02-03,X600183.SH,0.0039715351244481
2020-02-04,X600183.SH,0.00414524318588401
2020-02-05,X002007.SZ,0.0044055667249589
2020-02-06,X002179.SZ,0.00464525951772147
2020-02-07,X002007.SZ,0.00446647682981816
2020-02-10,X002007.SZ,0.00511341979415281
2020-02-11,X002007.SZ,0.00432837982120086
2020-02-12,X002414.SZ,0.00434917667750281
2020-02-13,X002414.SZ,0.00388434094705583
2020-02-14,X002414.SZ,0.00410658030385769
2020-02-17,X002414.SZ,0.00486007608741681
2020-02-18,X002414.SZ,0.00442153286031919
2020-02-19,X002414.SZ,0.0045011965040813
2020-02-20,X300014.SZ,0.00460189874804906
2020-02-21,X300014.SZ,0.00419976599074234
2020-02-24,X002414.SZ,0.00377468746915961
2020-02-25,X300014.SZ,0.00475888849992638
2020-02-26,X002414.SZ,0.00486659945454709
2020-02-27,X600741.SH,0.00511730960232548
2020-02-28,X002007.SZ,0.00333857117519152
2020-03-02,X002049.SZ,0.00458164854383603
2020-03-03,X600183.SH,0.00452244353630255
2020-03-04,X002007.SZ,0.00462717205990734
2020-03-05,X002414.SZ,0.00452277992540189
2020-03-06,X600183.SH,0.00446483007249874
2020-03-09,X002129.SZ,0.00420322793849426
2020-03-10,X002129.SZ,0.00444398724703491
2020-03-11,X000625.SZ,0.0052078292280337
2020-03-12,X002129.SZ,0.00522103434195354
2020-03-13,X300003.SZ,0.00501418815833643
2020-03-16,X002129.SZ,0.00555463556128438
2020-03-17,X600741.SH,0.00607500268232772
2020-03-18,X002414.SZ,0.00462407989984778
2020-03-19,X002414.SZ,0.00606677957369331
2020-03-20,X002414.SZ,0.00465802432637087
2020-03-23,X002414.SZ,0.00465736482896599
2020-03-24,X300142.SZ,0.00576344770353023
2020-03-25,X002414.SZ,0.00512445142056192
2020-03-26,X002414.SZ,0.00474187942478527
2020-03-27,X600519.SH,0.00453693036954836
2020-03-30,X000066.SZ,0.00479028377832605
2020-03-31,X002414.SZ,0.00379443240392498
2020-04-01,X300003.SZ,0.00445814955953255
2020-04-02,X300003.SZ,0.00457373287500303
2020-04-03,X600519.SH,0.0053673326371486
2020-04-07,X600519.SH,0.00508639345519834
2020-04-08,X300003.SZ,0.0050198374385639
2020-04-09,X300003.SZ,0.00515597080695675
2020-04-10,X002179.SZ,0.00432937505908316
2020-04-13,X002179.SZ,0.00415733080920798
2020-04-14,X002007.SZ,0.00450829052549984
2020-04-15,X002007.SZ,0.00412172805214947
2020-04-16,X002007.SZ,0.00479512284141606
2020-04-17,X300003.SZ,0.00480907998127327
2020-04-20,X002007.SZ,0.00540401622496338
2020-04-21,X002414.SZ,0.00508951396604376
2020-04-22,X002007.SZ,0.00591940353048191
2020-04-23,X002007.SZ,0.00435383563593368
2020-04-24,X000651.SZ,0.00472373573545974
2020-04-27,X002007.SZ,0.00507272940499213
2020-04-28,X600118.SH,0.0050266369718935
2020-04-29,X002414.SZ,0.00560815986594307
2020-04-30,X002007.SZ,0.00492280952140998
2020-05-06,X002179.SZ,0.0046181467656292
2020-05-07,X002179.SZ,0.00470853242443963
2020-05-08,X002179.SZ,0.00473395745023638
2020-05-11,X002414.SZ,0.00400079689449983
2020-05-12,X002223.SZ,0.00501115659571066
2020-05-13,X000977.SZ,0.00417476415181136
2020-05-14,X002007.SZ,0.00432289269900344
2020-05-15,X002414.SZ,0.00432764480021088
2020-05-18,X002223.SZ,0.00391060921696084
2020-05-19,X002007.SZ,0.00340088717267535
2020-05-20,X300003.SZ,0.00419768639388035
2020-05-21,X002223.SZ,0.0038765332863947
2020-05-22,X300003.SZ,0.00461167823972579
2020-05-25,X300003.SZ,0.00456551949478341
2020-05-26,X300003.SZ,0.00397938348033584
2020-05-27,X600498.SH,0.00382656192106833
2020-05-28,X600498.SH,0.00403831102604066
2020-05-29,X002414.SZ,0.00471575329990844
2020-06-01,X002414.SZ,0.00527659031404611
2020-06-02,X002179.SZ,0.00458825811237175
2020-06-03,X002179.SZ,0.00422852788884583
2020-06-04,X002007.SZ,0.00449753570786191
2020-06-05,X002179.SZ,0.00482111789977246
2020-06-08,X600498.SH,0.00453471060507066
2020-06-09,X600498.SH,0.003643852583132
2020-06-10,X600498.SH,0.00357237255855316
2020-06-11,X600519.SH,0.00466679295808142
2020-06-12,X002179.SZ,0.00443099333994237
2020-06-15,X002179.SZ,0.00423969810293877
2020-06-16,X600741.SH,0.00486115123905853
2020-06-17,X002236.SZ,0.00471323246469306
2020-06-18,X002007.SZ,0.00394790135871117
2020-06-19,X000625.SZ,0.00434000058444692
2020-06-22,X002007.SZ,0.00319337624288271
2020-06-23,X002007.SZ,0.0031740099597864
2020-06-24,X600809.SH,0.00419318905252881
2020-06-29,X600118.SH,0.00418269666022501
2020-06-30,X002236.SZ,0.00382630724640769
2020-07-01,X601799.SH,0.00415110720537978
2020-07-02,X600809.SH,0.00419702018485609
2020-07-03,X000625.SZ,0.00402247650457643
2020-07-06,X002007.SZ,0.00427362616577482
2020-07-07,X600741.SH,0.00441511580514075
2020-07-08,X002236.SZ,0.00413432837461802
2020-07-09,X600741.SH,0.00456829441120057
2020-07-10,X600741.SH,0.00432483056236956
2020-07-13,X600741.SH,0.0046290188938029
2020-07-14,X600118.SH,0.00393318739052729
2020-07-15,X600741.SH,0.00476056896807743
2020-07-16,X600809.SH,0.00443420442787186
2020-07-17,X300124.SZ,0.00458177584868531
2020-07-20,X600118.SH,0.00512284045676471
2020-07-21,X002223.SZ,0.00474434702151493
2020-07-22,X300124.SZ,0.00424390959840703
2020-07-23,X300124.SZ,0.00440307120964678
2020-07-24,X002223.SZ,0.00541176642153234
2020-07-27,X000800.SZ,0.00521059290824785
2020-07-28,X002049.SZ,0.0046559201629042
2020-07-29,X000800.SZ,0.00516841116613922
2020-07-30,X300124.SZ,0.00454139657621085
2020-07-31,X600118.SH,0.00330667155871854
2020-08-03,X300124.SZ,0.00441827055617669
2020-08-04,X300146.SZ,0.00421725315613983
2020-08-05,X300146.SZ,0.00426632187667212
2020-08-06,X600118.SH,0.00500488146139508
2020-08-07,X600118.SH,0.00505957272030805
2020-08-10,X300136.SZ,0.00474864048087416
2020-08-11,X600118.SH,0.00452946081110426
2020-08-12,X300136.SZ,0.00456727404383967
2020-08-13,X300136.SZ,0.00455330943835579
2020-08-14,X300136.SZ,0.00463998891256433
2020-08-17,X600118.SH,0.00458932826919678
2020-08-18,X600118.SH,0.00519781715637779
2020-08-19,X300136.SZ,0.00545015151795692
2020-08-20,X600118.SH,0.00448690961337692
2020-08-21,X000063.SZ,0.00613379430442551
2020-08-24,X002129.SZ,0.00569683955518214
2020-08-25,X000063.SZ,0.00591854429757735
2020-08-26,X000977.SZ,0.00591675323434447
2020-08-27,X002304.SZ,0.00560027624718302
2020-08-28,X600118.SH,0.00534550061832946
2020-08-31,X600809.SH,0.0055313404373288
2020-09-01,X300146.SZ,0.00438588128064964
2020-09-02,X300146.SZ,0.00440829860440467
2020-09-03,X300146.SZ,0.0043507410819983
2020-09-04,X000800.SZ,0.0043274658490204
2020-09-07,X300146.SZ,0.00494031176589424
2020-09-08,X002179.SZ,0.00426904935747393
2020-09-09,X002179.SZ,0.00452854643863184
2020-09-10,X002007.SZ,0.00632878579976631
2020-09-11,X600276.SH,0.00425435080973597
2020-09-14,X000661.SZ,0.00428911281827398
2020-09-15,X600183.SH,0.00510885293839554
2020-09-16,X000661.SZ,0.00418143286451126
2020-09-17,X600183.SH,0.0046394784263912
2020-09-18,X600183.SH,0.00471700223490865
2020-09-21,X002179.SZ,0.0040218179561864
2020-09-22,X600183.SH,0.0045367456027854
2020-09-23,X000800.SZ,0.00458553285425269
2020-09-24,X600183.SH,0.00464426021528319
2020-09-25,X000800.SZ,0.00496753324834579
2020-09-28,X002414.SZ,0.00480442922138489
2020-09-29,X600118.SH,0.00411806278026728
2020-09-30,X002179.SZ,0.00452034536461579
2020-10-09,X002179.SZ,0.00424208772862314
2020-10-12,X000661.SZ,0.00396989214296555
2020-10-13,X002179.SZ,0.00451454380855515
2020-10-14,X600118.SH,0.00451440863207177
2020-10-15,X600183.SH,0.00443685711163655
2020-10-16,X000625.SZ,0.00438818549130474
2020-10-19,X300142.SZ,0.00430575192796029
2020-10-20,X600118.SH,0.00365024769427292
2020-10-21,X002414.SZ,0.00415358363779449
2020-10-22,X002414.SZ,0.00365570311973517
2020-10-23,X002414.SZ,0.00387559277380997
2020-10-26,X002414.SZ,0.00398611221035192
2020-10-27,X002414.SZ,0.00378809456840302
2020-10-28,X600690.SH,0.00400301783611803
2020-10-29,X300142.SZ,0.00340114801911971
2020-10-30,X000596.SZ,0.00344933928886248
2020-11-02,X000596.SZ,0.00328798640852259
2020-11-03,X000596.SZ,0.00324032566366542
2020-11-04,X600066.SH,0.0044728696050548
2020-11-05,X002049.SZ,0.00424899763886158
2020-11-06,X000596.SZ,0.00443300508945752
2020-11-09,X000596.SZ,0.0040244363204946
2020-11-10,X000596.SZ,0.00377956950547751
2020-11-11,X003816.SZ,0.00449899482396271
2020-11-12,X002049.SZ,0.00371219394434635
2020-11-13,X002049.SZ,0.00427967447197853
2020-11-16,X002049.SZ,0.00411545937273954
2020-11-17,X002049.SZ,0.00361964615670957
2020-11-18,X002049.SZ,0.00363809959225512
2020-11-19,X002049.SZ,0.00396997500856736
2020-11-20,X000625.SZ,0.00363825954437937
2020-11-23,X000596.SZ,0.00425041415621623
2020-11-24,X600690.SH,0.00426854028340651
2020-11-25,X600690.SH,0.00520956366105119
2020-11-26,X000651.SZ,0.0042243257297447
2020-11-27,X600703.SH,0.0051327183782051
2020-11-30,X000625.SZ,0.00380981868326827
2020-12-01,X003816.SZ,0.00380526477465156
2020-12-02,X600690.SH,0.0040946800600005
2020-12-03,X600690.SH,0.0038518308739486
2020-12-04,X003816.SZ,0.0039985552283709
2020-12-07,X002241.SZ,0.00423905141492369
2020-12-08,X000651.SZ,0.0029252606230823
2020-12-09,X002475.SZ,0.00391188702914536
2020-12-10,X002475.SZ,0.00416365964926177
2020-12-11,X000799.SZ,0.00418508179363548
2020-12-14,X300014.SZ,0.00460642707684438
2020-12-15,X002475.SZ,0.00454528262767484
2020-12-16,X002475.SZ,0.0046169303941993
2020-12-17,X000725.SZ,0.00465478415625964
2020-12-18,X600703.SH,0.00444456015425034
2020-12-21,X002508.SZ,0.00486429961917955
2020-12-22,X000725.SZ,0.00399377844731928
2020-12-23,X000725.SZ,0.00348617604700056
2020-12-24,X002508.SZ,0.00366728275383262
2020-12-25,X600183.SH,0.00399526674680675
2020-12-28,X600183.SH,0.00399093254210002
2020-12-29,X002508.SZ,0.00390273979478775
2020-12-30,X002508.SZ,0.00391249796853682
2020-12-31,X600183.SH,0.0042817702326868
2021-01-04,X000547.SZ,0.00497449713350544
2021-01-05,X600703.SH,0.00432388763351192
2021-01-06,X600183.SH,0.00441237213405109
2021-01-07,X000157.SZ,0.00480942478446573
2021-01-08,X600519.SH,0.00445343605514696
2021-01-11,X002007.SZ,0.00446067645234747
2021-01-12,X600183.SH,0.004664898587109
2021-01-13,X600183.SH,0.00443993760477376
2021-01-14,X000338.SZ,0.00479288279995505
2021-01-15,X000568.SZ,0.0054633106250042
2021-01-18,X600183.SH,0.00482806947188807
2021-01-19,X600519.SH,0.00531558493526559
2021-01-20,X000596.SZ,0.00502737523369205
2021-01-21,X600183.SH,0.00418587396730975
2021-01-22,X000651.SZ,0.00502316558340623
2021-01-25,X000157.SZ,0.00413380702607348
2021-01-26,X000157.SZ,0.00422345655321974
2021-01-27,X600183.SH,0.00472954662453008
2021-01-28,X000066.SZ,0.00454581207767877
2021-01-29,X000625.SZ,0.00449181476678229
2021-02-01,X000066.SZ,0.00461162586419974
2021-02-02,X000625.SZ,0.00483494098367753
2021-02-03,X000625.SZ,0.00512567121295162
2021-02-04,X000625.SZ,0.00566849240565883
2021-02-05,X000157.SZ,0.00551302558682084
2021-02-08,X000651.SZ,0.00418079081599922
2021-02-09,X300124.SZ,0.00456783309440221
2021-02-10,X000625.SZ,0.00563880612452579
2021-02-18,X000625.SZ,0.00542276833527939
2021-02-19,X000066.SZ,0.00486017388191235
2021-02-22,X000625.SZ,0.00493665248638291
2021-02-23,X300124.SZ,0.00482952349257099
2021-02-24,X000157.SZ,0.00587692680811064
2021-02-25,X300124.SZ,0.00504514603184062
2021-02-26,X000100.SZ,0.00533059321318373
2021-03-01,X600460.SH,0.0048185216766324
2021-03-02,X300124.SZ,0.00442783998017253
2021-03-03,X300124.SZ,0.0040163300512826
2021-03-04,X000100.SZ,0.0046002869622555
2021-03-05,X600031.SH,0.0047501424694938
2021-03-08,X000066.SZ,0.00468087612432299
2021-03-09,X600741.SH,0.00444949297236651
2021-03-10,X000625.SZ,0.00525854867581127
2021-03-11,X000625.SZ,0.00440776486137882
2021-03-12,X000625.SZ,0.00489388876307133
2021-03-15,X000625.SZ,0.0052602317948939
2021-03-16,X002049.SZ,0.00520449645082337
2021-03-17,X002049.SZ,0.00575864592958175
2021-03-18,X600089.SH,0.00575156642721067
2021-03-19,X600177.SH,0.00648166358182962
2021-03-22,X600707.SH,0.00575292128480055
2021-03-23,X300142.SZ,0.00589173048302375
2021-03-24,X600707.SH,0.00545142040569346
2021-03-25,X000066.SZ,0.00524518810442188
2021-03-26,X300142.SZ,0.00613311596593325
2021-03-29,X300142.SZ,0.00514917916710226
2021-03-30,X000066.SZ,0.00542470174202936
2021-03-31,X600177.SH,0.00504662703897369
2021-04-01,X000338.SZ,0.00473895834536573
2021-04-02,X000338.SZ,0.00509283293422938
2021-04-06,X000338.SZ,0.00485652306790413
2021-04-07,X300014.SZ,0.00535720923466622
2021-04-08,X600707.SH,0.00505599030241727
2021-04-09,X600703.SH,0.00466781081288801
2021-04-12,X002129.SZ,0.00487528546322391
2021-04-13,X000977.SZ,0.00485852238722247
2021-04-14,X003816.SZ,0.00485749398941677
2021-04-15,X000977.SZ,0.00555308439172135
2021-04-16,X000063.SZ,0.00595810910812688
2021-04-19,X000977.SZ,0.00474750117981172
2021-04-20,X600089.SH,0.00423777706780984
2021-04-21,X600104.SH,0.00590151872405356
2021-04-22,X000338.SZ,0.00501848443421054
2021-04-23,X600707.SH,0.00462447129102608
2021-04-26,X600707.SH,0.00503282267227845
2021-04-27,X600707.SH,0.00484260968479709
2021-04-28,X600707.SH,0.00513575280630381
2021-04-29,X600707.SH,0.0046853189607571
2021-04-30,X600707.SH,0.00477305531780053
2021-05-06,X600089.SH,0.00479096255572282
2021-05-07,X002236.SZ,0.00402797112152282
2021-05-10,X000725.SZ,0.00477950910300271
2021-05-11,X600089.SH,0.00505882998415038
2021-05-12,X000800.SZ,0.00519933230143495
2021-05-13,X600707.SH,0.00528211081998477
2021-05-14,X002241.SZ,0.00454487908467113
2021-05-17,X002074.SZ,0.00440746569178993
2021-05-18,X600707.SH,0.00476876069788512
2021-05-19,X300142.SZ,0.00465748048288036
2021-05-20,X300142.SZ,0.00465242931776294
2021-05-21,X600707.SH,0.00458075932714165
2021-05-24,X601799.SH,0.00419540573699744
2021-05-25,X601799.SH,0.00465257418077417
2021-05-26,X300142.SZ,0.00412381479878428
2021-05-27,X002236.SZ,0.00429458274730392
2021-05-28,X000063.SZ,0.00450742747712729
2021-05-31,X300142.SZ,0.00422008169715417
2021-06-01,X600104.SH,0.00396186927725469
2021-06-02,X300142.SZ,0.00414013917627253
2021-06-03,X300142.SZ,0.00367763848116707
2021-06-04,X300142.SZ,0.00340653324533119
2021-06-07,X003816.SZ,0.00457558262819079
2021-06-08,X002241.SZ,0.00481992655416547
2021-06-09,X601799.SH,0.00491497886433627
2021-06-10,X601799.SH,0.00408627924181539
2021-06-11,X000800.SZ,0.00456985077907658
2021-06-15,X002241.SZ,0.00459699000417949
2021-06-16,X600779.SH,0.00364152553909529
2021-06-17,X002129.SZ,0.00448074587737127
2021-06-18,X000800.SZ,0.00455461037852967
2021-06-21,X002049.SZ,0.00368093212448172
2021-06-22,X300014.SZ,0.00391290239893503
2021-06-23,X300014.SZ,0.0037122750135211
2021-06-24,X600276.SH,0.00432463342178757
2021-06-25,X002241.SZ,0.00420477119039908
2021-06-28,X002185.SZ,0.00411322964494083
2021-06-29,X003816.SZ,0.00491981778477782
2021-06-30,X003816.SZ,0.00482344517350826
2021-07-01,X600183.SH,0.00419934219390397
2021-07-02,X002179.SZ,0.00407129974879356
2021-07-05,X002049.SZ,0.00343464282534385
2021-07-06,X600183.SH,0.00449357361077601
2021-07-07,X002241.SZ,0.00379197559271542
2021-07-08,X002236.SZ,0.00393910040907407
2021-07-09,X002236.SZ,0.00375465597505013
2021-07-12,X300014.SZ,0.00426150428363146
2021-07-13,X600089.SH,0.00337158583808512
2021-07-14,X600702.SH,0.00435905921406981
2021-07-15,X300014.SZ,0.00417630894559826
2021-07-16,X300014.SZ,0.00349849396882748
2021-07-19,X601799.SH,0.00511750012537699
2021-07-20,X002236.SZ,0.00441209417030181
2021-07-21,X300142.SZ,0.00478102460757902
2021-07-22,X600702.SH,0.0045259544146806
2021-07-23,X000661.SZ,0.00458126357772341
2021-07-26,X000651.SZ,0.00420106099123701
2021-07-27,X002236.SZ,0.00466615867562109
2021-07-28,X600702.SH,0.00422187832583278
2021-07-29,X002236.SZ,0.00470046540275172
2021-07-30,X000661.SZ,0.00400894083521157
2021-08-02,X002236.SZ,0.00418091008766021
2021-08-03,X002236.SZ,0.0053975378395063
2021-08-04,X300142.SZ,0.00471242165891438
2021-08-05,X300142.SZ,0.0045268673641013
2021-08-06,X000596.SZ,0.00378464806294007
2021-08-09,X000596.SZ,0.00399857999336529
2021-08-10,X000596.SZ,0.00403351496432089
2021-08-11,X300124.SZ,0.00500259979295299
2021-08-12,X000596.SZ,0.00439063473424424
2021-08-13,X000800.SZ,0.00518787066738028
2021-08-16,X600884.SH,0.00484906668314142
2021-08-17,X000800.SZ,0.00474237447948221
2021-08-18,X600460.SH,0.00478706457601819
2021-08-19,X600460.SH,0.00372830472485486
2021-08-20,X600460.SH,0.00403362220803624
2021-08-23,X600460.SH,0.00523914555327658
2021-08-24,X600276.SH,0.00508113265955566
2021-08-25,X600741.SH,0.00476815212951172
2021-08-26,X600460.SH,0.00446984375932748
2021-08-27,X000800.SZ,0.00411427240960613
2021-08-30,X600276.SH,0.00449408232652268
2021-08-31,X300003.SZ,0.00455115106672205
2021-09-01,X600183.SH,0.00514958957145038
2021-09-02,X000800.SZ,0.00407056998415356
2021-09-03,X300142.SZ,0.00372739901317082
2021-09-06,X300142.SZ,0.00355084526948327
2021-09-07,X300142.SZ,0.0046081762994276
2021-09-08,X300142.SZ,0.00459673041079345
2021-09-09,X002236.SZ,0.00445362315195196
2021-09-10,X300142.SZ,0.00415137945128414
2021-09-13,X600183.SH,0.00428727224689871
2021-09-14,X600183.SH,0.00419060683939475
2021-09-15,X600183.SH,0.00401241226304433
2021-09-16,X300142.SZ,0.00500752924215424
2021-09-17,X000063.SZ,0.00514753742904787
2021-09-22,X600183.SH,0.00541055441953811
2021-09-23,X000725.SZ,0.00447189791244801
2021-09-24,X002241.SZ,0.00538164370651203
2021-09-27,X002241.SZ,0.00497955818820549
2021-09-28,X300003.SZ,0.00512975566509557
2021-09-29,X300142.SZ,0.00479317227020695
2021-09-30,X300142.SZ,0.00494655182669565
2021-10-08,X002241.SZ,0.00463878192124616
2021-10-11,X002241.SZ,0.00547142119439328
2021-10-12,X002241.SZ,0.00462997902254324
2021-10-13,X300142.SZ,0.00477492848104778
2021-10-14,X002241.SZ,0.00467595040250168
2021-10-15,X600702.SH,0.00510272489095845
2021-10-18,X000799.SZ,0.00383573723902635
2021-10-19,X000799.SZ,0.00506913534753162
2021-10-20,X002241.SZ,0.00488795489127579
2021-10-21,X000799.SZ,0.00559612399322179
2021-10-22,X000799.SZ,0.00431404890246166
2021-10-25,X002241.SZ,0.00361795704305513
2021-10-26,X002241.SZ,0.00408484907922217
2021-10-27,X002241.SZ,0.00490273125764637
2021-10-28,X002241.SZ,0.00496169709306573
2021-10-29,X002414.SZ,0.00503064583171875
2021-11-01,X000625.SZ,0.00504920589234405
2021-11-02,X601799.SH,0.0048756964837811
2021-11-03,X600741.SH,0.00361325774171848
2021-11-04,X600741.SH,0.00421219138663006
2021-11-05,X003816.SZ,0.00442906527384598
2021-11-08,X002049.SZ,0.00490221604557351
2021-11-09,X002074.SZ,0.0041392154517261
2021-11-10,X002049.SZ,0.00452667501496529
2021-11-11,X003816.SZ,0.00406504391629642
2021-11-12,X601799.SH,0.00484045361393388
2021-11-15,X600183.SH,0.00500762835583481
2021-11-16,X000800.SZ,0.00409526921623173
2021-11-17,X000800.SZ,0.00386261635181878
2021-11-18,X002241.SZ,0.00415989045321714
2021-11-19,X002074.SZ,0.00527143388351854
2021-11-22,X002414.SZ,0.00436295919520823
2021-11-23,X002414.SZ,0.00427499706159362
2021-11-24,X002007.SZ,0.0054105930470275
2021-11-25,X600884.SH,0.00474771199381953
2021-11-26,X002241.SZ,0.00495546718387534
2021-11-29,X600741.SH,0.00459484637137745
2021-11-30,X002241.SZ,0.00470462572196033
2021-12-01,X002241.SZ,0.0047424519461832
2021-12-02,X600522.SH,0.00444346310220035
2021-12-03,X600741.SH,0.00474070074528533
2021-12-06,X600741.SH,0.00466971254233504
2021-12-07,X601877.SH,0.00449253167214312
2021-12-08,X600522.SH,0.00445818359532544
2021-12-09,X600741.SH,0.00395233057238246
2021-12-10,X600741.SH,0.00332907080711505
2021-12-13,X002008.SZ,0.0047882885195101
2021-12-14,X600276.SH,0.00496814535616698
2021-12-15,X002371.SZ,0.00463622346636026
2021-12-16,X002371.SZ,0.0043946316383572
2021-12-17,X600741.SH,0.00458940410587409
2021-12-20,X600276.SH,0.00402700539244494
2021-12-21,X600031.SH,0.00501974617035576
2021-12-22,X300142.SZ,0.00389327510304282
2021-12-23,X300142.SZ,0.00493367027484852
2021-12-24,X600584.SH,0.00388050923229058
2021-12-27,X300124.SZ,0.00433459398589577
2021-12-28,X600741.SH,0.00382164121987011
2021-12-29,X600741.SH,0.00368224753311571
2021-12-30,X600741.SH,0.00437913755792239
2021-12-31,X000799.SZ,0.00419864998409355
2022-01-04,X000799.SZ,0.00468205228335365
2022-01-05,X002007.SZ,0.00401129319807752
2022-01-06,X002049.SZ,0.00386333159585575
2022-01-07,X002049.SZ,0.0042589905439712
2022-01-10,X601877.SH,0.00430161210106209
2022-01-11,X002179.SZ,0.00380683661412287
2022-01-12,X002007.SZ,0.00356439976486715
2022-01-13,X601877.SH,0.00409879816280519
2022-01-14,X002129.SZ,0.00381131807215094
2022-01-17,X002129.SZ,0.00343519848470513
2022-01-18,X600276.SH,0.00338343819125697
2022-01-19,X600276.SH,0.00327449199951543
2022-01-20,X600276.SH,0.00339863374967883
2022-01-21,X002129.SZ,0.00335759852863513
2022-01-24,X002129.SZ,0.00327062143938958
2022-01-25,X002129.SZ,0.00378058021865789
2022-01-26,X002129.SZ,0.00399734668077839
2022-01-27,X002179.SZ,0.00401916917305309
2022-01-28,X002236.SZ,0.00400646350281581
2022-02-07,X002129.SZ,0.00305442208663311
2022-02-08,X002129.SZ,0.00345595309197283
2022-02-09,X002129.SZ,0.00276771434710649
2022-02-10,X002129.SZ,0.0030399625148302
2022-02-11,X002007.SZ,0.00370836337527523
2022-02-14,X002129.SZ,0.00341968795046515
2022-02-15,X002129.SZ,0.00318916079267995
2022-02-16,X601877.SH,0.00310971738859685
2022-02-17,X601877.SH,0.00364209003853328
2022-02-18,X601877.SH,0.00348442099766439
2022-02-21,X002129.SZ,0.00309913240955236
2022-02-22,X002008.SZ,0.00390640824546042
2022-02-23,X600584.SH,0.00419944172529649
2022-02-24,X002415.SZ,0.00378803441500005
2022-02-25,X002007.SZ,0.00374050159963604
2022-02-28,X601877.SH,0.00379217406710718
2022-03-01,X000661.SZ,0.0035510776544395
2022-03-02,X601877.SH,0.00347359341178965
2022-03-03,X600276.SH,0.00344663058340458
2022-03-04,X600276.SH,0.00338714721557945
2022-03-07,X002475.SZ,0.00377474428825294
2022-03-08,X000661.SZ,0.00357932974762535
2022-03-09,X000661.SZ,0.00381429317707432
2022-03-10,X002007.SZ,0.00395648485876053
2022-03-11,X601877.SH,0.00416355572427277
2022-03-14,X601877.SH,0.00464600564607876
2022-03-15,X002179.SZ,0.00357039855616207
2022-03-16,X601877.SH,0.00362499107621043
2022-03-17,X000661.SZ,0.00338433489615566
2022-03-18,X300124.SZ,0.00407023629199712
2022-03-21,X300124.SZ,0.0042456835579742
2022-03-22,X002475.SZ,0.00393832893387215
2022-03-23,X002475.SZ,0.00364450277340732
2022-03-24,X002475.SZ,0.00344493805693104
2022-03-25,X000799.SZ,0.00432794082497797
2022-03-28,X002179.SZ,0.0044728245680084
2022-03-29,X002475.SZ,0.0031732058301367
2022-03-30,X002475.SZ,0.00322942437157283
2022-03-31,X002475.SZ,0.00315676574787734
2022-04-01,X002475.SZ,0.00337989070586766
2022-04-06,X600522.SH,0.00308053935804477
2022-04-07,X002475.SZ,0.00312568054297187
2022-04-08,X600522.SH,0.00311955689779924
2022-04-11,X002475.SZ,0.0027854622399439
2022-04-12,X000733.SZ,0.00366863295897249
2022-04-13,X300142.SZ,0.00365704860811485
2022-04-14,X002475.SZ,0.00385243842996976
2022-04-15,X000733.SZ,0.00370796085928827
2022-04-18,X601877.SH,0.00390151583744695
2022-04-19,X000661.SZ,0.00340561864116748
2022-04-20,X002179.SZ,0.00384052499599895
2022-04-21,X002129.SZ,0.00400869601656702
2022-04-22,X002475.SZ,0.00415940740652682
2022-04-25,X002475.SZ,0.00443906529969691
2022-04-26,X002475.SZ,0.00423384793576885
2022-04-27,X002179.SZ,0.00371779513415377
2022-04-28,X002176.SZ,0.00388793621902074
2022-04-29,X600276.SH,0.00386247306701444
2022-05-05,X002475.SZ,0.00347692207853213
2022-05-06,X002475.SZ,0.00369551896477661
2022-05-09,X002475.SZ,0.00432676802768331
2022-05-10,X002475.SZ,0.00305865064375536
2022-05-11,X002475.SZ,0.00313526560203419
2022-05-12,X002475.SZ,0.00347158327421487
2022-05-13,X600276.SH,0.00393468339081355
2022-05-16,X600276.SH,0.0038995211084364
2022-05-17,X300142.SZ,0.00320267397877003
2022-05-18,X002180.SZ,0.00375831515471769
2022-05-19,X002180.SZ,0.00387603575335419
2022-05-20,X002180.SZ,0.00351342407655807
2022-05-23,X000733.SZ,0.00358749198623448
2022-05-24,X002180.SZ,0.00352171425585057
2022-05-25,X002074.SZ,0.00470569399383826
2022-05-26,X002129.SZ,0.00399522716629502
2022-05-27,X000799.SZ,0.00463699780393134
2022-05-30,X002180.SZ,0.00448607653996864
2022-05-31,X300142.SZ,0.00376583454902895
2022-06-01,X000799.SZ,0.00290877553814637
2022-06-02,X300142.SZ,0.00360394001782315
2022-06-06,X002049.SZ,0.00400467877494421
2022-06-07,X002049.SZ,0.00413011835563628
2022-06-08,X002049.SZ,0.00379094696700123
2022-06-09,X600690.SH,0.00438584274576325
2022-06-10,X002049.SZ,0.00441755094366019
2022-06-13,X002074.SZ,0.00425018085209049
2022-06-14,X002176.SZ,0.00444406149399313
2022-06-15,X300142.SZ,0.00455498528447097
2022-06-16,X300142.SZ,0.00405784622121585
2022-06-17,X300142.SZ,0.00340329222794371
2022-06-20,X300142.SZ,0.00416701334763267
2022-06-21,X300142.SZ,0.00407102546621941
2022-06-22,X000100.SZ,0.00469057834674755
2022-06-23,X000100.SZ,0.00457783835196771
2022-06-24,X600690.SH,0.00470022439503343
2022-06-27,X601877.SH,0.00402007399788809
2022-06-28,X000100.SZ,0.00472872316065603
2022-06-29,X300142.SZ,0.00410333972417113
2022-06-30,X300142.SZ,0.004121145486423
2022-07-01,X300142.SZ,0.00325341710504547
2022-07-04,X002415.SZ,0.00417812771709746
2022-07-05,X300142.SZ,0.00453109044746821
2022-07-06,X300142.SZ,0.00470615458283368
2022-07-07,X601799.SH,0.00422134642900477
2022-07-08,X002241.SZ,0.00506897485438045
2022-07-11,X000625.SZ,0.00481570437731678
2022-07-12,X300142.SZ,0.0040145718739694
2022-07-13,X300142.SZ,0.00402914571651343
2022-07-14,X002241.SZ,0.00374181171001137
2022-07-15,X002241.SZ,0.00377028082674102
2022-07-18,X002241.SZ,0.00380377486701265
2022-07-19,X002241.SZ,0.00401500176869753
2022-07-20,X002241.SZ,0.00353572122146305
2022-07-21,X002241.SZ,0.00359453005283169
2022-07-22,X002176.SZ,0.00413615692803808
2022-07-25,X002176.SZ,0.00372323224168527
2022-07-26,X002176.SZ,0.0035640178461048
2022-07-27,X300142.SZ,0.00425292245589623
2022-07-28,X002176.SZ,0.00450310953640772
2022-07-29,X300142.SZ,0.00480872206000103
2022-08-01,X002176.SZ,0.00391499708624503
2022-08-02,X300142.SZ,0.00416477367948773
2022-08-03,X002176.SZ,0.0036998328959814
2022-08-04,X600563.SH,0.0036286840381709
2022-08-05,X300142.SZ,0.00351805736083924
2022-08-08,X300142.SZ,0.00348937960358707
2022-08-09,X601799.SH,0.00411919275628267
2022-08-10,X600418.SH,0.00412925191698624
2022-08-11,X601799.SH,0.00448185453126186
2022-08-12,X002176.SZ,0.00407987355283843
2022-08-15,X002176.SZ,0.00412177459116237
2022-08-16,X600418.SH,0.00408198237173303
2022-08-17,X600276.SH,0.00424039862140712
2022-08-18,X600418.SH,0.0039323556722206
2022-08-19,X300142.SZ,0.00441000942535559
2022-08-22,X600418.SH,0.00379487816583892
2022-08-23,X600276.SH,0.00359640614877799
2022-08-24,X600276.SH,0.0035925179500448
2022-08-25,X600276.SH,0.00373849487984239
2022-08-26,X600276.SH,0.00271293963655862
2022-08-29,X600276.SH,0.00366442655288341
2022-08-30,X600276.SH,0.00377698715905589
2022-08-31,X600276.SH,0.00381794621286696
2022-09-01,X600031.SH,0.00444021886378513
2022-09-02,X000625.SZ,0.00346294993713975
2022-09-05,X000661.SZ,0.00430439841670026
2022-09-06,X600487.SH,0.00436805855410525
2022-09-07,X000661.SZ,0.00405731657370813
2022-09-08,X600690.SH,0.0039487348484675
2022-09-09,X600563.SH,0.00413443006705204
2022-09-13,X000625.SZ,0.00396622045483283
2022-09-14,X600519.SH,0.00387095366654293
2022-09-15,X600563.SH,0.00333890983084757
2022-09-16,X600563.SH,0.00388324202988623
2022-09-19,X600089.SH,0.00373447589188586
2022-09-20,X000625.SZ,0.0038040062419892
2022-09-21,X600276.SH,0.00393591475052618
2022-09-22,X000625.SZ,0.00403479053453744
2022-09-23,X600276.SH,0.00361574643251982
2022-09-26,X003816.SZ,0.00339909304323268
2022-09-27,X600702.SH,0.00386210485675784
2022-09-28,X600702.SH,0.00381687466758454
2022-09-29,X600702.SH,0.00375298785640976
2022-09-30,X003816.SZ,0.00335449647255361
2022-10-10,X600372.SH,0.00352529676654838
2022-10-11,X600372.SH,0.00365159774407097
2022-10-12,X600702.SH,0.00385093833704881
2022-10-13,X002371.SZ,0.00383011372577361
2022-10-14,X600372.SH,0.00338572494411818
2022-10-17,X600372.SH,0.00345035380173257
2022-10-18,X601799.SH,0.00361338772149309
2022-10-19,X601799.SH,0.00316404151183861
2022-10-20,X002180.SZ,0.0030485542850998
2022-10-21,X002049.SZ,0.00284600345886813
2022-10-24,X600690.SH,0.00289770056537316
2022-10-25,X600690.SH,0.00246789413463773
2022-10-26,X600690.SH,0.00247367143436091
2022-10-27,X600690.SH,0.00322474314719149
2022-10-28,X600563.SH,0.0039312525201488
2022-10-31,X600690.SH,0.00351648624615364
2022-11-01,X002371.SZ,0.00379221567170006
2022-11-02,X002371.SZ,0.00375226050588392
2022-11-03,X002180.SZ,0.00383887040860742
2022-11-04,X600690.SH,0.00295960465439184
2022-11-07,X002371.SZ,0.00361435521148983
2022-11-08,X600690.SH,0.00279074484292723
2022-11-09,X002371.SZ,0.00266655080560711
2022-11-10,X000063.SZ,0.00342401768031956
2022-11-11,X002414.SZ,0.00351862360361675
2022-11-14,X600519.SH,0.00353230962641583
2022-11-15,X600519.SH,0.00339963339749243
2022-11-16,X002223.SZ,0.00334496736377361
2022-11-17,X000725.SZ,0.00313622091792879
2022-11-18,X002223.SZ,0.00386636037609639
2022-11-21,X002371.SZ,0.00392621552002487
2022-11-22,X002371.SZ,0.00370799711298069
2022-11-23,X002414.SZ,0.00334865639022691
2022-11-24,X600104.SH,0.00415747651863922
2022-11-25,X002414.SZ,0.00327144368506934
2022-11-28,X002007.SZ,0.00343386691022578
2022-11-29,X002049.SZ,0.00324835760519339
2022-11-30,X002007.SZ,0.0033051619592144
2022-12-01,X000066.SZ,0.00308472961080582
2022-12-02,X300124.SZ,0.00367085380433923
2022-12-05,X002475.SZ,0.00284975979062794
2022-12-06,X002475.SZ,0.0033126107967649
2022-12-07,X002475.SZ,0.00336792998923713
2022-12-08,X002049.SZ,0.00288929666106168
2022-12-09,X002475.SZ,0.00341120165329554
2022-12-12,X002241.SZ,0.00355459342854512
2022-12-13,X300003.SZ,0.00336525882494063
2022-12-14,X601877.SH,0.00335007588515776
2022-12-15,X002049.SZ,0.00371559072640987
2022-12-16,X600690.SH,0.00382297756805581
2022-12-19,X601799.SH,0.00377950152125344
2022-12-20,X601799.SH,0.00375517003449891
2022-12-21,X002007.SZ,0.00349237750973453
2022-12-22,X601799.SH,0.00353701214014373
2022-12-23,X601799.SH,0.00372663749182043
2022-12-26,X601799.SH,0.00347463864501341
2022-12-27,X601799.SH,0.00342709804604501
2022-12-28,X601799.SH,0.00361581002891713
2022-12-29,X601799.SH,0.00305861425878467
2022-12-30,X601799.SH,0.00282820847457174
2023-01-03,X601799.SH,0.0029645231965496
2023-01-04,X002241.SZ,0.00260779825715333
2023-01-05,X002241.SZ,0.0034132720040231
2023-01-06,X601799.SH,0.0026762329100435
2023-01-09,X601799.SH,0.00312134945180478
2023-01-10,X601799.SH,0.00292640585375694
2023-01-11,X601799.SH,0.00298078220191181
2023-01-12,X002294.SZ,0.0032506917650328
2023-01-13,X300003.SZ,0.0032066011224803
2023-01-16,X300003.SZ,0.00359490298240608
2023-01-17,X300142.SZ,0.00302712630015335
2023-01-18,X002241.SZ,0.00330321107518935
2023-01-19,X300142.SZ,0.00310885217350915
2023-01-20,X300142.SZ,0.00334403726918076
2023-01-30,X300142.SZ,0.00295019083702489
2023-01-31,X300142.SZ,0.00373098487868646
2023-02-01,X300142.SZ,0.00334946878581624
2023-02-02,X600741.SH,0.00286642055497059
2023-02-03,X002241.SZ,0.00231157839800195
2023-02-06,X002241.SZ,0.00267897258493663
2023-02-07,X000066.SZ,0.00331255264548041
2023-02-08,X600741.SH,0.00317304846523975
2023-02-09,X600741.SH,0.00252248602543795
2023-02-10,X002241.SZ,0.0025188212500089
2023-02-13,X300142.SZ,0.00271915121974943
2023-02-14,X002241.SZ,0.00272898212237781
2023-02-15,X600741.SH,0.0031233909031134
2023-02-16,X600779.SH,0.00277054473314179
2023-02-17,X300142.SZ,0.00242597249851577
2023-02-20,X300142.SZ,0.00258629355502897
2023-02-21,X600741.SH,0.00320437756485542
2023-02-22,X300003.SZ,0.00278353323517494
2023-02-23,X600276.SH,0.00299986635707941
2023-02-24,X300142.SZ,0.00269324027884837
2023-02-27,X600741.SH,0.00326749298491974
2023-02-28,X600741.SH,0.00283293814149314
2023-03-01,X600703.SH,0.00318627612850517
2023-03-02,X300014.SZ,0.00309089711832506
2023-03-03,X300003.SZ,0.00276318649321038
2023-03-06,X000800.SZ,0.00269436795864173
2023-03-07,X002180.SZ,0.00269519544540777
2023-03-08,X600276.SH,0.00244718607761404
2023-03-09,X300142.SZ,0.00279811261612044
2023-03-10,X300124.SZ,0.00284887617334813
2023-03-13,X600276.SH,0.00274993249840701
2023-03-14,X600702.SH,0.00297079470661511
2023-03-15,X600741.SH,0.00228260401855288
2023-03-16,X600741.SH,0.00271326589242405
2023-03-17,X002294.SZ,0.00324259802663201
2023-03-20,X300142.SZ,0.00318293655162392
2023-03-21,X600460.SH,0.00310931334176569
2023-03-22,X000568.SZ,0.00304539702321046
2023-03-23,X600703.SH,0.00274199147145516
2023-03-24,X600522.SH,0.00297497804791913
2023-03-27,X000568.SZ,0.00247065148093203
2023-03-28,X000568.SZ,0.00246269049019437
2023-03-29,X000568.SZ,0.00298689391334622
2023-03-30,X000568.SZ,0.00345405823571713
2023-03-31,X002074.SZ,0.00275146499181135
2023-04-03,X000568.SZ,0.00322354407493352
2023-04-04,X002074.SZ,0.00281963675355345
2023-04-06,X002304.SZ,0.00272979005423402
2023-04-07,X000568.SZ,0.00334375547959228
2023-04-10,X600741.SH,0.00323131285627053
2023-04-11,X600741.SH,0.00336661911353019
2023-04-12,X002304.SZ,0.00307789703349941
2023-04-13,X002007.SZ,0.00331027080819329
2023-04-14,X002304.SZ,0.00291032226891392
2023-04-17,X002180.SZ,0.00278060972637286
2023-04-18,X000066.SZ,0.00286335625898976
2023-04-19,X002180.SZ,0.0027144523733198
2023-04-20,X002463.SZ,0.00301690671647825
2023-04-21,X002180.SZ,0.0029615166540188
2023-04-24,X600741.SH,0.00301470359710573
2023-04-25,X300142.SZ,0.00327918717973286
2023-04-26,X002463.SZ,0.00311819586376167
2023-04-27,X002241.SZ,0.00350147935751831
2023-04-28,X002007.SZ,0.00318644100276184
2023-05-04,X002241.SZ,0.0030825942006114
2023-05-05,X002241.SZ,0.00284156197193734
2023-05-08,X002463.SZ,0.00311037417874432
2023-05-09,X000661.SZ,0.00315203819808371
2023-05-10,X600584.SH,0.00346508346332887
2023-05-11,X000977.SZ,0.0035258728817332
2023-05-12,X002241.SZ,0.00351792315301864
2023-05-15,X003816.SZ,0.00303183939186672
2023-05-16,X002007.SZ,0.00299176313315169
2023-05-17,X002007.SZ,0.003354404851058
2023-05-18,X600519.SH,0.00312907101397756
2023-05-19,X600104.SH,0.00311845991267937
2023-05-22,X000977.SZ,0.00305598574578829
2023-05-23,X002007.SZ,0.00278743693293936
2023-05-24,X002007.SZ,0.00290813504181763
2023-05-25,X300124.SZ,0.00342201825114952
2023-05-26,X600104.SH,0.00290185175263791
2023-05-29,X000977.SZ,0.00261939548000414
2023-05-30,X000977.SZ,0.00310178399002318
2023-05-31,X000066.SZ,0.00277603002010089
2023-06-01,X000066.SZ,0.00253695765539515
2023-06-02,X000066.SZ,0.00242318795862619
2023-06-05,X600104.SH,0.00302200483307117
2023-06-06,X600104.SH,0.00300060067858789
2023-06-07,X600104.SH,0.00277523259464369
2023-06-08,X000066.SZ,0.00285926984528231
2023-06-09,X000066.SZ,0.00341605218920622
2023-06-12,X300124.SZ,0.00312617651548535
2023-06-13,X600522.SH,0.00319518635594342
2023-06-14,X600522.SH,0.00315373940430658
2023-06-15,X000066.SZ,0.00243111013711534
2023-06-16,X000066.SZ,0.00275774513655114
2023-06-19,X002475.SZ,0.00300904263582706
2023-06-20,X002415.SZ,0.0032907879507879
2023-06-21,X300124.SZ,0.00365421258508407
2023-06-26,X003816.SZ,0.00336422993397771
2023-06-27,X600703.SH,0.00321320437367929
2023-06-28,X300124.SZ,0.00333486132747551
2023-06-29,X600522.SH,0.00340881410445371
2023-06-30,X000157.SZ,0.00341802483510177
2023-07-03,X600584.SH,0.00362241026905767
2023-07-04,X002475.SZ,0.00257936202928368
2023-07-05,X600703.SH,0.00324310590613986
2023-07-06,X002475.SZ,0.0029944321231026
2023-07-07,X002475.SZ,0.00361464881477281
2023-07-10,X000977.SZ,0.00323430414287367
2023-07-11,X000977.SZ,0.00345198490339576
2023-07-12,X002236.SZ,0.00389958273811906
2023-07-13,X600522.SH,0.00311855990874991
2023-07-14,X600584.SH,0.00289890577612722
2023-07-17,X600703.SH,0.00277162878131597
2023-07-18,X600584.SH,0.00298133189207287
2023-07-19,X600584.SH,0.0028428852466191
2023-07-20,X600584.SH,0.00285012411303581
2023-07-21,X002028.SZ,0.00280871400214938
2023-07-24,X600584.SH,0.00277497203040532
2023-07-25,X600703.SH,0.00291444292289104
2023-07-26,X600703.SH,0.00255822790467195
2023-07-27,X002475.SZ,0.00266590498039597
2023-07-28,X600584.SH,0.00234999590932803
2023-07-31,X600703.SH,0.00283898952448601
2023-08-01,X002236.SZ,0.00327476819323437
2023-08-02,X002236.SZ,0.00247045372009352
2023-08-03,X600703.SH,0.00226069407902861
2023-08-04,X600703.SH,0.00187761279323449
2023-08-07,X000100.SZ,0.0027120004197398
2023-08-08,X600703.SH,0.00220223582788003
2023-08-09,X002236.SZ,0.00260584714195234
2023-08-10,X000661.SZ,0.00280510842306236
2023-08-11,X002371.SZ,0.00270476615423169
2023-08-14,X000066.SZ,0.00286980027327353
2023-08-15,X000066.SZ,0.00269136820942914
2023-08-16,X601799.SH,0.00256345423121768
2023-08-17,X002049.SZ,0.0025228278480854
2023-08-18,X000066.SZ,0.00281776252814791
2023-08-21,X000066.SZ,0.0025273119124892
2023-08-22,X000066.SZ,0.00189242662909664
2023-08-23,X000066.SZ,0.00210753751622673
2023-08-24,X002236.SZ,0.00274256207857627
2023-08-25,X002236.SZ,0.00206992213296841
2023-08-28,X300124.SZ,0.00231124699841492
2023-08-29,X600584.SH,0.00299499134357622
2023-08-30,X600519.SH,0.00272676588846225
2023-08-31,X600519.SH,0.00292743855613792
2023-09-01,X002463.SZ,0.00269068631018818
2023-09-04,X000063.SZ,0.00284447505919171
2023-09-05,X600809.SH,0.00310495565978039
2023-09-06,X002179.SZ,0.00246810538901514
2023-09-07,X002179.SZ,0.00286714427301322
2023-09-08,X003816.SZ,0.00296245825308709
2023-09-11,X003816.SZ,0.00252918633365491
2023-09-12,X002179.SZ,0.00227812041250904
2023-09-13,X002179.SZ,0.00254567858700902
2023-09-14,X601877.SH,0.00278971648054895
2023-09-15,X003816.SZ,0.00267241146375593
2023-09-18,X002463.SZ,0.00239902511941044
2023-09-19,X002475.SZ,0.00231877546458406
2023-09-20,X600372.SH,0.00242973366611655
2023-09-21,X000661.SZ,0.00269897398776147
2023-09-22,X000066.SZ,0.00246467431355223
2023-09-25,X002475.SZ,0.00254271221165682
2023-09-26,X600089.SH,0.00248442535084758
2023-09-27,X600703.SH,0.00221000834131936
2023-09-28,X002179.SZ,0.00194149877305215
2023-10-09,X002179.SZ,0.00218302405006671
2023-10-10,X000733.SZ,0.00207584634297376
2023-10-11,X003816.SZ,0.0024497746898648
2023-10-12,X000733.SZ,0.00216211758076269
2023-10-13,X300003.SZ,0.00236584089038408
2023-10-16,X000733.SZ,0.00196631760595168
2023-10-17,X002007.SZ,0.00249798805714767
2023-10-18,X600089.SH,0.00220385749284444
2023-10-19,X600809.SH,0.0027280857152365
2023-10-20,X000625.SZ,0.00267368601959979
2023-10-23,X002475.SZ,0.00251110549941706
2023-10-24,X002475.SZ,0.0026470169133762
2023-10-25,X000661.SZ,0.00260963044672176
2023-10-26,X002007.SZ,0.00253430446514047
2023-10-27,X002007.SZ,0.00279731108479117
2023-10-30,X000063.SZ,0.00254289037032325
2023-10-31,X000063.SZ,0.00267138582676606
2023-11-01,X002007.SZ,0.00278256894478334
2023-11-02,X000568.SZ,0.00265443768056031
2023-11-03,X002463.SZ,0.00296902693635934
2023-11-06,X600031.SH,0.00259766105852937
2023-11-07,X002179.SZ,0.00229964820780345
2023-11-08,X000568.SZ,0.00252021734331052
2023-11-09,X000568.SZ,0.0027417518506773
2023-11-10,X000661.SZ,0.00256573943187089
2023-11-13,X002007.SZ,0.00270842775153807
2023-11-14,X000568.SZ,0.0027873291326413
2023-11-15,X300142.SZ,0.00255001974719063
2023-11-16,X002007.SZ,0.00272492992947143
2023-11-17,X002007.SZ,0.00276276503707821
2023-11-20,X002179.SZ,0.00234800651229655
2023-11-21,X000157.SZ,0.00259214238569085
2023-11-22,X000596.SZ,0.00265616365949734
2023-11-23,X002179.SZ,0.00222902131496711
2023-11-24,X600522.SH,0.00327966306530237
2023-11-27,X000157.SZ,0.00321339910335929
2023-11-28,X000066.SZ,0.00245878469348732
2023-11-29,X002007.SZ,0.00260345116632334
2023-11-30,X002179.SZ,0.00298271573033001
2023-12-01,X002007.SZ,0.00268839766946737
2023-12-04,X000066.SZ,0.0023757855186863
2023-12-05,X002179.SZ,0.002567887246972
2023-12-06,X002236.SZ,0.00272310050658961
2023-12-07,X002236.SZ,0.00236410716616755
2023-12-08,X000661.SZ,0.00195443555854469
2023-12-11,X002236.SZ,0.00249003246590583
2023-12-12,X002236.SZ,0.00199172832410881
2023-12-13,X000661.SZ,0.00236541851268454
2023-12-14,X600418.SH,0.00237215737518295
2023-12-15,X002415.SZ,0.00231648294432972
2023-12-18,X002415.SZ,0.00229636865768333
2023-12-19,X003816.SZ,0.00245114585729994
2023-12-20,X600183.SH,0.0026852298140114
2023-12-21,X002415.SZ,0.00272335731605158
2023-12-22,X002415.SZ,0.00265101567998797
2023-12-25,X002156.SZ,0.00228369842662985
2023-12-26,X000651.SZ,0.00285280264829817
2023-12-27,X002156.SZ,0.00251455673743925
2023-12-28,X300142.SZ,0.0027024172479885
2023-12-29,X002028.SZ,0.00259114741733284
2024-01-02,X002028.SZ,0.00245780708481709
2024-01-03,X002156.SZ,0.00273443991655214
2024-01-04,X002156.SZ,0.00257282684348242
2024-01-05,X002028.SZ,0.00259709936286653
2024-01-08,X002236.SZ,0.00268955544286211
2024-01-09,X000725.SZ,0.00222856593320874
2024-01-10,X000725.SZ,0.00228373502546184
2024-01-11,X000725.SZ,0.00267902036509912
2024-01-12,X002028.SZ,0.00238476127126871
2024-01-15,X002028.SZ,0.0025776676049094
2024-01-16,X002028.SZ,0.00224916289654154
2024-01-17,X002028.SZ,0.00281726103428821
2024-01-18,X002294.SZ,0.00285922341545113
2024-01-19,X002463.SZ,0.00278839972474795
2024-01-22,X002463.SZ,0.00278341630418495
2024-01-23,X000725.SZ,0.00245679336437177
2024-01-24,X600276.SH,0.00267622146083538
2024-01-25,X000725.SZ,0.00256896868663709
2024-01-26,X000725.SZ,0.00250522259348622
2024-01-29,X600809.SH,0.00260038695961816
2024-01-30,X002371.SZ,0.00235715255836547
2024-01-31,X002028.SZ,0.00233141622442554
2024-02-01,X002074.SZ,0.00225993983759613
2024-02-02,X002236.SZ,0.00242350314443053
2024-02-05,X002028.SZ,0.00269512814959341
2024-02-06,X000338.SZ,0.00291328189855605
2024-02-07,X002028.SZ,0.00286602118731352
2024-02-08,X000338.SZ,0.00322583381079273
2024-02-19,X002028.SZ,0.00291370780907025
2024-02-20,X003816.SZ,0.00275857009438495
2024-02-21,X002007.SZ,0.00290647127019599
2024-02-22,X002028.SZ,0.0028134416184626
2024-02-23,X003816.SZ,0.00290438379395602
2024-02-26,X003816.SZ,0.00330651835859409
2024-02-27,X002007.SZ,0.00340284253276801
2024-02-28,X600104.SH,0.00319161612608325
2024-02-29,X600183.SH,0.00326135820570633
2024-03-01,X002180.SZ,0.00290443223908557
2024-03-04,X000100.SZ,0.00334343985870054
2024-03-05,X601799.SH,0.00340469772136229
2024-03-06,X000800.SZ,0.00308352598051558
2024-03-07,X002371.SZ,0.0028329926504206
2024-03-08,X002156.SZ,0.00291352050610777
2024-03-11,X300124.SZ,0.00274380257557335
2024-03-12,X003816.SZ,0.00319927658206301
2024-03-13,X002028.SZ,0.00311800847371985
2024-03-14,X600522.SH,0.00290264178734821
2024-03-15,X000651.SZ,0.00321953482553384
2024-03-18,X002180.SZ,0.00260548543885134
2024-03-19,X000651.SZ,0.00287694756455075
2024-03-20,X300124.SZ,0.00296069200941856
2024-03-21,X300124.SZ,0.0030682398704935
2024-03-22,X600690.SH,0.00272862085024861
2024-03-25,X600690.SH,0.0032719728386918
2024-03-26,X600690.SH,0.00310538491387868
2024-03-27,X002028.SZ,0.00264272082264082
2024-03-28,X600690.SH,0.00292996736617224
2024-03-29,X601799.SH,0.0030385962202526
2024-04-01,X300124.SZ,0.00284628077760592
2024-04-02,X600690.SH,0.00320908778872425
2024-04-03,X000338.SZ,0.00332461369871737
2024-04-08,X002236.SZ,0.00318487563052105
2024-04-09,X002236.SZ,0.00340445691818366
2024-04-10,X601799.SH,0.00343547920549715
2024-04-11,X601799.SH,0.00264385225796752
2024-04-12,X601799.SH,0.00282438637259793
2024-04-15,X600522.SH,0.00268403680443988
2024-04-16,X601799.SH,0.00270356504684256
2024-04-17,X000338.SZ,0.00286154618484835
2024-04-18,X000338.SZ,0.00280980371315469
2024-04-19,X000338.SZ,0.00322033955726396
2024-04-22,X601799.SH,0.00338382486703991
2024-04-23,X600060.SH,0.00307791994895875
2024-04-24,X000568.SZ,0.00347654445551717
2024-04-25,X600183.SH,0.00326909442165611
2024-04-26,X000338.SZ,0.00289562675753419
2024-04-29,X600183.SH,0.00345920192816046
2024-04-30,X601799.SH,0.00303930829592773
2024-05-06,X000568.SZ,0.00349585443882083
2024-05-07,X003816.SZ,0.0034556874894198
2024-05-08,X003816.SZ,0.00307816271003086
2024-05-09,X000568.SZ,0.00304267907874986
2024-05-10,X300124.SZ,0.00226321898715503
2024-05-13,X003816.SZ,0.002990237207501
2024-05-14,X003816.SZ,0.00304330497267123
2024-05-15,X002415.SZ,0.00330286804505928
2024-05-16,X601799.SH,0.00298374866245941
2024-05-17,X000977.SZ,0.00303805758989967
2024-05-20,X002085.SZ,0.00252568528552964
2024-05-21,X000661.SZ,0.00327720661184209
2024-05-22,X002085.SZ,0.00302601535133449
2024-05-23,X002085.SZ,0.00339080119347893
2024-05-24,X003816.SZ,0.0032525789354297
2024-05-27,X002223.SZ,0.00317269766074524
2024-05-28,X600276.SH,0.00302911899382407
2024-05-29,X002371.SZ,0.00306728656223058
2024-05-30,X000921.SZ,0.00300325768717496
2024-05-31,X000625.SZ,0.00267401411152162
2024-06-03,X600060.SH,0.0030672838161919
2024-06-04,X002236.SZ,0.00370795671309845
2024-06-05,X002236.SZ,0.00322188869294908
2024-06-06,X002236.SZ,0.00326407333334911
2024-06-07,X000661.SZ,0.0035002993806174
2024-06-11,X002371.SZ,0.00317255465916068
2024-06-12,X002371.SZ,0.00330849512274137
2024-06-13,X002156.SZ,0.00288836590160209
2024-06-14,X002156.SZ,0.00279459520891578
2024-06-17,X002241.SZ,0.00303339396093575
2024-06-18,X002304.SZ,0.00295111853397365
2024-06-19,X000661.SZ,0.00326996391086878
2024-06-20,X002223.SZ,0.00301874696567512
2024-06-21,X600066.SH,0.00300385383800411
2024-06-24,X003816.SZ,0.00312771894721893
2024-06-25,X600066.SH,0.00322789789497977
2024-06-26,X600060.SH,0.00284579128443892
2024-06-27,X600060.SH,0.00314285333498829
2024-06-28,X600276.SH,0.00294183197965738
2024-07-01,X600276.SH,0.00274033387383226
2024-07-02,X600276.SH,0.00273008537187896
2024-07-03,X002028.SZ,0.0030072490493642
2024-07-04,X600066.SH,0.00276516585736568
2024-07-05,X600066.SH,0.00294527552783282
2024-07-08,X000596.SZ,0.00297195976494232
2024-07-09,X600183.SH,0.00334402840012004
2024-07-10,X600276.SH,0.00329937496391033
2024-07-11,X600066.SH,0.00318197778150182
2024-07-12,X600066.SH,0.00312895305404686
2024-07-15,X600031.SH,0.00293522616145814
2024-07-16,X000725.SZ,0.00290203114742717
2024-07-17,X000977.SZ,0.00266711449533804
2024-07-18,X000977.SZ,0.00324975630159647
2024-07-19,X000725.SZ,0.00292809626301892
2024-07-22,X600031.SH,0.00255514656349128
2024-07-23,X600031.SH,0.00246650843473086
2024-07-24,X600031.SH,0.00298154272880663
2024-07-25,X600031.SH,0.00295544344331395
2024-07-26,X000596.SZ,0.0028429418053022
2024-07-29,X600584.SH,0.00324078621557811
2024-07-30,X600418.SH,0.00265310949375483
2024-07-31,X600031.SH,0.00296156380651646
2024-08-01,X600031.SH,0.00236879877583385
2024-08-02,X000661.SZ,0.00271440733137486
2024-08-05,X600031.SH,0.00256383284257896
2024-08-06,X600031.SH,0.00232798563681574
2024-08-07,X600031.SH,0.00315097103133433
2024-08-08,X600031.SH,0.0029878312836278
2024-08-09,X600031.SH,0.00284925532482754
2024-08-12,X600031.SH,0.00312284190442708
2024-08-13,X000725.SZ,0.00263600262370415
2024-08-14,X600104.SH,0.00217579867965426
2024-08-15,X600031.SH,0.00255765830765961
2024-08-16,X600104.SH,0.00243350396086384
2024-08-19,X600183.SH,0.00267804103744088
2024-08-20,X000725.SZ,0.00267534716054595
2024-08-21,X600183.SH,0.00286471868937651
2024-08-22,X600031.SH,0.00305354117977772
2024-08-23,X600104.SH,0.00290420142847991
2024-08-26,X002371.SZ,0.00306419134368471
2024-08-27,X601799.SH,0.00324858002546658
2024-08-28,X601799.SH,0.00334860787053392
2024-08-29,X000725.SZ,0.00265912761485034
2024-08-30,X600031.SH,0.00248276289591936
2024-09-02,X600031.SH,0.00268526911623869
2024-09-03,X000625.SZ,0.00315490007382152
2024-09-04,X000625.SZ,0.00348824545658696
2024-09-05,X600183.SH,0.00311839779111326
2024-09-06,X600741.SH,0.00271429295748044
2024-09-09,X600741.SH,0.00276444184624216
2024-09-10,X601799.SH,0.00345336895034897
2024-09-11,X000100.SZ,0.00305339654808963
2024-09-12,X000725.SZ,0.00250550581928152
2024-09-13,X000725.SZ,0.00308864700417988
2024-09-18,X002463.SZ,0.00276126298637721
2024-09-19,X000921.SZ,0.0029346216077304
2024-09-20,X002180.SZ,0.00315153855715187
2024-09-23,X002463.SZ,0.00277837089688585
2024-09-24,X002463.SZ,0.00291544532881794
2024-09-25,X600809.SH,0.00309196495208506
2024-09-26,X600418.SH,0.00286071220170505
2024-09-27,X000625.SZ,0.00260670770966536
2024-09-30,X002223.SZ,0.003342893291028
2024-10-08,X600066.SH,0.00241486523493367
2024-10-09,X601799.SH,0.00317472733013837
2024-10-10,X600066.SH,0.00317625584668089
2024-10-11,X600276.SH,0.0027772810180401
2024-10-14,X600372.SH,0.00322598580189942
2024-10-15,X600372.SH,0.00330244380578631
2024-10-16,X600809.SH,0.00314931747905509
2024-10-17,X002475.SZ,0.00290527566856779
2024-10-18,X600372.SH,0.003239544968804
2024-10-21,X600372.SH,0.0030508925895675
2024-10-22,X600418.SH,0.00324331029721527
2024-10-23,X600372.SH,0.00378213641911093
2024-10-24,X600372.SH,0.00372473732887943
2024-10-25,X600418.SH,0.00366108702795724
2024-10-28,X600066.SH,0.00388777960685608
2024-10-29,X600418.SH,0.00336634296026702
2024-10-30,X600276.SH,0.00324511524199723
2024-10-31,X600418.SH,0.00356332315760785
2024-11-01,X600839.SH,0.00335464724447349
2024-11-04,X000661.SZ,0.00363804053114114
2024-11-05,X600418.SH,0.00399058722014568
2024-11-06,X000725.SZ,0.00417901920953474
2024-11-07,X600418.SH,0.00399854716899132
2024-11-08,X002085.SZ,0.0042738100581767
2024-11-11,X000661.SZ,0.00388102370039316
2024-11-12,X000651.SZ,0.00382407457153809
2024-11-13,X002074.SZ,0.00403140983610361
2024-11-14,X002074.SZ,0.00452707362900928
2024-11-15,X000661.SZ,0.00378422477644075
2024-11-18,X002179.SZ,0.00349796992102898
2024-11-19,X002179.SZ,0.00353974897286924
2024-11-20,X002179.SZ,0.00388686805741297
2024-11-21,X002179.SZ,0.00396577912625583
2024-11-22,X002179.SZ,0.00346359681049585
2024-11-25,X002179.SZ,0.00373832549816599
2024-11-26,X002475.SZ,0.00441313410523174
2024-11-27,X600089.SH,0.00407686607689694
2024-11-28,X600104.SH,0.00291555199227079
2024-11-29,X600104.SH,0.00358669885503133
2024-12-02,X600104.SH,0.00352394849370944
2024-12-03,X600104.SH,0.00365486111837694
2024-12-04,X600104.SH,0.00362913626352596
2024-12-05,X600104.SH,0.00479480409586561
2024-12-06,X002156.SZ,0.00475684325372706
2024-12-09,X002028.SZ,0.00515819472756163
2024-12-10,X002028.SZ,0.00508784963619531
2024-12-11,X600104.SH,0.00383929655094218
2024-12-12,X600104.SH,0.00392386728827382
2024-12-13,X600839.SH,0.00403985842124639
2024-12-16,X000977.SZ,0.00412914643385562
2024-12-17,X000977.SZ,0.00399505392288238
2024-12-18,X000977.SZ,0.00353970265865371
2024-12-19,X002179.SZ,0.00482117753129738
2024-12-20,X300124.SZ,0.00394975398247176
2024-12-23,X600276.SH,0.00496133708996766
2024-12-24,X600418.SH,0.00431998310656495
2024-12-25,X600418.SH,0.00348635066230194
2024-12-26,X002456.SZ,0.00414295930801303
2024-12-27,X600104.SH,0.00513683570851079
2024-12-30,X600104.SH,0.00454932736924848
2024-12-31,X600418.SH,0.0041547110723167
2025-01-02,X600418.SH,0.00400065444527015
2025-01-03,X600418.SH,0.00455574630433646
2025-01-06,X600839.SH,0.0040518601622408
2025-01-07,X600418.SH,0.0045135339690399
2025-01-08,X600418.SH,0.00447079773952624
2025-01-09,X600418.SH,0.00452581294211102
2025-01-10,X600418.SH,0.00430500455066179
2025-01-13,X600276.SH,0.00378888526951659
2025-01-14,X600839.SH,0.00424275829990822
2025-01-15,X600460.SH,0.00490589626377073
2025-01-16,X600522.SH,0.00486055518414573
2025-01-17,X600839.SH,0.00461019122750385
2025-01-20,X600089.SH,0.00407161306123032
2025-01-21,X002281.SZ,0.00366923452578363
2025-01-22,X002281.SZ,0.0038453383206021
2025-01-23,X600487.SH,0.00382830239253922
2025-01-24,X600487.SH,0.00400478560738495
2025-01-27,X002028.SZ,0.00370133327039535
